FIPS,"2,4-D","2,4-DB",ACETOCHLOR,ALACHLOR,ATRAZINE,BENTAZONE,BIFENTHRIN,BROMOXYNIL,CARBARYL,CARBOFURAN,CHLOROTHALONIL,CHLORPYRIFOS,CLETHODIM,CLOPYRALID,CYFLUTHRIN,CYHALOTHRIN-LAMBDA,DICAMBA,DIMETHENAMID,DIMETHOATE,ESFENVALERATE,ETHALFLURALIN,GLYPHOSATE,IMAZETHAPYR,MALATHION,METOLACHLOR-S,METRIBUZIN,NICOSULFURON,PARAQUAT,PENDIMETHALIN,PERMETHRIN,PICLORAM,PROPICONAZOLE,RIMSULFURON,SETHOXYDIM,TERBUFOS,THIFENSULFURON,TRICLOPYR,TRIFLURALIN,ZETA-CYPERMETHRIN
01001,370.4,678.7,97.1,239.3,563.2,36.6,5.0,28.4,961.6,61.4,1584.2,889.6,7.6,3.8,0.8,39.8,163.1,36.4,65.0,47.5,103.4,7710.5,2.8,338.8,857.7,11.3,1.1,711.3,963.2,38.2,25.0,23.4,0.3,86.7,188.1,0.8,84.3,363.8,38.1
01003,1901.3,4534.1,231.2,928.5,6041.8,143.9,33.0,251.0,578.2,303.8,1973.2,6700.3,40.0,8.9,11.0,46.7,430.0,,550.6,185.3,2120.1,16745.4,25.6,915.9,3241.3,1209.5,4.4,847.0,2796.7,119.3,32.8,198.6,0.5,158.4,1136.6,16.8,1801.3,1613.2,168.0
01005,671.4,1483.8,113.4,150.8,833.9,107.9,6.9,38.9,192.8,113.1,15540.3,222.5,15.7,4.4,1.8,20.9,95.3,107.2,73.8,19.0,1901.7,5199.1,2.6,194.6,796.5,59.6,0.3,346.1,2292.3,15.3,32.7,508.4,0.2,21.2,485.0,0.7,536.3,1489.8,11.0
01007,508.9,218.9,9.6,35.5,378.8,,,,13.8,8.2,12.3,40.9,,0.3,,0.1,75.3,3.0,1.5,0.3,0.4,269.3,0.4,2.4,27.0,0.9,0.1,93.8,7.0,1.4,20.8,1.1,0.1,0.3,2.3,,85.9,0.3,0.2
01009,7141.7,230.0,84.3,207.6,743.0,92.1,,12.1,151.6,172.4,2072.1,485.7,0.6,2.2,1.4,29.3,188.1,26.7,30.2,15.0,77.8,3388.9,6.6,23.7,374.7,58.8,0.8,272.4,278.5,85.2,1030.9,32.5,0.2,26.1,24.0,0.3,83.1,185.7,7.1
01011,123.8,801.8,27.0,91.7,169.1,11.1,1.4,4.0,218.2,6.5,540.4,314.2,1.7,1.0,0.1,5.6,244.5,10.1,76.8,4.8,6.7,1818.9,1.5,31.3,191.8,7.5,0.3,408.6,201.6,4.0,47.5,28.0,0.1,4.7,38.9,0.1,282.8,96.6,11.9
01013,405.5,462.0,87.5,132.3,1922.8,18.3,11.6,15.7,169.3,45.5,210.7,690.3,5.1,3.4,2.0,8.3,293.3,,27.7,11.8,296.9,2844.7,2.4,226.4,308.7,23.2,1.7,156.7,490.3,8.8,24.7,10.7,0.2,7.8,378.8,0.4,137.3,207.9,23.2
01015,4194.4,103.1,66.5,173.9,590.5,117.2,,12.0,21.8,21.2,44.2,97.7,1.1,1.7,1.3,32.5,83.6,21.1,19.2,1.7,2.6,3157.3,7.7,3.8,372.7,20.9,0.7,193.2,242.7,7.5,447.3,3.2,0.2,7.2,18.9,0.6,36.1,164.0,7.0
01017,1246.9,502.0,9.0,33.3,355.8,,,,25.9,19.3,22.8,45.3,,0.2,,4.2,172.0,2.8,2.0,0.5,2.0,637.9,0.4,5.4,25.8,0.7,0.1,188.3,8.7,2.7,47.4,2.7,0.1,1.7,2.1,0.4,191.7,1.8,0.4
01019,4614.1,98.6,151.0,442.3,1450.5,322.5,,85.5,11.2,35.0,106.5,362.8,2.9,3.9,7.7,173.1,81.4,47.8,128.0,10.2,3.0,16994.1,19.3,4.7,1850.6,47.1,1.5,477.0,1442.7,11.2,403.9,3.2,0.4,14.2,42.9,0.9,32.6,445.2,46.7
01021,1473.0,532.2,50.9,223.4,2057.3,10.4,,4.0,470.2,188.4,1260.0,918.7,0.7,1.3,0.4,17.6,183.7,16.1,8.0,47.6,66.8,4236.6,6.3,365.3,422.3,18.8,0.3,1217.1,230.7,500.2,49.8,213.9,0.3,57.7,12.2,0.4,197.1,442.3,5.5
01023,155.3,162.9,9.8,14.9,245.7,2.9,1.6,3.3,112.9,12.6,146.8,44.2,0.5,0.4,0.5,2.1,146.5,,5.3,7.7,6.8,716.1,,68.3,57.5,0.9,0.2,32.0,56.5,1.9,12.5,1.3,,1.9,47.7,,40.2,31.6,5.7
01025,225.6,221.5,20.0,22.5,466.5,1.0,3.0,7.5,269.4,23.4,235.8,70.6,1.2,0.8,1.2,4.8,199.5,,7.6,11.9,8.9,1608.1,,166.6,100.9,1.9,0.4,67.2,115.4,4.1,17.0,2.8,,1.5,92.3,,55.8,60.1,12.8
01027,1495.2,648.2,18.2,69.8,723.5,,,,6.9,9.0,11.5,69.6,,0.5,,0.1,222.4,5.8,1.5,0.6,2.0,699.5,0.9,4.9,49.4,0.6,0.1,218.2,12.8,3.7,59.2,1.2,0.1,1.7,4.3,,210.2,1.8,0.2
01029,1913.7,65.1,20.5,91.0,276.7,52.8,,,16.7,7.6,40.4,23.3,0.5,0.5,0.1,0.9,53.4,6.5,0.5,0.4,1.2,522.3,2.9,1.0,116.2,7.5,0.2,82.2,23.1,2.4,294.1,0.7,0.1,2.1,5.8,0.1,23.7,70.2,0.2
01031,809.2,2334.3,324.8,563.3,3436.6,294.6,17.7,48.9,282.3,217.9,42839.8,489.3,33.1,12.6,3.5,35.4,109.1,300.8,88.9,37.7,5241.7,9270.0,5.1,526.3,1550.1,52.2,0.9,761.1,5144.1,33.4,27.4,1116.4,0.7,54.6,1386.6,0.6,338.9,3004.4,12.6
01033,2453.8,177.6,368.7,1436.5,4865.4,4.0,27.2,105.9,239.2,100.2,17.8,1616.3,25.8,9.6,9.6,183.6,1597.8,116.7,157.6,11.0,1.9,31136.3,22.0,4.0,2849.4,129.0,18.4,387.6,3036.2,45.7,162.7,45.3,1.1,11.8,477.9,67.1,96.3,34.9,76.5
01035,465.2,729.8,114.6,117.2,2381.4,21.2,15.2,32.5,37.6,47.7,154.6,493.4,5.8,4.4,2.2,9.3,281.4,,18.2,5.3,248.6,3052.2,3.1,180.0,314.5,62.9,2.2,171.2,435.9,8.5,23.4,13.5,0.2,8.6,487.1,1.7,94.4,241.1,24.6
01037,415.8,179.3,7.7,29.6,306.1,,,,7.3,13.6,14.1,38.8,,0.2,,,61.6,2.4,1.7,0.8,0.1,216.6,0.4,2.4,22.2,0.5,0.1,74.4,6.1,6.6,16.3,2.4,0.1,0.1,1.8,,57.8,0.1,0.1
01039,840.3,1747.3,93.6,269.9,1159.2,150.0,6.9,39.6,396.4,185.4,21144.8,346.4,24.8,3.6,3.2,35.5,106.3,122.7,141.4,31.3,2575.4,8994.8,2.7,218.5,1315.9,30.7,0.3,514.9,3548.0,25.4,39.7,712.1,0.2,30.5,404.9,0.3,751.2,2477.6,19.0
01041,500.2,798.8,120.9,89.0,1036.9,24.2,6.6,6.2,133.5,47.3,2966.9,152.7,4.5,4.7,0.7,5.8,84.5,57.5,33.1,6.3,359.3,1983.2,2.6,218.6,355.9,11.9,0.4,151.2,653.2,11.3,29.5,117.6,0.3,5.3,514.3,0.1,353.9,411.2,3.6
01043,12900.0,386.2,268.5,654.8,2374.0,187.9,,11.5,93.8,124.9,582.8,276.9,1.7,7.0,2.2,43.9,321.7,85.0,20.0,11.0,59.8,4382.6,19.3,7.9,973.9,45.7,2.7,571.8,424.2,29.4,1717.9,11.0,0.7,28.1,76.3,0.8,138.5,293.2,8.1
01045,513.5,1469.8,190.8,297.8,1724.6,184.0,9.9,39.2,189.5,157.3,26852.0,277.2,23.1,7.4,2.1,26.6,64.9,183.9,55.0,23.6,3288.7,6860.7,3.4,303.9,1097.4,45.0,0.6,504.2,3494.8,21.6,16.0,721.2,0.4,33.3,812.6,0.5,243.3,2145.2,10.3
01047,589.7,1872.0,125.1,266.1,580.0,34.2,6.4,47.3,50.2,26.5,1721.1,914.8,14.6,4.8,1.4,66.3,466.7,46.9,52.2,10.0,25.1,12323.6,7.3,13.9,1207.2,37.4,1.5,1151.6,1605.1,19.5,64.2,65.9,0.4,15.1,175.9,1.6,77.3,601.0,61.8
01049,14013.6,327.4,773.2,1838.4,6500.5,1040.7,,4.6,187.2,290.2,526.1,563.7,9.9,20.1,4.2,68.6,293.9,244.8,8.5,17.6,145.2,8494.4,77.4,10.6,2433.2,181.3,7.7,1829.6,759.5,41.7,1375.9,8.8,2.1,96.5,219.7,2.7,110.9,1531.4,8.0
01051,402.6,629.1,135.1,240.8,642.0,14.0,6.9,48.2,97.7,34.7,98.7,988.4,13.1,5.2,1.4,67.5,179.0,50.6,48.3,8.4,4.9,11972.3,5.6,23.8,1197.1,26.5,1.6,875.2,1395.4,20.8,25.7,8.6,0.4,7.8,197.6,0.5,54.4,465.4,62.5
01053,768.9,1276.0,182.7,177.1,3846.0,26.8,23.8,106.3,205.0,153.0,238.5,1278.4,13.8,7.1,10.1,41.9,271.2,,60.5,11.0,643.1,12796.6,1.3,365.3,785.1,105.3,3.5,423.6,1415.7,20.2,21.8,35.3,0.4,11.5,774.7,3.7,171.4,605.1,110.7
01055,4065.1,137.3,82.0,200.3,707.9,100.8,,18.3,53.5,49.8,186.1,131.7,0.9,2.1,1.9,38.1,114.0,26.0,27.4,4.4,61.6,4208.9,7.7,3.5,491.9,18.2,0.8,211.3,349.7,11.7,613.4,1.6,0.2,48.9,23.3,0.1,49.5,156.9,10.4
01057,993.9,327.5,191.2,701.6,7531.0,6.5,,6.7,5.3,34.6,17.7,670.1,0.4,5.0,0.6,26.5,120.3,60.5,8.2,1.4,3.1,2424.9,11.4,6.1,700.9,13.6,1.3,504.5,375.8,7.2,29.7,0.2,1.3,3.1,45.7,0.2,104.8,268.1,9.5
01059,3033.3,10.8,95.3,410.7,1806.8,3.9,7.3,8.9,29.5,54.3,51.8,524.0,3.4,2.5,0.8,17.0,293.3,30.2,16.0,2.2,3.2,3542.3,7.4,11.8,611.5,52.4,4.7,325.7,584.6,21.7,263.6,2.9,0.3,15.0,123.5,2.9,156.2,9.2,6.4
01061,1235.9,3190.5,510.0,498.8,3959.5,326.1,32.3,96.1,466.6,320.4,47835.6,625.5,41.1,19.7,5.3,52.7,183.0,389.5,96.1,58.0,5846.4,13259.5,7.3,916.2,2188.6,135.0,1.5,983.2,6376.7,54.0,45.9,1300.2,1.1,68.5,2177.7,1.6,612.5,3891.2,19.3
01063,100.1,683.7,17.3,87.9,65.1,14.8,0.9,2.3,5.7,6.6,61.6,123.5,1.8,0.7,0.1,3.2,218.0,6.5,2.9,1.7,5.0,1224.8,5.9,6.4,110.0,38.4,0.2,307.4,82.9,2.3,29.2,0.2,0.1,7.9,28.0,0.2,6.1,192.0,2.9
01065,192.7,1430.9,92.2,110.5,298.9,16.7,4.7,6.2,1.9,17.2,7.5,590.1,3.0,3.6,0.2,8.7,442.2,34.5,5.0,0.8,0.2,2674.3,7.7,0.3,222.3,44.4,1.1,598.4,221.7,6.6,58.6,3.7,0.3,4.9,126.7,0.5,10.7,245.7,7.9
01067,938.6,2850.4,156.5,636.5,2507.9,348.0,8.2,115.2,251.1,260.3,51185.5,392.1,43.3,6.0,2.7,51.6,79.8,273.1,114.5,40.8,6272.3,12131.6,3.6,242.9,1865.2,178.9,0.5,867.2,6455.9,27.0,19.2,1357.1,0.3,62.6,664.5,2.2,288.9,4032.5,17.9
01069,1247.9,3635.8,212.7,798.2,2192.7,525.3,84.9,113.0,1302.3,467.7,75283.4,448.0,65.9,8.2,4.2,64.9,94.7,384.4,107.6,140.1,9368.7,16152.4,13.4,6089.2,2822.9,201.3,0.6,1580.0,9355.0,45.7,23.8,1888.6,0.5,166.5,907.8,2.1,332.3,5940.8,22.5
01071,10960.9,239.4,1167.0,3015.1,10416.5,1668.7,,15.7,125.4,220.4,455.0,880.1,15.9,30.3,7.0,98.9,244.3,369.5,29.1,15.2,89.8,14078.8,120.6,6.7,3765.7,260.3,11.6,2888.4,1270.0,55.3,951.4,8.5,3.2,89.3,331.5,3.1,76.7,2329.2,16.7
01073,666.1,290.4,2.3,10.1,94.2,,,,4.2,7.0,15.7,10.8,,0.1,,,99.4,0.7,0.2,0.4,1.2,338.2,0.1,9.8,10.8,0.4,,85.5,3.8,1.8,26.4,0.5,,0.7,0.5,,92.8,0.7,
01075,889.9,247.8,100.2,386.7,3959.0,12.1,,2.5,22.0,23.7,42.5,361.4,0.8,2.6,0.2,14.7,88.6,31.7,4.7,1.7,2.2,1891.2,9.3,7.5,404.3,17.9,0.7,393.6,175.4,7.9,23.3,2.0,0.7,3.4,23.9,0.6,95.6,435.3,3.9
01077,4560.9,168.2,433.3,1960.8,6219.1,9.4,32.1,115.9,268.3,121.9,46.9,1932.5,34.1,11.2,10.5,184.3,1848.5,137.2,172.9,12.3,6.0,36867.5,33.5,35.3,3501.2,155.0,21.6,667.6,3513.9,54.3,340.3,41.3,1.3,26.8,561.7,61.4,201.6,52.6,83.7
01079,4238.4,76.2,609.1,2374.7,8192.5,9.8,45.1,190.9,440.9,178.6,77.7,2773.8,45.1,15.8,17.3,195.4,2857.0,192.8,283.9,21.2,3.8,50955.8,35.0,6.7,4980.3,173.1,30.3,671.7,5191.3,81.9,304.7,19.0,1.8,21.4,789.5,28.7,180.4,62.7,137.9
01081,922.2,374.5,21.5,90.7,874.3,5.6,,8.9,62.5,17.8,795.3,137.8,0.4,0.6,0.8,35.9,118.3,6.8,14.9,2.0,63.9,2160.4,1.0,4.8,360.5,0.8,0.1,289.9,436.3,4.6,35.3,25.7,0.1,5.4,5.1,0.4,185.1,84.1,11.7
01083,4479.5,330.0,316.8,1687.6,4571.1,15.8,23.4,271.1,649.5,132.4,240.1,2273.3,73.2,8.2,24.6,372.7,3974.1,100.3,408.8,30.1,1.7,80945.9,36.0,15.7,4212.3,181.2,15.8,755.3,4724.6,106.5,286.2,92.8,1.0,36.6,410.7,121.3,169.6,98.3,195.6
01085,389.2,2678.1,98.0,62.2,315.9,7.8,5.0,26.6,135.7,17.6,16.0,735.1,7.4,3.8,0.8,37.3,780.2,36.7,98.7,4.7,0.6,7923.6,4.2,7.4,571.4,20.0,1.1,1176.3,775.1,11.4,119.4,32.2,0.3,2.5,133.8,1.2,322.7,277.6,41.3
01087,206.7,573.0,137.1,129.9,505.4,17.0,7.0,20.3,167.0,24.7,922.3,983.8,6.5,5.3,0.6,28.4,169.5,51.4,69.7,6.6,12.9,5566.4,4.5,27.1,557.4,18.7,1.6,598.9,750.4,14.1,33.3,33.7,0.4,7.4,187.4,0.1,214.4,278.7,30.9
01089,3331.4,334.9,718.7,3354.9,9185.3,24.3,52.9,230.1,563.3,175.9,91.5,3221.1,70.6,18.6,20.8,359.6,3342.2,227.5,343.5,23.7,1.9,74005.7,63.1,27.4,5965.9,262.3,35.8,824.3,6292.7,92.5,166.1,84.9,2.2,45.3,931.6,123.5,97.8,100.0,166.5
01091,437.2,1625.8,29.7,100.9,98.4,17.6,1.5,13.3,22.9,6.3,25.6,197.4,4.9,1.1,0.4,18.7,393.6,11.1,12.3,2.3,1.3,4116.0,7.2,5.9,326.4,45.7,0.3,596.1,386.5,5.5,51.5,26.1,0.1,6.0,41.8,1.9,17.9,301.8,17.2
01093,1741.3,25.0,75.7,364.4,1267.2,5.8,5.7,4.4,13.1,21.2,33.2,302.5,3.6,2.0,0.4,18.2,159.3,24.0,7.8,1.3,0.9,3127.7,7.3,4.0,449.4,29.7,3.8,208.1,444.7,8.2,147.0,5.9,0.2,7.9,98.1,8.5,87.2,8.4,3.2
01095,8468.7,250.8,261.3,640.5,2272.0,292.8,,1.7,45.8,68.9,133.9,228.1,2.8,6.8,1.4,21.4,212.9,82.7,7.3,2.7,11.5,2882.7,23.7,6.6,626.0,49.5,2.6,616.6,243.0,21.2,1106.3,4.9,0.7,12.5,74.2,0.7,89.2,411.5,2.9
01097,661.6,547.6,74.8,98.5,1619.6,26.4,11.5,64.1,2591.8,141.0,2089.7,2501.2,12.7,2.9,9.9,41.4,360.6,,275.4,72.0,592.3,14276.7,0.5,1421.0,631.6,4.5,1.4,570.3,1338.6,30.1,30.6,71.2,0.2,15.7,327.2,,931.3,582.8,131.4
01099,668.5,395.0,136.9,119.3,2855.5,11.2,18.0,91.7,35.9,190.7,62.9,669.0,17.0,5.3,13.6,56.3,273.7,,110.7,12.5,83.3,17072.2,3.1,227.5,804.9,30.0,2.6,483.1,1409.2,20.9,22.9,15.5,0.3,4.3,583.4,0.4,313.8,772.7,153.1
01101,232.2,1895.2,42.8,57.8,163.6,5.6,2.2,8.3,88.1,9.3,47.9,355.7,2.6,1.7,0.2,11.6,554.3,16.0,53.5,2.3,1.2,3184.4,2.6,6.7,217.6,13.7,0.5,691.6,253.2,5.1,83.1,21.0,0.1,2.2,60.5,0.8,193.3,123.5,14.9
01103,2975.3,116.9,377.2,1711.2,5462.1,9.8,28.8,9.0,102.5,105.1,166.0,1536.6,6.6,9.8,0.8,83.0,292.4,119.4,17.2,7.1,12.8,7165.0,24.3,76.2,2427.0,114.1,18.8,536.3,2012.2,40.3,227.3,33.7,1.1,21.2,489.0,43.5,134.4,31.3,6.8
01105,321.5,1087.5,52.7,175.1,187.5,32.9,2.7,13.1,59.0,16.1,120.4,372.5,5.7,2.0,0.4,18.4,304.7,19.7,20.8,4.6,6.8,4216.5,11.7,16.9,374.9,72.0,0.6,611.6,413.9,7.8,41.8,10.9,0.2,14.4,80.3,1.0,40.3,441.8,17.5
01107,1893.7,570.4,177.4,835.9,7298.5,27.0,,5.8,6.0,28.0,57.7,622.8,1.9,4.7,0.5,28.7,201.7,56.2,7.3,1.4,1.2,4118.4,18.6,6.0,849.5,39.2,1.2,831.6,345.4,8.5,51.5,1.1,1.2,4.4,42.4,0.9,180.9,969.2,8.2
01109,765.2,1487.7,199.0,178.7,1653.0,87.6,10.9,34.8,204.2,111.0,12278.4,274.7,12.9,7.7,1.2,17.1,119.0,125.7,73.1,14.4,1501.4,4769.9,3.7,347.3,774.9,57.9,0.6,330.2,1934.8,18.1,38.4,415.7,0.4,16.8,845.3,0.7,559.8,1220.5,9.3
01111,1563.0,673.7,33.4,123.5,1321.1,,,,4.9,11.0,25.3,117.4,,0.9,,0.2,231.8,10.6,0.8,0.7,2.2,882.3,1.6,4.9,88.4,1.4,0.2,240.1,26.9,3.0,61.3,0.5,0.2,1.6,8.0,,216.0,1.7,0.2
01113,458.3,730.6,34.8,118.9,611.4,25.2,2.0,23.6,58.4,59.2,3064.3,155.6,6.9,1.3,3.4,14.6,59.0,25.8,42.6,10.9,374.5,2813.7,1.8,55.7,459.8,43.1,0.1,144.4,899.0,9.9,22.2,130.0,0.1,5.0,164.7,0.5,291.2,687.6,5.3
01115,3211.3,110.8,6.9,16.8,62.0,4.1,,,12.0,7.8,912.8,28.6,,0.2,,0.3,90.3,2.2,3.1,1.1,2.6,424.5,0.3,1.8,11.1,55.6,0.1,30.2,9.3,4.9,507.1,1.5,,3.1,2.0,,40.9,2.1,0.2
01117,1092.0,378.6,49.5,237.5,2039.8,9.2,,14.9,19.4,12.0,32.0,232.2,0.6,1.3,1.3,55.2,131.2,15.7,18.8,2.4,1.2,4059.7,5.8,12.2,651.5,12.5,0.3,438.6,589.9,8.4,35.2,3.7,0.3,1.9,11.8,0.3,136.2,416.9,18.5
01119,158.4,1420.6,93.8,138.1,412.2,8.0,4.8,,97.9,19.8,85.0,658.8,0.6,3.6,,,444.9,35.1,6.9,2.7,3.2,1277.1,3.6,25.4,186.2,18.1,1.1,501.0,55.4,7.4,60.1,4.5,0.3,4.9,131.7,0.3,31.0,84.7,0.6
01121,2664.3,587.9,391.0,1577.8,15614.4,38.0,,12.8,19.6,52.7,33.4,1374.1,2.6,10.3,1.1,75.6,216.8,123.8,17.1,2.3,0.8,6763.2,32.7,5.8,1592.7,56.3,2.7,1342.2,741.9,16.6,54.0,4.1,2.7,5.5,93.4,2.9,204.5,1392.5,18.4
01123,630.7,266.6,11.9,44.4,472.0,,,4.4,10.9,3.7,21.2,63.7,,0.3,0.4,15.6,91.7,3.8,6.7,0.9,0.6,1172.3,0.6,3.1,165.7,1.3,0.1,140.2,171.3,2.6,24.8,1.2,0.1,0.5,2.8,,95.4,29.5,5.5
01125,1196.4,337.7,180.5,673.4,7113.6,12.1,,17.7,25.4,32.3,22.7,679.8,0.8,4.7,1.6,69.5,123.1,57.1,22.7,2.5,2.3,4883.3,13.1,11.1,1039.7,19.9,1.2,667.9,777.4,6.8,32.1,2.1,1.2,3.4,43.1,0.6,136.1,535.5,23.0
01127,823.6,357.1,10.2,37.8,403.5,,,,6.5,8.3,37.5,37.4,,0.3,,0.1,122.5,3.2,0.8,0.6,2.3,395.7,0.5,22.0,32.2,1.6,0.1,116.9,8.6,1.5,32.5,0.2,0.1,1.3,2.4,,114.1,1.4,0.1
01129,595.7,1627.0,102.8,101.3,2156.4,23.6,13.8,71.1,120.0,34.8,263.8,738.1,3.6,4.0,1.1,4.9,247.8,,11.6,9.0,434.7,1707.5,1.1,199.9,265.1,157.8,1.9,129.1,424.9,7.3,19.7,36.4,0.2,10.8,439.8,5.7,71.2,148.4,12.6
01131,872.3,1128.6,66.1,62.9,1374.4,5.6,10.0,29.7,29.5,39.5,221.0,88.4,4.1,2.6,2.3,9.3,749.4,,13.9,8.8,34.6,3024.7,2.1,109.5,218.9,50.1,1.3,142.9,256.4,6.6,63.6,7.8,0.1,4.7,281.0,1.4,182.2,181.6,24.7
01133,1445.7,1.4,8.9,36.3,418.7,0.5,0.7,,17.9,9.9,12.7,65.3,,0.2,,0.9,82.8,2.8,0.8,1.0,0.7,225.8,0.6,2.2,46.9,6.6,0.4,132.3,45.6,4.1,130.4,0.7,,2.2,11.6,,77.1,1.1,0.2
04001,15350.8,,,218.6,102.8,2.2,0.2,1.0,2.8,208.1,97.4,482.9,1.9,924.7,34.4,18.0,5053.3,37.1,821.0,55.9,4.8,25310.4,3.0,235.0,58.3,203.1,0.7,381.7,393.3,3154.5,5277.7,0.4,1.1,19.1,37.0,,,487.1,0.1
04003,4619.4,,,3506.2,1273.3,142.5,12.4,79.6,390.5,2043.5,807.7,2318.1,55.3,360.1,20.5,56.4,445.0,,558.4,36.4,149.1,10702.7,17.6,4487.3,2453.5,1196.4,,310.4,2762.9,392.7,,0.4,,136.4,,,,3905.9,20.5
04005,20074.5,,,46.3,23.7,0.3,0.8,,11.6,43.2,147.6,51.3,0.4,1225.9,9.1,4.6,6680.9,7.6,35.7,12.1,16.4,33277.8,0.6,150.5,15.3,41.4,0.2,86.3,98.2,44.7,6999.1,,0.2,6.0,7.6,,,80.2,
04007,34.8,,,,,,,,3.3,48.3,16.2,32.2,0.5,,0.3,0.4,,,14.9,0.7,0.1,31.9,0.7,53.9,0.8,46.4,,97.5,0.6,0.5,,0.1,,4.4,,,,67.0,
04009,3795.4,,,1032.2,470.8,41.8,59.9,77.1,111.0,224.6,23.8,1675.9,3.7,375.2,15.2,15.1,165.7,,99.4,17.9,39.9,13943.9,3.1,598.7,654.2,213.0,,453.5,2695.5,37.2,,0.8,,21.4,,,,3237.5,31.8
04011,125.3,,,,50.5,,2.1,2.7,0.3,108.0,,101.2,1.0,5.5,0.5,4.5,18.0,,33.0,0.1,,520.0,1.5,291.4,67.2,104.5,,15.2,159.5,,,,,9.9,,,,259.5,1.1
04012,2424.6,,,84.0,18.0,33.9,57.5,160.8,24.2,5455.0,1146.6,2349.9,55.5,,13.3,233.1,6.6,,2001.9,25.2,104.5,9551.6,77.8,14723.0,248.1,5278.1,,617.3,1609.7,176.2,,,,530.6,,,,9975.4,33.6
04013,5028.7,,,1376.6,1559.6,56.0,171.5,283.5,401.6,7130.0,7222.7,8213.9,75.6,55.7,155.3,320.9,553.2,,6089.3,109.1,184.7,47649.0,101.4,20475.3,2857.7,7191.8,,1341.5,8520.6,1461.1,,38.9,24.4,895.4,,,,18703.9,91.9
04015,3384.0,,,,,,13.2,15.2,1.1,950.7,35.1,457.4,8.7,163.0,8.9,8.9,887.7,,296.9,0.2,,5253.8,13.6,932.3,,920.3,,1721.2,334.7,10.5,930.5,,0.1,86.9,,,,1944.9,6.8
04017,13066.5,,,627.9,169.9,3.7,2.1,0.3,26.3,73.6,449.0,445.3,0.8,779.6,2.0,1.0,4293.9,108.6,267.9,13.9,44.7,21505.7,1.0,362.7,156.1,70.3,2.2,140.4,239.9,47.5,4444.6,0.2,3.1,11.6,108.3,,,376.0,0.1
04019,8523.7,,,0.1,39.3,0.1,42.4,111.7,4.9,109.7,24.3,569.0,2.0,873.6,10.5,8.8,14.4,,54.4,0.4,0.5,11999.2,1.6,304.7,53.2,106.7,,68.5,1338.3,26.2,,,,11.0,,,,1972.7,22.5
04021,6227.2,,,,620.1,,294.0,449.5,154.2,3901.8,3651.9,5311.8,44.1,264.4,92.9,197.6,215.6,,2122.4,56.9,67.6,58764.3,55.7,10997.3,1201.7,3972.9,,1099.3,10297.9,291.7,,0.2,15.5,396.5,,,,18289.7,154.3
04023,561.7,,,0.4,,0.2,0.2,,1.4,53.0,44.2,23.4,0.5,59.3,0.3,2.1,,,73.1,0.2,0.7,496.3,0.8,170.2,0.8,51.0,,37.0,5.5,0.6,,,,5.2,,,,91.3,
04025,2352.3,,,30.0,8.1,0.5,0.3,14.3,4.4,85.5,75.4,55.9,0.8,137.6,0.3,0.7,751.8,5.2,76.7,1.0,2.6,3949.2,1.2,140.9,9.0,81.4,0.1,186.3,14.8,1.8,785.6,0.5,0.2,8.1,5.2,,,134.1,
04027,3549.8,,,581.9,100.8,43.7,73.8,146.1,5807.3,2694.9,2946.4,15897.5,26.4,1.9,209.3,294.6,36.0,,17867.4,451.3,128.8,44114.3,38.4,10265.5,522.4,2653.3,,476.5,2517.5,10941.9,,85.7,3.6,1755.3,,,,7674.6,814.0
05001,5961.2,130.5,186.9,523.9,3894.0,1908.1,21.0,5.5,3809.7,187.3,,157.0,5.5,1.1,2.8,319.9,32.4,224.5,6.2,0.5,,54416.7,225.2,338.5,10024.3,74.1,3.7,1016.3,10082.1,3.1,31.6,1031.8,0.9,346.0,236.1,92.9,2347.6,5970.9,153.2
05003,3636.8,26.6,192.7,2739.2,2591.4,253.1,144.7,1336.5,1033.6,2391.3,157.9,176.9,83.6,1.4,691.3,512.5,935.8,226.5,226.0,38.1,0.3,72565.2,65.2,1778.0,4031.9,43.9,8.0,1582.9,5374.3,28.2,15.0,321.8,7.1,16.1,687.5,21.2,398.8,4688.2,680.0
05005,4868.7,61.9,,,,,,,18.7,20.9,3.3,37.1,,,0.3,0.3,202.7,,,,0.4,268.7,0.5,,,,,1070.3,,,804.0,,,1.1,,,713.2,,0.1
05007,15137.7,276.8,64.4,287.9,296.4,1.8,,,25.5,126.3,24.2,154.4,0.7,6.3,1.4,1.8,911.7,130.3,4.2,0.2,7.3,1338.5,4.1,0.2,121.1,1.7,1.4,1579.2,46.4,6.8,2351.1,4.3,1.0,0.1,,1.1,1048.3,12.5,4.5
05009,17538.7,320.8,,,,,,,49.5,87.0,8.7,27.0,,,1.1,1.0,1051.5,,,0.2,2.7,938.0,1.4,1.0,,0.9,,1823.3,,1.9,2733.6,0.3,,,,,1218.9,,1.4
05011,1212.8,,,,,,,,277.0,,95.6,4.9,,,,,15.8,,0.7,,227.4,50.4,,2.5,280.8,,,,,,61.1,,,,,,99.0,,
05013,1492.5,,,,12.6,,,,12.7,100.2,7.2,16.9,,,,,19.6,,,,10.5,55.1,,100.4,14.8,,0.1,10.7,,,75.0,,0.1,,,,121.9,,
05015,14764.8,269.9,20.5,63.1,79.3,,,,45.1,194.3,14.5,59.8,,2.0,2.4,2.4,886.7,40.1,0.7,0.1,4.4,863.0,3.4,0.1,31.4,2.0,0.4,1523.5,6.4,4.9,2299.2,0.7,0.3,0.1,,0.2,1025.2,0.1,3.7
05017,5099.9,77.2,486.8,2892.5,5979.9,569.3,73.2,675.8,2207.1,1432.5,,446.8,105.9,3.4,350.7,398.0,510.2,572.3,119.2,19.2,,87945.9,173.7,1256.6,7766.4,127.6,20.2,1970.0,5904.9,31.4,17.9,737.8,17.9,46.7,1736.7,27.0,806.5,8437.6,390.0
05019,5343.9,25.3,,176.5,401.1,16.1,,,87.8,30.6,,82.9,6.2,,0.1,0.5,69.5,,0.1,,42.7,3119.3,3.4,8.0,392.1,13.0,0.8,128.0,106.1,,263.1,16.1,1.4,2.8,,0.8,437.7,232.9,1.3
05021,10629.8,293.5,6696.3,1627.5,12604.6,1055.2,85.0,371.6,2743.0,1145.8,645.0,3372.4,1507.3,23.1,180.8,277.2,522.5,134.9,20.5,15.8,29.2,86678.2,641.7,1381.2,4075.6,45.4,28.2,1881.3,5014.3,79.1,194.4,342.6,20.8,11.6,2524.2,18.7,690.1,966.6,94.8
05023,4290.7,55.5,20.9,9.8,44.4,0.3,,,,76.5,,29.6,3.2,0.1,1.1,1.3,178.6,2.5,,,,515.5,3.7,,36.6,0.2,0.1,916.6,11.0,0.2,707.0,12.5,0.1,,,0.3,627.1,2.4,0.4
05025,1883.3,,,,,,,,,74.4,7.3,0.2,,,,,24.6,,,,,48.8,,2.0,,,,0.2,,,94.6,,,,,,153.9,,
05027,4108.2,,,,,,,,27.4,60.3,3.2,4.9,,,,,53.6,,,,22.6,150.6,,45.1,27.9,,,4.7,,,206.4,,,,,,335.7,,
05029,5630.0,83.4,612.3,150.7,2123.6,18.5,,,42.2,412.6,4.1,1029.8,13.2,2.1,,3.2,102.7,71.2,34.5,0.5,1.0,9391.7,77.3,135.6,3860.2,8.3,5.8,794.3,458.3,8.4,2.5,1819.9,3.8,8.1,372.9,2.7,230.2,88.6,3.3
05031,13695.1,193.7,1507.4,1396.1,2936.7,1021.8,315.7,1379.7,2650.3,647.4,87.8,795.5,1035.2,5.2,665.8,445.2,1804.1,71.6,76.2,47.5,2.5,135044.4,468.3,4584.7,1628.4,30.0,6.4,1547.1,8183.1,44.8,150.8,311.9,4.7,17.0,568.2,33.8,653.1,997.5,186.9
05033,6591.5,74.1,207.7,592.6,8224.5,8.1,,,438.5,51.5,239.2,1270.1,9.9,90.2,,2.0,217.2,97.7,14.8,2.3,29.0,19864.6,35.0,13.3,993.4,8.8,8.8,1703.1,5390.8,89.0,599.4,132.6,8.8,10.4,,1.2,681.0,49.4,1.1
05035,5462.0,106.2,1425.7,693.5,36611.0,852.2,724.8,190.8,1371.7,1491.0,13.9,1221.5,37.1,8.3,71.8,298.6,594.0,1018.7,102.7,18.6,,72349.3,136.3,1133.0,31151.8,60.3,28.5,2458.2,9351.8,31.2,9.3,461.4,7.1,281.7,1801.2,96.8,810.3,8401.6,321.3
05037,5827.1,103.3,182.8,430.5,10122.9,1710.6,25.8,6.8,3532.2,178.2,,198.3,4.8,1.1,5.6,295.5,38.1,234.4,16.6,0.7,,43338.8,196.3,332.7,12265.2,58.7,3.7,957.8,8634.6,3.1,33.0,893.4,0.9,274.0,230.9,51.4,2179.4,4773.4,144.0
05039,1135.0,3.2,,,,0.8,,,,,,,0.8,,,,14.7,,,,,378.0,,,12.4,1.6,,13.1,8.5,,56.6,,,0.3,,,92.0,29.2,
05041,6390.3,60.4,53.9,6300.6,6358.1,727.2,189.4,1749.4,3080.9,467.9,1.7,49.5,134.9,0.4,904.5,660.0,1201.1,63.4,308.0,49.9,0.6,114017.0,141.8,2693.2,7892.8,99.8,2.2,2725.7,8254.7,17.5,9.2,837.2,2.0,36.6,192.3,40.8,1073.0,8569.6,924.9
05043,2491.2,14.1,55.5,962.3,837.3,188.1,50.8,469.3,822.2,1029.2,49.6,60.8,34.1,0.4,242.7,186.8,346.4,65.3,79.4,16.5,14.0,29285.7,36.4,734.6,1557.7,23.3,2.3,773.8,2129.3,7.4,24.3,198.1,2.0,10.0,198.1,10.5,351.9,2099.9,249.3
05045,8783.2,97.1,161.1,45.3,586.2,6.8,,,25.8,248.5,53.4,304.3,4.8,0.6,,5.9,142.2,20.4,10.9,0.1,3.6,3420.8,32.5,21.3,1159.2,3.0,1.5,1170.7,182.8,2.8,2.9,590.6,1.0,3.3,98.1,1.0,397.1,32.4,3.0
05047,10337.9,99.6,20.2,42.2,135.1,0.8,,,25.2,38.9,6.6,128.3,1.0,8.8,,0.2,323.6,4.8,1.7,0.1,1.7,2769.1,5.0,0.6,30.8,0.9,0.8,1219.0,539.2,1.8,965.2,15.6,0.8,0.8,,0.1,1092.8,4.6,1.1
05049,13717.0,174.3,,,,,,,,17.1,,4.3,,,0.3,0.3,571.2,,,,,778.7,0.4,,,,,2944.8,,,2265.1,2.5,,,,0.1,2009.4,,0.1
05051,2121.1,21.3,,,,,,,3.1,0.4,8.0,,,,,,34.0,,,,1.4,69.0,,,1.7,,,228.8,,0.2,0.7,,,0.1,,,86.5,,
05053,1521.3,15.3,,,,,,,7.5,84.8,17.0,3.2,,,,,24.4,,,0.1,3.4,49.6,1.4,,4.2,,,201.8,,0.5,0.5,,,0.3,,,62.1,,
05055,9543.0,186.8,2678.5,843.8,5123.8,792.8,70.7,309.1,2030.9,510.9,,1354.9,961.5,9.2,150.2,210.4,419.9,78.5,17.1,10.5,,61380.9,423.6,1069.5,1852.1,28.9,11.3,1307.7,3572.8,26.7,241.1,247.4,8.3,6.0,1009.7,13.5,594.8,560.7,72.7
05057,8161.7,137.4,34.2,88.5,594.4,1.8,,,84.1,24.5,386.3,495.8,1.7,14.9,,0.2,308.8,8.2,25.9,5.6,14.8,1258.0,7.9,243.9,155.2,2.0,1.9,37.3,170.1,3.8,2190.3,12.0,1.9,71.0,,0.1,781.0,11.0,
05059,3173.0,34.0,230.2,40.3,508.3,1.8,,,14.3,118.3,35.7,271.5,1.3,0.8,,2.3,55.5,18.9,0.6,0.2,5.3,1553.3,8.8,7.0,353.4,0.8,2.2,428.1,49.4,4.0,1.0,39.4,1.4,1.3,140.2,0.3,143.7,8.5,1.2
05061,3303.1,54.2,,,,,,,10.3,34.4,27.1,96.8,,,,,124.8,,4.2,0.1,,196.7,1.5,688.5,,,,4.3,,,891.1,,,,,,318.5,,
05063,16979.6,73.5,2354.2,450.0,4511.3,116.1,,,271.3,407.2,24.7,1212.7,374.2,8.1,1.6,27.1,26.3,45.6,,0.1,1.2,22885.5,138.4,81.7,1345.1,11.4,9.9,1642.8,701.0,18.2,937.4,60.4,7.3,1.3,887.4,2.8,757.2,180.0,7.7
05065,9228.6,117.3,,,,,,,139.7,29.1,7.8,273.5,,,0.4,0.4,384.3,,,0.1,0.8,509.5,0.7,0.2,,,,2222.2,,,1524.0,,,2.5,,,1352.0,,0.1
05067,7615.6,336.7,3833.3,1007.5,7643.5,1131.2,3.3,14.5,2855.5,584.1,72.2,1934.6,1714.0,13.2,10.1,230.9,41.1,154.1,0.8,0.9,2.0,68724.6,711.7,219.9,2740.7,52.1,16.2,1577.2,3778.3,30.8,92.8,420.5,11.9,5.9,1445.0,14.3,648.8,824.3,61.7
05069,6272.8,80.9,361.0,3911.2,6347.8,814.3,95.8,884.4,3360.7,1133.0,14.5,428.0,118.5,2.5,458.2,461.9,634.7,424.4,157.5,26.2,4.8,98771.5,191.4,1928.6,8204.7,133.8,15.0,2390.1,6829.9,30.6,9.3,1243.7,13.3,49.4,1287.8,37.9,1167.6,9130.3,528.5
05071,4675.2,49.4,106.0,237.2,2045.6,3.3,,,35.5,35.6,3.8,674.8,4.1,46.0,,0.7,152.7,34.8,4.2,,0.6,8273.7,15.2,0.2,259.4,3.7,4.5,506.7,2210.7,4.8,431.9,37.8,4.5,1.6,,0.4,489.0,16.2,0.8
05073,3833.2,48.8,687.7,1233.4,11650.3,6.6,11.5,22.7,3.3,95.9,61.5,7157.8,9.4,298.6,20.6,19.6,131.3,165.4,247.2,1.8,2.4,10875.7,39.2,10.3,2130.6,7.2,38.1,1055.7,1010.9,29.3,536.5,296.2,38.1,14.2,,33.1,256.0,117.1,68.6
05075,11631.9,195.3,476.0,308.7,1016.9,1034.1,,,2685.7,105.5,124.4,272.4,993.9,1.6,1.1,200.1,8.1,64.8,,0.7,3.5,45025.4,469.8,204.1,693.0,30.2,2.0,1318.8,2635.3,7.3,386.4,325.2,1.5,3.8,179.4,8.8,836.4,493.8,54.4
05077,6258.2,83.9,1536.4,625.4,33564.4,724.1,1045.7,275.3,1215.8,1637.6,,1309.4,51.1,8.9,97.4,362.6,850.3,1040.2,122.0,26.8,,76930.5,116.9,1545.0,28742.3,47.7,30.7,2650.8,8429.2,36.2,10.5,353.0,7.7,222.6,1941.1,59.5,725.2,9003.7,430.2
05079,4591.4,43.0,60.2,2599.1,2667.3,472.6,87.8,810.8,2018.4,1670.4,112.7,55.3,77.6,0.4,419.3,327.3,580.9,70.8,141.3,31.4,37.0,64850.0,98.7,1380.9,4140.3,71.1,2.5,1620.3,4411.6,10.0,26.5,548.2,2.2,29.9,214.8,23.7,754.9,5402.8,441.8
05081,5307.0,106.7,479.6,1173.4,9350.5,16.0,,,627.5,56.7,117.4,6215.0,14.2,208.3,,6.7,188.0,115.4,251.2,7.0,4.5,7862.1,60.8,1208.4,2804.3,14.6,26.6,193.0,1586.6,20.9,1132.8,322.8,26.6,27.1,,1.5,401.9,77.0,1.8
05083,11197.3,113.6,181.7,349.7,1717.9,5.0,,,10.7,69.9,4.3,1086.0,6.1,78.9,,2.4,360.8,47.2,9.1,,0.4,12875.7,23.8,5.7,273.9,5.4,7.7,2272.5,3258.9,7.9,1037.2,84.7,7.7,2.2,,0.8,1183.8,23.8,2.0
05085,5992.9,87.2,245.0,381.5,10234.4,1167.5,432.2,113.8,2307.7,407.5,118.9,420.5,22.9,1.4,39.7,295.5,372.2,253.6,48.0,15.3,11.5,54233.7,142.4,1160.1,12229.4,49.5,4.9,1217.9,7521.6,11.0,59.0,642.4,1.2,233.3,309.5,49.8,1462.3,6082.6,241.1
05087,12404.5,226.9,,,,,,,6.2,301.8,1.4,45.5,,,3.9,3.7,743.7,,,,0.4,659.2,5.2,,,3.3,,1284.6,,4.1,1933.4,,,,,,862.1,,4.7
05089,7571.9,96.2,,,,,,,37.3,44.6,,85.8,,,0.7,0.6,315.3,,,,,417.9,1.1,,,,,1687.9,,,1250.4,,,,,,1109.3,,0.2
05091,7001.9,105.0,1144.6,2050.4,18739.8,15.8,4.8,9.5,88.6,137.2,70.0,12099.8,16.5,497.0,8.7,21.1,243.6,275.3,138.6,1.9,2.2,14632.5,83.7,356.7,2911.5,17.3,63.5,855.0,1964.9,48.6,1094.5,236.6,63.5,17.5,,14.5,494.6,112.0,34.8
05093,15796.9,336.6,4018.1,2818.5,8965.6,580.1,601.1,2627.1,1421.3,1356.7,498.6,2042.9,1807.3,13.9,1273.7,592.4,3437.8,229.4,145.1,92.3,14.8,238433.9,621.6,8489.7,3878.6,52.1,16.9,2338.5,13579.8,103.9,27.8,260.0,12.5,33.8,1514.6,60.8,294.2,1896.7,282.3
05095,4229.0,64.9,3471.7,878.4,24976.8,931.3,182.6,48.1,1857.2,3333.4,,2916.8,10.7,20.1,17.6,205.9,198.9,1967.0,23.6,4.7,,35298.9,149.5,397.5,22989.6,36.8,69.4,3245.4,6076.3,55.0,9.7,499.8,17.3,172.1,4386.1,46.4,1131.7,3830.3,171.1
05097,1979.2,32.6,,,,,,,,34.4,1.8,5.1,,,,,74.9,,,,,103.1,1.5,14.6,,,,1.3,,,534.4,,,,,,191.2,,
05099,6094.4,1.1,,102.0,320.1,0.3,,,161.3,22.1,1.2,90.6,0.3,,0.1,,80.7,,,,133.1,381.9,,16.4,320.8,0.6,0.9,8.4,18.2,,305.9,,1.5,0.1,,,497.5,10.2,
05101,5397.7,98.7,,,,,,,3.6,12.3,7.8,3.4,,,0.1,0.1,323.6,,,,2.4,286.9,0.1,,,0.1,,564.8,,0.9,841.3,,,,,,375.1,,0.1
05103,2014.4,,,,,,,,,,0.3,0.4,,,,,26.3,,,,,53.6,,4.1,,,,0.4,,,101.2,,,,,,164.6,,
05105,1994.9,23.5,43.5,15.0,145.5,2.8,,,1.4,32.3,3.4,69.2,2.0,0.2,,3.9,31.5,5.9,2.6,,0.6,1222.1,13.2,13.2,293.9,1.2,0.4,294.6,67.8,0.7,0.7,150.3,0.3,1.3,26.5,0.3,109.6,13.3,1.8
05107,8244.2,97.1,2746.1,897.1,42651.3,738.0,1600.3,421.4,1152.7,2913.1,32.5,2381.1,77.1,15.9,145.0,497.2,1303.8,1719.9,169.2,41.3,0.5,105342.8,137.7,2376.4,37350.8,55.2,54.9,4096.8,10340.1,62.7,7.8,349.1,13.7,257.8,3469.3,67.2,679.9,12373.2,636.4
05109,2006.5,34.6,,42.0,213.3,0.8,,,,27.3,,2.8,0.8,,,,75.1,,,,,407.1,4.3,,223.8,0.9,,4.7,93.8,,535.4,5.6,,0.3,,,191.6,3.8,
05111,12508.1,334.9,1152.6,1033.8,2363.2,1600.5,153.6,671.2,4118.2,360.1,6.6,576.4,1728.3,4.0,324.6,430.5,880.4,113.0,37.1,22.9,0.9,114965.7,778.2,2295.3,1562.4,51.8,4.9,1740.5,6915.5,23.9,104.6,511.3,3.6,11.9,434.5,26.9,919.4,1049.3,148.1
05113,9100.9,86.5,,,,,,,0.9,20.4,,3.4,,,,,283.6,,,,,677.5,0.8,0.4,,,,996.6,,,850.4,,,,,,962.8,,0.6
05115,7526.7,82.0,58.9,236.2,1836.4,7.0,,,31.6,47.6,19.9,452.6,8.5,25.6,,2.3,237.2,24.2,13.4,0.1,1.3,17076.7,30.3,2.2,300.7,7.6,2.5,1141.7,4551.5,3.3,695.0,123.6,2.5,3.3,,0.8,797.5,33.9,1.7
05117,4259.1,90.9,306.4,404.0,8857.0,1200.5,22.2,5.8,2336.8,330.3,,285.9,4.2,1.8,4.6,198.3,39.1,280.4,13.2,0.6,,38014.3,147.6,273.5,10920.6,51.6,6.1,904.4,7034.1,4.9,37.1,621.7,1.5,241.1,387.1,49.7,1462.1,4197.8,99.0
05119,3487.1,70.0,475.2,149.1,1558.9,25.4,4.4,21.1,82.5,264.8,98.0,889.9,19.3,1.6,10.2,20.2,60.3,61.0,43.8,2.0,24.1,12536.8,107.5,179.6,3037.2,11.4,4.5,906.7,510.4,10.7,1.8,2137.7,3.0,13.4,289.4,3.8,215.0,182.3,16.3
05121,13610.1,103.1,2447.9,497.5,4573.9,312.3,,,782.8,400.3,41.1,1230.4,524.7,8.5,0.8,61.4,23.3,45.7,,0.2,1.2,27076.4,216.1,36.7,1430.1,16.0,10.3,1445.4,1131.5,19.3,693.0,94.9,7.6,1.9,922.7,3.9,679.1,255.1,17.9
05123,4679.8,86.8,363.0,412.2,18736.5,977.8,381.6,100.5,1824.0,409.5,8.9,436.3,20.6,2.1,38.4,245.8,315.4,360.5,56.6,10.3,1.4,50823.0,126.9,772.1,17404.6,49.3,7.3,1308.4,7397.3,10.2,22.2,518.8,1.8,230.5,458.6,60.0,1117.2,5811.5,206.5
05125,2187.3,22.5,,1.0,,0.4,,,11.0,0.7,35.0,9.5,0.3,,,,35.0,0.2,,0.1,2.8,177.9,1.4,,12.4,0.2,,262.7,1.1,0.5,0.7,,,0.4,,,89.2,1.7,
05127,6139.0,58.4,,,,,,,10.8,62.3,2.8,6.0,,,,,191.3,,,0.1,0.7,457.1,2.6,0.2,,,,588.1,,0.4,573.6,,,0.2,,,649.4,0.3,1.9
05129,7801.6,99.1,,,,,,,2.7,18.5,3.3,4.6,,,0.3,0.3,324.9,,,,0.4,430.6,0.5,,,,,1710.3,,,1288.4,,,1.1,,,1142.9,,0.1
05131,7556.9,75.9,55.9,142.5,1152.4,2.7,,,26.2,13.5,4.0,335.6,3.3,24.3,,0.4,238.9,18.9,2.2,0.1,1.0,6743.4,11.4,13.2,160.3,2.9,2.4,1081.6,1756.2,3.0,702.9,19.8,2.4,1.4,,0.3,795.8,13.2,0.3
05133,3643.3,61.7,,13.7,,0.8,,,,42.8,2.7,11.6,0.8,,,0.1,137.6,,,,,486.1,5.0,65.8,9.7,0.9,,6.1,67.5,,980.9,15.6,,0.3,,0.1,351.0,3.8,
05135,7820.0,101.3,3.7,2.9,4.8,0.5,,,56.3,23.9,70.7,6.7,5.7,,0.3,0.3,325.6,0.8,,0.9,7.8,721.2,3.6,,6.1,0.4,,1743.2,9.3,0.1,1290.9,,,22.0,,0.1,1145.2,4.3,0.1
05137,6155.0,78.2,,,,,,,10.7,75.1,2.2,36.6,,,1.1,1.1,256.3,,,,0.2,339.7,1.9,,,,,1331.9,,,1016.4,,,0.7,,,901.7,,0.3
05139,2165.3,,,,,,,,1.5,18.6,3.0,5.8,,,,,28.2,,0.9,,,56.6,,4.9,,,,0.2,,,109.0,,,,,,176.9,,
05141,3749.0,47.1,13.8,25.8,93.9,,,,90.5,15.7,0.6,191.8,,,0.2,1.7,155.3,3.6,,,0.1,1027.3,0.4,,114.9,,0.1,976.1,18.9,0.2,612.8,93.4,,,,2.2,543.4,,0.7
05143,16178.3,295.2,32.4,245.7,308.5,,,,116.6,148.4,27.0,80.9,,3.2,1.7,1.8,971.1,78.7,0.6,0.3,7.9,959.4,2.6,0.6,107.7,1.5,0.7,1721.7,10.1,7.0,2515.3,0.6,0.5,0.3,,0.2,1121.6,0.5,3.8
05145,16882.2,105.1,1499.2,357.1,2919.0,257.0,,,667.4,284.5,178.4,787.2,534.8,5.2,1.5,55.7,21.0,47.9,,0.1,27.5,28798.3,207.3,82.6,997.5,16.8,6.3,1659.6,1010.1,20.2,895.9,124.5,4.7,1.8,565.1,4.4,799.4,252.2,14.3
05147,4066.9,93.0,1854.2,695.5,19830.2,1039.8,92.2,24.3,2028.7,1779.4,361.0,1585.9,7.5,10.8,11.4,185.7,110.6,1134.4,22.6,22.8,55.7,42461.7,152.2,373.5,19526.4,52.8,37.1,2137.4,7346.8,29.3,24.3,539.8,9.3,256.2,2342.5,59.1,1185.8,4642.9,124.1
05149,9244.3,98.6,250.5,496.8,2496.4,7.5,,,,37.2,,1456.0,9.2,108.8,,3.9,303.6,66.0,8.8,,,18503.0,33.4,2.7,401.4,8.2,10.6,1731.8,4935.4,10.5,849.6,86.0,10.6,3.2,,1.0,981.9,35.9,1.2
06001,226.7,,,,,,0.5,48.4,8.0,78.8,15.2,17.1,,36.1,,2.6,,,4.2,,,879.9,8.0,37.5,,,,221.1,131.6,0.6,,0.2,,,,,,510.7,
06005,255.1,10.6,,,,,,99.1,,,,33.8,,34.7,,3.7,,,,,,887.9,7.6,45.1,,,,33.0,12.6,,,0.1,,,,,,33.2,
06007,7174.9,450.3,,130.2,,,16.3,116.9,699.2,93.4,358.5,11936.9,2.6,3.7,2.9,301.5,4.1,,22.5,466.9,141.2,57929.8,,1248.6,314.8,,2.4,2212.5,1908.1,657.7,,187.9,,66.8,,,3852.1,1210.8,0.6
06009,350.7,,,,414.7,,,,,,88.7,78.4,,111.6,,,4.7,,,1.7,,1757.1,,79.9,,,,36.8,0.1,2.0,,,,,,,103.0,,
06011,1937.5,49.3,,,,,76.9,1379.7,308.8,51.7,6042.8,1816.2,41.9,38.5,201.8,281.4,12.7,,607.6,210.4,383.3,26799.0,18.8,1278.9,5846.3,382.2,,1709.2,603.5,530.9,,16.9,116.8,277.1,,,10797.6,3949.6,
06013,1453.5,9.6,,,,,130.5,61.2,329.8,593.0,824.5,1106.6,2.2,115.4,14.9,7.0,,,302.1,64.5,,4542.8,13.7,219.1,350.5,443.8,,946.2,27.7,48.1,0.1,2.6,3.6,97.7,,,168.8,486.7,
06015,279.2,,,,605.6,,0.1,,,691.0,4637.4,,,,0.9,,,,46.4,,,497.6,,,,,,,,,,,,,,,443.3,,
06017,35.8,,,,20.9,,,,61.9,,7.1,,,27.5,,,2.2,,,0.3,,524.4,,78.4,,,,21.0,30.3,,,,,,,,5.2,,
06019,10727.9,707.9,,4098.3,,,483.8,7851.0,29267.6,5199.4,41268.3,104000.8,1054.8,68.1,1627.7,752.2,665.8,,7926.8,1937.5,726.3,451761.5,319.8,4270.6,51456.5,210.1,5.0,85748.7,26485.5,7724.2,,890.7,3046.4,1052.0,,,164.1,66106.8,617.2
06021,8176.7,451.1,,257.5,489.8,,185.0,421.2,764.2,9.1,1775.4,8715.4,249.2,23.1,40.5,213.6,174.7,,464.5,287.0,673.0,44220.4,61.9,4752.9,7337.7,219.0,24.3,4033.2,2269.2,1133.9,,82.9,0.3,311.6,,,2853.2,5078.0,
06023,2213.3,,,,2334.6,,,,,,293.7,0.5,,0.9,,,,,,,,1214.9,,,15.6,,,,,,,0.9,,,,,4114.2,,
06025,17676.0,5158.0,,,5286.3,29.1,122.4,4989.7,2196.1,3317.0,11028.3,38166.3,1767.8,522.4,1850.4,1019.7,,,29575.7,1219.6,,14015.7,697.7,43511.2,56.1,452.2,,1345.9,9819.0,4955.5,,8.2,,2173.2,,,,145209.2,162.4
06027,,,,,,,,,,,,,4.2,,,,,,,,,,0.8,,,,,7.2,14.2,,,,,,,,,,
06029,2940.5,310.2,,,,,523.5,6087.6,11694.4,3460.4,30907.3,79553.2,589.0,,932.0,68.5,426.1,,17220.3,423.9,133.8,183154.0,245.9,5186.3,3086.4,48.7,2.1,79247.9,32089.6,8475.2,,261.2,49.6,608.5,,,,30143.4,126.6
06031,8646.8,202.8,,,,,260.8,5053.6,4604.8,2033.5,7343.5,56562.7,1555.6,50.1,343.1,103.6,1569.7,,4197.9,318.1,,77821.0,706.5,767.7,25328.1,,17.5,47007.3,40191.3,1799.5,,130.2,29.3,737.5,,,,50588.2,209.1
06033,736.9,,,,,,,196.3,42.5,,,1784.5,,1.1,,,,,3.7,,,5325.2,,30.8,,,,69.4,162.2,,,,,0.2,,,117.6,,
06035,816.8,34.1,,,71.8,,,80.7,106.2,,,354.9,74.6,2.7,67.6,0.4,10.9,,1266.4,,,159.6,20.8,122.9,,217.5,,1778.4,155.5,,,,,9.5,,,177.3,,
06037,171.6,6.4,,44.8,12.1,,38.9,458.4,309.8,,724.2,1045.9,69.1,,41.6,99.3,5.8,,167.4,23.0,,2883.1,71.1,243.7,8.2,,,1479.9,1063.6,59.1,,10.4,,6.2,,,194.9,2722.8,
06039,3499.7,145.0,,,,,78.2,1632.4,486.0,15.7,7728.9,12528.4,554.9,,161.3,155.6,325.3,,1629.7,361.6,,108341.8,223.9,646.5,651.0,37.3,15.5,25465.4,1686.6,5609.7,,110.5,5.3,521.6,,,7.2,7119.6,1.8
06041,,,,,,,,,,,,,,32.1,,,,,,,,69.6,,,,,,,,,,,,,,,1.2,,
06043,2.4,,,,,,,,,,1.6,,,3.4,,,,,,,,70.4,,,,,,,,,,,,0.1,,,6.6,,
06045,574.0,,,,,,,,69.7,,0.3,1629.1,,7.5,,,0.2,,242.2,20.5,,8082.1,,,,,,73.1,251.7,,,,,15.8,,,69.7,16.5,
06047,14045.7,1338.1,,278.1,,,654.0,4558.3,2838.6,1046.4,13361.6,13208.8,984.6,2.9,380.8,693.4,374.0,,5585.1,627.1,137.5,108341.9,409.1,10344.3,9178.7,354.2,144.0,27329.1,3656.9,2507.6,,421.1,24.5,1119.5,,,214.3,52037.8,17.5
06049,5257.7,52.8,,,2246.4,,,357.2,,,6445.3,788.6,16.6,22.1,43.5,19.7,310.2,,717.0,1.3,,510.3,18.7,883.6,,921.7,,752.1,229.7,96.9,,8.9,34.0,81.6,,,,,
06051,,,,,,,,,,,,,,,,,,,,,,,,,,,,30.9,15.1,,,,,,,,,,
06053,759.8,,,613.5,988.3,83.8,329.8,511.1,2052.2,6687.5,5518.0,23128.8,0.5,173.3,1.4,1213.4,103.6,,17857.1,1372.9,301.4,28261.6,0.7,32924.6,1971.4,36.1,,8283.4,1752.2,11535.8,,110.7,,71.2,,,14.5,2259.8,299.3
06055,64.2,,,,,,,18.1,77.4,,4.7,231.2,,3.6,,,,,50.6,,,19589.8,,,,,,198.3,111.6,,,,,2.7,,,1.8,,
06057,3114.4,,,,,,,,0.6,,16.4,,,,,,,,,,,59.3,,,,,,,5.7,,,2.4,,,,,15.9,,
06059,3.9,,,,0.4,79.3,118.6,,1008.6,,6521.0,794.1,,,25.4,10.7,0.1,,271.8,11.7,41.0,5156.3,,4214.6,52.6,0.2,,373.2,182.8,222.5,,36.4,,1.9,,,,227.8,
06061,651.0,,,,980.2,,,6.6,16.4,,3.2,310.6,,2.9,1.7,29.2,,,,13.1,,1745.5,,10.5,201.0,,,5.9,259.9,2.8,,12.6,,2.9,,,242.3,12.2,
06063,615.6,,,,1324.8,,,,,,,,,19.1,,,,,,,,784.2,,,,,,40.4,,,,,,,,,564.6,,
06065,4047.3,515.2,,47.6,184.5,,126.8,58.8,842.7,2080.7,1405.9,16621.8,982.3,1.9,564.3,278.6,164.2,,11669.8,447.9,59.4,24703.8,186.9,15778.1,705.1,177.1,,4577.1,3808.2,639.7,,1.6,26.0,288.0,,,753.5,22931.9,1.7
06067,6804.0,505.5,,,4422.5,,30.2,315.3,1128.6,591.8,1874.0,1410.7,86.6,2.8,,127.6,56.0,,664.3,150.1,94.9,20103.4,33.0,564.5,3115.9,320.3,70.5,7302.2,273.3,346.5,,13.5,15.4,237.4,,,970.8,2431.3,
06069,1379.7,,,114.2,,1.7,4.6,333.6,581.0,8.7,3346.8,2190.7,,4.5,12.3,29.1,,,1048.3,132.5,4.1,6829.0,,272.8,97.3,388.3,,630.1,494.8,1143.3,,10.2,6.5,17.7,,,72.8,700.4,31.1
06071,1280.6,,,,,,6.5,13.1,105.9,,223.5,857.7,16.7,,0.1,180.0,12.7,,310.2,0.4,,3445.0,11.8,2253.1,,,,413.4,19.0,2.1,,2.3,,,,,,2157.6,
06073,105.4,,,3.2,,,37.5,13.1,234.8,,16708.7,1307.6,,,56.8,1.5,65.0,,72.2,123.9,,16669.1,0.4,1104.5,264.1,10.1,,47.9,397.4,136.6,,48.5,1.4,0.3,,,154.6,144.3,
06077,22483.3,1613.6,,,984.3,,138.0,2867.1,5040.6,6462.6,12791.4,26333.3,420.5,,57.7,200.2,228.1,,8282.6,1476.1,816.9,59660.5,382.1,8495.7,6442.7,680.5,179.5,25584.9,2153.4,2616.2,,53.2,25.9,774.4,,,250.3,25266.7,
06079,3679.5,,,,2.2,,9.7,402.4,292.6,484.4,2619.5,5210.6,1.7,20.9,7.5,90.9,270.6,,1786.2,40.8,,21238.0,6.8,8520.7,24.9,,,4567.9,540.1,708.3,,76.1,,35.2,,,1.4,2378.6,10.3
06081,466.5,,,,,62.7,5.0,,9.5,4.5,1150.4,745.1,,,2.0,,,,214.7,4.2,,380.9,,156.0,,,,,23.9,54.8,,25.3,,0.9,,,,30.2,
06083,1308.2,,,2444.7,,13.1,117.0,209.0,159.0,,6354.6,15253.6,11.8,4.0,6.1,162.9,46.7,,7243.5,133.5,136.1,24508.4,3.6,13772.1,431.6,441.5,,3124.6,92.4,1375.3,,200.9,,61.5,,,26.7,1165.5,6.4
06085,222.8,,,125.7,,,1.5,294.7,150.3,9.4,1037.0,684.8,,3.4,22.3,15.7,22.3,,333.1,117.5,,2319.9,1.8,150.1,208.0,32.0,,535.5,216.6,220.8,,14.7,,9.5,,,49.3,184.9,1.6
06087,1.4,,,,,10.6,84.9,3.0,938.2,2.0,1255.5,3106.3,0.6,1.6,1.1,33.6,,,972.7,23.0,,1239.1,,7504.2,,,,219.8,24.0,405.7,,3.7,,1.1,,,3.3,18.6,10.1
06089,1400.9,,,,1648.3,19.7,,52.9,254.1,,269.6,933.6,0.4,31.2,5.4,0.6,45.3,,,1.8,20.5,10095.9,5.2,1831.8,,236.5,,701.7,87.4,,,,,,,,675.5,,
06091,286.5,5.3,,,,,,3.3,,,,,,,,,,,,,,149.1,4.6,,,60.6,,47.3,,,,,,,,,75.9,12.5,
06093,7043.9,294.3,,,76.7,60.0,,60.2,131.2,23.6,4827.3,454.9,22.7,56.5,129.8,25.4,316.1,,225.8,,,2365.4,15.3,1576.3,,2311.1,,1818.4,93.3,46.6,,,33.9,48.3,,,497.0,61.2,
06095,9427.8,605.5,,,158.0,,42.5,376.0,1007.9,304.5,3030.8,5450.5,33.2,24.3,53.2,16162.4,387.9,,2300.5,120.1,1443.0,10572.1,53.6,730.4,1772.4,162.3,2.9,4061.8,539.7,81.1,,13.2,79.7,434.6,,,116.2,3318.0,
06097,640.5,,,,,,0.3,99.4,489.3,,34.5,1015.2,,284.7,0.1,,,,275.9,0.1,7.2,27053.7,,38.3,0.6,,,352.3,936.4,7.9,,0.2,,80.4,,,149.5,27.3,
06099,8284.8,133.8,,,3.5,,680.8,3205.1,2084.9,714.0,7471.2,28962.5,147.2,12.7,58.3,383.4,241.7,,8448.1,1350.8,1124.6,77391.2,110.7,4366.1,7130.3,478.1,228.3,13852.6,3601.7,2463.4,,386.5,18.7,424.3,,,36.1,10878.4,
06101,5792.4,90.9,,,,98.2,325.8,217.0,2892.6,108.9,5317.7,9659.8,24.7,,,462.5,29.4,,2482.0,737.9,681.8,18851.9,15.4,2613.5,2179.4,520.3,0.2,1755.6,687.2,1934.8,,272.4,10.1,111.4,,,5251.4,6234.0,
06103,2771.7,47.8,,,26.9,,2.9,197.0,11.0,,30.6,6231.7,50.7,43.6,0.8,2.8,71.1,,54.8,148.8,276.1,19976.0,24.3,4606.3,11.5,,2.8,2125.7,964.7,153.5,,50.7,,191.6,,,37.0,549.9,
06105,163.0,,,,,,,,,,,,,2.8,,,,,,,,1901.4,,,,,,,,,,,,,,,567.6,,
06107,8934.7,883.2,,1933.6,,,286.5,7156.6,16725.7,1642.0,3334.5,70653.5,633.4,63.2,967.8,133.6,5047.4,,12711.0,676.7,37.6,175957.6,508.4,4847.7,2054.0,,32.9,37743.5,13201.5,1143.0,,722.8,,578.4,,,75.6,25846.5,2.2
06109,406.4,,,,4114.2,,,,22.1,,,,,1.2,,,,,,0.3,,10179.2,,0.4,,,,1.0,,,,,,,,,2.5,,
06111,575.7,,,2890.9,929.7,0.2,90.1,89.7,3414.0,,28516.2,34699.9,1.3,,31.8,26.6,26.0,,861.7,266.3,1.0,37414.1,3.8,14794.4,67.3,4.9,,854.5,414.1,2286.1,,818.4,,14.3,,,389.2,324.4,
06113,8810.0,3803.8,,,141.0,,146.2,2163.2,1471.0,1429.1,5823.3,10344.0,112.3,24.9,341.8,575.1,184.9,,2328.6,79.3,2149.7,23181.3,199.2,5542.9,5088.0,1900.1,,6705.4,1810.8,920.3,,26.6,75.9,437.8,,,2149.2,23928.8,
06115,1568.2,17.5,,,589.1,,5.4,,199.0,43.6,,4863.4,2.8,,,110.9,,,,290.6,13.6,5523.6,,1416.8,111.8,11.2,,1479.7,285.3,654.5,,165.6,,,,,803.9,143.3,
08001,10376.5,664.0,1633.0,258.0,5788.5,17.6,21.9,385.2,1.4,1131.8,457.9,800.6,148.1,67.7,71.0,232.2,2589.0,48.9,645.2,93.5,819.9,17149.5,105.5,72.6,491.1,30.3,33.9,186.2,6920.9,215.3,45.1,29.6,18.1,496.3,619.4,30.9,513.5,6732.2,7.3
08003,3281.4,141.4,,,1.6,,,3876.2,,839.0,11029.0,1961.9,95.4,62.6,112.6,136.7,270.1,,669.6,46.8,,1896.5,41.3,2690.8,484.5,2386.4,,1611.1,1623.3,217.2,142.4,7.8,10.7,11.3,,15.8,2.9,4276.9,
08005,5381.0,339.2,220.4,624.2,1525.1,14.3,2.9,44.6,,208.6,4.0,137.0,21.9,37.1,12.9,19.4,689.3,56.6,132.7,15.7,131.6,4741.4,19.0,14.6,264.4,5.2,4.6,129.1,1162.9,16.1,57.8,8.4,2.4,74.6,130.9,7.6,776.5,1404.0,1.4
08007,234.5,84.7,,0.1,3.4,,,78.8,0.7,103.9,0.3,7.6,1.5,5.7,,1.3,65.9,,62.6,,,579.3,2.4,194.2,0.1,15.6,,33.1,0.2,2.2,123.8,0.6,,,,0.2,,116.2,
08009,50591.1,1017.1,1780.9,10569.1,17551.1,2.1,111.4,227.3,,337.5,,699.6,83.8,92.7,31.0,66.7,1397.1,1358.4,613.2,10.1,127.9,14645.4,67.0,25.3,2454.8,66.7,17.1,9789.3,1917.6,125.3,105.8,8.6,13.1,99.4,6934.3,23.8,2747.7,3830.7,25.1
08011,6785.0,2204.2,148.0,323.4,809.6,0.2,9.3,1062.2,,941.4,,356.5,80.4,61.6,3.6,218.1,791.4,49.2,274.3,0.2,,4328.7,99.1,183.9,99.7,47.2,1.4,2758.6,71.4,71.8,92.3,0.4,1.1,722.1,523.4,1.3,3006.5,4344.3,2.9
08013,790.7,61.9,351.7,247.3,641.8,2.7,4.7,277.3,2.5,24.3,27.1,210.6,10.2,96.6,3.1,21.5,215.8,28.5,48.0,2.3,102.5,1005.7,11.2,88.9,394.5,1.1,12.6,14.0,102.4,41.8,21.6,,7.1,31.7,349.8,10.9,,102.0,13.0
08015,57.4,80.0,,,11.8,,,150.7,0.2,113.4,,40.7,3.3,3.7,,5.4,27.0,,60.8,,,48.1,12.2,363.9,,35.3,,75.4,,4.6,9.3,,,,,,1.2,263.4,1.6
08017,11493.2,529.4,4834.5,1085.1,10378.7,36.1,64.7,69.3,,924.6,,1790.2,79.5,121.2,66.3,55.3,2621.9,132.3,1037.9,80.0,716.8,16509.9,97.7,6.8,1294.8,42.0,100.3,310.7,7203.8,275.0,117.7,17.7,53.6,116.6,1833.2,19.3,1574.9,3915.6,8.9
08019,3.0,4.8,,,,,,,,,,,,0.2,,,1.3,,,,,0.7,,,,,,,,,0.5,,,,,,0.1,,
08021,1242.7,166.1,,,4.7,,,2588.6,,1018.4,524.0,2379.5,107.4,29.0,5.4,166.0,210.0,,841.9,2.2,,1597.2,50.1,3266.3,390.4,418.0,,724.0,77.1,96.6,135.8,1.9,0.5,0.5,,3.8,3.4,4647.5,
08023,1623.9,195.9,,,2.8,,,1553.1,,569.6,2164.1,1331.2,61.3,29.6,22.1,92.8,253.9,,454.3,9.2,,1337.3,28.0,1826.7,95.1,594.3,,584.0,318.5,59.7,154.2,2.6,2.1,2.2,,6.3,4.0,2678.3,
08025,2420.9,762.2,45.1,525.7,844.1,0.1,2.8,204.3,,179.9,383.2,80.4,17.4,33.8,0.8,45.2,423.1,64.0,85.4,3.1,,573.8,19.4,35.0,112.7,9.6,0.4,187.6,52.9,14.8,47.3,0.5,0.3,150.4,200.3,1.3,1692.9,732.0,1.5
08027,88.4,140.1,,,,,,21.7,,20.0,,6.6,1.7,7.1,0.1,4.6,85.4,,4.9,,,41.1,2.0,3.9,,0.9,,,,1.3,10.2,,,15.4,,,368.5,74.2,
08029,1932.0,219.8,1113.2,3714.6,842.6,56.0,8.6,823.4,78.6,1203.2,374.2,764.1,28.8,20.3,10.8,24.7,360.8,155.2,1886.7,16.6,329.5,3850.3,38.9,2282.4,244.9,181.3,8.7,434.1,468.2,67.9,319.4,1.9,6.9,29.9,389.7,2.0,,1406.0,4.6
08031,60.6,,,,,,,,,159.0,,5.0,13.8,,10.0,5.0,8.5,,,14.1,119.2,507.5,,,,,,3.7,987.5,,,,,15.9,,,,208.9,
08033,1708.5,91.3,77.8,537.4,159.0,6.7,0.6,489.3,0.5,509.8,,24.6,10.3,13.5,0.1,6.5,146.5,34.6,435.9,0.5,215.2,1282.9,12.9,951.7,49.1,76.5,0.6,162.6,392.2,10.4,302.5,66.6,0.5,,21.7,3.0,,575.3,
08035,1250.4,375.2,90.9,3.2,173.0,,1.2,70.5,,53.5,,67.1,11.2,29.7,2.5,5.2,65.8,0.5,21.7,,,253.2,26.3,24.1,17.8,6.3,1.9,2.5,32.5,11.1,48.8,0.2,1.0,94.6,33.1,0.6,676.8,66.6,1.6
08037,109.0,170.3,,,,,,156.6,,117.8,,40.8,3.4,7.8,,5.6,50.8,,63.2,,,30.7,12.7,378.0,,36.7,,78.0,,4.8,19.2,,,,,,2.5,273.7,1.7
08039,8866.7,1744.9,1069.8,332.4,2340.6,7.3,14.3,177.2,,758.0,,489.7,80.9,194.8,47.1,36.4,719.3,32.6,226.1,55.7,468.3,5364.7,78.6,57.5,315.8,22.1,22.2,92.9,4260.8,74.7,316.9,3.4,11.9,288.3,413.6,4.3,4391.9,1440.9,5.4
08041,6138.6,1437.3,265.4,314.2,712.1,29.2,3.6,151.5,,113.2,2.6,169.1,24.2,148.7,5.4,11.8,236.0,67.8,102.5,0.7,103.0,1514.7,58.7,50.6,192.6,13.8,5.5,49.4,147.4,27.6,255.2,0.2,2.9,203.9,118.6,0.3,3543.7,218.4,3.5
08043,263.2,527.3,42.8,9.5,11.3,,2.7,170.8,,158.1,8.7,63.8,13.5,20.7,0.7,36.5,245.6,4.6,51.8,0.3,4.4,206.6,17.2,30.8,15.2,8.5,0.4,16.6,23.9,14.6,28.2,,0.3,121.1,143.2,0.1,1019.8,589.5,0.4
08045,1630.2,458.6,283.3,640.9,206.6,,2.2,716.7,1.9,1061.5,5.0,57.8,14.9,32.0,0.6,13.6,415.5,18.5,891.3,0.1,0.2,3495.0,26.5,1981.8,32.1,159.9,2.2,339.0,58.5,21.7,682.7,4.9,1.7,,78.9,1.4,,1188.1,
08047,13.5,21.5,,,,,,,,,,,,1.0,,,6.0,,,,,3.2,,,,,,,,,2.4,,,,,,0.3,,
08049,209.6,296.3,,,,,,45.4,,21.7,,7.8,0.6,13.6,,1.2,85.8,,11.7,,,48.3,2.3,69.7,,6.8,,14.4,,0.9,34.3,5.8,,,,0.2,4.4,50.5,0.3
08051,125.8,198.4,,,,,,67.4,,50.7,,17.5,1.5,9.1,,2.4,56.7,,27.2,,,32.0,5.4,162.6,,15.8,,33.5,,2.0,22.4,,,,,,2.9,117.8,0.7
08053,7.5,3.0,,,,,,,,,,,,0.2,,,2.3,,,,,19.8,,,,,,,,,4.2,,,,,,,,
08055,606.6,849.7,32.9,7.3,8.7,,2.1,58.4,,54.2,,26.7,4.6,50.0,0.3,12.5,591.4,3.5,23.0,0.1,,241.3,6.4,10.5,10.9,3.5,0.3,12.7,15.9,5.7,70.2,,0.2,41.3,110.2,,2538.1,200.7,0.2
08057,374.7,594.2,,,,,,19.3,,14.5,,5.0,0.4,27.3,,0.7,165.7,,7.8,,,90.0,1.6,46.5,,4.5,,9.6,,0.6,67.1,,,,,,8.8,33.6,0.2
08059,126.6,96.2,,,15.9,,,16.4,,1.0,,6.2,0.1,7.7,,0.8,6.4,,0.7,,,39.9,0.3,4.1,,,,0.4,,1.0,28.3,,,0.3,,0.1,,2.9,0.3
08061,12929.3,718.7,850.6,2412.9,5284.8,55.2,11.4,42.8,,285.3,,361.0,27.2,96.8,18.8,20.3,1140.4,218.8,189.3,22.7,189.2,13827.7,27.5,11.5,1021.7,9.8,17.6,468.0,1870.6,50.9,155.8,4.0,9.4,70.3,505.3,4.4,2087.6,3766.6,2.5
08063,21754.7,989.2,27624.3,2545.1,50160.4,390.0,369.7,429.9,,1027.8,,9821.5,97.3,370.0,110.0,89.2,9359.7,898.4,5658.8,86.0,2134.3,51992.3,597.1,51.3,6466.4,250.4,572.9,820.7,15196.7,1574.3,156.2,24.7,306.3,333.6,10143.0,36.3,2058.1,7317.0,50.9
08065,15.2,24.2,,,,,,,,,,,,1.1,,,6.7,,,,,3.6,,,,,,,,,2.7,,,,,,0.4,,
08067,1241.4,303.9,134.6,600.9,118.1,5.6,1.0,696.2,3.6,939.2,2.3,57.9,15.7,25.9,0.3,12.0,316.0,32.9,734.2,0.5,95.6,2349.2,23.0,1754.5,48.3,141.1,1.0,299.6,47.7,19.4,475.9,7.1,0.8,,37.6,5.6,,1055.7,
08069,1882.9,558.9,1047.5,729.2,2178.1,6.8,14.1,528.0,4.2,52.2,241.2,409.5,22.3,225.8,9.1,66.9,640.7,100.5,108.0,9.4,258.3,2738.8,23.8,136.3,1177.5,2.8,37.6,100.1,355.8,93.1,171.5,,21.1,152.6,1025.5,15.5,,250.0,26.8
08071,4521.8,3535.5,41.1,141.1,312.8,,2.6,216.1,,189.7,,76.6,16.2,208.8,0.8,44.2,2500.3,19.6,59.6,0.1,,1983.4,20.3,37.0,36.7,9.9,0.4,828.0,19.8,15.2,299.1,0.3,0.3,145.3,150.3,0.7,10715.8,959.7,1.0
08073,13698.6,1633.0,2735.2,502.6,6300.1,17.1,36.6,83.9,,1180.3,,1070.2,106.3,231.8,78.3,59.6,2010.1,63.4,646.5,100.4,869.2,13407.0,71.0,19.3,691.5,27.3,56.7,190.8,7946.1,159.4,356.4,15.3,30.3,188.9,1028.2,14.3,4898.5,3938.0,6.0
08075,7016.6,852.7,4471.0,3032.5,10785.6,16.1,60.4,3974.0,6.1,214.2,,1139.7,52.9,377.7,39.1,62.4,3120.7,344.2,362.0,60.2,564.8,14274.0,74.5,255.5,3435.8,11.5,160.5,325.8,1423.0,309.8,321.2,,89.7,152.8,4270.8,36.0,,1163.2,60.9
08077,2721.0,320.0,1334.4,3723.8,907.0,25.7,10.3,1212.1,43.8,1762.4,152.2,371.0,30.5,30.1,5.9,24.8,498.4,138.9,2353.9,30.4,209.5,4499.0,52.8,3293.3,241.0,266.8,10.4,724.8,335.1,38.6,456.8,14.9,8.2,3.0,401.3,3.8,,1990.6,0.4
08079,18.3,5.8,,,,,,,,,,,,0.5,,,5.5,,,,,19.8,,,,,,,,,4.3,,,,,,0.1,,
08081,1598.5,1737.8,,,269.4,,,751.7,,378.7,,134.6,11.0,83.8,,19.7,571.5,,203.1,,,1011.0,40.7,1214.6,,117.9,,258.8,,15.3,212.9,71.5,,,,3.6,25.8,879.5,5.5
08083,3695.9,1052.0,347.0,5227.8,258.3,82.8,2.7,1424.0,10.0,2020.3,14.5,130.9,66.5,74.8,0.7,25.9,926.1,385.0,2258.4,7.0,1460.2,7983.7,56.7,3774.3,535.5,303.8,2.7,647.8,467.1,41.2,1533.6,28.5,2.1,,96.6,4.8,,2320.4,
08085,4197.3,264.9,2865.0,12392.0,2306.5,235.4,22.0,1188.7,8.1,1548.3,347.3,688.3,70.0,34.8,37.5,42.5,675.9,613.4,4351.8,24.9,1686.9,5578.1,69.7,2892.0,910.2,233.4,22.3,503.6,1117.6,100.3,381.1,4.9,17.6,30.9,1093.8,6.0,,1845.2,4.7
08087,4501.7,561.9,5993.3,4034.1,11524.2,16.6,80.9,2778.7,127.0,117.2,2289.8,1190.4,30.8,202.4,64.0,116.2,3372.6,408.3,629.8,118.8,478.5,13689.1,89.9,223.7,5002.9,63.9,215.2,362.7,1769.4,388.6,200.9,,131.6,219.9,5641.6,29.6,,761.8,55.2
08089,2491.7,1638.7,377.9,528.4,803.5,22.3,23.6,1061.8,,670.4,1027.3,329.4,130.3,54.6,3.9,237.6,671.4,144.5,358.7,8.2,67.5,1443.6,79.5,130.1,386.7,43.7,3.6,367.5,1320.1,70.1,66.7,0.4,2.8,539.0,1306.3,1.5,2385.7,2781.6,3.3
08091,317.4,115.8,9.2,20.8,5.9,,0.1,106.2,,162.6,,4.4,2.3,7.5,,2.1,91.7,0.6,106.1,,,790.4,3.8,303.4,1.0,24.4,0.1,51.8,1.9,3.3,162.2,1.0,0.1,,2.6,,,182.0,
08093,325.4,516.1,,,,,,10.2,,7.6,,2.6,0.2,23.7,,0.4,143.7,,4.1,,,77.9,0.8,24.5,,2.4,,5.1,,0.3,58.3,,,,,,7.7,17.8,0.1
08095,12740.8,230.7,24568.6,1513.0,42834.2,245.9,328.8,297.7,34.6,344.1,260.0,8643.8,36.4,314.2,65.3,47.0,7404.6,584.7,4779.4,29.4,1128.4,37450.3,491.9,16.4,5491.0,311.9,509.5,819.1,10165.3,1392.9,30.9,13.7,275.1,151.4,9021.1,24.9,380.3,3339.7,43.4
08097,20.3,30.9,,,,,,74.6,2.6,56.4,19.7,19.4,1.6,1.4,0.2,2.7,10.2,,34.1,0.1,,7.4,6.0,180.0,8.4,21.0,,47.2,2.7,2.6,3.5,,0.1,,,,0.5,133.5,0.8
08099,30188.0,3918.3,836.7,2732.6,5259.0,10.3,52.3,2741.1,,2601.4,202.3,1145.5,256.9,51.5,25.1,591.8,1036.7,404.7,955.6,7.5,98.7,14708.1,275.8,486.3,779.7,139.9,8.0,9253.6,1050.7,219.1,77.3,14.5,6.2,1917.1,3043.9,36.5,1702.3,12414.4,35.4
08101,1388.8,1496.8,249.8,235.5,200.1,175.4,15.6,700.6,,347.6,484.6,182.6,84.6,70.6,2.3,142.3,826.0,471.3,483.1,8.2,476.2,1394.4,47.6,67.3,490.2,24.0,2.4,179.6,1096.1,62.6,93.1,,1.8,279.5,843.6,0.9,3356.0,2486.4,1.6
08103,488.0,615.5,,,62.9,,,279.0,,180.1,,62.5,5.2,30.7,,8.7,191.7,,96.6,,,272.1,19.3,577.8,,56.1,,121.1,,7.3,71.9,3.9,,,,1.0,9.2,418.4,2.6
08105,2112.8,75.7,,,7.2,,,3809.1,,756.5,9872.6,1768.4,86.0,62.2,100.8,123.3,249.2,,603.5,41.9,,1647.4,37.2,2426.4,433.7,2137.9,,1445.9,1453.1,273.0,93.5,4.2,9.5,10.1,,20.5,1.6,3853.6,
08107,850.2,553.9,,,142.0,,,716.4,,382.9,,134.6,11.2,32.8,,19.3,234.2,,205.3,,,521.8,41.1,1227.9,,119.2,,257.7,,15.5,72.8,42.8,,,,5.2,8.2,889.1,5.5
08109,3217.5,466.9,,,7.3,,,3588.7,,868.1,8338.2,2028.7,96.7,85.5,85.2,141.5,616.3,,692.4,35.4,,2966.3,42.7,2784.0,366.3,1877.0,,1372.7,1227.3,471.1,376.3,3.9,8.1,8.5,,19.0,9.6,4295.1,
08111,25.7,,,,,,,30.2,,30.1,,0.7,0.4,0.9,,0.4,9.3,,18.1,,,2.9,0.7,56.1,,4.5,,9.6,,0.6,0.1,,,,,0.9,,33.6,
08113,614.2,188.2,,555.3,6.0,10.3,,114.6,0.2,120.8,0.1,4.7,6.5,13.1,,1.5,149.0,45.3,164.4,0.8,179.1,1312.8,3.7,225.6,62.0,18.1,,38.8,37.5,2.5,273.7,7.1,,,,0.5,,142.7,
08115,3064.0,137.0,2726.6,1878.3,5808.8,14.4,36.8,2024.4,6.1,250.7,,453.3,28.7,83.3,24.7,16.8,1759.7,210.9,207.3,97.3,612.9,7856.8,37.9,31.6,2468.8,7.0,97.9,140.1,1330.3,158.2,72.3,,54.7,122.4,2565.8,20.0,,1522.5,29.9
08117,17.5,27.8,,,,,,,,,,,,1.3,,,7.7,,,,,4.2,,,,,,,,,3.1,,,,,,0.4,,
08119,72.5,114.9,,,,,,12.9,,9.7,,3.3,0.3,5.3,,0.5,32.2,,5.2,,,17.7,1.0,31.0,,3.0,,6.4,,0.4,13.0,,,,,,1.7,22.5,0.1
08121,17754.1,1267.8,8303.0,626.9,17495.8,32.6,111.1,252.5,,607.6,,3103.9,69.1,221.3,50.0,71.8,4705.6,114.2,1825.7,41.7,415.6,25429.7,215.7,58.1,1784.3,85.1,172.2,338.9,5666.5,483.7,212.1,33.8,92.1,285.3,3063.6,33.2,2817.8,6487.6,18.0
08123,10500.3,1414.9,9842.2,6994.3,19744.0,86.4,132.9,5531.5,1596.5,578.5,7402.4,2771.3,161.7,1136.7,92.8,662.6,5880.2,950.5,1032.6,273.4,3534.4,25086.6,189.1,704.7,13165.6,50.0,353.3,763.6,4241.5,823.8,492.0,,203.3,1408.8,9473.6,90.2,,4579.4,222.6
08125,26819.8,2016.2,53282.2,3037.9,91660.7,679.4,713.1,954.3,371.3,924.3,2791.3,18857.4,117.2,730.0,166.8,108.0,15486.2,1513.0,10809.2,63.0,3112.7,78426.6,1191.1,142.4,13224.0,1584.2,1105.0,3643.8,22047.1,3047.3,245.4,18.7,619.6,739.5,19475.0,42.5,3336.1,6636.2,100.5
09001,37.2,0.2,5.9,65.1,27.2,8.9,1.9,0.5,112.4,2.5,71.8,99.3,2.0,1.7,2.8,0.8,3.6,17.5,22.4,3.5,1.0,83.8,,,49.4,0.6,,45.6,63.8,22.3,,4.6,0.1,2.4,26.7,,2.8,2.0,
09003,181.6,1.5,132.5,826.7,442.6,181.5,41.0,0.5,810.8,41.6,1043.9,1640.8,30.8,37.4,35.3,11.3,20.9,232.6,59.4,45.6,22.4,633.1,,13.2,871.3,0.5,0.1,383.4,1748.2,154.2,,51.4,1.0,50.7,346.3,0.9,8.4,95.5,
09005,274.8,9.6,534.7,271.9,972.3,17.9,13.5,0.4,2067.7,86.0,174.3,1496.8,5.0,151.0,5.0,2.8,69.1,376.1,63.2,7.4,3.3,450.0,,3.0,917.1,2.9,0.6,188.3,253.5,65.9,,8.5,4.2,7.5,177.6,3.8,20.2,3.4,
09007,60.7,1.2,34.7,46.3,70.8,6.2,1.8,0.3,292.6,6.2,65.9,152.4,1.3,9.8,1.6,0.5,9.6,30.8,21.9,2.5,0.6,108.1,,3.5,77.9,0.5,,48.4,47.1,18.7,,4.7,0.3,1.4,22.9,0.2,6.0,1.3,
09009,123.8,2.0,82.3,168.9,183.4,30.4,10.6,0.6,574.8,18.1,401.0,411.5,8.3,23.2,6.5,3.1,13.3,83.2,53.3,10.6,5.3,271.0,,5.3,292.7,0.3,0.1,137.0,159.8,55.6,,13.4,0.6,12.0,77.9,0.6,5.6,31.1,
09011,247.9,5.1,531.9,215.7,952.8,9.8,10.8,0.2,1117.4,84.2,87.7,1401.2,2.6,150.2,2.5,2.0,60.8,363.4,34.6,3.8,1.7,345.5,,2.9,873.5,0.4,0.6,158.7,200.2,41.7,,5.2,4.1,3.9,154.8,3.8,12.9,2.7,
09013,212.6,1.3,429.4,284.9,798.6,22.5,12.9,,371.4,69.3,188.1,1246.8,5.1,121.3,7.0,3.0,42.9,312.8,21.1,9.0,3.6,294.5,,7.7,777.1,0.4,0.5,177.6,304.3,45.5,,12.6,3.3,8.0,169.1,3.1,4.8,7.1,
09015,281.3,3.4,608.2,221.2,1082.6,7.2,11.5,0.6,758.1,95.4,81.7,1578.0,2.7,171.7,1.7,2.1,64.3,412.5,38.1,3.3,1.5,326.1,,2.0,985.0,0.4,0.7,176.9,216.1,44.2,,4.3,4.7,3.5,166.9,4.4,10.0,2.9,
10001,12899.7,114.7,3787.5,90072.2,71455.4,795.1,76.0,,2218.5,1208.6,8432.3,2673.1,135.7,104.5,6.8,787.0,796.0,2330.8,428.3,184.4,683.6,57915.3,877.4,,14454.2,1287.6,79.8,21102.1,13882.3,674.5,,649.2,79.8,645.4,4227.3,372.3,,4692.9,
10003,780.4,74.9,1734.2,863.9,4159.9,211.0,20.4,,98.2,118.3,448.7,1080.9,61.6,80.8,6.1,19.8,300.9,147.5,43.8,21.5,28.5,1804.3,235.8,2.4,4528.6,686.2,27.7,429.7,4171.0,97.4,,277.9,7.8,92.1,476.1,41.0,18.3,1631.2,1.1
10005,3237.9,144.1,6006.3,6220.8,31813.2,1480.4,460.2,,2815.9,2027.1,20218.2,4260.6,170.5,219.6,1.0,947.0,1396.6,226.8,457.3,198.8,1321.0,21136.6,1400.6,205.7,30592.5,1815.2,44.3,12157.8,16383.0,1627.2,2.8,872.6,41.4,739.7,10012.8,55.2,,7268.8,
12001,8142.1,467.0,,78.3,1378.5,8.6,79.2,,1160.0,109.6,2317.1,998.0,2.9,1.3,17.3,9.6,1248.3,,454.3,94.3,640.4,3509.2,,165.3,1879.1,7.8,8.3,757.1,504.8,101.7,86.0,188.1,,4.3,586.6,,1970.9,715.8,5.8
12003,64.4,5.2,,5.4,601.7,0.5,1.0,,21.7,106.5,128.2,84.5,,,0.2,2.3,15.9,,2.6,4.6,8.2,89.3,,52.0,186.7,1.7,0.6,74.3,29.8,8.5,5.1,16.6,,0.6,372.1,,13.2,5.4,0.8
12005,93.4,38.5,,0.4,25.5,0.2,0.1,,1.0,8.6,21.7,2.8,,,0.1,0.1,2.5,,0.1,1.4,0.8,9.1,,46.5,7.2,,,2.8,1.1,0.1,1.0,0.1,,0.2,8.0,,8.7,0.6,
12007,1213.9,39.0,,1.1,48.0,,1.7,,44.0,3.9,71.1,52.7,,0.2,3.8,1.4,190.2,,13.1,5.1,15.9,227.0,,5.9,55.5,2.8,0.1,44.2,2.3,8.2,13.1,24.3,,0.5,18.7,,300.3,5.6,0.1
12009,1427.5,91.1,,49.1,36.4,,,,150.1,0.1,501.4,412.9,0.6,0.5,0.1,,19.0,,59.3,5.3,47.4,14953.6,,6.8,0.1,0.9,,199.5,73.3,1.7,89.8,0.1,,31.9,7.5,,253.8,23.0,
12011,84.4,9.6,,2.2,,,6.7,,6.7,,,20.7,,,15.6,,2.0,,,,,1127.4,,0.4,80.0,,,139.4,3.7,1.3,9.4,,,1.8,,,26.7,,
12013,607.7,248.3,,104.6,280.4,82.1,1.9,48.3,48.0,277.8,11340.9,3498.6,43.0,,22.0,33.4,6.9,,15.9,5.4,2211.7,12181.8,2.7,64.5,276.9,24.2,0.4,177.0,1175.2,1.9,2.8,82.4,,39.1,115.6,,64.9,669.2,46.1
12015,3421.9,35.8,,84.3,0.9,,,,330.6,0.3,2460.5,860.4,1.6,0.2,0.1,,7.5,,298.4,25.2,238.4,35820.8,,17.8,0.1,,,493.0,157.2,5.9,35.3,0.1,,86.3,,,99.7,115.5,
12017,1421.7,45.3,,0.6,5.6,,0.1,,61.2,,117.5,32.8,,0.2,0.6,0.2,220.8,,38.4,3.5,58.1,707.9,,0.3,5.7,,,23.3,2.4,1.5,15.2,1.6,,0.3,35.9,,348.7,14.8,
12019,1699.1,54.7,,0.1,5.8,,0.2,,13.6,1.1,13.0,14.2,,0.3,0.5,0.2,266.7,,1.6,0.9,1.0,223.8,,1.6,6.9,0.1,,7.2,0.3,1.6,18.4,7.6,,,1.5,,421.1,0.3,
12021,6531.3,124.1,,41.4,10.9,,23.1,,382.3,156.6,42239.3,1176.8,3.4,0.6,73.3,19.6,25.9,,263.8,653.5,309.7,67374.2,,164.8,446.2,3324.3,,2690.3,270.6,337.0,122.3,1.4,,841.4,0.5,,345.8,102.1,
12023,201.3,134.7,,34.4,451.2,603.0,12.6,1.2,477.1,82.9,4154.8,636.1,6.9,0.1,1.3,4.6,54.9,,9.1,23.4,87.4,3354.9,,44.2,257.2,2.8,0.4,243.1,1093.9,7.4,17.6,81.8,,16.0,296.8,,45.6,95.7,2.8
12025,158.2,7.5,,3.1,2399.2,,54.1,,2334.6,904.8,31760.9,2505.1,0.1,,250.6,92.3,1.6,,441.2,590.1,572.3,12003.7,,743.2,1622.0,1089.5,,1416.0,184.3,1183.4,7.3,301.6,,142.8,126.6,,20.8,2079.2,4.0
12027,13510.6,203.6,,25.5,,,6.1,,586.2,164.5,3348.8,2179.1,7.1,1.1,2.9,,42.5,,268.7,89.0,318.5,136675.0,,211.9,39.5,,,1807.6,467.5,121.1,200.6,,,355.7,,,567.2,104.1,
12029,87.7,8.9,,0.2,24.1,,,,20.3,4.5,907.2,121.9,0.4,,,5.6,27.4,,11.8,3.3,189.5,46.8,,1.4,5.4,,,8.9,29.8,2.0,8.8,4.3,,9.8,128.0,,22.7,48.5,0.3
12031,83.8,6.8,,7.5,790.2,0.1,0.2,,15.5,144.8,10.7,44.9,,,,0.8,20.8,,2.2,1.2,,70.6,,44.1,194.8,,0.8,92.8,14.0,2.8,6.7,13.3,0.1,,490.1,,17.2,0.3,0.8
12033,1257.9,385.1,,371.7,1811.5,41.4,8.4,112.0,293.8,1009.9,4215.6,1851.6,57.7,,33.4,48.1,11.9,,86.3,20.8,817.2,17578.5,1.0,483.0,900.6,146.8,2.3,427.9,1452.9,4.4,4.8,70.3,0.1,26.6,683.9,,297.2,1039.5,73.2
12035,1009.2,32.5,,0.1,,,68.4,,1.0,,1724.2,0.5,,0.2,1.3,,158.4,,,1.0,,136.0,,,616.1,105.6,,0.4,21.6,,10.9,,,,,,250.1,200.2,
12039,438.3,165.8,,81.2,318.1,17.6,2.7,6.9,76.5,162.7,1839.3,605.6,7.1,,4.5,6.0,9.8,,19.9,6.2,282.2,2175.7,0.3,157.8,185.5,5.7,0.4,76.8,264.4,0.9,3.9,17.3,,7.6,118.7,,106.5,144.6,9.9
12041,2038.7,165.4,,36.5,798.1,4.2,0.2,,230.8,6.7,548.4,276.8,1.4,0.3,1.5,1.7,307.1,,165.8,21.2,264.1,604.7,,10.1,536.0,,3.9,257.2,121.8,8.7,21.2,24.5,,1.4,262.1,,484.8,144.7,1.3
12043,5164.6,198.0,,3.6,57650.7,,,,84.0,8.8,1025.1,262.4,0.8,1.0,,,205.9,,124.4,10.4,99.3,17483.7,,9.2,,161.6,,229.6,182.4,2.4,195.1,,,44.4,,,551.6,48.2,
12045,42.1,17.5,,,,,,,,,,,,,,,1.1,,,,,2.8,,,,,,,,,0.5,,,,,,3.9,,
12047,158.4,27.6,,45.7,3504.4,105.9,,7.9,60.1,688.4,829.8,618.1,4.7,,4.3,2.0,21.2,,2.4,12.5,15.8,709.8,,389.9,811.4,0.7,3.6,435.6,479.6,15.5,6.8,20.3,0.3,6.1,2186.3,,17.6,199.5,3.1
12049,10237.9,144.6,,36.6,,,5.7,,484.3,186.5,3304.1,1720.0,5.3,0.8,2.6,0.4,30.2,,162.9,100.6,248.0,103996.3,,210.9,38.2,49.9,,1392.4,363.0,139.1,142.5,,,280.5,,,403.0,63.0,
12051,27089.9,169.2,,193.8,134242.1,,25.8,,1642.3,215.4,20464.5,4312.8,9.7,0.9,100.9,28.2,417.0,,630.9,342.1,544.4,197644.7,,265.1,511.5,1208.3,,3321.9,1069.3,223.1,166.7,74.1,,718.2,25.6,,471.5,691.7,1.0
12053,2236.4,70.4,,5.8,14.6,,0.2,,173.8,0.4,47.7,98.7,0.1,0.4,1.6,0.6,343.2,,12.9,2.0,19.6,2130.2,,1.7,15.9,0.4,,72.0,10.2,2.5,23.6,2.2,,0.9,14.9,,541.9,5.2,
12055,14947.0,213.5,,85.1,257.1,,,,693.8,,1703.2,2680.3,7.7,1.1,0.2,0.1,44.6,,206.0,17.4,164.4,151335.8,,83.6,0.4,0.3,,2013.6,562.9,4.0,210.4,0.2,,384.4,53.3,,594.9,80.0,
12057,9581.1,291.5,,21.2,56.3,0.7,244.8,,4112.8,246.8,3791.1,2064.0,2.5,1.4,208.0,19.9,1338.1,,236.0,310.1,498.2,43514.7,,396.9,662.6,1234.4,0.1,9052.8,182.2,260.1,92.2,8.6,,243.5,215.5,,2112.7,223.6,0.1
12059,1324.8,576.3,,55.2,703.8,56.2,3.1,27.1,108.5,326.1,8167.1,2495.0,18.4,,9.9,18.4,29.9,,26.3,18.0,1594.8,5052.9,1.9,233.0,361.3,29.4,0.8,182.7,618.6,3.0,12.0,61.2,,36.0,310.6,,138.6,281.1,18.5
12061,9644.1,46.4,,980.9,25.8,,0.1,,2184.1,2.2,27.2,5356.2,2.8,0.2,0.1,,9.7,,0.3,1.2,1.4,113009.1,,32.5,0.8,0.9,,1191.5,813.6,2.1,45.7,0.3,,139.7,5.4,,129.2,,
12063,4593.6,2176.7,,287.1,3728.3,434.8,38.9,294.3,513.3,1862.3,57245.3,15507.3,130.3,,70.2,116.6,73.3,,90.8,113.2,9863.8,36006.5,11.9,2101.6,2012.7,435.4,4.1,1003.6,4314.9,17.8,29.4,409.1,0.1,231.0,1518.8,,409.3,2126.2,132.1
12065,995.2,377.2,,159.6,3049.5,36.4,16.6,14.3,367.2,1481.6,4485.6,1975.4,6.1,,3.2,5.9,19.9,,79.0,11.3,780.2,2095.6,0.9,756.1,1120.7,29.9,4.1,544.8,367.3,1.3,8.0,58.8,0.1,17.0,1257.5,,361.5,131.0,14.0
12067,520.6,49.2,,23.6,2495.3,1.4,,,114.4,454.3,1338.5,406.2,0.5,0.3,,8.2,150.7,,17.2,5.0,278.1,251.2,,138.4,632.7,,2.5,279.1,206.8,3.2,48.2,6.0,0.2,14.4,1680.7,,125.0,71.2,0.4
12069,6275.1,190.3,,50.5,299.6,0.5,4.1,,2607.4,7.5,218.7,1568.4,1.7,0.9,31.3,12.3,867.5,,45.6,22.1,71.0,27454.7,,28.2,312.8,0.3,0.1,1088.1,133.0,45.2,59.8,51.2,,13.0,107.6,,1369.7,18.6,0.5
12071,2834.0,45.1,,33.7,111.7,,29.6,,257.9,362.4,13153.2,587.4,1.4,0.2,52.4,3.1,9.4,,65.8,244.5,281.7,30489.7,,312.7,456.2,1116.2,,1082.4,144.8,292.8,44.4,,,179.2,23.3,,125.6,25.5,
12073,449.9,178.5,,54.9,761.3,12.0,5.0,,144.2,356.5,1259.4,351.7,0.3,,0.4,0.5,11.0,,5.6,5.3,153.9,288.4,0.2,230.6,291.2,2.6,1.0,123.5,82.3,0.5,4.4,8.5,,4.3,302.2,,59.7,24.7,0.6
12075,4142.3,1937.6,,83.3,1466.9,73.7,1.4,,3022.8,2.5,1331.4,577.3,25.0,0.6,0.7,8.0,610.0,,361.9,102.7,758.8,1546.1,,3.8,1269.2,,8.9,830.7,219.8,9.4,42.0,192.0,,24.2,586.3,,963.1,242.5,
12077,395.6,164.0,,0.3,13.5,,0.1,,0.4,6.6,,1.4,,,,,10.6,,,,,27.9,,3.1,4.4,,,2.0,0.2,,4.3,,,,5.6,,37.0,,
12079,513.9,68.1,,462.3,7101.5,185.2,6.9,4.5,226.9,1334.8,2116.3,992.6,4.1,0.2,2.7,6.0,100.2,,9.7,21.2,85.1,1561.6,,535.5,1921.6,28.5,7.3,965.2,793.0,20.2,32.0,64.0,0.6,10.5,4440.2,,83.1,454.6,3.4
12081,4591.1,105.4,,45.4,146.6,,160.6,,588.2,785.8,47674.9,934.1,2.3,0.5,34.2,16.5,22.0,,528.8,818.6,909.0,48804.1,,669.8,1007.9,3265.4,,2115.2,234.1,741.7,103.8,4.0,,662.4,25.5,,293.6,1317.2,0.1
12083,9191.0,770.5,,3.8,40.6,19.4,3.5,,1024.1,36.8,1020.5,176.2,6.7,1.5,2.0,2.5,1432.2,,220.9,52.8,410.2,3861.3,,56.4,78.2,1.7,0.2,186.5,47.7,31.7,98.7,55.1,,7.3,206.2,,2261.2,133.9,
12085,9103.3,64.3,,115.3,6608.4,,,,509.2,1.0,54.4,1799.3,4.4,0.3,,,32.3,,6.4,0.5,5.0,89598.2,,47.3,0.2,18.5,,1092.9,366.1,0.1,63.3,,,215.3,,,179.1,2.8,
12089,111.4,10.7,,2.3,247.0,0.2,0.4,,12.4,45.0,22.5,26.2,,0.1,,0.4,33.0,,2.0,0.9,0.1,67.4,,16.0,64.4,,0.2,32.9,4.7,1.7,10.6,11.6,,0.1,152.7,,27.4,0.6,0.7
12091,501.1,192.5,,46.1,167.3,25.2,0.8,15.6,90.1,119.7,3466.6,1108.6,16.2,,8.9,13.2,10.2,,12.3,7.2,671.0,4713.1,0.8,114.6,117.3,2.7,0.2,76.5,424.0,1.3,4.1,27.6,,13.3,60.6,,73.2,259.7,18.4
12093,2432.5,241.4,,63.5,,,0.6,,260.3,3.2,4355.1,604.9,1.1,1.3,2.1,,50.4,,104.4,10.1,77.9,25051.1,,14.2,142.7,490.8,,317.4,129.5,4.0,237.8,,,55.0,,,672.5,80.9,
12095,8384.2,258.9,,6.0,3470.2,,36.3,,1169.2,0.4,226.6,2377.1,0.7,1.3,372.6,147.0,1262.9,,0.1,173.2,0.3,14703.6,,8.6,3551.8,,,487.1,50.6,463.0,87.0,427.3,,6.1,802.4,,1993.9,,6.5
12097,33543.7,1064.7,,23.6,,,,,1561.7,,,864.3,1.0,5.5,,,5194.1,,,,,20124.6,,10.5,,,,650.1,76.5,,357.9,,,8.0,,,8200.8,,
12099,37559.2,11.8,,58.6,621428.8,,396.3,,524.8,361.9,36148.0,13669.3,0.4,0.1,1568.5,479.3,1739.9,,65.2,809.5,170.0,23743.9,,225.4,2827.0,2279.5,,3491.9,1456.7,786.6,11.6,1621.4,,587.6,660.4,,32.7,1296.5,21.3
12101,6334.0,190.7,,6.1,3.7,,5.3,,1446.0,21.7,224.7,798.8,0.9,1.0,7.2,0.5,930.2,,14.3,14.0,34.3,14882.8,,42.4,25.6,24.2,,760.8,60.3,17.7,64.1,4.5,,11.7,13.1,,1468.7,5.3,
12103,104.0,3.2,,2.0,,,,,14.7,,,6.7,,,,,15.6,,,,,222.2,,0.1,,,,6.1,1.7,,1.1,,,0.1,,,24.6,,
12105,32759.6,898.6,,227.4,8.2,,5.4,,16553.2,8.7,414.5,9166.4,10.3,4.7,0.9,0.3,4384.0,,99.4,12.3,153.9,172691.2,,124.0,38.0,4.0,,6908.1,798.5,9.2,302.1,5.1,,84.4,90.3,,6921.9,46.8,
12107,1965.1,64.7,,7.0,111.1,0.1,19.1,,45.5,1.2,1821.7,54.8,,0.3,3.9,0.5,305.4,,2.9,3.9,1.9,486.3,,1.9,535.1,222.9,0.7,60.0,54.2,2.9,21.0,12.7,,0.2,24.0,,482.3,55.9,
12109,746.7,23.0,,16.4,245.7,,113.3,,19.4,13.4,9843.0,46.8,,0.1,14.1,,112.1,,,17.1,8.5,136.6,,20.3,2578.1,1175.8,1.7,101.6,256.8,9.5,7.7,,,,51.2,,177.0,330.7,
12111,14751.3,62.9,,1451.2,,,,,3243.0,,,7987.9,4.4,0.3,,,13.1,,,,,172102.1,,48.2,,,,1804.4,1217.6,,62.0,,,219.3,,,175.3,,
12113,1114.6,449.4,,161.4,234.2,209.0,1.2,107.2,77.1,466.8,29736.0,9137.1,113.7,,58.5,89.3,8.8,,30.4,18.7,5869.8,32024.4,7.2,81.6,471.7,9.9,0.3,380.4,3016.6,5.9,3.5,207.9,,103.8,96.5,,87.9,1725.2,120.2
12115,677.9,51.4,,17.2,7.0,,0.4,,71.8,,778.0,175.5,0.3,0.3,0.7,0.3,10.7,,88.2,8.5,70.3,7016.9,,3.3,0.8,3.5,,107.0,30.5,2.0,50.7,0.9,,17.9,0.3,,143.3,35.0,
12117,1427.3,45.0,,1.1,,,32.4,,191.1,49.3,809.7,59.4,0.1,0.2,,,219.4,,3.5,20.0,31.5,1359.9,,75.0,227.7,,,62.0,10.3,34.8,15.1,1.4,,0.5,0.2,,346.4,90.4,
12119,5765.6,280.0,,1.0,25.4,3.9,1.6,,230.4,25.2,621.6,32.0,1.3,1.0,4.5,1.1,903.6,,138.7,28.4,236.8,951.6,,38.1,40.7,14.9,0.1,107.9,8.1,23.0,62.3,12.5,,4.0,130.6,,1426.7,59.7,
12121,490.9,157.7,,312.3,9834.1,836.5,325.1,5.4,2527.9,1496.2,22334.7,2371.4,10.6,0.1,7.0,113.6,86.3,,52.9,162.7,704.1,5513.1,,599.1,4802.9,15.4,8.2,1130.8,2170.0,304.4,27.6,349.3,0.6,130.5,6165.7,,71.6,1027.7,7.0
12123,44.0,4.3,,1.1,112.0,,,,6.1,21.0,279.2,38.6,0.1,,,1.7,13.4,,3.4,1.0,58.4,20.6,,6.4,25.2,,0.1,13.6,11.0,0.6,4.3,,,3.0,104.7,,11.1,14.9,
12125,856.0,31.0,,0.9,77.0,0.1,14.7,,216.7,75.2,800.6,179.1,,0.1,7.0,2.7,134.1,,66.4,39.0,125.4,455.0,,113.4,193.9,0.8,0.1,51.3,61.6,63.7,9.2,31.4,,0.2,63.7,,211.7,55.7,0.1
12127,2854.8,89.7,,3.5,4.1,,18.9,,233.6,3.2,348.8,125.5,0.1,0.5,0.5,0.1,437.8,,16.3,2.9,26.6,2669.5,,6.3,136.6,1.6,,103.7,11.4,2.8,30.2,0.2,,1.4,15.5,,691.2,61.2,
12129,91.1,37.3,,0.7,72.9,,0.1,,7.0,15.2,13.5,8.7,,,0.5,0.4,2.4,,0.1,4.9,1.1,14.9,,59.5,16.0,0.3,,5.2,0.6,0.6,1.0,0.6,,0.1,15.5,,8.4,2.3,
12131,1312.2,557.8,,131.9,316.6,45.1,0.8,7.3,492.7,93.1,6121.8,2000.1,9.4,,4.9,7.6,32.1,,47.5,17.7,1158.4,2785.4,1.4,261.4,257.3,8.8,0.2,116.5,453.9,1.6,12.9,54.1,,16.9,64.1,,216.8,163.1,11.3
12133,652.6,284.3,,83.1,706.1,20.2,3.7,15.6,73.9,331.0,2567.1,871.7,3.2,,1.8,3.9,14.3,,17.0,6.7,484.1,917.1,0.6,168.5,320.9,36.6,0.9,133.5,188.2,1.0,5.7,25.7,,11.3,301.5,,103.4,68.4,4.1
13001,1900.8,14.1,,683.6,1576.7,42.5,0.4,284.5,522.7,1207.4,715.1,1129.6,161.0,10.6,134.8,116.0,38.5,137.4,11.3,34.0,61.0,20757.2,,0.1,1786.2,85.3,6.7,894.0,3502.7,23.9,15.6,25.6,1.3,57.9,145.2,1.5,204.1,10504.4,49.2
13003,607.6,248.7,,184.7,1606.7,286.4,25.3,101.4,370.4,828.6,7717.1,459.9,43.8,4.9,40.8,15.8,19.0,66.8,21.7,146.7,777.6,5899.5,6.7,2082.5,2496.9,57.5,3.7,647.9,2314.7,13.3,6.6,58.9,0.2,62.2,51.9,2.2,128.5,2170.9,10.7
13005,573.5,30.9,,137.3,713.1,64.5,4.9,102.0,175.5,678.0,2811.0,525.5,55.5,5.9,46.8,46.8,14.3,76.8,10.5,35.0,124.7,6933.3,,17.0,942.6,27.6,3.7,422.4,1817.9,10.8,4.2,36.0,0.7,43.7,157.7,0.3,54.8,3671.8,15.6
13007,1643.7,934.7,433.5,359.6,5994.3,789.1,,46.9,219.6,2355.2,25692.6,1781.6,65.7,16.8,4.5,79.2,63.3,275.3,71.2,12.5,2804.0,9570.1,27.0,665.4,4410.0,112.0,0.2,585.6,4691.9,25.9,98.2,788.4,0.2,101.6,2330.4,5.5,113.6,4860.1,20.6
13009,34.8,21.3,11.8,9.6,213.6,,0.2,,214.4,79.6,11.2,39.0,,0.7,,1.4,10.7,6.8,1.1,1.5,1.7,198.1,0.1,1.1,127.2,17.3,0.1,42.4,41.2,2.5,1.9,13.4,0.1,4.9,7.3,0.1,232.7,0.7,1.8
13011,1349.6,55.8,57.9,65.3,236.8,8.1,,,221.5,13.2,225.7,33.6,0.5,0.7,,4.4,57.5,15.7,1.4,1.7,3.0,1111.6,3.8,16.0,231.1,41.9,5.5,197.7,68.0,7.2,194.6,159.0,0.1,4.3,22.9,0.5,476.6,28.1,
13013,982.3,2.2,2.0,2.5,82.2,2.6,0.6,5.1,46.9,5.3,91.5,17.9,0.2,,,0.4,25.4,0.3,1.0,0.8,2.2,196.9,0.2,4.9,30.0,1.6,1.3,64.2,9.7,2.1,225.8,0.7,,2.5,0.8,,151.6,17.3,1.2
13015,1903.8,6.8,115.7,123.8,1235.8,221.5,45.2,9.7,51.7,23.9,12.3,122.9,3.6,2.9,1.0,9.4,27.2,43.6,0.8,0.2,0.9,2120.8,12.1,2.0,846.4,124.0,1.9,479.6,238.4,5.6,393.2,1.2,0.4,2.7,65.9,0.1,17.2,281.8,11.4
13017,925.4,545.4,,680.6,4854.9,489.9,1.4,143.7,370.7,2031.1,12671.2,666.7,49.2,14.2,37.8,26.4,37.0,170.1,121.4,21.0,1374.8,6792.3,12.6,500.8,5827.9,157.9,10.6,1560.3,2971.4,19.6,4.4,107.3,0.7,33.8,136.1,6.8,85.3,1939.3,11.0
13019,1092.6,579.3,,291.6,2996.0,714.7,29.9,218.7,579.7,1506.3,19296.9,2885.9,97.3,9.1,88.6,41.5,29.9,142.4,214.2,120.2,1934.6,15581.6,14.0,1547.4,5402.7,111.2,6.8,1759.0,5224.2,20.4,7.2,426.9,0.4,123.9,213.6,4.6,141.3,4511.6,50.8
13021,132.7,73.3,26.7,123.1,480.6,9.3,1.6,,382.5,144.1,71.8,81.9,0.4,1.6,,4.6,19.7,15.3,4.6,2.3,14.5,442.7,1.6,7.3,378.8,113.0,0.2,114.7,124.4,3.2,2.3,26.9,0.2,4.0,12.1,0.6,285.3,26.2,3.5
13023,274.0,257.7,69.8,233.2,1692.4,306.2,,284.6,698.9,353.9,5080.4,227.7,60.0,4.1,4.9,30.4,20.8,55.9,33.9,6.7,710.0,12343.9,5.4,,1846.7,85.8,0.5,540.8,1297.5,15.2,2.3,132.5,0.5,33.6,21.9,0.6,289.1,2763.5,14.1
13025,269.4,6.5,,45.5,279.4,18.1,0.1,,74.9,294.7,221.1,229.5,3.6,2.6,,1.2,7.3,33.3,1.7,3.1,11.2,311.6,,10.3,363.7,4.8,1.6,105.6,216.5,5.4,2.5,15.8,0.3,5.7,30.3,0.1,32.5,70.9,1.9
13027,1950.8,590.5,,678.8,5340.4,605.2,96.1,413.9,1638.3,2828.8,20107.6,2599.8,172.6,15.9,170.1,60.1,45.3,186.7,212.3,547.7,1818.1,27371.6,14.9,8257.3,7898.3,178.5,11.9,2524.3,8020.5,176.0,8.3,360.7,0.8,202.8,262.3,7.4,161.5,8667.3,56.9
13029,134.8,10.8,,102.3,131.1,33.9,,5.4,13.0,138.3,162.4,39.8,11.9,1.2,2.5,2.9,3.2,15.7,,1.0,4.1,928.9,,0.6,232.0,15.0,0.8,67.0,169.1,1.3,1.0,19.5,0.2,8.5,9.8,0.3,13.3,386.8,0.7
13031,4340.0,669.7,460.9,859.4,3718.7,1242.6,10.1,1410.5,3943.2,80.1,35765.8,10325.8,206.4,20.4,18.8,437.5,96.4,413.8,121.6,117.0,3618.4,39623.2,60.5,40.2,2137.0,298.3,42.4,2955.9,8762.3,118.6,18.7,385.0,2.6,141.5,59.0,9.4,326.7,7059.3,59.0
13033,3212.8,446.5,460.3,771.4,4408.2,597.8,0.5,964.6,3608.9,79.2,13226.4,4663.1,119.6,20.4,12.9,222.0,105.0,334.1,77.6,59.2,1664.4,27386.8,35.1,20.6,1568.8,180.9,42.4,1793.1,4481.9,85.4,30.3,195.0,2.6,63.3,59.0,6.4,528.7,4662.9,40.2
13035,50.6,31.5,1.3,11.9,25.2,,,,195.3,22.5,26.5,39.8,,0.1,,1.9,15.8,0.8,0.8,2.3,,249.3,,17.8,27.0,22.2,,45.2,7.4,8.3,3.1,15.2,,0.2,7.2,0.1,384.2,,1.7
13037,2688.8,1129.6,222.0,855.9,4335.2,819.9,,165.9,907.9,1372.5,26633.5,8070.2,93.0,8.6,6.7,114.1,35.2,200.1,845.0,28.8,2904.9,22735.8,26.3,367.9,3783.8,394.0,0.1,989.7,5447.4,16.0,83.1,1848.3,0.1,112.5,1193.3,15.1,1334.7,7107.9,74.0
13039,83.7,,,1.2,26.4,,,,0.6,23.7,24.9,7.9,,0.2,,0.5,1.8,2.7,0.2,1.2,3.1,10.8,,,34.9,,0.1,7.5,4.4,2.3,0.9,0.8,,0.3,7.9,,12.3,1.3,
13043,669.8,79.1,61.4,71.4,482.4,77.3,,403.3,670.1,10.5,1746.1,928.8,23.0,2.7,5.4,74.4,24.8,44.2,34.8,11.2,214.1,10821.2,4.6,4.2,217.6,24.3,5.6,492.1,1445.7,26.8,10.0,38.7,0.3,8.9,7.9,1.0,174.0,1802.7,17.3
13045,3317.0,781.7,9.7,29.1,120.7,0.2,0.4,,70.9,64.9,35.6,49.6,,0.4,0.6,1.4,103.9,3.6,7.5,1.6,3.7,985.8,0.1,2.6,31.6,17.9,0.2,44.0,20.3,1.8,577.1,3.8,,3.6,25.4,,232.7,9.4,0.2
13047,805.1,1.9,27.6,23.2,236.7,4.1,10.8,,10.8,3.6,75.9,21.1,,0.7,0.1,0.7,12.0,10.4,0.2,0.6,15.1,238.2,1.4,,54.5,3.8,0.4,32.4,21.0,1.0,214.5,0.2,0.1,8.4,15.7,,9.4,,0.2
13049,120.4,,,4.6,82.8,0.1,,,7.9,88.5,3.3,53.6,,0.8,,,3.0,10.0,0.1,0.1,,26.0,,1.2,95.6,,0.5,29.1,46.4,0.6,1.3,0.5,0.1,0.1,5.4,,16.5,,0.2
13051,129.6,,,1.5,26.3,,,,,28.1,,4.6,,0.2,,,2.7,3.2,,,,7.6,,,30.3,,0.2,8.8,4.3,,1.5,,,,1.7,,19.2,,
13053,25.5,5.5,3.8,1.0,22.1,,,,2.9,21.8,0.3,7.3,,0.2,,0.1,0.9,1.4,0.5,,,17.4,,0.1,5.4,1.4,0.1,12.7,2.4,0.2,4.1,0.5,,1.1,8.7,,8.1,,0.1
13055,1484.5,4.5,76.1,77.1,683.8,108.5,29.7,8.1,25.7,15.8,14.0,84.3,1.8,1.9,0.7,5.2,22.9,28.7,0.9,0.3,2.5,1263.2,6.9,0.6,431.0,17.6,1.2,301.0,161.9,3.1,368.1,0.2,0.3,1.7,43.3,,16.1,200.6,9.3
13057,1577.9,3.5,3.1,4.6,133.9,0.2,0.6,,346.1,35.8,24.2,201.4,,,,,40.7,0.6,1.7,1.4,1.8,178.4,,74.8,10.6,,2.0,74.5,4.3,16.3,361.8,8.1,,0.5,1.2,,242.8,2.5,0.3
13059,399.9,22.6,,79.8,239.9,24.1,0.2,,143.1,18.7,73.9,67.0,0.2,,,5.9,10.3,,0.1,0.7,1.9,478.3,1.7,,253.0,390.8,,61.7,12.5,0.7,68.4,1.6,,3.4,,0.2,45.9,8.3,0.1
13061,1089.1,553.4,72.9,330.1,1331.7,394.6,,94.7,121.5,436.2,12741.3,672.7,28.0,2.8,1.8,36.7,11.9,83.3,79.2,5.5,1390.8,4149.5,12.8,111.7,1376.0,230.3,,294.4,2162.2,5.0,31.8,447.8,,49.4,391.9,8.5,23.4,1984.9,7.6
13063,55.9,13.1,,,,,,,,,,,,,,,1.7,,,,,14.9,,,,,,,,,9.8,,,,,,3.6,,
13065,112.6,6.1,,7.9,367.9,,,,22.9,151.9,0.9,62.9,,1.1,,0.4,4.0,9.5,2.1,,,84.9,0.3,39.0,299.0,,0.8,97.6,49.2,1.4,2.0,4.2,0.1,0.1,9.0,0.1,38.3,,0.4
13067,258.3,0.6,3.2,3.0,134.9,,0.6,,150.1,20.3,0.9,16.7,,0.1,,,6.8,0.6,0.6,0.3,,70.3,,1.6,5.4,2.5,2.1,9.7,2.8,0.8,59.2,1.2,,1.8,1.3,,39.7,,0.2
13069,1571.9,757.8,,328.0,4433.7,1050.3,15.5,331.3,446.5,2301.8,27602.7,1191.6,171.3,13.5,147.3,55.6,39.8,220.8,67.2,122.4,2979.0,22064.4,21.5,1582.4,8132.0,47.1,10.1,2009.2,8818.3,27.3,14.8,211.9,0.7,105.4,151.5,2.5,289.6,7409.6,41.1
13071,1944.9,861.7,,654.2,2393.3,1255.8,125.4,606.6,1747.5,2002.6,49138.2,6323.1,293.4,6.8,367.6,129.1,29.3,173.5,168.4,1377.6,3714.5,41569.2,21.4,9334.1,8844.1,87.1,5.1,1978.1,13478.0,155.5,10.8,386.0,0.3,410.8,531.4,3.5,210.3,19247.5,77.1
13073,225.0,10.2,0.4,19.9,74.3,0.2,,,24.9,0.1,7.6,26.7,,,,,10.3,0.3,0.7,0.8,,151.8,,,24.2,,,8.5,1.6,0.5,6.4,1.5,,0.2,0.1,,112.0,0.4,0.1
13075,505.0,522.1,,108.6,1224.8,813.4,42.1,146.9,558.5,735.6,21997.2,1228.0,77.2,3.7,70.1,36.4,11.8,104.5,87.8,183.6,2182.5,9784.8,12.4,2130.3,3977.7,44.0,2.8,964.2,4185.7,16.7,2.6,191.9,0.2,140.2,187.2,1.9,50.4,3620.1,22.5
13077,1293.8,307.3,16.9,108.0,132.1,17.6,0.2,,47.0,85.8,138.5,73.7,0.3,0.7,0.1,1.0,41.3,6.3,4.7,2.6,1.4,605.8,1.3,3.6,97.1,37.3,0.3,116.8,77.2,4.1,216.2,12.4,,2.0,38.7,0.1,98.7,30.6,0.2
13079,992.2,50.1,7.3,204.7,131.2,13.3,1.8,13.2,1548.5,41.9,1468.0,697.1,2.9,0.4,0.2,4.0,13.7,4.2,23.5,21.3,18.9,3770.0,2.5,1025.3,274.4,87.2,0.1,1390.2,105.9,335.2,1.9,352.6,0.1,10.2,3.1,0.4,236.1,159.1,39.3
13081,1175.7,810.3,,376.7,908.4,1027.9,42.8,320.1,539.7,739.3,35240.6,3163.1,156.1,2.5,128.8,81.2,19.2,126.5,303.6,66.7,3322.6,22855.8,18.5,356.1,5727.3,106.3,1.9,1568.8,7198.4,15.6,5.8,512.5,0.1,144.9,660.8,3.9,113.9,6837.4,65.5
13083,311.5,0.7,1.3,2.0,35.2,0.9,0.5,,34.2,4.6,16.0,10.4,,,,,3.9,0.5,2.1,0.4,0.9,87.0,0.1,0.9,4.7,0.4,,7.9,2.2,1.2,82.8,0.2,,0.2,0.7,,3.6,2.3,
13085,1005.8,2.2,44.9,22.9,1866.1,,8.3,,145.8,5.0,,5.6,,0.7,,,27.4,8.0,,,,54.5,0.2,,53.3,0.8,28.8,6.3,33.0,1.1,229.3,,0.1,0.6,17.8,0.1,153.9,,
13087,2471.1,1323.6,325.0,5159.5,9570.2,1215.2,32.6,120.9,623.6,2464.7,35779.2,17598.8,120.6,12.6,659.0,952.5,53.0,266.4,258.3,876.5,3604.5,21345.3,33.3,638.3,10710.2,289.6,0.1,794.8,8686.7,935.6,139.2,2035.9,0.1,229.8,5753.8,11.4,333.7,9672.7,44.9
13089,85.5,0.2,,,,,,,0.6,,,0.5,,,,,2.2,,0.1,,,1.9,,,,,,0.6,,,19.7,,,,,,13.2,,
13091,383.6,637.7,98.3,243.8,2153.7,809.3,9.8,325.5,827.8,495.9,13854.7,458.7,90.7,5.8,5.6,50.7,35.1,99.3,51.4,14.4,2030.2,14339.6,10.4,60.8,3224.3,129.0,0.7,699.3,2081.3,20.3,4.3,283.1,0.7,80.8,29.2,0.9,538.0,3219.2,12.3
13093,2313.6,1563.1,,671.3,771.6,1215.3,18.6,789.1,423.8,1111.4,33880.6,2028.0,293.0,2.2,262.2,105.1,61.8,140.2,206.9,75.3,3489.4,40857.0,25.2,213.2,7157.4,556.3,1.7,1604.0,12572.7,27.7,10.4,472.6,0.1,157.5,277.3,19.9,203.6,13382.8,86.2
13095,918.0,255.2,90.3,381.2,1387.9,155.2,,35.4,1579.6,507.2,4783.0,19550.0,21.3,3.5,1.6,24.3,14.6,54.6,1628.8,44.3,515.4,27939.6,8.1,219.3,1112.7,100.0,,1054.9,1243.2,6.9,37.1,2936.4,,22.5,486.6,3.5,3753.6,1544.4,140.3
13097,273.0,63.7,4.3,2.1,25.7,0.3,0.2,,14.1,23.6,17.5,10.1,,0.2,0.2,0.3,8.7,1.6,0.4,0.8,1.3,92.9,,0.5,8.3,,0.1,6.7,7.8,0.7,47.6,0.8,,0.9,10.5,,18.2,2.9,
13099,3356.6,1701.5,321.8,708.1,5007.8,1193.2,0.1,233.6,457.8,1979.9,38745.9,3910.1,131.6,12.4,9.4,161.5,54.2,290.8,318.6,25.2,4228.4,21597.8,38.1,505.4,5131.3,554.8,0.1,965.1,7625.6,23.0,157.6,1563.6,0.1,162.7,1729.9,21.3,464.5,10036.5,52.2
13101,134.7,6.2,,184.3,596.5,21.5,50.0,8.9,620.6,356.4,2604.6,1263.6,4.2,1.6,63.4,23.1,4.7,13.6,7.8,318.3,206.0,1000.2,0.4,4263.8,807.4,,1.2,179.5,350.3,44.2,2.0,27.3,0.1,133.4,168.8,0.1,39.0,542.7,1.0
13103,399.0,39.1,222.3,124.7,1739.7,43.0,0.5,72.0,1603.5,42.8,842.3,514.8,12.1,9.8,1.0,16.0,22.2,131.7,7.1,4.7,102.7,2384.4,5.5,,305.9,23.2,20.5,195.1,510.3,19.6,4.3,15.3,1.2,5.5,28.5,0.7,74.4,373.5,3.3
13105,1351.2,52.8,12.5,83.8,258.0,4.7,,200.9,119.6,11.8,6.8,71.2,2.3,0.2,0.8,27.9,41.1,3.4,5.7,1.8,0.1,3585.7,2.0,,282.3,21.0,1.2,96.3,152.3,4.8,221.6,2.5,,2.2,4.9,0.2,542.9,316.9,81.1
13107,1365.4,120.6,155.8,142.0,1267.2,199.2,0.5,821.9,1753.2,32.5,5000.9,2168.2,38.7,6.9,11.0,155.2,43.2,115.1,76.4,28.4,610.3,22172.5,8.0,5.1,410.6,18.7,14.3,1013.5,2906.7,55.3,18.4,102.7,0.9,26.3,20.0,0.9,321.3,3622.1,36.2
13109,571.1,25.6,,141.4,280.4,33.1,0.4,30.7,203.8,303.0,982.0,480.2,25.4,2.6,14.0,16.9,11.4,34.1,3.7,5.8,13.9,2877.0,,29.6,424.3,43.9,1.7,167.8,719.5,4.5,5.0,24.9,0.3,12.9,28.1,0.6,65.9,1312.2,9.5
13111,308.7,0.6,30.6,17.1,1271.8,0.5,5.7,,259.6,21.6,6.1,142.6,,0.5,,,8.6,5.4,20.9,5.1,,167.4,0.2,17.4,39.6,0.4,19.6,77.2,34.0,14.7,66.7,1.5,0.1,0.5,12.1,0.1,44.8,0.9,
13113,496.9,112.9,1.3,57.5,50.7,7.9,0.1,,26.4,8.1,58.1,31.4,0.1,0.1,0.1,0.2,15.0,0.5,4.2,1.1,0.8,256.2,0.5,1.7,40.1,3.8,,44.5,34.9,1.4,84.0,4.7,,0.7,3.5,,37.7,14.7,0.1
13115,2859.9,9.9,146.7,136.5,1329.6,92.6,57.3,17.2,76.8,44.4,44.7,170.6,1.5,3.6,1.5,11.1,44.5,55.3,0.8,1.1,40.5,1798.0,9.9,3.0,527.6,42.0,2.4,545.7,291.9,8.2,717.3,0.7,0.5,20.4,83.5,,31.4,371.6,19.8
13117,1319.8,2.9,4.7,8.0,204.9,0.1,0.9,,560.5,81.4,8.5,80.3,,0.1,,,34.3,0.8,0.6,1.3,1.6,243.4,,19.5,15.2,8.2,3.0,17.9,5.5,5.4,304.1,1.6,,6.3,1.9,,204.1,2.1,
13119,2310.8,132.0,25.8,70.7,209.1,7.1,,,199.0,15.3,27.5,53.3,0.4,0.3,,15.1,77.1,7.0,1.2,1.5,1.9,1382.2,3.1,1.5,221.2,106.8,2.5,80.4,42.0,2.7,373.9,20.4,,3.4,10.2,0.9,915.9,23.9,0.3
13121,757.8,1.7,1.2,15.1,68.0,0.3,0.3,,1429.8,173.6,16.6,94.6,,,,,19.6,0.2,1.6,3.0,0.3,580.8,,24.4,20.3,,0.7,37.0,6.5,8.2,173.9,4.4,,0.3,0.5,,116.7,1.6,0.4
13123,588.7,1.2,60.8,35.6,2531.3,0.2,11.2,,664.7,64.9,14.6,272.6,,1.0,,,16.6,10.8,33.9,8.7,,363.7,0.3,40.7,78.4,2.8,38.9,136.9,62.1,27.1,127.3,3.4,0.1,2.1,24.0,0.1,85.4,0.4,
13125,338.3,61.5,16.4,34.8,128.3,47.2,,36.4,156.6,5.9,1044.2,348.3,8.4,0.7,0.5,12.1,13.4,15.0,3.7,3.7,131.5,1210.3,2.6,,78.9,14.3,1.5,108.5,237.7,2.8,4.6,17.2,0.1,6.3,2.1,0.8,80.1,196.7,1.7
13127,63.1,,,0.2,3.4,,,,,3.7,,0.6,,,,,1.2,0.4,,,,2.4,,,4.0,,,1.2,0.6,,0.7,,,,0.2,,9.5,,
13129,2984.7,16.4,249.8,282.1,2300.7,600.6,97.6,8.2,114.8,55.3,11.0,217.7,9.9,6.2,1.6,11.8,48.3,94.2,1.8,0.4,7.2,4571.1,29.6,2.7,2059.4,145.4,4.0,796.4,429.5,12.5,621.0,0.5,0.9,12.4,142.3,0.1,27.2,426.1,10.8
13131,1463.4,577.9,640.7,553.3,8836.7,380.2,6.0,28.7,640.6,3396.8,12829.1,5666.0,59.5,24.8,8.2,76.7,91.3,291.2,439.7,40.7,1284.3,14896.2,19.4,1341.9,5178.7,77.3,0.3,577.3,3659.9,43.6,118.4,999.2,0.3,65.9,3460.6,4.7,952.7,5399.5,49.4
13133,87.1,45.6,24.3,60.4,884.5,,,,203.2,126.7,0.5,110.3,,1.4,,0.9,28.2,13.9,0.2,,,487.2,0.3,,273.7,22.8,0.2,19.6,101.7,1.3,5.3,2.9,0.2,1.9,7.2,0.2,670.2,,0.3
13135,555.4,1.2,1.3,5.3,59.3,0.3,0.3,,462.3,60.5,5.4,45.0,,,,,14.4,0.2,1.1,1.1,0.5,192.7,,9.8,8.9,3.0,0.8,16.5,3.6,3.3,127.8,1.8,,2.4,0.5,,85.7,1.3,0.2
13137,871.9,29.5,23.1,11.8,98.4,0.1,,,126.1,8.1,146.4,52.4,,0.3,,0.2,32.6,6.3,7.9,3.1,0.2,464.9,0.1,10.0,23.0,,2.2,106.3,22.0,8.3,143.7,98.5,,0.6,9.2,,351.9,0.7,
13139,2953.9,12.6,101.7,110.2,4432.0,1.0,19.4,,418.3,15.0,216.5,327.8,,1.6,,1.8,78.8,18.0,3.0,2.5,4.6,345.9,0.5,100.9,159.6,112.7,65.2,108.3,79.3,25.4,661.8,8.9,0.2,5.5,40.3,0.2,444.1,3.8,
13141,22.9,16.6,1.6,3.7,29.3,0.2,0.1,,145.3,18.4,10.6,30.7,,0.1,,0.4,12.9,0.9,1.5,0.8,,216.4,,1.5,20.3,,,64.6,6.9,1.4,2.8,19.6,,2.8,2.4,,345.4,0.7,2.9
13143,1005.8,237.0,55.1,105.0,323.4,16.9,,,49.9,281.0,2.5,64.5,0.3,2.4,0.5,2.1,34.2,20.7,2.2,0.8,0.3,370.5,1.6,0.2,147.2,32.5,1.0,66.0,96.3,4.5,165.7,1.5,0.1,0.8,128.2,0.3,61.4,30.0,
13145,1261.5,306.0,5.2,4.0,32.8,0.3,0.3,,62.8,36.8,85.7,55.7,,0.2,0.4,1.4,40.6,2.0,3.6,2.1,2.4,474.5,0.1,3.4,12.7,31.4,0.1,79.3,9.3,2.7,215.8,9.2,,2.9,14.1,,111.6,5.6,0.4
13147,2011.4,171.5,114.9,364.9,963.7,37.6,,73.0,492.6,14.1,118.4,156.3,2.9,1.4,0.3,45.4,95.4,31.2,2.7,1.4,1.2,4483.1,16.7,7.9,1154.9,295.6,10.9,392.8,244.1,7.0,187.3,89.1,0.2,6.1,45.5,2.8,458.7,233.3,29.9
13149,1280.3,301.9,9.3,39.6,144.7,,,,90.4,51.5,16.7,61.6,,0.4,0.7,1.4,40.4,3.5,9.7,1.3,,463.1,0.1,0.9,33.7,15.0,0.2,53.5,20.0,2.1,219.0,4.5,,0.4,25.7,,105.7,,0.3
13151,1816.8,426.3,1.0,145.0,137.6,18.2,1.0,1.5,289.7,34.9,922.3,331.2,1.7,,1.3,3.7,56.1,0.4,14.5,15.8,8.5,2023.4,1.1,25.0,132.9,52.5,,397.2,127.1,21.8,300.6,70.7,,8.4,9.7,0.1,142.2,115.3,0.8
13153,806.3,681.9,132.6,628.5,2725.0,559.2,1.4,313.0,1490.8,669.2,9094.1,420.8,76.8,7.9,5.4,49.4,64.5,104.3,44.4,10.1,1278.0,14674.0,12.8,31.4,3218.0,562.3,1.0,1024.1,1864.5,28.7,4.1,295.4,1.0,55.6,40.2,3.0,517.1,3095.9,25.6
13155,1678.7,1153.7,,524.6,8166.0,1457.6,10.1,311.4,460.5,3704.4,36964.7,1179.0,148.9,24.8,113.5,63.4,62.0,354.3,74.3,63.5,3972.7,17620.4,30.6,899.2,11954.2,163.9,18.6,3066.7,8208.3,39.6,13.0,249.8,1.2,115.2,265.0,7.7,255.3,6058.6,31.0
13157,3663.8,46.7,4.2,52.8,261.8,46.0,0.8,,839.0,101.6,21.5,120.3,0.4,0.1,,10.4,96.4,0.7,0.6,1.9,2.1,889.9,3.2,32.5,429.4,690.6,2.7,128.9,29.5,8.5,816.4,5.4,,2.8,1.6,0.3,547.9,17.1,0.1
13159,78.4,46.1,15.0,38.1,523.6,,,,228.8,83.4,4.9,86.4,,0.9,,1.4,25.3,8.6,1.1,0.7,0.3,432.2,0.2,0.8,172.5,29.6,0.1,54.6,62.8,1.9,4.8,15.4,0.1,1.4,6.6,0.2,597.1,0.1,2.1
13161,541.5,98.0,,421.3,901.6,44.4,1.1,157.7,61.2,562.5,811.6,235.8,65.8,2.7,65.5,15.9,11.3,25.8,27.4,11.6,87.1,9697.8,5.3,176.8,1594.7,68.5,2.0,348.2,2805.1,6.9,3.0,22.8,0.1,27.8,22.3,2.0,59.4,3308.2,16.6
13163,2023.6,590.8,426.2,579.4,3783.4,188.3,0.5,622.2,3639.9,74.1,2561.8,1535.9,93.0,18.8,8.3,133.9,109.5,256.9,64.8,20.9,306.0,19899.6,26.4,1.8,1297.0,197.3,39.2,1321.4,2435.2,58.7,13.1,106.3,2.4,21.5,54.6,10.4,227.8,3142.8,28.7
13165,1354.9,168.8,140.0,427.0,2045.9,273.7,,463.6,1101.1,24.0,6727.7,2365.6,36.3,6.2,6.2,106.7,33.9,116.2,34.8,30.9,850.7,12416.7,10.4,,652.9,26.2,12.9,684.6,2054.7,32.3,10.1,90.2,0.8,28.9,17.9,1.5,175.3,2106.1,18.9
13167,488.1,355.6,42.1,670.9,790.0,195.6,0.5,118.7,468.1,233.3,2710.6,105.0,28.6,2.5,2.1,22.6,54.7,32.6,15.6,4.3,379.2,6026.7,9.6,1.9,1390.4,433.1,0.3,439.6,716.7,8.2,5.7,85.5,0.3,27.3,16.0,2.1,710.6,1222.7,6.9
13169,93.2,26.1,34.4,280.1,697.5,15.0,,,403.2,173.0,9.1,88.4,0.9,2.0,,0.8,15.4,19.7,2.4,0.2,,674.4,3.5,0.6,540.0,45.9,0.3,196.7,162.8,2.2,2.5,32.3,0.3,2.6,10.2,0.3,319.7,28.3,4.9
13171,1259.2,355.9,68.0,109.8,460.0,11.8,,2.5,253.1,355.0,16.5,210.0,2.5,3.0,1.6,9.1,49.6,25.5,18.2,3.2,0.4,1119.7,1.5,4.0,208.0,205.7,1.2,343.5,150.4,5.9,179.0,22.6,0.1,4.5,162.8,0.4,239.8,130.6,2.9
13173,319.8,67.2,,71.4,923.6,46.2,,65.9,84.0,462.1,1157.3,943.7,27.3,2.8,25.9,7.6,8.0,28.5,66.9,3.9,124.2,5134.1,2.0,97.9,1164.8,25.4,2.1,486.4,1313.8,4.7,1.9,135.0,0.1,11.4,22.5,1.1,37.0,1303.1,18.4
13175,1023.2,858.5,278.3,1273.6,5319.5,702.7,7.2,209.0,2291.2,1437.0,10999.8,515.5,67.0,16.5,3.6,49.5,94.1,193.2,31.0,20.4,1528.5,11435.8,22.5,11.7,5121.1,793.1,2.1,962.1,2373.8,43.1,5.7,272.4,2.1,69.9,85.7,4.5,711.2,2197.6,12.6
13177,1938.5,898.9,229.0,339.6,3342.0,667.4,9.0,132.4,974.9,1347.9,20617.2,10413.4,70.9,8.8,5.3,88.8,36.2,172.7,860.2,40.7,2160.0,22230.8,20.1,393.0,3142.8,313.2,0.1,892.3,4242.4,16.3,84.9,2015.8,0.1,109.5,1231.9,12.2,1859.8,5559.3,86.4
13179,159.1,,,45.9,93.0,4.0,,,,98.5,1.5,29.6,3.1,0.9,,0.1,3.7,11.2,,0.2,0.2,259.4,,,122.6,6.6,0.5,31.2,47.1,0.5,1.6,0.2,0.1,0.4,6.7,0.1,21.3,85.7,
13181,531.8,19.1,5.8,2.9,23.5,,,,32.5,0.5,1.5,5.3,,0.1,,,17.2,1.6,0.3,0.1,,193.9,,,4.6,,0.6,9.4,4.3,0.1,93.3,1.7,,,2.3,,228.5,,0.2
13183,102.3,,,105.9,114.1,9.9,,5.0,,121.9,,56.0,9.8,1.1,2.3,2.0,2.6,13.9,,0.3,,912.9,,,170.6,16.1,0.7,47.8,146.7,0.2,0.8,,0.1,1.6,7.2,0.3,10.3,378.3,0.6
13185,630.5,133.5,,309.8,2246.4,274.6,29.1,51.9,515.2,1022.8,5452.9,2789.7,25.3,6.8,29.5,11.1,16.7,72.9,198.2,104.9,480.3,7087.4,6.8,1552.3,2763.7,31.8,5.1,1245.8,2131.6,13.5,5.0,359.3,0.3,102.9,79.1,1.2,98.6,1664.3,37.4
13187,592.0,16.7,29.1,14.9,1208.8,,5.4,,104.4,2.4,2.2,24.1,,0.5,,4.3,17.5,5.2,1.2,0.3,,69.6,0.2,6.5,34.5,275.3,18.6,12.7,21.9,2.6,129.3,1.5,0.1,,11.5,0.1,86.7,,
13189,595.0,40.4,17.8,19.8,141.5,4.6,0.1,7.9,252.8,11.3,30.8,94.8,3.7,0.8,0.1,2.0,28.9,10.2,4.8,1.0,0.6,823.5,1.2,,51.9,9.7,1.6,72.8,46.7,1.9,16.4,9.6,0.1,4.4,2.3,0.4,286.6,56.3,1.1
13191,413.1,,,,,,,,,,,,,,,,7.6,,,,,12.3,,,,,,,,,4.8,,,,,,62.4,,
13193,2027.7,623.8,299.9,1025.6,3191.0,333.7,26.2,67.4,3194.7,1631.4,12711.3,3425.5,66.6,13.3,19.6,68.6,66.2,143.4,235.3,192.3,613.8,23279.6,9.7,177.4,2656.4,328.3,5.2,4633.3,3687.1,179.9,158.2,717.4,0.7,234.3,764.6,1.5,1258.8,3231.3,32.0
13195,1795.6,125.4,9.5,85.4,205.2,8.2,0.1,,118.0,8.2,152.1,66.7,0.5,0.1,,18.4,56.6,2.6,1.4,1.8,1.2,1428.8,3.4,8.8,251.5,129.5,0.9,146.2,32.4,4.6,282.0,92.2,,2.7,3.8,0.7,690.6,28.0,0.3
13197,668.7,269.3,32.5,169.3,302.6,113.4,8.6,2.3,401.3,380.4,2739.0,209.2,4.6,1.4,3.8,15.4,24.3,24.7,24.1,16.1,263.3,1185.0,2.5,53.9,423.8,95.6,0.6,195.3,608.2,11.7,92.0,77.4,0.1,40.7,96.1,0.2,67.7,375.3,1.0
13199,2323.8,540.1,3.5,111.5,94.8,16.0,0.1,,115.7,22.3,10.4,111.6,0.3,0.2,0.5,0.9,71.5,1.3,16.4,1.5,0.2,875.2,1.0,2.9,81.4,16.7,0.1,236.7,72.9,1.0,399.2,11.2,,2.3,11.2,0.1,281.0,28.0,1.8
13201,2022.2,1073.9,463.5,486.7,6713.1,1030.9,,36.8,326.3,2646.1,33657.4,2311.8,113.1,17.9,8.2,130.9,65.0,321.5,155.6,19.1,3673.8,16827.9,33.5,711.9,5478.7,80.7,0.2,783.4,6693.2,29.8,73.5,1014.1,0.2,140.2,2491.5,4.4,118.3,8685.6,36.8
13205,2920.9,1497.2,586.9,1996.7,9581.4,1300.2,52.9,73.9,1910.6,3609.1,43632.1,20675.3,155.1,22.7,232.4,454.6,88.9,397.5,1178.1,523.1,4551.4,40241.1,41.4,4602.5,8900.1,169.4,0.2,1556.0,9356.9,349.8,170.7,3394.0,0.2,242.6,4495.2,8.0,2714.4,12744.9,141.1
13207,132.9,64.7,32.0,68.5,1072.7,,,10.8,259.6,160.8,0.6,127.5,1.7,1.9,0.2,2.4,35.4,18.3,1.4,0.2,,1010.4,0.4,,372.0,43.8,0.2,32.9,157.3,2.1,6.5,3.8,0.2,0.5,9.5,0.3,811.1,103.4,0.7
13209,158.9,95.2,53.5,190.7,961.3,85.1,0.2,47.3,712.9,274.0,2199.9,315.6,11.7,3.2,0.8,13.7,16.8,34.7,10.7,1.7,182.3,2713.0,3.4,23.1,875.5,73.3,0.4,363.1,682.1,5.6,2.0,93.7,0.4,12.0,15.9,0.5,245.2,478.1,11.9
13211,162.6,88.6,28.8,166.0,694.6,7.5,,32.4,431.6,155.7,10.8,108.9,5.6,1.7,0.6,5.7,39.1,16.5,5.9,1.8,,2067.8,1.9,2.3,459.5,95.3,0.2,179.8,212.0,5.0,6.8,33.4,0.2,3.6,12.4,0.5,848.5,324.4,5.6
13213,1879.7,6.3,106.6,114.9,1237.4,132.6,41.7,,213.9,61.7,21.2,88.8,2.2,2.6,0.5,4.4,28.0,40.2,1.5,0.9,8.5,1375.2,9.1,0.7,582.9,82.7,1.7,203.4,116.7,7.5,427.4,0.4,0.4,2.1,60.7,0.1,18.7,82.6,0.8
13215,161.1,37.9,,,,,,,,,,,,,,,5.0,,,,,42.9,,,,,,,,,28.3,,,,,,10.5,,
13217,82.6,66.7,6.0,76.0,107.3,4.5,,,71.5,32.5,5.5,17.2,0.2,0.4,,1.8,29.2,3.4,0.3,0.5,,317.5,0.9,0.6,115.6,66.6,,33.9,33.9,1.7,5.3,4.2,,0.7,2.8,0.3,668.3,9.0,0.3
13219,1503.8,10.1,26.4,60.9,1239.9,8.9,5.0,75.3,692.9,74.6,65.2,520.9,2.0,0.4,0.7,8.1,38.6,4.7,6.4,3.2,1.2,2530.6,0.7,182.2,213.0,129.3,16.9,935.8,121.2,40.5,327.4,17.9,,5.1,10.4,0.1,219.8,233.5,17.4
13221,1405.4,70.1,53.8,136.0,508.2,6.5,,,240.1,9.0,53.3,89.1,0.4,0.6,,8.3,57.9,14.6,0.5,0.9,0.5,1123.8,2.9,3.3,301.0,61.9,5.1,95.5,60.0,3.1,197.4,36.2,0.1,1.1,21.3,0.5,483.5,21.4,0.2
13223,507.8,3.1,,0.9,24.4,0.5,,,19.6,6.7,8.0,9.0,,,,,6.2,,1.5,0.2,1.3,111.5,,1.7,2.3,1.7,,7.2,1.1,2.1,136.3,0.1,,2.2,,,6.0,0.3,
13225,2254.6,96.0,63.8,267.5,1147.2,41.8,0.6,84.7,3525.0,334.9,3769.1,1532.8,15.6,3.8,1.5,11.7,18.7,38.0,48.4,49.5,68.3,10343.2,3.9,2378.2,1017.9,145.4,0.5,2973.4,505.9,790.0,1.2,749.7,0.5,18.4,22.0,0.9,150.7,842.4,80.7
13227,480.0,1.0,39.6,22.8,1648.5,,7.3,,382.7,38.2,1.5,28.5,,0.6,,,13.6,7.0,2.1,1.0,0.4,146.9,0.2,2.7,50.8,2.0,25.4,13.8,30.7,3.1,107.9,0.2,0.1,1.5,15.7,0.1,72.4,0.5,
13229,1258.8,47.6,,404.4,1727.3,96.2,0.2,114.3,421.7,1795.5,816.9,1335.0,78.9,15.3,60.7,47.1,34.2,198.6,5.5,18.0,17.3,9419.4,,266.4,2198.5,65.7,9.7,836.3,2147.6,67.1,9.1,78.3,1.9,55.5,106.4,1.0,118.6,4485.7,25.3
13231,1296.9,305.5,4.2,123.6,222.0,8.7,0.1,1.1,308.1,29.4,856.0,386.5,1.1,0.2,1.3,3.4,40.3,1.6,26.6,14.2,0.7,1843.3,0.6,22.6,99.5,52.1,0.1,486.8,88.6,22.0,207.0,74.0,,1.8,16.8,0.1,177.3,62.5,1.6
13233,1243.5,3.6,72.4,65.1,660.2,24.2,28.3,16.3,30.1,14.8,4.9,107.1,0.4,1.8,1.1,8.8,19.6,27.3,0.7,0.1,0.1,863.8,4.3,0.4,201.8,29.5,1.2,401.1,214.1,3.2,301.5,0.1,0.3,0.8,41.2,,13.2,310.1,18.2
13235,830.8,1117.2,38.1,482.9,1931.7,1355.7,8.9,538.4,2279.2,278.5,23136.5,946.9,150.5,2.3,9.3,88.2,31.8,93.9,89.9,32.3,3313.8,24678.3,15.7,55.3,4114.2,355.0,0.3,1818.6,2940.9,38.1,1.2,694.3,0.3,127.3,48.4,1.7,152.8,5296.6,52.3
13237,129.8,69.6,73.4,145.9,1318.9,7.3,,,505.1,377.4,0.1,72.4,0.4,4.3,,2.8,31.6,42.0,,,,533.0,2.3,,821.1,85.3,0.5,57.0,264.3,4.0,4.5,2.8,0.5,4.4,21.8,0.6,570.5,13.7,0.1
13239,257.7,124.0,1.8,61.1,164.5,66.5,,12.4,35.5,24.9,2180.2,125.0,5.9,0.1,0.4,7.3,2.3,10.2,31.7,1.1,238.0,944.6,1.8,2.8,192.7,28.7,,54.8,385.6,0.4,24.2,74.9,,8.6,9.4,1.1,20.6,445.7,1.9
13241,174.9,5.6,5.9,3.0,42.0,0.8,1.0,,196.3,27.9,348.5,92.0,,0.1,,,6.9,1.6,13.7,13.3,3.5,163.3,,,24.9,,0.6,40.1,16.1,13.4,27.5,,,3.8,2.3,,67.4,77.5,
13243,2389.6,936.1,157.6,1152.7,3540.4,590.0,,237.6,453.0,921.2,18683.8,2147.1,52.3,6.1,3.3,71.0,22.0,141.1,397.2,11.1,2039.1,10086.8,22.7,246.1,2788.4,588.9,0.1,589.8,3779.8,10.5,23.7,910.1,0.1,77.1,847.1,21.5,225.3,3721.6,21.6
13245,184.8,32.3,16.4,21.5,150.5,8.0,0.6,28.5,152.7,6.0,84.4,57.2,4.9,0.7,0.4,6.0,9.7,9.7,3.4,4.2,10.9,967.9,1.3,0.6,84.6,11.0,1.5,67.5,113.1,7.4,3.6,4.6,0.1,2.5,2.1,0.5,62.2,153.8,1.3
13247,6.2,7.9,,1.0,0.1,0.1,,,11.0,1.4,3.8,2.7,,,,0.2,5.1,,,0.3,,44.2,,,1.4,2.6,,,0.6,0.2,1.1,0.2,,0.1,0.6,,132.8,0.8,
13249,481.7,247.5,18.3,152.3,381.6,87.6,0.7,4.1,130.1,113.3,1951.5,107.6,5.5,0.8,0.4,8.7,21.4,18.0,29.0,2.3,171.2,1093.9,1.6,5.6,305.7,184.2,0.3,134.5,481.7,1.2,43.1,58.8,,25.1,41.4,0.2,62.1,225.8,1.6
13251,2488.2,309.0,399.8,541.8,3143.9,722.5,1.8,715.0,3341.3,68.6,16496.6,5542.4,119.6,17.7,9.6,188.9,54.2,316.7,66.2,65.2,2087.0,21120.9,37.3,7.0,1299.5,179.1,36.8,1705.3,4147.9,68.1,11.3,231.3,2.2,77.8,51.2,4.5,197.2,3623.0,31.2
13253,2016.3,987.8,439.5,550.3,6403.6,770.0,10.9,107.3,377.0,2399.3,23907.8,1705.8,69.8,17.0,4.9,88.5,65.1,265.2,170.8,32.0,2508.0,10674.8,25.5,682.1,4623.3,257.7,0.2,570.1,4831.0,26.6,110.6,775.9,0.2,123.5,2362.8,10.8,129.3,5382.8,22.3
13255,1053.3,267.0,22.1,225.3,283.3,31.4,,,181.3,113.0,745.4,287.1,0.5,1.0,0.1,3.0,35.7,8.3,15.5,10.6,,1384.3,2.1,18.2,177.0,118.2,0.4,375.6,146.2,18.1,153.5,61.3,,1.9,50.6,0.2,84.1,54.2,0.4
13257,398.4,14.7,,,0.4,0.1,,,6.2,0.5,0.3,41.3,,,,,11.3,,9.1,2.1,,176.1,,,0.7,,,26.0,4.5,4.5,71.8,,,,,,175.9,0.2,
13259,538.1,309.6,51.5,104.5,767.8,193.7,,30.2,81.0,284.4,6284.0,810.3,10.7,2.0,0.7,13.9,10.7,46.9,57.0,3.4,685.8,2083.4,6.2,81.0,705.0,73.6,,158.3,979.5,3.2,49.2,272.2,,23.4,277.0,2.8,127.3,723.1,6.0
13261,3209.0,1365.0,452.1,896.4,6936.3,1206.9,162.5,271.8,2532.6,2651.2,31518.4,6233.0,93.9,17.5,15.9,127.8,72.1,266.1,804.8,407.7,2624.2,20840.6,27.2,8263.0,5989.7,655.6,0.2,871.9,7155.3,40.0,174.1,1566.8,0.2,398.5,2436.9,25.3,1049.4,8327.5,61.6
13263,719.2,167.9,2.7,0.7,15.5,,0.1,,18.8,20.4,5.7,28.7,,0.1,,0.1,22.4,1.0,3.3,0.3,0.9,245.4,,1.5,4.6,2.8,,67.8,2.0,0.2,125.3,3.3,,2.3,6.1,,88.9,2.4,0.6
13265,12.3,12.2,,,,,,,,,,,,,,0.2,5.6,,,,,41.1,,,,9.7,,,,,1.1,0.3,,,,,134.1,,
13267,2303.6,77.5,,1028.9,1086.2,135.0,2.3,47.2,992.0,1128.4,24335.4,2931.7,97.4,9.8,21.6,163.9,44.4,126.7,23.3,65.7,122.3,9802.0,,491.7,1728.1,245.5,6.2,477.4,2767.5,36.0,19.9,78.6,1.2,41.3,209.5,3.8,261.2,3718.5,33.8
13269,931.3,270.2,27.8,240.9,461.1,80.3,10.7,22.4,162.3,408.7,1870.3,111.3,22.3,1.2,2.6,23.3,28.8,18.5,45.2,13.2,226.3,4683.6,2.3,66.3,763.7,73.2,0.5,157.4,891.9,4.8,128.3,39.3,0.1,40.9,67.2,0.2,59.6,1310.3,5.5
13271,581.1,207.2,,240.4,650.7,233.0,8.4,46.1,203.5,293.9,7623.0,1306.3,22.2,1.8,17.8,16.5,13.5,38.7,123.8,17.3,728.2,4457.9,5.1,114.4,1528.4,33.5,1.3,582.1,1265.3,6.5,6.8,199.4,0.1,29.5,146.8,1.2,132.9,921.2,19.5
13273,2414.6,983.5,412.3,1007.7,6046.3,639.0,,216.5,392.8,2375.8,20087.0,3139.7,109.9,15.9,7.8,134.4,56.5,242.7,282.6,18.3,2192.0,19206.6,28.4,639.6,4842.4,542.1,0.2,641.4,5471.8,26.9,50.0,1034.3,0.2,98.6,2216.0,20.3,392.2,8475.4,46.0
13275,1839.8,566.2,369.1,737.4,5733.5,215.5,7.8,33.3,863.1,2168.2,6734.1,7336.4,102.4,14.3,8.3,117.5,62.4,165.9,738.9,54.0,705.7,24766.8,12.7,1087.4,3936.9,86.0,0.2,610.2,4025.7,27.5,183.4,1159.2,0.2,61.6,1986.6,3.9,1419.1,8378.9,79.7
13277,804.4,904.3,,154.5,762.3,1519.6,85.3,180.6,881.1,576.8,40984.0,1565.5,101.3,2.2,74.3,63.0,18.3,145.6,165.2,258.2,3857.2,11843.8,20.3,2422.7,5834.8,70.6,1.7,1220.5,6056.9,19.3,7.3,280.5,0.1,259.8,468.5,2.7,142.6,5135.1,26.3
13279,1510.6,17.5,,399.4,767.8,88.8,6.7,52.8,302.4,1063.0,24556.2,1418.8,53.7,7.2,24.2,95.5,32.7,92.7,6.4,412.8,65.2,6088.6,,1511.9,1143.8,64.5,4.5,388.9,2214.0,203.7,14.7,33.5,0.9,33.2,86.6,1.3,192.3,2840.1,13.7
13281,341.0,1.0,1.0,9.7,53.5,13.9,0.2,,3.4,4.6,,10.0,0.1,,,,8.4,0.2,0.1,,,138.6,1.0,,124.1,7.4,0.7,30.1,9.0,0.1,74.3,,,2.2,0.4,,49.9,4.3,
13283,128.8,64.6,18.9,177.8,529.8,21.7,0.8,74.5,213.9,103.8,535.6,142.3,13.0,1.1,1.3,11.0,18.1,11.5,9.4,3.1,34.5,3424.1,2.0,8.4,472.5,84.6,0.1,136.1,436.2,6.2,2.6,9.5,0.1,6.8,8.5,0.4,323.6,735.9,2.8
13285,2252.3,541.9,9.4,6.4,58.5,,,,56.9,50.4,8.1,27.4,,0.4,0.6,1.7,72.0,3.5,0.7,0.9,,633.9,0.1,0.3,18.1,35.1,0.2,19.5,7.0,1.5,389.1,3.0,,,24.8,0.1,150.8,,0.1
13287,1159.1,690.1,,196.2,1229.1,1046.8,37.0,223.3,694.6,775.4,27564.5,4071.1,112.9,3.6,89.8,49.9,20.4,122.9,367.3,80.9,2709.3,19366.6,15.5,569.5,5031.7,67.4,2.7,1836.3,5583.8,11.7,7.8,689.6,0.2,158.0,276.5,2.7,152.5,5204.4,75.4
13289,137.4,160.5,35.8,124.3,723.4,178.4,1.1,103.2,349.9,183.0,2972.0,106.8,25.0,2.1,1.8,13.9,16.2,29.8,14.0,3.6,426.2,4620.0,3.2,7.0,932.3,60.8,0.3,238.1,574.7,6.6,2.2,72.3,0.3,18.1,11.9,0.4,272.1,1013.8,5.3
13291,863.6,1.8,95.1,97.5,4033.2,1.1,18.7,,4459.9,527.2,352.6,118.4,,1.5,,0.1,25.0,16.9,5.8,11.0,8.4,1708.4,0.5,2.7,172.0,1.6,61.0,33.0,87.3,16.2,191.5,0.2,0.2,9.1,37.6,0.2,128.5,7.9,
13293,1270.3,301.5,31.9,9.3,184.9,,,,64.7,161.3,128.2,114.6,,1.4,0.1,1.2,41.6,11.9,6.9,2.4,,599.0,0.4,4.4,46.3,21.1,0.6,173.8,20.5,5.5,215.8,15.5,0.1,0.3,73.1,0.1,147.5,,0.9
13295,2465.0,7.0,52.0,63.4,573.5,135.8,20.3,,126.5,18.8,21.9,46.2,2.2,1.3,0.3,2.6,31.9,19.6,0.6,0.3,1.8,1357.9,6.4,0.7,459.8,61.1,0.8,147.6,79.9,3.6,605.3,0.9,0.2,2.7,29.6,,26.5,61.2,0.5
13297,2127.5,67.8,10.1,157.9,896.9,35.6,2.0,23.2,267.5,24.5,45.2,179.6,0.9,0.2,0.2,19.2,57.1,1.8,2.9,1.2,2.2,1529.6,2.5,16.3,431.9,1133.1,6.5,361.4,54.7,4.9,437.5,8.5,,3.7,4.0,0.7,293.6,83.1,5.8
13299,1039.6,59.3,,131.6,817.2,66.9,,31.4,384.5,921.8,771.8,1443.6,24.8,7.1,48.7,15.0,23.6,92.2,5.8,17.6,28.7,2931.2,,584.6,1050.9,54.8,4.5,364.0,847.8,96.8,9.1,67.5,0.9,92.6,63.5,0.5,118.7,1396.2,14.2
13301,721.4,57.1,52.0,202.3,943.3,9.6,,21.4,447.7,18.4,20.3,192.3,7.8,2.3,0.3,4.8,33.1,29.8,4.4,3.4,,1431.7,2.6,,279.4,20.1,4.8,118.0,119.1,4.3,16.7,7.9,0.3,5.2,6.7,0.8,290.7,137.0,1.4
13303,875.2,397.0,138.6,760.9,4371.3,172.2,0.2,88.9,2622.5,703.3,2529.2,868.3,22.6,8.2,1.5,23.2,68.0,87.0,33.0,4.6,340.6,7229.7,8.7,,2282.7,505.4,1.0,1327.1,1004.1,11.8,5.5,357.8,1.0,22.4,43.7,2.8,695.5,918.7,48.6
13305,1045.0,27.5,,262.9,2022.3,35.5,3.0,46.2,201.7,2137.4,1486.3,699.2,33.7,18.7,21.2,23.4,36.9,241.8,6.1,29.5,48.5,4283.6,,66.5,2486.2,57.8,11.8,764.0,1288.9,33.6,8.1,23.5,2.3,19.6,198.4,0.7,105.8,1927.9,10.9
13307,1230.0,681.6,127.2,256.7,1875.2,453.0,7.3,109.9,185.3,690.0,15731.4,1660.2,22.5,4.9,1.8,38.1,21.1,112.1,120.3,81.4,1666.2,4168.1,14.8,244.3,1729.9,266.3,0.1,361.3,2260.9,9.0,58.6,640.3,0.1,66.6,686.4,10.1,207.9,1511.2,11.4
13309,91.2,81.4,25.2,125.3,556.1,86.4,5.8,83.9,643.0,172.9,3728.7,419.8,17.8,1.5,1.5,32.4,15.6,18.8,19.2,9.8,269.7,3966.8,1.9,83.0,734.5,22.5,0.2,201.8,596.1,12.6,2.8,51.2,0.2,18.4,26.3,0.2,346.0,836.0,5.6
13311,1140.2,2.4,153.8,86.1,6402.2,0.3,28.4,,1227.6,103.2,19.5,26.0,,2.4,,0.1,34.1,27.3,0.5,1.5,1.2,439.2,0.8,,194.0,,98.6,23.4,116.1,5.6,252.6,0.1,0.3,0.6,60.9,0.3,169.5,1.8,
13313,1102.9,4.3,22.5,28.0,325.2,83.1,8.8,,3.5,4.4,4.1,34.2,1.4,0.6,0.1,0.5,14.6,8.5,5.5,0.6,0.4,794.9,3.5,0.5,290.2,6.4,0.4,111.8,40.6,1.9,280.4,0.1,0.1,1.4,12.8,,12.3,38.0,0.2
13315,776.8,585.8,,381.8,1345.9,904.9,53.1,206.3,438.1,794.6,28804.3,1176.4,106.5,3.9,85.3,63.9,15.6,113.2,154.0,67.5,2598.2,13574.5,15.5,471.3,5098.3,64.2,2.9,1022.8,5297.7,16.1,4.7,177.5,0.2,165.1,608.5,2.3,92.4,5081.5,26.5
13317,1724.2,93.1,24.7,60.8,277.1,0.6,0.1,,199.2,24.3,23.5,88.0,,0.3,,9.9,59.4,6.7,1.1,1.4,1.8,762.6,0.1,,99.2,60.1,2.3,34.0,21.1,2.1,282.2,6.7,,6.9,9.8,0.3,691.2,2.8,0.7
13319,105.3,95.4,21.8,116.0,558.7,86.9,0.2,23.7,229.1,113.4,1403.0,78.8,7.9,1.3,0.4,5.5,9.1,16.9,3.5,1.5,197.6,1303.1,2.0,1.2,481.0,69.3,0.2,107.4,235.8,2.7,0.7,36.7,0.2,7.4,8.0,0.4,88.7,242.9,1.8
13321,1629.3,1688.1,,487.7,2864.3,2347.5,45.8,451.6,737.3,1691.3,60075.7,1572.5,221.7,8.6,167.5,95.0,42.4,292.1,169.4,148.0,6188.0,26295.5,38.7,716.3,10795.0,221.0,6.4,2397.7,11505.7,24.9,10.5,433.5,0.4,251.2,355.5,8.4,204.6,9645.8,51.4
16001,6496.6,584.7,,11849.4,451.1,8.6,,914.2,1.5,76.8,410.4,581.3,59.6,175.4,44.1,26.4,418.6,5672.4,294.8,7.1,341.4,1694.6,23.3,263.3,2283.6,490.1,19.4,250.0,626.1,32.7,195.4,35.5,3.1,67.2,1134.1,20.9,99.9,528.9,49.8
16003,3596.3,384.9,,212.9,8.2,,,20.0,0.1,0.1,0.1,16.7,2.6,21.8,14.2,6.1,96.8,102.3,76.6,,60.8,44.8,6.5,76.6,34.0,64.1,0.3,86.2,84.3,10.9,219.6,0.6,,,9.1,1.1,113.1,17.7,0.2
16005,9147.8,536.5,,2.2,7820.6,0.3,,3956.8,84.5,77.9,1099.1,11.2,14.9,95.7,36.0,7.0,383.6,0.2,1779.7,0.2,180.5,1218.4,9.2,738.4,2141.2,2074.5,0.1,19.9,846.6,39.0,403.1,141.7,14.7,23.9,1.5,10.1,133.2,105.2,0.1
16007,4207.3,576.5,,,314.6,,0.9,1030.3,24.6,1.4,,6.4,16.3,24.1,,4.1,98.6,,687.5,,197.6,245.5,10.1,248.5,,186.5,,12.2,273.6,35.4,94.2,11.0,,,,1.8,136.8,57.5,
16009,3319.8,17.0,,154.3,10680.1,12.7,3.9,275.6,32.2,40.7,5.4,44.5,15.3,474.0,,4.7,413.3,60.5,752.0,0.3,92.7,3737.8,6.4,10.3,80.7,366.0,,4.8,30.7,1.4,482.4,20.8,,0.9,,110.9,30.3,66.6,0.4
16011,30399.3,1712.8,1731.8,1152.2,26933.5,18.8,0.6,6859.5,97.1,978.2,11945.4,1626.7,163.2,736.1,393.8,22.8,663.9,184.4,2396.7,28.4,519.5,1928.3,31.2,6177.7,23671.1,15015.4,7.6,89.9,7213.4,161.4,1416.1,440.7,163.4,518.2,5372.0,29.8,568.2,1750.2,8.1
16013,2172.5,855.6,,,,,,501.1,,26.9,271.0,38.2,10.1,87.5,7.3,3.1,127.8,,181.6,3.8,150.4,593.6,7.7,189.1,633.6,435.5,,416.1,553.6,28.7,132.8,3.9,1.7,20.9,372.7,7.3,50.2,75.9,0.2
16015,1046.7,95.0,,,,,,7.5,,,,3.1,0.5,6.5,2.9,1.2,24.6,,15.4,,12.2,17.6,1.3,15.4,,12.5,,17.2,16.9,2.2,59.3,,,,,1.1,30.5,3.6,
16017,97.5,56.2,,1.3,45.9,0.2,,8.0,8.4,139.0,8.3,83.0,1.5,4.5,0.1,2.8,73.3,0.1,55.9,0.2,26.6,123.0,3.5,38.7,4.2,36.4,,14.1,40.4,5.1,16.4,0.2,,0.1,0.3,1.0,13.7,8.6,0.1
16019,17642.9,764.7,1488.6,858.9,5982.5,3.4,0.3,5567.7,94.9,225.1,5112.4,14.2,23.1,159.4,166.8,7.8,650.6,150.3,2076.1,0.4,265.1,3073.0,14.6,2703.9,10201.0,7612.6,5.2,43.9,3124.5,77.4,478.8,115.2,71.3,111.2,150.0,21.0,184.5,326.8,1.9
16021,1678.2,160.6,,104.1,3879.2,8.6,5.2,134.3,22.8,387.5,25.9,182.9,19.4,207.9,0.3,9.0,159.1,40.0,493.8,0.3,131.6,1694.7,13.5,103.2,65.8,160.2,,17.2,124.1,14.0,179.1,8.5,0.1,0.8,0.6,46.3,12.9,65.1,0.3
16023,3344.6,606.4,,,441.0,,,731.8,13.3,9.8,201.6,7.9,19.9,21.6,6.6,5.1,61.0,,524.8,,241.8,206.1,12.3,397.7,392.0,433.2,,15.8,443.4,44.5,78.0,10.2,2.7,4.4,,2.4,82.0,80.0,
16025,1356.2,850.6,,,,,,595.4,,0.8,,12.7,21.8,45.3,,6.8,52.4,,382.3,,331.7,985.9,16.9,417.2,,117.3,,822.0,459.2,59.4,37.2,4.8,,,,11.2,13.9,96.5,
16027,11182.7,695.9,,34481.1,1251.0,135.5,,3893.3,256.2,401.1,4369.5,2510.6,263.7,430.7,113.0,126.6,1073.5,16327.7,1074.9,69.7,2364.3,11029.3,103.7,1039.0,9484.3,3564.5,54.8,1302.1,4761.6,77.5,74.3,150.4,22.9,272.8,3170.7,88.0,35.2,2905.0,189.6
16029,19300.0,717.2,,44.6,4871.8,4.0,,3963.3,46.9,65.6,1124.6,6.1,17.4,146.4,36.6,5.8,376.7,2.3,1097.3,0.1,191.7,1816.8,11.1,755.5,2199.0,1990.6,,17.2,866.6,40.0,502.3,87.0,15.1,24.7,,21.1,280.1,115.7,0.1
16031,12636.9,1833.5,7426.9,1924.0,84.9,120.4,,10584.0,,852.6,4861.4,964.9,78.4,1054.2,132.5,22.6,1884.6,796.1,1036.1,118.4,2272.6,6224.3,25.1,545.5,12770.3,8095.8,26.9,2100.8,6919.1,109.5,248.6,627.1,31.4,490.7,10901.8,110.7,85.4,1180.1,18.9
16033,5282.3,537.1,,,1176.0,,,679.6,14.3,96.3,2343.9,5.0,12.6,34.0,76.4,3.6,122.5,,442.0,0.1,152.4,178.8,7.8,1281.3,4558.2,2984.0,,19.7,1475.8,41.4,146.5,21.7,31.5,50.9,,1.7,185.3,156.6,
16035,1085.6,38.1,,388.9,3472.3,32.0,2.3,107.2,8.2,92.2,13.5,51.2,22.9,129.8,,3.0,154.2,152.5,520.2,0.7,231.5,1514.7,15.8,23.3,203.5,191.2,,11.6,74.5,3.2,161.6,5.8,,2.3,,36.5,13.8,167.3,1.0
16037,2605.6,490.4,,,,,,68.5,1.3,3.4,86.8,5.7,14.3,12.8,2.8,3.5,55.8,,219.5,,173.2,71.9,8.8,258.2,168.8,234.7,,11.1,286.7,31.5,56.1,0.3,1.2,1.9,,0.1,107.1,54.6,
16039,6394.9,878.1,,5601.7,228.7,29.0,0.1,744.5,1.0,291.5,2427.1,1712.4,147.5,470.5,112.1,32.2,291.6,2588.9,509.5,76.5,404.2,4227.9,33.4,327.4,4474.7,3024.9,14.6,389.4,2583.9,57.3,282.7,48.8,22.7,256.6,2471.8,15.7,144.9,1550.5,123.7
16041,7729.9,711.6,1704.4,940.8,5653.7,5.4,0.6,865.5,1.4,28.5,87.0,10.1,20.9,97.8,2.9,7.5,279.4,169.8,349.6,0.1,255.5,855.0,13.4,359.7,449.7,682.5,5.9,17.6,427.2,46.0,316.1,86.5,4.3,3.6,170.4,6.3,151.0,91.7,6.3
16043,13410.6,456.9,152.7,165.8,314.2,7.3,1.8,3878.8,60.7,165.5,4230.7,8.7,14.2,91.3,138.3,2.9,140.8,19.6,1293.7,0.6,138.5,1148.7,9.4,2126.3,8285.3,5254.5,0.7,27.9,2471.7,48.4,248.2,20.2,57.0,92.3,18.4,16.7,160.5,253.4,0.6
16045,5556.9,507.5,,4525.9,169.1,6.2,,406.7,40.6,21.5,10.2,190.6,14.7,50.7,22.1,10.0,249.2,2160.2,185.2,0.5,231.5,860.5,14.3,143.1,778.5,153.0,7.2,220.0,156.0,17.0,264.1,20.7,0.4,7.0,257.9,11.9,135.5,158.7,9.0
16047,2019.2,610.1,20712.0,2395.3,1344.2,143.2,0.3,1224.0,1.4,77.2,946.7,530.6,20.6,125.5,73.3,20.0,514.3,2150.1,389.6,33.2,461.4,2362.6,24.4,273.5,7455.4,1459.9,103.7,725.0,2989.6,46.2,37.7,42.3,10.0,74.9,1546.6,6.1,14.1,315.6,70.4
16049,8316.8,279.7,34.2,217.9,23356.1,11.4,29.4,727.8,32.4,673.5,6.6,369.5,73.1,832.6,0.1,21.3,3587.0,59.5,955.5,1.1,208.6,10109.7,22.4,166.7,85.4,831.0,0.3,27.4,205.3,23.7,1581.5,36.1,0.1,0.9,11.8,239.4,580.2,96.6,0.4
16051,8446.1,1573.3,1776.1,1185.9,1036.9,18.3,0.8,2797.6,46.7,191.7,4832.3,24.5,66.5,84.0,157.3,14.4,127.5,187.5,1664.2,0.7,717.6,903.3,42.8,3110.2,9745.1,6344.5,6.2,69.3,3576.3,152.6,174.6,26.6,68.0,106.0,177.6,10.3,99.0,468.3,2.7
16053,2853.6,655.0,11264.8,3165.6,220.8,202.1,,2872.8,0.2,269.4,2066.0,398.2,91.8,379.7,61.8,8.5,390.5,1221.8,479.1,72.7,3343.1,2709.6,16.8,340.5,7112.1,3353.1,43.2,1415.2,3270.6,62.1,21.8,70.1,15.0,188.5,4102.5,25.6,7.7,1016.7,22.6
16055,576.1,67.7,6.7,123.9,2168.9,9.0,1.3,49.9,11.4,165.5,135.7,83.7,8.9,85.8,1.5,4.0,157.2,42.7,263.5,0.7,90.2,854.8,7.9,65.0,124.1,180.6,0.1,10.0,90.0,8.3,110.7,4.2,0.4,1.7,2.9,20.5,20.4,58.1,0.3
16057,6193.4,82.8,,2248.9,31725.6,185.0,3.7,725.1,70.9,199.0,77.4,176.7,108.3,981.4,,15.1,1020.6,881.8,3105.8,4.0,1273.3,10698.2,82.7,57.3,1176.8,992.5,,47.6,341.5,7.0,1364.1,51.1,,13.4,0.1,290.3,60.7,948.4,5.7
16059,3444.0,576.0,,,,,,86.3,6.2,3.4,86.9,7.8,15.9,16.9,2.8,3.9,68.9,,256.6,,192.8,64.1,9.8,283.8,168.8,232.9,,13.9,313.7,35.0,74.9,0.5,1.2,1.9,,0.1,145.3,60.2,
16061,6380.3,79.6,,1229.0,22315.0,110.2,20.2,649.2,39.5,190.8,42.2,134.2,97.4,811.7,,11.7,699.6,482.0,2072.2,2.3,717.3,8480.2,48.2,47.1,643.0,648.8,,28.3,251.0,6.7,972.5,37.2,,7.3,,229.6,36.7,535.4,12.3
16063,1383.4,527.8,2677.3,318.5,14.2,8.9,,1921.0,,101.2,296.4,140.2,16.7,142.2,8.0,4.4,171.2,271.0,314.4,13.9,335.3,1047.1,9.4,232.6,1141.0,542.6,9.3,526.1,636.4,35.1,34.7,54.3,2.4,54.6,1602.7,6.9,12.7,138.9,3.9
16065,8441.6,311.9,110.8,94.2,1143.8,3.5,,3599.8,64.6,238.4,6010.2,36.6,10.3,65.1,199.4,4.1,107.8,14.1,1361.4,1.7,124.8,873.8,6.4,2951.0,11795.0,7432.7,1.6,34.1,3465.3,58.7,174.9,35.2,80.9,130.5,34.1,13.0,41.0,324.1,1.3
16067,4498.3,524.5,1865.3,1447.5,9.9,136.1,,7776.1,,941.1,6069.6,1221.7,66.1,1185.4,163.2,6.5,319.0,238.6,770.4,145.9,2038.5,4717.7,21.7,279.1,14616.0,8958.9,6.5,1766.4,8225.7,79.5,16.4,186.0,37.7,634.8,13971.7,41.1,5.1,1333.9,21.4
16069,6824.1,66.4,,2802.6,29084.2,244.7,4.1,766.8,36.9,159.3,96.8,156.2,132.8,890.5,0.2,13.3,1592.3,1097.3,3511.7,5.8,1574.5,11153.0,102.0,42.8,1467.5,1393.2,,56.2,468.3,5.6,1392.3,44.2,,16.6,1.3,277.2,178.0,1193.8,21.4
16071,11723.6,644.2,186.5,102.9,9478.0,,,3517.3,62.3,46.1,86.8,6.8,17.3,121.3,2.8,8.2,510.3,18.6,1413.7,,209.5,1721.0,10.7,303.9,199.4,1173.4,0.6,13.3,336.9,38.0,500.9,161.9,1.5,1.9,18.6,12.1,173.3,65.1,0.2
16073,13999.7,1557.5,,15118.5,570.6,25.9,,986.3,0.2,106.2,1134.8,730.1,84.2,230.2,114.7,45.6,670.4,7189.3,566.6,33.1,850.4,2063.8,56.1,517.3,4077.4,1668.1,25.8,571.4,1592.7,76.2,617.3,40.4,11.0,97.3,1397.3,25.4,317.0,915.0,57.4
16075,4884.0,390.8,,10023.7,413.8,38.7,0.1,980.4,36.8,99.4,1229.6,896.1,54.5,109.4,39.4,54.5,341.3,4640.4,247.2,26.7,267.4,2902.0,16.7,349.7,3266.2,734.0,26.5,388.3,1733.7,28.0,133.1,43.8,5.2,61.6,1212.2,18.7,67.8,405.6,47.6
16077,14531.9,301.9,1921.5,1180.8,18782.0,10.7,,5291.9,89.2,466.0,4671.7,800.3,70.5,410.8,152.1,9.3,673.1,197.6,1772.8,13.5,92.6,2482.3,8.4,2265.5,9431.8,6823.0,6.7,28.7,2633.8,41.8,827.1,311.1,66.2,233.4,2824.2,18.9,121.2,779.0,4.4
16079,1.8,1.7,,,,,,0.1,,4.1,,1.7,,0.1,,0.1,3.6,,1.4,,0.8,2.4,0.1,1.0,,0.8,,0.1,1.1,0.1,0.7,,,,,,0.7,0.2,
16081,6288.2,282.2,,,262.1,,0.5,1262.5,7.3,48.8,1226.8,3.7,9.3,44.2,40.0,2.4,47.0,,266.2,0.1,113.2,618.6,5.8,712.6,2385.8,1601.6,,12.4,818.7,27.7,116.8,5.9,16.5,26.6,,9.1,37.0,91.7,
16083,5849.4,1450.2,12471.4,7897.8,2787.2,687.2,0.6,2748.4,28.1,367.8,2462.4,1418.4,216.1,523.2,171.7,46.9,805.7,1646.6,786.2,175.4,8295.9,3844.7,31.4,591.5,12344.6,4583.9,113.5,2613.0,6856.3,101.8,120.5,212.3,17.6,237.3,5194.9,49.2,43.6,2183.1,93.7
16085,1134.2,80.0,,,,,,132.1,,3.2,120.1,2.1,0.4,17.3,4.4,0.9,28.9,,55.1,3.4,8.5,102.1,0.9,10.7,150.4,153.7,,12.3,107.8,2.0,53.3,8.0,1.1,3.4,,3.6,27.4,14.9,
16087,9991.2,1197.7,,1893.9,70.3,3.6,,1186.0,3.2,33.3,918.4,358.4,47.7,115.1,65.7,62.4,369.4,900.9,372.2,4.5,343.4,1140.4,30.9,541.7,641.0,541.4,3.1,399.6,1260.5,54.5,541.8,46.0,1.5,36.9,307.6,31.7,277.7,270.0,23.3
17001,7276.8,353.7,44458.9,3198.8,75982.0,877.6,54.8,495.6,817.8,2403.7,645.0,9273.9,145.5,757.6,20.9,87.1,3672.8,10570.8,76.0,9.4,405.0,71894.9,383.6,580.1,18104.9,133.0,148.9,839.0,8576.2,87.9,17.5,16.7,84.7,443.2,1089.0,7.8,444.5,995.4,172.6
17003,1897.7,6.7,1371.8,921.5,7212.9,194.1,12.3,79.4,24.3,63.3,,423.2,62.8,22.1,1.9,19.4,63.0,342.7,2.1,0.6,93.1,24705.3,74.4,0.4,2292.5,33.6,9.6,676.1,1670.6,59.3,3.2,3.8,9.6,12.0,56.4,13.5,8.3,129.2,3.6
17005,1882.1,76.7,10882.8,3765.7,31617.7,340.7,24.4,59.0,272.5,260.7,4.1,3963.7,34.3,114.2,24.1,52.2,1403.3,5978.1,72.8,3.8,175.7,36497.5,204.5,225.2,7863.4,117.1,22.8,949.6,3192.2,118.7,5.2,16.3,14.8,134.1,597.2,6.9,71.2,1924.6,30.4
17007,2238.7,70.8,29253.6,1326.7,29668.9,361.3,66.0,764.4,892.6,746.4,120.5,2034.6,2.9,146.9,35.0,57.3,2141.2,5208.2,54.3,8.1,120.0,21185.5,387.7,266.5,8182.3,217.6,33.1,1294.2,5219.0,60.9,8.9,5.5,18.9,93.2,291.6,4.3,1.2,1784.8,36.4
17009,1716.6,105.6,12033.2,771.1,20534.5,232.9,14.9,111.4,185.4,652.8,67.4,2499.4,30.8,206.8,5.7,21.3,986.4,2814.1,17.4,2.2,70.5,15530.3,88.6,157.4,4867.9,35.6,40.3,194.3,2085.8,18.9,9.4,2.6,22.9,111.8,294.7,1.6,238.6,260.4,46.6
17011,12955.1,117.4,75943.6,2209.3,105717.0,1174.0,98.9,1397.2,1564.5,3860.1,24.5,7340.2,164.4,1507.8,73.7,97.4,11714.6,16130.1,64.3,32.7,381.5,84660.3,551.1,952.9,45395.3,607.8,245.7,3177.2,9696.9,130.2,19.3,26.7,144.4,110.5,142.3,10.7,76.7,1742.3,28.2
17013,572.2,15.5,3153.7,1109.2,9436.7,99.8,9.6,23.0,338.8,181.0,758.1,2283.5,7.5,33.1,15.2,19.4,394.0,1719.5,97.8,38.0,52.2,7810.6,50.1,80.6,2458.0,39.8,6.7,952.1,773.3,620.0,5.1,81.8,4.3,106.9,173.8,1.2,70.3,504.4,11.8
17015,5335.6,68.3,37828.8,798.4,52599.0,531.8,50.3,699.3,1389.7,2296.2,448.2,3715.0,52.0,767.1,41.8,49.2,5828.2,7718.7,70.8,11.0,233.7,27887.2,206.7,514.3,22289.3,210.1,122.2,1330.3,3873.9,151.9,25.0,0.7,71.8,46.7,65.7,3.9,99.3,955.8,17.3
17017,2374.8,59.1,15637.2,4798.3,45155.2,479.7,36.4,78.7,419.0,350.4,322.8,5532.2,26.6,164.1,27.1,48.5,1927.6,8261.4,55.9,4.6,204.4,29191.3,201.0,315.5,10794.9,131.5,32.7,1114.1,3423.5,173.0,5.9,2.4,21.3,91.3,857.9,5.0,81.6,1588.3,41.4
17019,12774.9,206.8,74992.4,10688.7,149043.1,753.1,505.6,1267.9,535.6,4035.6,50.4,4064.6,7.7,488.1,319.4,5.4,4722.1,18551.6,22.3,18.7,594.1,77617.3,944.3,1043.5,67246.1,741.4,92.1,2730.0,27872.1,190.0,5.2,7.2,77.0,425.4,4234.0,33.5,7.9,3002.9,101.7
17021,5721.2,164.7,37261.6,11707.9,107629.0,1149.0,83.5,188.0,852.1,586.3,6.2,13069.8,73.2,391.1,57.0,102.7,4596.8,19831.4,46.7,12.9,377.1,80116.3,518.7,733.1,25877.2,321.9,78.0,2623.3,8747.4,371.0,3.9,3.3,50.7,169.2,2044.8,12.7,53.2,4211.8,97.5
17023,3322.6,13.6,29585.1,5902.7,76105.2,477.0,193.7,222.2,257.1,1450.0,,2888.0,445.9,271.9,13.6,213.2,932.7,9282.2,22.3,5.9,248.8,40747.6,247.8,373.8,16214.2,461.8,87.8,303.3,6197.6,190.9,10.5,5.0,42.2,51.7,1466.5,25.4,7.3,495.6,43.7
17025,2653.1,21.0,19471.7,4326.4,50248.2,345.4,127.5,148.1,171.0,952.8,14.1,1897.0,430.6,186.4,8.8,144.9,657.5,6330.6,15.1,4.0,251.0,38117.8,197.4,245.8,10967.8,399.7,57.8,259.3,5606.8,127.9,17.2,9.3,27.7,41.8,965.2,37.9,12.0,369.5,28.7
17027,8001.0,26.8,12573.3,4471.8,63063.3,572.9,113.1,532.3,269.9,916.0,19.0,3884.9,499.0,202.9,48.0,184.5,279.6,1285.4,216.1,6.1,223.8,62029.5,324.1,40.9,17407.4,245.1,88.4,3691.9,4313.0,541.6,13.2,27.1,88.4,266.3,516.8,86.3,34.7,804.8,82.8
17029,3328.1,15.5,32626.7,5802.6,82279.9,512.8,214.1,225.6,308.3,1690.1,42.3,3646.0,433.1,296.0,22.7,231.9,1001.4,9910.4,85.3,7.1,259.4,40020.2,297.1,425.1,16641.8,474.2,96.8,335.7,6176.7,209.7,12.2,1.9,46.5,123.0,1617.3,14.9,8.5,611.0,60.6
17031,279.7,12.4,2168.6,134.0,2369.4,38.8,12.4,57.0,447.0,112.1,119.2,215.4,1.9,11.1,3.7,10.0,164.4,501.1,22.6,6.5,27.2,2862.4,54.0,23.7,662.3,32.3,2.9,149.4,641.7,25.3,2.8,12.4,1.7,15.4,30.0,0.4,0.4,263.7,7.5
17033,2441.5,10.7,21745.4,4188.0,55309.4,370.3,165.1,155.9,273.3,1063.8,146.0,2055.0,348.2,203.6,9.1,165.6,694.6,6759.4,17.8,4.9,334.0,31564.6,183.1,283.6,11614.0,352.6,64.5,192.7,4785.2,178.8,8.2,7.3,31.0,39.8,1077.9,30.6,5.7,364.8,38.5
17035,2102.1,8.3,20563.4,3659.1,51892.4,322.1,134.8,142.6,191.9,1035.0,48.8,2140.4,268.7,188.3,11.7,147.2,633.9,6245.2,37.4,4.5,187.6,24920.5,173.3,263.8,10506.2,293.6,61.0,219.7,3847.5,129.8,6.4,2.9,29.3,54.1,1019.3,15.3,4.4,355.9,33.4
17037,5756.9,148.9,83437.9,3655.5,85807.7,1230.6,216.1,2173.8,2614.7,1778.9,6.4,5835.6,5.7,416.2,95.7,169.8,6097.1,15452.2,166.0,43.7,300.4,54028.4,903.7,710.9,23194.0,404.2,97.5,3288.0,13876.9,172.9,4.9,56.3,54.5,238.7,892.0,11.1,0.7,4359.4,81.1
17039,7656.1,85.6,18450.4,2163.3,43589.8,647.2,150.6,208.6,426.9,1389.8,0.5,2285.0,53.1,689.4,30.3,36.3,3838.2,5719.1,8.6,4.6,195.5,34961.4,266.2,374.3,25235.3,173.0,79.2,348.8,8355.7,54.0,7.0,0.4,61.0,59.1,1484.3,7.8,4.9,2326.3,55.4
17041,3196.9,5.2,32277.0,5661.0,81412.0,501.0,212.0,223.3,305.8,1631.0,44.1,3388.7,397.7,290.7,18.9,228.2,981.6,9762.3,56.2,8.2,229.4,37073.4,268.1,414.4,16432.9,445.7,95.8,278.9,5770.4,202.1,3.1,1.3,46.0,89.1,1600.2,11.1,2.2,555.7,53.6
17043,89.7,2.9,1077.4,46.3,1090.4,10.7,4.3,28.8,204.4,75.7,10.1,93.5,0.7,5.4,1.8,3.2,79.3,189.5,8.9,1.1,5.1,717.3,29.0,14.8,307.4,10.3,1.2,75.3,172.0,10.1,0.6,4.3,0.7,4.9,10.7,0.3,0.1,94.4,4.9
17045,4713.2,18.6,47665.4,8352.7,120203.4,738.9,312.1,329.6,417.3,2353.1,2.5,4717.0,589.5,431.4,23.4,336.6,1452.1,14416.3,47.2,9.6,330.1,54910.4,373.7,604.5,24250.2,654.8,141.4,363.3,8548.2,285.7,14.4,2.0,67.9,88.9,2362.7,19.4,10.0,772.1,70.2
17047,2316.6,16.0,7475.0,2096.8,34452.2,183.4,26.5,147.9,105.3,121.3,,1343.4,144.9,147.3,4.0,81.8,240.2,2583.2,8.0,7.0,92.9,17778.7,213.2,1.7,13760.1,366.6,30.4,674.0,1633.8,88.5,10.4,3.9,21.5,18.8,337.8,34.0,7.2,1175.9,15.8
17049,3096.7,28.6,27942.4,5275.8,70966.6,452.6,185.0,198.9,302.6,1487.1,19.6,3350.2,416.8,269.1,22.7,209.7,896.8,8628.1,97.8,10.9,236.3,38276.3,283.1,369.3,14666.7,440.1,83.0,344.0,5802.3,193.3,24.1,16.5,39.8,139.8,1386.0,57.4,16.8,574.9,59.5
17051,3920.7,30.5,30366.7,6380.2,77741.1,526.5,200.5,223.6,322.5,1618.2,112.3,3624.4,612.4,301.5,24.6,235.5,1030.3,9696.0,108.9,8.7,390.2,54708.7,347.5,402.0,16590.8,590.5,90.1,474.9,8136.8,220.4,25.0,25.8,43.3,157.9,1505.6,93.5,17.4,675.1,64.7
17053,6539.2,105.9,36064.4,5266.7,71822.6,366.6,240.2,612.7,179.3,1921.0,2.6,1917.5,3.6,236.4,153.3,3.6,2280.3,8975.0,4.9,8.0,282.7,39559.0,469.3,497.1,32500.4,370.9,44.2,1181.5,14163.0,82.0,2.7,5.1,37.0,205.0,2035.1,21.2,4.1,1494.2,45.8
17055,2499.7,23.6,7279.3,2483.8,33948.0,240.0,25.9,239.8,110.1,143.6,6.0,1380.7,254.1,143.5,5.8,100.3,275.3,2731.5,22.7,7.6,155.1,27625.3,279.3,5.1,13996.4,492.0,29.6,846.8,2229.2,101.1,14.6,8.5,20.9,42.9,329.0,66.3,10.2,1858.7,18.1
17057,6656.1,395.4,44046.1,3059.6,75256.5,863.7,53.4,328.7,657.0,2345.9,36.4,9162.3,134.2,754.9,20.3,67.0,3606.5,10420.6,59.9,7.2,278.9,66676.8,361.7,566.8,17905.3,129.9,147.5,740.6,8238.0,63.9,28.8,3.2,83.9,407.2,1078.7,4.7,731.4,949.5,171.2
17059,3231.5,17.8,10639.0,2865.6,49008.2,290.9,44.8,176.9,251.9,180.1,25.6,1959.8,196.8,209.5,6.3,116.0,333.9,3616.7,15.5,65.4,135.0,23464.2,297.2,4.7,19772.6,497.5,43.2,924.5,2208.4,160.5,10.8,11.9,30.5,37.0,480.3,37.1,7.5,1610.6,22.6
17061,3521.7,94.4,22860.1,7096.3,65975.6,703.0,50.8,114.2,527.9,426.6,2.8,8101.4,42.1,239.9,40.6,70.3,2826.9,12121.5,72.4,6.9,215.8,46282.2,308.3,458.0,15793.5,197.2,47.8,1640.1,5187.2,232.1,11.4,5.2,31.1,146.6,1254.3,7.9,156.5,2503.1,60.7
17063,3471.2,100.9,44541.4,2095.3,45099.0,458.6,95.7,1160.3,474.8,935.7,4.5,2945.4,3.8,222.6,50.7,82.4,3259.4,7947.6,10.4,8.0,198.9,35177.4,535.8,377.5,12516.2,248.0,50.2,1743.2,8510.9,37.0,4.5,3.0,28.7,134.6,441.2,4.9,0.6,2753.2,35.3
17065,3704.1,22.1,11474.7,3569.3,53128.8,341.4,40.6,259.9,167.4,219.9,20.4,2148.2,341.6,226.2,8.7,132.9,398.2,4156.0,32.4,10.8,204.6,37324.6,403.1,6.8,21681.2,695.9,46.6,1217.4,3129.9,148.4,11.1,7.5,33.0,59.2,518.6,63.2,7.7,2508.4,27.4
17067,7750.3,380.0,50652.0,3553.0,86500.8,996.0,59.8,404.3,726.0,2547.0,36.8,10519.1,158.3,862.4,21.0,69.6,4152.8,12006.3,43.6,8.2,330.4,78612.5,416.7,631.2,20568.0,140.2,169.6,705.1,9592.9,51.1,17.9,5.9,96.5,362.0,1240.6,6.0,453.4,957.7,195.2
17069,161.6,17.6,327.6,88.2,1484.3,11.0,1.2,5.0,8.9,33.8,,126.7,38.5,6.5,2.3,3.8,12.4,117.4,17.2,0.3,7.0,1264.4,30.3,3.6,624.5,23.9,1.3,55.9,102.1,10.3,15.5,0.1,0.9,20.1,14.8,1.1,10.8,108.4,2.8
17071,3533.4,170.1,28142.9,1837.0,48356.9,568.7,246.4,198.9,468.3,1416.9,42.3,5896.5,61.8,479.4,11.7,38.7,2291.3,6544.2,44.9,9.7,134.0,31609.4,185.3,350.8,11667.0,76.9,94.4,433.7,5172.1,32.6,11.0,9.7,53.8,183.4,693.0,2.4,280.3,510.9,208.9
17073,12256.5,143.4,66164.3,2190.2,91999.3,1007.4,83.3,1219.9,1655.8,3557.2,15.6,6385.0,171.9,1330.3,67.9,80.7,10230.0,14320.2,50.0,16.1,391.4,87088.1,549.4,859.9,39722.5,636.7,213.8,3358.4,9277.0,161.4,32.6,1.8,125.5,115.9,115.0,9.7,129.4,1827.4,21.6
17075,14785.0,235.6,86864.7,12927.6,172907.4,1158.1,723.0,1469.7,3189.8,4811.1,261.5,5142.9,11.9,567.2,371.0,26.0,5476.9,22471.9,37.6,63.3,969.7,88890.4,1110.8,1260.4,78521.6,851.3,111.1,2889.5,31950.9,399.2,14.2,74.5,89.1,553.5,4989.0,41.8,21.5,3542.0,182.7
17077,4437.4,60.1,3623.3,2373.9,20474.8,416.8,34.0,189.2,144.8,311.4,218.9,1349.3,268.1,58.5,17.5,63.3,144.7,869.3,94.5,37.1,226.5,52699.5,210.1,19.7,6859.0,91.9,25.5,1760.7,3532.6,318.0,30.9,26.2,25.5,118.2,148.9,28.6,81.1,404.1,33.2
17079,3302.5,13.5,29795.2,5637.5,75551.3,484.6,195.1,210.9,260.2,1468.1,17.8,2965.4,467.7,276.5,14.4,215.6,944.4,9215.2,27.6,7.4,261.0,42513.7,257.7,377.5,15582.9,478.5,88.4,277.5,6448.3,196.5,10.3,9.8,42.5,61.5,1476.9,34.5,7.2,512.4,43.9
17081,3119.9,41.7,8281.2,3527.9,39677.2,309.2,29.3,297.4,165.4,207.8,77.6,1714.9,384.8,163.2,10.0,119.5,330.6,3342.2,58.7,22.7,260.6,37830.7,379.3,11.0,16426.3,641.3,33.6,1173.4,2911.2,151.8,28.3,11.8,23.8,81.9,374.1,78.5,19.7,2559.4,25.9
17083,1869.1,54.1,11692.4,3738.9,33811.9,362.3,26.6,59.7,472.4,278.5,60.0,4436.2,24.4,122.7,25.8,41.2,1453.5,6242.0,87.5,10.8,123.6,26581.4,169.8,241.6,8165.6,108.9,24.5,1212.1,2788.3,184.5,6.6,10.7,15.9,124.2,642.0,4.5,90.9,1462.0,32.8
17085,3338.1,180.6,22048.0,518.4,30662.0,314.9,27.8,419.2,2546.3,2036.0,27.0,2485.7,36.0,532.4,39.4,40.7,3444.9,4551.6,153.4,5.5,81.0,19031.2,143.2,415.5,13042.0,187.8,71.2,1502.6,2423.7,294.7,97.5,0.6,41.8,68.6,38.3,2.6,386.7,1288.0,35.6
17087,858.1,56.9,826.0,437.0,4268.8,79.9,7.4,29.0,44.5,162.8,105.0,298.2,147.6,13.3,12.5,21.2,26.7,150.4,77.4,3.9,36.6,9890.1,78.2,14.1,1279.6,32.7,5.8,424.8,667.5,61.8,29.9,3.8,5.8,88.3,33.9,4.9,78.5,162.0,22.0
17089,3114.3,86.2,40019.1,1831.2,40788.9,569.6,99.7,1044.5,1200.0,959.2,301.9,2778.3,4.7,200.0,47.3,81.9,2932.4,7262.5,79.4,18.5,175.2,29608.2,503.9,352.7,11235.2,345.6,45.9,1688.8,7342.4,85.2,5.1,21.7,26.1,132.6,410.0,6.3,0.7,2426.1,44.2
17091,7634.3,114.4,45340.2,6393.3,90141.7,477.4,344.5,766.9,1199.3,2750.1,1255.7,2650.7,8.0,298.6,194.2,16.1,2850.1,11286.0,56.5,26.1,799.1,43619.5,549.9,676.5,40682.5,432.9,56.3,1545.1,15613.7,192.0,5.2,18.6,46.7,264.8,2572.0,28.7,7.8,1805.1,75.3
17093,2719.8,75.0,35576.6,1644.7,36188.9,369.4,80.9,927.1,645.3,765.8,19.1,2397.1,3.1,177.6,40.7,68.4,2603.5,6423.2,20.1,10.8,151.7,26861.2,419.5,303.1,9967.3,202.9,40.6,1402.5,6544.3,45.1,2.5,11.7,23.0,103.0,360.7,4.5,0.3,2116.5,30.5
17095,7149.8,375.8,48923.7,3355.6,83599.5,957.2,57.2,336.8,706.4,2511.5,6.9,10168.0,144.2,834.7,21.1,65.0,3998.0,11550.8,50.2,7.7,296.9,71826.4,389.2,616.2,19887.1,138.7,163.8,736.2,9022.4,56.4,21.8,1.2,93.2,379.9,1198.2,4.6,553.7,963.0,188.8
17097,499.6,17.3,4680.8,243.5,4866.7,64.2,17.1,123.3,591.6,203.1,107.7,416.7,1.8,23.7,6.9,13.0,348.4,919.4,37.0,6.0,31.9,4589.4,101.7,56.9,1354.9,66.5,5.6,349.2,1065.6,35.3,3.0,10.4,3.2,26.0,52.7,1.1,0.4,429.0,13.4
17099,9377.0,270.3,120736.1,5705.4,124701.4,1999.8,327.8,3143.5,4367.6,2544.8,5.2,8493.2,9.6,602.9,138.3,247.1,8861.2,22913.1,278.0,73.5,527.4,94034.8,1468.7,1025.8,34033.3,666.6,142.5,4744.2,23432.6,283.1,13.0,94.5,79.2,422.6,1317.5,13.9,1.8,7449.9,120.4
17101,2455.3,8.5,21803.5,4355.4,56064.6,378.6,172.1,163.5,194.7,1060.2,,2084.2,332.3,207.8,9.3,162.5,702.5,6842.9,26.0,5.2,185.4,30385.2,181.2,274.3,12110.1,342.4,64.7,216.5,4700.8,139.7,6.4,11.3,31.1,45.7,1080.9,42.9,4.4,366.5,46.0
17103,10662.1,80.3,63798.8,1817.7,88902.2,1063.2,86.8,1173.4,1453.5,3252.7,4.1,6241.2,133.1,1256.6,62.2,86.8,9831.7,13517.2,142.2,38.6,308.6,68855.5,454.2,801.6,38234.5,491.4,206.7,2592.9,8079.1,117.6,6.8,39.7,121.6,128.9,127.5,8.5,27.1,1563.5,59.6
17105,14474.3,235.9,79360.2,11613.0,157766.7,873.2,550.6,1342.6,763.7,4288.0,4.2,4354.2,8.3,519.9,338.4,9.6,5021.7,19836.9,33.1,21.6,629.9,88329.6,1070.1,1102.1,71454.5,827.2,97.8,2631.4,31558.8,230.8,5.5,18.1,81.5,509.6,4487.6,46.4,8.3,3380.3,121.7
17107,13390.5,135.1,33577.4,3835.0,79341.8,1168.8,284.8,384.5,838.4,2529.0,112.3,4140.9,92.2,1253.7,55.0,73.7,6980.8,10352.9,11.3,11.4,500.7,59805.5,456.7,690.1,45833.5,305.8,144.2,600.1,14468.8,95.7,5.7,0.9,111.1,87.8,2701.2,14.5,4.0,3986.6,95.2
17109,6215.2,302.9,42121.2,2886.4,71890.6,825.6,49.5,286.8,596.2,2082.1,7.2,8742.2,125.5,717.0,17.0,50.3,3441.6,9950.4,31.0,6.7,259.2,62515.3,334.0,519.5,17068.0,114.7,141.1,537.5,7811.4,37.5,14.4,1.2,80.3,269.4,1031.7,4.0,366.3,756.8,162.1
17111,3316.1,96.3,44789.4,1983.4,46153.9,515.0,119.4,1172.2,2977.4,1327.4,309.7,3437.2,6.2,224.4,56.2,99.2,3281.9,8361.1,164.3,33.2,176.4,30019.4,630.9,429.9,12473.9,362.1,52.6,2317.9,7485.2,185.4,10.7,46.0,29.5,136.2,483.6,7.2,1.5,2692.2,75.5
17113,26090.5,271.6,64216.6,7451.7,151767.7,2247.1,529.4,725.6,1509.2,4798.2,31.7,7947.6,178.9,2398.1,105.0,125.4,13353.6,19852.6,25.4,16.8,679.9,117808.5,890.7,1298.1,87745.9,590.6,275.8,1182.8,28342.2,180.8,14.2,2.5,212.3,171.5,5166.5,26.8,9.9,7830.8,183.9
17115,12051.7,128.6,29517.2,3435.1,69751.7,1034.1,243.2,329.9,687.4,2187.1,12.5,3645.9,82.9,1102.5,48.0,56.4,6138.0,9131.4,8.7,7.9,310.7,54625.0,404.3,594.1,40343.9,271.8,126.8,530.2,13118.8,82.7,8.1,1.3,97.6,66.8,2374.7,11.9,5.6,3612.0,80.8
17117,5281.1,144.7,33964.1,10633.6,98174.8,1045.3,77.0,173.0,919.8,651.8,95.8,12192.2,64.8,356.5,60.9,106.6,4204.2,18050.0,120.6,12.8,346.1,70934.5,466.3,683.2,23612.9,296.4,71.1,2675.7,7810.5,391.0,13.2,12.1,46.2,229.6,1863.4,12.0,181.9,3822.6,90.7
17119,3067.5,114.9,18466.8,6432.7,53703.4,609.3,53.5,97.4,634.2,458.6,195.4,6775.3,52.0,193.7,40.1,91.6,2354.4,10084.9,119.3,68.0,309.8,55045.5,319.8,387.7,13323.9,189.6,39.6,1557.6,5091.8,274.7,5.3,37.4,25.1,211.3,1024.7,10.3,72.5,2930.7,61.4
17121,2683.2,27.3,18963.2,5020.9,51967.1,320.8,124.9,180.0,201.4,987.9,191.9,2279.0,349.9,189.5,13.6,150.5,650.3,6507.1,62.6,10.5,288.8,31719.6,199.9,248.3,12726.6,344.4,56.3,520.8,4689.8,226.6,23.2,23.9,27.0,81.9,940.1,58.8,16.2,391.9,41.0
17123,6548.2,79.9,17009.4,1915.0,40234.0,635.5,201.7,202.5,478.8,1356.1,78.3,2168.4,44.1,636.2,28.9,43.7,3535.1,5217.0,33.6,7.1,291.1,28367.1,253.7,362.5,23475.2,153.0,73.0,378.4,6966.7,64.2,11.8,2.5,56.3,116.3,1368.8,8.1,8.3,1977.1,90.8
17125,8645.4,102.5,22797.5,4669.6,58028.9,2022.1,1623.2,342.5,2124.2,1918.5,681.6,3013.1,60.8,851.3,38.1,104.0,4744.8,7312.7,368.1,42.4,1077.0,36763.3,353.6,527.5,39543.8,196.2,98.3,455.2,9521.7,143.4,15.9,127.1,75.9,583.9,1864.7,19.4,11.1,2745.7,714.0
17127,1451.4,28.8,4404.2,1336.1,20194.0,152.5,15.6,77.8,71.3,89.1,30.9,834.9,166.5,86.8,3.7,46.9,159.4,1623.5,16.9,5.7,113.7,17762.3,177.1,3.2,8478.9,314.3,17.9,511.3,1424.0,56.0,21.6,2.1,12.7,28.5,199.0,17.7,15.0,1208.4,10.5
17129,5152.2,67.5,12762.1,1464.2,30161.1,445.2,105.1,161.8,301.6,980.8,,1592.8,34.6,477.6,21.3,27.3,2656.4,3936.0,9.2,3.2,127.2,22848.8,186.4,261.6,17417.4,117.2,54.8,253.4,5512.6,40.9,11.2,1.8,42.2,54.6,1026.8,7.6,7.8,1546.3,43.0
17131,6738.8,105.1,36460.6,1203.9,50717.8,554.1,45.9,673.5,1148.7,2061.6,5.7,3560.1,93.8,749.5,39.4,46.1,5645.7,7881.0,43.8,8.8,213.4,47567.7,301.7,489.2,21893.5,352.8,117.8,1919.5,5081.1,117.7,33.9,1.0,69.2,68.4,63.3,5.3,134.6,1095.6,15.3
17133,5503.0,20.5,6748.9,2827.6,36009.5,347.6,62.2,507.1,169.7,422.8,151.9,2115.8,208.8,108.9,19.0,124.6,201.4,884.6,73.7,51.4,160.0,39157.4,160.2,16.1,10757.8,141.1,47.4,2097.1,2656.4,324.6,10.3,27.3,47.4,97.7,277.3,78.9,26.9,420.8,35.4
17135,4507.1,136.1,28649.1,9161.5,83092.0,883.8,63.5,152.2,649.8,476.4,,10105.5,60.5,300.7,46.0,88.6,3562.5,15334.4,52.7,7.8,310.8,65995.2,416.3,566.8,20211.8,254.7,60.0,2154.7,6906.6,287.9,5.4,9.1,39.0,153.4,1571.7,11.1,74.6,3465.4,75.5
17137,3591.2,108.1,23072.0,7310.1,66619.0,711.9,51.4,115.9,554.6,456.5,10.2,8225.9,48.3,242.2,43.1,69.2,2851.0,12313.0,90.6,7.2,248.6,52404.2,334.7,465.7,16038.7,208.9,48.3,1725.6,5528.0,238.8,11.8,2.2,31.4,175.5,1265.9,8.2,162.2,2825.3,61.7
17139,2540.9,9.6,25680.9,4498.2,64762.7,397.9,177.4,177.6,369.2,1305.5,241.8,2657.4,318.2,232.5,14.5,193.1,782.3,7766.2,39.9,6.1,405.4,29561.4,210.7,345.9,13083.9,353.9,76.2,213.1,4598.0,232.8,7.4,1.1,36.6,66.1,1273.0,10.6,5.1,436.3,41.3
17141,9023.4,130.1,54064.7,1606.9,75747.8,886.7,74.7,997.2,1797.6,2954.9,51.2,5416.9,107.5,1104.9,56.7,82.7,8354.1,11407.8,146.7,39.3,254.8,55926.7,373.1,709.4,32601.6,419.2,175.3,2269.5,6672.9,167.9,44.8,47.3,103.2,104.7,113.1,8.3,177.8,1431.5,49.9
17143,8151.0,123.8,21328.2,2609.1,50882.2,773.5,270.7,273.1,1014.3,1893.7,492.4,2786.3,59.9,799.3,37.6,95.8,4434.9,6564.9,43.4,23.6,1050.9,34862.1,347.8,517.5,29340.1,195.8,91.6,536.3,8540.7,113.8,29.2,17.4,70.6,184.3,1719.6,12.4,20.4,2490.3,111.1
17145,5397.2,44.4,7219.0,2757.5,35792.8,421.3,65.1,326.5,136.8,398.6,1.8,2206.6,192.7,116.5,15.9,97.0,183.0,830.4,48.9,15.6,174.7,47974.1,173.7,9.2,9796.0,140.1,50.7,2201.8,3306.6,292.7,22.7,16.6,50.7,73.8,296.7,54.8,59.6,405.7,26.7
17147,5755.5,94.4,34228.1,4873.5,68024.3,341.5,228.2,578.6,191.1,1830.9,3.2,1834.8,3.3,222.2,145.7,1.4,2154.0,8457.6,6.3,7.7,252.2,35525.9,428.8,472.8,30684.0,337.6,42.0,1129.9,12727.8,80.8,4.1,1.4,35.2,189.8,1931.6,13.0,6.3,1365.8,44.9
17149,4363.3,95.5,28542.8,8671.6,82517.9,876.2,68.4,145.4,858.2,753.6,138.8,10512.3,44.0,299.6,67.7,105.1,3519.2,15017.9,229.7,15.8,259.3,48066.9,351.4,605.0,19711.9,244.3,59.8,2380.3,5971.3,361.8,15.6,10.3,38.8,318.4,1566.9,8.9,215.4,2837.5,80.4
17151,325.4,14.4,766.2,383.9,3687.4,41.6,2.7,20.2,11.3,16.1,,149.6,51.2,15.1,0.7,9.2,35.0,346.2,3.0,0.7,32.7,5635.8,44.9,0.6,1632.7,87.4,3.1,136.2,404.4,12.7,11.5,0.5,2.2,6.8,34.6,4.6,8.0,380.9,2.2
17153,2048.3,16.1,2333.6,1109.7,11921.3,191.1,22.7,79.9,91.9,136.1,83.0,718.1,77.7,37.7,4.7,30.8,67.0,369.2,12.8,1.3,139.9,23079.9,76.5,8.4,3492.4,48.8,16.4,844.1,1573.0,115.9,8.2,3.5,16.4,25.2,95.9,13.3,21.5,159.8,8.3
17155,1868.8,24.4,9215.2,323.1,12824.3,146.1,12.8,170.1,214.7,483.2,0.8,890.3,25.9,187.4,9.1,13.9,1428.5,2013.8,6.8,4.2,69.6,13038.3,80.3,117.0,5559.5,100.3,29.8,478.7,1348.5,20.8,6.7,4.3,17.5,16.4,17.0,2.5,26.5,246.8,2.9
17157,7309.4,51.6,8820.0,3574.3,44894.0,517.9,79.4,596.3,181.9,585.1,24.3,2749.1,333.0,142.4,28.4,155.5,261.9,1104.6,118.5,10.0,215.5,59585.0,251.9,22.1,12794.3,176.6,62.0,2828.3,4076.3,395.1,26.4,33.4,62.0,156.0,362.5,96.9,69.2,580.1,49.8
17159,2665.8,8.9,22367.3,4592.6,57522.5,371.5,146.5,167.8,194.7,1083.2,34.1,2137.0,384.3,215.0,9.2,167.9,733.9,7083.7,10.0,6.0,227.6,34748.4,193.8,280.8,12311.1,381.4,66.4,254.0,5244.1,157.1,6.5,15.2,31.9,32.8,1108.7,50.2,4.5,378.0,30.9
17161,3667.1,60.6,19956.3,653.5,27803.3,323.4,26.4,368.9,825.7,1170.2,509.1,2043.1,55.3,412.2,22.7,29.3,3089.9,4315.6,51.9,12.3,122.2,25732.2,163.7,273.5,12103.0,229.5,64.6,1174.9,2847.7,121.2,20.7,11.3,38.4,39.0,39.4,2.9,82.0,631.8,12.4
17163,9016.4,16.0,14638.7,5112.2,72806.6,676.1,134.3,529.0,354.5,748.1,257.7,4631.3,259.0,236.3,25.5,174.7,309.2,1455.1,63.9,47.2,323.9,72661.8,250.6,17.2,19794.1,272.6,102.9,4051.3,5067.9,709.2,7.4,39.4,102.9,93.5,601.7,87.2,19.3,668.1,42.5
17165,2064.1,21.6,7026.0,1835.2,31959.5,200.2,24.9,67.1,106.3,136.2,51.8,1307.9,198.0,138.5,5.6,62.9,226.0,2442.0,20.6,7.8,117.0,21079.6,239.7,4.5,13118.4,411.5,28.5,684.4,1828.8,83.4,14.4,0.6,20.2,38.4,317.5,8.4,10.0,1437.3,15.9
17167,6739.3,166.1,44650.5,13667.7,128887.4,1369.7,99.7,223.5,1044.4,762.5,25.9,15738.6,74.1,468.7,73.2,123.7,5484.5,23570.2,94.5,13.6,384.3,82067.5,568.0,886.6,30762.8,370.6,93.5,3138.6,9717.7,450.8,7.9,0.9,60.7,223.7,2449.8,13.5,109.0,4432.8,117.2
17169,2908.1,170.4,18291.7,1294.6,31214.6,360.4,21.6,176.8,268.3,967.3,18.4,3798.4,59.1,313.5,8.3,31.6,1506.4,4344.5,23.0,2.9,123.6,29307.8,156.0,234.5,7414.6,53.5,61.3,286.9,3513.3,24.2,12.0,4.6,34.9,167.3,448.0,2.7,304.2,391.8,70.7
17171,1294.6,36.8,8343.3,2662.8,24337.5,256.9,18.5,47.4,191.3,158.1,,2981.0,16.4,87.6,15.0,25.8,1033.6,4461.6,28.0,2.3,83.9,17920.0,116.7,167.4,5977.4,73.5,17.5,682.0,1945.9,86.2,3.6,1.4,11.3,56.9,457.7,2.9,50.2,965.5,22.6
17173,5125.6,28.7,50103.6,8873.1,126426.6,782.3,328.2,347.3,464.4,2606.5,18.2,5666.3,643.8,471.4,35.7,367.2,1564.0,15199.0,137.6,10.8,368.2,60007.2,455.9,653.7,25575.0,712.6,148.6,514.3,9249.9,324.7,23.2,19.2,71.4,193.2,2483.6,74.0,16.2,942.4,94.9
17175,6218.9,70.4,17413.9,1870.7,41191.2,596.5,144.8,197.0,413.5,1309.9,,2159.2,39.1,651.0,28.6,34.3,3613.6,5298.1,8.4,4.5,143.9,26000.7,219.8,353.0,23629.0,144.8,74.8,309.7,6531.0,51.1,9.3,1.3,57.6,50.3,1401.2,6.6,6.5,1783.7,52.6
17177,7267.5,89.2,45029.5,1170.7,62631.8,661.3,58.2,845.1,2317.2,2929.0,0.2,4558.1,83.6,911.0,56.2,65.5,6950.1,9408.9,142.5,11.1,191.3,43723.5,303.2,662.2,26772.4,353.9,145.5,2193.6,5310.5,253.8,27.7,3.5,85.4,101.7,78.3,6.8,109.7,1588.9,44.9
17179,11229.2,129.1,28409.8,4501.3,69518.5,1672.9,1174.8,353.8,2644.9,2706.2,1875.1,3676.0,100.1,1061.2,47.9,221.9,5907.5,8936.1,212.9,76.0,3406.2,49951.4,436.1,814.6,43518.8,261.4,122.3,582.3,12299.1,180.9,14.9,75.1,94.3,405.5,2303.9,15.6,10.4,3515.4,437.8
17181,1926.1,49.4,2220.6,1052.3,11243.3,189.0,26.0,43.6,267.6,243.6,560.0,1021.5,164.2,35.8,12.4,42.4,58.9,346.6,78.8,45.1,257.5,22692.8,108.4,30.9,3227.3,57.9,15.6,917.7,1542.5,355.4,25.7,30.2,15.6,87.6,91.3,7.8,67.5,229.9,21.6
17183,9790.4,161.2,55696.7,8037.2,110689.6,563.4,377.4,942.6,539.8,3074.6,62.1,3099.7,6.6,363.5,238.2,4.4,3515.6,13811.0,21.8,13.2,512.3,60512.4,754.7,791.7,50018.9,572.0,68.3,1893.3,21605.3,184.0,10.6,4.2,57.2,377.2,3142.9,25.9,16.1,2366.0,85.4
17185,2541.9,8.5,8576.6,2072.9,38983.8,202.1,30.4,164.5,122.5,136.0,3.7,1524.1,151.1,169.0,4.3,93.8,272.5,2866.6,7.2,8.0,100.1,18835.4,234.9,1.8,15630.3,402.4,34.8,712.3,1788.5,92.4,3.4,4.7,24.6,19.1,387.6,40.4,2.4,1252.8,16.8
17187,6509.5,306.8,46245.8,3065.1,78918.1,900.4,54.8,309.8,652.7,2265.5,1.8,9596.5,127.6,786.7,18.3,53.1,3772.9,10870.0,30.9,7.2,263.3,63955.5,347.6,567.5,18716.2,124.1,154.9,567.4,8299.9,38.7,14.4,0.5,88.1,270.0,1132.5,4.1,366.7,799.4,177.9
17189,11507.5,36.1,14902.1,5498.0,73893.7,795.4,134.1,998.0,295.8,915.6,8.6,4563.0,464.0,240.5,41.3,255.6,419.9,1620.5,156.3,8.0,325.0,89021.0,365.1,29.5,20194.6,289.5,104.8,4463.5,6164.3,611.2,17.7,52.6,104.8,209.1,612.5,165.2,46.5,875.3,69.9
17191,5686.4,44.6,15972.5,7160.9,77903.5,475.5,56.5,382.6,228.3,272.2,24.9,3002.5,442.4,314.8,9.5,181.1,546.8,6331.6,25.0,17.0,284.5,53341.2,539.5,5.2,30803.4,965.9,64.9,1954.1,4366.1,268.0,27.8,8.2,45.9,58.9,721.8,70.9,19.4,3465.9,43.3
17193,4941.9,28.6,15705.8,4395.7,71959.9,483.2,71.0,398.3,601.3,292.8,546.1,2893.0,424.8,309.4,8.6,209.5,553.3,5545.8,18.5,52.5,549.7,49455.9,516.2,43.3,29698.9,931.1,63.8,1552.4,4244.0,371.3,14.0,18.1,45.1,60.6,709.4,107.5,9.7,3339.8,32.4
17195,9436.9,83.6,56634.5,1669.8,79196.0,939.4,80.4,1043.0,1665.7,3018.0,3651.0,5644.5,148.3,1123.7,59.4,83.5,8732.7,11986.1,194.4,42.8,294.9,60285.1,399.6,728.1,34785.0,696.6,183.6,2579.3,7555.3,422.4,14.2,47.1,110.8,128.1,118.0,7.9,56.3,1485.1,65.1
17197,4487.9,123.7,50961.7,2459.0,51852.6,540.1,119.2,1331.2,1420.9,1223.5,78.7,3500.4,6.1,254.7,59.9,105.6,3750.9,9277.2,53.3,16.9,250.8,42938.7,689.1,449.4,14401.4,341.5,58.1,2133.4,10205.8,89.8,6.2,28.4,33.1,170.7,517.8,10.0,0.9,3434.5,54.2
17199,1302.6,54.2,2082.7,797.1,10318.8,122.8,19.1,15.7,51.9,142.3,18.7,645.9,81.1,33.6,6.9,19.7,39.1,240.3,29.7,5.7,59.0,13926.3,60.4,6.3,2821.7,42.1,14.6,656.8,963.8,90.8,28.4,0.5,14.6,39.8,85.6,3.0,74.5,140.1,11.8
17201,4732.4,45.7,26211.4,768.7,36456.4,409.7,36.5,487.9,1127.8,1595.2,38.8,2628.5,58.5,523.4,30.3,40.9,4049.5,5571.5,63.5,9.6,156.5,29923.4,196.3,367.0,15673.9,245.3,84.7,1357.5,3382.7,122.5,9.5,7.3,49.8,56.4,46.4,6.2,37.7,858.6,20.0
17203,10976.9,133.1,27026.0,3142.9,63973.9,945.8,230.5,336.3,689.2,2098.5,112.3,3372.6,75.1,1010.7,45.1,62.1,5625.0,8357.7,21.3,8.8,380.7,48933.8,395.2,560.6,36985.7,250.2,116.1,542.9,11783.4,91.0,17.5,3.8,89.4,112.7,2174.5,15.1,12.2,3303.1,90.6
18001,4481.4,55.4,15843.9,3059.2,34266.8,501.3,67.2,172.0,236.1,1401.2,65.7,1412.9,18.6,125.3,3.2,23.0,2745.2,1122.9,199.5,6.0,228.3,59377.4,359.2,43.0,14517.8,406.2,55.4,561.8,931.0,84.1,,11.8,8.4,100.1,781.8,2.2,,299.4,44.7
18003,5520.0,69.6,17487.2,3472.1,37871.8,617.8,75.4,341.8,276.9,1474.2,141.4,1603.2,23.1,142.2,3.4,40.3,3075.1,1401.2,172.7,8.4,285.1,73685.1,421.8,38.0,16272.9,430.3,61.3,566.8,1123.8,100.8,,27.5,9.3,119.1,865.2,3.9,,339.6,48.1
18005,5313.9,57.6,9911.1,8254.0,27063.8,453.9,142.4,85.0,277.2,997.3,649.2,3853.1,22.9,317.9,10.1,16.3,617.2,1508.3,115.5,7.9,178.6,37316.8,162.1,11.7,9679.2,205.2,45.2,2572.1,908.1,62.7,,10.8,22.8,77.1,886.6,8.9,,262.9,23.2
18007,12039.8,178.3,45699.8,6357.9,77289.7,582.9,106.8,525.1,367.7,1759.2,,5075.6,311.9,26.9,16.0,20.4,2019.2,1888.6,62.9,10.8,243.5,51427.5,305.2,6.0,26034.7,195.5,43.4,2086.4,8521.5,54.3,,5.6,43.0,160.6,8766.6,9.1,,2256.8,37.5
18009,1913.1,177.0,13325.7,4520.6,18926.1,241.4,7.3,26.3,73.4,103.4,,2718.1,64.8,88.1,1.3,3.9,359.1,762.0,16.9,2.1,116.8,27958.4,90.8,4.1,6111.4,132.9,42.8,441.1,598.8,24.5,,1.3,4.4,370.2,219.0,16.0,2.6,122.4,14.7
18011,8118.4,75.8,16992.9,13653.6,46316.9,647.6,231.2,74.5,328.0,1566.5,37.9,6596.4,20.4,537.8,14.4,11.6,1034.2,2485.3,222.1,7.6,219.7,54614.2,253.3,18.5,16137.5,284.7,77.5,4379.0,1247.0,78.5,,4.6,38.0,106.0,1514.8,12.0,,371.4,39.0
18013,248.7,16.3,239.7,255.1,706.4,21.2,3.5,6.4,63.4,184.2,417.8,32.2,3.0,2.5,0.6,1.8,19.2,46.2,40.7,0.4,51.2,808.8,15.2,3.0,392.5,17.3,1.7,157.6,40.1,15.3,,1.9,0.2,18.1,19.7,0.3,4.9,12.9,1.6
18015,2528.2,79.5,26964.1,3336.4,45822.2,296.8,71.5,51.6,383.9,1446.6,39.9,6547.3,15.1,523.3,13.3,18.1,435.1,1517.1,148.1,8.3,173.9,43759.1,5.0,7.4,20489.8,363.2,33.2,519.6,3783.2,43.2,,1.5,21.9,74.5,3204.7,3.4,0.1,349.3,30.5
18017,2461.8,78.9,25851.2,3269.8,43932.3,293.1,77.0,54.6,756.0,1523.9,2318.4,6321.5,24.8,501.9,28.5,62.6,421.9,1468.0,395.8,16.0,175.6,43554.4,4.9,41.2,19999.0,667.9,31.8,503.1,3632.7,84.4,,1.4,23.6,80.2,3072.6,3.3,0.2,350.3,40.7
18019,1620.9,84.1,3495.3,3917.3,6754.1,93.1,20.3,57.0,214.7,234.0,266.9,691.0,43.4,177.8,5.3,11.2,146.6,347.9,92.5,5.5,89.7,17482.3,68.9,73.5,1629.9,659.6,12.9,1273.3,414.6,60.2,,4.4,1.8,49.5,112.3,35.4,24.9,72.8,9.0
18021,5001.9,53.2,11620.7,2701.0,32544.6,354.7,86.4,279.9,181.4,787.4,,2166.0,88.5,311.5,11.4,7.6,982.8,545.2,179.6,2.9,137.4,40572.6,103.0,9.1,14715.5,66.2,46.7,766.5,541.8,103.3,,4.5,27.6,114.0,800.7,6.2,3.2,297.6,18.2
18023,9074.6,64.4,20704.8,16145.8,56427.9,714.2,282.2,82.8,331.6,1781.3,24.5,7972.3,23.3,654.1,16.8,10.7,1240.3,2926.1,52.8,9.2,227.6,57254.6,243.6,5.9,19575.7,247.8,94.4,5172.6,1401.4,53.8,,4.9,46.2,105.3,1845.3,12.7,,440.9,38.3
18025,308.1,54.7,275.0,289.0,807.2,14.6,3.1,9.1,34.7,45.9,20.3,56.9,0.7,4.5,0.9,2.4,23.0,52.4,47.4,0.4,12.9,964.6,22.7,3.1,440.2,20.5,1.9,196.2,44.8,18.1,,4.4,0.3,31.2,22.4,0.6,17.0,8.0,2.5
18027,1990.3,50.3,22439.8,1692.8,43876.5,357.3,117.1,466.4,354.3,395.0,700.1,5987.8,203.7,222.5,5.9,133.1,1396.8,3250.8,88.8,13.8,299.7,34676.5,180.7,49.2,15281.4,359.3,105.8,2597.8,3198.0,220.5,17.2,96.6,23.2,106.2,943.4,26.0,27.7,1117.8,24.6
18029,680.2,127.1,1081.4,1235.7,2116.5,30.4,5.3,11.1,88.7,106.9,23.4,306.2,10.4,55.0,2.4,4.2,60.1,114.2,104.6,1.9,23.7,5849.3,25.0,77.1,514.7,251.0,4.0,452.3,182.4,39.1,,0.8,0.5,17.5,35.3,6.5,40.8,20.4,6.5
18031,6738.4,75.3,12897.0,10600.8,35147.9,526.8,176.1,116.3,260.9,1197.4,30.4,5020.8,20.0,414.4,10.9,15.1,799.0,1936.3,173.5,6.1,186.3,46276.0,209.7,15.8,12284.5,227.1,58.8,3364.6,1005.7,61.0,,11.2,28.8,90.3,1149.4,11.1,,287.2,29.7
18033,2803.4,36.5,9249.1,1830.9,19981.5,322.9,39.0,132.0,128.2,779.0,10.0,837.6,12.0,74.2,1.7,15.9,1621.7,728.6,95.6,3.6,145.5,38651.1,222.1,20.0,8556.7,229.5,32.3,308.1,590.1,42.1,,9.8,4.9,63.4,456.1,1.6,,178.7,25.0
18035,3913.3,325.4,29700.1,10137.9,42323.6,493.3,18.9,55.1,297.4,244.9,536.0,6109.0,129.5,196.4,12.1,14.5,822.0,1581.6,46.1,12.3,212.2,52010.3,200.1,11.2,13521.1,323.2,95.9,859.8,1190.2,75.9,,6.6,11.5,673.8,493.7,29.2,8.1,275.1,43.8
18037,1521.5,59.0,16500.6,1234.7,32134.2,260.8,85.2,375.0,161.6,208.3,22.6,4269.5,165.7,167.9,3.6,101.9,1037.7,2402.2,30.9,8.5,113.7,27630.4,107.4,9.3,11286.2,271.5,77.8,1900.1,2410.1,101.4,21.0,113.2,17.0,45.7,693.8,29.0,33.8,836.5,17.0
18039,2182.3,59.3,23348.7,2655.1,39891.2,244.7,74.1,85.6,1700.2,1803.7,413.9,6073.3,17.4,454.2,14.6,106.7,376.4,1321.9,1375.3,29.2,179.1,33226.1,4.1,84.1,17946.0,315.6,29.8,496.5,3275.6,210.6,,18.8,19.0,83.6,2787.0,2.7,0.2,298.8,43.6
18041,2012.3,135.4,17863.7,6036.9,25382.3,220.8,9.9,38.3,111.3,216.6,,3704.0,42.2,119.3,3.0,8.0,486.1,789.6,67.0,3.2,76.1,20074.8,119.6,16.2,7747.9,193.8,57.5,425.4,543.8,59.5,,2.0,6.0,246.3,294.0,10.8,18.9,141.1,22.6
18043,445.1,16.6,345.4,423.9,1015.3,32.9,5.5,13.3,70.2,115.9,223.7,62.8,6.1,3.7,1.2,3.9,30.1,78.0,53.8,1.2,33.1,1930.4,27.2,5.6,647.3,49.7,2.4,239.8,101.5,26.3,,7.8,0.4,43.1,28.2,1.0,4.7,14.7,2.9
18045,6855.2,71.6,19336.5,3938.8,54153.3,503.3,143.8,430.3,331.2,1323.9,,3618.0,118.6,514.7,19.1,10.6,1613.6,791.2,336.0,4.8,183.8,54566.2,171.1,17.0,24322.0,109.0,77.7,1251.4,829.9,178.9,,2.8,46.0,178.5,1332.3,5.5,4.4,481.7,30.9
18047,2404.4,128.4,7701.6,7586.4,14784.5,130.8,32.3,51.5,198.8,273.7,14.9,1481.2,26.1,392.1,6.4,13.0,214.9,552.5,230.2,2.9,75.1,19182.6,103.1,168.6,2787.4,788.4,28.5,2647.7,485.6,79.3,,3.0,3.8,47.0,243.7,25.2,39.2,120.5,20.5
18049,2250.3,74.1,23351.1,3029.7,39693.4,339.9,67.7,48.3,687.1,1390.3,72.6,5739.8,15.7,452.5,13.7,40.0,381.2,1342.6,613.0,8.7,158.3,40921.3,4.5,25.7,18329.9,415.6,28.8,446.8,3530.1,80.7,,2.0,19.3,84.2,2776.0,3.0,0.1,448.4,60.8
18051,2225.4,28.1,23766.0,2197.6,46707.4,464.4,123.6,709.7,469.8,403.0,1360.0,6101.4,289.9,254.3,4.9,176.2,1535.0,3603.6,60.3,12.4,536.5,46726.3,148.7,31.3,16598.0,430.0,112.1,2796.1,3647.7,257.6,7.6,368.4,24.5,56.9,999.3,88.3,12.1,1409.3,25.1
18053,6809.4,70.8,10766.9,9786.2,29345.4,581.1,146.5,63.6,420.5,1009.9,3511.8,4197.7,27.9,342.2,26.3,44.7,693.3,1812.0,173.5,12.3,230.1,55528.8,244.8,14.5,10930.2,618.8,49.1,2934.4,1063.5,55.7,,4.9,30.6,110.5,959.7,12.3,,291.5,36.5
18055,962.8,100.4,9452.6,903.4,18564.6,173.6,48.9,179.5,104.0,184.5,18.0,2664.9,126.4,95.7,3.0,53.0,597.0,1449.1,56.1,4.9,84.6,19754.7,107.6,15.5,6659.0,183.6,44.6,1110.7,1518.5,81.1,37.6,16.5,9.7,71.8,397.4,6.5,60.4,647.4,11.1
18057,4837.5,50.7,9805.3,7930.3,26779.3,381.5,134.0,56.4,214.7,938.3,20.5,3835.9,14.2,311.8,8.4,8.7,600.3,1445.0,180.5,5.1,131.1,32657.0,157.1,15.9,9322.2,184.4,44.7,2570.8,733.1,56.5,,4.2,21.9,65.1,874.0,7.4,,215.7,24.6
18059,5829.6,53.4,11715.7,9548.6,31932.6,466.8,159.7,69.5,224.9,1069.3,25.2,4564.6,15.9,372.4,9.8,9.7,718.3,1741.8,132.1,6.4,162.6,40229.8,181.0,11.4,11148.8,194.4,53.4,3042.7,894.1,51.1,,5.6,26.2,78.9,1044.4,9.1,,259.4,26.0
18061,3605.6,119.1,3215.7,3645.3,9430.0,219.3,35.7,128.9,214.4,360.7,235.7,351.6,8.1,33.8,6.8,25.7,270.3,669.1,262.9,2.2,96.6,13330.8,184.4,17.3,5409.7,286.7,22.5,2087.0,639.1,118.8,,77.5,3.0,187.2,260.5,9.5,33.7,101.6,17.6
18063,6334.5,70.8,12495.7,10150.1,34057.2,492.4,170.1,90.5,269.5,1179.5,18.6,4956.4,16.3,399.4,10.7,12.8,768.7,1850.6,216.5,10.5,169.7,42575.7,201.0,17.8,11882.6,231.0,57.0,3338.2,943.3,69.1,,7.9,27.9,84.1,1113.8,9.9,,275.4,30.7
18065,3637.7,259.0,30984.9,10481.4,44025.1,421.6,17.6,63.2,218.7,310.2,177.3,6366.9,94.2,205.5,7.0,12.6,847.7,1455.8,75.4,6.6,162.4,41270.6,207.0,19.2,13635.3,306.8,99.7,756.2,1037.8,81.1,,3.5,10.8,518.3,509.9,22.6,15.6,258.4,39.7
18067,5700.4,45.7,11778.0,9527.1,32104.9,458.5,163.6,54.3,446.4,1078.6,3340.7,4594.7,32.7,372.7,25.7,41.2,717.6,1735.8,87.5,14.8,161.4,39064.8,170.4,13.1,11699.0,530.1,53.7,3048.5,879.3,51.4,,3.8,32.4,75.9,1050.1,8.7,,287.0,34.0
18069,3600.4,52.7,13669.0,2692.5,29530.3,468.3,57.7,101.7,174.4,1057.3,,1193.4,16.0,107.2,1.9,11.5,2383.4,1054.9,79.0,5.0,210.1,55863.2,324.6,16.5,12616.5,279.5,47.7,372.6,857.0,50.0,,6.4,7.2,83.4,674.1,1.6,,262.5,34.3
18071,8140.1,100.6,7106.8,8293.7,20831.1,589.0,80.8,210.4,492.1,1394.5,3444.0,300.4,24.2,61.3,10.3,40.2,590.2,1522.7,202.6,5.4,519.9,30928.4,271.4,9.8,12321.3,709.1,49.8,4365.7,1269.2,138.1,,80.2,6.9,166.2,575.6,12.5,22.1,272.8,21.7
18073,11998.7,161.9,54464.8,6716.7,92243.9,582.4,124.6,639.0,394.7,2106.6,17.0,6031.0,283.6,33.1,19.0,23.2,2387.4,1987.6,91.4,10.2,223.3,47814.4,312.5,9.4,30643.1,190.3,51.3,2397.7,8964.0,51.0,,1.7,51.3,147.2,10441.7,8.7,,2154.8,44.0
18075,3551.8,296.8,26367.9,8931.5,37481.3,430.0,14.4,113.1,156.5,304.8,,5458.5,107.7,174.3,4.2,17.1,752.1,1400.6,90.2,4.1,194.3,47432.2,180.5,21.9,11886.0,328.4,84.8,850.4,1065.0,80.9,,7.6,8.8,621.3,433.3,27.4,6.5,231.6,32.7
18077,1549.1,90.2,2424.7,3067.9,4656.1,79.0,10.2,40.1,98.5,146.5,10.5,551.6,25.3,123.4,3.2,8.0,154.6,309.9,146.8,1.0,76.1,19080.5,69.4,107.4,1339.7,741.0,9.0,986.1,563.8,46.4,,3.1,1.2,43.7,76.8,25.6,26.6,53.0,10.1
18079,2909.3,64.8,8421.9,8720.3,16165.4,166.4,34.9,42.4,129.6,164.8,12.9,1441.8,36.9,428.8,4.3,10.0,233.2,688.9,93.6,2.7,114.2,28509.3,128.4,68.3,3334.2,1073.5,31.2,2863.8,650.7,39.0,,2.0,4.1,58.8,266.4,18.8,16.8,141.2,14.9
18081,4525.9,52.1,9581.2,7574.1,26133.8,347.7,130.8,57.6,217.5,922.1,29.5,3762.8,10.7,305.1,8.4,9.4,582.3,1374.9,195.6,5.9,113.0,28751.0,143.8,16.1,9093.5,181.2,43.7,2504.3,676.4,62.4,,5.1,21.4,57.5,854.9,6.5,,207.0,25.2
18083,2899.5,50.4,30631.2,2966.3,60243.9,957.0,159.3,795.9,2177.8,1240.3,14906.0,7831.0,444.4,317.3,15.6,239.1,1975.1,4712.4,235.2,30.4,2940.0,66944.4,178.2,30.5,22383.0,1060.2,144.4,3699.0,5173.8,1020.0,14.6,337.6,39.2,390.6,1287.3,82.3,23.4,2238.7,41.8
18085,2867.9,93.0,28063.5,3745.9,47722.1,342.5,74.9,88.7,992.7,1736.4,22.6,6950.2,18.5,547.4,14.8,61.6,469.8,1631.5,780.4,9.5,200.6,51197.9,5.5,40.1,21441.4,422.6,34.6,544.8,3961.4,88.6,,3.0,22.7,101.9,3335.9,4.1,0.3,369.0,38.2
18087,3696.1,20.0,12558.7,2162.7,27186.5,250.5,58.5,87.1,396.8,1721.0,382.7,1184.3,25.2,99.4,4.8,24.4,2090.6,465.0,499.1,7.5,123.0,24144.0,212.3,130.7,11216.1,529.7,44.0,828.3,572.1,182.4,,3.8,6.7,108.2,621.3,1.0,0.1,254.4,63.0
18089,5613.5,79.9,21424.9,2925.2,36334.4,290.8,62.9,266.1,747.6,942.9,668.6,2598.2,152.0,14.4,13.4,41.2,961.8,1015.6,154.0,20.4,129.7,24739.1,162.0,29.1,12362.5,178.9,21.0,1056.1,3935.6,90.7,,14.6,21.5,76.4,4120.7,4.3,,1024.4,26.3
18091,9963.0,133.9,42202.9,5350.9,71537.9,801.0,140.1,519.3,1608.5,1959.5,1583.4,5261.6,273.1,28.2,27.4,79.3,1875.5,1639.7,625.3,39.2,210.7,41047.3,327.6,108.6,24323.9,350.8,40.1,2151.2,7430.8,157.2,,9.1,42.6,164.4,8096.1,7.3,,1865.6,53.5
18093,2263.6,138.1,1877.2,2205.0,5495.7,143.4,20.6,58.7,186.9,324.6,52.9,307.2,5.2,21.0,6.1,14.5,159.2,405.0,322.1,1.1,50.7,9261.5,163.3,20.9,3260.0,202.0,13.2,1307.1,349.3,115.6,,25.5,1.8,215.6,151.6,3.8,40.9,59.8,17.0
18095,8602.8,82.9,16457.7,13748.4,44922.8,717.9,226.8,68.8,611.1,1474.1,4930.4,6384.3,33.0,520.5,37.7,61.2,1018.9,2514.1,144.4,20.7,254.7,62283.6,271.0,12.0,16529.4,801.2,75.0,4270.9,1351.7,85.1,,7.4,45.9,120.1,1471.1,13.6,,420.8,50.6
18097,662.9,11.7,1237.0,1017.4,3407.0,54.9,19.3,8.4,76.7,145.0,116.8,499.7,6.8,39.6,1.5,3.5,77.5,184.4,37.6,2.7,20.6,4380.2,22.6,5.5,1233.4,37.5,5.6,333.4,96.9,25.8,,2.4,2.9,10.0,112.5,1.0,,30.2,4.6
18099,2281.3,68.8,24388.1,2935.1,41458.7,258.8,65.1,66.9,821.6,1496.1,41.9,6021.4,14.3,474.0,13.4,49.9,392.3,1357.2,647.4,8.1,148.9,38148.2,4.5,33.3,18527.8,354.6,30.0,468.8,3422.8,77.3,,1.6,19.9,74.7,2898.6,3.1,0.1,314.8,33.0
18101,400.7,38.8,4050.4,322.3,7887.0,68.5,20.9,82.7,41.1,67.1,,1092.7,46.4,41.5,1.1,23.6,255.0,599.0,17.0,2.0,28.9,7507.5,37.5,3.6,2800.2,71.9,19.1,467.7,611.7,28.9,14.6,15.9,4.2,22.2,170.3,4.6,23.4,239.8,4.4
18103,2316.6,83.9,19521.4,3112.6,33182.8,299.1,51.7,72.2,544.6,1153.4,9.5,4789.3,16.2,381.7,10.0,34.7,341.9,1226.1,398.9,4.9,180.5,45803.2,4.4,20.2,15105.8,354.3,24.0,377.2,2796.1,48.6,,2.0,15.8,81.3,2320.1,3.7,0.1,268.4,24.9
18105,555.4,58.9,414.4,515.1,1213.1,36.8,4.6,12.4,92.0,153.1,24.2,148.3,1.9,5.7,2.6,4.8,36.5,95.1,169.8,0.4,18.6,2657.0,67.2,11.1,755.8,58.3,2.9,347.3,87.2,54.2,,5.0,0.4,108.8,33.5,0.8,17.8,14.0,7.7
18107,9282.1,91.1,27294.5,5398.8,76440.1,685.3,203.1,616.7,350.0,1814.2,7.7,5052.8,159.0,726.7,26.1,14.4,2270.4,1083.2,323.0,6.8,247.1,73187.8,215.8,16.8,34285.2,150.2,109.7,1759.4,1150.8,225.5,,5.2,64.9,205.9,1880.7,8.8,4.4,620.8,40.9
18109,3274.2,58.0,6435.9,5132.3,17570.6,243.0,89.3,34.5,194.0,663.4,67.5,2625.9,10.8,205.5,5.7,6.9,396.7,932.0,173.1,9.3,84.3,20154.7,104.7,15.4,6138.3,135.5,29.3,1776.1,462.5,60.4,,3.7,14.4,42.2,575.5,4.5,0.1,140.3,18.8
18111,8131.1,111.2,35606.5,4482.6,60186.5,392.4,83.5,427.2,234.4,1372.2,32.1,3932.7,196.2,22.6,12.4,14.0,1572.2,1326.3,40.6,7.2,153.1,32255.8,204.6,8.9,20073.9,128.3,33.6,1567.1,5987.3,32.2,,2.5,33.5,100.4,6826.9,6.0,,1465.5,28.5
18113,3147.3,30.0,12932.7,2327.8,27939.8,294.9,54.7,85.5,197.2,1187.3,25.6,1180.8,11.5,101.6,2.8,13.9,2182.8,638.9,196.1,5.8,121.4,33703.6,246.9,41.8,11498.7,316.7,45.2,511.5,587.7,72.9,,4.5,6.9,64.2,637.8,1.2,,226.2,37.6
18115,224.1,33.0,382.6,426.7,734.1,9.2,1.6,5.5,14.4,22.9,,87.1,2.5,19.5,0.5,1.2,33.7,37.4,23.3,0.1,7.6,1952.9,8.1,17.1,172.1,78.5,1.4,146.6,87.0,7.2,,0.4,0.2,4.9,12.1,3.3,10.5,7.1,1.6
18117,2557.5,86.5,2599.4,2682.9,7609.1,129.6,28.4,92.8,95.6,133.6,6.3,162.6,3.5,26.1,4.0,16.4,209.1,486.8,95.7,1.5,37.7,7436.7,107.1,6.2,4065.1,155.8,18.2,1600.7,329.8,60.1,,49.9,2.4,75.2,209.8,6.0,25.2,73.7,9.8
18119,1792.7,38.8,3288.1,886.6,9208.9,120.1,24.9,95.2,291.9,331.5,31.2,736.3,32.1,91.9,4.9,5.6,292.1,180.4,343.1,1.9,60.3,14756.3,76.5,18.5,4205.0,27.1,13.2,234.9,174.8,87.5,,3.5,7.8,116.6,226.7,3.9,7.4,189.4,10.5
18121,4537.3,54.8,11860.4,2520.5,33217.5,330.7,91.4,293.4,399.7,921.8,240.3,2294.4,81.2,319.4,12.8,10.5,998.7,509.2,368.8,4.6,158.3,36182.5,130.8,28.0,14968.4,73.6,47.7,785.4,524.6,168.5,,6.1,28.3,161.4,817.7,7.1,5.3,357.9,22.1
18123,1071.9,62.8,951.6,1053.7,2786.8,58.9,10.4,28.9,38.3,56.9,,64.7,1.7,10.2,1.6,5.2,78.0,193.4,44.4,0.5,17.9,3525.1,44.2,2.9,1562.6,75.2,6.7,597.8,145.2,24.5,,11.0,0.9,35.5,76.8,1.6,18.8,28.3,4.0
18125,629.8,19.1,6712.2,733.5,13295.4,129.2,34.6,141.5,64.5,81.1,5.7,1730.0,96.9,66.6,1.4,39.0,426.8,1057.9,10.2,3.4,61.9,14856.9,45.2,2.1,4784.7,133.2,31.7,798.9,1083.8,43.7,6.3,26.8,6.9,17.7,282.2,8.1,10.1,445.1,7.3
18127,6268.1,89.6,24053.0,3280.3,40754.2,309.5,63.7,305.4,777.8,1039.9,649.7,2805.2,167.7,16.9,15.6,49.9,1085.0,1086.3,162.1,19.6,126.1,27152.8,193.2,24.4,13793.0,209.9,23.3,1171.3,4400.4,83.5,,13.2,24.3,85.7,4622.1,4.9,,1143.8,30.0
18129,2111.9,23.6,20654.3,2320.1,41035.9,395.0,106.5,833.8,195.4,226.6,50.7,5270.5,295.2,240.7,4.0,190.6,1382.4,3268.5,18.5,11.1,206.5,47068.7,124.3,4.6,14728.2,406.4,97.4,2473.1,3324.6,130.5,5.7,585.1,21.2,39.3,868.4,136.5,9.2,1339.6,22.4
18131,9180.8,133.2,36152.9,4894.0,61734.0,439.3,82.6,422.8,403.8,1433.4,109.3,4038.2,234.9,21.4,15.1,21.8,1596.1,1410.7,128.5,8.1,182.0,39561.3,251.9,11.1,20570.4,197.2,34.1,1672.4,6744.7,49.2,,1.0,34.5,122.5,6931.1,6.9,,1702.4,30.2
18133,5026.2,57.2,14787.2,2889.8,41413.1,366.3,110.2,359.2,454.6,1103.2,22.6,2868.8,84.7,397.1,16.0,12.1,1234.3,580.1,503.4,4.7,141.9,39472.0,168.2,25.8,18566.6,88.9,59.4,964.3,619.9,184.3,,6.3,35.2,198.7,1019.0,7.9,5.1,446.2,28.2
18135,5436.5,414.4,43818.0,14822.6,62232.5,646.6,23.9,105.9,312.4,356.7,345.8,8953.6,157.6,289.7,10.2,17.6,1221.9,2175.2,64.6,9.2,270.5,67392.3,292.8,15.8,19514.0,403.8,140.9,1131.1,1600.0,85.9,,5.9,15.7,859.2,720.0,37.8,10.1,380.2,55.2
18137,3389.2,108.0,8338.7,9069.8,16070.9,196.8,35.4,51.8,185.0,240.3,317.0,1471.3,50.7,424.4,6.0,14.6,307.0,772.6,123.5,5.1,158.0,35933.8,148.3,88.7,3619.5,1359.1,30.8,2914.8,802.1,57.2,,2.9,4.3,75.7,266.3,26.1,29.8,151.7,17.3
18139,7902.1,76.0,16903.7,13378.4,46152.2,613.7,229.9,108.5,325.6,1555.1,,6567.9,18.0,538.4,14.2,15.1,1025.2,2429.6,226.5,7.8,200.5,50896.6,238.5,18.5,16018.6,274.1,77.1,4337.1,1192.4,80.2,,9.3,37.7,98.0,1507.1,11.8,,364.3,39.1
18141,1938.8,57.0,20800.2,2467.6,35427.7,222.4,59.8,52.3,704.4,1274.7,247.3,5154.5,15.4,403.6,14.5,42.1,333.0,1172.4,501.6,15.0,133.0,31906.4,3.8,29.5,16035.1,430.6,26.1,401.9,2952.5,123.6,,8.5,17.6,60.1,2477.2,2.5,0.1,266.4,28.9
18143,1287.8,31.5,2642.5,3100.9,5078.1,72.9,11.0,14.3,44.5,53.7,1.0,457.9,20.8,134.5,1.4,3.4,91.1,289.4,30.7,1.1,63.9,15727.5,58.6,22.5,1293.4,580.5,9.8,957.9,339.9,13.6,,0.7,1.3,31.9,83.8,7.3,7.8,52.2,4.8
18145,7125.2,70.6,14946.0,11957.6,40732.1,561.0,203.0,70.6,255.3,1326.7,,5775.8,16.7,473.9,12.3,9.5,909.3,2175.5,118.7,6.3,187.8,47039.9,208.5,9.7,14175.3,219.3,68.1,3806.9,1087.0,52.0,,4.7,33.3,89.0,1332.0,10.5,,325.1,31.0
18147,1318.3,44.5,14522.8,1199.3,28334.0,248.4,75.8,318.0,151.7,161.9,41.7,3799.2,170.9,146.1,2.9,87.2,917.0,2161.2,12.7,7.7,108.0,27182.4,82.6,24.4,10074.4,257.4,68.5,1682.1,2294.5,95.2,15.3,83.0,15.0,27.7,610.6,22.3,24.6,804.9,14.7
18149,4548.6,60.8,20500.5,2530.6,34709.5,227.9,50.0,245.6,485.7,858.9,48.7,2352.8,107.0,12.7,7.9,23.0,902.6,834.2,112.9,6.9,89.7,19251.7,140.6,11.3,11594.2,76.1,19.7,947.6,3381.8,57.1,,7.3,19.3,58.6,3936.7,3.3,,809.9,19.3
18151,1767.9,16.6,5788.7,1077.7,12527.0,156.1,24.7,59.8,107.9,632.9,55.1,542.8,6.7,46.1,2.0,10.6,991.3,345.3,151.8,3.4,72.8,18237.6,120.2,32.4,5246.9,213.5,20.2,306.4,301.6,51.7,,3.7,3.2,37.9,285.8,0.7,,105.1,19.5
18153,1591.3,50.0,17185.4,1587.1,33594.4,426.0,93.4,360.5,533.9,380.7,2110.0,4383.3,242.4,171.1,3.6,101.1,1092.3,2629.8,60.6,9.6,686.0,37110.4,105.8,24.0,12267.7,339.2,81.0,2026.3,2751.1,263.0,16.7,77.7,17.8,45.8,722.5,22.4,26.8,1194.2,17.7
18155,491.7,83.4,830.3,927.1,1593.7,20.2,3.4,10.1,52.2,85.1,2.5,235.1,5.5,42.3,1.8,3.1,55.6,81.4,94.5,0.3,16.5,4308.9,19.2,69.0,374.6,192.0,3.1,343.8,221.6,28.1,,0.7,0.4,12.8,26.3,6.1,26.7,15.5,5.6
18157,7406.0,71.5,22088.6,4332.8,62028.2,550.1,165.9,538.5,449.0,1508.0,62.1,4149.5,124.4,591.4,21.8,16.0,1837.2,892.1,358.9,8.1,208.5,57737.6,188.6,18.1,27857.8,125.3,89.0,1446.9,925.2,215.5,,10.7,52.6,192.8,1524.2,11.6,3.5,531.2,35.6
18159,5626.7,48.8,11737.3,9475.5,31995.2,454.7,161.6,43.4,391.1,1040.2,3079.6,4522.8,26.6,370.7,24.3,36.7,714.6,1725.9,38.7,11.9,160.0,38384.1,161.8,6.6,11612.7,483.5,53.5,2975.1,871.7,38.1,,2.6,31.8,72.4,1046.5,8.4,,283.7,31.2
18161,1768.3,115.6,15633.2,5277.0,22201.5,193.4,8.5,38.0,87.1,135.6,,3199.0,37.6,104.1,1.7,5.7,449.8,692.6,27.9,2.4,67.8,17818.9,103.2,6.8,6780.5,121.6,50.3,326.2,477.6,33.2,,2.0,5.2,216.5,256.8,9.7,12.6,123.8,17.7
18163,753.9,9.4,7389.3,835.2,14492.9,174.7,39.0,221.7,110.9,86.8,42.8,1904.8,148.6,79.3,1.6,57.2,493.0,1200.1,8.7,6.5,93.8,21733.3,52.9,19.3,5509.5,179.8,34.8,877.0,1336.5,63.9,1.9,120.8,7.6,23.2,310.5,29.3,3.1,637.9,7.6
18165,3491.5,32.6,11350.5,2100.7,31829.6,260.6,84.4,263.1,132.6,748.2,,2094.6,57.9,302.6,10.8,6.3,938.8,423.9,118.8,2.8,89.9,26937.7,85.5,6.0,14240.5,61.5,45.6,728.0,458.4,91.2,,2.9,27.0,75.0,782.1,4.3,1.4,245.5,16.7
18167,3882.4,38.8,9828.5,2233.1,27856.8,278.7,73.2,245.5,141.1,661.7,45.1,1826.5,67.5,263.4,9.6,7.2,825.5,480.3,125.2,2.8,110.9,30982.8,81.1,6.3,12640.6,56.7,39.5,670.7,440.1,89.8,,4.2,23.4,85.9,677.4,5.4,1.9,236.1,15.0
18169,2634.3,93.8,20049.8,3400.9,34096.7,332.7,53.4,115.9,512.6,1165.9,21.8,4920.1,18.0,395.9,10.2,36.7,360.8,1298.1,352.9,6.8,203.7,51076.9,4.7,17.9,15605.6,388.2,24.7,394.2,2890.7,49.2,,4.1,16.2,89.9,2383.2,4.7,0.1,280.9,25.3
18171,5486.5,56.2,17493.5,3284.1,48997.7,418.5,131.6,383.1,293.7,1157.8,,3240.0,92.5,464.8,16.7,8.9,1449.8,665.5,196.1,5.7,143.6,42764.6,134.5,9.9,21939.5,95.2,70.5,1119.7,718.4,152.8,,3.2,41.6,121.4,1207.3,4.0,3.6,385.6,26.6
18173,799.1,27.6,8561.0,827.7,16830.0,157.2,44.2,186.7,89.8,147.5,1.1,2337.2,114.3,85.9,2.4,51.9,543.6,1314.8,39.3,4.4,71.2,17910.8,85.1,9.2,6033.1,164.9,40.4,1005.7,1356.1,66.7,9.4,45.3,8.8,51.7,360.0,12.5,15.1,570.3,9.8
18175,4656.2,131.5,4465.9,4825.4,13074.1,263.4,60.0,122.8,340.8,354.3,76.4,349.9,40.3,40.6,7.8,24.4,359.1,879.5,234.7,6.0,99.5,15365.2,212.8,31.4,7292.3,333.2,31.3,2803.6,710.6,155.5,,39.2,4.2,185.2,360.6,6.2,37.0,133.0,19.7
18177,3132.9,227.5,26300.9,8904.1,37408.3,347.1,15.8,82.1,179.2,384.0,16.8,5490.9,72.2,176.0,5.7,16.3,741.3,1209.3,128.0,5.3,128.4,32885.2,178.4,32.9,11507.3,343.4,84.7,706.3,849.4,109.3,,5.7,8.8,415.8,433.6,18.1,32.6,212.3,35.3
18179,4142.1,65.5,16347.5,3247.6,35326.8,578.7,69.0,79.9,209.0,1202.6,10.4,1412.3,20.2,127.2,2.0,7.9,2856.2,1306.6,52.5,6.0,261.7,69192.8,395.8,11.8,15146.4,302.8,57.1,392.5,1053.4,53.0,,4.2,8.7,101.2,806.1,1.6,,317.1,39.3
18181,12474.7,180.0,49333.0,6649.2,83388.4,597.8,114.4,586.4,389.1,1918.2,38.1,5468.3,316.1,30.7,17.3,22.6,2187.7,1928.8,87.2,9.7,249.5,52187.1,321.1,11.7,27986.7,201.7,46.5,2238.8,8901.8,50.2,,2.9,46.5,163.2,9458.6,9.4,,2304.9,40.1
18183,2981.0,37.9,10860.3,2095.1,23459.2,342.3,45.8,120.5,145.7,904.4,5.3,964.0,12.0,86.1,1.8,14.7,1882.3,765.6,104.1,3.9,151.3,40576.9,245.9,22.2,9932.5,247.9,37.9,347.6,635.7,47.2,,8.4,5.8,64.3,535.4,1.6,,204.2,29.0
19001,25941.4,220.9,11124.8,2663.2,32434.9,779.0,62.6,412.8,372.0,805.9,,1062.9,53.4,616.5,17.8,29.5,2007.3,4014.7,714.0,9.4,218.5,30313.3,107.5,121.7,14503.8,444.4,102.8,1134.0,4601.1,68.7,728.0,0.2,44.9,163.9,758.9,6.3,555.8,1097.5,74.3
19003,23368.8,191.3,6274.2,1514.9,18385.7,435.4,35.3,234.8,199.5,435.1,,593.2,26.6,352.2,9.1,15.7,1180.6,2267.5,347.2,5.2,121.4,16942.8,57.0,57.0,8219.5,241.1,58.0,570.3,2551.2,37.6,730.8,0.3,25.3,88.4,428.6,3.7,557.9,606.2,37.2
19005,1296.9,176.9,19476.4,2159.0,23580.1,214.8,57.2,513.1,5259.4,1254.3,10.2,840.5,31.1,906.6,29.2,32.4,2464.8,1418.6,252.4,5.5,62.6,16967.7,80.5,169.0,11437.4,120.8,84.5,2030.8,1576.5,75.6,147.9,0.3,49.4,74.2,84.6,1.2,12.8,2518.1,47.1
19007,3816.3,183.6,6490.1,439.1,25078.3,200.9,19.9,78.8,155.7,289.9,1.5,931.9,24.2,116.8,11.6,33.9,775.7,2932.5,481.6,2.0,65.0,20644.2,105.0,101.2,12201.6,123.5,29.7,757.0,2376.6,66.6,260.2,0.6,20.3,199.2,282.4,4.7,6.5,1120.5,125.3
19009,6726.0,101.4,12242.6,2215.5,26025.7,811.0,260.6,734.1,278.6,998.5,,1084.4,337.1,455.0,13.7,13.6,1653.2,1670.9,301.5,8.8,203.2,35752.5,431.9,363.4,21385.2,522.4,115.8,592.5,7309.4,58.4,13.5,,42.2,133.9,839.5,4.6,32.6,9889.1,85.0
19011,8967.6,141.1,67748.2,4827.4,68699.4,860.7,95.2,1094.6,1963.3,695.3,36.2,2962.0,176.6,1687.9,10.1,59.3,2420.0,9111.4,97.9,12.7,324.9,68827.6,532.8,55.8,23485.1,473.6,84.6,2457.0,6198.5,149.5,136.6,0.6,44.0,366.6,2293.6,10.4,10.5,2542.9,33.4
19013,1343.1,72.0,35586.2,5012.9,43029.8,546.0,105.3,866.4,1078.4,429.4,103.9,841.4,114.2,1537.0,35.5,37.9,3965.7,3154.3,43.1,11.5,251.5,56942.4,258.9,23.5,21405.1,330.7,154.5,2954.7,4663.8,70.6,18.3,1.7,90.2,76.3,155.7,2.2,1.6,1741.7,13.5
19015,3695.1,104.3,23662.7,3314.4,40303.0,795.5,333.4,1045.1,841.8,337.8,79.6,614.7,89.5,911.9,9.7,14.0,4362.1,2815.5,47.0,13.3,267.4,53356.1,221.5,28.9,46639.8,430.6,121.2,827.2,7106.4,87.9,35.5,1.1,88.9,165.5,1121.5,1.9,20.6,13163.3,36.6
19017,1234.6,66.7,33277.1,4470.5,40227.5,463.8,97.1,811.9,1466.0,492.7,,815.0,94.5,1439.3,34.2,34.3,3708.4,2834.0,58.2,8.6,193.5,47849.4,217.0,38.9,19870.5,285.3,144.4,2689.5,3993.9,65.7,21.4,0.1,84.3,68.6,144.4,2.0,1.9,1718.4,16.2
19019,1721.0,96.3,45511.9,6152.9,55041.1,681.0,134.2,1112.6,1691.8,601.3,12.7,1099.4,131.7,1970.2,46.1,49.1,5082.9,3897.8,67.1,14.4,271.2,66419.7,300.9,41.7,27289.6,394.6,197.6,3642.0,5546.8,89.1,33.0,2.2,115.4,92.1,199.0,2.9,2.9,2241.7,20.2
19021,4393.1,80.6,29302.8,6607.0,33079.5,858.7,140.7,1543.5,406.7,50.7,1.8,6116.1,230.3,471.8,35.9,1.1,2881.1,1001.1,23.9,13.4,541.3,52845.7,964.6,14.5,25154.0,340.2,243.2,2092.8,10064.5,87.0,38.6,,142.7,92.0,2832.4,3.5,34.2,17934.8,40.1
19023,3058.9,76.4,36686.0,6945.4,28663.8,600.3,158.7,508.5,384.8,547.6,0.5,1410.3,368.8,972.2,18.8,2.5,2878.6,6057.4,232.1,10.4,472.3,58184.3,417.8,29.4,22446.4,186.1,349.9,1989.4,5373.2,11.4,32.4,0.2,131.5,92.7,1849.7,3.6,34.8,6565.8,15.8
19025,5966.8,121.7,19383.6,3499.7,41207.3,1275.9,412.7,1157.1,404.5,1498.9,1.4,1706.9,526.0,718.6,18.9,18.9,2514.7,2642.2,243.1,14.0,318.0,55925.9,660.3,526.3,33849.5,796.4,183.4,634.8,11389.8,88.3,8.5,,66.8,197.6,1329.2,7.3,20.5,15444.4,53.1
19027,8527.7,137.4,19575.3,3493.6,41616.4,1247.7,416.7,1180.6,434.6,1563.7,,1734.8,499.9,727.0,20.8,20.9,2594.7,2651.4,388.2,14.3,301.6,53420.1,647.8,561.4,34133.1,803.8,185.2,798.8,10875.5,92.4,15.5,1.3,67.4,195.0,1342.5,7.5,37.5,14703.1,103.3
19029,18843.2,168.3,12583.0,3008.4,36685.0,875.0,70.8,459.5,367.9,797.2,3.2,1165.4,40.3,692.0,14.6,26.2,2210.9,4539.4,480.5,10.6,244.1,33837.0,101.9,69.0,16400.1,460.0,116.2,862.2,5081.3,72.0,440.0,0.3,50.7,166.6,858.5,7.1,335.9,1190.8,56.2
19031,7432.6,113.5,58680.4,4046.8,59412.6,705.5,82.5,954.7,1546.7,572.0,8.8,2546.0,139.3,1458.3,8.7,51.0,2084.8,7781.9,76.9,10.6,257.3,54623.0,437.6,44.1,20212.5,381.6,73.2,2058.7,5006.2,125.2,112.2,0.7,38.1,290.3,1986.5,8.7,8.7,2047.0,26.9
19033,3083.1,67.8,39851.4,7437.8,31132.1,649.5,173.0,548.6,417.9,467.5,,1510.7,383.8,1053.8,13.5,2.5,3051.9,6546.0,114.4,12.2,491.5,60746.5,445.9,14.5,24366.8,195.3,380.2,2044.4,5656.1,8.3,24.4,1.1,142.9,90.5,2010.5,3.9,26.2,6642.6,12.3
19035,10332.9,164.9,25405.2,5779.1,28681.8,751.2,122.0,1354.9,370.8,79.7,,5316.3,202.7,417.1,39.5,2.7,3326.0,922.8,56.0,11.7,475.2,46451.5,846.5,34.0,21823.1,297.3,210.8,1949.0,8831.3,80.8,115.8,2.0,123.7,86.0,2455.8,3.0,102.5,16027.0,59.4
19037,1348.5,88.9,33410.0,4554.4,40397.2,474.1,97.9,821.6,1736.3,553.1,5.1,847.4,98.9,1453.8,34.9,35.2,3769.2,2881.3,71.1,9.2,203.2,49755.1,226.3,47.5,19979.9,293.4,145.0,2804.0,4123.5,69.6,39.9,0.2,84.7,74.4,145.0,2.1,3.5,1860.0,18.5
19039,3913.1,200.5,7352.7,474.2,28391.2,182.7,22.6,87.0,170.6,329.1,7.3,1053.2,20.1,132.2,13.2,38.2,869.0,3314.2,547.3,2.3,51.9,17078.2,100.5,114.9,13770.0,119.8,33.6,824.3,2047.3,74.7,292.2,0.5,23.0,167.6,320.0,3.9,7.3,949.1,142.3
19041,4998.8,87.7,25409.4,5789.7,28684.8,753.9,122.0,1331.0,359.0,54.7,0.2,5307.2,203.7,410.4,33.6,1.5,2650.1,867.1,31.2,11.7,478.5,46668.9,847.1,19.0,21830.5,298.5,210.9,1860.6,8886.9,77.1,48.4,0.1,123.7,82.8,2456.2,2.9,42.9,15925.9,42.0
19043,1626.7,129.8,39562.0,4388.8,47837.3,432.3,115.5,991.0,5995.1,1519.0,0.8,1318.0,62.2,1742.8,49.5,52.4,4522.3,2877.9,279.8,10.2,126.1,34002.1,154.5,187.7,23221.5,244.1,171.7,3270.6,3204.8,113.5,92.3,0.1,100.3,98.8,171.6,2.3,8.0,3257.6,55.6
19045,8331.6,119.2,71336.0,4722.2,72232.9,783.4,100.4,1151.8,1993.0,721.0,26.7,3097.2,144.2,1762.6,10.6,62.2,2507.0,9253.8,99.2,12.9,268.6,57026.4,489.3,56.8,24407.7,414.3,89.0,2455.1,5409.9,154.7,119.7,0.2,46.4,303.0,2414.9,9.0,9.2,2281.6,34.1
19047,14418.2,196.1,22214.2,3979.0,47223.8,1430.3,472.9,1371.7,508.6,1811.1,,1972.4,579.5,826.6,24.8,26.5,3051.1,3014.3,545.4,16.1,349.4,61807.7,753.9,659.0,38750.8,930.6,210.2,1049.7,12605.1,106.2,30.6,14.6,76.5,231.0,1523.2,9.2,73.9,17032.4,153.6
19049,4203.4,145.9,21297.2,3014.5,36243.0,758.0,300.5,940.7,904.7,310.2,55.2,564.1,87.2,836.4,9.2,14.3,4023.7,2615.6,54.2,13.0,254.6,51813.5,215.8,35.3,42014.7,413.2,109.2,821.8,6827.9,80.5,99.6,1.7,80.0,162.5,1010.4,1.8,57.9,12833.2,38.4
19051,2078.9,201.6,8837.4,1103.7,14251.2,189.2,3.7,238.7,1808.7,811.6,31.7,4047.3,20.1,254.4,8.0,50.8,164.4,3841.4,163.8,3.3,101.8,22061.7,91.9,99.3,4529.0,163.2,12.5,1019.3,2288.3,282.9,69.5,0.5,6.6,46.4,286.1,0.8,1764.5,530.0,85.3
19053,5571.5,296.7,8286.6,545.9,32006.7,231.2,25.4,92.6,151.3,297.2,0.5,1160.5,25.7,153.4,10.2,39.3,1008.1,3739.8,406.3,2.5,70.6,22739.4,107.8,85.3,15549.1,127.3,37.9,679.3,2667.2,61.5,434.9,0.4,26.0,210.4,360.7,5.1,10.9,1210.6,109.5
19055,1631.9,87.1,46092.4,5358.0,55956.2,535.8,134.7,1137.1,3464.7,997.4,1.3,1248.8,85.4,2000.3,50.4,51.4,5131.8,3503.3,151.6,12.1,174.6,45445.9,202.5,101.5,27162.8,309.5,200.0,3354.6,4142.2,103.4,43.9,0.2,116.8,84.0,200.0,2.7,3.8,2521.1,34.7
19057,2766.2,67.4,14810.9,1686.7,23821.1,287.9,8.0,374.8,476.5,266.0,21.9,6627.7,24.8,264.0,4.3,74.3,220.0,6359.2,28.9,5.4,135.6,29993.0,83.8,16.8,7481.8,182.8,20.9,766.6,3416.1,328.7,12.6,0.3,11.1,20.0,479.4,1.1,320.4,697.5,137.1
19059,3356.9,58.8,16698.8,3828.9,18851.1,497.7,80.2,885.0,241.1,49.2,,3492.9,135.4,269.8,25.2,1.7,1752.0,587.3,33.7,7.6,317.5,30976.1,561.4,20.5,14351.6,197.4,138.6,1273.8,5894.6,52.6,32.7,2.6,81.3,56.9,1614.1,2.0,29.0,10672.5,36.9
19061,1435.0,135.2,31553.4,3292.1,38143.4,318.2,92.9,800.7,6087.9,1498.0,15.0,1170.0,39.1,1405.8,42.2,45.4,3675.6,2183.7,286.9,9.2,79.8,22050.6,100.7,192.4,18433.9,174.3,136.9,2696.9,2215.5,104.3,107.0,0.2,80.0,87.4,136.9,2.0,9.3,3001.3,55.3
19063,3626.4,63.2,20533.2,4477.6,23179.6,580.6,98.6,1089.8,286.2,38.8,,4287.0,152.0,331.2,25.9,1.6,2086.5,683.9,19.9,9.4,357.1,35028.2,653.0,12.1,17583.5,229.7,170.4,1460.3,6661.8,61.4,34.2,5.7,100.0,61.3,1984.7,2.4,30.3,11885.5,30.3
19065,1942.9,128.8,48819.8,6423.2,59014.9,677.5,143.2,1205.0,3594.1,1033.0,9.6,1317.9,131.4,2126.4,53.1,56.2,5506.9,4085.0,158.3,13.9,268.8,66917.6,304.6,104.1,29131.2,405.4,211.9,4097.5,5634.6,108.6,62.5,1.4,123.8,113.2,212.8,3.0,5.4,3012.1,36.5
19067,2595.3,59.5,33103.2,6277.4,25870.9,542.6,143.2,458.0,351.1,499.2,12.8,1273.6,334.6,875.6,17.2,2.3,2548.2,5469.9,214.3,9.5,428.8,52731.3,377.8,27.1,20257.9,169.7,315.8,1800.4,4866.0,10.7,21.7,,118.7,84.4,1669.0,3.3,23.2,5957.5,14.4
19069,3104.7,67.5,40656.1,7686.5,32186.3,976.5,191.9,560.2,700.2,490.5,1.8,1541.4,404.1,1074.2,15.0,35.6,3109.0,6855.3,131.5,35.2,517.5,63793.1,460.5,16.6,25503.7,204.6,390.6,2103.2,5974.0,10.7,22.6,30.3,145.7,97.2,2085.7,4.0,24.3,6995.7,19.4
19071,12314.8,125.3,12433.5,3050.4,36500.2,930.2,69.9,454.3,339.9,701.8,5.7,1148.2,27.5,680.7,10.2,21.3,2161.8,4517.9,229.5,10.9,272.3,36635.6,93.8,16.7,16386.9,475.7,114.9,615.1,5486.4,68.9,194.2,0.8,50.1,170.9,850.2,7.7,148.2,1241.1,34.6
19073,7491.1,131.7,18910.8,3411.5,40203.5,1242.0,402.6,1133.9,405.6,1486.6,,1668.7,511.1,701.8,19.2,19.5,2490.3,2576.9,306.3,13.7,345.1,54454.0,647.1,527.9,33065.3,783.7,178.9,705.2,11114.2,87.7,12.9,1.3,65.1,195.4,1296.9,7.2,31.1,15029.8,75.9
19075,4208.6,123.5,25837.7,3659.7,43989.9,936.4,365.7,1134.9,668.1,332.6,2.8,659.3,104.5,996.6,9.7,18.3,4773.7,3164.4,23.4,16.7,301.8,62250.6,250.6,14.3,51010.8,486.9,132.7,832.0,8224.3,92.3,43.6,3.7,97.0,188.6,1228.8,2.1,25.3,15250.8,31.0
19077,19650.9,205.6,13296.5,2377.3,28267.6,851.8,283.1,803.2,318.9,1117.2,,1182.2,343.7,498.8,16.0,16.1,2067.1,1802.7,421.1,9.6,206.9,36675.9,454.9,414.3,23190.1,566.1,125.8,742.9,7490.9,65.4,48.7,1.4,45.8,141.8,911.8,5.1,117.6,10103.2,124.8
19079,4261.2,115.6,28285.2,3945.0,48118.3,944.1,398.1,1242.2,597.3,355.6,4.0,702.2,107.0,1086.8,10.2,13.8,5194.7,3364.2,17.2,14.4,309.4,63946.4,257.5,10.7,55707.1,505.9,144.8,849.6,8513.7,99.8,28.7,0.3,106.2,192.2,1339.4,2.2,16.7,15629.9,28.9
19081,2768.7,49.5,40273.3,7616.2,31447.7,658.7,174.3,554.3,407.2,465.1,,1517.8,403.4,1061.4,13.2,1.3,2982.0,6645.3,107.6,11.4,516.6,63623.2,457.5,13.6,24639.6,203.7,384.2,2069.7,5884.5,7.6,8.4,0.1,144.4,94.5,2030.6,4.0,9.0,6939.8,11.9
19083,4447.6,136.2,26635.9,3781.4,45590.3,1146.9,390.7,1168.6,1078.4,350.1,8.9,791.4,92.2,1033.7,10.8,56.3,4958.7,3108.7,31.8,42.3,266.5,55433.3,228.1,19.7,53033.0,450.5,139.6,835.7,7529.8,103.1,78.6,27.5,99.8,168.0,1302.7,2.1,45.7,13564.7,45.3
19085,16438.2,208.7,21108.5,3784.7,44883.7,1363.1,449.4,1274.7,496.2,1679.6,69.2,1892.4,551.3,786.4,22.2,23.1,2957.7,2868.2,400.0,16.5,342.2,58832.4,708.6,602.7,36835.4,871.2,199.8,866.2,11977.7,104.2,36.7,4.3,72.7,213.9,1448.2,8.2,88.5,16203.2,104.9
19087,3273.6,106.4,17670.4,1987.4,28420.1,337.3,7.1,447.6,943.5,479.4,10.6,7920.5,29.0,332.0,6.5,89.9,265.7,7571.8,70.4,6.2,153.5,34598.0,104.6,42.6,8906.3,221.9,25.0,1044.6,3984.2,412.4,26.0,0.2,13.3,30.4,571.9,1.2,658.8,823.3,162.5
19089,1248.9,88.5,29416.1,4209.3,35546.9,442.6,86.0,734.3,1896.1,572.6,33.5,767.7,97.9,1282.6,31.5,31.9,3338.8,2641.0,82.0,7.7,205.6,48838.8,224.1,54.2,17676.1,279.4,127.6,2680.8,3959.5,63.9,39.8,0.2,74.6,75.8,127.7,1.9,3.4,1887.6,19.4
19091,2382.5,47.9,32978.8,6297.1,25776.8,546.5,142.7,454.1,329.8,351.6,,1236.3,339.7,870.2,9.2,0.7,2478.1,5464.8,56.4,9.3,435.0,53448.0,378.6,7.1,20197.3,170.7,314.6,1680.2,4921.3,5.2,12.0,,118.2,78.0,1662.8,3.3,12.9,5774.2,8.6
19093,7770.5,113.7,13810.8,2484.7,29363.2,900.3,294.0,831.8,306.4,1104.6,,1221.6,367.9,513.6,14.7,14.8,1869.0,1879.5,278.0,10.1,222.0,39158.0,471.4,396.9,24108.8,575.7,130.7,579.2,7985.9,65.5,15.8,,47.6,143.4,947.3,5.3,38.0,10805.9,74.3
19095,5950.4,135.5,45386.2,3112.8,46023.0,535.7,64.3,736.5,2464.5,705.7,33.3,2007.1,104.3,1187.7,7.0,42.5,1647.6,5982.6,124.1,9.6,195.1,40623.9,337.8,69.9,15635.2,286.0,56.7,1793.4,3750.4,119.6,185.2,1.4,29.5,228.6,1537.2,6.3,14.3,1780.6,37.3
19097,4786.2,229.9,35188.4,2157.4,35646.0,322.9,49.8,588.6,5625.9,1323.7,35.8,1667.7,52.2,1087.2,6.4,40.1,1364.9,4384.0,279.9,7.1,95.4,20297.3,230.7,160.5,11900.5,160.8,43.9,1956.0,2074.7,156.1,417.3,1.0,22.9,157.1,1191.5,3.7,32.2,1805.4,76.0
19099,5667.8,206.6,26992.7,3794.5,45920.1,927.1,380.0,1191.5,1581.7,437.2,30.3,738.3,107.7,1068.6,13.3,17.1,5146.8,3271.7,113.1,14.5,310.8,63867.4,276.6,70.4,53194.8,524.2,138.2,1194.1,8439.8,102.5,162.4,0.3,101.4,206.9,1278.3,2.2,94.4,16004.4,65.5
19101,2581.1,108.1,12824.0,1513.6,20676.7,254.6,5.1,368.9,1024.4,492.5,5.8,5774.8,23.2,258.4,5.9,71.0,207.8,5521.9,84.1,4.6,120.2,27277.8,88.5,50.8,6510.3,178.5,18.1,903.6,3028.5,319.4,30.0,2.8,9.6,30.3,415.1,2.1,762.3,642.5,119.0
19103,5637.3,100.5,43463.0,3010.2,44051.3,524.0,61.3,720.0,2874.6,778.0,21.2,1988.7,104.4,1099.9,6.9,41.4,1558.6,5764.1,142.5,9.1,191.8,40580.4,334.0,81.2,14992.0,283.1,54.3,1845.0,3708.5,124.4,115.7,1.4,28.3,233.9,1471.7,6.8,8.9,1843.4,41.8
19105,5987.7,117.5,51340.9,3314.1,51984.6,532.3,72.1,837.4,2758.9,794.1,,2260.9,93.9,1312.2,7.9,47.3,1825.9,6572.9,136.9,9.0,170.7,37208.1,341.8,78.9,17493.7,276.9,64.1,1966.2,3608.0,132.8,157.9,0.3,33.4,211.4,1737.9,6.2,12.2,1792.2,41.4
19107,4235.2,157.4,21837.5,2513.7,35121.8,430.1,8.7,559.6,1196.1,606.4,8.8,9787.7,38.3,424.0,8.2,111.9,336.5,9392.4,90.0,7.6,203.0,45719.0,137.8,54.6,11039.0,287.5,30.9,1306.4,5119.5,511.2,40.9,0.6,16.4,39.5,706.7,1.7,1037.8,1066.1,200.8
19109,5392.4,105.5,74335.1,13909.0,58456.1,1432.1,333.2,1025.3,948.7,817.3,,2800.9,719.6,1961.6,22.5,25.5,5587.1,12325.2,163.5,37.5,921.5,113819.3,836.9,19.5,45873.3,365.8,711.0,3764.9,10710.2,14.6,28.6,21.0,266.5,170.0,3772.7,7.2,30.7,12385.3,26.1
19111,3325.4,130.1,17137.9,1962.8,27564.7,335.8,7.1,451.4,1056.1,524.1,48.0,7699.8,29.9,337.3,6.8,89.5,266.9,7365.2,81.0,6.4,162.5,35408.8,108.9,48.9,8668.6,226.7,24.2,1066.2,3985.1,409.6,34.9,1.4,12.9,33.8,554.8,1.7,887.1,832.0,158.3
19113,7115.5,137.6,53902.2,3748.8,54622.0,667.8,77.2,879.3,2339.7,711.5,143.6,2410.9,132.8,1378.1,8.2,50.4,1943.1,7178.1,120.7,14.4,259.7,51372.4,411.9,64.4,18622.4,360.1,67.4,2057.1,4689.4,137.1,166.7,4.2,35.1,283.7,1827.0,8.1,12.9,2073.3,37.0
19115,2965.4,68.1,16417.3,1831.9,26415.2,314.6,12.3,418.0,634.9,481.5,2366.3,7350.5,38.9,290.0,4.7,83.2,241.7,7026.8,33.8,7.2,319.9,31281.5,87.2,17.1,8927.4,297.5,23.2,923.0,3839.8,494.6,12.3,1.9,13.5,22.0,532.2,1.3,313.3,742.8,161.6
19117,3747.1,198.5,6568.4,448.2,25406.0,157.0,20.1,78.5,217.5,271.5,240.9,935.0,16.7,119.4,10.4,33.2,782.7,2961.6,424.8,8.7,60.6,14403.8,82.4,105.1,12367.4,98.3,30.1,655.4,1739.4,100.5,292.7,0.5,20.6,166.6,285.9,3.3,7.3,791.8,115.1
19119,7542.9,124.9,27579.8,6193.3,31139.3,808.6,132.6,1492.3,407.3,84.3,6.5,5770.7,214.8,448.4,42.2,4.3,3145.5,1016.5,58.2,13.0,506.4,49286.9,905.7,35.8,23674.4,317.9,228.9,2095.4,9374.6,87.8,79.4,8.2,134.3,91.5,2666.3,3.3,70.3,16980.5,62.7
19121,6454.8,261.7,18649.7,1156.3,71933.6,468.7,57.2,190.2,376.5,537.1,24.4,2598.4,47.8,319.4,14.6,81.3,2114.9,8403.8,537.4,7.4,135.5,43849.1,193.3,114.0,34917.8,229.7,85.3,1052.0,5269.1,99.7,353.4,0.2,58.4,390.2,811.7,9.7,8.8,2292.1,155.6
19123,4608.5,133.4,25020.5,2826.3,40269.6,479.4,10.1,632.7,1062.6,561.1,22.5,11198.1,40.6,459.5,8.3,126.7,373.3,10721.8,74.7,9.4,216.7,48833.2,142.1,44.2,12625.6,307.6,35.4,1387.6,5636.8,569.3,30.0,1.1,18.8,37.0,810.3,1.8,760.9,1154.4,229.6
19125,5604.2,168.3,22900.4,1414.7,88333.2,550.4,70.2,226.9,354.7,546.6,7.3,3135.8,52.9,382.6,10.8,94.3,2538.6,10316.3,337.4,8.2,152.3,50043.9,202.4,70.8,42847.9,241.1,104.8,845.7,6093.5,83.5,199.5,0.3,71.7,426.3,997.1,11.2,5.0,2569.3,112.8
19127,4340.2,140.8,23948.6,3388.7,40757.2,844.2,337.5,1055.6,827.2,331.4,9.5,621.1,97.8,932.7,9.8,14.1,4477.4,2939.0,44.5,13.1,282.2,58157.2,238.8,27.2,47233.2,459.8,122.7,862.7,7666.3,86.7,78.1,1.1,89.9,179.7,1135.1,2.0,45.4,14340.9,36.6
19129,8800.3,88.0,10334.2,2474.6,30119.2,727.8,58.1,376.5,279.1,597.1,10.5,938.2,23.5,565.3,9.2,18.1,1780.7,3730.2,230.0,9.1,205.9,28208.5,75.2,22.9,13472.4,365.9,95.5,506.0,4214.5,56.5,115.4,0.5,41.7,131.3,704.9,6.0,88.1,971.5,32.1
19131,2832.8,68.4,34059.4,6264.4,26722.1,646.2,152.1,472.6,443.1,515.5,23.1,1313.8,313.5,902.7,18.0,11.4,2667.4,5598.1,232.3,16.3,402.0,49795.3,379.2,28.1,20964.9,161.5,325.6,1823.3,4771.8,12.4,30.4,8.0,122.1,84.4,1726.7,3.2,32.6,5702.5,17.9
19133,15157.4,189.1,19754.4,3534.9,42060.9,1245.7,420.5,1218.1,443.8,1563.7,44.3,1753.5,491.2,735.8,20.7,21.2,2765.0,2775.1,351.2,15.5,301.1,52663.5,638.5,558.2,34499.4,805.1,187.0,751.6,10707.3,98.3,33.8,0.8,68.1,189.8,1355.9,7.6,81.5,14458.2,90.1
19135,4131.7,195.2,9022.6,560.3,34798.2,233.0,27.7,103.1,200.5,358.5,,1280.7,25.6,158.9,13.3,44.7,1049.5,4066.0,542.2,2.8,68.3,22256.6,117.6,113.8,16895.0,139.1,41.3,858.5,2649.3,76.1,276.9,0.7,28.3,211.3,392.4,5.1,6.9,1209.5,143.3
19137,15933.5,140.3,8766.0,2101.7,25548.8,622.0,49.3,319.8,246.7,539.9,,803.2,25.9,483.6,9.4,17.3,1558.1,3165.5,290.5,7.3,176.1,24217.5,69.9,38.8,11432.2,324.9,81.0,550.5,3632.7,48.8,407.4,0.2,35.3,117.5,597.9,5.0,311.0,842.9,35.3
19139,4718.5,71.6,37588.1,2584.9,38079.9,456.9,53.9,608.4,1167.8,438.6,373.0,1646.9,89.4,933.2,5.6,34.3,1333.6,4979.4,68.5,10.1,216.8,34569.2,278.8,30.7,12969.1,249.6,47.0,1331.5,3188.8,95.3,70.6,3.0,24.5,185.4,1274.2,5.4,5.4,1325.9,19.6
19141,5786.1,103.3,29492.3,6953.4,33296.1,904.7,141.7,1577.5,418.1,66.4,0.2,6162.2,249.9,476.6,39.7,1.8,3080.0,1120.0,39.2,13.6,587.0,57047.2,1016.5,23.9,25400.5,358.9,244.8,2196.0,10870.2,89.9,55.7,0.2,143.6,101.8,2850.9,3.6,49.3,19515.4,50.9
19143,2178.4,44.8,21658.6,4988.3,24451.8,646.8,104.0,1164.7,305.8,49.1,,4525.9,176.0,347.2,29.2,1.4,1998.5,827.0,29.1,9.9,413.2,40274.1,728.0,17.7,18618.6,256.6,179.7,1599.6,7670.3,66.0,15.0,1.3,105.5,71.9,2093.5,2.5,13.3,13768.6,37.6
19145,22727.3,198.5,10849.8,2624.7,31715.7,784.3,61.0,399.0,312.3,680.7,,1000.4,34.8,600.0,12.3,22.5,1948.2,3926.8,395.3,9.1,224.8,30730.8,90.2,55.5,14207.5,417.5,100.2,742.1,4619.8,61.2,612.0,0.4,43.7,151.5,740.7,6.4,467.2,1068.9,46.8
19147,3108.5,60.6,28595.9,6346.6,32305.4,855.5,139.3,1506.9,430.7,47.6,1.8,5970.2,217.6,458.7,34.6,4.9,2661.2,1010.1,28.9,15.9,511.3,50047.8,926.5,13.0,24567.7,325.4,237.8,2023.9,9653.0,84.8,23.0,3.4,139.2,87.8,2767.8,3.3,20.3,16974.5,44.5
19149,12858.5,210.0,41008.4,9258.8,46298.0,1205.0,197.1,2197.6,608.1,131.7,9.5,8584.5,323.3,669.4,64.4,4.4,4881.1,1458.4,93.2,19.3,758.5,74099.1,1356.6,57.0,35214.6,476.3,340.4,3148.4,14090.5,131.8,138.6,0.5,199.7,138.4,3964.3,5.1,122.7,25583.1,97.3
19151,3478.7,69.5,30702.2,7084.9,34658.7,921.9,147.4,1607.0,422.1,45.5,,6405.2,251.4,492.7,35.8,0.8,2879.9,1059.6,17.5,14.0,591.1,57530.0,1034.9,10.6,26399.9,365.8,254.8,2184.5,10966.7,90.0,26.1,,149.5,99.2,2967.6,3.6,23.1,19494.1,36.7
19153,2835.2,90.5,15942.1,2257.3,27157.4,564.7,225.2,705.8,773.0,240.3,31.4,435.4,64.0,620.1,7.2,11.5,2975.8,1943.7,49.4,10.1,185.8,38025.3,160.7,31.4,31462.8,306.8,81.8,646.5,5025.9,61.1,48.9,1.6,59.9,120.6,756.9,1.3,28.4,9454.4,32.6
19155,21973.0,211.2,22543.7,5414.1,65859.7,1573.2,126.8,817.6,635.1,1325.6,48.8,2068.4,54.5,1233.9,21.1,41.1,3896.2,8142.9,567.7,19.7,445.4,60664.7,165.9,63.3,29455.3,791.8,208.3,1190.6,9062.2,128.2,356.4,1.0,90.9,284.5,1539.7,12.8,272.0,2100.9,75.6
19157,4311.5,159.5,19864.8,2809.8,33792.5,696.2,279.5,885.4,1824.3,387.6,7.3,576.7,82.8,788.0,12.1,15.3,3800.1,2444.7,148.3,10.0,235.8,48713.6,223.7,90.0,39163.4,412.4,101.7,1124.9,6402.6,77.3,126.6,0.5,74.6,166.7,940.5,1.7,73.6,12467.7,73.7
19159,5120.5,236.9,11810.8,745.1,45575.3,300.7,36.2,128.2,208.8,409.5,5.5,1647.9,31.8,206.8,13.7,55.2,1365.9,5323.8,538.6,3.7,86.8,28325.1,138.8,113.1,22120.0,164.9,54.0,893.9,3390.2,81.8,334.5,0.5,37.0,260.8,514.1,6.4,8.4,1513.7,146.3
19161,6056.9,121.6,18257.2,3336.6,38846.7,1229.4,388.7,1125.1,398.5,1439.5,3.2,1615.9,516.1,677.4,18.7,19.2,2379.8,2559.0,308.3,13.6,311.8,54656.3,646.7,512.4,31949.8,770.1,172.8,723.2,11161.5,86.2,9.1,2.0,62.9,197.7,1252.4,7.3,22.0,15132.4,77.6
19163,5349.6,64.5,46315.4,3073.0,46920.5,510.5,65.3,753.0,913.4,387.1,19.5,2000.8,93.6,1128.7,6.8,39.9,1618.6,6009.8,46.0,8.9,175.1,37045.5,315.6,25.8,15857.9,269.2,57.8,1525.9,3516.4,94.0,52.0,1.0,30.1,195.7,1568.2,6.2,4.0,1402.1,17.4
19165,7100.2,122.7,18829.0,3356.3,40028.9,1196.0,400.8,1137.6,416.4,1505.9,4.8,1664.4,477.8,698.8,20.1,20.2,2471.7,2548.3,378.6,13.7,295.8,51108.2,620.7,541.2,32835.1,772.5,178.1,768.6,10407.6,88.8,11.9,2.0,64.9,186.7,1291.2,7.2,28.8,14061.5,101.1
19167,8602.5,144.7,44490.7,9627.4,50265.0,1220.2,214.1,2801.5,646.0,119.2,2.3,9320.8,309.3,719.1,64.4,5.4,4640.1,2752.7,78.0,21.1,725.2,71654.9,1368.3,47.3,38056.5,478.7,369.3,3252.8,13585.9,138.5,83.7,11.8,216.6,130.1,4301.5,5.3,74.1,24494.1,90.0
19169,4552.5,135.0,28036.3,3902.1,47719.9,924.1,394.7,1233.8,829.6,372.9,39.1,723.9,103.5,1085.0,10.9,14.8,5193.6,3303.2,37.2,15.4,300.7,61900.2,254.2,24.4,55218.0,498.1,143.6,917.6,8266.0,102.8,61.9,0.5,105.3,189.1,1328.0,2.2,36.0,15202.7,36.7
19171,5331.2,178.6,28569.1,3990.4,48599.2,957.0,402.0,1262.4,1637.9,463.1,27.0,790.8,110.0,1118.5,13.9,17.6,5371.1,3411.5,116.8,14.9,319.5,65313.4,283.8,70.8,56268.8,540.2,146.2,1245.0,8670.4,108.1,118.4,0.2,107.3,212.2,1352.6,2.3,68.8,16361.0,67.8
19173,23758.8,198.7,7110.3,1712.4,20724.3,517.8,40.0,263.8,232.0,497.5,8.5,675.7,31.8,397.6,10.6,17.9,1326.5,2571.8,406.1,6.0,149.5,20395.4,68.0,67.2,9287.3,293.8,65.7,675.5,3089.1,43.5,725.2,0.3,28.7,107.9,485.1,4.2,553.6,724.2,43.2
19175,4583.5,186.4,13947.7,869.0,53816.8,335.2,42.8,147.2,214.9,416.4,,1923.7,33.1,238.4,11.9,61.9,1576.5,6285.6,444.0,4.8,91.8,30260.9,140.3,93.2,26105.8,166.7,63.9,795.0,3683.5,77.3,253.3,0.6,43.7,269.4,607.9,6.9,6.3,1594.0,126.3
19177,2100.2,142.8,9797.7,1169.0,15775.2,200.3,4.0,268.7,1368.9,626.8,12.4,4443.9,19.7,233.7,6.6,54.7,167.5,4233.5,120.6,3.5,99.0,22270.5,83.4,73.1,4979.1,156.7,13.8,891.3,2401.6,276.6,46.1,1.1,7.4,36.7,317.1,1.1,1171.2,532.7,92.6
19179,2162.9,102.0,11014.4,1268.0,17719.0,216.7,4.5,284.2,1095.4,515.4,4.7,4967.2,19.9,227.9,5.9,58.2,173.5,4736.3,93.0,3.9,101.6,23029.1,79.5,56.3,5568.7,156.9,15.6,834.8,2575.3,285.3,29.6,0.3,8.3,30.6,356.5,0.8,751.8,553.1,102.8
19181,6055.5,223.3,19982.2,1256.9,77113.7,494.3,61.3,201.9,349.8,541.7,31.3,2761.7,49.0,338.7,13.5,85.4,2244.2,9007.5,479.4,7.9,139.3,45391.9,195.4,101.3,37421.2,234.3,91.5,981.7,5487.4,97.6,291.4,0.1,62.6,397.9,870.7,10.0,7.3,2360.2,143.3
19183,4668.0,118.7,25638.7,2880.8,41260.0,484.8,10.3,658.1,1108.7,585.5,19.7,11477.8,40.9,460.3,8.5,130.5,380.3,10976.1,77.0,9.0,219.6,49216.2,143.9,46.7,12923.9,311.2,36.2,1432.5,5718.8,585.0,24.0,0.8,19.3,38.7,829.7,2.1,609.1,1172.8,235.0
19185,5153.0,196.3,15023.3,936.4,57944.2,400.6,46.1,174.0,236.5,473.7,,2077.2,42.9,256.2,14.4,69.4,1705.2,6772.9,550.4,4.5,119.4,38606.3,174.2,115.5,28147.4,205.7,68.7,976.3,4580.5,87.8,257.3,2.5,47.1,349.0,653.7,9.4,6.4,2034.5,153.5
19187,5051.1,141.3,32329.4,4567.3,54999.8,1130.6,455.1,1420.0,736.5,411.0,36.2,805.7,131.7,1242.5,11.9,16.2,5945.0,3964.8,23.8,17.2,382.8,78453.2,314.5,16.4,63737.4,611.4,165.5,1025.3,10345.8,116.0,33.8,0.5,121.4,237.3,1531.2,2.6,19.7,19204.7,34.7
19189,2037.5,34.9,29615.8,5461.9,23166.4,497.0,129.7,407.4,333.4,326.7,5.2,1114.5,275.2,780.6,8.8,4.1,2190.1,4852.4,61.3,11.0,353.1,43628.4,326.7,7.7,18131.7,141.2,282.8,1487.1,4094.6,6.0,6.6,3.0,106.2,64.2,1496.7,2.8,7.1,4736.6,8.8
19191,1646.5,132.8,37212.5,4388.1,45031.1,441.5,108.8,966.8,6329.8,1580.4,18.7,1295.7,73.0,1641.9,48.1,51.4,4277.1,2848.3,298.1,9.9,148.0,38635.7,178.1,199.5,21961.9,258.7,161.5,3399.3,3449.4,113.7,90.6,1.0,94.3,108.9,161.5,2.9,7.8,3471.8,58.2
19193,17602.8,215.0,20652.0,3750.6,44128.8,1364.2,439.3,1270.7,580.3,1666.6,4.1,1881.4,531.5,769.3,22.5,30.3,2930.1,2946.5,461.1,24.6,320.7,56764.4,690.8,602.8,36258.1,855.7,196.4,919.0,11591.1,136.8,40.1,1.3,71.1,209.8,1429.8,8.0,96.7,15629.0,126.9
19195,1969.9,42.6,26170.7,4987.1,20450.7,444.1,113.8,360.7,278.6,336.0,57.6,994.0,268.4,691.4,11.8,2.4,1990.9,4336.8,113.1,9.5,343.1,42195.2,300.0,13.5,16099.0,156.1,249.7,1379.0,3917.2,12.6,13.3,1.2,94.4,64.4,1320.8,2.6,14.3,4660.5,9.3
19197,2922.8,57.9,41383.5,8043.7,32315.1,704.9,179.1,568.9,413.6,429.8,,1548.8,448.2,1091.3,10.9,0.9,3093.4,6904.7,58.4,11.8,574.0,70246.0,484.8,7.4,25397.8,223.2,394.8,2121.7,6417.2,6.1,11.6,0.1,148.4,102.2,2086.6,4.2,12.4,7564.8,10.3
20001,1329.9,280.4,993.7,2791.3,13401.7,290.2,9.5,44.0,64.9,110.2,55.6,478.1,268.4,49.9,12.5,14.7,2198.4,639.9,73.4,3.3,,18627.7,147.4,100.9,6015.1,266.0,3.5,254.2,3771.2,65.1,76.3,3.5,7.3,76.6,666.7,13.0,240.6,729.6,38.1
20003,4094.7,446.0,5817.9,3152.9,24740.3,418.5,94.4,132.4,16.7,123.8,1.5,315.8,29.5,32.9,28.9,17.3,2729.5,3312.4,530.9,7.6,,32486.3,100.9,94.4,4712.6,252.5,51.9,836.6,2023.3,74.7,59.4,3.6,38.6,98.9,1458.8,15.6,1016.7,1763.7,65.1
20005,11264.2,201.6,18136.6,3834.9,27354.3,186.3,80.8,198.7,8.6,118.8,,311.3,15.0,1.1,35.4,56.8,2058.6,806.8,489.0,7.3,0.8,31011.3,77.0,24.8,6997.3,123.2,27.9,457.4,2353.4,38.3,811.0,1.1,0.1,54.9,361.3,8.4,512.6,1245.1,25.1
20007,7283.3,306.9,126.1,2239.5,3500.5,13.7,3.4,9.6,,164.5,,509.2,118.1,105.9,26.7,66.4,3112.4,58.0,164.0,5.4,55.7,5337.6,13.2,406.3,1814.0,36.5,6.7,867.3,468.2,19.7,1171.1,11.9,4.8,173.0,242.3,11.9,1051.8,674.3,47.0
20009,13396.1,2920.5,659.2,8519.6,59381.9,198.5,64.9,145.3,157.0,881.7,,1497.3,127.9,60.9,104.1,349.2,5157.8,5941.9,692.2,12.6,52.4,33640.9,116.6,497.6,21614.2,673.1,117.0,5383.4,2398.3,140.3,164.1,22.7,69.0,1507.3,1856.0,35.7,683.6,1617.0,105.5
20011,1178.6,416.3,491.4,1767.2,7414.9,196.9,4.7,23.7,6.6,127.8,,185.9,184.9,45.8,14.1,9.8,1747.2,341.8,45.5,2.7,,12479.6,90.8,31.8,3498.7,138.5,1.7,219.1,2534.1,34.7,120.4,1.0,3.6,102.0,344.5,4.7,382.4,539.4,19.5
20013,11949.1,257.9,35426.7,6662.2,52512.1,363.9,157.8,339.4,18.9,229.0,,575.3,27.5,2.1,50.0,111.5,4024.8,1569.8,933.8,15.9,22.9,60146.1,148.3,24.5,13404.0,214.6,54.5,800.8,4756.4,74.0,760.9,0.9,0.3,73.6,701.7,15.6,481.1,2318.1,45.1
20015,3251.7,1055.1,2221.4,6096.1,64372.9,263.6,21.3,124.6,16.1,365.2,9.9,960.9,196.7,147.4,24.2,54.6,2972.6,1884.2,181.7,4.3,3.0,18560.8,160.9,174.0,28207.5,332.9,7.8,454.1,2917.1,211.5,310.4,5.5,16.3,242.2,2137.8,21.3,985.3,1083.8,101.5
20017,6243.4,691.9,1340.7,652.0,5424.7,90.9,21.8,30.8,13.4,46.1,,82.6,12.8,7.6,43.6,11.8,878.7,696.4,114.5,2.7,11.5,7330.8,22.7,30.5,1013.0,62.9,12.0,197.6,539.7,17.8,139.0,1.0,8.9,131.8,328.1,4.2,2426.6,737.4,81.0
20019,1479.3,572.6,112.9,267.6,1437.7,27.0,1.1,5.6,14.9,45.2,,76.9,27.5,67.8,2.2,2.2,1330.0,69.6,16.1,0.3,,2560.0,14.5,15.9,622.0,32.4,0.4,63.4,363.3,7.7,251.6,0.7,0.8,36.3,74.1,1.8,802.6,63.4,5.6
20021,1990.7,136.1,1493.8,5495.0,27767.7,505.8,14.3,69.4,594.0,71.0,91.9,1076.3,477.0,56.6,4.5,24.5,3619.3,1113.6,109.2,6.2,,33849.5,257.9,236.4,12949.1,501.0,5.2,499.6,6755.8,110.4,44.6,14.8,10.9,37.3,1145.6,26.0,131.9,1101.2,67.4
20023,5351.0,615.2,8800.3,720.6,19337.9,261.6,305.7,73.2,25.0,1136.3,,724.7,18.8,87.8,55.8,42.4,1280.7,1239.8,1249.0,16.1,877.3,26977.0,77.0,42.6,3634.2,84.3,16.7,10437.9,3066.4,124.2,1600.5,14.9,8.4,184.8,248.6,10.1,1030.4,4128.2,13.4
20025,4138.4,297.5,22.2,1202.4,5105.2,,12.6,30.1,,182.8,,265.2,19.1,66.2,1.4,81.2,722.8,552.8,77.1,0.1,,3596.7,3.9,42.6,1099.5,13.6,1.0,2380.0,26.3,4.3,60.1,4.6,0.6,167.3,346.4,0.3,671.9,41.1,15.8
20027,14747.0,607.6,15624.7,3565.2,34402.2,276.7,109.5,61.5,127.3,387.5,,515.3,27.9,43.8,16.5,47.5,3935.2,2283.1,450.1,9.1,2.5,45034.9,43.2,4.1,18457.6,345.5,70.4,1128.9,4306.3,22.4,946.4,9.6,28.3,207.1,243.3,8.4,930.0,1758.4,13.8
20029,18028.9,944.6,9782.5,4293.9,36966.1,358.9,68.6,43.0,192.2,309.1,,629.5,30.8,42.6,57.4,101.1,2930.8,2662.3,441.9,14.9,95.0,26012.3,24.9,8.2,23670.7,346.8,44.1,1458.3,3213.7,17.5,1162.8,11.6,17.7,396.0,257.0,8.3,1142.4,2194.1,20.1
20031,4047.1,537.1,3212.0,2668.7,17216.3,302.9,52.1,94.0,14.2,101.2,,209.8,27.5,18.2,46.5,18.7,2205.8,2643.5,236.8,4.7,5.9,25596.7,73.2,74.6,3473.2,180.2,28.6,585.5,1510.4,41.7,65.3,2.8,21.3,149.7,902.9,11.0,1119.4,1537.1,91.0
20033,3907.2,230.5,50.4,2616.9,4192.4,4.8,1.4,9.4,,120.9,,270.2,19.7,61.2,5.3,45.0,1709.2,55.0,40.2,0.2,,2391.1,5.0,135.7,2136.5,17.3,2.7,1273.9,140.2,8.9,707.5,3.5,1.9,129.8,255.4,3.6,617.0,70.3,17.5
20035,4541.3,1059.2,395.6,4212.9,41559.2,119.2,3.8,53.2,22.6,277.8,29.3,1312.6,140.4,94.7,30.8,50.0,2551.3,857.5,282.0,4.6,,30133.4,62.0,357.1,19615.6,372.2,1.4,407.6,2219.7,96.2,325.2,10.0,2.9,223.7,946.7,30.2,1029.8,2003.4,72.4
20037,1547.4,281.6,2188.2,4146.8,27339.2,402.8,21.0,93.2,35.1,138.2,1.6,572.1,329.8,90.4,7.6,22.2,2815.7,1303.1,101.6,3.8,3.8,24073.0,223.5,99.7,11346.2,333.2,7.6,380.8,4850.4,138.7,90.9,3.8,16.0,62.9,1427.3,15.3,286.9,904.3,68.3
20039,4217.2,752.3,8876.3,1706.1,21757.0,105.4,308.3,74.9,59.6,1131.2,,845.0,21.3,83.1,54.6,47.9,1126.3,1142.9,1044.7,8.9,176.9,21648.4,84.7,67.8,4474.6,83.5,16.8,6452.2,2257.6,131.4,1400.7,12.0,8.4,268.6,414.1,8.7,906.6,2955.4,17.4
20041,7363.9,1448.0,203.4,6918.7,36387.1,172.3,20.0,62.1,69.0,377.0,,778.1,116.6,18.8,45.5,167.4,5760.3,5567.7,413.7,3.6,12.3,31944.8,93.2,437.3,15947.3,562.0,36.1,666.2,2376.5,45.3,143.4,20.7,21.3,668.3,1288.7,29.7,722.9,1978.8,47.5
20043,5794.7,159.1,22759.2,2731.2,32129.1,233.8,101.4,178.6,54.1,146.1,18.6,362.9,16.4,1.4,33.9,68.1,2323.8,994.1,596.5,9.6,2.1,35335.1,87.5,3.6,8157.1,123.6,35.0,503.3,2756.6,47.7,348.5,0.1,0.2,53.0,443.4,9.6,220.4,1407.0,28.1
20045,1691.6,202.8,4362.6,1257.4,14251.7,230.6,70.8,75.4,57.9,68.5,94.4,163.6,13.9,24.7,14.3,7.6,1275.6,1496.7,242.4,5.7,14.1,15443.8,55.9,16.0,2474.2,110.0,38.9,357.2,1107.3,55.9,24.3,0.6,29.0,48.4,975.5,5.5,421.0,842.6,35.0
20047,3559.3,956.6,1443.4,13330.9,21701.3,60.2,39.3,38.7,,616.9,,1480.4,168.3,77.6,40.9,181.8,2596.3,418.5,194.4,8.4,28.3,12619.3,99.9,336.8,10058.9,224.4,77.0,5394.3,1641.9,201.2,353.3,6.8,54.6,540.0,1725.9,14.4,226.9,962.9,84.8
20049,1405.2,521.9,213.7,688.8,3925.2,61.0,2.0,10.7,1.7,51.5,,95.8,59.8,63.9,2.7,4.0,1430.3,154.9,20.2,0.4,,4721.1,31.8,18.0,1784.6,54.7,0.7,92.4,818.2,16.3,224.2,0.6,1.6,39.9,163.0,2.4,715.0,144.0,9.1
20051,9634.1,717.5,66.5,3658.5,19777.4,21.4,6.5,25.4,18.6,104.0,,380.7,15.9,6.1,27.1,69.3,3405.7,3351.2,213.3,5.3,55.2,11526.4,12.6,302.5,8854.7,322.5,11.8,4825.7,464.5,14.4,256.0,14.6,7.0,178.3,720.3,20.0,1179.8,517.5,15.4
20053,5963.3,725.4,25.8,2840.0,14391.7,15.6,2.5,17.9,25.6,129.5,,311.2,20.2,2.4,17.9,64.9,2312.5,2667.4,198.9,1.0,8.5,7569.8,9.7,258.8,6764.8,277.2,4.6,2196.7,308.0,7.3,183.6,12.4,2.7,238.8,543.8,16.8,884.5,357.5,17.2
20055,21465.5,2543.2,1579.1,5807.0,55594.9,100.0,900.8,115.5,,1653.3,783.2,2311.4,362.9,163.5,85.3,662.8,4365.9,2288.9,1620.0,21.2,368.8,29569.7,152.4,364.0,15739.8,600.4,73.0,13863.6,4360.4,131.4,277.3,17.9,48.8,1434.3,2865.3,7.6,429.4,2290.9,92.2
20057,17372.1,654.1,813.9,4855.7,35832.4,,464.3,106.8,1.9,466.9,,904.1,83.3,90.9,23.7,200.6,2933.1,1973.2,832.3,6.1,17.1,20061.9,76.0,93.6,9169.9,160.0,37.6,10911.6,1315.0,61.6,243.1,16.1,20.8,369.7,1984.5,4.2,290.1,626.2,69.3
20059,3471.4,397.5,4785.3,2384.3,18606.1,359.1,77.7,99.5,54.9,94.3,10.3,231.9,25.6,27.1,25.0,12.7,2344.4,2343.1,292.9,6.3,1.6,27808.8,86.5,55.5,3549.6,189.2,42.7,554.2,1717.8,61.5,53.7,2.1,31.8,86.9,1152.1,10.4,928.1,1433.8,55.7
20061,2501.3,404.8,1008.4,1011.6,6839.2,82.7,16.4,39.0,13.8,54.2,,94.3,12.9,5.7,44.0,13.2,677.8,1147.6,105.1,1.8,6.2,7200.3,20.6,43.0,1357.0,71.4,9.0,161.3,476.3,13.6,46.6,1.5,6.7,135.4,323.2,5.3,806.9,754.5,82.6
20063,40431.3,532.3,1326.6,36406.4,85188.5,240.5,68.7,15.1,12.3,207.7,,1002.0,18.3,77.7,21.8,65.5,7884.7,2421.3,501.8,8.7,39.1,39483.1,47.5,30.0,28160.8,80.4,7.8,9070.4,1206.2,202.5,526.8,14.7,7.8,118.9,1763.1,10.9,1435.4,3294.5,12.9
20065,4771.2,618.3,5335.4,4403.3,23670.9,211.3,185.3,47.8,106.3,663.6,,578.4,12.3,71.6,30.0,42.7,1031.7,1373.5,649.6,3.5,19.6,19746.2,52.3,41.4,5274.3,54.0,10.1,5525.4,786.8,79.2,1650.3,10.6,5.1,163.0,723.6,6.9,1070.9,2225.0,10.7
20067,9028.3,484.2,737.5,2633.6,25776.4,,420.7,52.8,,352.8,467.3,653.3,72.5,65.3,30.4,142.4,1082.0,981.7,698.8,6.8,27.0,8906.4,52.9,69.3,7322.9,267.6,34.1,5501.4,1108.4,54.8,101.1,8.5,24.1,272.3,1325.9,3.5,85.6,736.5,44.3
20069,16517.7,1124.5,1412.7,5930.3,52582.7,,805.8,122.5,,795.9,,1386.0,173.0,124.1,51.8,324.5,2980.9,2272.3,1323.4,13.7,54.6,21977.1,121.2,161.0,13980.5,253.4,65.3,9071.7,2794.1,106.8,171.5,11.4,36.2,634.4,2769.2,6.6,153.5,1596.0,85.0
20071,19731.8,80.3,730.6,12487.6,32564.0,256.7,37.8,6.4,1.7,259.8,,482.0,21.5,26.0,32.7,24.6,4107.3,1113.0,397.1,12.5,367.3,19676.9,20.1,4.0,10856.2,36.8,4.3,9611.6,2068.8,110.7,517.2,8.6,4.3,18.2,789.2,6.3,229.5,4471.1,5.8
20073,2361.4,984.7,600.9,1209.5,6779.5,126.7,5.8,27.8,2.1,172.9,,166.3,121.1,113.4,8.3,8.3,2471.3,350.9,54.6,0.9,,8922.2,69.0,24.2,2836.0,103.2,2.1,132.7,1640.9,38.5,370.7,0.8,4.4,134.6,378.2,3.7,1183.1,289.6,21.8
20075,13131.9,251.1,223.6,1960.1,12361.9,,127.5,45.5,,172.9,,380.5,290.6,44.3,65.3,86.2,1438.3,838.6,309.9,16.2,183.1,12960.4,17.4,35.9,3178.1,37.4,10.3,8814.3,4282.6,17.6,215.4,11.5,5.7,141.3,718.8,1.4,281.0,1071.7,36.0
20077,4998.5,217.4,99.0,5295.3,8329.1,13.6,2.7,21.3,,122.1,11.7,689.6,51.7,27.9,17.5,71.5,1451.9,111.7,371.9,3.5,15.7,10845.6,11.8,709.2,4417.9,31.1,5.3,616.4,639.9,15.2,284.0,21.4,3.7,122.7,512.3,20.7,250.5,1089.6,91.2
20079,4036.3,367.4,653.5,18385.2,27960.3,144.2,17.8,50.9,48.8,260.3,23.3,951.6,204.8,39.2,28.2,112.6,4538.6,455.7,202.8,5.7,49.7,18686.9,96.4,385.4,14439.8,215.3,34.8,1120.4,2168.0,90.5,164.2,11.0,24.7,211.5,1829.5,14.4,144.4,1597.4,87.8
20081,13000.6,529.1,1958.5,4415.4,58353.0,,1117.2,73.8,1.9,477.5,,1113.0,185.7,162.4,73.7,178.3,2622.4,1389.8,1749.6,20.4,90.1,19674.0,148.6,75.7,16339.8,289.1,90.6,6767.5,3916.5,138.5,98.0,9.7,50.2,299.3,2807.8,8.8,111.9,2100.4,86.9
20083,10647.6,221.3,252.5,2230.1,13934.9,,144.0,51.5,,158.2,,365.3,59.3,53.0,14.4,75.6,1557.6,949.0,329.9,3.6,26.5,10889.9,24.3,31.7,3442.9,51.5,11.7,6924.1,901.6,19.3,165.5,11.4,6.5,125.1,813.0,1.6,348.1,320.3,37.5
20085,28437.5,392.1,8061.7,4925.7,15566.2,82.8,35.9,230.7,9.2,60.5,,158.3,11.9,0.5,63.2,29.9,1224.6,384.2,237.0,3.8,25.1,17577.5,44.4,17.6,4043.2,67.3,12.4,285.3,1309.2,18.8,2290.1,0.8,0.1,92.8,176.1,4.0,1447.8,895.9,14.2
20087,17531.9,314.0,13313.0,4399.1,21720.8,136.7,59.3,229.2,67.6,92.2,16.2,236.3,14.9,0.8,61.3,43.2,1680.3,605.9,368.1,5.9,2.5,25392.9,64.0,21.3,5588.6,89.4,20.5,339.3,1857.9,29.5,1360.6,0.5,0.1,92.6,272.8,6.0,860.3,1161.8,19.5
20089,20855.3,1066.2,13644.6,4790.6,44027.7,376.3,95.6,57.5,210.9,402.4,,723.5,34.5,51.0,62.2,111.9,3324.7,2997.0,520.3,17.2,62.9,31770.1,31.4,9.3,26630.3,391.1,61.5,2673.9,3561.6,23.0,1309.2,12.8,24.7,448.3,300.9,9.5,1280.6,2763.9,23.4
20091,1423.1,149.1,2151.8,778.9,7388.5,134.6,34.9,39.1,13.7,35.8,15.4,89.3,8.7,12.2,7.7,4.2,832.2,822.8,124.6,2.8,2.8,9736.9,32.5,16.4,1336.1,68.9,19.2,243.4,640.0,27.6,24.2,0.6,14.3,26.8,490.7,3.7,416.7,500.7,18.5
20093,13388.5,1490.1,817.1,2686.7,27697.2,79.1,466.1,52.4,,958.3,,1316.2,174.4,96.7,37.8,384.0,1906.4,1089.3,913.6,10.2,248.2,14199.0,67.3,213.3,7476.1,155.6,37.8,9078.2,1737.8,69.6,202.0,12.9,20.9,837.9,1404.1,4.0,348.0,777.7,53.4
20095,4198.3,715.0,293.5,5565.2,8630.8,34.0,8.0,20.6,0.1,383.6,2.2,992.6,89.4,49.9,17.9,138.2,2326.0,142.0,207.3,1.6,4.8,6138.5,31.8,655.7,4328.3,87.3,15.6,809.9,749.5,45.8,455.1,18.8,11.1,403.2,594.6,19.4,401.5,430.8,75.7
20097,4281.8,259.6,640.5,7732.4,12374.2,39.3,17.4,22.2,,194.9,,635.2,88.1,67.5,20.4,64.6,2408.9,221.7,163.1,4.8,18.6,10510.5,50.5,213.4,5963.7,108.4,34.1,3228.8,984.9,87.7,553.3,5.4,24.2,147.4,922.0,8.7,444.8,858.4,52.7
20099,1779.1,344.0,888.9,3535.7,28328.1,224.1,8.5,50.4,250.7,97.6,8.5,774.7,194.9,57.0,13.0,25.9,1993.3,830.4,84.9,4.9,,14832.5,113.2,167.8,12914.9,281.0,3.1,330.9,2772.6,88.3,118.1,8.8,6.5,62.4,903.7,18.1,369.6,694.1,50.2
20101,19922.1,229.9,423.1,22513.6,49398.5,149.8,21.9,7.6,2.9,70.7,,369.0,8.7,35.0,8.9,27.4,4598.9,1402.0,266.7,3.1,16.4,23658.8,17.4,7.0,15836.6,37.0,2.5,8549.7,599.6,64.4,482.6,14.3,2.5,28.2,823.6,8.4,800.8,2913.4,6.2
20103,9043.4,188.3,7687.7,1731.0,11696.3,79.0,34.3,114.6,21.4,53.0,50.8,146.3,9.5,0.5,43.1,27.0,1067.9,345.7,220.7,5.2,15.9,15497.8,39.1,20.1,3030.7,64.5,11.8,231.0,1229.9,17.2,690.0,0.8,0.1,62.8,153.5,3.9,436.1,720.9,12.8
20105,5920.4,923.2,56.8,3705.5,18863.2,46.5,5.6,26.7,36.0,189.9,,401.1,41.4,5.2,31.3,96.6,3088.0,3309.3,237.8,3.6,35.2,12599.1,26.3,278.5,8703.8,318.7,10.1,1506.4,833.0,14.3,181.1,13.2,5.9,346.7,699.9,18.3,893.6,774.5,24.3
20107,2681.2,266.3,2204.4,1518.1,9482.4,221.7,35.8,50.6,33.5,47.3,,124.5,16.3,12.5,11.0,6.5,1595.9,1295.7,142.4,2.9,,18533.2,53.1,40.2,1936.5,117.5,19.7,426.8,1054.1,28.3,45.8,1.5,14.6,41.3,555.0,6.6,785.8,866.8,24.7
20109,21654.0,426.9,627.4,15835.7,38185.5,430.9,32.5,6.8,3.3,85.2,,464.1,6.6,66.2,9.7,26.0,4528.2,1466.7,547.9,4.9,494.5,21108.2,20.1,8.1,12451.9,33.2,3.7,9610.2,583.1,95.4,595.4,15.4,3.7,35.8,799.8,9.5,1662.9,3578.3,7.2
20111,5765.8,804.4,4841.2,2363.0,18796.3,355.6,78.6,102.7,32.8,119.0,0.5,250.9,33.3,27.4,69.7,21.7,2444.4,2352.1,337.2,6.5,3.2,27637.7,86.6,74.3,3560.1,203.9,43.2,675.3,1772.0,62.9,105.8,2.7,32.1,224.9,1163.6,12.1,1826.8,1880.5,139.5
20113,9824.1,1028.4,406.5,9020.9,52804.9,202.9,40.0,93.8,48.2,292.5,,1056.3,98.1,37.6,41.0,141.2,5957.9,7019.1,484.5,7.9,34.4,35757.5,109.2,618.0,21625.1,754.4,72.1,1260.0,2408.0,81.6,130.5,29.7,42.5,450.4,1789.1,43.3,632.1,2023.7,42.1
20115,7529.0,1562.9,336.4,8578.8,48451.9,193.4,33.1,86.9,76.9,414.8,,915.0,115.3,31.1,47.4,181.3,5833.3,6792.7,405.6,4.7,5.6,33844.1,105.4,380.1,20333.7,519.2,59.7,533.6,2427.6,70.9,171.7,17.8,35.2,703.6,1669.6,27.0,878.4,2000.8,52.2
20117,37492.7,934.1,19842.1,37952.2,65446.2,203.8,88.4,1399.2,37.2,181.4,,659.6,43.9,1.2,232.9,99.4,4217.5,1140.0,690.7,8.6,8.8,63378.4,160.2,191.7,17154.5,348.0,30.5,817.0,4142.7,49.4,2732.7,9.0,0.2,349.3,558.3,15.3,1727.2,3288.4,56.3
20119,11512.1,401.3,1490.6,3698.0,45722.6,,850.3,64.7,,363.7,,841.5,105.0,172.2,46.1,134.5,2542.0,1214.1,1293.4,12.7,44.7,15510.3,114.0,57.4,12625.1,221.9,68.9,6927.2,2255.9,105.4,123.5,9.2,38.2,227.1,2228.6,6.8,591.6,969.4,62.8
20121,2721.3,304.8,3613.7,1672.2,14030.1,246.0,58.7,75.0,48.2,70.9,76.1,159.8,17.2,20.4,18.6,9.5,1570.9,1754.0,215.1,4.7,17.9,18592.2,59.4,31.1,2620.0,124.1,32.2,411.6,1174.3,46.4,45.6,1.2,24.0,63.5,869.2,6.6,787.8,989.2,41.5
20123,16745.6,770.3,5555.6,4669.4,38321.3,355.9,38.9,29.1,208.1,213.8,,637.5,24.6,31.8,60.8,101.0,2957.8,2783.9,412.1,14.3,73.8,21759.5,15.0,6.8,26687.9,467.0,25.0,2514.4,2787.3,11.2,956.6,17.2,10.1,326.3,255.7,11.1,931.0,2315.0,16.9
20125,1443.1,358.1,1731.0,2287.2,19387.3,220.9,16.6,72.9,104.8,141.8,,620.9,159.2,81.4,12.2,18.9,1720.0,962.6,100.3,4.7,,12355.3,132.3,122.4,7528.8,249.7,6.1,381.1,2409.7,105.2,111.6,5.5,12.7,77.6,1086.8,15.6,349.8,595.2,58.1
20127,5865.2,846.2,1748.1,2461.8,15932.8,161.6,28.4,90.4,26.4,117.9,,202.5,24.3,9.9,83.0,26.9,1297.5,2906.3,200.2,2.4,22.7,13969.1,38.1,97.7,3204.2,149.8,15.6,286.8,854.9,23.7,111.8,3.5,11.6,259.3,673.2,11.7,1942.5,1471.7,158.1
20129,7790.2,83.7,296.5,2400.3,15528.8,,169.2,55.3,,80.1,,269.3,55.4,36.2,17.2,42.5,883.1,1018.9,314.9,4.6,32.2,7498.0,21.7,12.0,3864.1,42.1,13.7,4635.7,988.7,21.0,103.4,6.0,7.6,47.2,898.8,1.5,138.1,396.8,30.7
20131,25706.5,777.4,26801.7,13994.7,49304.7,275.3,119.4,711.5,31.9,199.7,,528.4,33.0,1.6,216.3,96.7,2926.9,1241.2,795.5,11.4,89.3,43023.0,109.5,67.1,12558.6,204.6,41.2,710.1,3422.4,62.9,1904.8,2.9,0.2,316.5,574.6,13.3,1204.0,2609.0,48.5
20133,1600.0,346.8,1329.6,3114.3,17920.6,317.6,12.7,58.5,529.1,131.5,10.1,693.3,271.9,66.7,10.6,17.6,2384.7,832.1,88.0,6.9,,19482.9,162.8,137.1,7743.5,289.9,4.6,321.1,3900.8,86.8,102.9,11.4,9.7,85.2,891.9,14.7,321.1,750.0,51.6
20135,22210.7,626.0,253.1,29839.8,62557.9,199.5,13.1,8.8,14.2,160.1,,432.4,14.5,58.2,15.8,62.6,5283.0,1778.8,276.2,3.5,30.0,26971.9,22.3,34.6,19740.5,24.5,1.5,10373.3,619.1,40.5,626.4,18.6,1.5,136.2,885.6,10.2,1724.4,3521.2,8.9
20137,5006.5,760.7,8447.1,3259.5,25254.2,153.7,293.4,72.6,88.8,1024.1,,803.4,17.5,90.0,46.5,47.5,1105.0,1392.8,969.7,5.4,25.0,23758.6,79.7,59.2,5524.0,83.0,16.0,4725.6,1137.4,123.7,1736.2,12.1,8.0,232.9,625.7,8.6,1128.7,2193.4,15.8
20139,4028.2,480.6,3891.9,3141.4,21735.5,321.1,63.2,117.4,11.9,116.6,2.4,213.3,26.7,22.0,45.2,24.2,2440.5,3369.5,253.5,8.9,48.3,26934.3,77.5,53.0,4275.3,167.9,34.7,834.4,1792.5,50.3,64.1,1.9,25.8,121.4,1116.6,9.2,1079.3,1550.8,75.3
20141,21772.2,695.8,5044.5,3376.4,30492.0,259.1,35.4,24.6,148.1,174.6,,467.7,17.6,44.4,42.8,71.6,2460.5,2032.2,321.1,10.7,51.7,20109.8,12.4,4.8,20054.3,354.0,22.7,4072.7,2060.0,9.3,1458.2,12.9,9.1,229.5,190.1,8.4,1416.0,2379.8,12.3
20143,18788.6,936.8,2928.8,2255.8,17948.2,169.2,20.5,14.8,120.4,144.6,,384.5,27.9,40.3,54.4,85.3,2289.4,1336.8,312.5,11.1,62.6,16055.9,13.3,7.7,12532.0,344.9,13.2,1285.9,2651.6,8.4,1381.8,12.6,5.3,369.9,122.7,8.1,1357.9,1844.7,17.0
20145,4827.0,1532.0,761.1,12892.6,20641.1,52.4,20.7,46.7,,835.9,0.4,1664.9,222.9,62.4,51.6,276.0,2750.0,333.1,188.6,7.0,46.4,14320.8,64.0,534.9,10140.7,175.4,40.6,6493.0,1435.7,115.7,527.1,10.7,28.8,863.1,1430.7,14.4,343.3,954.6,80.5
20147,30278.1,1186.6,11584.0,2473.5,29243.3,205.3,81.2,45.6,123.8,336.0,,480.8,28.7,72.5,64.7,100.2,2331.3,1646.5,418.1,18.0,75.7,21958.0,22.1,8.9,14903.5,253.4,52.2,5274.1,2651.7,20.2,2223.1,8.4,21.0,425.9,180.5,6.3,2166.7,3186.1,21.3
20149,50821.0,939.8,9522.0,7841.9,20493.3,97.8,42.4,474.6,32.3,86.6,,202.4,24.2,0.6,206.7,39.4,1462.9,467.0,328.9,3.8,0.7,20977.3,56.5,28.2,5298.1,84.3,14.6,273.8,1453.8,27.4,4129.8,1.1,0.1,304.0,217.9,4.8,2611.2,1714.5,23.7
20151,5599.5,263.8,1509.2,13504.1,21978.7,57.5,41.0,37.2,,283.8,,1196.2,210.1,87.5,55.2,89.4,2775.4,428.5,398.8,15.0,85.7,17875.8,101.0,426.8,10335.7,204.4,80.5,3596.3,1897.4,203.5,381.3,11.6,57.1,150.5,1769.2,19.3,302.6,2075.2,113.5
20153,5724.9,868.8,5962.8,1708.5,17861.9,79.7,207.1,50.8,61.9,794.0,,708.7,21.1,81.9,39.7,51.7,1216.7,858.3,808.9,6.1,74.6,19606.2,68.0,69.8,3445.6,63.7,11.3,9877.4,1782.7,94.3,1921.9,17.3,5.7,274.5,358.9,10.4,1241.7,4014.6,15.5
20155,6547.2,1390.9,752.8,20436.7,31364.4,127.1,20.5,65.2,0.9,773.7,33.0,1863.1,376.6,68.0,69.8,285.2,5303.7,485.7,278.6,11.8,102.0,19419.5,101.1,820.9,16154.6,254.5,40.1,1807.0,2464.8,113.2,467.8,21.1,28.5,786.7,2057.4,24.5,405.3,1888.8,124.6
20157,16176.3,1229.9,44692.4,4465.6,60270.5,414.1,313.2,164.9,155.4,1059.5,,923.7,51.2,75.8,48.0,107.5,4575.8,3381.7,1047.9,28.6,45.4,66259.4,88.7,11.7,21934.4,430.7,201.4,2322.0,6292.5,63.9,844.5,9.3,80.9,570.6,436.6,11.4,829.8,3197.8,36.7
20159,8273.4,871.2,459.5,7671.0,49112.1,161.3,45.3,96.1,41.5,275.1,,925.2,65.1,42.5,49.2,136.9,4234.1,5747.0,347.3,12.4,81.1,27547.0,88.5,374.7,19004.5,486.0,81.5,1951.9,1879.9,91.2,97.0,17.9,48.1,401.4,1603.2,27.7,441.9,1514.5,37.9
20161,22558.4,482.9,2615.3,10277.1,14207.1,26.9,11.7,431.0,29.6,37.6,40.1,163.2,13.4,0.2,117.8,21.2,766.1,187.4,145.2,1.7,1.8,10837.5,29.0,70.8,3725.3,94.7,4.0,158.2,656.0,9.9,1781.0,3.3,,174.8,99.2,3.5,1125.9,951.7,16.7
20163,28682.7,877.0,5721.9,3148.1,30524.1,244.1,40.1,26.5,142.3,193.1,,448.8,18.5,61.3,36.4,67.8,2181.8,1917.3,292.8,8.6,35.3,20148.4,12.9,5.5,19205.6,263.9,25.8,5358.1,1513.6,10.7,2067.5,9.4,10.4,266.2,182.9,6.3,2010.4,2798.2,13.5
20165,11002.9,540.7,94.5,4527.1,24597.9,38.3,9.3,32.9,22.7,129.1,,461.8,24.6,8.7,24.7,76.3,3028.9,4064.9,250.3,4.0,34.0,14743.8,21.7,347.8,10909.3,379.1,16.8,5738.7,585.6,20.1,120.6,16.8,9.9,218.7,888.0,23.2,441.7,632.2,18.9
20167,7792.4,745.7,33.7,3825.6,19547.3,13.7,3.3,22.6,24.4,128.7,,344.8,18.5,3.1,30.9,82.1,2809.3,3627.8,196.2,5.1,57.3,9747.2,8.8,254.2,9171.7,271.5,6.0,3304.8,451.6,8.8,206.8,12.2,3.5,233.9,738.7,16.5,971.3,534.5,17.4
20169,5254.8,1151.8,67.7,3214.8,16240.7,70.3,6.7,28.8,53.5,278.8,,497.3,63.7,6.3,33.7,119.5,3211.2,2694.5,333.0,1.7,10.0,14800.8,39.5,379.9,7373.5,440.0,12.0,596.5,1124.3,18.0,134.3,18.0,7.1,515.6,591.0,24.8,674.5,921.6,34.7
20171,51783.1,259.3,1939.4,42660.5,103300.7,280.9,100.4,19.4,6.8,315.8,,1302.8,23.2,69.7,37.9,61.9,9374.2,2928.0,667.4,16.1,98.8,47883.2,52.5,16.7,34560.7,93.4,11.4,9946.9,2192.4,294.3,519.5,15.9,11.4,66.0,2324.6,13.1,633.9,4135.7,15.0
20173,5288.3,974.7,680.2,18306.4,27921.4,124.6,18.5,57.1,82.3,560.4,59.1,1490.1,229.2,49.6,37.3,210.7,4750.1,437.6,286.3,6.4,26.5,19554.7,96.0,675.7,14380.1,231.9,36.3,1172.1,2300.6,99.7,273.1,17.6,25.7,552.6,1836.2,20.8,242.6,1670.1,111.4
20175,7106.7,387.0,893.0,2839.4,29754.8,,509.4,54.5,58.6,307.3,,640.2,55.9,93.4,25.0,121.3,1481.8,1016.4,820.1,7.0,14.6,10043.3,70.9,55.4,8078.3,141.6,41.3,3312.4,1208.9,64.5,49.4,7.0,22.9,218.6,1504.5,4.1,252.6,775.7,47.5
20177,2096.8,262.8,4961.5,1757.5,18783.3,243.2,80.5,100.2,20.8,93.1,27.3,184.7,15.2,28.1,21.6,11.9,1310.4,2273.5,279.2,6.4,3.3,16046.7,59.2,18.1,3299.4,120.4,44.2,365.3,1165.2,63.7,31.2,0.6,32.9,69.7,1180.8,6.1,542.5,972.5,49.4
20179,5408.0,576.1,21815.2,3782.7,50143.0,198.7,757.7,183.7,89.8,2554.9,,1492.7,23.3,143.1,113.2,58.6,1814.4,2664.4,2226.8,14.7,157.7,56332.0,163.6,48.7,10747.3,198.6,41.3,7315.6,3025.0,293.8,1158.5,12.6,20.7,195.3,962.0,12.9,747.0,3101.4,24.6
20181,5382.8,429.2,21704.5,1508.8,43425.8,431.7,753.9,180.6,32.7,2858.6,,1477.4,34.5,132.5,142.3,71.9,2520.8,2696.5,2615.5,38.4,1619.9,54608.8,157.8,38.6,8823.4,186.7,41.1,11168.3,9246.8,289.9,793.9,18.6,20.6,180.5,600.9,15.8,502.2,4925.6,22.9
20183,21715.3,867.6,8056.0,4530.9,40768.8,350.2,56.5,37.5,200.3,266.8,,644.0,26.6,44.4,76.2,114.4,3467.9,2752.8,418.3,20.1,102.9,26939.3,18.7,7.1,26447.8,399.7,36.3,4458.1,3648.5,14.6,1323.7,14.3,14.6,341.3,261.8,9.6,1282.8,3031.2,17.8
20185,4077.7,1166.8,1648.3,15766.1,25532.3,69.6,44.8,46.5,1.9,741.7,40.1,1814.0,232.8,86.8,55.9,224.7,2996.9,488.1,256.0,11.6,55.8,12684.2,114.6,501.7,11959.8,259.7,87.9,3840.7,1953.3,230.5,320.9,11.4,62.3,658.5,2019.9,19.9,240.1,1240.1,108.9
20187,10944.5,140.0,1242.4,2789.1,37087.5,,708.7,47.0,,186.4,,576.1,88.5,106.4,41.8,64.5,1622.4,884.9,1073.0,11.4,51.4,11676.6,85.2,20.0,10255.7,159.6,57.5,7279.2,1918.2,86.0,141.2,9.2,31.8,79.0,1783.1,5.7,106.5,572.1,51.2
20189,15114.7,313.5,1892.9,5720.6,62037.4,,1079.8,108.7,,348.4,,1066.4,156.2,164.2,74.4,142.4,2191.3,2029.2,1808.9,21.6,82.2,21078.6,135.0,44.9,17058.1,256.5,87.5,6972.4,3995.0,132.0,97.4,7.6,48.5,177.2,3115.6,8.4,183.6,3122.7,108.9
20191,7588.1,449.9,231.5,20593.9,31518.2,136.2,6.3,64.5,101.8,265.4,8.6,1398.9,188.0,27.6,33.1,160.5,4469.7,465.8,543.1,5.3,76.0,23967.9,64.0,1208.7,16721.7,152.5,12.3,1449.6,1955.2,35.0,236.8,37.2,8.7,256.9,1890.9,36.7,194.0,1997.7,170.8
20193,7504.3,404.1,23641.7,3895.9,54778.7,207.3,821.2,198.8,82.6,2828.8,,1548.8,31.5,146.9,128.1,70.5,2518.8,2853.0,2490.2,19.3,263.6,80276.9,178.9,29.1,11570.2,244.1,44.8,11785.9,4825.4,312.6,961.1,22.3,22.5,120.4,1008.4,18.4,610.5,4485.4,23.1
20195,20033.0,512.3,289.2,27672.9,58096.3,184.8,15.0,8.4,12.7,246.5,,414.3,24.5,47.1,27.5,58.7,4996.9,1665.7,202.5,7.6,78.5,24651.6,24.6,30.9,18594.4,35.9,1.7,6608.6,1535.1,45.7,401.0,11.2,1.7,122.3,857.5,6.5,1319.3,2940.5,7.2
20197,7217.9,855.5,2597.9,1573.5,13635.7,134.4,42.2,75.9,21.1,93.7,38.3,124.8,17.5,14.7,60.7,19.1,1033.1,2041.7,189.3,3.4,0.6,10051.5,33.7,25.2,2516.7,76.5,23.2,239.6,722.5,34.2,156.2,0.8,17.2,190.0,723.1,4.4,2730.6,1087.9,118.6
20199,29613.1,314.2,1628.5,3581.0,22484.4,1148.7,84.3,8.0,4.1,137.8,,950.3,7.9,75.4,13.6,23.4,4538.0,1994.3,1248.8,11.3,1670.2,19416.9,45.2,10.0,8777.3,72.3,9.6,5521.6,1028.2,246.9,350.5,7.6,9.6,52.6,1175.3,8.0,1095.5,3266.1,10.0
20201,21009.4,993.7,29443.2,5267.6,55976.2,428.1,206.3,113.3,190.8,719.0,,825.1,39.7,70.1,30.9,82.7,4612.0,3528.0,716.5,17.7,7.5,58899.9,65.8,7.7,27413.3,365.0,132.7,1989.5,5306.9,42.2,1314.7,8.5,53.3,382.9,397.2,9.3,1291.8,2666.2,24.8
20203,44436.3,239.4,1880.0,28264.8,74161.1,326.7,97.3,15.5,5.0,191.3,,1192.8,11.6,69.8,21.7,44.0,7512.8,2259.7,718.6,11.6,250.7,37544.0,48.3,12.1,25244.7,84.7,11.1,8714.7,1256.8,285.0,472.2,13.4,11.1,49.6,1939.1,11.6,690.7,3336.2,13.3
20205,1702.8,390.9,1065.3,4230.7,31261.6,281.4,10.2,59.4,14.5,159.5,,650.8,267.2,57.7,17.6,28.7,2351.4,959.1,93.8,3.8,,19224.2,147.9,132.9,14317.7,298.8,3.7,387.8,3715.4,101.5,98.8,4.6,7.8,112.8,1032.5,16.2,309.9,858.1,53.0
20207,1087.2,341.0,1064.0,1660.8,12285.3,163.0,10.2,45.5,13.5,108.0,,268.7,131.8,61.4,12.5,12.4,1442.3,606.5,57.1,3.5,,9694.8,93.7,44.1,4910.1,141.0,3.7,217.7,1914.2,65.7,112.7,1.6,7.8,66.7,675.0,6.8,357.5,486.4,33.5
20209,517.8,10.4,635.9,376.5,1212.2,6.5,2.8,14.9,62.1,4.5,30.7,14.5,0.7,,2.1,2.2,84.1,30.1,17.3,0.9,2.0,1312.4,3.2,28.2,313.5,4.9,1.0,17.8,100.2,1.4,37.6,,,3.9,13.8,0.3,23.8,55.3,0.9
21001,3238.7,748.1,316.3,199.9,3886.9,1.6,6.3,3.7,2.8,145.5,16.8,226.9,0.9,6.5,3.3,6.9,59.4,47.5,133.8,0.2,,2157.4,12.2,8.8,345.7,56.2,18.8,483.3,250.1,43.5,27.8,14.5,1.8,99.8,23.9,1.0,171.2,3.2,7.4
21003,4211.9,943.7,164.4,156.7,2088.5,18.7,3.3,2.8,68.4,364.6,837.5,152.3,3.8,3.4,2.1,9.0,34.4,24.7,117.1,1.2,80.4,2036.6,11.2,10.8,294.1,57.1,9.8,292.6,194.7,34.7,36.2,20.4,1.0,72.2,22.1,1.3,222.7,14.7,4.7
21005,346.8,111.4,54.1,20.2,478.7,0.1,0.7,0.5,18.9,87.7,17.8,87.8,0.3,0.1,1.5,1.6,5.8,6.7,98.6,0.3,2.4,433.6,8.5,16.4,72.2,31.2,4.5,128.7,172.8,7.1,168.5,0.7,,114.0,4.8,0.2,16.4,6.3,4.1
21007,2697.6,28.1,1851.1,890.2,12082.3,149.8,158.2,230.9,86.7,260.4,32.8,823.4,94.4,2.4,4.8,151.3,173.7,1021.6,19.9,3.0,94.7,22772.8,85.9,38.1,6696.2,131.8,70.2,2110.5,4169.9,45.9,28.3,12.6,27.0,11.8,133.8,256.3,41.0,566.3,4.6
21009,4956.1,1179.2,741.6,576.9,9148.7,7.2,14.7,8.7,19.1,458.3,119.5,622.8,6.1,15.3,9.2,22.5,140.9,111.3,417.9,1.3,9.9,6153.9,41.4,29.8,953.7,191.4,44.0,1187.3,559.0,137.9,40.4,69.3,4.2,305.9,68.6,4.5,248.6,12.7,21.4
21011,418.1,123.7,175.2,78.7,1547.0,1.1,2.2,1.5,38.6,119.9,34.9,141.8,2.4,0.5,2.2,2.7,9.3,21.3,112.1,0.5,5.4,1352.1,23.1,19.4,249.6,41.2,14.5,263.2,479.1,7.9,177.1,0.5,0.1,139.0,15.5,0.3,17.2,58.4,5.4
21013,26.5,0.8,2.2,2.3,37.6,,,,1.1,0.4,3.0,5.1,,0.2,,0.1,0.5,0.8,0.4,0.2,,9.8,0.2,,4.0,0.1,0.1,8.8,5.7,0.9,5.1,,,,1.2,,5.0,,
21015,370.4,189.6,366.4,302.0,2494.1,12.5,3.1,1.3,58.1,121.5,221.5,1750.6,5.8,5.8,2.5,3.5,27.2,27.5,110.7,2.8,8.1,3035.3,64.3,147.0,1333.7,42.7,3.5,604.2,269.2,56.8,,0.5,0.3,123.2,65.9,0.6,17.1,72.7,5.3
21017,971.4,315.7,266.1,122.4,2338.3,2.1,3.4,2.2,43.0,301.4,30.6,307.6,4.4,0.7,5.3,8.6,21.4,30.6,321.0,0.3,3.5,2452.5,42.0,53.3,380.9,110.0,22.0,503.8,873.2,13.3,426.7,7.2,0.1,384.5,23.6,1.9,41.4,106.3,14.1
21019,351.8,18.5,11.3,9.6,189.6,2.3,0.2,0.1,3.0,15.8,24.2,34.8,,0.9,0.3,0.4,4.8,2.8,16.7,0.8,0.3,102.1,1.5,1.9,16.9,5.5,0.8,49.4,30.5,1.5,81.9,,0.1,12.9,3.4,,80.8,0.3,0.7
21021,368.8,119.9,172.0,65.5,1514.1,0.6,2.2,1.4,18.9,128.5,29.4,140.5,1.3,0.5,2.4,3.0,9.4,20.1,127.6,0.2,1.4,1041.3,21.2,20.9,227.4,44.5,14.2,268.8,285.0,8.3,158.9,1.6,0.1,150.2,15.3,0.5,15.4,31.0,6.0
21023,501.9,299.2,245.0,163.1,1641.9,0.8,1.5,0.9,22.7,160.5,6.4,1298.9,0.6,3.9,2.8,1.8,30.6,11.8,179.2,0.1,0.3,1483.0,44.4,250.0,840.8,57.8,2.3,458.0,443.8,58.7,,0.1,0.1,208.4,28.6,0.2,26.6,11.1,7.6
21025,549.6,20.9,14.2,11.7,287.7,3.2,0.3,0.2,7.6,6.7,35.3,34.2,,1.2,0.2,1.2,7.0,3.3,4.7,1.0,0.5,141.3,1.4,0.6,63.1,2.5,0.9,70.0,75.9,2.1,129.6,,0.1,4.9,3.8,,127.9,0.7,0.3
21027,5633.3,1158.5,739.1,843.5,9113.6,12.3,14.7,9.1,15.7,207.2,38.1,342.8,15.8,15.3,5.4,15.0,136.9,111.0,132.6,0.4,3.6,9410.9,56.3,13.2,1279.8,182.0,43.9,1076.7,542.9,49.7,43.2,35.0,4.2,109.4,58.8,3.0,265.7,24.4,10.2
21029,1564.2,333.2,151.3,215.9,1858.7,4.1,3.0,1.7,7.2,81.3,18.8,115.2,5.1,3.1,1.7,3.4,28.5,22.7,75.4,0.3,0.8,2556.7,17.2,7.3,308.9,66.5,9.0,245.6,121.5,25.0,11.8,9.0,0.9,57.7,12.4,0.8,72.8,7.4,3.9
21031,3863.0,744.1,771.4,827.8,9480.7,11.0,15.3,9.1,8.9,110.6,2.8,199.6,13.7,16.0,4.0,8.9,138.9,115.8,22.5,0.1,,8780.6,50.1,1.4,1252.5,140.8,45.8,1039.7,228.1,16.0,28.3,14.1,4.4,28.5,56.5,1.8,174.4,22.4,6.2
21033,745.1,33.8,2475.6,931.2,10257.3,52.4,30.3,102.0,99.2,136.4,18.6,621.6,122.3,1.6,2.0,30.6,145.3,890.2,86.9,3.5,55.0,12449.1,264.9,23.6,2384.4,159.3,24.9,780.0,4036.4,45.1,15.6,113.8,0.2,57.7,149.2,27.9,32.5,654.0,5.8
21035,4260.0,37.9,3128.3,1237.2,19056.0,198.7,267.0,431.6,127.6,356.3,46.9,1297.2,94.2,4.0,6.2,292.1,252.1,1563.2,19.2,5.0,107.7,26486.5,118.3,41.2,10087.5,185.6,118.6,3364.7,6574.2,64.6,42.3,25.2,45.6,13.8,226.2,511.6,61.2,680.9,4.9
21037,332.1,163.4,122.7,89.5,815.5,1.4,1.0,0.4,32.7,53.0,87.2,622.9,1.7,1.9,1.0,0.8,18.1,6.5,59.5,0.7,2.7,1164.4,21.9,72.3,435.2,19.4,1.2,232.0,64.8,29.9,,0.2,0.1,60.0,15.6,0.2,16.5,20.5,2.3
21039,2172.0,25.7,1949.5,1089.0,13950.2,146.8,166.0,167.3,67.5,198.7,14.5,731.6,52.4,2.5,3.4,92.0,163.1,1089.7,7.9,3.5,80.1,21602.0,74.2,1.7,7964.0,114.4,73.9,2205.7,4279.6,50.1,25.4,7.1,28.4,9.4,141.0,137.2,36.8,526.7,4.0
21041,353.1,176.3,177.8,139.8,1182.2,2.9,1.0,0.6,20.2,56.7,15.1,862.4,2.3,2.8,1.0,1.4,21.1,9.5,56.4,0.3,0.4,2141.6,32.9,78.5,627.5,21.5,1.7,290.2,270.6,20.4,,0.5,0.1,68.5,23.0,0.6,17.7,54.7,2.7
21043,659.3,45.1,17.9,17.2,304.8,1.8,0.4,0.2,20.9,52.2,57.4,104.5,,1.5,0.9,1.9,17.1,5.3,58.7,1.4,2.1,448.4,3.6,7.2,37.5,20.6,1.2,101.1,155.5,4.2,154.1,0.2,0.2,44.0,7.5,0.2,152.0,1.2,2.4
21045,4133.8,959.5,213.4,164.1,2663.1,10.0,4.2,3.0,41.7,339.3,438.0,291.1,2.2,4.4,3.7,8.1,42.2,32.0,215.1,0.6,45.8,2123.9,14.4,15.5,294.7,78.7,12.7,411.3,327.5,66.2,35.3,14.3,1.2,147.0,22.1,1.0,216.9,8.8,9.2
21047,2159.0,71.4,8523.8,1954.6,35248.7,188.0,103.8,654.4,327.3,470.1,613.4,1624.3,238.0,5.6,5.3,167.1,531.2,2803.5,163.1,11.7,214.7,31409.5,778.6,53.5,7522.2,405.0,85.8,2295.5,13238.6,118.8,32.3,851.6,0.8,109.1,513.7,203.7,67.1,1629.8,15.1
21049,701.3,193.3,156.7,55.1,1378.2,0.3,2.0,1.3,27.4,116.5,15.9,142.5,0.7,0.4,2.2,3.4,13.3,18.2,115.5,0.2,0.5,1029.8,18.4,18.9,200.3,39.6,13.0,245.8,464.0,7.3,336.9,2.0,0.1,142.4,13.9,0.6,32.7,17.4,5.4
21051,301.4,10.6,55.3,40.1,908.0,4.5,1.1,0.6,16.0,19.7,71.8,108.5,,4.6,0.5,1.4,10.4,10.6,10.2,2.7,1.4,436.8,4.9,1.3,70.7,6.3,3.7,200.3,217.1,4.3,45.3,,0.5,8.9,9.4,,44.6,1.7,0.8
21053,1429.6,321.5,59.7,49.2,750.5,1.2,1.2,1.0,3.5,41.4,32.6,69.0,0.8,1.2,0.7,2.9,12.2,9.0,34.2,0.2,2.2,654.1,3.5,2.9,91.2,17.0,3.5,107.6,150.3,11.3,12.3,5.2,0.3,26.2,5.9,0.3,75.7,1.1,1.7
21055,928.0,57.5,921.1,406.5,3823.4,19.9,11.3,28.4,48.4,63.5,136.1,240.9,55.6,0.6,1.4,10.3,57.8,340.5,43.1,1.6,25.1,4908.8,104.9,9.4,909.1,75.8,9.3,306.9,1483.3,20.9,29.8,26.8,0.2,39.4,55.5,6.7,62.0,252.0,3.1
21057,1092.1,244.2,62.6,53.9,770.4,2.5,1.2,0.7,2.3,40.5,25.6,63.8,0.7,1.3,0.8,1.6,11.9,9.4,36.3,0.3,1.3,665.1,4.0,2.5,86.4,17.9,3.7,102.7,108.8,11.9,9.2,1.4,0.4,27.6,5.9,0.1,56.5,1.3,1.8
21059,1471.3,57.2,8388.4,2666.2,34764.9,181.3,101.9,164.2,290.6,246.5,627.0,1127.1,233.7,5.5,6.0,73.3,470.6,3001.0,55.7,17.7,249.7,47528.0,785.5,40.2,8593.1,369.9,84.8,2574.0,14119.5,90.1,20.6,167.9,1.4,93.4,505.5,43.0,42.8,2593.3,15.8
21061,1937.5,415.6,89.9,148.7,1108.5,3.3,1.8,1.0,3.3,46.8,15.4,70.2,3.7,1.9,1.0,2.3,17.7,13.5,40.1,0.3,1.0,1859.8,11.8,4.1,209.3,42.8,5.3,144.4,127.1,13.7,15.7,4.5,0.5,33.2,8.9,0.5,96.9,5.9,2.2
21063,310.5,16.3,9.9,7.4,234.3,2.3,0.2,0.1,8.9,14.3,26.6,39.5,,0.8,0.3,1.4,4.2,2.0,14.7,0.7,0.6,315.1,1.4,1.8,69.7,5.4,0.7,66.8,90.6,1.2,72.4,,0.1,11.7,1.9,,71.4,0.3,0.7
21065,419.9,31.6,42.3,37.2,686.1,1.4,0.8,0.5,11.8,56.0,26.3,126.4,1.1,3.5,0.9,1.0,9.5,6.6,52.4,2.2,3.5,489.7,7.2,8.2,72.6,19.5,2.8,188.7,146.9,5.9,76.5,0.1,0.4,38.9,3.7,0.1,75.5,25.6,2.3
21067,808.8,203.6,193.9,102.5,1719.8,1.9,2.5,1.6,40.4,119.0,79.4,159.5,4.0,0.5,2.3,5.7,15.9,24.7,109.7,0.7,4.0,1908.3,27.6,18.5,301.9,44.2,16.0,286.0,675.1,9.8,356.4,3.9,0.1,141.1,17.2,1.1,34.6,102.4,5.4
21069,714.2,369.1,288.0,137.9,2581.7,2.6,3.7,2.4,39.0,542.8,8.1,471.8,5.5,0.8,9.3,6.6,15.9,32.4,620.2,0.3,1.5,2799.1,56.9,101.3,459.1,202.0,23.8,748.8,678.1,21.5,288.6,2.1,0.1,712.4,25.5,0.8,28.0,133.5,25.9
21071,80.2,2.2,19.4,13.6,316.6,,0.4,0.2,1.7,5.7,5.9,34.0,,1.6,0.2,0.3,3.4,3.5,2.8,0.8,,60.9,1.7,0.2,21.8,1.3,1.3,70.9,45.0,2.2,9.0,,0.2,1.6,2.8,,8.9,,0.2
21073,248.2,86.7,40.2,25.6,372.7,0.3,0.5,0.3,25.6,78.6,48.3,90.0,0.7,0.1,1.4,1.9,3.9,7.7,90.1,0.6,1.4,553.7,7.9,14.7,72.6,29.8,3.3,107.2,336.1,5.5,117.2,0.1,,109.5,3.6,0.1,11.4,17.0,3.7
21075,2836.6,23.3,2011.4,1023.5,12936.9,218.0,171.3,284.8,63.4,170.3,,653.7,51.7,2.6,2.7,189.2,162.1,1227.8,1.8,2.4,140.0,36529.9,82.8,0.4,7301.1,123.4,76.3,2417.0,4986.1,41.2,7.9,16.4,29.3,14.9,145.5,334.7,11.4,849.3,2.4
21077,269.4,135.6,121.1,97.9,805.7,2.2,0.7,0.4,7.8,44.5,11.3,587.6,1.8,1.9,0.8,0.9,15.6,6.6,46.0,0.2,,1642.3,23.1,63.9,430.1,17.4,1.2,201.7,149.3,16.3,,0.3,0.1,54.8,15.8,0.4,13.5,43.6,2.1
21079,607.1,207.2,155.1,57.1,1370.7,0.5,2.0,1.3,26.9,193.5,14.3,190.5,1.0,0.4,3.4,3.5,11.8,18.1,208.9,0.3,2.6,1167.6,22.2,34.8,206.6,68.4,12.8,308.5,415.8,9.1,286.9,1.6,0.1,246.5,13.8,0.5,27.8,23.3,9.1
21081,705.9,392.5,62.9,46.2,430.5,0.9,0.4,0.2,22.7,137.9,22.5,491.6,0.6,1.0,2.3,1.3,33.7,3.6,165.3,0.3,1.0,1249.2,16.2,230.2,226.7,51.9,0.6,195.9,345.4,53.2,,0.1,,191.7,8.7,0.1,38.0,8.5,6.6
21083,4802.1,49.2,4957.4,2072.6,31067.6,310.7,422.3,434.6,174.1,450.2,76.8,1841.9,81.3,6.4,7.3,258.1,372.6,2493.3,10.9,9.7,152.8,40709.6,165.0,14.5,16646.1,264.1,188.0,5317.3,10349.0,101.1,49.5,20.4,72.2,20.2,358.5,403.9,71.7,1026.5,5.9
21085,4408.8,951.7,468.1,469.9,5740.0,7.6,9.3,5.3,7.2,169.8,71.2,234.4,7.5,9.7,3.8,7.8,86.9,70.3,121.2,0.5,5.3,5254.1,31.3,8.6,712.1,113.6,27.8,677.8,286.1,40.2,35.7,16.6,2.7,94.4,34.7,1.5,219.6,12.4,7.8
21087,2868.3,655.2,216.7,169.3,2661.3,1.4,4.3,2.5,6.6,121.4,2.0,217.0,2.2,4.5,2.6,5.5,41.1,32.5,123.4,,0.3,2000.5,12.3,9.8,275.0,55.1,12.9,369.4,330.4,38.4,24.3,8.9,1.2,88.1,15.9,0.7,149.5,2.8,6.0
21089,653.9,42.5,36.2,32.5,607.7,4.1,0.7,0.4,33.5,58.5,108.4,189.3,0.1,3.0,1.1,1.8,10.4,9.3,77.3,4.0,3.0,489.5,5.4,7.7,60.5,21.0,2.4,222.7,154.5,29.3,129.0,0.7,0.3,45.8,11.6,,127.3,5.0,2.7
21091,376.4,19.3,645.9,663.2,2705.5,14.6,7.8,38.6,27.2,40.0,3.8,260.5,45.4,0.4,0.6,10.1,43.1,304.8,28.9,0.9,24.1,5337.8,80.3,1.9,740.0,49.5,6.5,288.2,1233.3,13.3,9.2,31.3,0.1,20.0,38.9,7.9,19.2,275.9,2.8
21093,5066.2,1004.7,1390.3,1572.5,17079.1,23.3,27.6,16.2,10.6,457.6,48.2,635.8,28.1,28.8,11.4,21.3,250.8,208.7,351.9,0.5,2.5,16889.6,109.0,25.2,2347.9,374.7,82.5,2029.6,586.5,118.4,32.7,46.3,7.9,270.3,104.2,4.7,201.4,45.0,23.2
21095,46.7,0.2,8.9,5.6,143.8,0.5,0.2,0.1,3.5,1.8,3.2,35.7,,0.7,,0.1,1.4,1.3,7.1,0.9,,44.2,0.7,,9.5,0.4,0.6,55.1,20.6,10.2,1.1,,0.1,0.1,0.6,,1.1,,0.1
21097,668.5,236.1,222.9,104.2,1960.5,1.8,2.9,1.9,34.7,255.1,16.3,266.2,3.8,0.6,4.5,4.0,13.5,25.8,275.5,0.3,0.9,1966.5,35.6,45.0,319.7,93.1,18.4,430.4,712.6,13.3,288.6,1.0,0.1,326.5,19.8,0.4,28.0,91.9,12.0
21099,4269.4,1100.7,237.6,163.8,2958.2,2.9,4.7,3.5,9.9,442.6,101.6,571.0,1.3,4.9,7.4,8.4,45.2,35.7,477.7,0.2,9.1,2258.8,24.3,31.4,305.4,162.1,14.1,587.9,452.1,149.0,36.7,2.2,1.4,344.7,18.6,0.3,225.7,4.8,20.2
21101,841.9,29.6,5666.1,2465.7,23458.6,126.7,71.2,77.4,185.6,192.8,36.8,718.5,223.9,3.7,2.9,36.5,328.3,2196.5,61.0,8.1,200.8,41700.3,585.0,123.4,6320.9,265.4,57.0,1956.8,10086.1,62.9,6.8,50.5,0.5,54.5,341.5,15.5,14.1,2291.0,10.6
21103,705.2,403.7,584.9,440.9,3864.5,5.2,3.5,2.0,45.9,269.9,47.5,2895.0,7.7,9.2,4.8,4.1,49.0,27.4,290.3,0.3,1.9,6366.4,111.1,400.7,2049.8,103.4,5.6,1017.2,665.1,100.1,,1.6,0.4,336.1,66.5,1.8,33.5,168.9,12.7
21105,2712.7,21.8,3236.4,1273.0,19711.9,200.7,275.6,306.2,103.9,285.7,,1063.5,48.2,4.2,4.6,188.0,184.0,1607.6,5.0,3.9,96.3,25962.5,106.1,1.1,10417.5,166.0,122.7,3450.7,6701.1,60.3,15.2,14.8,47.1,10.6,234.0,304.8,22.0,662.3,3.3
21107,884.2,46.5,2465.5,1301.2,10241.0,54.7,29.7,52.6,66.3,68.5,12.8,281.4,79.8,1.6,1.1,18.7,146.4,977.1,14.1,3.6,79.0,17200.6,242.4,1.7,2687.2,102.7,24.9,857.2,4312.4,22.8,21.2,37.3,0.2,15.9,148.6,10.2,44.1,929.3,5.4
21109,575.7,37.7,49.1,32.2,797.1,0.5,1.0,0.6,16.0,53.8,16.9,145.2,,4.1,1.0,1.2,12.0,7.9,53.8,1.9,0.7,688.5,6.0,6.4,52.3,18.2,3.3,207.2,231.0,4.3,117.1,0.1,0.4,39.5,4.8,,115.5,0.3,2.5
21111,860.0,184.8,66.3,95.1,819.9,9.1,1.3,0.7,49.9,55.9,105.4,79.1,4.8,1.4,0.9,2.6,12.9,10.0,46.2,1.0,3.3,1194.5,7.8,14.0,145.1,34.2,3.9,123.6,51.6,17.7,6.6,6.2,0.4,34.6,7.6,0.5,40.5,3.7,2.1
21113,388.7,121.2,87.2,38.9,799.8,0.5,1.1,0.7,31.4,98.6,21.2,117.1,1.0,0.2,1.8,2.6,7.0,11.2,107.1,0.4,0.5,813.0,13.0,17.4,144.8,35.7,7.2,177.8,437.9,7.2,180.8,0.7,,130.3,7.7,0.2,17.5,25.2,4.6
21115,162.7,6.6,5.1,8.9,97.8,4.1,0.1,0.1,10.7,3.9,58.2,23.5,,0.4,0.1,0.8,2.2,3.3,4.4,1.2,0.9,147.3,0.5,0.5,21.4,2.2,0.3,24.9,50.1,3.9,36.6,,0.1,3.6,6.4,,36.1,0.9,0.2
21117,240.8,144.6,54.3,38.0,364.6,0.8,0.5,0.2,10.1,76.4,15.4,337.2,0.4,0.9,1.3,0.8,12.7,3.4,87.3,0.3,1.0,453.0,11.4,121.9,192.5,27.4,0.5,131.3,105.2,29.2,,0.2,,100.0,8.1,0.2,12.9,,3.6
21119,84.5,2.8,4.4,2.8,71.0,,0.1,,,0.9,,6.5,,0.4,,,1.4,0.7,,0.1,,20.9,0.4,,4.3,0.1,0.3,15.3,9.7,0.2,18.8,,,0.1,0.3,,18.5,,
21121,280.0,9.0,52.3,33.5,846.1,6.3,1.0,0.6,6.6,18.6,67.2,97.3,,4.3,0.4,0.7,11.1,8.0,8.8,2.6,1.2,243.3,4.6,1.5,57.2,4.8,3.5,191.9,148.3,4.6,40.6,0.3,0.5,7.5,4.2,0.1,40.0,0.7,0.7
21123,2865.4,574.0,757.4,850.3,9327.2,12.3,15.0,9.1,15.1,244.8,17.6,374.5,15.2,15.7,6.1,11.6,136.2,113.7,189.7,0.5,1.2,9092.3,58.3,14.7,1285.5,199.6,45.0,1127.4,350.3,67.0,19.0,19.7,4.3,143.6,59.4,2.2,116.9,24.0,12.4
21125,826.1,53.3,89.8,76.9,1724.2,2.0,1.8,1.0,24.4,80.9,52.7,238.2,1.3,7.4,1.6,5.6,19.7,17.2,78.5,3.8,1.0,1174.5,12.5,8.9,327.0,28.4,6.0,444.4,352.7,9.4,151.9,0.2,0.8,57.9,15.1,0.1,149.8,32.3,3.8
21127,347.1,20.2,10.5,14.2,189.8,5.9,0.2,0.1,18.7,22.5,128.6,56.6,,0.9,0.4,1.2,4.5,5.0,25.1,2.0,5.8,267.7,1.7,3.4,35.0,9.5,0.7,60.5,58.4,7.2,78.4,0.1,0.1,18.4,8.8,,77.3,8.1,1.0
21129,115.5,8.2,5.1,3.4,83.3,0.5,0.1,0.1,2.2,10.5,9.8,22.7,,0.4,0.2,0.2,1.7,0.9,12.1,0.3,0.1,132.6,0.8,1.4,7.9,4.4,0.3,27.2,25.2,1.4,25.6,,0.1,8.6,0.6,,25.3,,0.5
21131,13.5,0.4,1.3,0.9,21.7,,,,0.2,0.3,,2.2,,0.1,,,0.3,0.2,,,,5.3,0.1,,1.3,,0.1,4.7,4.5,0.1,2.7,,,,0.1,,2.6,,
21133,16.5,0.5,0.7,3.5,19.7,8.2,,,3.1,0.1,65.7,4.7,,0.1,,0.3,0.2,1.5,0.5,1.1,,86.4,0.1,,10.5,0.3,,4.1,7.1,1.6,3.2,,,1.6,3.3,,3.1,,
21135,800.5,76.8,73.9,80.3,1200.3,2.5,1.5,0.8,20.8,125.9,23.2,268.0,3.4,6.1,2.2,4.7,74.8,12.0,137.3,2.8,0.3,1463.8,17.1,15.8,154.1,50.1,4.9,349.8,360.1,6.8,143.7,1.0,0.7,101.8,7.4,1.1,141.7,83.2,6.0
21137,774.1,304.1,592.8,240.1,5221.8,2.7,7.6,5.0,36.6,459.0,74.2,469.2,5.8,1.6,8.6,8.6,25.1,70.1,462.3,1.0,2.3,3442.1,76.3,75.0,805.0,161.7,49.0,940.4,647.9,31.7,279.3,3.5,0.3,530.7,52.6,1.2,27.1,140.3,21.4
21139,2900.0,61.3,403.4,330.0,3429.9,50.8,34.4,62.3,21.5,79.7,33.7,214.9,40.0,0.5,1.6,40.0,46.8,287.8,8.9,2.2,34.8,9025.3,27.0,4.1,2133.6,40.4,15.3,536.0,1064.3,15.6,96.0,4.2,5.9,4.3,29.2,67.9,139.0,215.3,2.1
21141,1842.3,63.0,5893.8,1634.2,24379.6,124.3,71.1,559.5,186.4,240.7,73.8,1151.4,195.8,3.8,3.7,136.0,398.6,2021.3,111.1,7.5,121.5,27373.0,565.9,9.5,5534.2,294.8,59.3,1699.1,9528.5,76.3,28.3,735.0,0.5,80.4,355.2,176.5,58.8,1430.4,10.7
21143,780.8,15.5,417.4,164.3,2544.0,26.1,35.5,25.6,20.7,73.3,6.4,211.0,28.3,0.5,1.4,14.2,24.8,206.9,7.6,1.2,12.4,3327.7,20.8,1.5,1344.7,32.8,15.8,452.9,871.6,10.0,23.5,0.9,6.1,2.1,30.2,17.1,34.0,95.1,1.3
21145,1635.3,22.5,757.7,584.6,5980.7,115.0,65.2,95.1,45.5,89.0,84.0,321.2,41.2,1.0,1.5,58.5,86.8,567.5,5.0,3.1,91.9,20862.8,41.4,41.0,3712.5,64.7,28.7,1030.2,2174.5,26.1,20.0,5.1,11.0,10.3,54.8,96.7,28.9,477.2,2.1
21147,90.7,5.2,1.7,2.4,26.7,0.1,,,0.2,4.3,,7.4,0.1,0.1,0.1,,1.0,0.2,4.9,0.1,,41.3,0.6,0.6,4.5,1.7,0.1,9.0,6.3,0.2,21.3,,,3.8,0.1,,21.0,3.4,0.2
21149,695.1,25.4,3928.9,1357.1,16252.9,85.3,47.5,115.1,93.7,99.6,9.4,413.8,103.9,2.6,1.6,37.5,229.9,1433.8,11.6,4.9,108.8,23819.8,367.1,9.6,4062.0,149.6,39.5,1222.0,6683.8,30.3,8.5,128.0,0.3,17.0,236.8,32.3,17.7,1301.1,6.3
21151,962.0,259.9,174.2,58.1,1535.0,0.3,2.2,1.5,44.3,135.4,31.8,172.2,0.6,0.5,2.5,3.0,16.0,19.8,132.5,0.3,4.6,1194.4,20.1,22.6,224.5,45.6,14.4,280.0,694.3,9.1,473.8,0.4,0.1,168.1,15.4,0.2,46.0,13.4,6.2
21153,205.1,10.2,27.8,17.8,450.5,0.9,0.6,0.3,6.4,15.8,9.9,61.5,,2.3,0.3,0.5,5.7,4.3,12.6,1.1,,323.8,2.7,1.4,34.6,6.5,1.8,105.4,117.4,1.5,36.3,,0.3,10.1,2.2,,35.8,,0.7
21155,4000.8,866.1,473.8,515.0,5819.1,9.1,9.4,5.5,17.6,235.0,119.8,297.7,8.7,9.8,4.5,9.5,88.2,71.1,177.5,0.1,12.3,5842.3,37.1,11.0,774.4,136.8,28.1,730.1,352.0,56.4,31.4,23.2,2.7,130.9,35.0,1.9,193.0,16.1,9.9
21157,2112.8,32.6,854.3,461.6,5692.1,93.0,72.7,106.1,36.1,117.8,2.5,356.6,49.6,1.1,2.2,69.0,106.5,527.1,9.2,2.0,59.3,15676.1,44.1,1.9,3253.8,66.2,32.4,1041.7,2121.8,21.4,41.7,5.8,12.4,7.1,61.8,116.6,60.3,371.8,2.2
21159,75.1,2.8,,,,,,,,,,,,,,,0.7,,,,,9.0,,,,,,,,,18.8,,,0.1,,,18.6,,
21161,527.9,278.2,330.9,154.0,2909.0,2.7,4.2,2.8,34.0,451.0,23.1,414.9,5.6,0.9,7.9,6.5,15.1,38.2,495.8,0.3,1.8,2749.9,56.1,81.4,474.5,166.1,27.4,687.9,767.6,17.7,187.7,2.6,0.1,576.5,29.3,0.9,18.2,135.9,21.4
21163,3424.7,751.5,592.1,657.6,7262.5,10.5,11.8,6.6,7.4,293.2,63.5,377.0,12.1,12.3,6.3,13.5,110.9,88.9,261.5,0.2,3.7,7329.2,49.3,19.7,978.6,189.9,35.2,915.2,245.1,84.8,25.2,47.4,3.4,195.1,44.8,3.5,155.2,18.8,14.2
21165,253.2,13.0,22.2,17.1,421.1,0.5,0.4,0.2,11.0,18.1,18.7,63.5,,1.8,0.3,1.5,5.3,4.7,16.6,1.3,1.1,240.4,2.4,2.3,72.0,5.6,1.5,110.8,106.5,4.9,49.8,,0.2,11.5,4.8,,49.1,0.1,0.8
21167,647.6,267.4,192.2,74.8,1692.5,0.7,2.5,1.6,33.1,315.2,37.5,285.5,1.6,0.5,5.4,4.0,12.9,22.6,351.7,0.5,4.4,1421.6,31.6,58.5,258.6,114.4,15.9,443.6,471.4,14.2,299.2,1.0,0.1,407.8,17.0,0.4,29.0,38.2,14.9
21169,2582.4,613.6,158.8,115.9,1948.1,1.3,3.2,1.8,10.0,158.7,20.4,229.3,3.0,3.3,2.9,4.4,30.3,23.8,165.1,0.1,1.7,1480.2,11.2,19.1,191.2,62.8,9.4,298.5,252.9,52.6,22.0,4.8,0.9,121.5,12.1,0.4,135.1,2.0,7.5
21171,3968.3,890.0,250.1,153.4,3091.2,2.6,5.0,3.0,11.6,100.3,53.3,148.4,2.1,5.2,2.2,6.1,48.2,37.5,69.9,0.7,4.0,1737.4,7.5,11.7,277.7,31.8,14.8,364.6,203.0,25.1,34.5,11.6,1.4,55.5,23.9,0.8,212.3,1.1,4.4
21173,376.8,118.3,83.7,28.5,786.3,0.1,1.1,0.7,32.6,94.4,23.2,117.0,0.1,0.2,1.7,2.3,6.6,10.2,105.1,0.4,1.7,587.4,10.8,16.7,142.4,32.9,6.9,183.0,372.4,10.6,180.7,0.2,,123.4,7.4,0.1,17.5,3.6,4.4
21175,558.0,39.2,24.5,17.8,450.7,1.8,0.5,0.3,24.7,53.9,53.8,117.3,,2.0,0.9,2.1,8.5,4.7,54.8,1.8,3.8,569.8,4.0,8.1,79.2,20.6,1.6,140.5,214.7,4.3,125.6,0.1,0.3,41.7,4.2,0.1,123.9,0.8,2.3
21177,805.1,44.1,2091.5,599.3,8654.2,43.2,25.3,41.3,61.7,61.3,47.3,317.7,46.7,1.4,1.1,17.0,114.3,714.2,17.6,2.7,48.2,8828.4,184.9,6.7,1920.6,84.6,21.1,592.3,3327.8,19.9,21.9,39.0,0.2,17.1,126.0,10.0,45.5,466.8,3.7
21179,4271.5,901.8,853.2,1007.6,10496.2,15.6,16.9,10.3,16.3,373.6,37.3,506.8,18.8,17.7,8.4,17.4,157.2,128.1,324.1,0.1,2.8,11208.9,75.0,22.9,1505.6,274.5,50.7,1316.6,455.5,106.4,29.7,49.7,4.9,246.4,62.2,4.1,182.7,30.2,18.5
21181,442.0,176.8,73.9,22.9,664.1,,0.9,0.6,25.2,181.0,1.7,167.3,0.1,0.2,3.1,3.0,7.9,8.4,210.2,,,609.2,13.9,34.4,101.6,66.2,6.1,225.9,396.4,5.1,218.6,1.5,,247.8,6.6,0.4,21.2,1.4,8.7
21183,842.5,47.2,2111.1,607.4,8734.9,45.3,25.4,16.3,63.5,71.9,10.8,343.5,68.0,1.4,1.1,12.5,117.3,743.5,26.6,3.0,52.3,11627.8,203.8,2.5,2115.4,97.3,21.3,633.5,3541.4,24.4,22.8,8.7,0.2,21.8,127.2,3.0,47.5,628.8,3.4
21185,480.7,203.7,634.6,501.4,4189.7,7.5,3.7,2.2,9.6,114.9,35.4,2823.5,10.6,10.0,2.3,4.4,40.1,29.8,94.5,0.3,0.9,7820.5,116.6,127.7,2239.1,47.1,6.1,961.7,150.0,39.4,,4.4,0.4,110.6,72.2,4.6,18.8,242.1,5.1
21187,885.0,482.8,87.1,60.7,584.7,0.6,0.6,0.3,26.8,157.4,11.3,641.5,0.6,1.4,2.6,1.9,42.6,4.3,187.5,0.1,0.6,1433.2,20.8,260.8,302.1,58.8,0.8,246.0,492.9,60.4,,0.5,0.1,218.6,10.5,0.6,47.5,9.6,7.5
21189,151.9,5.2,10.6,11.6,185.1,7.7,0.2,0.1,16.5,3.7,112.9,31.6,,0.9,0.1,0.9,2.8,3.8,2.1,1.7,4.1,249.5,0.9,0.3,35.6,4.5,0.7,41.8,89.6,3.1,31.4,,0.1,3.7,5.9,,31.0,4.0,0.1
21191,873.4,471.9,89.1,64.6,596.8,0.6,0.6,0.3,17.5,146.7,11.6,603.6,1.0,1.4,2.5,1.5,42.0,4.1,174.8,0.1,0.5,1693.8,21.3,243.0,310.6,55.5,0.9,238.0,303.9,56.1,,0.4,0.1,202.1,10.0,0.4,46.8,19.8,7.0
21193,39.2,2.7,4.4,3.2,72.1,1.4,0.1,,0.5,4.2,9.7,11.0,,0.4,0.1,0.1,1.0,0.8,4.1,0.3,,18.6,0.5,0.5,5.6,1.4,0.3,17.8,12.2,0.4,7.4,,,3.3,0.7,,7.3,,0.2
21195,54.0,1.7,10.8,6.8,173.9,,0.2,0.1,0.4,3.3,3.3,17.4,,0.9,0.1,0.1,2.0,1.6,1.4,0.5,,123.3,0.9,0.2,16.6,2.4,0.7,38.2,24.3,0.5,7.7,,0.1,1.5,0.8,,7.6,,0.1
21197,276.5,15.3,5.7,64.1,94.3,4.0,0.1,0.1,4.4,8.2,9.4,22.3,6.5,0.5,0.2,0.3,2.4,1.1,8.5,0.3,0.1,1129.2,12.1,1.0,141.0,10.3,0.4,37.3,95.8,0.6,40.6,,0.1,10.5,1.0,0.2,40.1,156.3,0.4
21199,2338.6,134.1,468.5,390.9,7871.5,4.9,9.3,5.3,41.2,274.7,154.2,986.3,9.3,38.9,5.6,22.6,368.1,73.8,229.3,16.8,2.0,3603.8,62.9,25.5,888.2,95.3,31.1,1895.6,1281.2,39.8,272.0,6.6,4.3,166.9,42.0,5.8,268.2,229.5,12.4
21201,204.9,59.6,4.8,1.5,42.5,,0.1,,7.0,28.1,4.3,30.6,,,0.5,0.5,2.6,0.5,33.9,,,197.8,1.7,5.5,6.2,10.7,0.4,29.2,147.3,0.6,105.7,0.1,,42.5,0.4,,10.3,,1.4
21203,641.1,71.3,59.3,47.5,966.3,1.3,1.2,0.7,15.4,125.9,23.4,240.0,0.8,4.9,2.2,4.1,64.1,10.2,139.3,2.6,1.5,689.6,11.3,16.7,84.3,45.9,3.9,297.2,233.9,7.8,121.4,0.8,0.5,100.6,7.3,0.9,119.7,18.8,5.9
21205,312.8,23.2,24.7,30.2,407.8,0.6,0.5,0.3,11.7,34.3,20.0,86.2,1.2,2.0,0.6,1.0,6.0,5.2,36.0,1.3,0.6,541.9,5.4,4.4,59.8,13.9,1.6,114.4,130.3,4.4,59.1,0.1,0.2,26.6,5.4,,58.3,29.1,1.6
21207,1778.7,386.4,301.0,260.8,3691.1,4.2,6.0,3.4,7.1,109.6,101.7,172.3,4.3,6.2,2.6,6.5,55.2,45.2,88.5,0.3,1.9,2775.1,16.5,7.3,415.1,66.4,17.9,449.6,202.9,28.5,13.9,12.7,1.8,63.3,22.6,1.0,85.8,7.5,5.3
21209,604.2,199.4,175.7,69.0,1669.9,0.4,2.3,1.5,102.2,193.5,100.2,216.7,0.8,0.5,3.4,5.9,11.9,23.5,197.7,1.5,14.6,1216.0,23.1,35.5,328.2,66.7,14.5,363.5,620.5,18.7,281.9,0.9,0.2,236.4,15.6,0.3,27.4,21.1,8.6
21211,1344.9,330.7,891.6,677.6,7892.1,19.8,11.4,7.5,118.8,550.4,141.7,584.2,41.8,2.4,10.3,22.7,41.2,109.6,482.5,3.3,36.1,12497.5,170.9,88.6,1665.8,215.5,73.7,1322.8,2023.3,44.9,223.9,19.2,0.4,590.8,79.0,6.3,21.7,1012.9,24.2
21213,1207.6,41.4,3496.6,899.5,14456.7,73.3,42.1,377.3,119.4,160.0,11.8,717.5,142.1,2.3,2.5,89.4,246.8,1194.5,91.8,4.4,71.3,16871.6,353.5,5.9,3321.1,199.5,35.2,1020.9,5637.3,53.7,18.8,503.5,0.3,62.1,210.7,121.1,39.1,882.2,6.4
21215,388.6,128.5,229.2,127.6,2060.0,3.0,2.9,1.9,57.1,197.3,65.2,188.9,6.3,0.6,3.3,5.3,10.8,25.9,181.1,1.2,24.3,2309.3,37.4,35.8,402.5,68.4,18.9,392.7,463.7,16.5,119.6,2.8,0.1,215.7,20.3,1.0,11.6,151.7,8.4
21217,2341.5,513.5,410.0,362.3,5038.9,5.2,8.1,4.8,7.0,155.5,54.3,228.1,5.1,8.5,3.5,7.7,74.9,61.6,116.2,0.3,4.0,3804.3,23.1,9.4,571.9,84.7,24.3,600.1,303.5,39.0,18.4,14.1,2.3,87.6,32.1,1.2,113.4,9.6,7.3
21219,1309.1,40.0,5375.1,1246.7,22224.8,121.6,65.0,416.3,198.3,296.1,430.6,881.5,135.4,3.5,2.9,105.0,338.8,1783.7,80.8,7.0,156.1,21403.5,483.9,13.2,4845.2,234.3,54.1,1461.0,8433.6,68.3,17.3,544.3,0.5,51.2,323.9,130.9,35.9,1126.9,8.8
21221,2899.0,41.8,1604.9,606.7,9811.8,80.0,136.6,197.9,60.1,177.3,8.7,688.8,39.6,2.1,3.1,130.7,120.6,753.7,10.2,2.8,31.0,8795.9,55.6,1.9,5131.5,88.6,60.9,1665.0,3188.1,32.7,63.8,11.1,23.4,5.6,116.0,224.4,92.4,246.7,2.5
21223,312.7,173.2,145.0,140.3,971.1,4.9,1.0,0.5,37.3,118.3,168.5,857.8,5.2,2.3,2.1,2.7,17.4,8.5,135.0,0.5,2.2,3467.9,34.5,185.4,537.8,49.9,1.4,322.0,287.6,47.6,,1.5,0.2,155.7,20.5,1.6,13.8,109.7,5.6
21225,1349.3,45.6,10289.6,2359.6,42541.5,208.4,124.0,144.2,238.1,266.2,0.3,889.2,159.9,6.7,4.3,64.4,516.5,3368.2,42.8,12.1,140.5,34618.8,855.1,5.2,8921.1,363.0,103.5,2660.1,15387.7,80.1,17.8,121.4,0.8,37.4,620.1,32.1,37.0,1837.6,16.2
21227,6564.6,1257.6,1781.9,1682.0,22015.3,20.1,35.4,23.3,26.4,371.5,25.7,622.0,24.4,36.9,11.2,62.1,347.9,267.5,199.0,0.5,1.3,18204.9,99.6,15.1,2704.0,304.3,105.8,2547.3,580.2,79.2,45.6,296.5,10.1,156.2,131.8,18.7,280.3,39.3,19.6
21229,513.0,178.6,235.8,90.4,2086.9,0.8,3.0,2.0,45.6,199.9,38.2,207.9,1.8,0.6,3.7,3.7,12.4,27.8,203.2,0.3,0.6,1454.3,30.2,33.4,319.5,69.4,19.5,388.1,441.1,10.3,224.7,1.0,0.1,240.2,20.9,0.4,21.8,43.2,9.3
21231,1462.8,53.8,260.6,246.5,4236.9,4.2,5.2,2.9,28.8,100.0,148.9,462.3,7.9,21.6,2.2,9.6,170.7,42.8,51.8,9.7,4.7,2416.3,37.0,8.3,449.6,37.1,17.3,961.1,722.6,18.4,184.3,2.1,2.6,43.1,27.5,3.7,181.7,202.3,4.0
21233,741.5,28.3,4449.6,1439.4,18409.8,93.9,53.6,72.5,108.3,119.6,10.8,453.9,105.1,2.9,1.9,29.9,239.6,1571.0,24.4,5.4,102.1,22133.3,401.8,1.5,4294.6,171.7,44.8,1312.1,7176.6,36.6,10.6,60.1,0.4,23.1,268.2,16.2,22.0,1195.4,7.6
21235,635.1,23.5,48.5,44.3,817.2,8.7,1.0,0.5,17.1,20.9,132.9,102.9,0.1,4.0,0.5,2.0,12.4,12.9,13.7,3.8,1.5,336.8,4.6,2.1,89.0,8.4,3.2,185.5,138.5,10.1,129.5,,0.5,11.4,16.7,,127.7,4.0,0.8
21237,405.3,16.7,19.2,12.6,311.1,0.9,0.4,0.2,9.1,11.3,16.6,50.5,,1.6,0.2,0.5,6.3,3.1,9.2,1.0,0.3,234.6,1.9,1.2,26.5,5.0,1.3,76.2,114.8,2.3,90.5,0.1,0.2,7.6,1.8,,89.3,0.2,0.5
21239,778.8,225.5,112.9,57.8,999.9,1.0,1.4,0.9,70.3,147.4,31.1,181.3,2.2,0.3,2.6,3.8,12.5,14.2,165.3,0.5,0.9,1367.6,19.4,26.5,171.7,54.9,9.3,245.3,726.0,12.6,366.0,1.7,0.1,200.8,10.0,0.5,35.5,53.3,7.0
22001,19579.3,6.5,86.5,943.9,14243.6,1113.8,,,299.6,,,186.2,11.6,0.6,13.3,199.4,120.7,101.6,,2.3,,20584.2,871.5,3041.4,13531.1,590.7,1.9,1042.9,10805.3,5.9,123.4,156.9,1.1,72.1,434.0,6.9,151.9,19074.2,159.9
22003,5634.3,0.1,13.9,9.9,1993.3,277.8,,,78.7,,30.7,30.8,0.2,0.1,,48.4,55.2,16.3,,1.4,3.1,1005.1,53.1,766.0,273.7,1.3,0.3,221.7,413.9,0.9,133.5,36.0,0.2,1.9,35.8,0.7,47.1,339.3,38.5
22005,5561.2,0.6,,,3935.1,1.2,,,5.4,,,3.5,1.4,,,0.6,936.8,,,,,2327.9,,10.9,23.5,5710.1,,57.1,6673.2,,117.2,2.4,,2.6,,,110.9,3419.5,32.6
22007,12225.1,0.2,,,17597.2,0.3,,,,,,,0.4,,182.3,6.5,711.5,,,37.4,,6376.1,1.5,,247.8,6344.4,,113.3,24742.4,,42.1,,,2.6,,0.1,53.4,4267.5,75.7
22009,7461.2,12.9,462.1,11287.8,36535.0,124.8,1.5,120.5,487.6,65.1,22.2,650.3,125.9,3.3,515.6,101.1,1120.5,543.2,57.4,34.0,,84411.5,90.0,856.0,14222.0,7023.5,12.3,1853.6,14049.0,68.2,246.7,188.8,5.9,108.8,1189.8,21.6,390.6,5000.8,407.1
22011,3126.6,0.3,85.5,315.2,12341.8,34.5,,,22.2,92.6,99.7,228.4,0.5,0.6,0.7,14.8,129.2,100.6,,5.3,11.8,1402.9,37.6,204.7,717.0,3.3,1.8,110.1,493.9,6.0,300.0,33.8,1.1,5.1,281.2,3.7,30.3,788.4,5.4
22013,522.6,,,19.0,25.2,,0.7,8.3,90.5,2.0,2.8,6.2,5.2,,0.4,0.6,34.6,,9.4,0.4,74.6,577.5,,44.8,102.5,,0.2,17.0,16.4,0.2,25.4,,0.3,,,0.9,41.2,20.1,0.8
22015,2413.2,12.8,,,6778.5,4.0,1.8,14.7,45.6,10.5,25.6,1958.1,25.7,,20.2,7.8,130.3,,373.4,,,13599.1,,118.5,554.1,,28.2,109.4,179.3,,186.1,50.6,28.2,,,4.3,182.7,307.1,6.7
22017,5184.7,15.8,,,47118.3,4.9,11.0,88.0,58.8,65.8,109.8,7932.9,133.1,,121.2,46.8,244.6,,1609.7,1.2,3.6,36373.6,,101.5,1763.7,,199.7,458.5,538.7,,273.6,69.0,199.7,17.3,,25.7,283.1,767.9,40.1
22019,11694.1,0.1,,349.9,2432.6,223.3,,,62.7,36.0,40.0,23.2,0.2,,16.9,45.6,532.2,,,4.6,2.0,1126.2,43.1,650.0,279.7,756.3,,262.2,619.2,0.2,1102.7,48.5,,1.7,83.8,3.7,124.4,1619.7,39.6
22021,1152.8,6.5,,341.2,688.9,17.8,8.6,97.9,106.0,23.9,,103.6,63.7,,4.5,8.3,210.2,,119.7,4.4,,7240.2,1.2,171.9,414.2,6.4,3.7,212.2,268.7,4.1,44.4,23.4,6.1,1.4,,11.2,87.4,346.9,12.2
22023,10856.9,0.3,,,,131.0,,,35.4,,,,0.6,,,22.5,530.7,,,,,1238.2,56.2,356.4,704.7,3.7,,101.7,616.4,,1319.9,16.7,,3.8,,0.4,131.6,964.5,18.1
22025,6061.2,7.4,687.5,13882.1,22955.9,94.8,2.6,201.6,284.5,109.0,,707.0,185.4,4.9,660.4,79.5,1174.0,808.2,96.0,17.4,,83430.2,72.5,647.2,11053.1,79.9,18.4,620.7,3206.5,100.5,129.0,97.8,8.8,62.8,1770.2,29.8,239.6,948.0,565.5
22027,969.3,,,,6.6,,,,1.4,19.3,,0.5,,,,,37.6,,,,1.1,28.9,,,2.5,,,0.1,,,48.7,,0.1,,,,79.1,,
22029,10501.7,11.3,1509.2,5784.0,46334.5,174.7,1.8,141.3,458.4,76.4,,1450.6,140.9,10.7,456.4,136.5,935.8,1774.3,67.3,12.2,,102646.6,133.3,675.9,16303.8,121.8,40.3,815.3,4133.0,213.6,59.3,138.9,19.4,95.8,3886.2,25.5,258.6,748.1,419.9
22031,2901.7,1.8,,,1992.1,0.6,0.5,4.2,14.3,7.8,183.4,404.0,6.7,,5.8,2.2,182.7,,84.7,2.4,7.0,2602.8,,35.5,106.3,,8.5,29.5,35.3,,218.9,24.3,8.5,33.3,,1.2,268.8,55.8,1.9
22033,1704.3,0.1,29.7,86.4,235.2,0.2,,,81.4,,6.7,101.5,0.2,0.2,1.1,1.2,40.3,34.9,,0.4,0.2,784.1,0.7,162.7,74.9,66.4,0.8,47.4,125.7,2.2,332.0,36.6,0.4,1.3,76.5,,313.9,35.7,0.7
22035,3916.0,252.0,2049.8,9758.9,38083.1,279.2,2.9,226.6,1238.1,162.9,,1945.2,135.8,14.5,294.3,302.6,892.1,2409.7,208.2,18.7,,78932.3,382.7,672.0,5971.8,133.6,54.8,2380.1,8778.3,146.7,54.5,371.5,26.3,1669.6,5277.9,22.2,322.0,1748.6,120.0
22037,2944.3,0.2,67.7,176.6,290.9,0.3,,,103.8,,2.6,155.1,0.3,0.5,,2.7,64.4,79.6,,0.2,0.2,1519.2,1.2,207.5,159.2,2.0,1.9,62.9,63.4,4.6,584.0,52.4,0.9,2.1,174.3,1.2,552.2,2.5,0.4
22039,3267.5,2.9,50.5,430.5,3710.3,748.8,0.1,7.8,1883.4,4.2,,76.8,11.9,0.4,37.2,309.4,100.1,59.4,3.7,3.1,,15523.1,62.5,1562.6,2668.3,735.4,1.3,1496.7,2366.6,7.2,212.0,261.5,0.6,24.7,130.0,23.5,1147.3,514.4,174.6
22041,6432.5,73.6,1583.6,9377.9,30758.7,34.5,5.2,408.2,125.4,293.4,86.2,1815.8,127.6,11.2,523.7,507.6,1468.0,1861.7,375.0,40.1,28.3,67727.5,110.0,1162.0,4433.1,39.0,42.3,1643.2,5216.9,127.9,210.9,551.6,20.3,490.8,4077.6,12.3,242.8,1478.0,150.0
22043,762.6,0.7,61.3,1197.0,2046.9,1.0,0.1,11.6,262.5,6.3,144.5,289.6,11.1,0.4,38.7,3.6,72.9,72.1,5.5,12.5,20.8,6419.7,6.2,476.8,1011.8,7.5,1.6,33.1,276.7,9.5,67.5,103.3,0.8,9.7,157.9,1.6,70.9,58.1,31.8
22045,19789.7,0.1,2.2,1.9,28741.7,16.3,,,33.4,,2.8,27.7,0.2,,297.3,15.3,1145.4,2.5,,61.1,,9617.9,2.5,100.3,145.2,10348.2,0.1,194.5,40432.9,0.3,34.2,36.1,,1.5,5.6,3.7,50.5,6780.5,124.8
22047,14965.9,1.2,196.5,480.7,23534.3,1.8,,,143.3,,,449.8,2.2,1.4,213.7,15.6,857.3,231.0,,43.7,,10908.1,7.8,286.8,1790.5,7421.5,5.8,319.0,29152.0,13.4,77.4,77.8,2.5,13.6,505.9,3.0,98.0,5696.8,89.9
22049,395.5,,,,,,,,7.5,,0.4,10.5,,,,,15.3,,1.4,,2.2,19.6,,18.7,2.8,,,0.6,,,20.2,,,,,,32.2,,
22051,93.5,,,,,,,,,,1.4,,,,,,4.3,,,,,21.5,,,,,,,,,20.1,,,,,,19.0,,
22053,22630.7,2.9,,269.0,3741.1,1200.9,,,324.9,,2.2,2.3,5.1,,25.7,220.9,242.9,,,5.2,0.2,10698.5,482.3,3271.7,5880.4,1211.5,,1075.2,5622.3,0.1,256.4,191.4,,31.8,64.5,11.0,175.3,10033.4,179.1
22055,6014.1,0.9,69.2,219.7,8725.0,69.4,,,92.0,,740.8,180.9,1.5,0.5,79.8,25.2,336.2,81.4,,16.3,,5054.7,12.4,325.4,1099.0,2771.1,2.0,164.6,11285.8,36.8,66.3,57.3,0.9,9.5,178.3,1.5,114.6,2420.6,38.8
22057,10089.5,0.3,,,6399.4,0.5,,,5.0,,39.5,3.9,0.6,,,1.0,1542.8,,,,,4177.3,,10.0,10.2,9284.0,,81.6,10824.3,,281.0,2.2,,1.1,,,265.7,5547.0,53.0
22059,208.3,0.3,1.7,20.5,50.0,0.5,,3.6,,2.0,,1.5,3.7,,11.4,0.3,21.6,1.9,1.7,0.3,,1916.7,1.7,5.9,279.5,3.6,,9.3,82.1,0.3,37.1,,,2.8,4.2,0.5,38.9,19.7,9.6
22061,1437.0,1.1,,,547.3,2.5,,,26.5,,37.1,56.3,0.4,,0.1,0.2,56.5,,2.1,,7.3,440.4,0.2,22.1,120.7,1.1,3.7,14.9,12.4,3.1,68.8,1.7,6.1,0.2,,0.2,113.5,18.9,0.4
22063,1080.6,,0.2,0.6,1.0,,,,9.5,,18.8,7.8,,,,,24.2,0.3,,0.1,0.1,257.6,,18.8,0.5,,,2.4,0.2,0.8,231.9,4.2,,0.1,0.6,,219.3,,
22065,3816.6,132.8,2835.8,19078.7,64209.8,94.4,4.8,374.6,351.3,269.2,9.3,2649.1,137.2,20.0,485.1,451.8,1434.1,3333.7,344.1,31.4,1.7,78464.9,229.2,732.5,8340.4,70.4,75.8,2053.9,8853.4,203.4,52.8,175.4,36.4,880.2,7301.8,12.2,130.5,1643.1,127.4
22067,4914.5,98.4,1892.7,19864.3,56359.3,393.6,5.5,434.3,2119.7,312.1,1.4,1803.5,142.0,13.4,558.5,465.6,1567.1,2225.0,399.0,35.9,,78334.3,480.3,1162.7,6756.4,52.2,50.6,2616.3,6929.0,140.9,69.5,504.2,24.3,651.9,4873.5,33.1,526.2,1660.6,205.9
22069,6507.9,2.1,,,6156.9,50.8,4.8,38.2,582.1,15.7,5.4,1644.4,59.2,,53.4,46.2,413.8,,278.0,1.9,,9139.9,4.9,568.3,3239.1,22.3,61.3,210.0,931.3,30.8,327.1,157.8,61.3,,,9.2,161.9,1754.3,51.2
22073,1554.9,11.9,,497.6,2720.8,32.5,14.4,163.9,356.8,40.1,2.9,583.9,107.0,,7.9,14.1,338.0,,240.9,7.3,25.0,13392.6,2.1,655.3,940.9,11.6,17.3,381.9,461.2,16.2,53.7,90.1,28.8,2.5,,19.2,95.6,597.2,20.9
22075,980.6,,,,,,,,12.7,,,4.9,,,,,45.0,,,,,234.8,,25.4,,,,,,,209.6,5.7,,,,,198.2,,
22077,7247.1,13.4,384.8,1505.6,37526.9,49.9,0.6,50.5,474.1,27.3,8.5,750.4,66.9,2.7,304.6,66.6,830.8,452.4,24.0,34.4,1.4,69092.3,84.1,936.0,12718.7,8679.0,10.3,1919.1,15807.6,54.8,261.0,416.1,4.9,113.0,990.8,12.9,311.8,5748.5,213.4
22079,5086.7,3.3,259.2,3728.6,19324.9,60.9,1.4,112.6,416.1,60.9,43.2,513.6,102.1,1.8,422.2,57.0,871.3,304.8,53.6,23.5,2.4,43330.8,31.2,840.8,4298.1,3674.8,6.9,1014.2,6583.4,40.0,372.7,148.1,3.3,28.2,667.5,16.6,461.1,2800.8,344.8
22081,3090.2,16.7,,,13550.7,5.1,5.8,46.0,57.7,47.6,548.6,2582.7,72.5,,63.4,24.5,157.6,,848.5,7.2,21.0,22991.9,,57.2,908.9,,56.6,264.9,355.4,,195.9,26.5,56.6,99.9,,13.4,211.8,549.0,21.0
22083,4598.9,69.6,1179.8,9919.3,29907.7,121.3,3.2,255.4,596.3,272.0,,1134.2,87.1,8.3,328.5,308.5,932.2,1387.0,234.7,21.1,,47903.4,177.3,588.6,3835.0,36.9,31.5,1348.8,4189.5,87.8,142.0,333.9,15.1,460.8,3037.8,13.5,277.7,1028.1,98.5
22085,1138.0,,,,5.8,,,,3.5,1.7,66.2,2.8,,,,,78.4,,,0.9,,12.7,,14.3,0.9,,0.1,3.0,,,104.9,1.0,0.1,12.0,,,46.4,,
22089,736.8,,,,506.2,,,,,,11.9,,,,,0.1,123.4,,,,,231.9,,,,734.3,,6.1,855.4,,28.8,,,,,,27.2,438.3,4.2
22091,1051.3,,77.6,202.5,333.4,,,,18.0,,2.6,119.9,,0.5,,3.1,22.7,91.2,,0.2,0.2,1066.3,,36.0,156.9,,2.2,71.1,51.3,5.3,178.5,8.1,1.0,0.1,199.8,,168.8,,0.5
22093,10504.3,0.7,,,7517.3,1.3,,,3.2,,7.9,1.2,1.5,,,1.2,1745.8,,,,,4848.5,,6.4,25.9,10906.8,,101.4,12729.0,,19.8,1.4,,2.8,,,18.8,6522.9,62.3
22095,2290.9,0.3,,,1698.8,0.5,,,2.7,,,1.0,0.6,,,0.3,393.6,,,,,1082.3,,5.4,10.2,2465.1,,24.7,2880.9,,,11.7,,1.1,,,,1476.2,14.1
22097,7926.4,16.2,545.0,5323.3,33265.3,365.1,0.2,13.7,1096.3,7.4,66.9,738.1,40.7,3.8,142.2,185.0,463.3,640.7,6.5,23.8,8.1,73499.9,124.6,1172.8,16381.5,5460.4,14.6,1863.0,12264.3,77.0,345.2,287.8,7.0,138.6,1403.4,16.1,786.4,3595.3,153.3
22099,11296.4,0.9,1.7,477.3,15942.8,88.0,,,139.6,,2.8,99.3,1.6,,164.9,30.9,636.8,2.0,,33.6,,7498.1,14.5,459.3,1081.8,5705.5,,168.1,22807.6,0.2,32.7,92.0,,10.0,4.4,3.6,80.3,4348.9,75.0
22101,14095.4,0.2,,,20469.7,0.3,,,16.3,,,13.6,0.4,,212.0,7.5,821.1,,,43.5,,6995.5,1.3,32.7,212.7,7379.3,,130.9,28774.1,,34.4,14.8,,2.2,,1.5,43.6,4911.9,88.1
22103,1355.1,,32.6,85.1,140.1,,,,95.0,,22.9,101.0,,0.2,,1.3,30.0,38.3,,1.4,1.7,691.1,,189.0,65.9,,0.9,30.8,21.6,2.4,271.7,42.3,0.4,0.7,84.0,,256.9,,0.2
22105,3041.1,,170.6,471.7,739.3,,,,105.9,,127.3,297.3,0.1,1.2,0.1,6.9,65.3,200.5,,6.1,7.2,2635.1,0.2,206.9,354.9,0.4,4.9,159.0,118.1,13.5,539.5,52.7,2.2,3.2,439.2,1.4,510.2,0.4,1.1
22107,3780.5,70.1,2128.6,24570.9,67733.4,26.2,6.8,535.2,48.3,384.7,,2113.8,159.2,15.0,687.8,565.0,1914.0,2502.4,491.7,44.3,,84046.3,126.3,1089.3,7803.3,37.2,56.9,2018.4,6672.8,162.2,28.1,171.0,27.3,464.7,5480.9,10.6,40.1,1821.9,165.7
22109,4162.5,,,,2722.0,,,,36.7,,2.2,16.6,,,,0.4,646.7,,,,,1768.0,,73.5,,3948.6,,33.0,4599.8,,75.1,16.5,,,,,71.1,2357.2,22.6
22111,1147.8,,,,9.5,,,,12.9,,7.9,10.6,,,,,44.6,,,,10.7,44.8,,90.2,14.7,,0.1,9.6,,0.1,57.6,,0.1,,,,93.7,,
22113,28382.3,0.7,2.5,287.3,23587.4,1258.7,,,341.2,64.9,,21.1,1.3,,158.1,239.3,1113.0,2.9,,32.4,,7663.8,258.8,3461.4,1549.8,7446.5,0.1,1875.3,4655.2,0.2,577.8,165.1,,8.2,74.8,3.4,211.0,14935.1,258.1
22115,623.5,,,,160.5,,,,11.5,5.5,211.3,28.5,,,,,41.7,,0.2,2.7,,110.4,,31.1,24.6,,1.6,4.0,,0.8,54.5,2.2,1.6,38.0,,,24.1,,
22117,2032.9,0.2,159.3,476.6,699.3,0.3,,,36.0,,259.8,239.0,0.4,1.1,0.2,6.5,43.1,187.3,,14.5,17.3,2278.8,1.3,60.5,360.9,2.2,4.6,160.5,130.7,13.5,332.1,12.2,2.0,9.0,410.3,0.1,314.1,2.8,1.0
22119,854.1,,,,65.5,,0.6,4.8,7.7,4.0,22.5,146.9,7.0,,6.6,2.6,51.8,,98.5,0.3,0.8,799.6,,30.7,42.4,,,24.3,21.9,,67.4,,,4.0,,1.4,77.2,26.8,2.2
22121,1536.8,0.9,117.9,124.2,10422.3,1.2,,3.6,88.4,2.0,,196.9,4.6,0.8,49.7,14.3,167.0,138.6,1.7,8.1,,7855.7,9.5,182.8,1194.8,2283.6,3.1,453.9,3573.3,16.5,14.8,51.1,1.5,7.2,303.6,0.8,15.5,1453.5,28.9
22123,4471.8,52.6,584.9,14745.0,36457.0,117.8,1.5,119.4,609.3,85.8,25.4,554.6,46.9,4.1,154.4,180.2,444.4,687.6,109.7,11.5,7.3,26665.1,145.8,315.0,3626.3,27.9,15.6,848.1,2498.7,43.0,176.3,373.7,7.5,349.2,1506.1,11.7,315.0,568.7,57.6
22125,1313.8,0.4,33.4,87.1,143.5,0.6,,,36.5,,,69.0,0.8,0.2,,1.3,28.6,39.3,,,,764.5,2.8,73.0,120.3,4.7,1.0,36.0,66.1,2.3,257.7,27.7,0.4,4.9,86.0,2.3,243.7,6.0,0.2
22127,399.0,,,,,,,,1.0,,1.0,1.6,,,,,15.5,,,,0.8,11.8,,14.3,1.0,,,1.5,,,20.1,,,,,,32.6,,
23001,167.7,,154.8,163.4,2553.6,10.7,,,716.1,1.7,190.8,333.2,,23.7,2.8,4.9,70.0,38.0,86.5,14.8,6.8,1092.1,4.5,19.7,982.3,9.5,0.5,159.6,304.0,66.7,,0.2,2.4,1.2,,,,8.1,
23003,989.6,,,,328.8,219.2,,,466.2,0.6,63637.2,49.3,,0.6,29.9,0.7,8.2,10.0,1390.6,7.3,2.5,3406.0,,8.2,42.0,9469.4,0.7,585.4,6847.5,162.5,,,43.4,0.4,,51.2,,216.2,
23005,41.0,,23.1,84.2,465.8,11.2,,,245.9,1.9,120.4,95.1,,3.5,0.2,4.0,10.4,5.7,26.6,6.8,7.8,388.2,0.7,5.5,145.9,0.5,0.1,46.9,87.1,32.7,,,0.2,1.3,,0.1,,6.0,
23007,23.9,,10.7,15.5,182.0,1.9,,,135.8,0.1,19.3,51.3,,1.6,0.3,0.5,4.8,2.6,16.9,2.5,0.6,213.7,0.3,3.3,67.9,1.2,,30.5,27.7,10.6,,0.1,0.3,0.1,,,,1.4,
23009,7.1,,,9.5,13.5,2.8,,,59.7,0.6,39.1,9.5,,,0.1,0.5,,,6.6,1.3,2.3,65.4,,2.0,0.2,0.9,,11.1,10.0,6.9,,,,0.4,,0.2,,3.7,
23011,171.3,,246.2,184.4,3955.0,7.2,,,359.0,0.9,59.9,372.4,,37.7,0.1,3.2,111.3,60.4,43.3,7.1,3.6,761.5,7.2,7.1,1555.1,0.5,0.9,76.5,331.9,40.0,,0.2,1.0,0.6,,,,4.2,
23013,15.0,,4.9,25.0,108.8,6.7,,,83.7,1.3,108.8,20.1,,0.7,0.6,1.6,2.2,1.2,8.8,3.0,5.4,144.3,0.1,10.0,32.0,2.2,,17.1,37.0,14.0,,0.1,0.5,0.9,,0.1,,11.1,
23015,16.7,,12.1,51.0,254.4,7.5,,,74.3,0.9,61.3,31.9,,1.9,0.2,2.4,5.5,3.0,7.0,3.0,3.7,131.1,0.4,6.3,76.8,0.6,,12.6,53.4,14.0,,0.1,0.2,0.6,,,,3.4,
23017,99.2,,69.5,94.1,1176.3,28.8,,,497.3,0.9,650.4,186.8,,10.6,19.9,3.2,31.4,17.1,59.0,18.0,3.7,796.9,2.0,123.9,474.6,67.8,0.2,161.7,555.2,46.7,,0.4,13.9,0.6,,,,61.8,
23019,292.2,,552.1,283.8,3292.5,13.7,,,284.2,2.0,1680.7,498.9,,6.2,20.1,3.7,161.2,102.7,94.5,6.0,8.3,743.1,,251.6,502.2,305.9,7.5,78.4,1317.9,51.0,,,17.7,1.4,,1.8,,17.9,
23021,37.7,,71.0,39.2,427.1,2.8,,,46.0,0.5,198.4,65.1,,0.8,2.2,0.6,20.7,13.2,11.9,1.1,1.9,169.6,,28.5,63.2,33.5,1.0,11.0,155.7,8.2,,,2.0,0.3,,0.6,,2.5,
23023,15.2,,9.6,6.7,154.2,0.8,,,37.8,0.2,15.9,23.7,,1.5,0.1,0.1,4.4,2.4,4.7,0.7,0.8,79.0,0.3,4.9,61.0,0.2,,10.6,13.7,3.8,,0.4,0.1,0.1,,,,1.2,
23025,152.8,,353.1,168.8,2087.5,2.3,,,170.0,0.3,22.1,324.5,,4.0,0.1,1.7,103.1,65.7,19.9,2.7,1.1,342.9,,2.4,277.0,1.4,4.8,34.6,302.1,21.4,,0.1,2.2,0.2,,0.1,,0.6,
23027,103.6,,245.2,119.8,1453.4,2.8,,,85.9,0.3,25.7,217.8,,2.8,0.1,1.3,71.6,45.6,9.8,1.6,1.4,230.9,,4.1,192.3,1.0,3.3,16.9,211.9,14.2,,0.1,1.5,0.2,,,,2.6,
23029,3.7,,,1.5,2.1,0.4,,,11.2,0.2,26.0,1.5,,,0.2,0.1,,,1.7,0.3,0.7,40.3,,5.2,0.7,2.9,,2.3,9.2,1.7,,,0.1,0.1,,0.1,,1.4,
23031,62.1,,31.9,173.6,726.2,24.2,,,395.6,3.1,190.1,142.5,,4.9,0.3,8.3,14.4,7.8,41.5,12.3,12.7,552.4,0.9,6.0,202.1,1.0,0.1,75.0,167.5,56.7,,0.4,0.3,2.2,,,,7.2,
24001,135.0,24.0,42.3,16.7,646.0,3.0,2.9,11.0,45.1,54.4,38.6,377.8,,0.3,1.8,4.1,57.5,5.0,26.7,2.4,2.2,2860.8,1.4,19.7,521.2,20.8,0.5,61.2,42.5,27.5,1.2,1.5,0.5,32.1,22.4,0.9,2.4,0.5,3.3
24003,1602.3,10.8,312.6,393.9,2787.2,40.4,26.6,,89.0,109.5,143.5,194.7,12.8,2.3,0.7,30.7,227.3,48.2,13.7,14.5,12.7,5112.0,35.3,4.4,1609.8,114.5,2.9,517.8,325.1,42.7,,14.8,5.0,22.4,470.4,33.3,17.4,351.8,15.0
24005,4848.5,7.8,803.1,549.5,7975.6,16.4,22.9,,138.0,188.4,1328.1,299.4,6.8,6.0,31.7,43.4,350.6,162.4,72.5,9.1,23.7,7308.7,37.7,59.3,4725.2,80.1,20.0,1319.7,1091.1,164.5,,17.2,33.8,1.4,532.6,20.0,4.5,51.8,41.2
24009,1298.6,7.0,280.1,338.3,2537.1,25.0,23.4,,77.3,93.2,108.5,201.8,8.3,2.1,0.4,30.0,196.8,43.2,7.8,16.8,9.7,3379.0,23.6,3.8,1417.6,73.8,2.6,459.5,283.9,39.2,,16.7,4.5,12.5,429.0,31.6,9.7,226.4,13.5
24011,2176.9,77.5,1631.3,2050.8,7498.1,314.0,88.8,,949.8,292.9,6650.0,323.2,119.4,68.2,4.6,64.4,505.7,2599.7,108.3,17.0,526.9,26999.9,576.4,39.2,7168.1,827.4,6.0,1067.4,7946.0,665.4,2.1,332.0,4.6,194.5,1247.9,64.5,12.7,2664.9,73.2
24013,11249.9,18.9,2162.6,890.1,20515.6,265.6,68.0,,350.1,292.0,919.8,773.0,3.2,16.1,29.3,44.5,813.3,354.1,250.6,32.3,91.7,18775.0,113.0,32.4,11864.4,212.9,53.8,3268.3,3007.4,206.1,,33.9,90.9,1.1,1084.0,61.1,6.8,250.4,104.0
24015,2201.8,23.1,1259.1,537.0,4793.3,81.5,16.7,,293.2,139.9,126.5,286.4,28.4,52.7,6.0,16.8,386.2,2006.6,66.9,1.9,117.8,8952.2,205.8,55.2,3648.4,285.9,4.6,795.6,2622.4,114.0,10.7,115.1,3.4,61.2,533.1,27.5,64.7,751.1,53.9
24017,1585.4,18.0,273.1,541.2,2474.3,63.7,22.9,,93.1,95.2,71.5,184.1,21.3,2.0,0.5,33.0,211.5,42.1,9.0,15.5,7.0,8100.5,54.9,2.2,1586.6,175.0,2.5,451.7,421.0,34.9,,17.8,4.4,24.6,417.9,52.3,18.5,580.9,13.2
24019,15470.6,74.9,837.0,2878.7,28534.3,344.3,81.6,,1326.7,633.6,8582.2,1512.8,88.6,48.4,3.3,192.5,421.7,1080.2,118.0,99.7,248.5,32073.4,340.2,72.6,26673.0,1503.4,4.8,11263.7,4103.2,906.7,4.7,397.5,3.5,250.3,2104.8,90.8,,2706.5,
24021,12546.7,23.8,2213.8,853.1,20769.9,6.5,34.3,,242.3,322.7,425.7,766.2,3.8,16.5,25.7,45.0,904.7,352.2,196.9,18.9,60.7,19259.1,104.2,36.0,11776.6,224.3,55.1,3335.0,2935.8,196.0,,41.9,93.1,0.9,1066.3,73.8,9.9,8.1,106.2
24023,463.4,150.7,577.9,101.8,8441.3,19.7,28.1,72.6,37.7,346.9,46.2,4729.7,,4.2,8.6,21.2,261.8,67.7,116.7,1.6,5.2,38168.4,9.2,112.4,6830.3,137.1,7.5,274.9,560.9,198.6,3.4,1.9,7.5,199.3,182.8,8.4,6.9,2.7,31.5
24025,6044.1,12.4,1084.4,508.4,10364.1,7.5,19.1,,126.7,182.1,459.4,406.7,2.6,8.1,22.4,30.9,441.4,187.1,103.7,11.7,74.5,9086.1,50.2,24.6,5798.8,104.7,27.0,1706.8,1468.4,127.7,,17.4,45.5,0.7,583.6,26.5,4.9,5.2,52.7
24027,2579.9,2.0,425.3,172.1,3999.9,0.9,7.2,,48.0,46.9,147.5,150.2,0.9,3.2,4.3,7.4,185.4,68.7,17.0,4.1,23.8,3773.3,19.2,11.8,2245.7,43.3,10.6,620.3,569.8,39.7,,8.1,17.9,0.3,209.1,13.2,2.4,2.0,20.5
24029,1952.9,57.2,2294.1,1310.7,8963.3,204.5,30.5,,394.9,218.4,301.8,305.0,67.9,95.9,3.5,35.3,582.6,3656.0,15.0,1.9,5.2,20217.5,468.0,1.9,7106.1,603.7,8.4,1107.2,6135.2,196.6,1.9,247.0,6.2,73.3,1110.9,55.0,11.6,1847.3,99.1
24031,4009.8,3.2,650.2,538.6,6370.7,5.0,20.3,,208.3,170.2,941.9,262.5,11.1,4.8,20.3,32.5,276.1,125.3,32.2,9.2,107.2,9281.0,43.3,102.3,3786.7,114.7,16.2,1137.1,937.2,150.3,,26.3,27.3,1.9,405.2,24.7,3.4,3.8,34.6
24033,1578.6,8.7,269.7,287.1,2360.5,34.3,33.7,,208.6,108.6,582.0,138.0,10.3,2.0,0.4,24.6,209.8,41.6,8.1,8.5,46.0,5089.2,28.4,3.4,1366.7,88.5,2.5,449.6,287.6,90.9,,9.2,4.3,17.7,397.5,28.6,25.9,285.2,12.9
24035,3117.3,108.4,2728.3,2409.6,11271.8,476.4,82.6,,1158.2,311.1,2914.1,420.2,137.1,114.1,2.9,69.4,757.5,4347.9,124.3,14.3,171.1,36060.6,834.4,12.9,10124.1,1110.1,10.0,1456.9,11156.4,444.1,3.2,468.1,7.3,231.0,1565.5,82.7,19.1,3710.6,119.3
24037,2677.4,27.5,505.3,761.0,4440.6,97.4,42.8,,179.6,151.5,187.0,267.1,32.5,3.8,0.8,50.3,376.1,77.9,17.3,16.7,20.6,12610.6,84.9,7.7,2781.9,269.4,4.6,837.0,794.7,58.7,,25.6,8.1,38.7,747.0,94.7,22.6,887.5,24.2
24039,7988.0,32.0,486.1,918.8,15552.6,115.9,2.9,,152.1,151.4,784.5,256.9,37.9,28.1,0.4,52.6,232.8,627.4,9.2,3.2,14.3,13961.4,149.2,7.8,13050.4,491.5,2.8,5967.1,1711.9,224.3,1.1,110.4,2.1,45.8,997.9,32.5,,1058.1,
24041,2107.0,71.5,1900.6,1403.5,7519.2,252.5,26.3,,409.5,150.1,390.2,239.8,85.6,79.5,1.0,30.4,506.0,3028.8,2.4,1.0,20.3,23721.5,542.0,2.2,6269.2,724.5,6.9,964.1,7177.7,142.8,2.0,256.8,5.1,71.9,866.3,50.8,12.0,2310.4,81.8
24043,10408.2,18.2,1614.1,591.0,15489.0,2.4,25.8,,239.8,254.7,589.7,885.6,3.2,12.0,26.1,38.1,725.4,267.6,166.6,36.6,129.3,12716.3,64.9,50.4,8532.0,123.2,40.1,2923.4,2171.9,263.0,,28.2,67.8,5.2,822.7,44.1,9.1,0.8,78.0
24045,12923.4,43.8,833.4,1449.6,26757.8,158.8,15.3,,332.2,305.3,6447.6,601.5,51.8,48.2,0.4,81.7,395.4,1075.5,20.2,19.2,125.7,19600.6,214.6,83.7,21889.4,656.5,4.8,10051.8,2439.9,522.8,1.1,134.2,3.5,102.1,1767.1,36.8,,1464.1,
24047,22221.9,71.0,1471.3,2183.2,46825.0,248.9,0.4,,158.2,388.2,413.3,669.3,84.0,85.1,2.6,103.6,690.3,1898.8,19.6,0.9,6.6,31943.1,351.6,4.8,37808.8,1297.4,8.5,17261.4,3916.7,618.8,1.3,150.3,6.2,70.5,2993.4,49.1,,2290.8,
25001,7.0,0.2,,6.2,4.3,3.3,0.9,,70.1,0.7,42.5,10.4,0.6,,0.3,0.2,1.1,1.1,2.2,0.9,3.0,31.0,,1.1,13.2,0.3,,9.0,7.9,2.1,,0.9,,1.0,2.5,,0.5,2.3,
25003,141.7,5.8,192.1,170.8,391.3,18.1,7.8,0.8,1207.8,40.2,200.2,539.2,3.6,78.1,5.6,6.7,78.6,72.2,47.7,6.9,15.2,1238.0,5.5,2.0,1259.7,0.3,0.3,145.1,230.3,47.5,,7.5,0.3,5.3,112.1,0.9,7.9,1.5,
25005,113.8,5.1,146.3,257.9,387.4,45.7,17.2,0.2,1494.0,38.0,702.3,543.8,11.4,59.5,10.0,12.6,54.3,76.4,39.9,15.2,54.3,1003.8,4.2,2.0,1196.0,,0.2,163.5,279.2,59.0,,14.3,0.2,19.1,136.3,0.7,3.8,35.7,
25007,3.5,0.8,,,,0.9,0.2,0.2,136.5,,8.9,6.2,0.1,,,,2.8,0.9,3.3,0.1,0.3,22.0,,1.5,2.4,0.2,,4.7,5.5,2.0,,,,0.1,,,1.1,0.8,
25009,105.4,3.1,48.5,166.9,185.4,26.5,9.2,0.2,887.7,13.9,376.7,312.4,6.8,19.7,7.0,3.8,23.2,40.7,56.1,10.7,29.2,469.1,1.4,6.6,427.6,0.5,0.1,128.8,160.2,49.4,,11.5,0.1,10.3,77.6,0.2,3.3,5.5,
25011,205.7,3.9,184.7,192.5,395.9,34.7,18.1,1.3,1248.7,44.2,1325.7,809.1,13.2,75.0,7.5,9.0,72.7,76.8,88.8,26.4,53.1,1451.2,5.3,7.3,1345.9,78.7,0.3,275.3,489.7,71.2,,10.5,0.5,18.7,119.0,0.9,6.4,14.2,
25013,164.6,4.2,97.8,120.9,223.0,20.2,9.3,0.5,1055.0,23.1,351.7,706.3,6.7,39.8,4.4,7.1,36.3,43.3,89.8,9.2,25.5,808.9,2.8,7.9,741.8,,0.2,160.4,338.0,58.0,,8.4,0.2,9.0,70.6,0.5,2.5,18.2,
25015,166.2,3.2,206.0,279.8,487.1,56.4,40.1,4.6,1823.1,60.4,2562.5,971.0,29.6,83.7,11.7,12.4,75.9,110.5,53.1,44.7,134.8,1686.5,5.9,7.7,1621.3,125.4,0.3,319.4,762.0,81.2,,14.5,0.6,47.4,158.7,1.0,5.0,9.1,
25017,183.1,2.9,43.3,246.8,234.0,41.3,15.8,1.9,1132.0,16.7,661.5,473.4,13.5,17.6,10.6,5.3,21.1,61.2,120.3,18.6,55.1,535.5,1.2,5.8,471.0,1.3,0.1,207.0,257.4,90.1,,16.0,0.1,19.4,108.2,0.2,3.2,6.3,
25021,29.7,0.6,7.5,103.3,82.9,16.1,4.8,,297.6,4.1,205.4,123.2,3.8,3.1,4.6,1.6,4.0,20.2,17.5,6.1,17.4,117.8,0.2,1.3,123.5,0.2,,50.7,86.3,22.5,,6.4,,6.1,42.9,,0.7,1.7,
25023,18.6,2.0,8.0,115.6,92.1,16.0,2.0,0.2,461.8,2.9,121.7,128.7,1.5,3.2,5.1,1.5,6.6,23.4,14.5,5.0,6.7,149.4,0.2,1.3,121.5,0.7,,53.2,101.9,22.4,,6.7,,2.4,47.8,,1.7,2.3,
25027,519.3,11.7,217.3,271.3,497.3,38.4,17.4,0.6,2779.6,50.1,649.9,1132.7,15.8,88.3,9.9,10.1,88.5,94.3,325.3,23.8,48.8,1893.2,6.2,5.7,1532.9,1.9,0.3,490.1,320.2,179.9,,21.3,0.3,17.2,157.9,1.0,8.8,10.4,
26001,192.0,0.2,93.4,80.9,286.6,58.9,1.3,40.9,84.0,1.3,9.3,130.9,2.0,3.6,6.7,2.1,26.2,64.2,106.4,1.5,150.5,337.1,26.1,68.8,177.9,5.5,2.3,59.6,373.3,3.8,,1.8,0.4,0.3,10.1,0.7,,55.4,11.2
26003,85.8,,13.0,2.7,176.6,0.3,0.2,10.3,7.2,0.1,,35.7,1.6,1.3,0.7,0.2,23.0,1.9,2.8,0.1,,91.2,1.2,14.6,30.5,0.2,2.4,3.4,4.5,8.1,,,,4.0,1.4,,,,2.2
26005,1900.1,61.5,10457.9,2656.0,43416.9,188.5,255.2,507.3,1573.8,2042.8,12313.1,3520.2,117.1,67.2,24.4,54.0,847.2,1345.7,1120.0,127.8,2231.8,28257.5,71.1,785.6,25837.8,347.8,83.6,1227.0,3580.4,483.7,,80.0,3.4,94.6,2571.0,11.9,0.1,384.2,51.1
26007,492.7,0.8,411.7,289.5,1248.8,128.7,6.1,107.5,151.3,7.6,111.7,243.7,4.2,15.9,11.6,4.9,111.5,224.6,190.0,5.6,284.5,1122.9,49.1,104.2,481.1,24.6,10.0,122.9,770.9,9.9,,5.9,1.7,5.6,43.9,2.1,,118.1,19.1
26009,619.4,0.4,700.8,431.9,1648.9,32.2,4.8,44.6,793.5,9.7,20364.4,555.7,7.3,37.8,11.7,3.1,65.0,165.0,86.9,54.0,41.5,4922.6,6.9,254.7,879.2,40.9,4.2,1021.2,554.0,55.6,,61.3,6.2,10.7,34.1,0.5,,17.2,7.2
26011,1043.7,63.3,1089.6,2398.5,2490.5,813.6,55.9,69.9,342.0,392.1,638.3,496.2,19.9,252.8,4.9,9.3,643.0,550.0,677.6,29.1,317.5,4316.3,63.0,27.8,2759.7,485.9,7.5,60.2,629.9,26.9,,13.6,3.9,55.1,1434.9,2.8,,1038.3,13.0
26013,29.6,,,,,,,4.9,4.3,,,20.1,0.6,,0.5,0.2,2.8,,2.2,0.2,,42.3,0.9,8.6,,,,7.2,,6.3,,,,1.8,,,,,1.7
26015,4457.9,63.7,9624.7,4843.2,17387.0,58.4,44.3,134.2,388.6,599.4,205.2,3263.0,49.6,231.3,3.6,16.4,173.9,2014.2,180.0,7.9,11.7,15243.9,77.6,96.6,3699.2,212.6,38.2,229.8,5428.4,46.0,,4.2,24.6,97.5,1102.5,10.9,,401.9,34.2
26017,2469.9,113.6,4319.6,9382.0,9905.3,2918.9,92.8,177.8,1076.0,323.7,2733.0,672.9,74.0,954.0,20.2,30.3,2459.6,2111.9,2114.5,126.4,835.9,14830.2,225.7,49.1,10655.8,2567.1,30.0,224.4,2391.9,114.1,,21.2,16.1,94.7,5454.9,9.5,,3649.8,38.5
26019,282.7,,257.6,136.0,601.1,4.1,2.3,15.3,770.5,6.4,8589.2,339.9,0.4,13.9,1.5,1.1,23.4,58.8,13.9,12.1,18.4,1447.4,1.4,341.1,147.2,42.8,1.5,515.9,140.4,24.5,,28.5,1.5,3.3,11.7,0.1,,2.0,2.2
26021,2516.6,75.1,5929.6,2241.2,24786.8,221.8,181.2,268.9,7643.5,1335.9,15731.4,3480.9,132.3,37.5,24.6,85.3,485.9,903.7,476.3,221.2,1661.8,35270.4,85.0,1999.1,14485.2,754.8,47.7,3502.9,2291.5,791.9,,69.3,5.1,111.4,1461.6,7.0,,615.7,27.4
26023,7492.6,100.3,18884.4,9674.1,34176.3,191.2,104.0,139.6,469.3,1276.6,1571.1,5185.8,118.3,446.8,11.9,30.7,361.3,4026.3,142.7,19.0,17.9,36347.1,219.3,118.0,7955.9,515.8,75.1,348.1,11573.8,111.1,,7.1,49.9,234.2,2163.7,20.0,,1111.0,56.2
26025,7222.3,141.2,16501.9,8475.8,29814.7,92.1,75.7,163.8,295.2,1024.7,272.7,4722.8,106.1,394.1,3.2,19.5,349.0,3525.2,126.6,1.3,8.3,32254.9,172.2,73.3,6304.7,439.4,65.6,314.4,9847.3,58.0,,8.8,42.2,185.8,1890.3,19.9,,863.7,42.7
26027,1884.8,70.1,8176.9,2520.3,33949.9,320.4,110.7,380.1,1992.3,1072.1,2406.9,3035.2,127.2,52.0,16.0,39.0,622.4,1125.6,973.0,65.8,490.2,30067.0,113.1,898.7,20160.0,358.9,65.4,1374.8,3398.6,196.7,,13.4,2.3,109.3,2010.3,8.6,,730.8,45.7
26029,250.1,0.4,443.5,262.1,1041.5,15.1,2.4,38.6,255.9,1.9,2403.7,190.0,2.0,23.9,5.7,2.3,41.4,104.8,44.6,2.4,2.0,3100.4,5.6,103.5,253.6,8.8,2.6,189.4,231.5,6.8,,8.9,2.5,10.9,21.2,0.4,,4.7,8.5
26031,191.5,,76.9,48.0,237.4,14.1,1.4,36.2,84.2,3.9,13.3,125.5,1.7,3.0,6.4,2.0,19.2,39.3,61.8,0.7,30.8,178.7,9.1,61.5,69.6,2.1,1.9,53.6,81.8,4.0,,0.5,0.3,1.8,8.4,0.3,,9.5,10.3
26033,231.4,,6.0,15.9,81.7,1.9,0.9,13.6,19.2,,1.5,63.2,2.3,0.5,1.4,1.1,31.6,1.5,5.8,0.3,1.5,304.6,2.4,25.8,16.2,0.2,1.1,3.4,13.4,18.2,,0.5,,6.3,0.6,0.1,,0.2,4.9
26035,425.2,0.5,106.9,27.0,894.1,10.0,4.5,59.6,248.6,3.4,8.1,178.8,3.7,6.8,8.1,3.4,49.1,176.8,83.3,0.4,0.7,742.0,1.1,82.6,704.8,9.9,7.5,90.2,86.1,15.7,,1.2,4.2,14.2,110.4,1.5,6.8,14.3,14.6
26037,8167.0,188.8,16640.6,8720.4,30150.8,156.8,78.7,186.4,467.7,1043.7,442.7,4889.8,129.5,405.6,4.8,20.7,405.7,3648.5,210.9,9.8,40.2,37709.9,208.0,139.1,6783.1,536.1,66.2,362.8,10458.9,94.9,,13.3,42.7,235.0,2138.5,22.7,,1102.0,45.4
26039,15.7,,2.0,1.0,5.9,0.1,,0.6,0.8,,,1.4,,0.1,0.1,,0.5,0.9,0.6,,,10.5,0.1,0.6,0.9,0.1,,0.7,0.5,,,,,,0.2,,,,0.1
26041,737.3,,230.5,61.2,3136.8,148.8,4.3,70.1,215.8,1.6,318.2,165.5,6.5,22.2,6.3,3.1,339.6,33.2,260.1,8.9,136.8,2036.6,39.4,61.7,835.9,54.6,42.3,46.0,548.4,62.1,,1.4,2.4,16.5,24.3,0.8,,127.4,13.1
26043,177.7,,101.3,23.1,1378.8,2.9,1.4,22.2,124.1,0.7,214.6,59.9,2.7,9.8,3.2,1.2,147.2,14.6,10.4,4.5,0.5,248.4,2.5,21.6,314.4,35.0,18.6,21.0,40.7,28.5,,,1.7,4.4,10.7,0.1,,4.6,4.4
26045,7275.8,140.9,16000.9,8265.8,28890.8,108.7,73.1,166.3,505.4,993.8,665.1,4651.3,112.1,383.5,8.1,19.6,360.3,3441.5,191.9,38.7,18.9,32738.7,176.7,86.8,6583.6,544.1,63.5,335.0,9734.4,73.8,,8.5,41.5,187.3,1832.7,19.6,0.1,906.0,42.6
26047,205.6,0.1,429.9,237.3,1005.9,10.8,4.0,47.8,327.4,10.3,128.0,155.1,2.2,23.2,7.6,2.9,39.5,99.4,66.9,5.9,29.3,1928.2,7.2,64.3,260.8,6.0,2.5,71.2,204.1,4.1,,0.6,2.5,14.0,19.9,0.6,,6.7,11.8
26049,3192.8,90.1,7981.4,1176.8,12926.7,665.4,43.5,130.7,427.0,40.5,301.3,1320.7,131.8,150.4,9.8,16.1,651.2,1339.1,138.8,9.4,11.1,16958.4,299.7,58.2,5066.3,468.6,20.1,179.9,2346.3,90.4,,18.1,26.9,195.3,454.0,14.6,,97.8,27.9
26051,498.9,2.6,168.2,166.7,1433.6,113.5,8.5,63.7,233.9,10.9,49.9,185.5,11.9,39.2,7.2,4.6,72.5,313.9,141.3,1.6,64.3,1818.7,9.2,79.3,1363.6,20.6,11.9,98.9,355.7,20.5,,2.4,6.7,18.0,481.7,1.5,5.0,176.0,15.7
26053,19.1,,,,,,,0.9,,,,4.3,0.1,,0.1,,2.8,,0.5,,,4.4,0.2,1.8,,,,,,1.4,,,,0.4,,,,,0.4
26055,1176.0,0.4,1233.7,667.3,2877.9,38.8,11.7,73.9,674.7,8.6,27183.2,851.7,2.2,66.7,6.8,4.2,116.7,283.3,92.8,17.9,16.5,6871.2,11.9,363.2,876.7,22.5,7.1,1538.8,718.6,35.3,,95.5,7.0,16.3,55.7,1.6,,44.7,11.5
26057,5090.0,61.7,2126.6,3834.7,17376.4,2553.5,224.6,388.7,523.8,723.1,3574.6,636.6,228.2,461.1,9.3,36.7,1012.6,4318.9,1750.3,49.2,2005.4,31990.7,214.3,420.5,18910.0,322.9,150.1,551.9,7420.4,80.0,,8.0,84.8,139.2,5817.5,21.6,3.9,4126.1,70.3
26059,7688.8,157.1,16987.4,8717.2,30684.7,82.7,78.2,184.8,346.9,1059.4,134.7,5011.3,109.5,406.3,3.8,21.4,363.0,3622.2,142.8,2.1,2.3,33153.0,176.4,132.2,6450.3,451.1,67.5,356.8,10118.5,60.6,,9.7,43.4,195.4,1945.8,21.1,,871.9,46.0
26061,145.1,,18.3,5.5,248.6,0.7,0.3,13.3,14.8,0.1,5.6,50.9,2.4,1.8,1.0,0.4,36.9,2.7,3.9,0.3,3.0,124.9,1.6,20.7,44.3,0.7,3.3,5.6,7.9,11.5,,,,5.9,1.9,,,0.3,3.1
26063,6655.9,296.9,10684.3,23386.2,24265.4,7350.5,139.5,489.9,378.1,67.4,841.0,2137.2,101.4,2617.2,19.3,48.1,5997.2,5630.7,6686.2,227.8,2524.6,18077.9,473.0,89.4,20335.6,1875.6,73.5,329.7,6333.7,77.9,,66.1,38.2,112.9,14756.6,21.2,,9482.1,101.1
26065,6221.4,144.3,12769.4,6616.4,23165.2,77.8,61.8,154.5,370.5,810.7,447.8,3858.4,89.2,306.0,3.5,17.5,298.2,2759.7,130.5,3.7,7.8,26884.7,144.9,114.9,5080.0,366.7,50.9,286.1,7783.9,83.4,,11.0,32.7,154.7,1463.3,17.3,,728.6,37.0
26067,7411.6,126.2,17238.3,8734.6,31288.2,124.0,82.9,187.2,673.0,1083.7,163.2,5371.6,94.1,416.5,6.7,23.3,321.8,3647.3,243.3,20.9,27.8,28939.4,149.3,334.0,6931.2,437.4,68.7,501.0,9892.9,140.0,,11.2,44.4,166.0,2076.4,20.2,0.1,783.8,51.0
26069,372.8,1.1,452.6,274.2,1351.1,50.5,6.2,91.5,69.0,4.3,12.5,125.0,3.1,17.6,5.7,3.4,115.2,204.0,58.3,0.6,42.6,1071.4,13.0,50.1,311.1,31.3,10.9,83.3,243.1,3.5,,2.0,1.9,2.5,47.2,1.5,,49.1,8.7
26071,66.4,,6.0,1.2,81.4,0.2,0.1,4.6,173.0,,339.0,16.3,2.5,0.6,3.1,0.1,14.7,0.9,9.3,7.1,2.0,284.6,0.7,6.7,134.6,52.9,1.1,18.8,8.3,23.9,,0.1,2.6,1.4,0.6,,,,1.4
26073,2803.2,31.0,927.5,1765.2,7635.6,982.5,47.8,246.9,571.3,73.2,290.9,540.1,111.5,72.1,18.3,18.2,611.7,1802.8,628.6,6.9,416.8,15614.6,92.4,198.6,7703.6,150.4,65.4,368.4,3179.3,43.4,,11.1,37.0,77.7,1182.0,19.5,5.7,1573.8,51.1
26075,5623.1,105.6,12094.9,6081.3,22035.7,61.2,62.3,169.9,569.1,787.2,921.5,4062.0,61.0,294.3,4.4,20.3,242.5,2537.5,182.3,4.9,4.4,19001.0,96.0,152.7,4824.1,256.1,48.3,308.3,6791.1,123.1,,10.9,31.0,126.0,1386.7,15.6,0.1,473.5,42.9
26077,1110.6,55.8,6928.0,2111.4,28733.2,237.0,90.6,319.9,888.4,919.8,2701.4,1991.9,100.4,44.2,10.9,27.4,552.0,940.4,663.3,27.3,465.3,22947.6,80.5,170.5,17106.3,207.5,55.4,701.5,2717.9,121.4,,8.5,1.4,72.3,1702.6,7.7,,507.0,34.7
26079,288.8,,127.8,150.7,298.1,37.8,0.7,12.8,352.1,0.5,2493.3,43.6,5.3,6.9,7.9,0.7,13.0,29.1,84.2,33.9,57.4,537.4,8.2,16.8,548.8,28.7,0.7,47.3,276.1,25.9,,0.8,2.6,4.0,5.8,0.4,,39.2,3.8
26081,3608.6,27.1,6038.0,1685.4,25447.8,269.2,74.2,322.1,2659.0,785.7,3499.4,4813.8,53.0,39.5,16.4,79.0,495.9,764.8,1425.0,153.3,368.6,19787.9,38.2,3300.8,14653.1,165.9,48.9,2855.7,2419.3,458.9,,81.5,1.6,54.4,1493.1,6.7,0.1,395.1,44.0
26083,1.8,,,,,,,0.1,,,,0.6,,,,,0.3,,0.1,,,0.5,,0.2,,,,,,0.2,,,,,,,,,
26085,83.1,,256.3,15.8,223.6,1.6,0.7,13.0,126.9,0.4,12.6,69.6,0.6,1.1,1.3,0.8,3.9,21.6,30.9,0.4,,222.9,2.1,28.5,79.1,1.6,0.1,31.5,25.7,14.3,,0.2,,3.9,25.8,0.2,2.0,,3.8
26087,4843.2,117.8,9278.6,1317.2,14977.3,795.3,47.7,207.8,377.3,102.3,579.3,2716.1,153.2,191.2,16.2,29.4,762.1,1529.1,242.5,60.6,10.3,19780.9,349.3,122.7,5690.1,444.1,23.1,185.4,2714.6,142.9,,24.4,30.1,244.0,625.4,21.9,,126.7,41.9
26089,1370.5,,644.1,339.4,1502.7,9.4,3.6,35.7,913.4,3.6,61132.0,1598.9,0.8,34.8,3.0,2.1,58.9,146.9,23.4,33.0,5.6,5736.5,2.7,716.6,353.4,9.8,3.7,3299.1,485.7,68.2,,207.3,3.7,8.4,29.1,0.4,,1.7,4.3
26091,9460.7,350.6,27385.5,3489.6,44210.5,1794.1,136.4,362.4,1395.7,201.2,1540.7,1408.1,370.1,520.7,8.8,59.0,2090.8,4371.2,133.8,35.0,6.1,48519.0,870.7,55.9,17162.4,1182.9,68.2,379.2,7281.0,233.5,,74.3,94.8,561.0,1582.0,55.1,,321.6,73.2
26093,2148.6,48.2,5597.5,601.3,9042.7,264.5,28.9,96.3,136.0,48.2,155.3,1121.2,54.6,101.4,6.9,13.2,408.7,859.6,97.0,1.6,2.8,7264.4,128.5,57.6,3234.2,159.1,14.0,60.4,1302.1,61.1,,10.4,18.1,91.0,291.4,8.2,,31.4,20.6
26095,108.7,,3.2,0.7,43.9,0.1,,12.7,112.5,,220.1,27.9,2.1,0.3,2.5,0.2,11.5,0.5,8.0,4.6,,201.1,1.3,11.7,85.9,34.4,0.6,12.3,5.2,20.9,,,1.7,2.4,0.3,,,,2.4
26097,141.9,,25.2,5.2,343.0,0.7,0.3,7.6,1.4,0.2,,24.5,0.6,2.4,0.6,0.2,49.7,3.6,2.5,0.1,,93.2,1.1,9.5,59.2,0.4,4.6,4.7,8.7,7.1,,0.1,,1.9,2.7,,,,1.9
26099,1481.4,47.9,3214.3,771.9,5419.0,578.8,41.6,51.5,616.6,157.6,528.3,531.6,74.3,58.1,3.8,11.9,300.8,674.2,104.4,13.2,11.8,9503.2,168.5,30.4,2405.4,204.8,9.4,139.9,1217.9,90.3,,13.8,10.9,131.1,175.5,7.2,,151.7,25.3
26101,397.1,0.1,320.0,244.4,748.1,36.7,7.9,30.4,1353.3,43.2,6241.8,389.0,1.4,17.3,4.9,2.8,30.5,73.8,82.2,35.4,183.4,2145.3,9.8,397.9,283.8,51.7,1.9,408.0,264.2,33.2,,22.5,1.8,23.7,14.7,0.4,,35.9,7.9
26103,121.0,,31.6,8.7,430.3,1.1,0.5,13.3,116.2,0.2,214.8,41.5,2.4,3.0,2.8,0.5,52.8,4.6,9.1,4.7,1.0,190.3,1.8,16.4,150.9,34.0,5.8,21.3,16.8,24.4,,,1.7,3.4,3.3,,,0.8,3.4
26105,2006.9,1.9,3611.8,362.2,3177.4,166.1,55.9,80.1,3423.7,46.9,12217.2,1996.9,4.7,15.2,4.8,8.1,123.0,318.7,349.9,79.4,121.0,5934.8,43.4,624.5,2613.6,499.3,1.1,1575.0,953.1,191.7,,77.7,0.5,36.1,364.8,5.8,3.5,618.5,21.1
26107,1074.5,0.7,452.4,100.5,3760.4,168.4,20.8,151.6,1593.6,21.1,14180.7,489.3,22.5,25.2,39.4,10.4,159.3,787.5,431.1,118.4,110.9,2534.0,10.1,182.5,5210.2,122.3,31.9,301.9,678.5,117.0,,3.4,19.0,27.4,467.4,2.3,5.8,197.8,34.5
26109,1265.2,,807.8,174.1,10994.7,31.4,10.4,138.1,22.9,5.6,1.5,269.2,5.4,77.9,6.0,4.3,1137.2,116.0,36.1,0.4,10.6,1538.1,12.5,84.5,1909.7,12.9,148.1,86.2,311.0,65.7,,0.6,0.1,17.4,85.0,0.9,,11.9,17.3
26111,1319.9,14.5,517.9,853.9,4256.2,490.9,23.0,100.3,136.1,26.3,649.9,179.5,53.3,85.6,4.0,8.3,255.1,1001.4,286.1,7.9,232.2,7470.8,44.6,52.6,4295.8,79.1,36.5,152.0,1594.6,15.9,,3.1,20.7,29.6,1133.2,5.7,3.4,802.4,17.3
26113,735.2,,2639.4,1357.9,6134.5,46.3,18.9,146.9,352.0,8.3,209.6,273.6,3.2,143.0,11.9,7.5,241.6,596.7,133.0,3.1,2.5,7628.5,16.0,82.4,1666.1,32.6,15.1,181.3,1206.2,6.4,,1.1,15.2,20.4,115.2,1.9,,44.3,18.3
26115,5152.4,193.9,16325.4,2455.6,26454.5,1360.5,91.4,200.1,1569.6,146.2,1302.8,659.7,280.6,298.7,10.8,40.4,1313.8,2744.8,121.3,39.7,3.6,35117.7,634.6,24.8,11220.5,1194.3,41.3,251.4,4889.6,206.9,,39.4,60.4,410.9,880.5,30.8,,323.7,48.2
26117,3851.2,12.2,1559.6,1105.2,12825.6,2055.7,113.5,329.5,4298.8,206.2,62986.8,743.2,119.3,118.5,122.0,27.0,749.2,2988.3,2121.3,547.3,1051.9,13188.1,135.3,622.2,23621.7,331.7,110.0,833.2,4729.4,393.7,,13.6,66.7,72.4,1966.0,18.7,5.1,2199.1,79.0
26119,179.0,0.9,136.3,102.5,406.2,36.1,1.9,34.6,32.8,1.7,2.5,57.9,2.0,5.3,2.9,1.3,37.5,66.5,37.7,0.4,43.9,629.3,10.1,23.3,145.8,18.2,3.3,33.8,162.8,0.6,,1.2,0.6,1.2,14.2,1.0,,41.3,4.5
26121,862.5,3.5,5321.1,533.2,4656.8,109.2,19.8,96.2,866.0,15.1,3774.1,1343.3,7.4,22.4,5.5,7.8,74.9,470.7,193.5,46.4,24.7,6165.7,15.1,862.3,2034.1,68.4,1.5,857.1,757.2,73.9,,54.5,1.4,14.8,536.1,3.1,2.8,109.6,8.2
26123,1035.0,4.3,9459.9,859.2,8323.0,145.5,47.7,186.1,1161.7,80.9,3808.2,1363.2,10.8,39.8,11.1,18.2,108.6,830.2,236.5,84.9,178.6,9399.1,20.6,635.2,4345.3,107.6,2.8,727.3,1173.1,148.5,,26.4,2.0,27.6,955.6,4.2,7.2,153.2,21.1
26125,738.2,11.0,917.4,162.6,1536.7,66.3,10.0,26.7,179.3,31.6,82.4,518.6,13.4,17.4,3.1,5.2,91.7,170.6,43.4,2.4,0.6,1811.9,27.5,27.3,569.4,36.2,2.6,58.2,242.4,33.9,,3.5,3.0,27.1,49.7,1.7,,7.1,8.7
26127,3319.7,1.7,4740.0,441.7,4207.3,137.2,117.5,97.5,12298.8,273.8,42583.7,6147.4,4.5,19.9,5.6,23.2,73.9,416.7,377.4,240.3,745.1,10416.8,30.9,1509.1,3018.7,1956.3,1.6,4655.0,995.8,612.2,,268.7,0.7,54.0,481.0,3.1,4.5,511.9,19.4
26129,593.1,0.6,823.2,449.9,2450.9,50.6,11.2,165.3,111.4,6.9,15.3,207.9,3.3,32.0,9.5,5.9,203.0,362.9,88.4,0.8,47.1,1206.9,15.9,88.7,454.1,33.3,19.9,145.0,322.8,4.6,,2.2,3.4,1.0,85.6,2.6,,35.2,14.1
26131,142.3,,12.2,2.5,165.9,0.3,0.2,8.2,0.8,0.1,,25.9,0.7,1.2,0.7,0.2,32.4,1.7,2.7,,,89.4,1.2,10.6,28.6,0.2,2.2,2.6,4.2,7.8,,0.1,,2.2,1.3,,,,2.2
26133,648.9,0.2,195.3,15.1,1607.8,6.5,7.9,123.1,600.1,6.2,785.0,374.1,6.3,12.2,19.5,7.3,68.6,319.0,194.8,6.8,1.8,1099.8,0.6,143.9,1347.8,20.3,13.8,185.9,122.9,34.8,,0.8,7.9,29.1,201.8,1.1,10.5,5.7,31.9
26135,84.9,,49.0,27.0,149.8,2.4,0.7,17.5,29.3,0.6,3.1,47.9,0.6,1.9,2.5,0.9,12.2,22.1,19.9,0.1,0.2,81.7,2.1,20.9,28.0,1.4,1.2,22.1,11.7,1.7,,0.3,0.2,,5.3,0.2,,,3.9
26137,133.0,,108.0,68.5,323.8,29.7,2.2,37.8,165.0,6.9,343.4,107.4,3.0,4.2,7.1,1.9,27.3,57.5,81.7,12.2,77.4,252.4,14.4,47.3,184.9,17.6,2.6,56.4,224.0,11.9,,0.7,0.5,0.6,11.3,0.4,,24.9,9.0
26139,1958.4,34.2,7009.4,1658.0,29190.4,125.7,87.7,351.7,1778.2,935.9,6241.1,3271.0,62.4,44.9,12.3,50.6,515.5,882.5,827.3,62.4,429.1,18655.5,40.5,1151.9,16469.5,201.1,56.2,1446.6,2301.7,301.6,,68.8,1.1,55.3,1725.3,7.1,,277.2,38.1
26141,485.4,0.7,381.2,253.7,1151.2,93.6,5.6,86.9,616.7,6.8,1752.2,163.5,11.6,14.8,16.2,3.9,102.8,196.9,184.5,62.9,196.4,1140.1,33.9,70.3,764.7,99.1,9.2,126.9,739.7,63.8,,4.9,2.1,2.8,40.4,1.7,,87.1,12.7
26143,58.3,,2.6,1.4,7.8,0.1,,3.2,8.4,,,13.6,0.2,0.1,0.7,0.2,0.7,1.1,6.0,,,17.4,0.6,5.7,1.2,0.1,0.1,5.4,0.6,,,,,,0.3,,,,1.2
26145,5752.1,315.4,8204.9,16959.8,18684.6,3409.4,147.7,363.7,648.2,412.1,1777.5,890.0,140.5,1011.9,16.2,40.8,4766.5,3079.9,1338.6,78.6,553.4,33990.4,384.6,51.3,14803.7,3721.4,56.6,321.0,3082.1,91.2,,59.7,29.5,163.0,6421.8,20.7,,4149.1,54.9
26147,2920.6,83.7,7885.6,1626.9,12768.8,1046.3,43.5,118.1,274.0,63.7,113.3,1187.1,217.7,184.0,7.5,16.8,759.6,1470.8,110.3,12.4,6.0,26938.4,485.4,56.1,5087.7,571.0,19.9,139.9,3008.5,76.8,,12.5,25.5,321.1,681.1,13.6,,142.3,27.0
26149,7201.3,47.9,21730.2,10842.1,39250.2,440.2,175.9,140.3,1936.0,1947.3,4105.6,5947.5,120.0,511.1,44.9,34.7,281.9,4512.6,633.3,194.9,117.0,32037.3,242.5,334.1,11778.4,1102.6,86.4,490.4,13470.8,255.1,,2.9,61.4,294.0,2489.3,20.0,,1336.8,80.0
26151,6456.7,367.0,8422.3,17558.7,19144.7,3918.5,112.8,474.3,428.4,78.5,447.2,3565.9,163.3,1065.6,25.5,41.1,4943.4,3203.5,1552.0,53.5,515.5,40295.0,438.9,201.3,15563.7,3499.8,58.0,434.6,3247.1,75.0,,69.3,30.0,183.8,6720.3,23.6,,4792.4,83.1
26153,111.0,,19.9,18.1,270.4,151.6,1.1,10.7,88.9,0.1,161.1,44.1,2.5,2.6,2.3,1.0,30.5,3.5,260.8,5.8,128.5,910.8,36.0,17.3,288.6,25.3,3.6,10.9,482.4,21.7,,0.6,1.2,4.2,2.0,0.2,,100.7,3.4
26155,7865.5,224.6,12852.3,6998.5,23218.1,96.5,58.7,179.7,364.7,799.8,130.3,3797.0,140.2,316.4,5.5,16.2,437.1,2919.7,140.6,14.3,7.7,39339.7,222.7,83.4,5338.7,586.7,51.0,272.8,8944.7,52.2,,13.4,33.2,239.4,1653.4,22.0,,1118.3,35.0
26157,4554.9,213.5,7536.3,16211.6,17113.9,6086.5,123.6,336.1,445.7,274.3,1148.7,1681.5,111.4,1253.1,15.2,36.2,4302.6,3491.2,3247.4,115.6,1247.6,26640.8,386.0,104.8,15186.3,2473.3,51.9,302.6,3864.0,66.1,,39.8,27.0,136.8,7488.9,17.0,,5851.5,66.9
26159,1899.5,42.8,4645.6,1467.0,19433.8,202.4,301.8,231.4,6278.9,1825.8,13403.4,2822.7,76.6,30.1,8.7,43.7,348.5,655.4,1017.6,135.3,3185.3,22589.9,68.0,1886.1,11831.5,301.0,37.4,2288.4,1971.1,585.8,,89.3,0.8,104.7,1145.5,4.9,,523.4,31.8
26161,4887.2,149.6,11324.8,1414.3,18368.2,664.8,63.7,194.8,388.7,77.3,182.1,1692.5,135.3,206.1,11.4,21.9,862.0,1811.7,138.3,5.3,1.1,17926.9,318.5,76.8,6688.1,430.1,28.7,156.0,2863.8,107.3,,33.6,36.9,207.2,591.8,24.1,,64.3,39.0
26163,243.0,6.5,667.7,261.6,1206.1,138.2,15.7,8.2,248.9,45.3,85.3,100.2,20.8,11.9,1.2,3.4,75.8,185.5,18.4,3.6,0.9,2633.9,46.7,3.6,514.7,57.9,2.4,33.2,289.9,28.2,,2.8,2.2,34.2,39.4,1.0,,33.1,8.8
26165,242.2,,373.2,196.6,869.6,14.8,4.8,33.9,166.4,1.8,28.7,106.1,1.4,20.2,5.2,1.9,35.2,85.0,65.6,0.7,2.2,1315.4,7.7,45.3,323.3,4.8,2.2,52.0,205.1,1.4,,0.8,2.1,9.7,16.7,0.4,,24.5,8.9
27001,1806.5,,568.9,151.7,662.4,20.5,1.0,124.0,221.9,0.5,508.4,94.0,2.8,37.3,44.5,3.3,171.8,35.5,229.3,2.6,5.6,1767.6,33.3,42.4,1151.6,148.7,3.0,17.3,134.4,22.8,14.1,0.3,1.8,17.4,7.9,12.2,26.3,27.4,11.7
27003,658.1,,2677.5,367.5,3212.0,133.5,18.0,127.1,610.5,2.4,2222.1,408.0,4.6,92.0,91.2,23.4,188.2,159.6,181.6,66.2,198.2,3088.3,37.8,46.2,2916.9,303.6,14.7,73.0,515.9,62.8,2.2,9.0,4.4,26.9,47.5,6.6,4.1,88.1,23.4
27005,2365.4,20.9,703.1,1443.6,2967.8,1974.8,9.7,3662.1,21.4,76.8,2.4,2503.4,449.5,674.9,1.5,22.0,754.6,1990.3,45.0,7.5,213.8,10108.1,71.0,47.1,1804.4,141.8,73.4,29.2,5199.9,13.4,18.6,742.4,11.1,345.8,2279.2,62.0,,7029.1,8.9
27007,929.6,0.6,98.9,144.3,1720.4,91.0,2.3,298.5,619.7,2.2,5.0,238.6,19.3,31.5,10.3,15.3,280.5,110.6,458.5,0.9,358.8,2124.1,50.7,39.3,1491.1,17.5,17.6,33.9,391.5,130.5,26.5,55.3,6.8,65.7,3.8,64.5,,246.5,34.1
27009,1510.6,20.7,16821.1,1736.3,11713.1,534.1,10.3,315.9,930.9,19.4,979.1,766.0,27.6,361.8,22.2,16.4,1976.1,714.2,109.4,31.9,178.9,15501.5,35.3,21.5,5484.3,491.9,122.8,531.0,2255.0,306.0,12.4,18.3,56.0,129.9,66.3,6.4,23.2,1877.4,50.5
27011,1883.6,60.6,5727.4,5588.2,9759.6,965.0,43.9,1954.8,258.0,324.4,,1107.0,59.1,363.8,7.0,27.4,3946.7,1874.1,603.8,8.2,236.7,43993.1,265.4,4.2,5985.3,129.4,308.1,1070.3,3592.4,61.3,7.5,212.8,139.8,171.5,125.4,3.3,,4044.7,28.4
27013,2081.0,54.0,67409.6,8185.3,41751.3,1175.4,146.1,558.5,956.9,174.7,97.4,1692.4,113.3,1785.5,16.6,51.0,7058.6,7913.4,105.2,50.4,656.9,75985.8,350.3,23.1,26483.6,283.6,300.8,2282.9,9021.8,147.8,16.8,61.4,139.4,218.2,1339.5,13.9,15.4,4645.6,9.4
27015,2073.7,48.4,52462.7,6435.1,33565.6,1812.3,168.6,465.4,1685.0,305.2,20.3,1392.6,88.3,1394.4,23.9,145.1,5581.9,7098.1,282.9,127.7,555.7,60125.9,344.2,38.1,22402.1,222.6,245.2,1776.1,8521.8,247.5,18.7,187.2,108.3,207.1,1161.5,24.7,17.1,5093.6,28.1
27017,860.9,,455.6,29.3,526.7,6.2,0.6,15.0,231.1,0.4,111.5,77.5,0.8,27.3,12.5,3.4,84.4,17.2,288.4,0.6,1.3,112.2,27.5,51.3,292.1,34.4,2.4,11.4,63.5,23.0,9.3,0.1,0.5,18.6,6.1,0.3,17.5,2.9,14.2
27019,1142.9,35.2,17023.6,1954.7,11804.0,453.6,9.2,340.6,316.7,18.8,10.1,678.2,27.6,363.8,8.1,12.0,1922.5,781.2,12.8,0.8,29.9,22868.7,51.2,19.3,5058.5,81.5,124.1,479.5,1600.4,236.7,3.1,13.9,48.1,65.2,64.7,7.4,5.7,1305.8,48.3
27021,628.7,0.9,135.3,123.0,2346.6,48.3,1.1,86.8,231.1,3.0,2.4,161.8,7.2,12.5,4.0,6.1,284.1,153.0,163.6,0.3,3.9,1879.2,20.0,14.3,2005.2,8.7,24.0,41.4,446.9,50.4,30.5,9.0,9.2,13.9,5.5,11.4,,51.8,14.6
27023,1103.6,61.1,9666.3,9305.8,16596.4,1516.1,128.4,938.2,1235.4,424.7,,3923.4,841.1,2456.8,11.3,44.4,6391.5,5294.3,154.9,101.6,724.3,46900.8,293.3,3.7,11044.8,274.5,523.9,1571.8,4177.2,357.7,5.0,86.9,233.2,377.0,1981.8,1.5,,4038.4,144.4
27025,1315.3,0.1,6846.5,1195.3,7780.2,162.7,10.0,208.1,305.8,6.1,71.4,1013.9,10.9,235.3,6.5,9.5,430.1,343.9,304.5,3.3,87.8,11609.2,111.9,58.2,1579.2,107.1,35.8,194.8,1170.1,42.1,5.6,1.1,3.1,38.9,91.5,4.2,10.4,154.6,25.7
27027,7159.0,42.9,1174.2,2752.6,4893.5,4290.8,18.0,10386.8,146.5,213.0,1652.2,10274.8,2816.3,3329.7,13.3,40.9,1381.3,8963.1,852.3,50.0,637.1,22057.1,116.4,27.0,3197.4,350.2,122.8,431.7,11567.0,64.7,21.9,2111.6,33.7,836.7,17262.8,173.7,,16140.4,28.0
27029,707.0,1.7,118.2,187.7,517.1,155.5,1.8,464.8,1.2,51.6,1157.7,237.4,37.1,46.5,7.9,14.9,210.4,170.1,533.8,12.4,18.5,2106.8,25.9,48.8,416.4,86.8,12.3,265.2,849.2,32.3,27.3,74.8,12.5,38.9,4.8,7.4,,1045.4,0.8
27031,2.5,,,,,,,,3.4,,0.5,0.2,,,0.1,,0.5,,4.4,,,0.5,0.4,0.8,0.8,0.2,,,0.1,0.1,0.1,,,0.2,,,,,
27033,2988.8,71.9,51627.0,5629.8,30250.1,586.4,1248.5,1199.6,437.8,194.8,0.5,591.8,29.2,688.3,13.3,2.2,7700.6,3130.6,2.0,12.0,175.6,58427.4,517.5,0.2,16638.2,156.4,436.4,2124.2,8389.0,193.2,38.4,1.7,132.8,88.4,274.9,16.4,29.8,10219.9,14.8
27035,1246.1,,2387.3,187.4,2744.3,44.2,4.1,68.4,211.1,2.1,7.6,358.4,1.1,95.5,4.0,6.7,203.1,97.8,281.9,0.8,13.0,855.0,32.2,55.2,443.2,12.7,12.6,60.8,337.3,25.0,12.3,1.5,1.1,22.7,33.4,0.9,23.0,6.8,18.6
27037,3108.2,25.6,27138.3,5615.5,27454.2,1947.7,151.3,503.6,1277.7,340.8,3736.9,1335.5,86.4,1289.8,31.4,139.3,3397.7,1887.4,736.4,93.0,174.5,30241.5,369.2,58.3,16073.2,2883.0,211.6,1990.9,5682.1,157.0,20.1,69.9,100.7,140.0,1375.7,4.2,21.6,1884.7,79.4
27039,2556.1,16.5,28557.2,6107.2,29179.9,1940.1,127.1,516.3,1257.2,240.2,6.4,1327.7,88.7,1350.5,6.4,165.5,3549.0,2066.2,395.7,80.5,181.8,34224.8,391.0,32.4,16658.0,363.4,224.0,2201.9,4796.2,74.5,12.8,84.6,99.2,98.1,1464.9,3.0,13.8,1472.6,69.9
27041,1116.9,33.6,3785.0,3638.4,6447.5,579.1,31.0,1120.2,523.3,767.9,11.0,698.4,40.9,235.8,13.3,18.6,2613.9,1180.2,321.0,7.8,144.8,25026.5,156.6,22.7,3985.8,89.1,203.8,670.4,1885.7,149.8,8.8,112.7,92.3,121.2,87.3,2.0,,2725.2,47.6
27043,1992.3,45.5,78806.3,9234.5,49606.4,2015.3,212.2,652.9,1757.9,134.0,38.9,1954.0,117.5,2082.1,22.2,135.1,8185.8,9869.9,184.9,126.3,705.9,80781.4,418.9,10.7,32140.1,304.7,359.9,2600.3,10841.0,128.2,7.1,164.2,165.0,244.2,1654.7,15.3,6.5,5535.5,19.4
27045,9741.7,146.2,43497.4,8431.7,41895.6,716.2,90.6,797.3,1226.6,1272.9,15.1,2285.4,96.5,2114.6,15.5,74.1,5603.5,2777.9,2132.4,22.2,196.9,39185.5,416.4,188.9,20068.3,429.3,329.7,2801.2,5644.4,365.3,116.0,13.3,151.3,145.0,2079.3,4.6,124.5,3402.0,93.7
27047,2143.8,60.1,63216.2,7579.4,40232.9,1873.1,188.7,516.5,1828.0,278.9,944.7,1639.3,108.4,1673.9,142.5,152.6,6677.1,8331.3,295.4,237.8,582.5,69088.0,317.4,33.6,26574.4,441.0,293.2,2110.8,8965.8,275.5,26.0,180.2,184.5,201.0,1375.9,10.9,23.8,4487.6,16.8
27049,6576.3,84.1,39755.0,8112.5,39899.6,2297.2,162.8,730.4,1807.8,976.4,16.9,2063.9,99.5,1909.8,13.9,184.2,5048.1,2682.0,1694.5,85.1,270.1,39565.3,455.5,143.6,21597.7,426.0,308.6,2728.7,6270.5,290.0,66.6,85.5,138.1,188.2,1996.0,4.9,71.5,3217.9,123.7
27051,2223.3,59.9,6051.8,6321.3,10289.3,1105.4,46.4,2366.6,299.9,354.0,,2718.0,346.9,1124.0,7.5,27.3,4238.0,2802.9,836.4,23.0,802.2,44145.2,274.0,5.0,6489.6,277.6,325.6,1131.8,3901.1,67.2,5.3,294.3,147.7,261.6,742.2,3.0,,4189.6,47.5
27053,957.5,0.1,5060.7,931.3,5856.6,176.9,15.8,149.5,369.1,4.5,127.6,775.9,8.5,171.8,4.5,17.0,313.2,283.1,191.9,8.0,141.0,9425.1,84.2,48.1,1381.5,84.4,26.9,150.1,928.0,48.0,2.4,8.2,2.2,33.0,75.0,3.5,4.5,137.9,24.6
27055,4659.4,75.6,15697.7,2858.9,15024.5,205.2,33.8,292.0,786.8,937.2,8.0,1041.1,26.3,773.4,9.7,25.0,2063.5,938.9,1603.6,4.4,52.7,11399.4,118.0,141.2,6873.5,131.3,118.5,926.9,1925.7,277.4,60.1,0.5,54.6,81.9,744.6,1.7,64.5,2067.6,63.2
27057,329.4,1.3,324.6,1412.7,5576.7,1287.6,2.2,123.8,175.1,7.1,6.6,348.1,15.4,17.8,3.5,7.7,259.3,360.3,383.6,11.6,2784.6,3659.3,21.4,13.3,5277.7,8.7,57.7,165.7,1393.6,42.4,11.0,66.2,22.2,369.2,12.9,12.0,,1228.2,15.1
27059,1639.4,0.1,10129.2,1779.6,11489.5,233.2,11.4,292.8,251.0,9.0,33.1,1467.5,15.9,344.3,6.6,10.9,611.0,506.1,315.8,1.2,39.1,17269.4,154.2,66.0,2269.5,152.4,52.9,279.6,1723.6,36.3,5.2,1.2,4.5,44.8,134.1,4.8,9.8,228.9,30.5
27061,188.3,0.4,17.4,24.9,300.2,19.5,1.3,11.6,220.6,0.4,90.8,32.0,5.4,1.7,3.6,4.5,76.4,25.4,118.3,2.9,18.4,451.5,13.1,12.0,306.3,17.2,2.9,9.9,105.5,39.2,10.0,0.4,1.4,11.0,1.6,0.1,,54.8,9.2
27063,2918.3,71.9,54891.4,6062.1,32162.8,632.6,1327.6,1234.2,466.1,156.8,2.5,628.3,32.0,729.0,13.3,1.9,8187.0,3348.2,1.5,12.9,193.2,63755.8,566.3,1.0,17693.7,169.8,464.1,2273.1,9169.1,174.8,35.3,0.5,141.2,94.0,292.4,17.2,27.4,11061.4,11.2
27065,2426.6,,5725.4,760.2,6503.4,105.1,6.1,238.7,273.6,5.1,10.3,838.0,6.1,213.9,5.2,7.6,461.6,256.3,375.4,0.5,16.5,6361.7,80.8,67.0,1111.9,58.9,29.9,153.3,882.4,35.0,17.9,0.1,2.5,31.9,75.5,10.5,33.6,79.4,26.2
27067,2612.2,88.9,37702.8,5267.9,27014.8,2121.9,50.9,778.9,661.4,37.9,3.3,2024.9,170.3,1249.1,16.4,98.5,4304.3,3875.7,211.5,37.8,677.8,56333.0,131.0,19.3,12554.1,190.6,277.4,1081.9,4164.8,302.7,8.4,91.6,106.3,501.7,2648.1,16.8,15.7,2653.8,102.8
27069,6274.0,17.1,138.0,792.6,592.7,1924.0,11.4,9901.1,103.1,101.6,1188.2,7699.4,1677.6,2350.8,8.1,44.8,388.4,4607.1,624.2,32.0,475.0,11126.9,53.9,26.2,516.1,170.9,14.4,323.5,5201.0,32.8,26.8,2020.9,13.1,436.8,10351.4,160.6,,8683.9,25.2
27071,211.8,1.2,14.1,54.7,247.2,34.7,0.1,75.1,258.2,0.3,70.7,54.3,7.8,7.6,4.5,4.4,61.5,22.3,163.2,1.9,2.0,1204.6,18.9,15.1,261.6,20.4,2.5,7.9,100.7,49.5,5.9,13.3,1.2,14.5,0.6,16.5,,102.0,11.8
27073,1794.0,88.7,12285.1,11472.2,20891.6,1589.9,94.3,1549.7,558.6,709.8,,828.7,80.4,625.3,15.2,15.5,8268.9,3594.0,236.4,11.9,242.2,66343.6,392.0,10.2,12793.2,188.8,660.9,2050.7,4791.9,137.4,15.7,82.0,299.9,229.2,269.0,2.3,,5641.5,62.2
27075,10.7,,,,,,,,9.8,,,2.6,,0.1,0.1,0.1,1.8,,12.8,,,4.4,1.2,3.8,,,,0.3,,0.2,0.3,,,0.9,,,,,
27077,1236.6,0.5,21.5,33.7,376.4,17.2,3.1,884.1,256.4,0.5,225.3,407.4,6.8,89.5,5.1,8.9,211.4,26.1,113.3,6.4,691.4,2563.0,11.5,7.7,483.2,40.5,3.8,18.3,356.7,39.7,8.3,183.4,2.3,48.5,0.8,227.4,,535.2,7.5
27079,1748.2,47.7,32629.2,4011.4,20283.8,644.8,75.0,297.5,526.1,231.9,4.7,884.4,55.7,873.5,16.3,34.9,3540.3,3902.4,157.3,29.5,324.2,37921.9,182.5,28.8,12934.6,141.9,146.3,1119.3,4623.1,181.8,27.7,46.8,67.5,117.9,656.3,14.5,25.4,2714.2,12.8
27081,4233.6,93.4,25725.5,3017.6,15083.4,317.2,622.4,929.2,257.5,428.4,,301.2,18.4,366.0,11.7,5.9,4327.3,1613.1,4.9,6.3,102.5,33879.2,302.0,,8298.9,94.4,217.6,1099.1,4854.1,297.7,73.4,13.2,66.2,68.3,137.5,14.9,56.9,6576.6,36.8
27083,4395.7,102.7,51131.6,5721.1,29964.4,596.7,1236.6,1349.2,444.2,279.7,,607.0,37.1,699.5,14.5,4.2,7898.8,3185.5,3.0,12.8,194.3,61148.2,543.5,,16480.8,164.4,432.3,2133.5,8805.2,244.2,67.3,7.8,131.5,107.7,293.2,19.8,52.2,10895.5,22.4
27085,1889.9,72.1,27957.1,3624.1,20123.5,1294.2,42.0,560.6,479.9,29.3,7.4,1132.4,67.9,669.8,12.0,80.9,3170.5,1962.6,89.0,20.0,93.1,44762.5,107.7,12.5,8834.2,152.6,205.9,780.8,3204.3,201.2,3.9,47.0,78.8,148.4,565.3,12.5,7.4,1514.7,74.5
27087,1592.7,12.0,316.4,849.6,1320.2,1411.6,4.4,2412.4,11.3,38.3,,1543.5,194.2,350.2,0.6,10.6,362.6,931.6,57.3,4.7,206.6,5640.7,39.2,17.1,822.9,77.5,33.1,28.2,3056.0,5.6,9.0,475.2,5.0,257.2,900.1,38.8,,4316.5,6.5
27089,9541.4,32.9,249.5,2038.7,1055.4,4900.6,20.9,15960.2,154.7,167.1,1529.4,11746.6,2267.7,3287.4,10.6,80.4,766.4,6580.0,989.0,50.4,1198.0,21742.9,111.7,37.4,907.3,285.4,26.1,578.7,10075.9,43.5,42.1,3031.6,17.9,1055.3,13605.2,239.3,,16860.6,42.0
27091,1937.5,50.4,77502.1,9131.5,47765.8,1200.1,157.1,630.5,825.0,131.7,,1908.7,118.4,2049.5,15.5,34.2,8050.5,8835.4,106.7,47.5,722.7,81369.6,405.8,10.5,30205.1,299.3,343.4,2573.7,10307.3,117.6,11.2,40.1,160.3,239.8,1513.9,12.7,10.3,5482.8,11.1
27093,2454.1,87.3,30866.5,4282.9,21764.6,1314.8,31.2,695.5,394.3,36.4,23.1,1345.7,69.0,699.2,11.6,47.6,3579.1,1813.1,122.7,12.1,209.0,53310.6,128.3,15.3,9626.0,184.5,226.1,862.9,3405.3,227.5,7.0,54.5,87.1,193.7,313.1,15.4,13.1,1892.5,76.9
27095,1544.4,,6346.0,851.5,7206.2,120.2,6.9,181.7,225.2,5.7,9.9,928.0,6.6,225.3,5.0,7.9,415.3,286.5,305.3,0.4,10.1,7172.7,80.0,57.4,1256.6,65.5,33.1,170.7,983.4,30.6,10.7,0.7,2.8,28.8,84.1,2.7,20.0,89.7,24.2
27097,3444.2,13.7,25737.9,2700.7,17906.7,1145.0,13.5,496.1,1479.0,25.7,1061.6,1563.9,35.3,564.5,32.8,30.0,3241.3,979.5,261.9,42.5,730.7,14890.5,40.7,51.2,8849.8,537.5,187.7,816.9,3338.0,672.5,39.1,51.2,82.0,406.3,98.2,9.6,73.1,4038.9,101.9
27099,5110.3,38.9,51781.7,11392.7,52194.6,3215.8,229.4,934.2,1873.5,299.1,6.1,2361.7,176.6,2453.7,9.9,246.0,6461.0,3813.5,524.7,118.5,391.0,67156.9,793.8,39.1,29675.9,707.9,403.0,4210.2,9521.5,92.3,30.4,121.1,179.9,229.8,2613.8,5.6,32.6,2780.0,108.8
27101,3704.3,98.8,53942.6,5942.8,31610.7,618.7,1304.6,1256.8,474.6,366.7,,621.4,31.8,720.2,16.4,4.4,8237.3,3284.2,4.0,12.6,187.0,62272.1,551.9,,17387.1,168.7,456.0,2229.3,8932.6,301.1,62.9,1.4,138.8,102.6,287.3,17.5,48.8,11173.5,30.0
27103,1402.8,39.1,42123.5,5087.5,26429.8,989.3,108.1,355.4,874.8,150.5,11.0,1074.5,69.4,1120.3,13.4,64.7,4451.6,5244.4,107.0,56.0,398.0,46586.2,220.2,16.9,17022.1,172.9,191.5,1415.9,5726.2,125.3,15.8,81.4,87.1,137.3,874.7,12.2,14.5,3009.8,9.9
27105,3760.0,102.9,52988.2,5979.9,31053.0,624.3,1281.6,1207.9,481.9,299.7,15.4,609.3,33.6,706.5,15.1,5.0,8122.4,3261.8,3.2,12.8,197.5,64198.2,571.7,3.3,17087.5,172.7,448.0,2216.8,9233.7,258.6,65.7,1.7,136.3,102.7,282.5,17.6,50.9,11402.3,23.8
27107,5757.7,35.4,675.7,2003.3,2811.4,3735.7,9.4,9347.7,133.6,140.7,151.7,8352.1,2085.7,2591.4,2.4,49.9,824.0,6409.1,185.5,29.8,743.8,17146.7,93.0,13.7,1794.1,222.9,70.7,103.1,9655.6,16.4,12.8,1862.5,12.1,753.1,12697.6,150.8,,14039.7,24.8
27109,6128.6,85.6,31558.1,6426.8,33011.6,3050.1,194.8,579.0,2072.3,737.8,41.8,1635.4,76.4,1521.6,11.7,242.8,4053.3,2166.0,1314.9,120.1,215.4,30261.3,369.7,111.0,19343.6,326.5,250.9,2109.9,5525.4,225.7,67.9,127.2,109.5,173.3,1662.7,3.4,72.9,2672.0,135.9
27111,3567.9,67.6,10993.1,11686.0,18842.2,1747.0,87.7,3675.9,1813.4,2859.7,5680.0,3553.3,201.3,848.9,97.6,70.7,7571.9,3260.2,1868.6,130.1,2168.4,57652.8,370.5,86.1,12849.3,1182.6,591.7,1851.7,7295.6,735.2,44.0,449.9,310.3,403.2,355.9,6.3,,9129.9,176.3
27113,2835.1,15.7,52.7,481.1,230.2,1412.9,3.0,4379.7,17.9,31.1,,1814.0,81.6,407.9,0.1,25.7,220.6,115.6,33.6,3.2,255.3,7921.4,47.0,28.8,171.4,102.1,5.5,47.7,3918.6,0.9,17.8,816.8,0.8,262.2,2.2,67.4,,5963.8,9.1
27115,2683.6,,6501.4,722.8,7393.9,107.9,7.2,187.0,430.3,5.8,12.2,960.1,5.4,248.0,7.8,10.6,504.6,275.8,588.0,0.7,13.3,5297.3,92.7,108.4,1192.2,53.8,33.9,170.5,953.2,51.3,24.2,0.6,2.8,44.9,86.1,2.7,45.4,62.1,37.6
27117,4170.7,133.2,27385.0,2964.0,16059.4,308.7,662.3,714.8,256.0,329.9,,318.2,16.2,375.0,10.5,5.6,4686.6,1655.1,3.7,6.4,91.4,30798.4,270.2,,8825.2,85.1,231.5,1122.5,4377.0,240.3,115.1,2.4,70.4,58.1,145.8,9.9,89.2,5748.4,28.0
27119,12665.6,57.5,507.7,5435.5,2130.6,12585.1,7.2,19378.1,231.9,269.4,5412.6,22279.2,4950.8,5935.9,36.8,38.8,1018.8,15447.0,3406.4,128.3,2456.9,30761.9,228.4,34.4,2146.2,628.6,53.0,1641.4,17432.0,148.1,32.8,4196.8,57.5,2623.0,30373.9,316.6,,28046.9,76.2
27121,1266.5,50.9,7857.4,7496.4,13458.7,1139.5,86.0,1135.2,932.4,855.5,1146.8,1133.0,105.2,519.9,26.6,31.9,5250.2,2449.9,380.9,58.7,455.6,39785.5,247.5,20.1,8856.5,300.1,424.4,1285.7,3611.3,316.7,16.4,101.8,199.2,178.4,307.6,3.0,,4138.7,96.9
27123,14.0,,112.4,7.7,139.0,7.1,1.0,3.0,22.6,0.1,29.0,16.1,,3.8,1.1,1.4,6.6,6.7,0.6,0.7,8.5,16.6,0.2,,61.9,3.8,0.6,2.8,21.2,2.2,0.1,0.6,0.1,0.4,2.3,,0.2,4.0,1.0
27125,2074.1,15.2,153.9,599.5,644.7,1389.5,3.9,3104.9,9.4,54.0,856.3,1507.4,121.9,347.5,6.0,12.8,230.9,388.4,412.4,11.2,177.3,6725.7,41.2,16.0,507.5,139.4,16.1,206.4,3873.9,24.6,8.0,627.2,10.3,242.6,317.2,51.9,,5484.1,7.2
27127,4120.8,91.5,71858.6,8195.2,42676.1,1893.5,1803.1,1709.2,1840.9,257.7,4.1,1058.5,102.0,1023.2,20.3,162.8,10750.2,5669.2,105.1,125.1,315.2,88021.9,826.8,0.2,24672.9,249.7,629.9,3006.7,15316.5,269.5,40.9,89.9,184.4,179.8,746.3,25.2,31.7,15540.8,96.3
27129,3475.4,183.9,68565.3,9701.6,54662.8,6851.1,298.0,1251.4,2693.8,74.8,25.7,3308.8,480.2,2952.2,44.6,680.5,7640.0,12317.6,779.1,202.0,774.8,113899.0,346.6,6.5,25652.6,376.5,520.0,1915.1,11930.8,267.5,3.9,273.6,191.8,999.9,9129.7,26.1,7.3,3475.8,261.3
27131,2160.8,79.0,31874.9,3800.9,19635.1,477.9,64.0,268.4,429.6,427.9,42.0,958.0,52.8,859.1,26.1,18.6,3587.3,3627.1,248.2,16.5,301.8,34638.5,163.5,62.0,12345.8,134.5,141.1,1093.6,4182.2,324.5,58.4,17.1,66.0,120.4,620.5,7.7,53.5,2908.7,18.7
27133,3270.2,99.0,38671.5,4284.2,22665.3,446.1,935.2,873.8,339.2,259.4,,445.4,23.1,515.7,11.7,3.0,6068.2,2361.0,2.8,9.0,136.2,45252.9,401.7,,12463.7,122.5,326.9,1603.6,6496.6,213.8,72.6,0.2,99.5,74.3,205.9,12.2,56.3,8110.6,21.2
27135,5451.6,3.0,172.9,318.1,728.8,333.8,35.2,7326.6,44.2,80.7,2.4,2712.4,84.3,649.4,0.4,75.1,615.1,282.7,36.4,7.0,377.5,9883.7,29.8,49.0,437.4,35.1,18.1,122.7,1984.6,3.1,25.6,1223.8,2.8,126.1,43.8,101.4,,5025.4,13.2
27137,385.6,,16.3,14.8,28.3,3.9,0.7,4.8,191.4,,14.3,24.9,1.0,4.7,3.2,1.9,71.0,1.1,245.2,0.8,9.4,189.1,23.1,52.0,26.6,2.3,0.1,1.5,7.9,6.0,10.5,0.6,,11.6,0.7,0.5,,0.9,0.5
27139,806.4,25.8,11204.2,1356.2,7920.9,397.4,11.7,194.9,346.6,14.5,16.5,470.7,20.7,237.6,6.6,22.7,1279.3,591.5,19.9,4.9,28.2,16511.8,39.2,13.9,3423.6,60.6,82.1,343.0,1154.2,193.6,4.9,7.9,31.6,49.3,52.5,4.0,9.1,1042.7,37.8
27141,644.6,16.0,9749.9,1269.8,7212.7,741.1,23.2,171.5,2088.1,18.1,2955.4,561.0,38.4,206.0,46.9,47.7,1105.2,619.7,310.3,99.2,273.1,11328.6,35.0,13.8,4347.7,1353.7,72.4,453.9,3161.6,282.5,3.8,29.1,52.8,122.9,67.3,3.5,7.0,2342.9,36.1
27143,1979.7,93.7,37046.3,4833.8,28422.8,2808.1,122.6,678.7,1171.7,52.9,37.5,1488.5,82.2,855.1,21.0,266.9,4131.0,3266.2,288.7,68.3,214.4,58219.3,167.6,8.3,12869.4,194.3,277.8,1023.4,5608.4,201.2,3.1,104.2,103.9,206.5,747.3,14.3,5.8,1765.3,124.4
27145,4795.1,73.6,56180.5,5525.6,39509.2,1713.2,49.6,1185.3,1915.1,63.8,211.4,2363.8,87.1,1274.1,40.0,102.1,6528.0,2789.0,137.3,22.6,210.1,53872.4,137.3,94.1,17190.1,286.5,411.1,1578.8,5741.0,1189.8,29.7,68.0,160.3,256.9,541.0,23.9,55.5,5926.9,209.2
27147,1406.9,38.5,44282.0,5203.8,28843.5,1918.0,170.0,367.3,1868.2,282.0,0.7,1188.3,65.2,1171.7,22.3,171.6,4680.7,6384.8,327.6,136.3,379.8,45012.9,261.3,34.6,19384.4,168.1,212.2,1455.6,6774.1,229.9,16.3,205.8,91.3,157.3,1037.3,10.1,14.9,3706.0,30.6
27149,1815.3,62.4,9167.8,8805.4,15613.7,1227.0,70.6,1836.5,406.9,490.6,,1506.4,137.2,697.1,10.7,20.1,6137.5,2876.7,502.1,16.7,539.0,47254.3,282.8,6.2,9656.1,225.3,493.2,1525.1,3767.2,95.2,8.0,176.2,223.8,198.9,365.7,2.7,,4201.6,50.5
27151,1641.4,81.7,12437.0,12155.0,21146.0,1698.5,95.4,1386.5,534.9,649.6,,1471.6,168.4,835.0,14.3,28.5,8479.1,3808.2,220.1,28.7,1057.9,62402.6,375.9,7.6,13175.5,377.7,669.1,2061.0,5484.3,125.0,11.4,77.7,303.6,283.3,451.2,3.6,,5404.8,66.1
27153,3169.9,23.0,18000.9,1880.2,12507.7,550.2,9.9,495.9,1348.8,22.8,713.9,952.9,36.8,411.3,26.9,33.4,2392.2,747.3,108.9,24.2,235.9,17407.3,46.4,51.9,5745.4,393.5,131.2,553.5,2798.9,681.5,27.5,41.8,57.0,417.8,67.6,10.9,51.5,3808.6,90.7
27155,2460.1,75.7,8181.5,7946.6,13909.9,1280.5,62.8,2578.6,387.4,462.9,,2526.3,343.6,1195.1,10.0,24.2,5581.8,3392.4,821.9,16.7,369.7,55516.5,334.8,6.4,8574.2,193.3,440.2,1471.0,4247.9,89.4,6.8,288.5,199.7,272.9,762.2,2.6,,5079.9,55.6
27157,5149.3,74.7,24366.6,4495.8,24676.4,1446.5,101.6,451.7,1462.7,902.0,74.4,1448.4,38.8,1181.5,11.3,131.2,3129.3,1511.1,1550.1,60.0,95.1,17160.8,184.3,134.4,12880.8,191.6,190.0,1437.9,3252.1,279.9,59.3,61.7,84.6,98.8,1235.5,3.2,63.7,2277.8,98.1
27159,983.1,2.0,5686.6,772.3,3956.5,423.2,2.8,110.0,862.0,5.7,901.2,495.3,16.0,127.8,18.6,9.6,749.1,209.2,151.0,31.4,352.1,3057.7,10.6,19.5,2400.0,421.8,41.5,230.1,1188.3,278.1,11.9,19.5,23.9,169.7,21.4,2.0,22.2,1835.1,32.7
27161,1131.3,28.8,37976.9,4516.2,24373.7,1316.2,125.3,318.7,1282.5,172.9,4.1,987.8,58.7,1004.9,14.8,111.5,3991.5,5174.2,159.5,90.5,341.2,40011.4,203.5,21.4,16112.3,148.6,178.3,1259.8,5358.6,143.6,9.3,135.9,78.4,125.1,849.3,9.9,8.5,2828.1,15.4
27163,1331.7,0.1,7157.5,1046.6,8315.6,240.6,21.6,234.7,443.5,6.4,123.2,1107.2,8.6,245.1,9.1,25.7,447.8,375.4,332.9,8.7,86.4,9359.1,97.7,69.0,1885.9,93.4,38.1,209.9,1249.0,62.8,5.3,10.7,3.2,38.8,108.3,6.4,9.8,137.6,40.3
27165,1282.4,33.6,46475.2,5688.1,28577.9,648.6,90.1,386.4,438.0,87.4,7.8,1146.9,78.5,1230.9,9.7,14.3,4851.8,5286.8,37.9,19.0,458.7,53466.5,240.4,7.5,17969.3,197.5,205.3,1577.9,6163.6,76.4,7.6,20.6,96.1,147.6,900.5,11.8,6.9,3139.8,3.2
27167,5470.1,75.2,3227.1,3696.1,5489.9,1031.8,24.8,6475.3,324.2,332.8,473.9,8096.8,1282.9,3522.2,10.3,96.5,2560.7,5079.2,2631.6,45.0,484.1,53817.5,329.1,6.4,3497.9,217.0,173.6,857.1,5498.4,73.0,6.5,913.4,82.3,571.0,2606.6,11.9,,6650.3,83.9
27169,5823.7,88.9,25629.0,4496.6,24864.9,548.6,64.4,474.4,1153.5,1153.9,47.3,1595.8,33.5,1246.8,12.9,59.1,3287.4,1490.2,1963.7,20.1,67.9,15453.9,154.3,174.3,11458.9,188.7,194.9,1417.3,2957.6,351.6,70.7,14.1,89.2,94.8,1233.5,2.4,75.9,2623.2,86.3
27171,1809.9,55.8,20956.5,2724.8,14599.7,651.7,16.3,443.4,621.1,41.3,85.3,898.5,43.7,452.4,11.6,23.2,2446.9,1053.0,16.9,4.6,100.4,34717.5,78.1,33.6,6287.7,129.4,153.0,616.7,1995.3,367.7,8.2,22.0,59.2,109.4,83.8,9.7,15.3,2045.1,66.7
27173,1978.8,94.2,13990.1,12959.6,23844.6,1725.6,107.4,1745.8,611.8,747.1,1.7,1224.0,183.8,939.0,16.4,33.8,9514.0,4298.7,240.0,17.8,275.6,71298.9,415.4,9.1,14554.6,193.1,752.7,2294.9,5596.3,143.6,10.1,84.4,341.5,290.6,501.1,4.1,,6209.4,71.8
28001,3499.3,11.7,174.5,527.5,923.3,196.0,0.2,13.7,112.5,7.7,,289.1,10.0,1.2,11.7,21.2,199.5,205.1,8.8,1.2,,3962.0,9.2,313.4,428.4,11.8,5.1,265.3,695.1,15.0,214.6,85.5,2.2,292.4,449.3,0.9,187.3,93.3,10.4
28003,1718.2,14.3,309.7,2273.1,11666.7,12.8,7.9,4.9,24.0,71.6,13.7,3290.4,17.2,2.5,0.5,38.7,41.9,661.7,8.8,1.6,2.7,19688.9,31.3,58.7,6763.5,319.3,9.6,582.1,411.2,18.9,65.1,49.1,0.6,61.0,901.7,13.1,185.4,202.9,5.3
28005,9058.9,2.5,39.9,104.1,233.1,42.8,,,14.3,,24.0,54.8,1.5,0.3,0.1,6.4,53.9,46.9,,1.7,2.7,789.0,2.1,23.2,95.4,2.6,1.2,265.1,145.7,3.3,596.7,21.4,0.5,64.3,102.7,0.3,520.9,12.3,1.1
28007,3706.6,0.4,76.2,101.7,315.5,29.4,30.9,33.4,71.4,116.6,,98.7,10.4,0.5,12.3,15.0,332.9,129.0,18.2,4.0,,6971.7,3.3,562.7,195.8,1.8,2.2,374.4,247.8,6.1,906.5,1.0,0.3,43.5,175.8,1.7,332.5,91.7,8.5
28009,2937.4,7.0,153.6,366.3,12998.9,13.0,83.7,19.0,69.7,584.6,6.0,1101.1,37.3,1.5,2.8,23.8,139.7,1554.9,11.7,3.1,1.2,8519.3,15.5,353.2,2015.2,82.6,6.5,4182.9,646.2,13.2,57.0,12.4,2.0,90.0,768.3,71.2,171.2,143.6,24.1
28011,7803.3,11.4,451.1,3962.7,6459.4,1096.0,504.2,123.1,2383.7,1392.9,5.1,1105.1,1802.1,2.9,327.9,1206.1,1361.8,764.0,222.4,51.7,1.0,170335.9,263.3,3543.5,10018.1,214.2,22.8,4974.5,12665.4,51.7,90.8,3254.9,6.7,1147.8,1442.6,58.2,436.7,7714.4,1143.2
28013,4777.0,4.6,153.3,397.7,13518.8,8.4,259.0,58.8,278.2,704.3,111.2,1189.2,77.7,1.5,8.8,44.4,383.1,1551.8,36.3,9.7,5.3,17448.7,14.3,1112.8,2063.3,75.0,6.5,4457.9,762.7,21.1,147.4,9.2,2.0,60.9,766.7,52.9,441.1,387.9,66.5
28015,3486.1,2.4,208.4,372.0,743.8,161.9,61.3,66.2,96.7,62.1,17.5,267.2,25.0,1.3,24.5,36.5,527.4,352.9,36.2,8.9,1.0,13933.8,9.6,1095.2,632.7,10.0,6.0,582.6,577.9,14.8,797.0,11.3,0.8,239.9,480.9,6.2,292.2,209.7,15.9
28017,12051.2,7.3,222.3,545.1,5809.7,12.3,30.6,14.1,46.7,143.0,23.9,2104.1,19.9,1.1,2.1,57.1,708.6,179.2,23.5,3.5,2.8,19490.9,7.9,224.7,3381.6,94.1,6.6,787.1,381.3,9.4,372.3,5.0,0.6,60.5,392.5,5.2,1116.6,122.1,15.8
28019,1619.9,0.3,35.5,173.1,264.0,21.4,4.6,5.0,0.5,20.4,9.4,44.2,2.3,0.2,2.0,3.3,111.7,60.0,2.7,1.3,0.8,1504.9,1.6,80.3,203.7,1.3,1.0,146.4,75.8,2.0,397.4,,0.1,32.0,81.8,0.3,145.9,18.3,1.1
28021,6067.9,4.3,175.2,566.5,934.8,72.5,0.3,20.7,21.3,11.7,,218.7,7.2,1.2,17.5,17.0,235.7,206.0,13.3,1.8,,3153.4,8.4,176.2,378.8,4.4,5.1,309.3,547.4,13.1,388.9,23.5,2.2,108.2,451.2,0.6,339.6,76.9,3.7
28023,2217.8,39.3,15.9,19.1,155.9,1.0,0.8,,177.9,4.0,135.5,71.9,,0.6,,0.2,718.9,6.0,0.7,3.5,2.1,388.5,0.2,88.5,28.4,,0.3,100.9,9.0,3.9,15.0,2.1,0.1,1.2,23.2,,89.4,4.2,
28025,11624.9,2.1,78.8,493.2,2643.4,3.6,20.4,9.4,0.3,99.1,3.8,765.5,8.8,0.4,1.4,20.3,627.6,63.5,15.7,2.0,0.4,8395.7,2.6,143.3,1524.3,30.2,2.3,590.6,226.1,3.8,364.3,,0.2,17.2,139.1,1.4,1094.2,57.7,10.2
28027,2506.4,4.7,918.9,3915.5,13130.7,181.9,615.7,150.3,304.9,2556.2,5.1,2024.7,1094.3,5.8,399.4,692.4,1656.1,1556.2,267.2,63.1,1.0,119121.1,125.4,3562.6,12099.2,89.1,46.5,6194.1,9276.2,79.2,17.1,535.0,13.6,477.4,2938.3,38.1,63.6,4887.4,1254.8
28029,9103.2,4.8,26.1,170.9,172.9,80.6,0.2,19.5,66.5,11.0,21.0,81.1,7.2,0.2,16.0,6.5,123.4,30.7,12.5,2.1,0.7,2182.9,1.7,257.3,96.1,4.9,0.8,293.1,233.3,4.7,596.9,29.6,0.3,120.4,67.2,0.4,521.2,75.9,6.4
28031,700.5,50.9,56.6,136.4,136.7,3.5,4.3,,21.5,9.7,249.2,80.6,0.8,2.2,,0.8,83.8,21.2,1.1,22.5,16.3,3259.4,0.8,17.7,155.4,14.6,1.3,69.4,29.8,3.2,112.9,13.0,0.5,8.2,76.7,0.7,268.4,32.4,
28033,6350.0,16.5,368.0,2321.1,31511.2,80.4,115.1,26.1,191.4,1455.9,166.7,2700.6,66.1,3.6,4.6,84.2,214.9,3726.2,19.0,6.9,27.9,15991.8,41.3,563.4,5424.5,196.8,15.6,9913.2,1578.1,31.6,91.9,174.8,4.7,224.9,1841.0,642.5,303.6,219.7,44.8
28035,2111.6,28.5,8.4,219.2,296.4,2.8,0.4,,106.8,2.2,26.9,165.0,1.2,0.3,,0.1,652.8,3.2,17.6,1.1,2.6,1972.7,0.6,207.0,259.9,5.0,0.2,136.4,12.8,1.1,17.1,3.9,0.1,4.9,12.4,0.2,81.3,167.5,1.6
28037,2114.0,1.8,47.6,133.7,261.1,31.0,,1.8,5.0,1.0,,58.8,1.5,0.3,1.6,2.4,49.5,56.0,1.1,0.2,,750.5,2.4,21.5,105.9,1.9,1.4,93.9,151.8,3.4,137.4,2.2,0.6,46.3,122.6,0.1,120.0,13.7,0.7
28039,1788.9,323.2,84.6,187.2,890.8,6.3,4.3,19.3,267.0,16.7,558.3,490.7,6.0,3.3,8.3,43.3,518.3,31.7,39.8,18.0,73.7,1993.7,1.5,285.9,398.7,1.3,1.8,351.5,375.5,33.8,14.6,22.8,0.7,28.3,117.4,1.2,63.1,238.5,25.5
28041,1907.6,60.6,37.5,57.7,374.8,5.3,1.9,1.5,12.0,8.9,50.9,265.1,2.3,1.4,0.7,4.6,611.6,14.0,3.1,1.8,8.1,673.3,1.5,22.2,88.8,1.5,0.8,113.6,125.6,2.7,13.1,2.5,0.3,10.1,54.0,,75.9,52.5,2.0
28043,2521.1,4.4,46.7,254.8,4196.2,20.8,68.1,15.5,58.2,180.9,11.6,337.8,27.5,0.5,2.4,16.8,136.6,473.0,9.8,2.6,2.1,6091.4,6.9,294.3,770.0,32.0,2.0,1440.8,264.7,5.0,78.9,19.6,0.6,57.4,233.7,28.7,244.5,112.6,18.7
28045,1237.7,15.9,4.1,6.2,55.8,,0.2,,46.1,1.6,18.5,45.4,,0.2,,0.1,400.2,1.5,7.7,0.7,2.2,191.3,,90.8,11.8,,0.1,60.2,2.7,0.4,9.9,1.7,,0.9,6.7,,49.8,2.5,0.7
28047,1216.2,15.1,0.9,2.9,66.2,0.5,,,386.4,1.1,27.9,225.7,,,,,380.3,0.3,59.0,2.0,1.4,370.5,,726.1,9.5,2.0,,152.5,3.2,0.9,20.0,14.1,,0.7,2.4,,47.6,2.8,5.6
28049,16733.4,4.0,500.3,2396.5,3743.6,66.6,0.9,72.9,441.2,41.2,11.6,927.2,18.9,3.5,61.8,41.1,728.0,588.2,46.7,7.0,1.2,8635.6,23.2,1350.3,1708.9,4.0,14.7,851.7,1450.7,47.0,1076.0,198.7,6.4,99.6,1288.3,1.2,939.5,216.5,41.3
28051,3947.0,9.4,767.2,1125.9,2461.8,637.6,212.5,229.7,18.7,267.1,11.1,957.8,89.5,4.9,84.6,122.9,1500.8,1299.3,125.5,28.6,1.0,47264.3,38.2,3646.8,2091.7,38.6,21.9,1581.6,2081.7,49.9,678.3,35.1,2.8,928.3,1770.6,16.7,255.1,745.1,72.3
28053,1921.2,61.8,584.7,4257.1,9484.0,2180.9,152.2,424.0,210.5,279.1,,676.7,155.6,4.1,157.6,373.7,1479.8,1104.9,260.4,40.0,,54356.9,45.7,4824.8,4525.7,66.7,17.1,1377.2,6493.5,49.0,52.6,216.0,7.5,1600.6,1505.6,14.1,60.6,1685.1,300.3
28055,1610.1,53.0,967.8,1393.6,7451.4,1872.5,40.9,113.8,188.2,74.9,,1117.0,84.2,6.8,44.5,333.3,1024.1,1828.7,69.7,10.7,,28068.6,60.8,1310.5,1932.9,57.2,28.4,1510.2,5272.2,56.0,34.8,217.5,12.4,1373.1,2492.1,7.0,46.3,767.8,84.1
28057,1485.9,8.2,188.3,965.2,6875.0,7.4,15.5,9.6,27.7,108.9,9.6,2008.3,12.8,1.5,1.1,21.4,51.4,402.4,17.2,1.6,1.4,12449.6,18.8,109.8,4031.4,190.8,5.9,447.2,311.6,12.0,92.4,17.3,0.4,34.9,548.4,5.5,263.6,123.1,8.3
28059,1926.1,64.3,53.0,61.2,500.4,5.8,2.7,6.4,233.0,10.5,39.4,463.7,3.6,2.0,2.8,15.5,600.9,19.9,41.4,2.6,6.7,857.1,1.7,456.0,105.5,0.2,1.1,222.9,208.2,4.5,20.1,11.0,0.4,9.8,73.6,,74.5,60.8,11.3
28061,2265.5,30.1,14.5,46.7,141.4,2.4,0.7,,67.2,3.9,36.0,78.1,0.5,0.6,,0.2,733.3,5.4,5.5,1.0,0.4,867.2,0.3,76.7,40.6,1.7,0.3,103.7,11.7,1.4,16.3,1.4,0.1,2.3,21.4,0.1,91.2,68.6,0.5
28063,4349.1,6.2,23.1,202.8,199.6,103.6,0.3,27.0,128.6,15.3,53.1,124.8,9.7,0.2,22.2,8.5,139.7,27.2,17.3,7.7,8.5,2857.1,1.7,414.4,104.6,6.2,0.7,185.7,283.9,5.3,278.2,53.7,0.3,155.9,59.6,0.6,242.9,102.8,11.0
28065,484.4,38.3,9.2,35.0,32.9,2.5,0.7,,21.9,1.6,137.7,22.4,0.4,0.4,,0.1,53.3,3.4,1.2,12.5,9.1,2302.4,0.2,32.7,55.1,8.6,0.2,21.3,6.4,0.8,85.0,9.3,0.1,4.8,12.4,0.2,202.2,18.8,0.2
28067,6261.4,144.3,22.5,52.0,284.0,6.7,1.1,,624.2,11.2,518.5,160.3,0.2,0.9,,0.3,2030.0,8.4,10.5,13.5,14.1,1405.5,0.3,365.2,84.6,4.5,0.5,289.7,30.3,12.7,43.6,9.8,0.2,8.8,39.7,0.3,252.5,57.5,0.6
28069,6965.8,0.7,27.7,53.4,1107.3,0.4,,,127.4,20.8,62.8,262.8,0.4,0.1,,1.1,337.2,22.4,,1.4,6.1,1525.8,0.7,28.0,339.5,7.0,0.8,312.4,12.1,1.0,220.8,1.7,0.1,9.7,49.0,0.1,658.7,2.0,0.1
28071,3690.4,1.1,30.4,158.7,3151.5,2.0,69.0,15.7,66.8,168.2,12.7,263.1,20.4,0.3,2.4,12.3,207.5,308.2,9.8,2.6,1.7,4951.0,2.9,295.0,461.8,15.4,1.3,1077.0,165.9,4.0,160.0,7.5,0.4,14.6,152.2,42.1,480.4,102.9,17.3
28073,526.0,40.0,22.4,62.4,54.7,2.0,1.7,,221.6,3.8,298.7,186.4,0.5,0.9,,0.3,59.5,8.4,6.9,27.4,18.9,2536.7,0.4,423.1,103.2,9.8,0.5,102.7,12.5,2.9,88.9,95.6,0.2,8.2,30.3,0.2,211.4,40.7,3.2
28075,2915.4,37.5,17.0,18.9,185.2,0.9,0.9,,52.0,3.5,10.3,96.9,,0.7,,0.2,943.9,6.4,8.6,0.4,0.8,424.8,0.2,100.0,26.8,0.3,0.4,128.2,8.7,1.4,21.4,1.9,0.1,0.6,23.9,,117.4,2.4,0.8
28077,506.6,34.4,161.9,359.6,313.3,1.8,12.4,,8.0,27.8,66.8,167.6,1.4,6.3,,2.2,91.4,60.6,0.1,4.8,4.2,2792.8,2.2,7.0,301.6,27.2,3.7,151.5,83.1,2.2,73.1,0.9,1.3,4.1,219.3,,173.7,20.3,
28079,2576.6,0.9,36.9,97.8,161.0,57.4,3.9,4.3,0.3,19.4,5.1,49.4,3.6,0.2,1.6,3.7,151.9,62.5,2.3,0.9,0.4,1848.6,1.9,68.1,146.8,3.5,1.1,212.7,73.3,2.0,640.8,1.3,0.1,85.1,85.2,0.7,235.3,26.1,1.0
28081,2796.6,41.1,212.7,3195.2,10048.3,37.0,48.5,29.9,84.5,162.0,0.9,2352.0,56.3,1.7,3.3,40.4,101.9,454.5,53.6,3.6,0.2,52016.5,39.1,337.5,5367.5,434.9,6.6,1427.9,706.6,14.9,152.5,40.1,0.4,171.3,619.3,15.3,435.0,599.9,24.2
28083,3702.5,143.0,1044.7,6055.7,15770.4,5138.2,175.4,488.5,942.1,321.6,,1216.5,262.9,7.4,182.7,578.8,1991.7,1974.0,304.3,46.1,,81155.3,117.6,5720.0,7693.1,154.1,30.6,2549.7,12097.3,78.4,64.6,709.2,13.4,3701.1,2690.0,26.6,160.9,2562.6,356.4
28085,6904.9,0.4,42.1,109.8,245.1,7.3,,,22.7,,,66.7,0.3,0.3,0.1,1.7,50.2,49.5,,,,442.3,2.0,45.4,83.9,0.4,1.2,203.5,100.8,3.4,456.4,10.2,0.5,10.9,108.4,,398.4,2.1,1.9
28087,8422.2,5.8,866.0,1798.4,20128.7,9.8,30.1,13.9,650.3,56.3,52.8,8038.7,17.3,4.2,2.1,74.1,693.4,698.2,23.1,3.7,3.7,19118.4,20.5,275.7,11013.5,209.6,25.6,1016.4,597.6,33.1,248.7,11.6,2.4,50.1,1529.3,4.1,724.1,108.2,18.3
28089,6657.6,0.5,793.9,1365.9,2780.7,31.7,43.3,46.8,50.0,47.3,227.5,991.6,14.2,5.0,17.5,66.6,981.8,1344.5,25.5,22.0,19.4,12547.8,32.5,790.3,1864.0,2.0,22.7,1307.0,1229.7,41.0,1499.8,36.7,2.9,55.1,1832.1,11.3,550.5,125.8,13.0
28091,694.5,54.6,38.9,78.2,135.0,0.9,3.0,,34.0,6.7,95.0,89.7,,1.5,,0.5,84.8,14.6,1.1,8.5,6.9,3217.7,0.4,60.2,80.1,,0.9,50.7,19.3,1.7,123.3,12.9,0.3,2.5,52.7,,293.1,8.3,0.4
28093,8067.8,9.1,162.8,972.7,14734.2,16.8,38.1,8.7,64.3,691.6,78.5,1230.9,29.8,1.6,1.6,25.2,304.1,1648.3,6.5,2.9,14.9,7856.2,17.3,184.8,2419.0,92.5,6.9,4692.4,658.5,13.2,292.0,38.1,2.1,124.0,814.4,211.5,876.6,84.8,14.1
28095,7200.3,51.1,673.2,1552.8,15757.5,21.3,108.0,49.8,294.8,112.6,978.3,6437.2,48.8,3.3,7.4,128.0,802.4,542.8,82.9,10.7,8.1,40386.7,19.6,787.2,10022.1,219.4,19.9,1108.5,1313.3,29.3,205.5,8.9,1.9,102.4,1188.8,8.6,606.8,317.6,55.2
28097,2134.7,0.5,103.7,226.8,505.5,33.7,23.2,25.1,0.2,52.0,3.4,130.7,8.3,0.7,9.3,13.4,251.4,175.7,13.7,3.3,0.3,5387.4,4.4,397.3,325.4,2.1,3.0,290.3,250.8,6.4,500.5,,0.4,50.0,239.4,1.3,183.7,72.1,5.1
28099,8204.4,0.2,32.5,197.2,1313.2,0.1,,,132.2,211.6,18.3,312.2,0.1,0.2,,1.8,397.4,26.2,,0.3,1.3,1432.4,0.7,15.5,490.6,6.7,1.0,363.0,18.0,1.2,260.1,2.7,0.1,2.0,57.3,0.1,776.5,0.4,0.1
28101,4227.1,186.2,101.8,156.8,967.0,1.0,5.2,,37.1,17.9,20.8,394.1,0.5,3.9,,1.4,1352.6,38.1,2.3,0.6,0.4,1332.5,1.3,38.2,198.4,2.6,2.2,236.4,41.1,5.9,28.5,8.5,0.8,1.8,138.6,0.6,167.4,71.2,0.2
28103,7918.7,8.5,1480.3,3460.4,34033.5,13.7,51.8,23.9,789.2,76.4,12.3,13718.3,26.8,7.2,3.6,114.6,881.3,1193.5,39.7,4.9,0.2,28529.7,34.2,427.8,19055.3,346.1,43.8,1435.6,1031.4,56.1,218.5,13.2,4.1,63.8,2614.1,5.4,628.4,170.3,31.4
28105,6348.0,0.6,68.5,131.8,1947.0,1.0,3.9,1.8,947.2,2.4,11.8,716.0,1.9,0.3,0.3,5.9,327.6,55.2,3.0,0.5,0.4,2723.0,1.7,111.0,885.5,17.3,2.0,352.6,60.2,2.7,209.0,14.4,0.2,5.0,120.9,0.3,594.1,12.4,2.2
28107,8555.3,14.0,321.7,2763.3,28406.2,57.6,473.3,107.5,602.8,1273.3,25.6,2345.1,154.3,3.2,17.0,98.9,649.8,3257.3,70.2,17.1,2.9,34381.6,34.9,2084.1,5293.7,170.8,13.6,9246.5,1637.6,36.5,210.2,73.9,4.1,179.0,1609.3,198.8,642.7,727.4,129.5
28109,6851.9,107.4,33.8,38.7,343.5,0.7,1.7,,743.9,6.2,42.9,561.0,,1.3,,0.5,2194.4,12.6,117.0,3.5,2.6,1273.9,0.4,1438.4,59.4,1.5,0.7,478.1,15.2,3.3,69.7,28.6,0.3,1.3,46.3,0.1,273.0,10.5,10.9
28111,1797.3,26.0,12.7,108.0,159.6,2.1,0.6,,23.8,7.7,19.2,80.4,1.3,0.5,,0.2,581.0,4.7,4.0,0.6,2.1,1837.0,0.7,45.4,79.9,6.4,0.3,91.0,13.2,1.2,12.9,0.8,0.1,4.9,24.1,0.2,72.3,189.4,0.3
28113,649.4,48.4,72.3,146.8,137.2,0.4,5.5,,24.8,12.4,15.2,93.4,0.3,2.8,,1.0,86.1,27.1,0.8,1.5,1.0,3009.5,0.9,48.6,119.4,5.6,1.7,69.9,35.7,0.1,108.8,14.0,0.6,1.0,97.9,0.2,258.7,4.6,0.4
28115,1673.9,17.5,78.5,785.4,3589.8,15.8,25.3,15.6,62.0,43.1,15.8,920.4,25.2,0.6,1.7,18.3,66.6,167.8,28.0,2.6,2.1,22718.3,15.7,178.9,1925.7,176.8,2.4,740.5,317.3,5.9,130.1,18.8,0.1,74.2,228.7,7.1,370.6,258.6,12.5
28117,1308.0,18.9,60.3,1470.4,3559.5,17.0,25.1,15.5,48.5,3.7,35.9,668.5,26.6,0.5,1.7,14.1,51.4,128.8,27.7,3.4,4.3,23855.9,15.1,179.8,1733.2,173.3,1.9,682.9,307.2,5.0,82.6,10.2,0.1,81.2,175.6,5.3,235.7,277.7,12.3
28119,2075.5,3.7,290.5,3020.9,4161.7,224.9,265.7,64.9,448.3,847.7,,713.4,666.2,1.8,173.7,375.5,715.3,491.9,121.1,27.1,,66526.4,83.9,1706.5,4829.0,68.7,14.7,2423.1,5048.5,31.0,29.4,617.8,4.3,368.0,928.8,16.6,101.3,2903.8,561.6
28121,3383.1,0.5,136.1,181.7,419.2,35.4,25.4,27.4,34.2,56.0,9.5,173.9,9.0,0.9,10.1,21.1,336.5,230.5,15.0,3.9,0.7,6116.7,5.8,451.0,304.8,2.2,3.9,405.6,297.3,8.4,814.7,13.7,0.5,52.7,314.1,4.7,298.9,78.3,6.6
28123,3484.4,0.1,125.4,167.4,433.2,6.4,4.2,4.5,61.1,154.5,0.9,159.4,1.5,0.8,1.7,7.1,251.5,212.4,2.5,0.6,0.1,2039.1,5.1,101.0,245.0,0.4,3.6,345.4,178.8,6.7,858.6,0.8,0.5,9.6,289.4,0.2,315.0,13.0,3.0
28125,2108.7,97.9,1331.1,2350.5,9938.3,3425.0,107.1,298.3,204.7,196.3,,1584.6,172.8,9.4,113.3,496.0,1750.8,2515.2,179.0,28.2,,56263.7,83.5,3723.3,2550.4,105.5,39.0,2253.4,9080.3,95.2,14.1,188.4,17.1,2533.5,3427.5,11.8,35.0,1656.1,254.8
28127,724.4,54.5,78.0,150.3,166.5,1.4,6.0,,25.8,13.4,376.1,101.4,0.1,3.0,,1.1,96.2,29.2,0.7,37.3,26.2,3337.1,0.9,28.2,187.9,2.1,1.8,88.1,37.8,2.7,123.0,6.5,0.6,10.0,105.7,0.2,292.6,33.9,0.1
28129,872.6,70.0,14.7,27.7,51.8,1.4,1.1,,116.8,2.5,423.3,96.8,,0.6,,0.2,98.6,5.5,3.1,39.2,29.8,4035.4,0.2,191.1,94.7,,0.3,70.6,7.1,7.3,158.6,39.7,0.1,10.5,20.0,,377.2,35.5,1.3
28131,2478.6,32.0,4.7,17.3,79.7,0.9,0.2,,164.1,2.5,140.2,107.1,0.1,0.2,,0.1,799.8,1.8,24.7,4.2,14.9,577.5,0.1,288.6,52.0,0.5,0.1,142.2,12.2,2.1,21.3,5.4,,6.9,8.5,,99.6,38.0,2.1
28133,6049.9,205.9,843.1,6844.3,17195.9,7659.2,158.8,442.4,2611.9,291.2,89.7,1036.4,327.2,6.0,165.2,652.2,1724.6,1593.0,281.4,48.4,18.0,91411.3,209.4,5810.3,9820.0,222.0,24.7,3067.5,15377.0,79.2,76.7,1911.8,10.8,5334.1,2170.8,48.1,377.4,2982.5,370.7
28135,3426.2,4.8,1107.9,1757.8,15812.3,208.2,299.0,73.0,368.6,2852.6,21.3,2258.3,828.6,7.0,193.6,598.9,855.9,1876.3,128.2,32.0,4.3,81959.7,134.9,1780.2,13897.0,89.6,56.1,5963.4,6918.0,69.6,90.3,566.5,16.4,480.7,3542.5,25.6,189.2,3591.1,648.4
28137,7574.6,8.4,192.8,1845.5,17248.8,21.5,127.6,29.0,158.0,781.4,42.9,1432.3,51.7,1.9,5.0,40.4,360.1,1951.9,20.7,5.4,8.1,12445.0,19.8,565.1,3163.5,102.4,8.2,5529.1,841.8,17.6,258.1,46.3,2.5,111.0,964.4,217.0,777.2,211.3,37.4
28139,1493.7,7.9,134.3,1152.0,5554.6,7.1,6.5,4.0,38.9,29.4,43.5,1380.7,10.1,1.1,0.4,21.7,47.3,287.1,7.2,1.3,2.2,11081.5,14.5,47.9,2991.8,150.2,4.2,407.0,205.8,8.8,116.4,31.9,0.3,34.1,391.2,8.4,331.5,113.4,3.8
28141,473.3,3.6,19.0,60.4,776.4,3.2,11.5,7.1,27.7,17.2,10.5,229.4,6.8,0.2,0.8,4.7,24.2,40.7,12.7,1.4,1.5,5255.9,3.4,82.2,440.0,38.2,0.6,202.8,106.0,1.7,41.2,1.6,,15.8,55.4,1.2,117.5,56.7,5.6
28143,2438.0,4.5,325.9,2892.3,4666.2,346.8,403.0,98.4,728.3,1009.6,,630.9,879.1,2.1,261.8,553.2,1069.5,551.9,176.7,41.1,,91008.8,104.8,2168.8,5615.8,83.7,16.5,3170.4,6770.5,32.0,4.7,939.6,4.8,448.4,1042.1,23.0,96.0,3866.3,818.5
28145,2234.5,19.6,135.4,1448.5,6112.8,17.6,10.0,6.2,16.5,33.2,,1399.4,23.5,1.1,0.7,12.8,69.1,289.4,11.0,0.7,,24058.9,21.2,69.5,3192.0,231.8,4.2,768.0,288.6,8.6,178.0,6.6,0.3,81.7,394.3,3.9,507.8,278.2,5.4
28147,857.6,50.5,97.8,380.8,408.4,1.7,7.5,,78.0,16.8,65.3,243.4,0.8,3.8,,1.4,94.7,36.6,2.2,3.1,3.8,3701.2,1.3,147.1,416.5,15.3,2.2,140.5,51.2,2.6,110.7,51.6,0.8,2.6,132.5,1.3,263.2,12.2,1.1
28149,4023.5,32.1,405.3,1446.0,2381.8,539.5,0.6,46.0,8.5,26.0,10.5,474.1,29.3,2.9,39.0,33.1,511.2,476.5,29.5,4.2,0.3,10577.9,22.0,312.9,1181.0,32.5,11.9,555.1,1787.3,29.6,229.0,16.4,5.2,805.0,1043.7,1.7,199.9,279.2,5.4
28151,5543.9,208.6,1531.4,6446.6,19347.5,7556.6,178.6,497.3,1655.5,327.4,8.3,1814.8,341.1,10.8,187.2,773.1,2390.0,2893.6,310.2,46.9,,100260.2,187.8,6171.9,8798.2,224.9,44.9,3629.0,16682.5,114.2,99.6,1251.5,19.7,5400.8,3943.2,37.6,273.7,3154.9,396.8
28153,4983.7,100.3,46.3,74.1,471.1,0.6,2.4,,104.4,11.3,123.6,222.5,0.3,1.8,,0.6,1610.9,17.3,12.0,3.5,11.7,1125.8,0.6,148.2,111.5,1.2,1.0,238.6,25.8,4.2,35.6,4.8,0.4,5.9,67.0,0.2,200.2,57.0,1.0
28155,1328.1,0.2,50.0,321.0,450.4,12.7,49.2,53.2,85.9,48.4,4.3,66.8,15.2,0.3,19.8,20.8,283.1,84.7,29.0,6.7,0.4,9545.1,2.1,882.2,407.6,0.8,1.4,245.1,315.3,6.2,298.1,1.1,0.2,18.9,115.5,2.7,109.1,136.7,12.5
28157,4165.2,5.5,2.3,6.1,12.4,92.6,,,59.9,,,49.6,3.2,,,0.1,12.4,2.7,,,,949.4,0.7,119.8,45.6,5.6,0.1,130.9,134.4,1.6,274.4,26.9,,138.2,6.0,0.1,239.6,26.5,4.6
28159,5528.0,0.3,27.4,52.7,1028.6,0.3,2.5,1.2,215.0,77.7,22.9,278.3,1.0,0.1,0.2,3.2,275.2,22.1,2.0,0.6,1.4,1647.8,0.7,41.0,364.8,6.7,0.8,260.4,32.5,1.2,175.8,3.8,0.1,3.3,48.4,0.1,520.4,6.5,1.3
28161,2325.4,1.5,46.5,659.2,4294.4,2.8,143.4,32.6,130.8,200.5,17.9,349.8,40.9,0.5,5.1,20.8,211.3,470.8,21.2,5.5,3.6,8935.8,4.4,610.7,915.5,23.2,2.0,1487.0,282.8,6.7,83.6,0.5,0.6,21.3,232.6,5.0,250.8,211.6,35.3
28163,4248.0,25.7,1146.5,5182.1,10156.7,902.6,274.8,765.2,68.6,553.6,3.4,1336.3,180.8,8.1,284.5,668.2,2754.2,2166.4,459.3,72.5,0.7,79662.0,58.9,8729.1,3340.9,27.7,33.6,2273.3,7570.6,95.8,545.0,169.8,14.7,665.6,2952.2,19.2,361.2,2297.6,549.9
29001,4543.0,298.0,2257.4,1758.8,7527.9,147.9,8.5,82.1,102.4,65.4,17.6,553.4,25.1,54.8,2.5,19.7,253.5,160.4,80.7,0.8,75.8,14172.8,46.1,16.9,2443.6,63.6,4.6,320.4,383.2,116.5,71.8,6.2,4.6,111.9,80.1,2.4,633.5,200.4,23.7
29003,3675.8,124.8,14917.1,410.9,30654.5,284.4,73.1,151.9,289.9,115.8,39.0,1227.8,142.0,78.6,77.2,100.8,655.3,1090.8,190.8,3.2,151.8,29835.1,67.4,40.1,3190.9,189.2,50.5,503.0,1029.4,35.1,2.2,3.2,24.2,255.7,314.0,6.1,198.5,665.6,55.4
29005,8869.5,91.7,40466.7,847.2,82536.9,606.2,198.4,338.7,387.7,282.3,,3198.2,243.3,208.0,46.1,257.4,1671.9,2905.7,90.8,6.4,259.8,57065.8,122.8,19.1,8026.5,421.6,136.8,800.1,2297.1,72.5,1.3,0.8,65.6,134.9,847.3,11.4,116.7,1487.3,136.3
29007,3936.6,313.1,7171.1,3959.6,61409.2,134.2,81.4,315.6,284.3,224.6,133.6,3261.6,10.2,343.6,13.2,132.7,209.3,2727.1,72.3,4.4,372.1,68193.4,323.1,13.8,34090.6,165.8,27.6,3616.2,6855.3,896.3,18.8,16.6,24.1,199.4,581.4,7.7,327.9,782.3,176.3
29009,8131.9,266.3,95.4,772.1,744.4,5.3,1.6,6.0,81.0,892.6,5.1,73.1,1.4,3.2,7.7,1.4,161.0,28.9,6.1,0.3,10.3,864.1,12.0,14.7,218.5,8.2,0.8,23.6,86.1,48.9,432.3,1.9,1.1,99.0,,0.4,284.5,18.0,11.3
29011,6406.3,186.1,1706.5,26845.1,20395.5,330.9,28.6,85.6,888.6,3717.4,638.6,1086.6,121.9,56.6,7.1,24.2,388.6,675.1,162.8,30.7,1538.8,24575.5,94.5,13.9,6555.2,132.1,14.2,18.6,1638.1,331.0,275.1,48.0,19.4,92.9,,11.0,181.0,816.3,54.9
29013,9156.2,217.9,2881.0,6388.5,19988.1,439.7,62.2,588.5,206.9,172.5,152.9,243.4,58.2,169.1,75.4,6.4,585.9,790.0,97.4,3.2,246.9,37546.7,88.5,2.6,6681.4,171.5,22.3,541.2,2251.7,172.3,337.4,31.9,3.1,142.2,311.8,15.9,2404.7,498.2,34.2
29015,1823.8,119.5,695.0,1064.4,7805.2,85.3,11.3,137.4,59.4,53.6,61.0,255.7,8.4,30.4,3.5,42.5,166.3,148.3,26.8,0.8,48.4,9150.1,43.3,6.2,3417.6,34.5,5.2,440.3,152.9,177.4,93.4,7.1,8.5,64.9,76.1,4.8,677.6,156.7,11.5
29017,2504.6,99.2,1480.7,839.7,2178.8,165.8,13.5,30.0,,248.3,,1148.7,31.3,10.2,6.1,33.7,65.5,63.9,,,,8127.0,91.4,5.9,1372.2,22.3,17.5,894.3,495.1,63.3,120.4,13.6,8.8,40.2,,6.7,853.6,105.9,6.0
29019,1449.0,96.7,1602.0,2475.8,17665.3,199.7,29.0,212.1,240.5,232.9,190.0,745.5,22.8,38.1,11.1,93.5,320.2,337.9,94.1,3.2,121.0,21276.4,124.6,30.5,7699.9,81.7,12.1,974.2,375.5,474.1,60.7,9.0,19.7,236.4,175.3,8.1,440.2,407.6,28.5
29021,3509.8,113.0,14296.0,437.7,29482.5,259.0,70.1,163.8,183.1,102.4,41.9,1209.3,118.6,77.1,28.6,96.5,626.5,1043.8,64.2,3.3,132.4,26525.2,55.9,13.5,3020.3,170.6,48.4,329.9,1025.5,34.4,2.0,5.7,23.2,93.4,302.0,6.5,180.5,599.4,50.0
29023,2911.7,185.0,648.3,3318.0,8689.8,1438.7,59.6,333.6,87.0,150.5,145.4,1425.9,151.8,13.7,4.6,154.8,229.7,307.5,24.3,6.7,247.1,34743.1,514.6,7.6,2499.3,53.3,1.0,1607.9,2559.3,130.6,61.5,143.0,0.5,6.5,78.3,61.7,1477.2,1399.3,15.3
29025,1847.0,154.5,6101.4,344.9,12961.2,144.1,29.9,91.1,135.7,48.9,19.2,507.7,79.2,34.2,37.5,44.4,301.2,461.8,93.6,1.1,82.0,16420.9,35.6,19.6,1486.6,100.3,20.6,230.9,502.3,24.0,3.0,4.0,9.9,125.1,131.0,3.9,263.9,320.2,23.8
29027,2006.0,134.6,2211.3,3544.6,25258.7,287.8,35.3,243.2,161.4,143.0,30.4,806.9,27.6,52.6,10.1,113.1,440.9,506.7,76.6,2.8,141.0,30705.6,134.6,15.7,11139.2,111.2,16.7,1506.1,493.8,546.4,83.8,8.5,27.2,182.9,242.0,9.4,607.5,496.2,36.0
29029,903.2,58.8,29.6,25.2,292.5,1.5,0.5,3.6,10.2,8.8,,51.4,0.1,11.0,1.0,3.2,19.1,2.2,9.5,,0.5,163.3,7.7,1.8,113.4,1.2,0.2,18.7,5.6,22.5,50.9,0.2,0.4,20.7,3.2,0.1,369.1,17.0,0.4
29031,2682.6,155.8,1353.0,2109.4,13858.4,447.7,114.4,330.6,192.7,884.8,138.7,3024.8,196.4,27.9,10.9,51.7,314.5,202.7,87.7,9.1,123.1,18111.3,192.9,16.2,3284.4,60.4,2.0,1410.2,1342.0,206.4,113.6,80.6,1.0,9.1,162.1,59.6,226.2,818.8,20.5
29033,5141.0,226.0,15502.8,9884.5,51484.6,591.9,57.7,370.7,279.7,210.1,26.0,2108.1,91.4,253.8,5.3,108.8,1036.4,1010.0,64.4,4.5,278.1,52922.9,80.2,13.5,15910.1,280.1,31.6,1422.3,1816.5,680.5,39.2,19.9,31.6,110.8,549.5,11.1,346.0,990.6,155.4
29035,957.0,29.1,,,,,,,,45.8,,25.9,,,1.5,3.2,3.3,,,,,70.7,2.3,1.5,,0.7,,312.9,,8.3,64.5,,,9.9,,,445.6,,0.2
29037,5276.1,122.9,2163.9,4478.5,15171.8,280.2,47.1,273.5,177.2,155.3,24.8,194.4,36.8,121.0,70.7,4.3,380.9,587.3,92.1,3.3,141.1,23513.9,61.4,2.5,4896.3,92.3,16.8,428.4,1475.8,134.2,187.3,12.6,2.3,131.2,234.2,8.5,1334.6,396.0,23.4
29039,4661.5,115.1,128.5,1080.0,1669.7,27.9,2.8,46.0,48.9,38.1,14.3,41.7,4.0,26.3,29.8,1.4,133.5,56.7,39.9,0.3,16.9,2601.8,10.1,1.1,447.1,14.2,1.0,75.5,157.9,20.6,219.6,2.4,0.1,52.3,13.9,1.0,1565.4,82.6,6.6
29041,4931.2,238.2,11734.5,7808.6,39061.7,503.6,44.9,372.0,247.8,158.9,287.5,1611.6,80.0,196.2,4.0,92.4,832.9,778.3,48.5,5.8,259.8,45537.5,62.6,10.2,12288.4,226.1,24.0,1118.9,1498.6,553.3,45.0,26.6,23.9,105.8,417.0,11.2,397.0,789.9,121.7
29043,4064.8,133.2,62.8,448.8,484.8,1.6,1.1,7.5,15.1,2420.4,4.8,85.7,0.2,2.1,21.4,1.9,82.0,18.9,0.9,0.1,5.4,341.1,29.4,39.8,134.3,18.5,0.5,3.4,144.2,121.1,216.5,0.3,0.7,274.1,,0.2,142.5,7.9,27.2
29045,1565.4,193.9,3690.7,1097.2,28968.1,64.9,41.8,88.2,139.3,148.3,2.8,1626.2,4.0,181.3,11.0,60.7,60.8,1157.8,104.8,2.4,128.5,25313.2,159.8,19.7,15982.6,76.3,14.2,873.5,2892.2,443.6,20.6,3.8,12.4,172.8,299.3,1.9,358.1,435.3,85.9
29047,1035.4,165.6,3086.5,123.8,6403.2,92.3,15.1,72.8,126.7,26.3,86.2,263.3,55.2,20.0,27.7,25.8,178.1,235.9,70.2,3.9,90.2,11132.0,24.0,14.7,800.8,65.7,10.4,146.7,314.1,28.3,3.3,5.7,5.0,107.1,65.4,3.6,288.5,196.1,14.0
29049,2814.0,198.6,11318.8,329.3,23300.1,205.6,55.5,117.5,168.4,82.6,54.8,912.4,96.7,59.9,31.0,75.2,513.8,826.2,72.7,2.3,112.0,21298.3,45.7,15.3,2406.3,136.1,38.3,289.6,752.6,25.9,3.8,2.6,18.3,101.6,238.3,4.6,339.7,480.6,40.3
29051,982.1,63.3,383.8,621.9,4428.9,50.6,6.1,48.2,57.8,49.7,11.7,303.3,5.0,16.3,4.8,26.6,87.6,90.0,43.7,0.7,24.6,5451.1,46.7,8.4,1964.2,25.5,2.9,312.7,91.9,151.1,49.0,1.9,4.7,98.5,42.0,1.8,355.4,129.3,6.4
29053,1475.5,99.3,2948.4,3772.2,30118.9,286.5,46.9,436.2,161.6,144.5,88.4,564.9,25.8,58.1,8.2,148.2,549.2,441.5,49.7,5.5,134.7,29467.8,115.9,10.9,12212.0,104.1,22.3,995.2,615.0,613.4,53.6,20.8,36.2,123.7,322.7,16.4,388.5,525.3,42.8
29055,60.2,212.7,232.2,53.4,519.5,2.0,0.8,7.6,28.8,17.7,0.9,145.9,0.9,21.5,3.8,21.1,5.5,38.5,32.3,0.1,0.9,300.7,15.8,9.0,171.3,3.1,0.3,120.4,39.6,26.0,74.2,0.4,0.2,41.4,1.8,0.1,518.7,47.0,1.8
29057,8805.0,279.7,441.1,7805.7,5690.0,102.8,9.0,31.0,11.7,805.4,2.1,460.2,38.9,14.6,7.2,9.6,236.6,183.8,77.7,0.3,0.5,8717.2,35.6,13.0,1867.8,45.7,3.7,13.1,534.4,72.9,444.7,20.4,5.0,90.7,,4.0,292.7,268.0,24.3
29059,1264.1,80.9,40.4,30.5,544.1,1.3,0.8,9.5,66.5,57.8,45.6,341.4,0.5,15.1,6.4,15.5,27.7,5.6,63.3,0.3,6.9,176.7,48.9,12.3,270.0,7.0,0.3,127.8,7.2,125.5,70.0,0.5,0.5,139.6,4.4,0.3,507.8,93.8,1.2
29061,3167.1,232.6,10721.6,374.8,22147.7,286.9,52.6,150.4,208.6,82.9,46.8,874.6,161.5,60.3,53.2,76.6,529.5,808.8,131.1,2.4,178.5,33667.4,70.1,27.5,2576.0,201.5,36.3,361.1,983.2,29.3,4.4,7.2,17.4,182.1,226.2,7.5,388.5,614.0,40.1
29063,2079.8,167.0,7727.3,282.1,16034.7,160.3,37.9,93.1,162.8,61.7,7.1,635.4,84.7,41.8,47.8,53.9,364.8,571.9,119.3,1.4,86.1,17527.5,39.4,25.0,1722.8,108.9,26.1,287.8,571.3,21.2,3.2,2.9,12.5,158.7,163.4,3.9,285.6,369.9,29.4
29065,3193.5,97.5,43.1,13.6,53.9,1.2,0.4,0.9,6.9,164.4,25.8,119.3,0.3,0.3,5.2,11.3,12.9,0.7,,0.1,3.7,335.2,8.6,4.9,35.1,2.8,0.5,1050.4,9.0,30.5,214.7,0.4,0.3,33.8,,0.2,1483.8,2.1,0.8
29067,5613.3,170.4,74.8,33.2,122.3,0.6,0.7,1.5,4.9,374.3,0.4,265.2,,0.5,12.4,26.4,22.5,3.9,,,,471.6,18.6,11.8,70.7,5.5,0.9,1844.9,14.7,69.0,377.2,,0.4,80.3,,0.1,2606.4,,2.0
29069,4932.3,97.8,491.5,4003.0,8246.4,716.3,998.3,3695.3,453.6,298.3,977.7,1143.2,125.3,8.3,632.9,273.4,2774.4,359.9,399.1,39.1,281.6,126151.1,254.0,4.6,3012.0,36.4,0.7,4600.1,8115.1,293.1,8.6,160.5,0.4,47.4,59.4,148.5,381.9,9582.3,479.2
29071,781.2,173.1,16059.0,1110.1,27465.1,156.3,58.4,133.4,164.1,190.2,115.3,4665.2,60.9,472.5,15.5,126.6,155.2,1645.6,90.7,7.1,82.9,13475.1,145.4,28.2,8035.0,26.9,17.9,784.3,2886.2,399.5,54.1,13.8,13.4,124.4,127.0,4.5,378.1,227.6,9.3
29073,251.8,127.7,4689.3,373.6,8098.9,57.2,17.3,46.3,76.9,71.1,46.6,1415.1,24.1,143.2,7.6,53.6,50.3,506.8,53.0,0.5,36.9,5167.1,61.9,16.9,2397.4,10.9,5.2,322.6,962.2,129.4,42.1,3.8,3.9,70.9,37.1,1.5,294.5,107.2,4.0
29075,2653.6,212.7,10075.9,267.7,20645.2,219.6,49.4,111.5,229.6,80.7,27.2,829.0,117.4,54.0,65.1,69.7,475.2,743.1,162.9,2.6,125.6,24137.5,54.0,34.2,2216.8,149.6,34.1,384.0,772.0,25.7,4.1,3.4,16.3,219.2,211.9,4.9,361.9,498.2,38.3
29077,5956.8,195.1,193.2,1105.7,1125.3,6.4,3.2,13.9,236.1,2881.3,8.4,136.9,1.2,6.4,25.3,2.8,131.7,50.1,4.0,0.4,14.1,755.5,36.2,47.6,336.8,23.0,1.6,75.4,194.3,149.6,316.7,1.3,2.2,323.9,,0.6,208.5,27.5,33.7
29079,2697.6,138.0,3664.1,3217.7,12600.7,233.9,14.0,113.3,120.4,76.2,106.2,736.7,39.4,64.9,2.5,30.0,298.1,277.3,69.7,1.7,126.5,22180.2,47.1,14.6,4149.2,97.0,7.5,624.3,609.1,205.6,27.5,7.3,7.5,106.8,130.1,3.3,242.6,312.4,41.1
29081,3487.2,357.9,13489.0,397.6,27761.2,265.9,66.1,138.9,342.3,112.2,0.7,1122.3,140.4,70.9,108.5,93.2,638.9,989.6,273.8,2.6,135.6,28254.6,67.3,57.5,2898.1,177.6,45.7,583.1,950.1,33.3,7.0,2.8,21.9,358.7,284.5,5.5,620.8,627.9,52.6
29083,7001.2,159.2,1599.4,4964.1,12841.5,220.7,34.5,317.5,88.2,79.0,15.8,134.0,28.7,101.2,23.9,5.1,368.8,479.0,29.8,1.9,110.9,18829.0,42.3,0.8,3916.4,87.9,12.4,271.6,1131.1,118.8,267.4,16.5,1.7,46.4,173.1,8.4,1905.9,259.0,26.8
29085,988.6,63.8,163.6,141.5,1931.7,7.8,2.6,15.6,16.7,15.9,,101.6,0.6,13.9,1.5,9.7,43.1,19.6,13.0,0.2,2.6,729.2,12.3,2.4,848.0,3.2,1.2,135.5,37.8,54.1,54.7,0.4,2.0,28.7,17.9,0.6,396.9,38.4,2.7
29087,6350.9,66.8,27687.3,646.2,56598.1,463.7,135.7,247.3,262.2,193.0,,2188.9,201.4,143.6,30.1,177.6,1162.6,2003.6,58.5,4.4,216.2,46212.5,96.7,12.3,5615.7,299.2,93.6,547.7,1717.2,42.4,0.9,2.3,44.9,90.5,580.5,9.2,80.0,1097.4,93.4
29089,1360.1,90.4,2446.0,2889.4,24398.2,212.5,38.6,239.3,136.5,123.4,11.7,505.4,18.4,50.5,8.5,112.7,427.8,314.4,57.8,2.9,92.9,21348.5,102.9,10.9,9666.2,76.5,18.5,681.6,695.9,535.1,55.8,8.8,30.1,135.8,267.7,9.9,404.3,443.3,34.3
29091,7456.0,227.1,89.4,75.2,197.9,2.9,0.8,1.8,14.2,823.9,0.6,537.4,0.8,0.6,27.4,57.7,29.5,10.2,,,0.1,811.5,42.8,26.5,109.8,12.5,1.1,2452.3,28.5,151.1,499.9,1.4,0.5,177.5,,0.7,3454.5,2.9,4.4
29093,735.8,22.4,2.8,0.7,3.5,,,0.1,,53.1,,31.9,,,1.8,3.7,2.7,,,,,56.4,2.6,1.7,2.1,0.8,,240.9,0.4,9.7,49.6,,,11.5,,,342.4,,0.3
29095,2626.6,61.6,1479.3,2567.6,9848.7,191.6,32.9,186.7,320.3,117.1,133.1,197.7,25.8,78.7,42.7,2.3,235.0,387.8,55.3,4.6,115.1,16078.5,40.9,1.5,3298.2,67.1,11.6,311.0,1005.0,94.7,84.0,8.8,1.6,84.0,160.1,5.9,598.5,254.8,14.1
29097,8031.0,254.5,816.7,10529.3,7265.8,153.7,13.7,38.8,241.2,519.6,14.8,518.9,56.4,27.1,3.8,9.2,264.4,267.6,74.9,1.1,34.9,11617.7,44.6,9.3,2548.7,61.7,6.8,68.8,596.6,75.8,401.2,22.7,9.3,48.5,,5.1,264.0,380.9,23.3
29099,163.5,83.7,2959.5,219.0,5074.1,33.0,11.4,36.2,111.5,69.5,81.6,987.4,14.3,90.6,9.8,60.6,32.1,310.7,79.6,1.4,28.9,2962.3,56.6,24.4,1495.2,11.9,3.3,246.7,575.1,116.1,27.8,4.4,2.5,101.1,23.4,1.2,194.5,130.3,4.2
29101,7706.6,184.4,2579.3,4984.6,18172.8,286.0,55.7,249.2,277.4,205.9,19.3,267.6,36.6,152.0,115.1,5.1,479.5,693.1,151.2,3.2,140.0,23652.3,71.5,4.1,5746.8,91.7,20.0,567.5,1599.2,158.0,308.8,9.7,2.8,204.9,279.1,8.5,2201.2,525.6,27.6
29103,1370.6,214.7,2277.0,885.6,18058.5,42.5,25.7,60.3,84.2,101.9,,1097.1,3.6,117.0,8.1,43.8,58.0,817.8,85.9,1.3,116.6,22955.8,133.4,16.1,10057.5,59.0,8.7,653.6,2217.7,278.0,25.2,5.0,7.6,145.1,184.5,2.3,439.3,341.9,53.5
29105,1852.5,119.0,93.6,106.6,969.7,7.5,1.6,11.2,115.1,103.4,15.6,614.2,1.3,22.7,11.8,28.2,44.8,12.0,116.1,0.6,4.2,866.6,91.0,22.2,394.8,13.0,0.7,181.4,18.8,231.2,102.4,0.5,1.2,255.3,10.2,0.4,742.6,177.2,1.7
29107,4826.7,104.3,7395.4,8888.2,48850.5,554.2,160.2,407.6,1693.1,302.0,29.8,932.5,64.5,365.2,56.0,7.2,879.6,1853.1,64.7,17.7,249.7,42741.4,114.2,1.7,15367.1,165.1,57.2,1303.8,3083.6,423.2,113.6,9.0,7.9,106.4,800.3,18.3,810.0,913.4,50.1
29109,7383.5,239.8,416.9,3621.0,3082.4,36.8,7.0,22.2,474.3,1811.9,6.6,237.1,11.9,13.8,15.7,4.3,189.7,122.6,21.3,0.3,16.0,3023.0,31.2,29.3,976.0,26.0,3.5,164.0,281.1,111.2,386.9,6.3,4.7,199.6,,1.8,254.6,107.3,26.7
29111,1893.5,205.9,4705.5,1336.5,37030.8,81.8,53.7,115.0,252.4,186.0,100.8,2163.8,4.6,229.1,13.6,80.4,78.0,1426.2,127.2,3.6,153.8,28338.4,186.2,23.9,20380.2,91.0,18.1,1144.0,3443.5,585.4,21.2,7.5,15.8,204.8,381.8,3.3,369.4,520.1,109.9
29113,1276.9,116.6,31240.7,2069.0,53017.7,316.3,111.2,245.5,171.1,305.4,32.5,8740.3,124.4,903.7,17.4,175.5,298.6,3171.2,62.8,3.1,147.1,27384.3,242.5,18.5,15447.2,37.8,34.7,1170.4,5774.6,664.1,27.4,22.8,26.1,94.5,247.1,8.7,192.0,287.1,11.8
29115,4211.8,253.4,3711.7,3293.5,12824.0,230.7,13.8,129.0,141.4,93.8,21.8,869.2,38.6,73.7,3.4,32.3,341.1,282.6,104.4,1.2,118.7,21956.1,62.7,21.9,4178.3,99.1,7.6,703.9,605.3,208.0,57.5,9.0,7.6,145.1,131.8,3.7,506.9,316.0,41.1
29117,4287.6,201.1,4792.7,5346.4,17029.3,425.5,17.8,244.0,128.1,92.9,,987.5,73.2,85.1,3.0,50.2,441.3,412.6,77.2,1.3,221.7,41525.4,60.1,16.2,5775.4,156.0,9.8,1082.9,1029.4,279.7,36.6,21.0,9.8,119.8,169.8,7.1,322.8,499.2,54.6
29119,5551.1,182.0,89.6,509.9,507.3,3.3,1.5,4.3,166.6,234.6,0.3,34.0,0.7,3.0,2.0,0.5,111.4,22.9,0.6,0.2,0.7,554.4,3.8,5.3,154.4,2.6,0.7,46.9,35.7,15.8,295.8,0.6,1.0,26.0,,0.2,194.7,13.5,3.9
29121,6359.6,410.8,4338.3,3559.4,14620.8,288.3,16.2,170.2,176.6,117.0,27.1,1018.6,48.8,93.9,4.3,39.3,439.0,316.5,137.2,1.3,147.8,27576.5,80.8,28.8,4763.4,122.4,8.8,667.2,744.5,227.2,96.0,13.4,8.8,191.4,153.8,5.0,847.1,386.0,46.1
29123,1093.4,34.4,9.8,26.2,38.8,2.6,0.1,0.2,,76.4,,49.9,1.0,0.1,2.5,5.4,4.2,3.2,,,,261.3,6.1,2.4,22.5,1.7,0.1,358.1,10.8,14.2,73.0,0.3,0.1,16.5,,0.1,504.1,3.4,0.5
29125,1321.5,85.5,90.8,160.6,1034.9,13.4,1.7,9.4,42.7,41.9,14.2,204.0,1.8,16.5,3.8,11.5,37.7,23.0,36.3,0.3,7.7,1506.2,31.4,7.9,462.0,8.6,0.7,103.0,21.0,84.7,72.6,0.3,1.1,82.3,9.9,0.4,526.3,68.3,1.8
29127,1719.4,165.1,4205.6,1249.0,33315.0,72.1,47.6,108.4,289.1,148.9,0.9,1929.2,3.8,203.5,10.0,71.8,75.2,1279.3,80.2,2.8,126.4,25067.9,150.1,14.6,18323.7,77.6,16.2,1073.7,3064.0,508.1,15.9,8.1,14.1,137.8,341.0,3.7,276.2,414.4,98.0
29129,2756.7,179.0,2719.0,1907.8,9196.9,103.9,10.1,44.0,140.8,91.7,,770.9,16.6,54.2,3.6,18.5,224.9,185.2,123.6,0.7,48.6,9434.8,64.5,26.0,2852.1,59.1,5.5,472.6,318.8,150.0,42.9,0.3,5.5,163.2,96.4,1.2,378.3,187.9,29.3
29131,1358.0,86.1,169.0,179.4,1775.7,12.2,2.7,18.2,47.7,34.1,4.5,199.8,1.2,17.9,3.5,14.1,49.2,20.3,33.9,0.5,5.4,1248.1,29.0,6.4,726.0,7.5,1.3,109.3,33.4,92.6,73.5,0.7,2.1,73.7,18.5,0.8,532.7,70.6,2.6
29133,5425.2,237.4,2704.6,6213.8,29352.0,1431.2,230.1,1019.1,352.6,429.0,4406.6,5783.5,244.3,43.9,7.5,92.5,464.7,566.8,60.6,144.1,401.9,56237.9,499.5,1.1,10466.6,1011.0,4.0,3226.3,4744.4,843.5,14.0,278.7,3.8,57.8,336.1,200.5,51.2,2472.2,27.0
29135,1334.9,86.9,1041.8,1263.9,10730.5,93.3,17.0,125.8,121.3,104.9,101.7,460.6,8.9,30.1,8.0,59.9,200.6,146.7,67.8,1.6,53.5,9519.7,77.5,14.7,4388.7,40.7,7.9,434.5,225.6,312.5,65.2,5.3,12.8,156.5,114.0,5.0,472.8,251.6,16.0
29137,2055.4,263.3,4293.0,1845.4,35538.6,76.1,48.7,155.1,148.9,162.8,91.2,1996.7,5.1,212.8,11.5,80.3,105.8,1464.1,100.6,2.5,177.0,32988.0,188.3,19.2,19626.5,91.8,16.5,1730.6,3569.2,537.8,28.6,9.1,14.4,179.7,347.9,4.2,498.4,496.9,103.5
29139,1467.6,140.3,34787.0,2416.7,59599.5,322.6,123.5,267.3,155.6,324.6,1.8,9757.9,124.1,1007.3,16.3,180.5,328.7,3559.3,43.0,3.1,141.6,27953.0,240.2,12.0,17418.7,36.4,38.7,1549.1,6140.7,722.8,35.7,20.4,29.1,69.5,275.2,9.3,249.8,274.7,13.7
29141,1305.4,83.9,828.5,918.3,8364.2,64.6,13.7,88.4,106.2,90.7,43.5,360.6,6.3,26.9,6.5,46.5,158.2,97.7,55.1,2.2,32.1,6503.1,60.3,12.7,3333.5,27.5,6.4,294.4,165.7,253.7,66.0,3.5,10.2,128.0,90.7,3.7,478.9,195.5,12.4
29143,7140.0,212.1,3570.8,7478.8,38959.0,1540.3,937.6,2991.9,185.5,508.7,,7618.9,230.7,57.8,426.7,259.6,2197.7,737.7,54.7,9.7,346.5,120909.1,549.6,2.1,9881.7,147.3,5.3,6062.2,8444.3,537.0,6.9,211.6,2.7,18.8,427.9,175.2,440.0,7288.1,346.1
29145,6457.0,210.8,160.3,1361.7,1180.5,13.2,2.7,8.5,275.7,719.1,12.7,118.5,4.2,5.3,5.8,1.9,139.6,47.1,13.1,0.6,30.8,1331.1,11.5,10.9,370.2,9.4,1.3,90.9,105.4,44.2,341.2,3.9,1.8,74.1,,0.9,224.5,39.3,10.3
29147,7985.5,320.5,33998.7,814.5,69569.8,584.1,166.7,311.6,694.5,268.1,34.7,2778.8,282.5,176.2,198.3,226.9,1474.2,2464.6,493.6,6.3,285.6,58865.7,139.7,103.6,6981.2,383.2,115.0,1210.2,2148.6,70.0,6.0,2.9,55.1,651.4,713.5,11.4,526.9,1422.3,126.8
29149,4776.5,145.7,,2.7,,0.7,,,2.3,229.9,3.6,131.4,0.3,,7.6,15.8,16.7,0.1,,,0.6,405.6,11.9,7.3,0.8,3.5,,1564.1,1.8,41.7,321.7,0.2,,49.6,,0.1,2223.2,0.9,1.1
29151,1949.8,121.3,653.0,749.6,6853.6,53.6,10.3,50.1,75.3,69.9,1.8,384.5,4.8,31.0,6.7,38.2,136.7,88.2,59.8,0.7,22.9,5415.3,60.7,11.2,2814.7,23.4,4.9,327.6,131.8,226.2,99.7,1.2,8.0,133.3,71.5,2.3,723.1,178.8,9.7
29153,7170.6,218.0,,14.4,27.5,,,,7.1,189.9,,111.1,,,6.3,13.1,25.0,2.8,,,,543.1,9.4,6.2,12.4,2.8,,2346.0,2.9,34.7,482.6,0.3,,41.1,,0.1,3335.0,,1.0
29155,5008.6,170.5,1029.7,5690.7,17000.8,1331.0,584.6,2344.8,59.0,206.8,,2300.5,187.8,17.1,331.1,230.9,1635.9,719.2,47.3,5.4,270.7,94293.5,470.8,3.9,5021.5,66.4,1.5,3973.1,6165.1,258.4,11.9,209.7,0.8,15.0,123.4,150.0,802.1,5587.9,265.8
29157,835.8,108.9,18214.4,1188.5,30897.9,177.0,65.1,227.9,202.7,227.1,74.6,5319.4,69.7,529.8,21.2,164.0,187.8,1836.9,135.1,4.5,86.3,15375.2,180.2,38.8,8993.6,31.0,20.2,805.3,3305.1,468.7,30.7,28.5,15.2,179.1,144.1,6.5,214.4,301.9,10.9
29159,2361.5,160.1,3796.9,5081.9,39007.0,393.1,59.9,519.3,214.3,171.1,55.6,729.0,35.3,80.0,10.6,186.6,713.4,609.3,65.6,4.4,188.8,40753.6,155.8,12.2,15910.3,142.6,28.7,1334.3,802.8,793.1,94.2,23.7,46.7,159.0,415.5,19.8,683.3,693.3,55.1
29161,1417.4,91.1,38.9,46.3,427.1,3.3,0.6,6.7,23.4,22.8,,138.9,0.4,16.9,2.7,7.3,29.3,5.9,25.9,,1.4,395.3,20.8,4.9,181.0,3.3,0.3,52.8,7.9,54.6,78.7,0.3,0.5,57.0,4.3,0.2,570.5,42.3,0.6
29163,2133.7,239.4,4940.1,1702.3,39653.2,86.0,56.4,143.6,242.2,208.3,652.8,2384.5,6.0,241.3,15.5,95.3,107.1,1581.9,152.3,3.6,242.7,33841.8,218.7,30.5,21869.6,103.3,19.0,1541.6,3864.7,703.7,24.2,13.0,16.6,249.2,400.4,5.6,420.4,598.1,117.2
29165,3196.3,83.2,12733.9,399.8,26260.9,245.0,62.4,141.7,220.9,91.1,74.1,1158.9,116.6,68.3,24.6,85.2,558.9,934.2,55.1,3.4,139.5,25903.7,53.8,11.6,2751.1,164.3,43.1,299.6,1055.4,33.8,1.4,4.2,20.6,82.9,268.7,5.8,126.9,559.1,44.9
29167,2414.5,155.9,128.3,111.1,1438.7,6.3,2.0,24.9,160.7,136.8,7.5,855.3,1.2,29.9,16.2,39.8,61.3,13.5,160.2,0.4,2.5,728.1,124.1,29.9,610.7,17.3,1.0,279.5,24.0,317.6,134.6,1.3,1.6,349.6,14.0,0.9,975.8,240.9,2.3
29169,790.5,50.7,39.1,37.5,449.5,2.3,1.5,5.7,34.0,40.5,12.5,101.0,1.1,9.7,1.9,5.8,19.3,5.0,18.1,0.3,1.9,258.3,14.6,6.4,206.2,2.2,0.3,48.5,7.5,42.7,43.8,0.2,0.5,45.1,4.3,0.2,317.5,30.7,1.3
29171,5213.1,375.2,1975.5,1338.0,6611.3,82.2,7.4,43.5,207.7,125.3,9.2,960.8,13.8,56.4,5.5,15.9,245.2,132.2,210.2,0.7,39.0,7630.1,101.1,44.1,2057.4,55.7,4.0,461.2,243.2,130.7,94.3,1.4,4.0,274.0,70.2,1.2,831.6,156.2,22.1
29173,1943.1,192.0,3821.4,1545.8,31076.6,69.0,43.4,122.0,139.5,144.0,44.6,1722.5,4.9,186.0,10.2,69.5,88.5,1313.7,88.3,2.3,165.9,31326.2,175.4,16.7,17202.8,84.8,14.7,1321.0,3320.9,469.6,17.1,7.8,12.8,161.6,309.7,3.7,297.3,454.7,91.0
29175,3406.9,208.7,2729.4,2424.0,9432.3,169.6,10.2,145.9,100.1,59.1,7.4,580.9,28.3,55.8,2.0,29.0,267.3,207.9,56.7,1.0,85.5,16210.2,37.1,11.9,3056.5,70.5,5.6,495.4,445.0,149.6,48.0,13.1,5.6,81.4,96.9,4.3,423.7,229.8,29.8
29177,3263.2,203.5,11193.5,342.2,23019.2,294.6,54.9,197.3,161.6,80.3,76.1,895.9,159.3,67.1,23.4,82.9,551.2,840.5,53.0,3.9,193.4,34310.5,68.1,11.1,2663.7,205.2,37.9,269.0,1010.6,32.9,3.8,13.3,18.1,87.9,235.8,9.8,335.4,620.9,39.8
29179,858.4,25.8,16.3,21.9,54.7,0.1,0.1,0.3,6.2,35.2,,34.8,,0.1,1.1,2.6,3.6,3.7,,,,78.4,1.8,1.1,28.0,0.5,0.2,283.9,6.1,6.8,57.2,,0.1,7.5,,,395.0,,0.3
29181,2488.0,75.4,179.6,310.8,396.0,191.0,1.6,3.6,14.7,61.0,66.2,156.0,18.0,1.2,1.6,12.8,13.0,26.5,,0.6,3.1,6148.1,53.2,1.8,267.2,11.7,2.1,618.3,220.1,17.0,110.1,10.4,1.1,11.7,,2.1,805.7,85.8,2.4
29183,1292.1,70.4,32067.6,2050.9,54258.2,314.9,114.7,174.8,161.3,298.7,80.8,8895.9,122.6,924.3,13.9,156.7,289.0,3220.6,31.4,5.8,149.3,26968.5,226.9,10.3,15774.1,37.5,35.6,1053.1,5834.3,664.9,11.5,13.7,26.8,55.8,253.7,7.8,80.6,244.9,10.3
29185,4438.1,102.8,710.7,2549.8,5998.2,106.9,16.0,197.8,84.5,69.0,42.7,70.6,14.8,50.5,23.8,3.0,204.4,221.8,31.0,1.7,62.5,9263.2,22.5,0.8,1820.6,51.7,5.5,145.9,553.6,62.1,178.7,11.0,0.8,47.8,76.9,4.9,1273.5,144.6,15.3
29186,423.8,102.5,9173.3,617.3,15593.3,93.9,32.6,94.8,90.3,113.2,18.2,2659.1,37.2,270.1,10.6,81.9,92.6,935.8,66.7,0.8,43.4,8233.2,93.6,19.0,4548.7,16.7,10.2,419.5,1725.9,222.4,31.9,9.6,7.7,90.0,72.6,3.0,222.8,153.1,5.6
29187,64.5,93.1,1040.8,58.6,1759.4,6.6,4.4,8.4,67.5,40.7,63.1,414.8,3.1,36.4,6.7,38.5,9.7,99.2,55.6,1.3,13.3,585.6,29.6,17.8,509.8,6.4,1.2,100.0,153.0,65.3,32.3,2.0,0.9,76.0,8.2,0.3,225.7,84.2,2.6
29189,148.5,13.5,3432.2,239.8,5845.7,43.8,14.7,24.9,77.2,46.5,193.2,983.9,17.3,99.2,2.5,23.2,33.7,360.0,13.2,8.8,43.0,3458.1,31.6,8.4,1726.2,13.7,3.8,141.9,678.8,90.5,3.0,2.5,2.9,19.8,27.1,1.0,21.2,49.4,1.9
29195,1654.4,128.7,8644.8,9553.0,85536.1,680.4,136.5,580.9,336.7,303.6,4.7,838.4,56.5,146.7,13.3,335.4,1401.7,990.4,39.2,8.7,287.4,66598.4,219.4,8.0,33580.9,225.6,65.2,2005.6,1743.9,1581.4,43.3,12.4,106.3,114.4,946.0,27.0,313.8,1286.1,120.0
29197,2465.3,174.8,926.5,635.2,3072.3,45.9,3.4,25.5,89.0,53.1,,408.9,7.8,26.3,2.3,7.8,116.6,62.2,86.9,0.3,22.4,4351.5,42.5,18.2,967.8,26.9,1.9,189.9,128.9,56.9,43.6,1.4,1.9,113.6,32.8,0.7,384.6,77.7,10.1
29199,1322.3,200.3,2780.0,921.4,22032.4,49.3,31.4,73.5,111.9,132.5,,1401.0,3.5,140.0,11.0,50.2,52.4,903.2,121.5,1.6,105.7,21030.3,145.6,22.8,12175.6,63.5,10.7,799.6,2282.3,342.4,23.9,2.8,9.3,187.5,225.3,1.5,415.1,398.5,65.5
29201,4186.7,153.4,3005.7,4301.3,30670.4,894.4,273.5,893.8,533.3,578.9,398.6,6417.4,163.3,49.6,19.0,102.0,419.6,408.8,46.9,136.8,300.2,34880.9,327.3,18.1,7494.0,114.8,4.5,2757.9,2920.7,494.4,33.3,219.6,2.2,11.8,382.9,158.9,117.2,1641.5,34.7
29203,1181.3,35.9,,,,,,,3.6,63.0,,36.7,,,2.1,4.3,4.1,,,,,87.4,3.1,2.0,,0.9,,387.5,,11.4,79.6,,,13.6,,,549.9,,0.3
29205,2529.8,238.7,3589.2,1880.0,29529.2,70.8,40.5,123.9,118.1,124.0,,1558.6,6.6,175.6,8.1,73.1,120.2,1452.1,60.2,2.1,230.6,44083.2,207.9,11.3,16546.2,99.0,13.8,1375.9,4037.5,433.2,18.3,13.4,12.0,146.2,290.8,6.0,318.9,486.6,85.8
29207,6460.2,235.8,4194.1,6100.3,41541.2,1793.9,590.9,1787.9,250.6,783.2,90.6,8939.3,235.8,71.0,166.7,262.3,1147.8,502.9,47.6,14.7,313.2,73399.5,662.8,8.7,9875.5,161.7,6.3,4792.5,6143.3,552.4,66.8,298.1,3.1,12.7,503.2,193.6,1312.6,3939.5,154.1
29209,3857.8,126.5,39.1,252.4,280.2,0.7,0.7,2.6,68.8,455.4,5.4,24.8,,1.3,4.0,0.5,75.0,11.3,,0.1,1.4,274.3,5.7,7.5,77.5,3.5,0.3,21.7,37.8,24.7,205.7,,0.4,55.2,,0.1,135.4,4.3,5.5
29211,6209.5,438.8,2023.8,1675.0,6848.0,131.6,7.5,49.0,132.4,83.4,9.2,679.9,22.5,61.0,3.4,15.9,279.5,148.4,123.0,0.6,66.7,12681.0,64.1,25.8,2222.5,61.6,4.1,399.2,341.6,118.6,108.8,2.2,4.1,164.5,71.8,1.4,959.5,185.3,22.1
29213,2934.7,89.6,,2.7,,0.7,,,1.1,36.8,0.4,22.1,0.3,,1.2,2.6,10.3,0.1,,,,285.6,2.4,1.2,1.2,0.8,,960.7,1.7,6.7,197.6,0.7,,8.0,,0.3,1365.2,0.9,0.2
29215,8488.3,257.6,109.5,52.3,186.0,0.9,1.0,2.2,2.9,589.9,3.6,409.1,,0.8,19.5,41.6,33.9,6.4,,,0.6,756.2,29.3,19.3,106.0,8.5,1.3,2784.6,22.3,108.6,570.1,1.2,0.6,126.4,,0.7,3939.4,,3.2
29217,9111.9,196.9,2651.2,8164.9,21720.5,314.0,57.2,482.2,171.2,153.8,80.6,230.1,40.1,156.8,56.6,8.9,543.6,795.3,72.4,2.9,162.8,26413.8,65.3,2.0,6467.6,134.1,20.5,477.3,1653.6,203.6,323.5,24.2,2.8,104.9,286.9,13.0,2305.8,460.0,46.6
29219,572.6,60.7,13284.9,941.8,22658.6,146.8,48.3,86.7,135.5,139.4,113.4,3773.0,59.3,385.0,8.0,77.7,127.2,1378.9,38.3,3.3,84.5,12839.0,112.6,12.5,6639.8,20.7,14.8,613.2,2569.9,299.1,15.0,7.0,11.1,48.3,105.1,3.4,104.8,136.2,5.6
29221,7.4,98.2,79.5,6.7,134.8,1.5,0.3,0.2,22.5,11.9,1.8,67.1,0.7,9.1,2.6,14.3,1.5,8.9,23.3,0.2,0.7,155.1,11.2,6.4,40.1,2.4,0.1,34.6,20.5,15.5,34.2,,0.1,29.4,0.6,,239.2,33.1,1.0
29223,927.0,32.2,191.3,113.1,295.5,11.1,1.7,3.9,1.3,59.0,,164.3,3.8,1.3,1.7,5.9,10.8,9.6,,,,893.3,11.9,1.6,182.8,3.1,2.3,326.7,60.1,13.2,59.2,2.1,1.1,11.0,,1.2,409.0,12.7,0.9
29225,4195.9,126.3,251.4,97.3,382.6,2.2,2.3,5.1,28.6,995.9,70.0,731.2,,1.7,32.2,69.8,24.6,10.2,,0.2,11.0,663.6,48.8,30.6,224.6,14.5,3.0,1401.8,46.9,184.2,279.1,4.0,1.5,208.8,,2.1,1928.3,0.7,5.5
29227,992.8,120.0,3354.4,201.2,7163.1,70.5,16.4,40.8,146.4,33.5,,297.2,42.7,17.7,54.9,25.1,167.3,252.2,141.0,0.6,37.3,7768.9,21.0,29.6,797.2,48.4,11.3,239.6,250.1,16.4,2.4,0.7,5.4,182.2,72.2,1.5,209.7,172.9,15.6
29229,4671.3,141.1,77.4,76.5,206.8,0.7,0.7,1.6,14.3,554.6,0.7,372.4,,0.5,18.4,39.0,19.3,12.2,,,,453.2,27.6,18.8,109.0,8.1,0.9,1532.3,23.7,102.3,312.2,1.1,0.5,119.3,,0.6,2157.3,0.3,3.1
30001,2363.3,0.1,,,1147.3,,,390.5,9.5,756.8,78.7,325.3,27.9,37.5,0.8,29.6,148.4,,509.0,2.3,,769.9,38.3,2941.6,271.0,160.6,,724.8,131.3,58.6,372.2,18.5,0.8,5.0,,3.8,35.4,15.7,
30003,19496.4,,904.1,1366.6,837.1,210.0,6.9,3144.0,4.1,1015.2,,578.6,280.5,472.0,1.7,49.7,3247.0,1366.0,690.4,17.9,1211.1,11868.0,55.1,3845.4,199.5,718.6,17.5,1113.2,172.4,62.7,1132.8,423.7,1.6,97.3,1874.5,21.6,76.9,539.4,29.2
30005,47220.2,,,163.1,1979.6,78.3,1.7,3250.2,37.1,572.5,13.3,652.8,2.4,1413.9,0.1,19.5,9738.7,127.7,6.5,1.1,106.4,65643.2,25.5,40.6,7.0,10.1,1.9,1171.9,608.2,,2789.4,42.0,0.7,36.3,23.3,68.6,,1509.5,23.5
30007,6497.5,,,140.4,3911.4,90.4,2.1,233.8,6.2,1104.7,303.5,239.4,29.2,59.7,0.2,22.3,430.4,111.4,363.3,7.0,174.6,6191.7,28.6,2055.2,65.8,401.1,,581.7,774.3,36.0,165.3,65.5,2.1,49.2,,11.6,,269.7,6.0
30009,2942.0,,1641.3,2296.7,712.4,224.1,12.6,1446.1,0.1,701.3,,439.9,178.7,198.7,3.1,28.0,807.3,1555.3,476.9,11.1,1292.2,2755.2,39.2,2656.2,212.9,100.9,31.8,818.3,183.9,43.3,204.1,32.6,2.9,72.9,1259.4,5.3,19.1,94.3,17.8
30011,2583.9,,,84.2,103.5,404.3,1.6,80.3,0.8,0.1,0.9,217.5,13.8,150.5,,5.5,1035.9,262.9,173.0,0.8,352.4,2848.7,17.5,,,0.1,,415.3,1341.0,,23.4,4.9,,39.9,,23.6,,352.2,4.7
30013,29484.1,,60.0,151.5,34150.8,49.7,3.4,1132.6,10.0,2750.6,8.5,665.6,55.3,188.7,0.1,64.0,1524.4,69.9,914.7,0.7,96.0,27588.4,69.6,5106.0,1.8,1414.8,0.7,1329.6,353.0,83.2,1015.7,532.8,0.1,85.4,7.9,70.2,,537.4,5.1
30015,150076.4,,,170.4,70485.8,118.9,3.9,8526.7,69.1,1065.4,,870.6,3.5,2555.3,,13.5,23927.3,161.1,,1.5,162.1,151850.1,16.0,72.9,,,,2217.0,918.7,,2235.3,78.2,,35.6,,149.3,,2875.2,42.3
30017,2092.4,,86.9,444.9,524.5,271.4,,178.5,0.4,18.4,,519.4,111.0,272.0,0.4,9.5,1219.9,341.0,78.7,15.6,236.2,4774.1,32.9,,227.3,1.2,16.2,395.8,927.9,3.2,33.4,2.2,1.8,72.9,799.5,19.5,,253.8,7.0
30019,32570.3,,,186.9,308.5,117.3,7.2,1536.6,24.7,2.8,,501.5,38.0,298.8,,13.3,7928.6,176.8,4489.3,1.7,180.5,9362.6,8.3,53.9,,2.4,,516.1,806.5,,53.5,69.5,,45.3,,146.3,,2555.0,7.5
30021,23873.8,,73.8,497.2,576.1,217.5,0.7,1012.5,15.1,1.7,,695.1,122.6,480.4,,12.4,5969.1,391.4,2751.1,15.9,326.6,10014.3,14.7,33.0,,12.9,5.7,750.7,1494.8,,78.4,42.6,2.9,129.5,1165.2,96.9,,1690.5,20.1
30023,2969.7,,,,0.3,,,15.6,1.2,244.3,264.9,101.8,4.5,18.8,1.1,4.7,11.7,,100.8,0.6,,187.5,6.2,487.4,108.0,55.4,,3.2,35.6,10.8,398.5,0.2,0.3,1.4,,2.2,155.4,414.6,0.1
30025,4084.3,,26.0,147.0,241.3,147.6,,218.9,1.7,5.7,,351.4,4.6,154.3,0.1,8.5,1705.4,145.2,352.5,0.5,128.4,3760.0,25.4,,68.1,0.4,4.9,267.2,497.7,1.0,21.0,10.0,0.5,44.8,62.3,52.5,,569.3,4.2
30027,36159.6,,,62.3,39755.3,40.1,5.0,1214.7,11.6,5000.4,,1159.4,108.8,233.2,,110.2,1992.2,49.5,1680.5,2.0,121.7,35413.0,127.2,9372.1,,2055.3,,2412.9,282.0,152.7,1278.7,619.1,,150.9,,73.2,,582.5,5.0
30029,11350.6,0.3,66.7,183.0,2426.3,21.7,2.1,464.3,70.8,1168.7,362.7,489.2,25.4,315.0,1.4,22.0,295.3,51.7,1316.5,1.0,13.6,4589.2,32.0,2145.6,207.9,451.1,0.6,21.3,185.8,38.9,362.0,19.6,0.6,5.6,8.9,80.5,93.8,1922.7,3.3
30031,11480.2,0.4,232.2,382.5,8870.5,34.8,3.4,2608.7,59.4,1173.5,298.0,531.3,50.0,92.2,3.5,48.1,783.6,76.2,779.4,9.6,234.7,4512.2,59.5,4728.6,1088.3,469.6,2.9,1148.6,635.6,117.3,587.7,139.9,3.7,25.8,30.5,37.4,12.7,135.1,1.7
30033,15589.9,,34.2,136.0,549.9,41.5,,413.5,4.9,0.5,,257.9,11.7,527.0,,8.2,4084.8,92.1,882.6,0.7,62.2,8986.8,9.7,10.6,,6.6,2.7,678.9,285.3,,99.5,13.7,1.4,28.5,32.1,43.2,,569.1,2.6
30035,45312.7,,,114.2,4513.0,79.6,4.1,4738.8,26.0,400.8,8.9,424.0,2.4,1051.8,0.1,12.1,7130.8,108.0,4.3,1.1,109.3,46133.7,16.3,28.4,4.7,6.8,,752.9,617.5,,1890.8,29.4,,30.1,,61.4,,1315.7,17.8
30037,4330.5,,38.4,47.6,3406.1,,,99.0,1.6,376.6,,89.9,6.8,41.3,0.1,8.3,341.9,5.5,124.5,,,4713.1,9.4,695.2,,161.4,0.4,177.1,,11.3,179.1,52.8,,10.3,5.0,5.5,,67.8,0.4
30039,5397.1,,,,,,,25.6,2.2,458.2,,192.7,8.5,33.3,,8.9,17.9,,188.7,,,301.6,11.7,868.3,,49.0,,5.5,,14.2,730.7,0.3,,,,3.0,285.1,779.1,0.1
30041,98096.5,,,60.1,7508.0,41.9,2.9,6809.3,85.0,1310.6,14.0,1016.7,1.3,2817.3,0.2,12.6,19097.8,56.8,6.8,0.6,57.8,123988.6,9.5,91.3,7.4,10.7,,2178.3,327.1,,1381.1,96.2,0.1,17.4,,154.3,,3266.4,46.3
30043,1138.8,,,0.3,942.7,,,154.6,2.3,273.3,0.1,120.0,10.2,10.9,,11.0,99.6,,185.8,,,533.5,14.0,1035.2,0.4,60.9,,264.3,0.2,16.9,129.9,14.4,,,,1.8,9.1,3.0,
30045,14480.8,,,341.2,16807.9,219.8,2.3,599.2,4.9,2640.9,,604.7,76.5,99.5,,56.9,636.0,270.9,890.8,3.0,442.4,12712.9,70.1,4966.8,,991.8,,1392.1,1544.2,80.9,498.9,263.1,,119.1,,36.2,,371.7,12.2
30047,11716.6,0.1,232.2,289.5,3414.5,0.2,3.1,189.9,239.4,1948.4,1503.2,979.0,35.9,142.1,6.1,37.9,114.1,33.6,1046.3,3.5,,2862.9,49.3,3971.2,614.4,418.0,2.2,53.0,235.5,78.6,1373.6,19.2,2.5,7.7,30.7,25.5,481.2,3289.2,0.8
30049,3034.2,,,,1446.6,,,152.8,1.0,1235.8,3.8,269.8,23.0,50.2,,24.5,152.0,,420.2,0.1,,2093.9,31.7,2341.6,0.8,315.9,,597.8,1.7,38.2,139.0,23.3,,34.7,,8.6,,62.6,0.3
30051,54986.0,,,133.1,2423.0,53.3,0.6,4249.9,49.0,756.2,155.6,592.5,2.3,1603.9,1.7,7.4,10420.8,96.3,76.0,1.5,72.2,67005.3,7.5,68.8,82.3,118.9,2.2,1181.7,445.9,,604.2,55.5,1.4,16.2,26.0,90.5,,1910.9,28.3
30053,395.7,,,2.6,4.5,0.3,,3.1,0.2,135.3,,58.3,2.5,1.5,,2.7,15.5,,46.3,,,283.7,3.5,258.0,2.4,37.1,,2.2,1.5,4.2,49.6,,,,0.4,0.1,18.9,231.3,
30055,27758.4,,10.3,225.5,523.2,128.3,,1128.1,17.2,1.9,,391.2,30.9,499.2,,9.1,7004.3,202.2,3122.6,2.2,192.4,10341.9,8.5,37.5,,7.3,0.8,785.4,881.7,,87.9,48.4,0.4,40.5,35.5,109.8,,1690.4,8.2
30057,2130.2,0.1,,,874.6,,,380.8,9.7,923.6,17.3,399.4,34.4,32.0,0.2,36.2,157.1,,626.9,0.5,,894.5,47.2,3514.9,59.6,157.9,,891.8,28.9,59.7,300.8,14.1,0.2,1.1,,3.8,28.2,8.2,
30059,4104.1,,,,2690.1,,,205.3,0.7,867.4,,193.3,16.2,55.7,,17.8,229.5,,294.8,,,3266.3,22.2,1643.0,,260.2,,419.4,,26.8,181.8,41.8,,24.3,,12.7,,64.8,0.2
30061,203.1,,,,1060.0,,,10.2,0.3,62.9,,27.2,1.2,4.9,,1.3,13.7,,26.1,,,268.3,1.6,119.1,,23.2,,0.8,,1.9,54.1,5.2,,,,1.9,4.2,107.1,
30063,2579.9,,,7.5,915.2,1.0,,30.2,2.6,462.2,2.8,199.3,8.7,22.2,,9.3,49.4,,188.0,0.1,,906.5,11.9,876.7,7.6,108.8,,7.5,5.2,14.5,340.5,4.7,,,1.1,3.9,117.5,786.5,0.1
30065,5000.1,,145.7,180.5,3701.7,,,85.0,1.5,761.5,,182.7,14.1,52.6,0.3,15.9,425.0,21.0,256.7,,,5634.4,19.3,1431.3,,255.3,1.6,365.1,,23.3,230.0,56.1,0.2,21.2,19.1,4.3,,56.2,0.4
30067,3587.6,,,,43.8,,0.8,1459.3,1.0,931.3,0.3,405.2,34.7,33.2,,37.0,308.8,,633.4,,,1611.5,47.7,3527.7,0.2,104.4,,900.9,0.2,57.6,191.0,24.9,,52.2,,4.9,18.4,126.0,0.5
30069,3350.4,,,,3122.6,,,88.6,1.5,333.5,,77.2,6.0,37.0,,7.4,221.1,,110.2,,,3268.4,8.3,615.5,,146.5,,156.8,,10.0,151.6,49.1,,9.1,,5.0,,60.4,0.4
30071,30143.6,,,159.2,1240.6,83.9,2.5,1978.2,18.5,285.8,,367.0,2.5,845.7,,12.8,6640.4,130.2,,1.1,114.3,46559.1,18.6,19.6,,,1.5,848.3,648.3,,2386.3,21.0,0.5,31.6,17.9,36.1,,856.6,14.2
30073,55949.9,,,43.5,9235.6,30.4,3.9,5549.1,25.0,385.0,14.8,435.1,1.0,1064.7,0.2,13.4,9035.7,41.1,7.2,0.5,42.6,59590.5,15.7,28.0,7.8,11.3,,964.8,237.8,,699.7,28.3,0.1,21.9,,64.8,,1285.1,14.6
30075,1580.9,,4.2,18.7,99.9,,,95.7,0.4,0.9,,499.2,,127.4,,12.3,699.1,7.9,72.1,,,2317.4,36.4,,11.0,0.1,0.8,108.3,1.3,0.2,22.4,2.1,0.1,63.8,10.0,12.8,,264.9,0.6
30077,12473.7,,,,745.6,,,41.7,2.0,836.6,,353.5,15.7,65.2,,16.4,63.2,,315.1,,,980.1,21.5,1590.0,,127.6,,10.1,,25.9,1767.2,3.9,,,,5.6,677.2,1427.5,0.1
30079,4046.4,,29.8,274.3,258.1,678.3,,227.6,1.7,6.5,,380.4,158.2,231.6,0.1,4.6,1718.0,497.5,357.2,20.6,590.4,4368.2,17.6,,77.9,0.4,5.6,637.6,2259.1,1.1,22.1,10.2,0.6,67.2,862.6,53.1,,597.8,14.1
30081,3523.6,,75.7,103.1,1037.5,1.4,0.6,52.6,11.0,822.3,3.9,404.0,15.4,31.8,,16.4,110.5,10.9,327.8,0.1,,1971.2,21.1,1564.3,9.5,229.4,0.8,35.0,17.0,25.7,421.0,5.4,0.2,,11.3,7.1,145.5,1401.3,0.2
30083,20781.0,,231.5,558.5,901.9,53.8,4.2,897.8,12.9,1.5,1886.6,2072.3,517.2,686.6,6.3,16.2,5308.8,281.3,2613.2,98.5,177.3,14093.8,14.1,28.2,284.9,169.8,18.0,597.6,601.7,,70.5,36.4,19.1,454.2,7275.5,83.9,,1602.9,46.4
30085,43304.2,,30.7,566.8,741.0,316.3,5.5,1905.9,29.8,3.4,,1201.9,232.0,724.7,0.3,22.2,10819.3,503.1,5417.1,36.4,568.1,16494.5,21.9,65.0,,9.7,2.4,1181.0,2241.6,,109.3,83.9,1.2,221.5,1908.3,181.8,,3369.8,31.1
30087,5965.0,,68.4,357.5,509.4,248.9,,380.7,2.0,14.7,,693.1,149.7,381.9,0.3,12.2,2565.5,291.4,421.4,20.8,216.6,7389.8,38.4,,178.9,1.0,12.8,454.3,847.3,2.6,43.4,12.0,1.4,91.8,982.2,72.0,,709.7,11.4
30089,5777.9,,,3.1,891.9,0.4,,29.7,1.8,684.0,0.4,289.7,12.8,34.2,,13.5,31.1,,259.2,,,631.6,17.6,1299.9,2.8,91.6,,8.5,2.2,21.3,825.2,4.6,,,0.4,2.8,307.8,1165.4,0.1
30091,42994.8,,20.5,481.4,475.3,275.9,12.4,1990.8,31.5,3.5,,709.8,100.0,434.6,,18.1,10339.1,433.3,5724.3,7.4,421.6,13261.7,13.2,68.7,,11.1,1.6,817.5,1896.2,,78.6,88.7,0.8,103.7,317.8,190.2,,3528.4,19.1
30093,141.5,,,,,,,46.4,1.6,53.3,,23.0,2.0,2.7,,2.1,7.2,,36.3,,,41.5,2.7,201.9,,7.6,,51.6,,3.3,16.3,0.2,,,,0.4,1.8,0.6,
30095,6170.2,,625.7,814.5,410.2,33.4,4.8,1603.5,1.6,729.5,,377.8,44.1,67.2,1.2,30.7,1019.9,286.7,496.1,1.2,192.4,3550.2,37.9,2763.2,31.7,185.7,12.1,726.4,27.4,45.1,297.4,88.0,1.1,45.4,217.5,8.2,20.4,199.0,2.8
30097,1717.1,,,,26.0,,,751.3,0.5,674.9,,291.9,25.2,26.5,,26.5,172.1,,459.0,,,989.1,34.6,2556.3,,58.7,,652.8,,41.7,212.3,6.8,,37.8,,1.9,23.8,58.0,0.2
30099,55692.3,,,66.1,20157.6,46.1,1.3,5233.0,15.1,233.3,15.5,437.2,1.4,783.5,0.2,19.5,7830.5,62.5,7.6,0.7,62.8,50617.9,26.1,17.7,8.2,11.8,,712.9,359.8,,1234.4,17.1,0.1,31.7,,50.8,,886.8,10.4
30101,56296.1,,,41.8,1675.9,29.2,2.1,5019.8,48.4,746.9,,605.7,0.9,1604.2,,9.0,9941.2,39.5,,0.4,40.3,63072.2,8.0,51.1,,,,1087.3,225.5,,857.5,54.8,,13.3,,93.6,,1960.8,26.7
30103,1302.2,,1316.3,1697.8,542.5,56.8,10.1,363.4,0.5,181.2,,186.1,93.1,137.5,2.5,7.4,549.2,524.6,123.2,6.4,327.8,1438.5,10.1,686.2,54.0,32.3,25.5,210.8,46.7,11.2,144.3,13.0,2.3,22.9,896.8,2.9,15.9,74.7,9.8
30105,42089.3,,58.8,321.8,947.3,126.6,3.6,1845.9,29.0,3.3,,918.0,85.5,807.4,0.5,27.1,10814.0,241.6,5276.6,19.0,341.1,16138.1,24.9,63.3,,9.1,4.6,1216.9,981.3,,125.1,81.7,2.3,97.8,55.1,173.7,,3185.4,8.1
30107,6685.6,,,,1158.8,,4.5,301.0,6.9,631.4,7.6,128.0,10.9,90.8,,11.9,501.2,,197.9,0.1,,5942.6,14.9,1110.2,1.6,159.0,,281.8,3.5,18.1,166.5,24.5,0.1,16.3,,15.5,,286.3,1.8
30109,7226.7,,12.8,120.0,174.3,301.7,6.6,210.1,3.4,9.0,,310.1,30.9,136.5,0.3,9.0,2464.1,220.5,702.4,2.4,307.1,3956.1,19.8,,33.5,0.2,2.4,348.3,1063.3,0.5,16.5,20.0,0.3,49.3,30.6,89.0,,1221.8,8.5
30111,16509.1,,3732.5,4738.1,1820.7,96.1,28.7,3462.3,3.6,728.3,,666.1,295.0,506.7,7.1,36.4,3355.1,1104.7,495.3,19.9,554.2,9979.0,38.7,2758.8,91.3,554.0,72.3,764.5,78.9,45.0,686.4,329.7,6.6,73.2,2829.8,23.8,38.0,472.1,30.8
31001,3234.3,115.9,7905.7,9403.9,67875.2,578.1,220.9,813.3,54.5,338.0,,2047.4,152.3,699.3,8.9,46.1,2345.7,760.6,403.1,13.7,,31094.8,125.1,88.3,46373.6,874.0,211.2,1271.8,2351.5,99.8,40.2,1.3,129.0,363.2,1265.7,22.8,296.0,632.9,45.3
31003,15436.7,616.8,46070.7,784.5,53079.6,2261.6,83.9,129.5,802.5,175.5,,1451.4,334.7,737.1,13.1,23.9,3540.3,6183.9,788.7,14.3,342.6,53014.5,669.7,662.0,24806.5,299.4,107.9,1117.8,14146.2,300.9,122.7,3.4,74.7,97.1,1123.5,5.9,477.1,11532.3,118.5
31005,155.0,629.8,22.1,128.6,993.4,7.4,0.7,48.1,,10.4,,223.9,0.7,52.6,1.2,1.7,1450.8,39.2,2.1,0.1,,792.0,5.5,50.4,824.9,1.8,4.2,20.2,5.4,12.1,28.5,7.2,2.1,1.3,47.7,0.1,,33.8,2.9
31007,2377.4,356.1,666.6,1371.3,3422.7,262.8,0.8,1425.5,9.0,47.3,433.6,285.4,21.3,72.7,13.8,13.2,807.4,123.3,211.9,98.7,986.9,2506.6,15.5,43.4,1466.9,133.8,45.1,912.6,557.3,11.6,21.7,,32.1,37.9,595.0,13.6,,421.1,25.2
31009,131.9,636.1,89.9,514.2,3584.8,30.0,2.7,29.5,,42.5,,279.5,0.4,59.3,0.9,1.4,1458.0,45.5,8.5,0.6,,858.1,10.7,40.6,3304.9,7.1,16.9,6.1,21.9,8.4,28.7,,8.4,0.7,193.8,0.2,,28.7,2.0
31011,12986.7,506.4,42706.2,566.9,49191.1,1557.6,77.8,116.6,874.9,216.4,,1350.5,219.6,681.8,14.0,23.7,3157.1,5642.4,884.5,13.3,184.0,37511.5,465.7,645.8,22144.5,291.3,100.1,1124.8,9151.2,319.5,102.9,3.7,69.3,49.9,1041.5,4.5,400.1,7512.2,136.8
31013,6378.3,467.6,3633.5,7993.4,8674.8,1890.7,4.5,3860.9,67.5,176.7,1428.5,1780.1,72.3,601.0,46.3,27.8,3512.2,751.2,911.3,293.7,7299.8,6802.4,82.2,106.2,7062.6,443.1,245.6,2390.6,1377.9,34.8,42.3,,171.7,236.5,9482.2,40.0,,979.8,202.2
31015,369.0,284.7,385.5,2404.1,15941.4,250.6,11.6,503.0,,183.9,,1792.5,34.0,59.6,7.6,11.4,916.3,628.2,36.4,3.5,82.7,2800.5,108.9,333.6,14565.8,45.4,72.4,59.0,1085.6,74.3,13.1,26.1,36.2,14.7,831.2,2.3,,1411.3,17.9
31017,473.4,822.0,690.7,4130.1,27718.4,417.3,20.8,319.9,1.0,339.1,,1571.6,36.4,129.6,4.1,7.9,2201.2,481.8,70.5,12.2,144.6,3593.0,115.5,199.6,25647.4,67.0,129.7,70.1,1193.0,27.4,37.1,7.8,64.9,38.9,1489.3,1.8,,1304.3,8.8
31019,3919.1,384.7,34633.9,8172.8,72801.3,1736.0,362.2,1116.2,4.1,560.0,8.9,6077.9,226.3,150.5,60.5,47.4,3561.5,1563.7,841.4,6.3,,38931.2,88.4,835.2,28040.0,1366.6,178.6,2955.6,4176.5,143.7,338.6,0.5,109.4,56.6,2239.8,14.7,1117.2,17213.1,79.8
31021,3316.4,125.9,34178.5,721.3,39377.9,1709.5,62.2,93.5,443.5,67.9,1.8,1070.0,329.7,536.6,7.6,16.2,1813.8,4646.2,407.0,10.6,263.5,48627.4,626.3,453.7,18706.3,205.1,80.1,696.5,13315.0,176.1,15.0,3.1,55.4,35.2,833.5,5.2,58.3,11168.1,56.5
31023,5479.6,272.1,31183.1,13868.3,61174.2,1203.4,136.5,553.8,596.9,362.6,6.3,3932.8,213.5,429.1,16.1,29.2,1262.0,4361.0,438.2,13.8,253.0,47913.2,337.1,541.8,16859.7,1005.3,40.5,1214.1,4265.8,85.7,109.3,3.4,25.5,101.5,1039.5,13.3,320.3,6957.7,36.8
31025,4488.8,163.6,25397.5,11383.0,49601.6,1111.0,111.1,440.5,504.9,293.8,22.4,3196.6,224.0,344.1,13.1,23.2,796.0,3586.3,352.3,11.6,262.7,50305.4,344.9,441.5,13997.3,946.9,33.0,1079.1,4374.0,73.0,46.1,3.0,20.7,103.4,844.9,10.8,135.2,7380.6,29.9
31027,9454.8,367.6,41925.9,752.0,48285.2,1878.0,76.3,112.8,1108.7,313.7,,1336.4,334.2,665.1,17.3,25.3,2803.7,5609.9,1157.8,13.0,264.3,51155.4,670.7,694.8,22469.8,324.9,98.2,1604.1,13605.4,390.2,68.1,2.4,68.0,70.9,1022.5,5.6,264.6,11371.0,185.3
31029,4624.9,630.8,15694.1,7463.4,82624.5,1116.4,15.2,589.4,166.8,123.0,1649.3,3363.9,40.0,339.7,88.8,42.4,3055.5,1704.1,494.0,180.8,1796.4,33048.5,32.8,31.2,34038.4,530.0,371.6,1993.1,5703.0,27.1,203.3,6.8,261.5,162.5,3759.9,26.1,1331.3,2718.3,34.0
31031,1195.8,5443.0,223.9,1508.0,9183.6,638.2,6.7,264.8,6.5,110.4,,1149.4,11.3,457.3,5.2,8.3,12254.9,326.6,55.9,9.0,165.4,6876.9,41.5,232.8,8488.7,18.9,42.0,77.5,602.8,50.0,246.0,24.5,21.0,20.1,482.8,0.9,,369.1,28.9
31033,11261.1,311.1,1505.0,3113.7,13903.6,606.0,1.9,6956.7,20.2,110.8,,578.4,51.2,108.1,4.4,27.1,2408.1,289.9,147.3,69.8,2252.6,6364.8,35.9,51.6,2018.7,6.5,101.7,2809.9,1226.1,16.1,95.4,,69.1,104.5,1024.4,57.3,,1343.3,52.8
31035,11070.8,593.2,37618.0,5546.5,72600.8,588.4,193.4,842.7,54.1,359.1,11.0,255.8,228.3,132.6,7.7,189.4,1465.0,2868.6,261.4,10.1,17.8,73480.4,83.3,61.7,20291.7,882.8,222.8,1127.6,3412.7,201.5,270.0,3.1,34.5,312.3,1207.4,19.7,497.3,5830.3,17.0
31037,3688.5,133.4,21944.1,9691.6,42872.3,817.3,96.0,368.6,572.3,318.4,,2782.8,149.7,296.6,13.5,19.7,725.9,3038.2,489.1,9.7,157.3,31066.0,228.5,419.1,11669.7,698.9,28.5,1362.4,2808.5,65.2,47.1,0.3,17.9,74.7,729.8,8.1,138.0,4578.6,26.7
31039,4321.6,155.6,41594.8,768.5,47945.6,1870.2,75.7,151.3,891.1,226.7,,1319.0,332.7,653.5,14.2,23.8,2261.8,5649.3,907.2,12.9,264.1,50839.5,659.0,638.6,22340.8,294.3,97.4,1295.4,13537.8,323.3,21.5,8.5,67.5,58.1,1014.4,5.8,83.5,11308.8,141.3
31041,13235.7,1647.5,34018.3,7940.5,71607.7,1445.2,355.8,1763.6,3.8,708.1,101.4,6037.7,182.7,321.9,76.3,51.9,6706.0,1511.6,1058.4,11.8,119.0,26236.0,87.1,1051.8,26332.1,984.5,175.4,5355.8,3742.6,198.3,1611.3,1.2,107.7,86.6,2198.3,17.3,5319.8,9258.4,81.6
31043,2190.1,84.6,14466.9,301.4,16664.1,720.6,26.3,36.8,243.8,48.6,12.1,455.3,138.8,228.2,3.9,7.4,844.2,1954.8,229.2,4.7,111.9,20504.1,265.9,205.1,7907.1,93.5,33.9,364.8,5609.7,91.0,13.3,1.3,23.5,17.7,352.8,2.2,51.6,4706.0,33.9
31045,1406.7,924.2,204.2,356.7,2186.7,25.2,0.3,723.2,0.6,64.2,,386.8,12.4,97.9,0.7,44.9,395.3,31.4,42.1,12.3,77.1,1973.6,17.1,236.6,238.7,0.5,13.8,420.6,183.1,52.4,15.3,,9.4,32.6,317.2,7.2,,317.7,15.6
31047,4701.3,476.0,36651.4,8446.9,76914.7,1376.6,383.4,1343.3,3.6,631.9,,6444.4,143.7,172.1,67.6,51.2,3994.9,1571.6,945.3,6.9,5.7,22559.9,71.3,941.5,28074.5,928.7,189.0,3550.7,3239.3,166.3,452.4,0.6,115.8,60.4,2365.2,14.8,1493.4,8183.8,85.2
31049,5038.9,77.6,1244.7,2123.9,7617.6,109.0,1.6,3128.2,1.9,72.2,,388.5,20.3,48.8,3.0,11.8,1501.5,142.8,50.8,35.7,233.7,3418.5,15.3,11.3,1251.8,3.5,84.1,1411.1,579.1,6.4,49.7,,57.1,42.8,375.6,28.8,,564.2,7.3
31051,5849.8,232.4,21972.5,441.5,25351.5,1031.5,40.0,82.2,407.2,92.8,,695.2,190.0,349.6,6.6,11.4,1554.1,3042.4,402.2,6.8,151.2,28649.3,369.8,321.2,11912.9,147.2,51.5,607.8,7705.2,150.4,43.8,,35.6,27.9,535.9,3.2,170.3,6448.3,61.1
31053,5410.8,154.0,32796.3,14502.0,63820.6,1298.6,143.5,529.3,546.4,348.2,6.7,4107.3,231.5,439.3,15.8,25.7,955.9,4544.9,365.7,15.2,272.9,53048.4,368.3,550.7,17535.8,1078.2,42.6,1014.3,4666.0,88.9,38.8,0.4,26.8,105.9,1087.9,11.8,113.6,7714.7,38.2
31055,1325.3,46.4,7769.2,3465.0,15206.3,320.3,34.0,131.1,217.2,96.6,207.2,984.4,60.8,104.8,4.3,7.4,253.6,1088.6,127.3,5.0,99.6,13385.8,93.9,144.2,4223.0,270.0,10.2,367.8,1180.3,33.0,14.0,1.1,6.4,28.7,259.7,3.0,41.0,1964.4,9.2
31057,4603.2,1092.2,8094.5,3967.1,43101.6,587.9,7.8,480.5,237.5,81.3,2641.4,1818.6,27.5,215.8,98.3,26.3,1725.7,924.5,501.9,215.2,966.9,22168.7,42.1,76.3,20893.4,482.8,191.6,3135.0,3013.3,29.7,275.8,4.4,206.4,322.4,1952.0,14.5,1820.8,1961.7,21.2
31059,10384.7,340.5,40432.7,6301.7,79925.8,632.4,207.9,815.0,53.8,372.4,,301.7,259.7,142.5,2.8,199.5,1546.6,3155.7,248.7,8.9,,84079.9,87.0,32.1,23129.5,1001.5,239.4,885.8,3530.2,213.6,117.1,3.5,37.1,208.3,1309.7,23.6,215.6,6219.9,14.5
31061,4935.8,259.7,3503.0,4504.5,30969.1,276.3,97.9,489.4,51.8,180.4,,996.8,89.8,337.3,10.0,28.9,1215.8,383.8,232.4,7.9,11.9,16342.4,60.7,80.7,21362.2,439.4,93.6,1161.9,1335.5,54.5,140.7,1.9,57.1,325.6,574.0,20.4,1046.9,422.7,24.7
31063,5465.2,673.9,6911.7,3359.1,37433.9,199.7,6.7,328.2,12.2,88.6,,1523.5,48.2,178.6,23.5,25.9,1684.4,677.1,100.6,17.7,38.9,19140.0,35.8,34.3,13803.0,229.7,163.6,722.9,1361.5,17.3,210.6,6.2,86.2,148.5,1724.3,16.4,1383.1,2183.6,16.2
31065,6203.9,223.6,3209.1,4740.6,31715.2,295.8,89.7,579.4,86.0,196.6,,1209.2,67.5,308.2,14.6,43.4,1331.5,394.2,333.5,8.8,21.1,17092.6,56.1,112.6,22018.0,352.3,85.7,4934.1,1421.2,59.5,133.1,9.2,52.3,447.6,554.0,69.1,933.4,1556.6,27.0
31067,13437.0,883.7,31654.6,7670.7,78446.4,495.1,162.8,910.7,151.4,340.0,0.7,685.2,330.9,111.6,7.9,180.8,1563.2,3062.5,303.6,7.3,53.6,95478.1,89.4,96.0,28931.3,1114.3,187.4,1465.2,3134.5,173.5,332.6,29.9,29.0,478.3,1125.1,48.6,612.3,8100.1,28.9
31069,2754.3,1452.9,1476.1,2589.6,5039.3,191.5,1.8,1587.8,4.7,89.0,,562.0,11.2,159.5,2.7,24.3,1560.5,188.3,84.6,15.9,518.1,3623.5,25.3,109.5,1565.4,4.1,99.8,776.4,308.6,28.7,26.6,,67.8,26.3,427.2,16.9,,355.4,19.1
31071,117.0,342.2,181.7,1075.7,7304.2,84.0,5.5,105.9,,86.4,7.1,585.3,6.8,44.2,2.2,3.1,854.4,149.9,24.4,2.5,16.9,1049.8,32.0,89.0,6756.9,19.0,34.1,18.2,238.8,18.4,15.4,3.1,17.2,3.6,391.9,0.5,,291.8,4.3
31073,3996.1,202.0,3034.0,3731.6,26690.2,229.9,84.8,295.0,22.3,125.7,,843.5,56.0,289.7,3.6,20.4,973.3,303.6,166.2,5.5,1.8,12780.5,47.3,26.7,18293.0,330.0,81.1,1107.4,933.0,36.5,112.0,2.1,49.5,111.1,491.0,19.7,824.4,453.3,16.6
31075,166.2,715.6,5.1,29.2,203.0,1.7,0.2,7.5,,2.4,,59.0,0.2,58.0,0.3,0.4,1592.3,2.1,0.5,,,729.7,1.4,13.5,187.4,0.4,1.0,0.3,1.2,3.3,32.5,,0.5,0.4,11.0,0.1,,9.1,0.8
31077,2079.9,269.3,10989.0,2575.3,23024.4,529.8,114.9,441.1,0.9,198.7,,1931.2,73.6,67.8,21.7,15.5,1489.5,489.9,296.3,2.3,5.3,11617.2,29.8,295.8,8792.8,420.1,56.7,1134.2,1330.8,53.2,254.3,,34.7,22.5,708.2,3.7,840.0,5047.0,25.7
31079,1485.7,137.6,32251.8,7608.4,68238.5,1317.4,337.3,492.1,8.2,386.1,4296.0,5610.8,103.9,112.7,55.3,41.2,2797.4,1438.9,594.7,5.6,,25060.0,44.6,579.7,25953.4,909.0,166.3,897.3,2934.9,84.8,113.5,0.1,111.0,17.0,2115.4,11.9,374.8,9227.1,71.5
31081,6427.7,179.1,40932.6,17955.6,80254.3,1331.0,179.1,697.7,589.3,396.6,5.5,5137.3,169.9,551.0,18.4,33.4,1260.9,5619.0,348.0,18.1,201.0,40861.8,297.7,663.4,21320.0,1046.0,53.1,758.8,3734.6,105.7,65.0,1.3,33.4,77.2,1365.0,15.6,190.4,5743.9,47.3
31083,4347.4,191.6,3168.4,4285.5,29257.2,266.1,88.5,420.7,51.3,158.1,8.4,991.3,59.9,300.2,7.0,28.3,1078.5,351.8,226.2,6.4,5.7,13955.6,51.6,62.9,20161.6,342.0,84.6,2250.8,1066.0,46.8,108.3,4.0,51.9,252.6,529.8,34.1,783.9,765.1,21.3
31085,3758.8,710.8,4931.6,2322.2,26824.7,117.1,4.8,309.8,8.1,63.8,,1125.3,17.6,134.2,17.0,20.1,1198.2,475.9,96.8,14.7,154.8,16642.6,26.7,51.4,9675.9,112.4,116.8,817.9,1043.1,19.4,176.2,5.3,61.5,210.1,1212.4,12.6,1145.4,1413.1,13.2
31087,5472.3,483.4,3802.8,2192.4,22103.4,98.1,3.7,213.5,16.3,56.0,,878.2,15.2,109.7,13.9,24.8,1310.8,498.1,145.1,11.9,75.1,22534.2,16.8,27.7,7733.2,92.6,90.0,878.5,784.1,11.8,150.4,10.9,47.4,116.8,1008.1,20.1,941.5,2029.1,9.5
31089,1238.4,1290.4,2431.4,15511.1,97134.5,2816.0,73.2,969.2,13.4,1164.9,,6094.8,225.4,327.7,16.5,28.8,4126.3,1359.0,300.8,35.0,885.7,15653.1,639.0,763.6,91256.5,298.1,456.6,284.0,8537.4,133.5,57.4,61.7,228.3,72.6,5242.6,9.3,,9116.2,65.5
31091,124.0,660.7,21.4,122.4,852.1,7.2,0.6,7.2,,10.1,,135.9,0.4,54.9,0.6,0.9,1478.0,8.8,2.0,0.1,,725.1,3.8,27.7,786.6,1.7,4.0,1.4,5.2,6.5,29.8,,2.0,0.7,46.2,,,18.8,1.6
31093,1856.0,175.7,17248.7,4020.5,36195.6,762.1,180.4,635.3,1.7,298.1,82.1,3029.3,94.1,73.6,31.2,23.8,1743.6,758.9,445.9,4.2,,15166.4,40.6,444.1,13592.1,571.0,89.0,1676.3,1817.3,78.5,158.6,0.1,54.5,30.7,1113.1,6.4,523.6,6351.2,40.1
31095,9983.9,706.2,19396.3,4795.1,48685.9,303.4,99.7,606.1,102.4,216.1,,456.0,201.5,68.4,7.5,114.8,997.5,1877.5,208.3,5.2,10.9,57596.8,56.3,74.5,18112.6,673.3,114.9,1027.0,2000.3,107.7,355.4,23.1,17.8,353.2,693.3,32.4,654.9,5066.0,21.1
31097,3903.7,365.0,7135.9,1431.0,15770.0,111.6,36.7,247.9,31.6,82.7,,108.9,86.5,25.2,2.9,40.1,356.6,629.1,79.9,1.6,,23394.9,23.3,39.2,5305.2,278.0,42.3,480.8,729.2,40.7,184.5,3.3,6.5,179.5,241.6,7.4,340.0,2215.1,7.3
31099,3389.8,125.4,8324.6,9552.4,70524.1,584.5,232.6,709.6,25.3,321.1,,2086.2,162.7,736.2,8.1,45.0,2521.3,775.8,377.3,15.0,3.8,34005.3,129.2,45.9,48170.5,937.3,222.4,922.9,2543.5,93.4,41.7,1.2,135.8,199.2,1316.8,19.9,306.3,627.5,42.5
31101,5180.4,1082.6,9936.1,4448.7,52759.4,397.6,9.6,519.6,11.0,144.3,,2251.5,41.8,291.1,36.2,33.7,2123.2,918.1,174.0,42.1,622.0,26272.6,40.9,70.4,19392.6,223.5,235.2,1035.8,2834.6,30.4,292.6,6.9,123.9,322.4,2406.7,20.3,1921.7,2217.7,24.6
31103,239.9,515.1,92.4,645.3,3871.8,236.2,2.8,155.0,2.0,47.5,,617.4,14.0,50.0,3.1,5.0,1241.3,155.0,19.4,4.2,81.7,1496.5,32.7,138.9,3549.2,11.6,17.4,41.3,473.9,29.8,23.2,20.4,8.7,15.1,199.2,0.6,,496.4,12.4
31105,5039.3,298.0,771.0,1538.5,7317.6,263.2,1.0,3067.9,8.9,64.5,,453.7,29.2,162.7,2.3,20.0,1178.1,139.2,73.5,39.2,995.6,3367.7,16.6,58.8,993.6,2.0,52.1,1480.2,591.7,15.3,51.5,,35.4,87.9,2105.7,29.3,,635.0,33.5
31107,26622.5,1089.3,30165.8,540.4,35009.1,1141.4,54.9,289.1,1444.9,491.5,0.5,1004.8,173.7,503.4,21.6,25.2,3945.6,4512.6,1592.8,9.4,135.7,28966.5,394.7,659.5,15941.1,318.9,70.7,2093.1,7206.4,481.7,232.9,6.2,48.9,84.7,735.7,4.6,905.4,5978.4,267.1
31109,5686.8,325.2,27570.5,13163.0,56881.1,1228.1,120.7,771.3,656.9,345.8,48.9,3603.2,255.5,395.1,15.1,48.0,1124.3,4274.4,459.3,13.4,309.2,56662.8,388.3,499.4,16887.5,1056.7,35.9,1431.8,4940.6,85.7,130.5,19.2,22.5,121.2,954.7,24.7,382.5,8306.7,33.2
31111,11640.1,4063.2,19379.3,8202.7,101765.2,337.7,18.8,1563.5,5.4,218.4,,4537.7,121.1,571.1,63.7,60.0,3913.0,1498.9,169.1,36.5,174.5,35311.3,178.2,327.6,37615.4,564.5,458.8,3364.1,3208.3,109.0,858.3,3.3,241.6,1304.8,4630.3,24.5,5749.3,3504.3,59.4
31113,299.9,471.7,262.3,1518.1,10484.1,101.4,7.9,128.7,,131.5,,688.2,10.8,62.3,2.2,4.3,1202.0,118.5,24.7,5.8,45.0,1397.8,34.7,107.6,9660.5,22.4,49.3,29.6,264.1,16.2,21.4,19.0,24.6,22.5,565.5,0.9,,318.2,3.7
31115,124.4,470.5,92.8,546.3,3754.7,39.3,2.8,79.8,,44.4,,397.0,3.3,46.3,1.6,2.5,1095.4,103.5,8.8,0.9,7.9,844.7,16.6,71.8,3448.8,8.4,17.4,6.5,96.1,15.7,21.2,3.9,8.7,3.3,200.0,0.3,,137.3,3.8
31117,208.9,788.8,53.0,313.4,2175.3,21.8,1.6,77.7,,28.5,,332.3,5.1,68.2,1.7,2.9,1783.2,91.6,5.0,2.2,19.4,1089.6,11.1,77.9,1981.3,4.7,9.9,5.1,87.4,15.7,35.6,5.5,5.0,11.5,114.2,0.2,,142.8,3.8
31119,6471.6,250.9,34336.4,634.4,39620.0,1534.0,62.5,119.9,779.6,143.6,637.6,1095.4,270.7,543.3,10.2,21.1,2146.0,4656.1,624.4,13.8,367.3,41628.9,532.9,507.8,18413.8,228.4,80.7,905.5,11067.2,261.6,44.8,8.6,55.7,49.6,837.4,4.8,174.0,9200.3,94.7
31121,4432.2,294.4,26074.9,11350.5,50793.8,845.5,114.1,426.7,469.0,292.5,,3272.4,114.3,363.4,13.1,21.1,1067.5,3537.9,335.6,11.5,127.0,25904.2,193.2,446.5,13396.8,677.4,33.8,811.8,2388.1,70.5,141.9,0.5,21.3,54.7,865.5,9.1,415.7,3677.2,30.6
31123,1623.1,1025.6,4538.7,8787.8,5365.0,1313.0,5.7,1030.9,43.1,225.5,365.7,1610.6,29.7,253.3,17.7,42.3,3726.6,675.3,490.6,87.6,4650.2,4975.8,83.7,193.7,5745.1,123.1,306.7,765.9,774.4,56.9,12.5,,209.6,71.9,2508.5,14.7,,772.3,119.5
31125,2668.1,343.3,12519.9,5514.5,24529.6,434.4,54.8,229.9,382.7,204.4,,1598.0,77.0,189.5,8.5,14.1,821.6,1727.9,344.1,5.5,91.6,15105.6,115.7,252.8,6597.0,374.6,16.2,947.2,1444.9,39.1,178.1,2.0,10.2,43.3,417.2,5.4,521.9,2216.6,15.5
31127,6043.6,366.3,19206.8,2616.2,34987.0,300.4,98.8,440.2,19.8,184.2,0.7,95.9,200.8,67.7,3.0,94.7,869.2,1448.0,142.7,4.3,0.1,57469.6,51.8,38.0,9331.5,683.3,113.7,621.8,1871.7,103.5,121.3,3.5,17.6,212.1,603.4,9.0,223.3,4701.8,9.9
31129,10640.2,589.2,16508.9,4914.2,46981.5,258.2,84.9,517.5,111.8,186.1,,550.3,131.5,58.2,6.6,104.5,845.4,1747.9,192.4,4.7,13.3,40282.8,43.0,55.9,18890.2,464.0,97.8,957.5,1641.1,91.0,443.2,34.3,15.1,258.4,624.6,39.5,815.4,3491.4,21.9
31131,7750.1,554.2,24861.8,3325.4,44931.0,388.9,127.8,602.3,30.6,243.4,5.6,120.8,258.6,87.6,4.7,123.3,1114.1,1861.4,195.7,5.7,0.8,73487.2,68.2,61.9,11830.0,876.8,147.2,883.0,2422.1,135.0,154.1,4.4,22.8,319.6,778.9,11.1,284.1,6160.1,14.1
31133,6140.7,467.9,9327.9,1841.0,20576.1,145.9,48.0,307.3,38.8,105.4,,154.8,95.5,32.9,3.4,52.6,440.8,811.7,105.6,2.1,,26598.0,28.0,45.5,6844.0,316.6,55.2,566.5,909.0,52.6,336.8,8.6,8.6,206.8,315.6,11.2,620.8,2491.7,10.3
31135,5224.8,381.8,16674.8,7306.2,88901.3,547.2,16.2,615.3,13.2,273.7,,3607.3,60.0,341.8,64.1,56.0,3503.0,1449.0,275.6,72.2,770.0,48393.2,33.5,29.5,32479.2,382.9,394.8,1054.8,4532.0,27.9,96.7,13.6,207.9,180.2,4001.6,37.1,545.7,4448.3,35.9
31137,3955.0,168.5,8430.7,9629.4,71155.3,586.0,235.5,720.0,23.1,325.5,349.6,2083.7,188.5,750.0,15.2,45.3,2637.7,801.9,375.9,15.8,7.4,37470.1,133.8,47.9,49131.1,1066.0,225.2,1043.1,2687.6,95.0,61.7,0.5,145.7,211.2,1329.7,15.5,457.6,763.6,43.2
31139,6619.7,251.7,35277.3,588.9,40642.8,1491.8,64.2,111.5,645.0,146.9,11.0,1112.6,249.9,557.9,10.6,19.1,2225.4,4727.6,640.3,11.1,198.6,39257.3,498.9,514.4,18736.0,235.0,82.6,893.6,10220.4,240.6,45.8,7.2,57.2,40.0,860.3,4.5,177.9,8499.8,97.0
31141,6672.1,313.9,39610.0,17423.5,77312.4,1463.4,173.3,652.9,819.2,452.0,83.1,5001.6,234.9,541.6,20.2,37.0,1481.0,5441.3,531.8,23.1,280.1,52878.1,378.3,686.5,20853.2,1184.8,52.0,1402.4,4734.6,133.4,128.6,7.2,32.3,110.5,1322.8,14.5,377.0,7639.7,46.6
31143,4096.9,177.1,24102.5,10730.3,47372.8,908.0,105.5,420.4,423.4,264.5,,3039.8,153.7,328.2,11.9,20.8,832.1,3377.1,293.6,10.6,177.8,34998.6,246.6,409.2,13001.1,749.6,31.3,792.5,3105.6,64.6,67.8,0.9,19.7,71.2,805.1,9.8,198.8,5065.2,28.3
31145,7222.5,667.7,5375.7,3556.2,31073.2,217.1,5.2,360.3,34.5,47.3,,1259.3,30.6,132.9,15.7,29.7,1694.1,863.9,142.3,11.2,131.3,20885.2,36.1,56.2,11283.5,158.1,127.3,1245.9,1054.7,21.2,138.5,9.3,67.0,225.8,1498.8,19.4,881.4,1937.1,14.4
31147,7241.0,387.9,20748.1,2957.6,38634.5,324.5,106.7,465.6,24.9,197.7,41.1,119.4,213.2,73.1,5.5,104.7,1001.9,1588.8,149.2,6.7,17.7,61659.4,55.0,36.4,10617.8,729.1,122.9,641.0,2168.0,111.4,200.8,3.5,19.0,210.6,657.1,10.5,370.0,4976.3,10.1
31149,287.2,725.8,302.9,1931.2,12099.3,246.2,9.1,146.3,,143.7,,737.2,34.8,86.0,1.9,3.1,1772.3,154.6,28.6,2.3,90.8,2612.8,94.5,85.1,11387.5,41.7,56.9,25.1,1235.0,15.3,32.6,18.4,28.4,5.1,653.1,1.4,,1446.6,3.5
31151,8914.6,512.7,26178.2,5645.3,61000.5,409.4,134.6,666.6,95.7,266.2,,425.7,222.1,92.3,5.2,142.0,1175.0,2361.3,205.3,6.2,5.3,67048.0,65.7,55.2,21210.0,786.4,155.0,990.3,2476.6,141.3,179.5,9.8,24.0,285.3,906.0,29.4,330.0,5438.8,16.2
31153,1471.2,48.6,8329.9,3776.0,16426.3,369.8,36.5,151.3,208.2,93.3,78.2,1057.0,73.7,112.4,4.2,8.4,249.7,1194.9,106.7,5.4,97.0,16675.6,113.9,152.3,4672.9,311.5,10.9,327.3,1447.5,34.0,12.1,1.6,6.8,33.8,280.0,3.8,35.5,2444.8,9.8
31155,6718.4,253.9,38388.2,17135.4,75003.7,1605.1,168.0,675.0,833.0,423.9,948.1,4825.0,306.6,522.2,19.1,35.4,1256.3,5391.6,475.3,18.4,521.7,69609.6,479.0,663.5,20954.0,1352.6,49.8,1389.5,6077.1,130.1,79.4,5.5,31.4,140.8,1277.0,16.6,232.6,10161.9,45.0
31157,1236.7,295.9,6132.6,12858.1,5974.4,2637.0,7.6,766.0,92.3,310.2,1.2,2247.0,45.5,277.4,10.1,62.1,4867.9,1119.0,656.8,31.9,9959.3,5520.9,132.9,290.8,7978.8,16.1,414.5,624.0,944.7,83.2,4.1,,281.5,116.1,3862.6,14.1,,1277.8,239.9
31159,5299.5,246.4,29119.7,13446.9,58839.9,1170.6,127.4,622.8,503.5,310.0,,3732.5,212.6,400.7,14.1,32.6,1142.1,4305.9,327.2,12.8,258.5,48868.1,336.8,488.6,16808.2,975.4,37.8,945.8,4299.3,77.3,94.0,4.5,23.8,98.6,991.8,17.0,275.4,7082.3,34.2
31161,3059.7,1864.0,1743.1,3552.4,4277.5,659.2,2.2,1527.7,22.6,139.8,,850.0,31.7,215.1,3.7,53.5,1824.6,314.1,192.6,37.4,2465.9,4497.9,46.6,245.3,2246.7,4.8,117.8,674.1,686.0,59.3,20.0,,80.0,68.6,822.3,17.4,,869.2,67.5
31163,2522.4,278.4,9618.3,2268.3,20315.9,423.0,100.6,675.9,2.0,240.9,,1715.0,72.8,65.4,22.1,14.8,1420.0,430.6,352.8,1.9,2.7,8916.2,33.3,356.9,7669.9,355.2,49.6,1941.6,1102.4,70.8,267.3,0.1,30.4,34.4,627.7,4.1,882.5,3678.1,23.9
31165,500.9,1574.8,1222.1,2280.5,1841.5,278.7,1.5,192.5,8.7,87.6,,592.1,7.6,166.3,2.0,34.5,1135.2,170.9,104.6,4.9,937.2,2356.4,28.9,184.3,1363.6,3.1,82.6,196.9,138.8,44.2,6.4,,56.1,22.0,544.6,3.7,,244.5,32.2
31167,5965.8,235.8,20072.3,357.9,23149.6,873.2,36.5,89.3,559.7,142.9,277.2,642.2,151.2,320.4,8.0,12.8,1478.8,2730.9,533.6,6.7,173.1,23457.5,305.3,330.1,10723.2,152.7,47.1,736.7,6170.8,190.0,46.1,8.1,32.6,32.1,489.5,2.9,179.1,5147.5,85.1
31169,10964.6,556.1,25713.9,5955.7,62565.4,402.2,132.2,669.7,107.9,264.7,,536.5,203.8,90.6,8.1,147.0,1224.2,2394.5,229.6,7.4,21.2,62740.6,63.2,55.4,22501.2,731.3,152.3,958.0,2553.5,138.9,306.2,27.2,23.6,280.1,906.7,38.8,564.0,5064.8,21.7
31171,121.9,548.9,11.9,74.7,562.3,4.0,0.4,76.3,,5.6,,68.0,0.2,45.1,0.3,0.5,1231.1,95.3,1.1,0.1,,594.9,2.0,13.4,475.3,0.9,2.2,0.8,2.9,3.1,24.8,5.2,1.1,0.3,25.7,0.1,,9.1,0.7
31173,2548.0,93.3,21332.8,496.1,24733.9,1026.1,38.8,183.2,473.8,123.1,,685.0,193.2,335.8,7.5,12.8,1185.0,3196.9,484.9,6.6,153.4,28842.1,377.4,331.6,11715.4,154.2,50.0,743.6,7824.1,171.0,13.1,7.6,34.6,32.7,520.3,3.9,51.0,6558.5,75.9
31175,2433.3,265.1,11815.3,2757.4,24708.8,564.5,123.6,638.1,0.5,253.1,2.3,2092.0,84.7,69.8,26.8,17.9,1548.1,525.8,375.7,3.6,26.7,11794.3,36.2,375.8,9329.3,441.8,60.9,1783.9,1489.2,71.5,250.7,0.1,37.3,33.0,758.0,4.6,828.0,4986.2,28.5
31177,3247.2,116.7,18642.1,8329.2,36359.3,808.3,81.6,313.4,560.6,283.2,135.6,2370.6,171.8,251.5,12.0,18.1,586.4,2618.8,452.3,10.3,204.3,35967.1,255.1,367.1,10206.5,708.0,24.3,1343.5,3175.2,67.2,32.9,1.9,15.2,83.9,620.6,7.2,96.4,5355.8,22.8
31179,3876.6,144.4,28606.9,550.9,32961.9,1335.6,52.1,94.1,624.2,160.6,,906.9,245.4,450.9,9.9,16.4,1626.1,3872.1,637.2,8.9,194.9,36988.4,482.2,442.0,15458.6,204.7,67.0,924.2,9960.0,225.9,22.4,5.2,46.4,42.0,697.6,4.2,86.9,8336.7,99.5
31181,4525.0,219.6,2434.1,3637.6,22871.9,225.3,68.0,497.4,73.8,162.8,,835.6,69.0,239.8,10.7,28.8,890.4,315.6,233.4,6.0,11.7,11661.0,45.9,105.3,15891.6,312.6,65.0,1344.0,1026.6,50.0,122.3,3.5,39.7,419.4,420.8,31.7,909.9,380.5,22.6
31183,189.4,348.9,504.0,3100.3,20199.8,321.4,15.2,227.0,,238.1,,1172.2,36.1,74.2,2.7,4.4,1027.2,357.8,47.6,3.3,92.8,2757.5,118.4,124.6,18838.7,58.6,94.7,34.1,1340.8,21.9,15.6,1.3,47.3,3.6,1086.8,1.5,,1544.4,5.0
31185,6486.6,157.6,41767.3,18546.8,82732.6,1362.3,182.8,751.7,618.6,395.5,46.4,5273.9,173.1,559.7,18.5,35.6,1226.2,5840.1,328.7,19.2,213.6,41996.9,304.6,677.6,22214.7,1067.8,54.2,709.9,3830.4,112.9,52.0,0.5,34.1,78.1,1403.4,17.5,152.5,5897.4,48.2
32001,1052.6,488.1,792.5,1828.7,71.0,1.1,6.2,487.4,7.8,1175.1,28.0,177.3,10.1,81.8,55.7,32.0,77.7,1819.0,347.8,0.4,236.2,1184.3,58.1,294.9,304.1,1267.2,5.6,4358.2,439.5,41.5,62.2,0.6,5.1,0.5,277.3,4.1,2.7,69.7,2.3
32003,217.7,,,,1.1,,,48.4,1.5,216.5,106.9,131.3,1.6,0.1,2.4,2.3,0.7,,52.7,0.8,,78.2,2.3,172.3,,129.6,,535.8,,2.4,0.1,0.6,,26.2,,0.2,,9.0,
32005,1063.2,121.0,,,,,,109.1,,291.4,,36.8,2.4,78.1,13.4,7.8,31.8,,71.8,,57.2,181.3,12.7,72.0,,313.9,,1082.3,79.2,10.2,77.4,,,,,0.4,3.3,18.3,
32007,9916.4,4165.2,,,,,,168.4,,263.4,,200.6,7.7,455.7,,5.6,719.8,,78.3,,93.1,620.1,9.4,117.1,,273.5,,1672.2,128.9,15.4,1758.4,,,,,,75.0,27.1,
32009,686.3,,,,,,,135.3,,698.0,,330.4,5.2,2.9,0.3,7.5,0.6,,169.8,,,154.3,7.5,553.3,,417.7,,1652.1,,7.6,11.4,,,84.3,,,0.5,28.9,
32011,1588.2,655.6,,,,,,256.2,,397.4,,302.8,11.6,41.4,,8.4,66.8,,118.1,,140.5,298.7,14.1,176.7,,412.6,,2523.1,194.5,23.2,159.9,,,,,0.1,6.8,40.9,
32013,6850.5,984.9,,,,,,1252.4,,2449.8,2302.0,301.2,19.6,454.9,145.7,63.5,333.1,,584.6,26.7,465.7,1348.5,103.0,585.6,1068.8,4627.2,,8963.9,768.3,178.4,443.7,15.1,45.1,238.3,,20.1,18.9,276.6,
32015,3468.0,1452.2,,,,,,460.4,,720.0,,548.6,21.0,104.9,,15.3,165.7,,214.0,,254.6,539.3,25.6,320.2,,747.6,,4571.2,352.4,42.1,404.8,,,,,,17.3,74.1,
32017,1064.5,,49.9,61.9,46.3,,0.3,210.8,,1082.4,,513.4,8.1,5.2,0.5,11.6,6.1,114.5,265.7,,,277.6,12.1,858.0,4.2,647.8,0.3,2562.0,6.8,11.8,15.7,,0.3,130.8,2.6,,0.7,44.8,
32019,1677.1,599.5,75.0,172.9,6.7,0.1,0.6,846.2,0.7,1443.2,603.6,731.2,42.4,107.9,66.3,89.2,186.7,172.0,361.7,0.1,283.9,812.1,63.4,729.1,154.8,1557.6,0.5,5349.8,1229.5,56.7,104.5,1.3,0.5,43.1,26.1,4.5,4.5,86.7,9.2
32021,566.1,,,,,,,115.0,,593.2,,280.8,4.5,,0.2,6.3,,,144.3,,,105.3,6.4,470.3,,355.1,,1404.2,,6.4,,,,71.7,,,,24.5,
32023,1032.5,,,,4.4,,,193.9,0.7,1000.6,4.6,475.2,7.5,10.4,0.5,10.7,3.0,,246.5,,,306.4,10.8,794.6,,598.9,,2371.0,,10.9,41.3,,,120.9,,,1.7,42.2,
32027,1064.8,421.2,,,,,,480.0,,1013.9,,129.0,8.4,54.1,46.5,27.2,125.3,,250.0,,199.1,225.9,44.1,250.4,,1100.3,,3757.3,275.7,35.7,51.8,5.8,,,,6.6,2.2,57.9,
32029,0.4,1.6,,,,,,1.4,,3.9,,0.5,,,0.2,0.1,,,1.0,,0.8,0.3,0.2,1.0,,4.2,,14.6,1.1,0.1,,,,,,,,0.2,
32031,4924.8,216.5,,,,,,245.8,6.6,521.1,26.6,72.3,4.3,356.1,23.9,14.1,277.8,,129.4,0.2,108.9,740.8,22.6,129.8,0.4,572.1,,1935.3,141.7,18.4,352.0,6.5,,0.1,,2.9,15.0,32.2,
32033,1300.8,543.4,,,,,,228.5,0.4,357.3,0.2,273.9,10.4,31.7,,7.6,50.4,,106.2,,126.3,263.8,12.7,159.2,,371.0,,2270.9,174.9,20.9,122.5,,,,,,5.2,36.8,
32510,28.1,11.5,,,,,,9.8,,27.6,,3.5,0.2,1.9,1.3,0.7,0.8,,6.8,,5.4,5.5,1.2,6.8,,29.7,,102.2,7.5,1.0,1.9,,,,,,0.1,1.6,
33001,29.5,0.6,19.1,30.9,225.9,3.6,0.5,,29.5,1.1,29.2,51.9,0.6,2.9,,1.9,2.0,4.7,7.1,1.9,1.7,87.3,0.6,1.8,149.6,0.1,0.1,22.4,40.0,9.0,,1.7,0.1,0.6,17.0,,2.2,0.6,
33003,29.9,1.1,26.6,33.7,300.9,4.1,0.9,,44.3,1.8,47.9,61.2,0.9,4.1,,2.3,2.8,6.5,6.0,2.0,3.6,94.2,0.8,0.9,201.6,0.2,0.1,22.4,48.6,10.3,,1.6,0.1,1.2,20.0,,2.5,1.5,
33005,112.3,2.2,133.8,72.6,1375.5,5.2,1.2,0.1,67.2,6.9,62.9,222.0,1.5,20.5,,5.9,14.3,32.8,19.1,3.9,4.4,301.0,3.9,1.3,915.3,0.2,0.5,75.6,160.3,23.2,,2.8,0.5,1.5,61.9,0.1,4.3,0.6,
33007,65.8,1.7,107.9,31.6,1070.7,1.1,0.3,0.1,13.4,5.2,23.4,139.1,0.3,16.5,0.1,3.4,11.6,26.5,2.8,0.7,1.0,163.2,3.2,1.3,712.5,0.9,0.4,36.9,110.5,7.0,,0.4,0.5,0.3,39.2,,3.4,0.8,
33009,151.4,1.6,189.6,74.6,1908.5,4.1,1.2,0.3,63.6,9.5,62.0,271.8,1.4,29.0,0.1,6.9,20.3,46.5,17.8,3.4,4.5,384.7,5.6,1.7,1271.0,0.7,0.7,85.6,208.7,23.4,,1.9,0.7,1.6,76.5,,11.2,0.7,
33011,213.5,2.9,32.1,154.2,525.1,22.7,8.1,0.2,384.9,6.0,385.0,320.3,8.8,4.9,,9.5,3.4,7.9,88.9,18.0,30.6,637.4,0.9,6.9,371.2,0.4,0.1,177.6,158.2,89.1,,11.6,0.1,10.8,69.3,,8.8,9.1,
33013,139.2,3.7,155.3,99.2,1617.8,8.7,2.1,0.2,109.9,8.4,111.6,277.7,2.3,23.8,,7.8,16.6,38.1,23.8,5.7,8.1,383.4,4.6,3.6,1078.7,0.2,0.5,96.4,201.0,32.1,,4.6,0.6,2.8,77.8,0.1,5.8,2.3,
33015,118.4,2.2,29.8,106.1,435.0,13.5,4.3,0.2,213.7,3.8,208.4,201.6,4.8,4.6,,6.5,3.2,7.3,49.4,10.4,16.4,370.4,0.9,5.6,299.1,0.3,0.1,104.5,113.3,51.7,,7.0,0.1,5.8,49.6,,2.5,2.9,
33017,44.6,2.0,32.8,50.8,383.9,6.2,1.8,0.2,81.6,2.6,94.7,89.8,1.7,5.0,,3.4,3.5,8.0,9.6,3.4,7.0,137.6,1.0,3.0,259.4,0.3,0.1,36.2,69.6,17.1,,3.1,0.1,2.5,28.3,,2.9,2.7,
33019,103.7,2.2,170.6,61.2,1709.1,3.3,1.9,0.2,74.1,9.0,81.7,222.0,1.6,26.1,0.1,6.0,18.3,41.9,5.6,2.2,7.4,264.4,5.0,3.0,1142.7,0.4,0.6,61.7,181.3,17.7,,1.3,0.6,2.6,66.5,0.1,4.0,0.9,
34001,116.8,1.2,37.5,103.4,348.0,82.2,38.9,,373.1,105.1,2013.2,265.2,26.5,2.3,7.6,11.0,6.3,35.2,122.8,28.2,135.3,520.9,4.0,3.3,1259.9,2.1,0.1,176.3,283.9,182.4,,15.3,0.1,27.5,49.9,0.1,1.6,160.6,20.2
34003,17.5,,,28.4,19.0,3.6,1.5,,29.2,2.7,47.4,23.8,0.9,,0.5,0.6,0.8,2.7,5.5,0.8,17.0,17.8,0.1,1.1,19.0,,,25.8,6.0,2.7,,3.5,,0.4,5.0,,0.5,5.4,0.8
34005,1833.6,60.0,1013.5,2161.8,3289.9,60.8,69.0,,391.0,645.5,757.9,1360.6,14.2,38.4,10.6,104.8,19.0,470.2,110.6,27.5,163.2,17346.7,33.7,7.9,4650.4,16.4,11.2,2888.4,950.1,142.2,,154.2,1.3,45.1,330.1,15.3,8.2,60.3,54.6
34007,350.5,1.3,12.9,140.7,179.5,11.5,16.8,,277.7,81.9,838.8,511.7,10.6,0.8,4.3,12.5,2.5,44.7,45.3,37.9,581.2,330.2,2.1,4.0,225.9,,,245.7,116.7,94.4,,65.0,,12.5,57.4,0.1,0.8,9.3,16.4
34009,29.3,1.3,19.1,33.9,163.1,4.8,4.2,,40.8,22.9,155.6,44.0,2.5,1.1,0.8,2.6,3.8,10.3,8.1,1.8,0.1,177.6,1.2,2.4,170.7,1.0,,45.8,38.4,21.1,,1.0,,3.4,16.0,,1.2,5.9,3.3
34011,1072.7,35.7,398.4,657.5,3324.2,219.3,86.8,,724.7,588.7,3950.2,1208.6,43.8,24.0,21.6,41.7,50.9,171.7,283.3,86.2,623.5,4250.6,29.2,6.9,5174.7,89.4,0.8,1277.2,1329.9,354.1,,149.3,1.3,70.7,281.3,2.6,6.1,344.8,56.1
34013,0.1,,,24.5,16.5,1.5,0.6,,5.2,2.1,13.5,12.4,0.3,,0.4,0.4,,2.4,0.1,0.3,0.1,3.6,,,1.5,,,1.9,4.3,1.2,,0.5,,,4.1,,,,0.6
34015,1779.8,25.0,246.9,262.4,1972.8,25.9,47.6,,852.1,210.3,3402.5,2207.0,41.8,14.9,18.7,14.4,34.2,59.0,250.6,153.4,2340.1,2831.3,18.5,5.1,2225.1,0.7,0.5,1322.5,266.2,296.2,,277.4,0.5,68.6,115.9,1.7,5.4,60.1,29.1
34019,2185.3,7.6,2058.8,3519.4,3427.9,18.3,20.3,0.2,224.3,183.4,244.2,1337.9,6.0,32.8,9.3,8.2,27.0,364.0,107.6,5.7,88.7,2342.1,8.9,4.5,1151.0,1.0,12.1,867.7,1026.3,62.8,,35.8,0.2,1.3,223.6,24.2,17.2,8.1,8.7
34021,545.1,21.3,401.2,721.8,1082.2,3.0,11.9,,98.2,58.8,139.4,430.7,5.6,15.2,1.6,15.5,8.3,162.0,18.2,4.0,15.3,6470.9,10.8,3.1,1283.0,0.4,4.4,1003.1,278.2,37.6,,13.1,0.5,6.2,100.8,3.6,3.8,3.4,9.7
34023,484.8,16.8,478.0,801.0,1307.0,5.2,15.4,,120.3,71.5,179.5,523.1,7.1,18.1,2.1,20.6,5.3,195.0,22.8,5.3,25.2,5132.7,8.9,3.3,1318.3,0.2,5.3,829.2,279.5,47.9,,21.8,0.6,8.9,122.6,4.3,1.4,5.6,12.7
34025,587.9,19.4,303.4,686.5,1074.9,15.0,28.6,,289.2,194.4,470.1,517.9,16.1,11.5,7.1,45.2,14.8,150.6,85.6,22.8,75.9,5037.8,12.3,8.0,1319.1,0.1,3.4,892.7,265.5,97.5,,64.9,0.4,42.2,114.8,4.5,8.6,19.9,25.1
34027,182.3,2.2,255.4,691.6,605.4,22.6,14.0,0.2,123.5,73.6,299.5,342.0,7.9,4.1,7.1,6.0,4.5,71.5,45.1,6.4,24.0,246.7,1.2,4.5,89.6,1.1,1.5,142.4,83.7,30.8,,11.0,,1.6,74.4,0.7,2.9,7.5,8.0
34029,45.3,1.6,59.3,135.6,236.5,12.6,7.3,,39.2,51.5,103.7,98.4,1.5,2.2,1.4,11.5,2.2,32.3,16.8,2.0,3.6,450.7,1.5,1.3,315.1,1.2,0.7,94.2,54.8,14.1,,2.7,0.1,5.2,25.5,,1.3,13.5,5.8
34031,2.9,,,26.1,17.5,2.0,1.0,,8.6,2.4,21.5,15.0,0.5,,0.5,0.4,0.4,2.5,1.4,0.5,1.4,11.0,,1.4,2.7,,,5.2,4.8,1.7,,0.8,,0.1,4.5,,0.3,0.2,0.7
34033,1065.2,58.8,1274.3,1163.1,10347.6,554.4,155.3,,833.3,1197.7,4060.1,2093.3,48.2,76.8,33.0,82.9,143.9,394.8,418.7,84.6,2.9,5909.9,63.9,6.8,12999.5,176.7,2.6,1859.9,2847.8,490.3,,94.8,3.5,123.0,709.4,4.1,6.9,542.6,94.6
34035,1076.8,3.0,738.3,1227.3,1214.6,4.5,6.1,,68.4,68.2,62.1,465.8,1.3,11.7,3.1,2.8,12.9,128.1,37.3,1.5,23.9,701.0,2.8,1.1,218.6,0.5,4.3,263.9,270.7,21.2,,15.2,0.1,0.4,76.3,20.3,8.3,3.2,2.5
34037,392.0,11.2,1136.8,2083.0,2032.3,21.7,16.5,0.4,159.9,241.3,225.2,926.6,5.0,18.1,13.7,12.0,24.6,222.2,135.7,6.2,29.1,538.4,5.3,5.1,191.3,1.7,6.7,359.6,124.2,70.7,,12.3,0.1,1.1,158.4,11.6,16.1,4.6,9.7
34039,0.2,,,,,0.5,0.6,,1.9,0.3,19.6,0.3,0.7,,,,0.1,,0.3,0.2,0.4,7.9,,0.3,1.4,,,1.2,,0.2,,,,0.1,0.2,,,0.3,0.1
34041,2214.6,11.3,5529.1,8998.7,9062.8,23.5,40.6,0.3,217.7,305.3,314.7,3287.4,6.0,88.0,14.4,13.4,17.4,956.0,130.7,6.9,80.5,2246.3,10.8,6.2,1140.2,1.4,32.6,1307.9,998.8,109.0,,28.5,0.5,3.2,562.2,9.8,9.0,33.0,17.4
35001,1731.5,,191.3,173.7,117.7,1.3,1.0,114.8,9.1,147.3,6.9,172.2,9.1,39.3,0.7,2.6,469.4,9.0,139.3,0.5,0.7,2279.6,5.3,274.9,57.0,26.5,0.1,57.6,20.5,4.3,430.4,,,0.4,43.4,0.1,12.6,387.1,0.1
35003,2657.5,,18.5,17.6,10.3,0.2,0.1,23.7,0.5,888.2,,48.2,5.2,179.4,,1.3,1121.2,0.8,19.7,0.3,1.5,40.5,2.4,430.0,6.3,15.7,,2.3,6.6,43.0,126.6,,,,2.9,,52.2,325.0,
35005,4857.4,,6383.4,786.4,5880.2,84.6,32.4,673.4,673.1,1725.1,6.6,1768.9,92.7,555.2,22.6,56.6,2023.3,291.9,518.4,8.3,45.4,3550.9,45.3,489.5,2451.9,188.8,2.8,302.0,676.9,882.3,284.5,20.7,1.4,677.5,999.4,1.5,539.3,9516.5,62.2
35006,6391.3,,14.6,49.9,38.7,7.5,0.1,36.3,6.2,48.3,14.8,56.1,2.9,160.9,1.8,1.7,1911.4,0.7,28.0,0.9,1.4,8499.7,1.4,84.6,9.8,8.1,,17.5,1.4,2.1,1778.6,0.6,,,19.3,,52.1,124.8,
35007,2959.3,305.5,25.2,3.9,31.6,0.2,0.1,165.4,,198.0,,241.0,29.7,166.8,4.2,29.8,1163.0,1.2,160.0,,,841.0,13.9,45.6,6.5,10.6,,22.0,0.5,161.2,131.3,0.1,,171.7,7.0,,360.4,1285.4,1.3
35009,24571.8,158.3,11596.9,2642.7,13874.4,105.3,59.0,517.6,147.7,211.3,1846.2,1029.4,21.4,59.2,937.7,49.6,804.2,805.9,599.2,17.2,405.4,16188.9,18.7,269.3,5043.2,2100.7,5.1,3707.9,1123.8,147.8,86.4,13.2,49.4,88.8,3813.4,2.6,88.5,3099.6,74.2
35011,2463.0,220.7,,,9.0,,,119.1,5.8,146.3,24.6,174.2,21.7,144.6,3.0,21.5,1007.7,,210.8,0.2,,621.2,10.0,33.7,146.4,7.2,,19.9,9.3,116.4,113.9,0.1,,124.6,,,312.5,933.1,0.8
35013,1422.7,,4459.6,418.3,3946.3,44.1,22.6,501.9,4216.1,1739.4,1052.1,7332.8,105.9,121.3,27.1,94.1,525.8,203.9,2525.9,43.9,7.1,16145.2,30.0,1942.0,3332.5,132.1,2.0,561.2,3605.9,623.5,56.8,135.6,1.0,467.7,698.2,1.0,105.5,10648.4,271.9
35015,2311.1,,613.4,178.8,938.9,6.1,3.1,594.7,529.5,1843.4,11.3,1660.1,99.0,243.5,22.4,67.1,839.4,28.0,358.1,6.6,1.2,3519.6,39.4,469.9,673.5,18.1,0.3,461.9,1103.1,1042.0,132.8,16.8,0.1,804.4,96.0,0.1,245.2,11877.0,66.1
35017,2026.2,,18.5,16.7,11.9,0.1,0.1,8.7,3.8,318.2,1.3,45.7,1.9,136.9,,0.5,855.9,0.8,8.1,0.2,0.7,75.2,0.9,157.2,6.6,6.0,,1.2,6.4,15.5,96.8,,,0.1,3.0,,39.8,118.5,
35019,2532.5,45.3,9.0,10.7,28.0,0.1,0.1,26.5,6.5,31.2,9.8,37.8,4.5,149.9,0.7,4.5,1045.6,3.1,66.1,,0.2,363.6,2.1,10.4,73.6,1.7,,7.2,1.7,24.0,117.9,,,25.5,9.6,,324.0,199.0,0.3
35021,1868.1,31.6,100.7,15.7,94.6,0.7,0.4,19.2,,20.9,,26.8,3.1,111.5,0.5,3.2,776.7,4.6,18.7,,,259.7,1.5,5.0,26.1,3.2,,6.0,2.0,16.7,87.5,,,17.8,27.8,,240.7,133.5,0.4
35023,2149.8,,940.5,848.7,555.7,3.7,7.5,55.4,101.4,673.9,2.2,408.5,27.9,128.5,11.2,0.9,812.7,43.0,73.0,0.6,32.1,1291.4,6.6,213.9,1146.3,31.3,0.4,13.4,334.4,13.2,96.0,3.9,0.2,1.3,147.2,0.7,36.8,1019.4,1.6
35025,4336.6,111.5,2670.2,387.0,2563.3,38.1,13.5,223.6,156.9,647.9,72.0,748.3,42.4,480.2,11.0,31.9,1681.8,122.1,282.7,7.6,460.1,4174.2,31.8,269.0,2457.6,79.0,1.2,536.0,3378.8,245.5,251.0,27.4,0.6,195.5,418.1,0.7,477.9,6332.1,58.6
35027,2643.4,,,,,,,2.9,59.3,8.8,64.1,9.7,0.5,343.8,0.1,0.3,1126.5,,1.6,,,31.7,0.2,30.6,,,,0.3,,5.3,181.7,0.1,,4.1,,,349.8,52.6,0.2
35029,1634.3,,927.8,863.3,588.2,6.7,14.3,190.2,313.3,2167.0,770.7,1310.9,83.1,79.5,32.9,78.3,520.3,42.4,1425.1,9.5,97.0,2890.7,8.8,1343.7,2698.1,49.7,0.4,27.9,638.4,122.4,69.1,13.8,0.3,82.7,145.6,0.7,22.5,3119.8,10.4
35031,11011.4,,247.8,463.0,302.5,45.7,1.4,71.0,47.4,89.1,213.6,197.5,6.0,274.7,14.7,7.5,3267.7,15.8,131.1,5.6,24.3,14561.6,4.1,163.2,76.0,27.4,0.1,38.9,34.5,12.4,3032.0,,0.3,0.1,149.9,0.2,88.9,253.7,
35033,1329.6,142.0,24.5,4.1,24.7,0.3,0.1,77.2,,91.9,,109.2,13.8,80.2,1.9,13.8,558.7,1.5,74.3,,0.7,350.5,6.5,20.3,6.5,5.2,,7.8,2.0,74.9,63.1,,,79.8,6.8,,173.3,597.5,0.5
35035,1661.3,,55.5,5.0,92.0,0.5,0.3,21.4,311.1,62.3,99.7,416.4,3.5,210.6,0.8,3.0,694.0,2.5,28.3,2.5,1.2,937.0,1.4,141.0,77.5,1.6,,61.4,166.5,36.1,112.0,7.7,,27.7,8.7,,214.1,578.5,14.9
35037,8788.6,361.4,413.5,224.4,1392.1,4.3,3.9,274.6,16.7,263.7,5.3,497.7,35.6,145.6,7.5,46.4,1135.6,65.7,240.7,1.6,82.5,5721.7,18.3,139.6,824.3,20.7,0.2,1167.3,210.4,188.1,138.8,3.4,0.1,200.2,235.8,0.6,313.4,2444.1,20.2
35039,3545.6,,24.3,49.0,34.2,4.3,0.1,276.6,35.0,365.4,10.3,511.0,22.4,82.2,1.6,6.1,975.6,2.5,184.3,1.6,2.6,4850.2,10.3,680.6,30.1,65.4,,140.2,5.4,9.6,907.8,1.3,,0.2,14.1,0.1,26.6,952.6,
35041,17096.9,523.8,9686.4,2206.0,10934.0,138.6,45.5,476.6,57.3,272.0,756.6,1114.8,32.6,127.4,749.8,54.4,1128.5,645.8,452.0,10.6,4306.7,11656.0,117.2,241.0,6555.3,1683.3,4.3,2018.0,2248.8,146.1,109.6,55.8,39.3,146.7,3204.4,1.8,242.5,3662.4,66.0
35043,2911.9,,155.8,177.2,125.8,8.0,0.9,119.9,20.2,186.8,12.2,203.3,11.2,69.1,2.6,3.5,823.3,7.6,146.9,1.1,2.0,3888.7,5.3,294.4,103.2,27.6,0.1,58.7,15.6,4.6,761.9,0.5,,,50.2,0.1,22.3,450.0,
35045,8873.5,,2219.8,1931.3,1326.2,0.5,12.2,905.7,24.0,972.0,3018.3,921.7,61.4,170.1,255.3,16.1,2003.7,101.5,1218.3,13.2,5.2,10485.1,41.6,1816.4,708.9,934.1,1.0,659.1,649.0,75.4,1787.1,53.2,13.9,3.3,473.9,3.1,52.1,2697.8,
35047,3488.8,143.7,58.9,10.2,72.2,0.9,0.3,78.8,5.7,93.5,6.4,117.9,14.0,198.3,2.0,14.2,1383.2,4.0,78.2,,2.4,684.4,6.7,25.4,15.8,6.0,,32.8,6.1,75.9,156.3,0.1,,80.8,16.3,,428.4,608.7,0.9
35049,4096.8,,3097.4,2713.7,1842.8,2.5,17.0,268.5,8.8,283.3,4.9,438.0,17.5,69.0,4.7,6.0,861.4,143.6,1194.1,0.9,3.9,4880.7,27.3,527.0,811.6,50.8,1.4,110.0,297.9,9.1,698.6,3.2,0.7,0.2,664.7,2.2,20.5,746.8,
35051,2363.6,,273.8,237.9,157.0,,1.9,43.9,41.4,1415.5,113.3,332.5,19.4,156.2,3.5,18.1,977.4,12.5,325.4,0.5,0.3,688.1,4.9,814.4,419.4,29.1,0.1,8.8,148.2,71.9,110.7,0.3,0.1,15.8,42.9,0.2,45.3,779.5,1.2
35053,2625.7,,154.9,134.6,87.0,,1.0,126.5,5.2,4260.2,1.4,197.1,25.4,168.5,0.5,6.3,1054.5,7.1,97.5,0.3,0.8,240.6,11.9,2057.2,78.7,77.0,0.1,20.4,51.2,205.7,119.8,1.4,,0.3,24.7,0.1,48.9,1584.8,
35055,852.6,,11.5,23.9,22.0,2.1,0.1,147.6,4.6,181.2,6.6,157.6,11.2,17.6,0.5,3.1,207.7,1.2,90.0,0.4,1.9,1078.3,5.2,337.2,7.7,32.5,,69.6,2.0,5.3,189.9,1.1,,0.1,6.8,0.6,5.5,478.7,
35057,3071.5,402.2,2930.6,508.3,2802.2,48.7,15.8,278.3,63.6,272.4,281.0,344.0,39.2,171.6,7.3,40.4,1203.5,202.1,348.5,2.5,151.5,1527.0,24.9,64.2,821.8,76.9,1.3,233.3,330.8,224.4,132.9,0.1,0.7,226.1,810.0,0.1,360.9,1799.4,9.9
35059,8181.5,97.5,13161.2,2073.4,12793.5,95.5,57.1,331.2,1.9,119.7,2.1,333.5,9.5,236.3,9.6,18.1,1723.5,607.1,340.1,2.9,,3922.3,6.2,51.7,3422.0,289.3,5.8,1272.4,262.5,59.0,182.9,1.8,3.0,54.8,3651.5,0.9,466.0,590.4,41.5
35061,1754.2,,185.0,161.0,113.9,0.1,1.0,247.3,1.1,317.4,0.3,243.4,19.4,36.5,0.3,5.0,436.4,8.5,211.0,0.1,,2185.0,10.2,590.8,52.8,57.3,0.1,122.0,17.8,7.6,399.6,,,,39.5,0.1,11.7,837.4,
36001,113.7,17.9,306.5,218.5,2110.7,6.5,10.4,0.4,249.5,13.1,286.3,371.7,3.6,2.4,12.6,22.8,142.4,41.3,147.1,7.8,3.3,666.0,7.6,0.9,1112.4,14.3,6.1,247.0,842.7,83.7,,5.1,6.1,4.5,54.5,0.4,21.2,7.5,1.6
36003,489.8,27.6,876.1,127.9,6785.0,28.0,9.1,12.9,67.4,440.6,1013.8,3809.2,0.9,11.6,24.1,27.9,115.6,118.2,125.3,3.7,7.6,4742.8,15.1,0.2,6213.7,274.9,16.0,257.2,3467.8,116.5,,5.3,4.8,9.2,233.2,2.5,56.7,6.2,5.8
36007,359.2,14.2,195.2,368.6,3685.8,9.2,6.4,0.1,445.9,229.4,41.8,798.0,1.0,78.5,7.7,12.6,130.0,223.5,47.3,1.6,421.1,900.0,8.1,2.6,2503.8,8.7,12.8,133.3,232.6,51.0,,2.3,12.8,5.6,182.7,0.3,43.0,2.0,0.1
36009,639.0,33.8,1310.3,177.0,10092.9,20.4,13.6,0.5,315.3,546.9,66.9,5628.4,1.2,17.4,20.7,33.4,169.5,172.3,111.9,2.6,11.0,8879.5,23.4,4.0,9023.3,1.3,23.9,393.5,5189.0,111.8,,4.2,6.3,11.4,348.7,1.7,81.9,3.9,8.8
36011,1240.4,78.6,3437.9,6176.2,32252.6,379.6,57.6,42.3,908.9,1574.2,1131.9,1877.9,5.4,34.2,143.9,197.8,668.4,1073.9,557.9,38.9,147.1,28953.4,236.6,10.6,23979.2,76.2,11.6,2822.2,28098.9,402.6,,138.1,11.6,35.4,867.5,32.1,73.9,432.8,4.6
36013,797.0,21.2,1674.0,242.7,12929.0,32.8,34.5,1.4,12053.9,378.4,433.4,7022.9,1.7,22.2,17.9,48.9,193.9,224.6,567.1,4.9,14.9,14258.7,25.1,7.0,11648.3,6.6,30.5,3487.1,8768.9,106.3,,8.8,8.1,11.7,445.6,2.2,71.4,144.3,15.3
36015,242.5,12.3,133.6,268.0,2541.5,13.1,4.0,,251.6,195.0,31.9,570.2,0.5,53.7,6.6,10.8,81.9,154.3,42.1,1.1,238.3,748.1,7.2,0.7,1737.8,4.6,8.7,117.0,192.4,42.5,,2.6,8.7,4.4,125.7,0.6,19.2,11.6,
36017,293.5,35.7,866.9,958.1,7198.2,7.1,12.1,9.4,47.9,652.2,80.4,471.2,1.1,8.6,20.4,29.6,228.6,190.7,210.7,2.0,4.9,3093.1,20.7,4.2,5055.4,8.5,2.9,629.2,6017.5,118.1,,1.8,2.9,14.4,170.6,0.9,121.4,11.7,0.7
36019,429.2,26.7,1986.3,1169.7,10162.4,4.6,26.6,4.0,317.7,46.2,194.4,979.6,2.5,7.9,18.8,49.8,3238.0,244.6,616.5,31.7,10.3,3624.7,17.2,2.0,7629.3,39.6,99.9,979.6,4840.0,250.0,,5.1,3.1,1.7,367.4,0.5,32.2,4.5,1.8
36021,721.9,30.2,1205.8,701.8,5186.0,12.6,42.3,8.1,5700.4,701.6,713.9,3413.6,12.4,129.2,20.7,26.1,73.3,819.8,868.5,20.8,1.9,4977.8,18.1,4.0,1409.1,39.8,15.8,908.1,3612.9,571.3,,18.6,21.0,4.8,375.2,5.1,17.6,8.1,1.8
36023,216.8,22.7,705.4,767.8,5831.6,5.1,9.5,9.7,22.0,421.8,47.3,324.4,0.7,7.0,12.8,19.0,178.6,145.4,137.8,1.1,2.6,2532.4,15.6,4.6,4095.4,4.7,2.4,464.0,4886.3,78.4,,0.9,2.4,9.1,137.5,1.2,80.1,9.2,0.3
36025,350.4,33.7,618.9,301.1,2654.3,1.9,19.4,3.8,5966.7,669.9,182.1,1782.5,1.3,66.3,18.3,25.4,110.4,425.7,429.4,3.4,0.3,2487.7,15.0,1.5,550.0,8.2,8.1,503.9,1706.4,425.0,,1.1,10.1,0.9,189.4,1.3,59.7,1.8,0.4
36027,390.9,33.3,708.6,1104.5,3167.0,47.7,35.0,5.3,6438.6,680.8,421.4,2427.3,8.0,75.9,40.0,31.4,64.8,577.9,512.2,19.8,3.9,2798.8,15.7,8.6,923.2,36.8,9.3,673.5,2509.6,515.3,,34.9,11.3,6.3,263.4,2.0,29.6,18.8,9.8
36029,415.4,35.9,1209.1,2553.1,5830.5,449.7,45.0,2.0,847.3,602.8,1706.2,612.0,6.6,21.1,22.5,59.4,541.2,301.4,331.9,23.2,62.1,6729.7,44.3,15.3,3511.5,73.9,27.8,910.0,1624.5,173.7,,23.1,19.0,27.2,392.1,9.4,81.6,343.5,2.1
36031,70.6,15.3,364.9,241.4,1912.2,1.9,5.5,,49.7,8.5,109.6,212.1,0.5,1.5,10.2,17.6,594.6,54.0,126.8,5.0,1.6,1209.9,6.8,0.3,1495.6,38.0,18.3,209.8,940.6,61.2,,2.4,0.6,0.3,69.8,0.3,8.1,1.2,0.9
36033,113.0,25.6,1340.2,754.1,6810.2,1.6,15.0,3.1,35.7,31.1,509.1,343.1,0.7,5.3,17.7,38.5,2190.4,167.7,207.9,6.9,1.5,2062.4,13.5,2.5,5444.3,238.4,67.4,393.4,3218.3,90.9,,1.9,2.2,0.3,245.5,0.3,32.8,5.4,0.9
36035,27.5,10.2,228.4,111.0,1516.4,0.8,4.4,0.1,27.8,8.6,38.4,213.5,0.6,1.8,5.6,13.1,91.0,17.6,52.8,0.8,0.4,271.1,4.6,2.0,775.3,2.3,4.6,119.5,552.2,33.8,,0.3,4.6,0.5,36.1,,7.4,4.5,0.1
36037,957.5,52.1,2712.5,6872.1,14186.5,2866.5,255.1,89.9,457.5,954.1,8251.1,1341.0,27.7,47.4,47.5,293.5,1218.3,1453.0,3783.6,25.7,341.8,13968.2,136.5,3.2,10679.8,51.9,62.4,1432.2,5001.5,390.6,,95.4,41.2,59.5,880.0,42.1,49.3,2986.6,59.2
36039,72.4,12.7,112.7,174.5,503.7,9.0,7.1,0.5,2326.3,235.4,288.7,438.6,2.1,12.1,10.2,9.8,22.2,91.2,174.7,7.3,1.0,729.9,5.0,2.9,300.7,17.7,1.5,149.3,452.5,170.7,,4.9,2.8,2.3,42.1,0.2,12.1,3.6,1.5
36041,0.2,,,,,0.5,0.1,,0.5,,1.0,,,,,,,,0.2,0.1,,3.2,,,1.7,,,,0.5,,,,,,,,0.1,0.7,
36043,278.2,56.6,874.1,965.3,7261.5,17.4,18.6,15.7,92.4,1010.9,837.0,749.8,13.0,8.7,30.9,50.0,219.5,897.8,434.4,5.5,11.2,3627.6,26.8,1.4,5192.9,14.9,2.9,760.9,6316.6,189.7,,2.1,2.9,24.5,172.2,0.8,110.4,52.8,21.7
36045,310.2,68.5,2742.5,2300.4,17766.2,3.2,43.1,,34.4,96.6,33.3,881.8,0.8,20.7,39.0,47.7,139.5,4015.1,4.1,2.3,3.8,12479.6,39.2,3.2,3344.9,4.3,9.3,631.0,11463.7,241.1,,2.7,6.6,0.4,26.8,2.2,83.7,2.3,1.0
36049,136.4,48.6,1659.7,1354.3,8904.9,0.5,25.8,11.6,14.7,58.5,811.1,728.7,15.3,12.6,26.4,35.6,58.6,3339.6,2.9,0.9,4.3,5271.4,24.7,1.0,1003.3,5.1,5.6,369.6,6352.7,187.8,,0.6,4.0,0.4,14.6,0.9,40.3,0.7,26.1
36051,1288.4,56.0,2600.6,6218.6,13177.4,1074.6,50.9,0.5,398.9,989.0,1165.7,1193.4,1.0,45.4,44.6,135.4,1169.2,659.7,448.6,7.9,1323.7,13063.1,82.8,2.5,8943.1,47.6,59.8,1398.2,3524.3,285.6,,86.7,40.0,21.1,843.5,54.8,97.4,1456.7,1.9
36053,371.3,69.3,1559.9,1747.3,12990.4,25.2,19.0,21.3,103.8,1260.8,440.3,924.7,8.7,15.5,40.3,56.8,344.8,769.3,320.1,4.1,36.2,5250.6,39.3,3.7,9123.7,30.5,5.2,1160.5,11035.4,234.8,,5.8,5.2,27.6,308.9,3.2,107.3,27.6,12.5
36055,1125.2,22.4,1028.7,3386.7,6050.2,1183.4,195.4,1.9,720.9,432.3,6718.6,730.7,17.1,18.0,24.8,196.9,470.9,330.7,3630.4,76.7,751.1,7561.8,78.3,19.6,5395.2,134.6,23.7,891.5,2179.4,301.4,,79.0,15.7,78.1,334.0,47.7,28.3,1936.2,28.8
36057,187.5,69.8,1625.6,805.8,10766.1,3.1,27.5,9.9,134.3,60.5,226.8,1399.3,1.4,12.7,37.4,80.7,638.3,112.9,306.1,2.1,2.0,2528.8,31.8,1.0,5460.0,28.3,32.4,805.4,4066.0,212.0,,2.3,32.4,2.7,254.6,1.3,36.0,2.8,0.4
36059,0.7,,,,,0.3,,,0.8,0.2,4.0,,0.3,,,,0.4,,,0.2,0.2,2.0,,,0.5,,,0.5,,0.1,,,,0.1,0.1,,0.3,,
36063,1398.2,42.2,1840.0,3776.2,8706.8,427.3,147.9,1.0,1285.6,728.3,4434.3,1271.2,6.5,32.1,27.3,164.8,816.9,431.0,3175.8,44.8,50.3,11406.6,87.6,7.9,5561.4,48.8,42.3,1452.0,2417.0,371.9,,70.9,27.6,53.1,596.6,35.8,28.1,900.5,25.2
36065,491.4,68.2,2027.5,2293.9,16893.2,333.7,44.1,8.2,173.5,1265.3,379.2,1067.6,3.5,20.2,42.1,58.6,429.6,470.4,457.9,46.1,15.8,7582.8,66.0,9.9,13107.3,74.0,6.8,1447.0,14531.3,256.1,,7.9,6.9,30.0,401.9,4.6,111.8,459.6,1.4
36067,736.0,42.4,2332.8,2815.9,19626.6,70.7,47.8,33.2,567.6,847.7,471.3,1090.1,10.5,23.2,34.6,55.8,453.8,528.8,426.1,25.0,103.8,11563.9,84.1,30.6,14047.9,80.6,7.8,1564.0,16853.8,229.4,,19.2,7.8,30.3,472.2,14.6,53.0,108.5,2.1
36069,1250.7,64.2,2213.2,5639.5,11479.9,1088.6,147.9,0.8,630.7,1097.6,4462.3,1207.8,7.2,38.6,47.3,208.7,993.2,582.6,2748.9,37.2,597.3,13563.9,133.5,8.0,7992.5,96.0,50.9,1438.2,3463.4,345.6,,84.0,34.3,58.4,718.0,52.1,77.1,1502.6,20.7
36071,377.8,24.4,746.6,641.1,3249.4,35.2,47.5,579.7,4641.6,536.2,5914.9,4278.4,128.4,80.0,22.2,137.3,59.7,2969.3,459.9,22.7,10.7,2781.0,12.9,4.8,1222.7,107.3,9.8,602.8,14242.1,975.5,,15.6,13.6,17.7,252.1,1.4,23.0,41.0,7.4
36073,1745.4,19.2,1514.8,5508.4,9333.8,1770.6,217.0,202.3,1363.2,439.7,13748.9,1597.2,72.6,26.4,34.3,339.9,683.4,2155.7,3409.1,99.5,217.0,13376.6,179.6,12.3,7347.7,192.7,34.8,1404.8,5567.2,707.8,,112.3,23.9,83.9,491.9,51.7,23.7,1848.4,100.3
36075,199.7,15.8,394.5,526.8,3428.2,23.4,8.9,65.3,147.4,292.2,4389.3,1160.4,80.8,3.9,16.1,34.7,102.6,4959.5,222.5,8.9,41.0,2262.8,12.1,12.6,3185.3,321.8,1.3,391.3,4686.3,222.7,,6.0,2.3,8.4,85.5,0.7,49.6,40.4,137.7
36077,355.5,59.6,1028.1,1116.8,8503.9,7.6,12.5,16.0,48.4,1067.5,48.9,685.9,1.8,10.2,32.0,43.6,269.0,241.3,269.8,2.0,5.0,4156.1,29.4,9.1,5959.5,16.2,3.5,844.6,7116.6,180.1,,1.2,3.5,22.7,200.6,1.3,143.9,2.0,0.9
36079,9.3,0.3,,,,0.4,0.7,,61.7,5.0,44.4,10.6,0.8,,0.2,0.2,1.0,,27.2,1.1,0.3,55.3,0.1,,24.7,3.7,,7.8,9.7,11.7,,0.5,0.2,0.5,0.2,,0.7,0.3,
36083,123.7,25.2,815.8,636.5,5694.6,13.2,22.7,4.7,244.8,31.3,362.6,708.1,2.2,6.4,25.4,43.4,322.6,109.2,125.3,11.3,2.5,737.6,12.6,1.9,2984.7,30.2,16.3,417.6,2257.8,120.6,,17.1,16.3,3.4,151.2,1.0,20.4,3.3,5.3
36087,5.8,0.1,,11.6,2.0,1.3,0.7,,33.9,2.0,36.8,14.8,0.8,,0.4,0.4,0.1,1.3,23.2,1.0,0.3,44.5,0.1,,39.3,3.2,,5.1,14.8,9.8,,0.4,0.1,0.5,0.9,,0.1,2.8,0.1
36089,321.2,51.7,2569.5,2124.2,16308.9,2.7,40.5,0.4,41.5,90.5,61.2,773.6,1.4,19.4,30.2,36.7,108.7,3787.4,19.5,2.6,6.2,10234.7,30.7,1.1,2955.7,9.8,8.7,603.1,10475.6,204.4,,2.4,6.2,0.6,24.8,1.4,110.0,3.6,1.6
36091,148.4,18.4,721.2,376.7,4810.0,3.9,14.9,0.4,194.6,27.7,204.6,632.3,4.0,5.7,11.7,30.0,293.4,62.5,202.2,9.1,2.4,890.8,9.9,2.0,2453.6,11.3,14.4,373.9,1800.7,108.4,,3.1,14.4,3.3,115.6,0.3,18.6,5.1,0.9
36093,18.3,3.2,32.9,87.0,302.1,5.6,6.0,,211.0,2.9,241.2,66.4,2.2,0.3,5.0,5.6,18.5,15.7,19.7,4.2,3.0,163.8,1.2,1.6,187.8,12.3,0.7,50.9,160.1,20.9,,4.3,0.7,4.1,11.9,,6.1,2.1,1.4
36095,130.7,41.6,703.0,438.9,4779.7,9.6,20.5,7.1,414.0,29.0,796.7,777.1,5.1,5.5,27.0,59.8,297.5,86.3,215.0,9.3,5.9,1062.2,17.6,2.6,2603.8,96.1,14.0,460.4,1841.7,144.6,,7.0,14.0,8.1,120.0,0.5,35.2,37.6,2.7
36097,366.6,18.5,185.1,329.7,3460.6,17.2,4.4,0.5,102.4,302.5,28.9,789.7,0.3,74.4,8.9,13.3,115.6,212.0,64.2,0.5,90.7,1859.0,11.2,0.9,2382.5,1.4,12.1,226.4,378.3,52.4,,2.9,12.1,5.9,171.9,2.3,31.1,36.8,0.2
36099,864.1,39.7,1652.3,2877.7,7111.8,29.2,18.2,0.2,593.1,657.6,113.9,688.6,0.6,28.8,19.3,35.6,741.4,334.5,127.7,2.4,67.2,11183.9,172.8,1.1,4198.7,3.8,38.0,1037.3,2950.4,145.3,,17.0,24.7,13.6,535.5,43.1,34.1,55.7,0.2
36101,1594.9,81.1,2458.6,346.0,18965.4,147.0,30.0,56.6,1115.3,1286.0,6811.9,10899.8,1.9,32.6,86.8,101.1,304.5,723.1,538.5,14.2,153.9,17639.3,49.8,3.7,18013.7,1462.4,44.8,951.3,10086.5,567.0,,11.6,14.9,27.3,654.4,5.9,130.8,194.5,34.5
36103,243.7,0.6,228.1,1277.5,1627.7,113.3,16.5,3.9,1477.2,47.2,2628.0,889.9,22.8,7.8,22.3,32.2,4.7,169.0,117.4,65.7,13.9,2895.3,1.9,15.7,2083.1,897.5,1.4,1375.8,1191.2,104.3,,48.5,8.7,60.3,114.3,0.6,2.2,164.6,
36105,89.7,4.9,127.6,70.1,548.8,2.1,5.0,0.6,882.1,102.7,156.9,367.4,1.3,13.7,3.0,4.0,29.3,88.9,92.5,3.4,0.3,540.2,2.5,1.5,196.7,7.9,1.7,97.4,389.0,74.0,,0.6,2.6,0.8,39.7,0.2,17.1,2.1,0.2
36107,445.9,22.1,269.0,497.1,5064.0,10.1,7.4,0.9,343.4,351.0,54.0,1106.9,1.0,108.1,11.4,18.1,177.8,313.3,69.8,1.2,326.6,1096.2,12.4,1.4,3439.2,7.6,17.6,170.9,324.7,68.2,,2.5,17.6,7.7,251.1,0.8,42.1,1.7,0.4
36109,796.3,26.3,410.7,907.3,7892.0,48.2,10.6,0.5,401.1,430.5,127.7,1659.7,0.8,165.1,16.4,30.8,255.6,487.3,104.5,2.0,369.5,3855.8,28.1,0.7,5431.4,11.6,26.8,300.4,840.2,100.0,,15.1,26.9,9.1,389.3,6.1,22.2,48.0,0.5
36111,436.0,8.9,204.8,1329.4,1086.7,70.4,23.3,1.3,2809.5,191.6,485.0,1531.0,23.4,21.9,40.2,15.4,39.4,284.7,1081.2,37.1,4.3,2484.6,4.4,6.6,707.5,37.8,2.7,492.8,1432.0,541.2,,57.8,3.5,6.7,137.2,0.6,22.4,19.4,15.3
36113,4.1,1.0,33.6,19.9,173.2,0.1,0.6,,4.8,0.8,4.6,11.6,0.1,0.1,0.6,1.3,54.8,4.2,4.4,0.1,0.3,74.5,0.5,0.2,129.8,0.6,1.7,11.7,80.8,3.3,,0.1,0.1,0.1,6.3,,1.7,0.1,
36115,244.3,42.4,2327.6,1270.6,15608.3,13.5,47.1,3.1,449.0,88.3,1043.2,1677.0,5.4,18.2,32.8,84.9,905.2,199.5,260.3,15.1,5.8,1527.0,26.2,1.3,8094.9,166.2,46.4,881.7,5819.1,212.2,,13.1,46.4,8.0,380.0,1.0,46.8,7.5,4.0
36117,3323.3,31.8,1739.1,3365.4,7897.1,221.9,35.8,89.5,2912.4,559.2,4707.5,3129.1,26.5,30.4,19.7,101.6,781.2,1113.0,510.3,63.3,261.0,18497.3,135.3,5.4,4907.1,125.2,40.0,2007.8,3591.1,1040.0,,50.4,28.9,18.3,563.8,28.5,42.1,330.6,35.1
36119,34.8,0.6,,47.8,8.1,4.0,1.8,,181.1,11.5,58.9,49.5,1.4,,1.7,0.9,4.5,5.5,39.4,2.3,0.7,78.0,0.3,,31.9,5.5,,43.4,33.8,22.3,,7.0,,1.0,3.3,,3.0,3.0,0.6
36121,661.8,48.8,2960.6,5541.4,13658.3,1021.3,73.3,,210.0,874.0,3159.4,1145.0,0.9,51.7,33.2,84.7,1313.8,657.0,515.9,15.3,112.1,13945.0,61.1,1.7,8172.4,267.9,68.1,1227.0,2965.3,252.1,,34.3,51.3,21.1,959.9,12.6,106.7,814.1,0.8
36123,504.9,43.4,1052.5,2234.5,5078.9,333.1,47.5,52.3,2046.6,700.3,2765.3,667.8,15.9,18.4,24.7,103.2,480.6,678.7,855.3,10.3,156.1,6814.8,40.4,4.3,3189.9,15.1,24.2,1404.1,2354.3,205.5,,31.3,15.8,23.9,341.3,19.1,39.3,438.2,25.0
37001,883.7,208.3,148.1,393.6,1472.6,4.6,1.4,,21.1,46.4,45.0,232.0,5.3,8.4,0.3,21.1,61.0,239.7,3.6,4.2,16.7,1540.9,4.7,7.4,613.6,60.4,14.7,219.2,113.9,20.9,10.5,115.2,1.8,12.5,553.3,20.1,9.9,91.3,6.5
37003,570.3,120.6,19.0,397.7,1558.1,3.1,0.1,,38.0,37.9,40.4,249.1,13.2,7.9,0.1,6.1,111.8,94.1,34.9,6.3,0.8,1703.8,14.7,12.7,422.2,28.6,6.7,244.1,152.0,34.8,17.8,12.3,5.6,7.9,375.8,5.0,17.1,23.3,1.3
37005,2285.4,94.3,67.0,134.5,1364.1,0.3,62.5,,204.2,61.9,3282.8,461.7,,1.1,11.7,2.0,23.5,65.1,16.2,22.2,124.8,539.9,8.4,0.3,1508.8,92.2,0.1,297.3,18.1,100.2,14.1,0.1,0.1,50.0,101.1,0.4,408.3,66.1,
37007,876.4,97.1,391.2,709.3,6778.8,46.9,0.1,8.2,92.4,93.9,33.4,76.0,16.8,9.2,10.6,21.0,389.7,20.6,11.5,2.0,3.3,6536.8,37.9,0.6,6132.7,119.6,14.0,392.7,436.1,24.0,7.7,40.1,1.5,13.3,300.1,12.0,150.8,373.1,1.7
37009,2165.7,110.5,2.3,8.5,52.2,0.7,2.9,,18.7,15.1,1194.3,303.7,,,90.3,2.3,6.3,2.3,16.5,3.5,11.3,72.2,8.8,0.7,1660.0,649.5,,27.5,14.0,12.1,13.5,0.1,,248.5,3.5,,389.4,7.4,
37011,306.4,9.1,0.5,4.3,14.5,1.1,0.9,,7.9,3.4,579.3,44.2,,,44.9,0.2,0.9,0.5,0.8,1.9,3.9,11.8,0.7,,819.6,317.8,,4.1,4.5,3.7,1.9,,,120.2,0.8,,55.3,4.7,
37013,9725.9,1746.3,2098.2,7191.3,14080.7,120.4,12.5,110.7,97.8,455.4,259.3,862.8,257.2,119.5,136.8,332.4,533.4,1417.3,223.2,18.4,23.9,59552.5,46.8,2.0,4270.2,1287.6,140.9,3194.3,2084.2,169.9,0.6,449.2,55.9,118.2,8027.0,105.4,0.4,1654.4,94.0
37015,478.3,776.7,836.7,1144.6,5848.5,2201.7,13.3,119.6,91.1,160.2,7080.1,3482.0,122.7,41.9,283.7,116.9,129.0,602.9,86.8,33.7,427.1,33505.4,22.9,,9544.8,248.0,23.2,1580.0,5932.6,80.7,0.9,170.2,9.8,313.7,2705.0,8.7,0.9,1232.4,23.6
37017,2675.3,193.7,442.8,2955.3,9856.3,254.1,0.5,49.0,114.3,183.8,2030.6,2066.7,118.2,44.4,71.2,85.6,150.1,80.0,75.9,8.7,19.9,19233.9,21.5,2.2,4250.0,318.6,32.2,559.3,2052.4,62.2,2.3,66.1,17.7,98.2,1326.5,17.9,2.8,825.1,10.9
37019,1177.4,31.1,126.1,1041.8,2874.0,60.3,2.8,3.2,303.9,70.4,281.4,584.3,38.7,12.6,4.8,13.9,41.3,17.4,12.4,12.0,47.7,6124.6,6.9,15.5,1212.7,159.6,9.2,189.6,390.8,34.2,1.3,4.2,5.0,23.8,405.9,2.6,1.6,323.0,0.8
37021,1099.6,165.3,821.2,171.7,2566.6,,48.4,,1589.2,224.8,1127.0,368.6,,1.9,1.2,1.7,731.1,66.7,7.8,14.7,7.3,628.6,15.6,30.8,1325.0,27.2,10.0,314.3,193.4,25.5,114.8,0.3,0.3,23.8,325.0,0.1,110.0,1.3,
37023,522.0,34.0,423.8,86.8,1304.2,6.9,24.9,,512.5,34.4,110.8,57.9,7.9,1.0,0.7,21.0,367.1,34.4,2.7,2.1,2.7,974.4,13.5,6.2,907.9,32.5,5.2,347.9,101.6,6.7,23.8,1.9,0.2,6.2,167.7,0.7,22.8,40.3,
37025,1090.2,141.8,248.0,499.4,4270.2,43.8,0.1,1.6,222.0,137.9,174.9,76.7,13.1,5.8,2.1,29.0,300.1,13.1,2.2,1.7,11.8,4257.1,36.3,8.4,3978.9,130.1,8.9,398.8,297.0,22.1,10.0,85.0,0.9,14.2,187.3,22.5,194.9,297.4,0.3
37027,596.6,42.0,32.7,88.8,679.4,3.4,23.2,,10.7,14.5,1477.3,186.8,6.7,0.5,137.4,1.5,84.9,31.8,2.9,4.1,2.7,382.6,5.0,,3126.7,983.9,0.1,139.2,25.3,4.5,3.2,7.4,0.1,367.2,49.4,2.3,92.9,29.4,
37029,1186.3,644.4,910.7,1089.1,6263.7,76.8,0.5,4.7,21.8,187.2,81.7,760.0,22.5,45.6,14.0,34.6,201.8,539.8,3.5,59.0,,17533.1,24.4,,3552.6,699.6,25.3,713.9,1140.1,54.7,0.3,100.1,10.7,572.9,2941.6,31.6,0.3,1656.2,42.9
37031,2990.6,70.5,907.5,3028.1,6214.2,45.3,2.9,12.9,284.6,215.2,586.4,876.4,80.7,51.7,16.4,65.0,148.5,612.9,54.3,27.4,29.1,16182.2,18.8,7.4,1533.9,343.2,61.0,925.7,489.0,124.0,0.4,6.2,24.2,74.0,3492.8,7.2,0.3,655.8,3.7
37033,574.9,87.4,37.8,137.3,431.1,2.8,0.8,,10.6,17.9,23.7,236.7,3.1,2.2,0.1,9.5,21.7,61.1,3.5,3.8,8.8,937.5,1.4,1.8,233.5,26.7,3.8,99.8,86.8,8.9,7.8,41.5,0.5,8.9,148.9,7.5,7.4,54.7,2.4
37035,729.4,199.8,16.0,578.7,1311.2,21.8,0.5,,132.3,31.9,27.8,74.5,123.5,6.7,,8.7,115.5,79.2,1.0,0.5,4.3,5681.3,32.4,9.8,494.4,182.9,5.6,419.0,715.1,13.2,21.1,66.6,4.7,20.6,315.6,9.7,20.3,197.3,10.2
37037,653.5,198.3,14.0,357.3,1163.1,5.2,0.4,1.2,54.8,32.9,23.2,196.1,28.2,5.8,2.6,8.6,97.2,69.2,5.9,3.2,2.0,2053.6,13.5,7.3,398.9,49.4,4.9,199.3,282.7,11.7,44.2,16.0,4.1,11.6,282.9,2.1,42.4,49.1,2.8
37039,333.1,34.7,313.5,58.3,948.9,2.5,18.6,,396.6,38.9,136.2,65.2,2.9,0.7,2.4,0.5,271.4,25.5,1.9,2.3,1.5,409.8,7.4,5.1,605.4,21.4,3.8,176.8,62.4,4.0,23.6,0.1,0.1,11.0,124.1,0.1,22.6,16.4,
37041,315.8,360.0,167.2,402.2,1681.3,938.2,20.6,81.6,90.7,52.1,3452.1,1242.6,55.0,8.4,187.9,78.1,33.9,144.2,68.4,51.9,290.6,20158.7,8.1,,4205.9,123.2,4.6,815.7,3153.0,52.3,0.9,77.3,2.0,173.1,564.5,4.2,0.9,819.4,17.0
37043,187.3,39.8,184.7,34.9,559.8,1.6,10.8,,235.1,43.4,15.6,43.5,1.9,0.4,0.2,0.1,159.2,15.0,0.9,0.5,0.1,258.9,6.6,3.6,341.1,5.8,2.3,111.7,39.4,1.8,12.3,,0.1,6.8,73.1,0.1,11.8,9.0,
37045,1419.4,226.5,162.1,444.3,2838.6,53.0,1.1,12.1,637.4,195.4,1832.2,255.4,19.3,3.8,15.7,43.2,286.2,8.5,42.6,12.5,140.9,6916.6,41.6,31.2,3017.3,160.7,5.8,560.6,512.1,139.1,18.0,129.0,0.6,25.3,125.0,29.7,350.2,461.5,2.6
37047,4698.6,217.7,720.4,5073.3,16049.2,235.7,1.5,20.5,630.5,280.1,1009.9,2981.4,172.8,72.2,30.0,53.9,250.1,98.9,49.7,14.3,79.7,27925.8,31.6,9.9,6114.1,809.0,52.4,1050.4,1837.7,120.8,4.3,150.9,28.7,93.1,2162.1,39.5,5.2,1348.9,4.6
37049,2319.9,159.4,460.8,1590.2,3109.8,34.0,9.9,84.0,37.9,105.1,73.3,593.1,77.5,26.2,103.6,204.9,94.1,311.8,147.9,8.0,9.7,25153.9,10.3,3.4,1646.8,226.5,31.0,1435.6,1232.0,55.1,1.7,34.5,12.3,22.9,1769.8,10.2,1.2,485.2,23.9
37051,2776.3,102.9,203.7,1536.5,4558.4,79.2,4.0,44.1,517.1,96.6,412.0,722.7,77.7,20.4,64.4,60.4,109.9,27.5,80.4,9.4,111.0,16298.5,11.1,34.6,2369.4,299.1,14.8,516.4,1110.4,46.4,3.0,95.2,8.1,36.0,620.6,21.9,3.7,705.3,10.1
37053,796.7,433.1,517.0,671.2,3776.5,64.9,0.8,1.4,44.5,116.3,166.6,501.9,12.5,25.9,3.9,25.5,121.3,307.6,3.0,22.8,8.5,9127.9,14.2,23.7,2141.7,348.3,14.3,443.0,599.4,44.1,0.5,73.2,6.1,210.8,1686.7,19.6,0.5,873.4,28.7
37055,49.8,27.5,39.8,47.6,268.8,3.8,,,0.9,7.5,,24.0,1.1,2.0,,1.3,8.5,23.6,,,,800.0,1.1,,146.9,28.3,1.1,28.7,48.9,2.3,,4.2,0.5,14.0,128.5,1.3,,81.2,1.8
37057,778.5,218.0,39.7,1068.1,3313.7,23.6,1.9,1.8,98.9,102.9,74.9,409.2,117.2,16.6,3.2,21.1,141.1,196.5,7.9,10.1,20.3,6528.8,48.0,9.5,1073.3,155.7,13.9,499.9,891.8,33.3,17.7,24.5,11.6,30.6,813.1,10.0,17.0,206.2,4.2
37059,614.4,127.7,34.6,852.8,2832.7,17.2,0.1,,94.5,56.9,78.9,168.6,101.7,14.5,0.1,10.4,103.8,171.6,3.3,2.6,1.3,5562.1,22.3,30.7,783.3,132.1,12.1,487.0,655.2,49.7,22.2,43.7,10.2,13.5,685.4,7.1,21.3,160.4,5.5
37061,7124.2,366.0,1005.1,6587.4,22421.6,217.2,12.3,95.9,3845.9,409.8,2322.5,3255.1,219.8,100.8,151.2,152.7,440.6,129.9,161.1,64.4,807.0,44476.2,39.6,60.3,8585.5,904.6,73.1,2114.4,2978.1,241.3,6.0,406.6,40.1,98.3,3034.6,94.4,7.4,2179.3,33.3
37063,178.2,76.7,10.8,35.7,117.7,2.0,1.1,,6.9,19.6,33.5,107.6,1.1,0.6,0.1,4.4,7.9,17.4,1.0,1.5,14.1,309.2,4.6,2.7,70.1,18.2,1.1,36.0,27.2,7.4,2.3,20.3,0.1,7.3,40.9,3.5,2.2,24.0,1.1
37065,577.9,711.6,577.5,841.0,4036.5,1780.0,48.5,152.2,159.7,110.5,6555.5,3482.6,107.3,28.9,350.3,132.5,108.7,427.2,110.6,89.4,902.1,40400.6,20.0,1.3,8122.3,304.2,16.0,1646.4,6745.2,217.6,2.6,148.3,6.8,310.4,1865.9,11.1,2.5,1534.0,33.1
37067,528.5,120.1,96.5,279.5,964.3,12.0,1.4,,18.0,46.8,46.5,214.6,17.5,5.5,0.6,9.5,34.9,156.2,1.8,5.1,15.0,4043.8,8.3,5.2,544.5,97.3,9.6,219.9,263.0,14.0,6.3,26.9,1.2,35.9,364.7,6.6,5.9,283.5,1.5
37069,948.2,351.7,123.1,390.3,1247.4,34.3,8.4,6.4,48.2,38.6,213.3,337.7,44.1,7.0,1.5,32.7,66.8,199.2,5.9,9.0,101.7,10253.9,9.5,6.9,915.9,252.9,12.2,445.9,674.4,52.2,9.0,197.4,1.5,72.2,458.3,35.3,8.5,733.8,11.5
37071,433.1,48.8,70.8,185.2,1395.8,4.6,0.5,,69.7,198.0,112.2,49.7,1.1,1.7,,3.2,109.5,3.7,3.0,2.0,10.0,1202.7,8.7,8.2,1246.1,20.2,2.5,80.2,28.9,9.8,5.8,9.0,0.3,10.8,54.8,3.9,112.3,31.2,
37073,537.4,510.8,325.6,588.1,2901.8,1083.2,9.0,73.8,51.3,62.1,3479.0,1394.5,63.9,16.3,169.8,76.1,68.0,245.2,53.6,18.8,223.5,21071.7,11.6,,4950.3,201.8,9.0,843.4,3185.2,42.1,0.7,104.5,3.8,183.5,1052.3,9.4,0.6,829.0,22.9
37075,68.1,16.6,34.4,6.7,106.3,,2.0,,58.9,16.8,197.0,27.5,,0.1,0.3,0.2,33.1,2.8,0.2,2.2,1.3,28.2,1.5,4.7,58.7,3.1,0.4,15.8,11.7,2.0,7.7,,,3.1,13.6,,7.4,,
37077,923.7,231.4,68.3,215.5,717.0,6.1,3.0,3.6,25.5,45.6,73.4,388.6,8.0,3.9,3.9,20.9,41.3,110.6,1.8,7.1,37.2,2203.1,6.8,5.6,379.9,73.8,6.8,185.7,192.1,25.4,12.3,104.0,0.8,24.3,266.8,18.0,11.6,136.5,6.0
37079,3118.7,242.2,545.8,2199.8,3691.0,77.6,8.2,67.2,52.7,124.4,198.3,1008.1,115.9,31.1,82.7,171.9,113.4,370.7,120.6,9.5,81.8,27498.3,15.3,2.9,1782.3,420.9,36.7,1466.1,1329.4,61.4,1.5,49.7,14.5,43.0,2096.1,14.7,1.0,769.2,22.3
37081,1298.5,421.6,255.4,686.8,2531.0,13.1,1.8,,34.6,86.3,57.4,410.3,17.8,14.5,0.4,42.2,112.3,413.3,4.4,6.6,18.8,4526.9,10.4,8.4,1116.9,156.1,25.4,411.1,311.6,28.8,13.2,242.2,3.2,35.3,956.5,43.0,12.5,292.8,13.7
37083,726.4,1000.3,240.8,613.2,1995.5,2406.6,25.9,204.9,131.1,70.1,7834.2,3372.6,139.7,12.0,471.7,172.0,86.2,259.4,153.7,77.8,493.1,48468.2,16.6,8.0,9267.0,270.7,6.7,1806.9,8160.7,85.5,7.6,210.5,2.8,331.2,808.2,11.7,7.3,1579.4,47.2
37085,3384.9,106.2,93.8,1208.0,2156.2,112.8,3.6,66.1,694.3,62.7,605.0,1323.3,108.7,9.4,97.2,85.6,108.8,14.7,107.9,17.9,143.6,22732.6,9.7,20.0,2206.0,340.3,6.8,621.7,2261.8,44.2,3.6,69.3,3.7,49.9,310.6,18.6,4.3,985.1,15.9
37087,1045.6,142.9,688.0,125.7,2100.5,,40.9,,986.0,140.7,1127.6,261.2,,1.6,0.8,6.7,617.3,55.9,8.7,11.6,6.6,414.9,12.7,26.4,1071.9,36.9,8.4,265.6,137.7,15.1,112.9,0.5,0.3,19.1,272.3,0.1,108.2,1.2,
37089,1978.1,22.2,1895.7,340.2,5766.5,1.8,111.7,,2744.5,114.7,13353.7,3003.7,2.0,4.4,1.8,3.8,1601.9,154.1,723.1,303.4,84.2,3266.6,12.5,220.2,4008.1,38.7,23.1,2458.9,1049.5,202.2,20.5,1.7,0.7,7.0,750.3,0.2,19.7,15.2,
37091,335.0,526.2,558.1,762.3,3922.6,1427.6,20.3,61.5,102.7,109.9,5034.8,2224.9,77.1,27.9,141.5,65.7,89.5,400.0,48.0,40.6,473.5,18192.5,14.6,,6121.0,153.5,15.5,972.2,3373.8,92.7,0.8,114.6,6.5,206.8,1807.6,6.5,0.8,777.8,14.7
37093,1760.1,76.9,36.5,464.9,816.0,37.4,0.4,96.3,105.6,41.5,6.8,261.8,81.3,3.7,140.0,110.8,76.0,4.7,146.8,1.4,9.7,21986.3,6.2,2.3,1765.6,172.6,2.7,463.9,1893.4,22.9,1.0,91.3,1.5,16.5,111.2,19.4,1.2,806.1,21.4
37095,5285.9,613.9,1357.9,4714.1,9564.5,440.8,62.6,75.8,1417.9,448.3,1595.9,798.6,134.6,77.3,93.4,257.8,287.7,915.9,371.8,81.4,104.2,36545.7,57.4,,3393.9,585.3,91.2,2057.5,1535.3,184.3,0.6,152.5,36.2,64.4,5389.9,40.1,0.4,1886.6,40.2
37097,1384.6,329.3,94.7,2058.4,7756.3,21.1,0.6,2.7,167.7,168.9,58.7,343.7,121.7,39.6,5.1,33.7,235.3,469.1,8.7,3.2,8.6,10032.9,53.2,11.9,2116.2,202.2,33.2,1066.1,870.9,59.3,37.1,77.1,27.8,30.4,1873.0,12.8,35.7,201.0,12.2
37099,114.7,15.7,38.8,7.8,120.6,,2.3,,70.0,14.5,156.8,19.8,,0.1,0.1,0.2,38.4,3.2,1.9,0.7,0.3,37.4,1.2,1.2,62.9,10.4,0.5,19.1,7.5,1.0,13.7,,,2.0,15.4,,13.1,1.0,
37101,4792.6,500.7,379.0,2689.5,2673.1,106.6,16.1,61.3,295.7,116.9,429.3,1659.3,207.1,21.6,75.6,161.7,129.2,255.9,126.3,19.6,242.9,37898.0,24.7,61.0,2136.0,870.7,25.5,1722.9,1765.7,70.3,6.8,105.6,10.1,76.2,1488.5,27.2,4.8,1465.5,29.3
37103,2068.7,294.9,283.9,1069.4,1924.9,49.8,10.1,92.2,24.4,61.0,174.5,548.1,72.5,16.2,113.5,218.6,82.8,194.1,161.4,7.0,17.9,24952.1,7.2,3.9,1570.6,215.0,19.1,1409.0,1244.1,44.6,1.7,73.7,7.6,24.7,1085.9,16.8,1.2,440.1,31.5
37105,274.1,69.9,6.6,347.2,576.8,19.7,2.0,6.3,98.7,25.4,67.2,369.7,95.0,2.8,10.7,14.1,33.3,32.9,14.5,6.5,12.1,4070.2,19.8,12.2,356.0,112.3,2.3,252.9,907.9,17.3,6.9,21.2,1.9,16.9,147.3,4.7,6.6,176.0,4.3
37107,3815.8,431.9,689.7,2487.2,4640.7,131.8,15.9,128.3,87.1,153.9,570.8,1365.8,132.1,39.3,158.0,315.5,162.2,472.7,229.9,14.6,124.7,39430.0,16.7,16.9,2669.2,417.2,46.3,2269.5,2053.9,86.7,2.0,102.4,18.4,64.7,2643.5,25.7,1.4,824.9,43.6
37109,1019.0,103.0,212.6,472.5,3711.2,43.2,0.7,1.4,254.1,202.0,465.1,168.9,12.4,5.0,1.8,24.7,252.1,11.2,16.8,7.5,34.5,4309.6,36.4,16.3,3514.7,124.6,7.6,395.9,287.4,44.3,6.0,76.5,0.8,17.4,164.5,20.0,117.0,289.7,0.3
37111,319.6,49.8,287.0,52.4,865.3,2.4,16.8,,360.6,48.6,123.9,50.2,2.8,0.7,0.3,16.7,249.9,23.3,3.9,2.1,2.3,422.8,8.6,5.7,523.7,25.5,3.5,182.0,52.3,3.4,19.2,1.1,0.1,7.8,113.6,0.3,18.4,15.0,
37113,247.7,28.6,111.4,27.1,358.7,,6.9,,300.9,40.3,532.0,42.1,,0.3,0.3,0.8,104.0,9.1,1.8,5.3,4.5,126.9,2.2,9.9,196.1,10.4,1.4,41.8,25.3,6.4,28.8,,,4.1,44.1,,27.6,5.7,
37115,692.0,139.4,113.9,24.4,358.8,,6.8,,233.7,117.6,1342.2,462.5,,0.3,0.3,2.6,133.2,9.3,1.5,11.4,7.4,178.6,10.8,29.4,193.6,31.4,1.4,100.9,164.8,11.1,90.0,0.2,,19.9,45.1,,86.2,0.6,
37117,413.8,670.3,180.3,376.2,1296.8,1654.1,16.8,124.4,87.1,34.1,5409.3,2903.5,94.0,9.0,286.4,100.6,47.7,187.3,91.6,39.7,366.3,29684.7,10.9,1.6,6090.9,170.0,5.0,1151.7,5503.9,54.2,1.5,143.4,2.1,215.2,582.2,7.8,1.4,945.2,29.6
37119,363.1,57.0,24.2,102.4,471.1,10.2,0.2,,118.3,31.9,249.2,8.9,2.7,0.6,,11.4,56.2,1.3,0.7,2.3,20.5,836.2,7.7,0.7,495.0,36.0,0.9,118.0,58.6,19.6,4.0,35.6,0.1,3.9,24.8,9.2,77.6,66.7,
37121,199.0,47.7,26.5,5.3,82.0,,1.6,,48.3,40.0,63.9,127.9,,0.1,0.5,0.5,30.8,2.2,5.8,2.1,0.7,55.7,3.9,4.6,52.0,7.7,0.3,40.1,38.8,1.6,25.2,,,8.2,10.5,,24.2,0.3,
37123,216.7,43.4,69.8,115.2,1238.4,2.0,1.3,4.7,183.8,94.0,440.5,264.5,2.6,1.6,6.1,3.7,92.8,3.7,9.8,13.2,22.3,1696.6,4.2,63.4,1105.4,13.4,2.5,98.6,164.1,18.3,5.6,35.1,0.3,9.5,60.9,1.0,108.0,63.2,1.0
37125,585.2,91.7,83.3,305.8,1508.8,35.0,1.3,1.8,283.3,50.0,684.6,437.0,10.4,2.0,2.4,11.1,139.6,4.4,5.9,15.6,45.6,2617.2,25.5,52.9,1615.3,86.8,3.0,259.7,479.3,43.1,8.5,56.1,0.3,15.8,85.2,7.5,164.8,248.9,0.4
37127,649.1,413.0,123.4,309.7,1050.8,557.3,174.9,93.8,477.0,26.7,6310.6,2816.2,45.4,6.2,217.0,78.2,59.6,93.1,74.0,308.2,2938.7,30265.6,13.4,17.7,3440.8,418.1,3.4,1174.0,4647.9,757.9,3.9,70.9,1.4,305.2,402.3,13.6,3.7,2140.1,30.7
37129,157.7,2.7,8.9,74.4,200.1,4.5,0.2,,8.7,4.5,71.0,38.2,3.1,0.9,0.1,0.5,3.3,1.2,7.8,0.9,2.3,460.4,0.5,0.4,148.0,44.0,0.6,12.6,18.0,1.6,0.2,,0.4,3.5,27.9,0.2,0.3,24.7,
37131,418.2,761.5,87.1,313.6,725.4,2076.6,26.3,208.6,103.1,16.5,6884.6,2166.3,120.3,4.4,480.0,160.7,35.5,153.6,153.8,37.6,436.3,44703.3,9.4,,7798.7,115.6,2.4,1641.6,7346.2,59.9,1.6,168.8,1.0,227.5,281.2,6.4,1.6,952.8,39.8
37133,1667.4,70.1,293.9,1864.9,6557.8,56.9,1.3,39.4,282.5,127.0,276.4,1117.3,64.0,29.5,57.3,56.5,106.8,38.1,70.1,9.0,22.0,13900.8,11.7,8.6,2641.1,245.9,21.4,422.8,1162.4,68.6,1.2,69.4,11.7,25.1,888.9,17.1,1.4,597.6,8.8
37135,670.9,147.9,120.7,312.0,1185.2,4.0,0.8,,9.1,44.5,25.7,188.2,5.7,6.9,0.1,12.3,46.7,195.3,1.2,1.6,9.9,1509.1,6.6,3.3,490.9,49.2,12.0,176.3,104.8,13.2,8.3,56.2,1.5,14.4,446.4,11.0,7.8,93.3,3.2
37137,3167.3,631.9,485.2,2094.3,3366.1,52.7,1.6,14.6,28.6,113.1,510.6,359.6,97.5,27.6,19.8,57.7,149.5,328.3,125.6,35.6,4.5,16975.2,14.5,,1248.4,569.8,32.6,764.9,570.6,36.1,0.9,159.5,12.9,197.9,1855.5,36.4,0.6,630.7,28.0
37139,2208.7,1121.7,1149.1,1710.6,9383.3,187.0,2.5,10.4,43.3,246.4,2536.5,4027.3,42.8,57.5,27.9,73.3,284.0,683.5,8.0,235.6,28.7,31084.4,37.9,,5687.0,1185.2,31.9,1050.8,2019.8,78.7,0.4,174.8,13.5,876.9,3724.6,52.1,0.4,3906.8,73.6
37141,1650.0,76.0,216.5,1479.7,4819.1,57.4,1.9,29.4,1224.1,85.4,188.9,709.2,59.9,21.7,62.8,41.6,88.8,28.5,45.9,10.3,7.0,12222.6,9.2,33.3,2024.3,225.3,15.7,491.9,828.6,45.1,1.2,74.1,8.6,35.3,648.9,17.6,1.5,644.0,27.1
37143,1388.2,843.1,828.0,1136.9,6100.5,585.0,11.2,88.6,49.1,157.9,1681.5,1084.2,57.9,41.4,204.2,100.4,196.7,515.2,65.7,17.6,112.8,36822.6,27.3,,5627.7,698.7,23.0,1252.5,3868.4,73.0,1.7,141.2,9.7,410.0,2674.1,33.0,1.6,2199.2,57.8
37145,667.7,313.7,108.0,329.4,1121.9,11.1,0.6,,16.3,27.0,15.0,279.4,18.3,6.2,,31.1,63.5,174.7,1.4,0.9,7.4,4475.5,4.5,1.8,607.2,141.3,10.7,257.3,290.9,11.1,4.7,207.9,1.3,30.9,398.1,35.9,4.4,287.3,11.8
37147,5457.3,693.3,663.3,3267.3,4460.3,446.0,16.9,145.9,103.8,145.5,1846.6,3150.7,241.1,37.8,179.5,363.1,188.0,477.2,256.2,20.1,185.2,53133.0,24.4,11.2,3674.9,786.1,44.6,2805.3,2971.3,88.8,3.6,148.4,17.7,143.3,2540.4,37.5,2.6,1410.3,54.3
37149,483.9,36.3,75.8,15.5,228.3,1.8,4.4,,126.1,17.1,32.5,155.9,2.1,0.2,0.1,16.6,80.4,6.2,32.5,7.7,0.3,391.4,4.3,2.5,181.1,21.3,0.9,178.2,37.1,5.8,45.1,1.2,,3.3,30.0,0.4,43.2,10.2,
37151,956.6,240.1,45.0,1160.6,3693.7,30.5,2.4,,174.7,79.7,119.8,251.8,149.3,18.8,0.2,15.0,158.4,223.2,6.5,3.8,29.7,7870.6,36.6,13.9,1086.6,195.8,15.8,623.9,996.6,31.8,43.1,50.5,13.2,25.8,894.9,9.7,41.4,262.3,7.9
37153,349.9,66.4,22.0,91.8,446.8,16.1,3.1,21.8,412.9,24.5,1429.7,289.1,10.8,0.5,28.3,15.8,61.9,1.2,35.7,20.7,97.4,4661.5,3.4,70.1,648.7,14.0,0.8,161.7,483.8,85.5,6.8,55.6,0.1,11.2,43.3,4.6,133.2,254.3,4.6
37155,8313.4,662.3,1106.1,8839.4,24665.2,525.9,12.2,163.1,1632.4,439.8,1229.3,4032.8,445.2,110.9,237.1,238.7,505.0,143.6,321.3,27.0,73.1,85617.3,63.7,12.2,11916.9,1891.8,80.4,3131.8,4969.6,202.1,2.6,752.4,44.1,157.7,3334.4,167.7,3.2,3837.4,36.3
37157,916.7,288.7,112.4,318.5,1134.1,7.3,1.3,,26.2,53.6,55.0,389.8,11.0,6.4,1.4,24.9,58.0,181.9,5.3,6.9,15.5,2822.5,8.5,9.3,580.7,107.2,11.2,246.4,210.9,18.8,10.7,144.6,1.4,32.7,423.0,25.1,10.1,177.6,8.2
37159,1413.9,352.3,43.4,1348.3,3581.9,42.2,1.2,3.0,256.4,96.0,57.3,168.3,248.8,18.2,5.2,23.3,247.2,215.3,6.6,5.6,14.8,11735.2,69.5,18.7,1185.2,354.2,15.2,870.3,1506.3,34.1,28.4,111.2,12.8,44.4,872.8,21.3,27.3,403.6,17.8
37161,813.2,68.5,175.3,55.1,643.3,2.9,10.4,13.4,319.4,44.8,1069.2,137.4,3.3,0.4,2.2,31.2,183.2,14.2,18.6,15.4,16.6,858.7,7.9,34.9,444.6,41.6,2.1,341.9,74.3,28.8,79.2,5.0,0.1,7.4,69.4,0.8,75.9,44.9,5.4
37163,7502.5,366.7,604.8,4759.8,13508.1,270.5,27.8,227.8,5653.5,275.8,3673.0,2482.8,306.5,60.6,401.0,287.0,329.7,80.4,387.9,103.2,1290.3,69818.4,35.7,145.6,8461.1,975.3,44.0,2720.7,5391.6,259.5,5.3,387.8,24.1,154.0,1831.7,86.9,6.5,3604.2,122.1
37165,1383.0,64.8,32.9,533.2,748.5,57.6,0.8,68.0,107.8,18.4,156.8,175.4,75.3,3.3,98.8,80.4,36.8,5.5,105.4,4.1,14.7,17936.8,4.5,9.6,1471.0,189.7,2.4,372.7,1332.8,21.3,0.7,61.2,1.3,19.3,106.0,13.0,0.9,700.2,15.1
37167,2552.9,262.5,753.4,1480.6,12960.7,125.9,,46.3,434.9,422.5,18.6,165.0,56.1,17.7,60.0,91.2,773.3,39.7,60.1,1.8,,20122.8,105.6,3.4,12451.6,362.9,27.0,1144.2,1535.3,46.3,12.4,199.1,2.9,40.8,569.0,52.4,241.6,1218.4,9.8
37169,580.9,108.8,68.9,222.4,746.3,5.5,0.9,,15.5,41.7,27.1,349.9,4.9,3.9,0.2,9.3,24.3,111.4,8.4,3.8,6.6,1431.2,6.9,4.5,380.7,37.6,6.8,159.1,125.4,12.0,7.8,21.0,0.9,17.2,261.8,4.0,7.3,87.8,1.2
37171,3082.6,211.8,193.5,620.8,3940.9,34.2,136.3,,75.8,79.1,342.0,2170.4,98.7,3.0,19.4,7.5,462.2,188.1,11.3,19.8,5.8,3102.9,47.1,15.1,4206.9,273.7,0.4,947.2,304.8,34.2,16.2,40.9,0.4,72.7,292.1,17.1,467.7,398.8,
37173,51.4,71.9,75.5,13.1,228.3,,4.4,,93.2,73.2,39.0,24.9,,0.2,0.4,,65.2,6.1,0.5,0.3,,36.7,7.4,7.0,122.3,12.6,0.9,37.0,9.9,0.6,3.7,,,13.7,29.9,,3.6,,
37175,106.4,16.9,71.1,26.4,272.0,,4.3,,258.1,35.9,809.5,21.2,,0.2,0.1,0.2,64.0,5.8,0.8,8.4,5.4,136.1,1.6,14.5,147.6,5.7,0.9,28.3,18.3,8.8,11.2,,,2.6,28.1,,10.8,0.4,
37177,1822.4,1018.7,1375.9,1621.8,9595.3,109.8,0.6,5.1,35.6,267.7,107.5,995.4,27.3,68.9,13.4,53.3,309.0,816.5,3.7,31.0,3.9,21632.7,32.5,,5213.4,807.2,38.2,994.3,1418.9,82.0,0.5,163.4,16.1,485.6,4443.6,47.4,0.5,1940.9,68.9
37179,7361.0,809.6,1748.3,3872.5,30122.1,383.4,0.1,33.9,1867.0,320.3,45.3,302.8,123.5,41.1,43.9,299.5,1814.8,92.2,43.9,2.1,2.0,38417.1,291.3,9.4,29145.9,1158.1,62.6,3568.6,2913.1,92.7,16.3,839.3,6.7,102.6,1319.0,208.0,317.7,2757.7,7.2
37181,416.6,176.5,10.1,65.3,127.1,10.7,0.1,,10.6,6.6,7.5,157.9,18.1,0.6,0.5,14.5,21.4,16.3,1.6,1.8,0.5,4119.9,3.1,1.5,230.7,113.8,1.0,139.1,264.6,1.8,4.2,104.9,0.1,32.0,39.2,18.1,3.9,282.6,6.0
37183,553.8,147.3,6.7,475.1,581.6,27.0,1.6,1.0,186.2,24.1,121.5,1097.3,144.2,2.8,1.9,9.2,96.1,33.3,4.3,5.8,22.7,5966.6,31.1,34.4,393.2,185.5,2.4,414.1,1684.9,29.3,16.9,49.2,2.0,30.3,145.1,7.9,16.2,244.0,7.1
37185,492.0,158.2,41.3,145.8,443.1,9.0,0.8,6.4,6.8,19.3,25.3,153.9,14.6,2.4,1.7,15.9,28.2,66.8,1.3,2.5,9.7,3562.5,4.0,,333.6,91.8,4.1,154.7,245.3,6.7,5.4,83.4,0.5,26.3,156.7,15.0,5.1,232.1,5.0
37187,1736.0,1033.6,1420.3,1685.2,9831.1,567.3,18.6,89.0,81.3,278.8,1978.1,1650.6,55.2,71.1,207.0,114.3,310.1,865.6,68.0,62.2,208.4,37349.6,33.3,,7440.7,763.7,39.4,1627.9,3996.3,126.4,0.8,175.7,16.6,566.6,4586.9,44.4,0.7,2087.0,72.8
37189,1079.8,46.3,1.8,4.1,37.1,0.6,1.5,,6.6,5.4,810.1,216.3,,,71.3,0.9,3.3,1.7,18.7,2.3,2.0,54.6,3.6,0.6,1313.2,507.9,,21.7,10.7,5.3,6.6,0.1,,192.3,2.7,,192.4,4.0,
37191,6357.0,1084.1,998.3,3995.6,6644.8,88.1,22.6,98.2,362.0,218.7,559.1,1015.1,206.0,56.9,120.9,260.2,291.3,673.6,185.9,11.4,386.2,46318.1,29.3,73.1,2911.7,941.0,67.1,2405.3,1911.4,108.6,3.3,271.7,26.6,79.9,3821.2,63.8,2.4,1453.3,63.5
37193,2468.4,85.8,210.2,417.9,4254.9,1.9,148.0,,75.2,73.2,424.7,1291.2,3.5,3.3,19.1,2.3,75.8,204.3,112.8,19.0,4.9,1654.7,11.4,39.3,4414.7,147.5,0.5,1066.5,67.4,77.7,14.2,8.5,0.5,57.1,317.3,2.6,410.8,21.5,
37195,3177.6,338.1,231.2,1543.8,1555.0,68.5,14.6,99.0,163.9,58.1,212.4,1162.1,143.0,13.2,121.8,232.1,74.9,156.7,177.2,12.7,189.0,34888.8,13.4,23.6,1901.0,515.0,15.5,1790.5,1761.3,58.2,1.4,75.6,6.2,48.7,893.1,18.9,1.0,1003.7,33.1
37197,2711.5,309.1,330.8,1103.5,6739.0,65.2,233.5,,103.3,124.0,359.1,2375.2,190.4,5.2,12.0,12.1,751.0,321.5,11.9,22.0,13.0,5500.5,85.1,8.1,6872.4,339.5,0.7,1523.5,511.0,41.7,12.5,67.4,0.7,67.7,499.4,23.3,362.7,739.4,
37199,294.9,64.8,52.3,9.8,161.2,,3.1,,74.0,52.2,104.4,239.3,,0.1,0.4,1.2,59.0,4.2,1.6,1.5,0.6,71.9,5.2,6.4,91.4,8.3,0.6,49.7,84.7,1.4,38.4,,,10.1,20.7,,36.8,,
38001,5892.0,,75.6,303.4,1643.2,234.1,18.0,3210.6,,54.2,,405.0,58.5,94.4,1.9,19.1,1061.1,227.0,1547.2,5.8,684.2,15554.7,33.0,,177.6,1.0,4.0,94.3,913.3,2.5,377.5,407.8,2.0,171.8,139.2,128.7,,3866.8,41.4
38003,12516.8,58.3,1820.1,4029.5,7266.3,5107.1,35.4,11839.3,233.7,449.3,,4253.8,486.0,2072.5,5.5,217.3,1810.2,1367.7,9020.3,78.0,10842.6,106570.5,372.3,14.9,2218.2,610.8,28.6,122.2,11717.9,19.3,84.5,101.5,1.6,1198.4,59.2,112.6,,16369.7,33.6
38005,13090.9,,264.5,2036.3,1119.5,7593.7,8.9,6384.6,,167.5,41743.0,768.0,1609.9,599.5,72.9,28.2,1551.0,1958.1,4160.2,170.2,7747.3,18808.0,105.7,,1244.6,3864.7,10.2,1075.0,6047.2,12.0,169.8,101.4,17.1,1458.8,660.0,252.8,,9340.6,17.9
38007,1625.7,,34.7,139.5,767.5,81.0,9.5,763.2,,14.8,,434.6,15.0,68.3,0.4,18.1,783.4,93.2,293.2,1.5,219.6,5686.2,55.0,,81.6,0.4,1.8,32.6,236.1,1.2,1077.3,77.3,0.9,78.2,64.0,28.4,,1357.8,9.3
38009,16953.8,,75.4,566.4,1052.2,1547.3,26.2,10693.0,,123.6,82.1,1208.1,2977.0,617.6,22.3,52.4,2042.4,443.2,3829.7,250.0,2036.3,31034.1,33.6,,287.7,123.3,2.9,86.7,2836.5,3.4,160.7,155.0,0.4,869.0,188.1,389.9,,13617.9,27.3
38011,5413.3,,115.9,465.6,2349.4,67.3,30.4,2939.0,,47.0,,591.1,35.4,117.3,1.2,26.5,1192.3,225.5,1528.7,3.9,240.8,18112.1,58.3,,272.5,1.5,6.1,27.1,488.2,3.9,586.3,403.0,3.1,95.9,213.6,124.1,,4013.7,34.6
38013,18021.1,,9.8,421.7,1162.2,243.3,31.0,4163.9,15.9,13.0,,524.8,325.6,473.3,2.0,27.8,3160.8,266.6,3278.2,84.4,1722.1,23693.9,12.7,,,22.7,1.8,298.7,960.5,0.4,40.7,93.4,0.7,224.9,24.6,26.6,,11436.0,31.8
38015,11176.3,588.1,288.8,1203.3,10794.3,1905.4,27.0,2070.3,,192.5,,1313.5,214.7,327.4,3.2,149.8,1702.4,913.5,1488.5,85.3,1541.7,20098.7,211.7,,1466.8,10.8,110.0,117.4,3564.9,9.7,1229.1,92.2,2.1,767.5,532.1,262.3,,7504.6,25.7
38017,15258.2,131.4,4722.3,10201.1,18850.7,12616.6,70.6,14591.0,114.1,477.9,317.2,8316.7,1287.6,3019.6,18.5,226.3,2900.6,4527.3,11711.4,70.6,9670.3,228202.1,880.0,12.1,5804.8,1405.7,74.1,432.4,18584.7,50.1,38.0,198.9,9.1,2361.5,9361.4,144.0,,28148.7,79.8
38019,14945.4,,50.8,613.1,13.8,2366.7,140.7,27338.5,118.8,112.0,,1108.0,347.0,944.4,6.9,149.4,840.9,646.9,6042.7,116.1,6346.9,35959.6,13.0,6.7,151.4,56.8,7.4,302.5,4589.5,1.1,53.8,833.8,3.7,629.3,128.0,318.8,,12503.7,43.3
38021,3222.1,244.8,1495.2,7937.4,31721.1,10129.7,46.6,6185.7,52.5,354.7,329.7,1702.0,257.2,343.2,8.5,310.9,3064.7,2654.4,2722.0,130.3,1738.7,37028.2,1419.6,,4885.3,900.4,74.3,531.9,24926.1,49.1,42.5,53.3,22.3,2274.4,150.6,67.8,,10065.9,112.8
38023,22708.3,,16.5,2427.8,2085.6,1536.1,13.9,5409.5,22.4,5.7,,689.8,279.6,701.3,0.6,22.7,4326.4,1597.9,4611.0,44.1,2586.4,22561.1,41.0,,,14.9,3.1,815.8,2820.2,0.7,55.6,131.4,1.1,372.6,41.1,33.1,,15568.3,202.5
38025,29090.7,,83.2,881.4,1534.9,576.5,5.1,1860.0,9.8,9.3,,1277.3,525.6,1407.7,1.5,50.1,3149.3,417.3,2020.1,19.0,701.7,16169.3,116.8,,449.3,18.6,31.8,215.3,557.1,5.9,344.1,103.0,18.2,335.5,321.6,103.1,,6007.0,33.1
38027,15132.2,2.0,37.0,594.7,286.0,954.0,16.3,2499.4,128.2,149.2,181.3,527.2,85.5,258.3,12.2,52.4,1125.0,511.9,2070.0,68.5,8565.0,8224.3,67.5,,506.4,49.9,6.8,221.5,2207.2,3.4,101.8,84.7,26.1,489.5,186.2,39.7,,5374.7,6.0
38029,8258.7,532.8,463.9,2104.2,17203.6,1526.6,15.0,2170.8,,383.5,242.9,1278.0,361.4,174.2,17.6,215.5,1673.5,1070.1,5918.0,187.8,1722.5,30849.9,607.2,,2122.1,235.2,176.7,303.8,8530.8,15.6,1101.9,61.9,10.7,900.8,854.7,221.4,,8780.9,17.2
38031,16809.1,10.8,57.0,1328.9,440.9,631.2,22.7,4060.2,188.5,222.2,282.0,597.6,203.9,299.4,18.7,72.7,1733.5,414.9,3296.7,98.5,12750.2,15860.8,109.5,,759.6,157.1,10.5,221.6,7125.7,5.2,79.0,138.7,40.3,629.1,287.1,64.0,,9497.2,9.8
38033,4293.6,,98.3,394.6,2008.2,504.6,37.6,2145.4,,35.4,302.5,304.8,58.3,96.9,0.8,16.6,1039.6,379.5,1432.8,7.3,1257.5,16533.1,35.2,,230.9,137.5,5.2,203.3,969.4,3.3,635.5,274.6,11.1,261.4,181.0,85.6,,2848.5,41.2
38035,8971.8,,721.6,4590.7,198.9,15483.4,26.5,17067.4,147.5,674.6,5119.3,7198.0,1509.2,2121.5,280.7,95.4,569.5,5108.7,10385.6,292.4,27014.7,28585.9,67.8,6.6,2578.1,548.4,105.7,4489.2,27292.1,16.0,35.3,1042.7,100.3,3405.2,23688.0,216.3,,13399.0,30.1
38037,11527.5,860.6,196.2,795.2,7318.7,279.8,13.9,1928.9,,148.2,,1025.8,114.7,420.6,2.4,105.4,1653.6,418.6,1393.6,66.2,491.0,14388.3,76.1,,601.5,3.7,74.7,14.7,1901.3,6.6,1792.6,86.3,1.4,292.4,361.5,242.7,,4662.5,24.1
38039,4268.2,10.0,313.5,1373.6,1251.3,3047.0,7.5,4214.1,156.9,293.8,528.7,2314.1,206.5,670.2,20.7,91.3,547.2,665.8,2965.5,67.6,8678.7,20595.3,163.6,12.9,514.9,150.6,4.9,452.4,5791.1,3.3,59.6,89.3,8.6,740.3,10.2,38.5,,7592.7,15.6
38041,15253.5,,100.2,402.3,3057.4,205.2,189.9,7973.2,,94.2,,836.3,124.4,266.5,3.7,59.1,2411.0,253.6,4408.7,9.6,723.6,45093.4,54.3,,235.4,1.3,5.3,79.7,1413.6,3.4,206.9,1162.1,2.6,233.8,184.6,343.7,,10485.2,99.8
38043,37124.3,0.4,91.7,1048.3,709.3,281.8,12.1,1913.0,56.8,282.3,2080.9,1175.9,90.3,646.8,111.9,57.7,2281.1,553.9,5588.1,85.3,3700.2,8794.5,60.1,,1472.7,324.0,16.8,1281.0,1270.4,8.4,359.1,65.8,74.8,272.2,461.9,47.9,,2229.9,4.7
38045,5515.5,156.2,891.8,6949.0,18972.3,17566.6,28.5,11428.4,96.3,306.1,173.5,2572.0,441.8,295.2,6.8,239.9,2222.7,2094.2,4944.6,202.6,3025.8,57789.7,2640.7,,3931.3,1393.1,44.3,479.3,46006.8,29.3,40.5,100.0,13.1,4017.8,89.8,137.1,,17807.7,182.3
38047,2738.5,415.5,197.4,1166.0,4223.9,1405.2,9.3,3751.6,148.5,252.7,,972.2,575.2,201.6,4.9,75.4,777.9,399.0,1508.9,277.0,2593.1,12076.5,138.5,,732.0,146.1,9.8,118.1,3925.1,6.5,73.9,31.3,2.6,970.4,19.9,50.6,,7116.4,28.9
38049,20736.7,,172.3,1034.7,772.5,683.3,8.7,5475.5,,180.1,31343.6,1384.7,2313.5,1128.9,64.2,35.2,1621.9,511.6,3325.5,237.0,1074.1,14324.1,45.4,,761.2,2874.4,6.6,522.5,3828.5,7.8,403.6,94.4,12.7,540.1,430.0,230.5,,8955.8,16.6
38051,2756.4,291.6,322.1,1601.4,6953.6,2684.4,16.0,5179.8,143.7,269.0,,843.5,564.8,174.1,5.3,106.6,916.9,505.1,2156.3,268.3,2466.8,18832.1,535.6,,927.9,145.5,16.0,42.1,10206.2,10.6,52.5,45.1,4.2,1190.3,32.4,64.0,,7709.5,16.7
38053,38537.0,,33.0,529.9,2149.2,804.8,13.1,2293.2,13.8,3.8,,1738.2,1138.6,2364.7,0.4,29.4,4357.7,285.8,2833.4,63.6,835.8,23591.8,63.0,,178.1,22.0,12.6,446.0,464.4,2.3,385.7,144.5,7.2,612.2,4354.2,138.6,,6108.5,103.6
38055,54621.7,,73.0,3104.5,1578.2,7849.2,127.0,4595.8,29.1,65.6,,1215.6,4183.5,1495.0,11.0,129.9,6732.2,1897.6,5987.7,139.5,8813.1,88048.9,146.2,,394.3,37.0,27.9,701.8,5646.9,5.1,149.6,305.4,16.0,3037.1,282.2,289.3,,30078.3,264.1
38057,15631.5,,30.0,309.4,958.4,181.6,7.4,977.7,5.6,10.6,,640.3,607.9,787.1,1.8,32.1,1782.4,144.9,1149.4,21.0,338.8,12308.4,53.0,,161.9,9.0,11.5,161.3,388.0,2.1,156.3,58.6,6.6,173.1,115.9,57.1,,4598.7,14.9
38059,15901.4,1072.8,341.8,1394.5,12836.7,647.5,14.5,3268.2,,267.7,,1550.6,202.6,357.2,4.3,174.4,2569.7,758.6,2463.9,121.1,976.7,23400.4,129.2,,1119.2,7.9,130.2,35.1,3648.6,11.5,2235.5,152.7,2.4,551.2,629.8,427.0,,8763.6,42.5
38061,25666.3,,26.1,848.6,1373.3,470.9,41.7,5974.5,23.0,12.6,,882.1,366.3,894.6,1.8,42.4,4623.5,523.7,4743.0,78.8,1892.9,31774.3,28.2,,,33.6,4.8,377.2,1314.8,1.2,55.6,135.2,1.8,293.0,65.1,37.6,,16378.5,60.4
38063,6531.2,,289.3,1610.4,78.6,2883.2,30.1,9227.8,127.1,165.8,186.0,588.3,147.6,363.5,17.9,60.4,477.8,1098.4,2159.0,130.3,6670.1,15846.3,23.3,9.1,590.5,128.0,42.4,395.6,5847.6,6.4,73.6,317.3,22.9,682.1,351.6,112.4,,6334.4,13.5
38065,11146.2,,56.3,846.1,695.8,1176.5,1.5,778.0,3.7,17.1,37.2,537.5,1026.9,501.8,3.1,33.9,1178.4,446.3,784.9,36.6,1430.4,10190.0,57.5,,311.7,15.9,21.5,130.3,1080.9,4.0,114.3,38.8,12.4,498.4,217.5,40.8,,5733.2,38.4
38067,8826.5,,210.5,2004.3,57.2,11034.7,11.4,17905.6,39.2,666.8,6845.1,13700.6,2724.4,3742.9,364.2,79.8,572.5,3270.0,12533.3,240.9,18586.3,20693.1,38.9,8.2,1911.3,462.8,30.8,5099.4,18918.5,4.7,25.2,946.5,78.9,2710.3,47947.1,216.5,,9978.4,34.4
38069,9978.3,,82.3,623.8,449.7,918.6,7.5,4505.6,,59.3,,646.0,1352.9,435.8,10.9,22.7,1144.9,336.6,2062.6,120.5,1146.4,11798.7,27.1,,300.1,56.8,3.2,46.6,1731.5,3.7,122.3,83.5,0.4,364.4,205.2,201.5,,6708.4,14.7
38071,9620.6,,856.9,3192.5,232.9,4685.9,68.3,15155.1,130.0,223.0,,827.5,204.2,544.4,9.7,82.7,694.9,2656.3,2954.3,131.3,9744.1,24878.2,32.9,5.6,1580.9,115.8,125.5,534.6,9061.1,19.0,59.2,509.7,62.7,1015.9,1041.4,188.2,,8295.1,20.3
38073,3085.2,228.1,855.7,5760.0,18178.1,10145.4,28.3,6410.6,14.9,181.0,355.7,1807.5,115.9,245.6,5.0,201.1,1892.6,1882.1,3179.7,58.7,1295.8,28895.7,1224.4,,3544.4,1010.4,42.6,580.0,21779.1,28.1,36.9,62.3,14.2,2148.4,108.0,58.5,,9059.9,142.7
38075,22237.9,,30.2,289.2,724.9,104.3,59.4,5052.6,14.9,56.1,,573.3,1164.7,324.3,9.6,48.1,3300.4,126.0,3059.5,396.2,6769.5,39913.6,8.6,,,78.1,5.6,130.5,2832.8,1.4,58.0,87.2,2.1,604.5,75.5,34.5,,14390.7,7.5
38077,5904.0,152.4,3470.2,16287.5,73510.3,23080.0,104.9,12453.4,25.8,683.4,,4612.8,1208.1,4514.6,14.4,688.3,6910.1,6831.5,5523.3,93.1,1387.9,101176.7,4614.1,,9375.1,1181.7,172.6,116.5,76176.5,114.0,22.4,115.3,45.0,4766.1,8452.8,103.9,,16738.0,187.0
38079,7627.4,,66.7,539.0,370.3,1675.2,11.8,3771.2,,14.7,,472.1,524.5,336.2,3.0,14.3,845.6,444.4,1497.7,30.5,1739.7,13466.7,35.5,,259.0,51.2,2.6,92.1,1025.0,3.0,101.5,58.6,0.3,466.3,166.5,146.6,,4468.0,10.3
38081,3394.2,116.0,1167.5,6534.8,24737.2,12196.9,35.0,7184.1,6.3,226.4,208.2,1235.6,86.8,278.9,5.5,259.1,2497.2,2059.9,3515.1,35.2,889.3,44391.6,2105.5,,3770.9,852.3,58.1,344.5,35355.2,38.4,17.2,71.2,17.0,2468.2,161.2,60.6,,9150.8,89.6
38083,23249.1,0.9,12.8,207.7,98.8,202.3,46.2,4431.9,109.5,104.0,,549.7,79.3,413.1,2.0,61.3,1443.2,129.0,3077.5,52.3,7064.5,15236.1,24.6,,159.8,9.6,2.3,97.3,1357.2,1.2,151.7,157.8,8.6,360.0,64.4,53.6,,5209.4,11.2
38085,4475.9,911.8,40.3,181.3,1497.2,205.0,4.1,700.7,,51.7,,335.9,48.8,148.9,0.8,26.6,817.6,108.6,488.5,26.1,252.6,5488.6,63.0,,166.1,3.7,15.3,10.3,1016.6,1.4,1884.4,30.3,0.3,137.9,74.2,86.3,,1592.8,8.4
38087,6111.5,,46.7,187.5,1062.9,210.2,61.6,3177.0,,28.3,,478.5,43.7,91.6,0.9,26.1,1167.9,167.9,1725.5,3.3,566.2,16707.5,42.8,,109.7,0.6,2.5,84.7,572.3,1.6,804.5,454.8,1.2,147.7,86.0,134.9,,4279.2,44.2
38089,11237.2,,166.1,667.2,3208.3,317.3,65.3,6379.7,,72.6,4.6,1068.6,73.3,155.2,2.0,48.1,1806.4,416.1,3398.8,7.1,889.7,32386.7,100.4,,390.5,4.2,8.7,127.8,1065.4,5.6,450.9,894.3,4.5,252.4,306.1,269.8,,8547.0,83.2
38091,5574.9,25.5,1370.5,5316.4,5470.3,11284.1,21.8,5513.8,65.0,201.0,271.9,5834.1,248.7,963.0,12.0,86.5,907.2,2747.2,4558.7,52.7,12935.4,47636.0,560.4,3.7,1857.0,293.0,21.5,655.6,9218.8,14.5,27.1,308.5,5.5,2027.9,209.6,52.1,,14705.5,39.3
38093,49499.9,44.8,193.7,5099.9,1498.4,3544.9,59.5,10640.1,301.0,411.1,483.4,1487.3,683.5,920.6,32.8,153.1,5318.2,1846.9,8372.8,165.5,22787.2,50509.8,491.3,,2550.0,544.2,35.5,619.0,25455.7,17.8,280.5,372.6,134.0,1368.9,975.7,184.6,,26503.7,26.5
38095,8584.6,,93.8,638.0,25.5,2666.5,61.3,14339.6,55.3,85.4,276.5,556.5,172.8,508.5,18.0,73.2,580.1,852.4,3346.8,61.6,5502.6,19160.2,13.8,9.3,288.3,51.1,13.7,541.3,4724.9,2.1,56.0,468.9,9.4,596.2,114.0,166.3,,6324.0,21.2
38097,6454.2,46.7,3219.0,7796.1,12848.8,11662.1,47.8,6438.2,40.7,398.2,1645.0,8417.4,1081.9,1655.2,61.2,94.5,1322.9,4804.0,5558.5,92.7,10990.5,83877.1,632.5,3.4,4276.0,639.5,50.5,1383.4,11028.9,34.1,13.8,282.4,28.6,2101.1,12621.7,61.0,,17619.0,80.2
38099,9686.3,,194.8,1886.4,53.0,11860.3,16.0,17650.8,119.2,1136.6,11373.1,9521.7,1995.4,2720.8,607.9,91.8,587.0,3529.1,17710.5,429.8,21920.8,19692.4,38.7,8.7,2722.1,663.0,28.5,7761.5,20985.5,4.3,60.5,972.5,119.8,2909.4,32074.5,211.7,,15658.2,32.0
38101,38149.9,,61.1,975.8,1157.6,492.8,84.1,8741.6,30.3,90.5,9.3,1275.5,1866.9,716.1,15.4,82.2,6026.8,486.1,6243.1,637.6,11212.2,63000.8,36.8,,2.0,86.9,11.3,254.5,5175.9,2.8,76.6,177.9,4.2,997.3,152.4,57.3,,26473.7,45.2
38103,28781.6,7.5,92.6,1934.2,716.3,6702.5,75.5,9176.4,331.8,343.1,,1022.7,300.8,567.0,6.7,140.1,3090.1,2827.1,6744.1,176.3,23835.7,31019.7,359.4,,1332.1,80.9,17.0,808.5,7045.3,8.5,112.4,328.3,62.6,1778.3,466.4,133.9,,19260.1,23.3
38105,36554.1,,20.1,916.3,5200.6,553.7,8.0,8666.9,35.5,5.2,2048.3,1511.4,242.1,1510.1,9.2,29.3,7444.0,556.4,7710.3,41.7,891.4,43663.5,33.7,,429.3,209.8,3.7,1224.8,1205.3,0.9,125.5,208.5,5.8,255.1,2042.9,52.8,,23258.3,105.6
39001,1260.3,95.4,1616.8,449.2,7647.3,39.8,9.8,68.0,201.7,427.2,44.2,1657.4,81.7,84.5,10.0,13.1,185.3,568.8,912.1,1.8,46.8,13679.4,80.5,224.0,4188.5,88.9,1.7,1010.6,383.9,143.0,52.1,3.3,1.7,338.4,85.5,2.6,7.4,84.7,15.7
39003,5126.9,160.1,17236.7,1995.5,22219.8,403.0,62.8,93.1,201.6,247.5,49.4,1363.9,235.5,165.4,2.6,33.3,1937.9,4096.0,57.3,5.7,187.9,33978.2,70.9,32.4,8689.5,1529.8,94.5,164.2,1655.0,60.6,,20.8,25.3,349.0,48.9,9.5,6.1,310.4,31.2
39005,3844.0,417.2,6356.1,2903.9,17302.2,125.3,35.5,63.1,286.5,777.4,824.2,705.5,106.0,61.9,10.7,14.6,587.3,2002.1,226.6,5.0,3.1,16191.9,71.5,96.6,6760.6,372.9,26.2,572.5,446.6,130.5,7.4,20.2,22.9,43.7,167.2,6.8,22.6,67.3,20.0
39007,1393.1,259.4,2823.5,668.1,5828.0,342.9,22.4,25.2,533.4,469.7,74.9,781.1,69.5,97.8,6.0,11.3,222.0,547.0,100.6,2.8,3.4,14431.2,4.7,242.2,3696.6,264.1,7.1,779.6,1213.2,82.7,1.9,12.2,4.0,28.0,99.0,9.1,10.1,43.7,19.6
39009,93.8,54.9,547.6,258.8,1421.9,1.6,7.5,1.7,19.0,154.6,37.5,360.2,8.2,5.8,3.8,5.1,126.8,108.6,454.7,0.7,1.1,1370.8,4.9,89.3,710.8,52.6,2.8,250.0,138.1,44.9,3.8,2.6,1.2,72.9,19.2,1.1,2.0,4.1,4.8
39011,5611.9,183.0,19490.7,5384.4,32847.5,379.0,36.3,335.6,202.7,1240.8,8.6,1970.3,154.8,186.1,10.2,43.9,662.4,2541.2,150.8,5.3,202.3,45746.6,125.0,43.4,13570.2,898.4,57.9,491.4,939.9,130.1,,25.5,4.4,52.5,454.3,8.8,0.1,417.2,33.8
39013,329.3,214.1,530.4,28.6,868.6,10.1,5.3,0.6,180.7,403.5,48.9,361.6,0.1,8.9,5.0,6.6,70.0,72.6,159.0,2.5,1.0,386.7,9.7,136.6,299.2,24.1,3.0,274.7,226.9,130.9,9.7,1.8,0.1,217.1,8.5,0.2,123.9,0.8,13.0
39015,2606.3,119.7,2912.2,963.6,13737.1,118.2,16.9,78.9,177.8,454.5,98.3,2704.5,377.6,145.1,11.4,14.8,361.0,1365.6,411.6,2.5,192.7,53790.2,236.6,101.2,7654.4,280.1,3.1,1746.9,835.3,142.0,36.8,2.8,3.1,196.8,156.4,4.8,5.2,302.1,12.8
39017,1388.8,90.5,12174.0,3509.5,14021.8,142.5,9.0,72.5,137.1,541.1,127.0,2505.5,65.2,37.1,6.6,29.4,217.0,975.1,440.1,4.1,92.3,14393.7,49.6,347.5,1164.2,206.4,4.3,1973.0,677.0,121.3,,5.7,2.9,149.8,253.0,3.4,23.6,208.4,15.6
39019,738.0,337.2,3758.3,117.5,6056.3,5.7,34.4,4.5,233.2,860.2,43.0,1205.9,15.1,67.6,9.7,15.1,159.2,487.9,235.8,1.6,2.9,4700.3,21.6,193.9,2043.7,86.5,21.6,612.3,1575.1,197.8,3.3,7.2,0.6,335.4,49.0,1.8,42.4,13.4,22.2
39021,5243.0,160.5,21336.8,6101.1,36352.0,462.3,44.1,137.4,336.4,1275.5,34.3,2123.0,136.4,167.5,8.5,28.2,576.9,2649.5,110.6,21.4,179.5,41346.8,112.6,172.6,14847.8,788.2,64.9,447.6,992.6,174.2,,12.8,4.8,33.4,558.5,6.9,0.6,410.9,43.5
39023,4171.7,126.8,17036.9,4753.0,28811.4,314.3,34.0,101.0,228.6,1046.2,103.7,1663.5,109.0,132.6,8.1,19.5,453.5,2065.6,108.4,9.3,147.4,32679.8,89.8,70.5,11673.8,633.9,51.0,370.1,744.6,117.8,,6.7,3.9,28.7,413.6,5.4,0.5,332.1,31.6
39025,988.1,91.9,4553.7,1480.8,5478.2,110.7,5.8,24.9,94.9,198.7,160.9,985.6,78.6,15.6,3.4,14.8,90.0,577.1,141.9,3.6,106.4,15397.6,38.7,114.3,867.9,112.0,1.8,830.1,761.5,74.1,,3.4,1.2,172.1,105.0,1.3,21.9,171.3,7.3
39027,3144.1,118.7,21209.6,6173.0,24354.5,349.4,13.6,125.0,197.3,677.0,113.4,4057.0,219.6,60.4,4.6,31.1,367.2,2114.2,216.7,6.1,295.6,45160.2,121.1,171.5,2668.7,288.3,7.5,3422.3,2086.0,115.6,,9.7,5.0,479.7,437.5,6.3,8.8,547.4,25.8
39029,1203.6,398.2,2955.3,696.3,6121.4,226.7,24.2,47.8,336.8,496.3,186.6,1013.7,38.5,106.6,7.9,17.6,223.6,527.8,188.2,4.9,4.6,8680.6,3.3,465.2,3393.5,203.7,7.5,686.1,1248.9,122.4,2.7,15.2,4.3,35.0,104.7,9.4,14.5,28.2,29.6
39031,1745.1,369.0,8887.7,285.3,14213.3,16.8,82.1,10.6,293.9,1310.9,121.1,2411.0,49.3,151.1,13.8,22.8,365.7,1185.1,245.9,3.6,6.8,13924.5,35.6,234.4,4952.4,196.3,51.1,973.0,3750.4,220.3,6.4,10.2,1.5,351.5,116.3,3.6,81.5,41.2,29.2
39033,7541.3,393.1,14182.9,6475.0,38574.9,302.6,77.2,65.9,68.3,1705.4,49.8,915.5,306.6,157.8,3.6,14.5,1262.1,4713.7,42.6,1.3,0.7,45880.4,178.0,22.5,16068.7,949.9,58.4,1205.7,922.9,51.4,1.5,52.5,50.8,77.7,368.2,17.0,4.6,178.1,35.9
39035,9.3,2.9,2.9,2.3,11.0,3.9,0.4,0.3,15.7,1.5,18.1,12.6,0.4,0.2,,0.4,2.9,2.6,6.0,0.4,0.2,90.0,0.1,9.7,20.0,2.6,,2.3,6.6,1.7,0.1,,,2.5,0.3,,0.7,3.0,0.3
39037,8968.5,288.1,35581.7,9807.5,60097.6,626.8,67.0,331.8,384.9,2122.7,745.6,3427.2,257.6,294.9,19.5,53.0,1031.1,4392.3,182.4,12.3,340.8,73428.3,198.7,55.8,24443.2,1449.8,105.6,740.2,1565.0,194.8,,22.1,9.8,68.1,828.4,13.0,0.4,734.0,67.4
39039,4932.9,147.2,13630.3,1601.7,17549.4,448.1,49.2,76.1,161.1,209.3,597.4,1100.8,285.5,129.0,4.1,28.6,1680.3,3777.4,42.3,3.9,215.3,40819.1,88.2,14.8,8704.2,1930.7,74.6,160.3,1423.5,49.6,,16.5,20.4,422.2,18.3,9.6,8.0,295.7,23.5
39041,3449.5,53.7,5664.7,2146.7,15755.5,83.2,28.2,198.4,147.1,648.5,70.6,1717.5,214.4,99.4,8.0,27.7,278.6,1835.1,597.6,3.4,167.1,36980.9,67.1,28.8,7802.6,470.4,9.6,622.1,952.6,74.7,18.5,15.7,5.2,45.1,209.1,12.2,9.0,310.0,13.7
39043,2570.5,156.5,4492.6,2073.9,12245.6,124.8,26.4,23.4,230.9,573.4,516.1,464.2,119.3,46.4,2.0,9.5,410.2,1538.4,84.7,9.3,7.6,15969.1,61.5,48.1,5359.5,340.3,18.6,472.1,347.5,43.7,1.1,15.8,16.1,30.1,224.4,5.5,3.3,71.2,15.0
39045,3899.5,38.5,9699.4,3566.8,26922.2,133.1,48.5,209.4,437.3,1082.6,149.6,2948.2,154.4,128.9,12.9,33.3,443.8,2668.6,910.6,9.5,128.4,28510.4,66.5,46.3,13195.4,386.5,16.4,983.6,780.3,148.7,22.6,15.3,8.9,45.5,358.9,11.9,11.0,324.9,23.0
39047,5231.4,70.4,11976.4,4436.2,33220.7,158.3,58.4,190.3,205.6,1168.7,104.3,3474.2,281.9,136.8,13.1,30.7,530.4,3490.9,483.6,5.6,217.4,49861.5,97.9,20.1,16326.6,651.2,20.2,1018.4,1315.5,83.4,11.5,12.5,11.1,47.8,433.4,12.4,5.6,484.9,28.6
39049,1519.1,21.0,2964.3,1136.4,8230.7,61.0,16.6,76.8,175.3,358.7,194.7,916.8,84.8,43.5,5.0,15.1,142.6,909.4,350.5,4.5,73.2,14746.3,29.0,43.2,4132.7,193.1,5.3,309.8,404.7,55.7,9.3,6.7,2.9,25.3,127.4,4.6,4.5,141.8,8.5
39051,5995.6,127.5,23587.1,2695.9,30391.2,399.0,85.6,94.0,355.2,324.6,4574.4,1827.3,233.0,218.5,19.0,39.4,2512.9,5137.8,98.1,16.4,170.3,34961.2,69.2,30.8,11004.2,1810.6,129.2,242.5,2282.8,143.6,,16.2,38.4,344.5,32.2,10.1,2.7,414.3,45.5
39053,333.3,89.2,355.8,113.6,1757.6,12.3,2.3,11.9,163.8,210.8,196.0,493.2,10.6,23.9,4.6,6.2,48.5,131.3,648.8,2.9,10.8,2250.5,17.4,158.8,1028.9,21.7,0.5,331.3,162.6,90.2,55.5,1.5,0.4,234.7,27.2,0.3,7.9,14.0,9.3
39055,315.1,158.4,855.9,222.7,1845.0,74.0,8.7,19.3,159.2,154.2,169.6,337.8,6.6,27.3,2.9,8.4,79.7,168.2,79.9,4.4,3.5,1698.8,0.8,221.0,1000.2,57.5,2.3,199.5,383.7,56.3,1.7,2.7,1.3,13.0,33.8,1.5,9.1,10.8,12.7
39057,2313.7,90.1,21358.5,6125.9,24541.6,247.2,14.2,80.9,211.9,753.1,115.0,4171.0,111.5,61.8,6.4,32.2,351.0,1704.9,375.9,6.8,149.9,24894.9,81.5,296.7,2004.7,253.0,7.5,3316.2,1176.2,145.7,,5.7,5.0,251.1,441.3,3.9,15.8,363.4,26.2
39059,104.1,148.3,915.3,434.1,2388.7,3.9,12.6,2.8,36.9,381.6,40.9,677.0,9.2,9.7,8.8,8.7,225.2,178.2,1239.8,1.6,1.0,2133.4,10.9,239.0,1193.4,131.0,4.6,451.3,225.7,117.1,9.5,0.7,1.9,196.4,33.3,0.6,5.1,6.7,12.1
39061,204.2,22.6,1456.5,729.7,2276.1,34.0,6.1,12.9,118.7,109.3,295.9,482.9,10.6,5.0,3.2,17.7,30.8,139.9,103.9,6.4,23.5,2088.3,6.9,85.1,384.3,41.1,0.9,277.4,101.6,106.1,,4.8,0.4,24.7,56.9,0.6,7.1,29.9,5.0
39063,7537.7,323.9,22894.4,2679.4,29567.4,588.6,84.1,169.0,323.8,344.7,279.7,1931.3,357.7,235.1,6.6,66.5,2643.7,5649.4,111.0,14.0,295.6,50352.7,105.6,71.5,12508.4,2347.1,125.8,226.1,2375.3,134.2,,46.0,34.5,531.9,162.2,14.9,5.3,426.9,43.0
39065,6069.2,216.6,20690.8,5720.7,34828.1,447.1,38.3,323.5,203.0,1159.0,9.7,2003.7,182.9,193.7,5.9,41.8,687.5,2814.7,82.4,5.8,238.7,53408.3,140.5,21.4,14604.3,994.5,61.4,413.6,1071.7,94.8,,24.6,4.6,51.1,481.1,9.9,0.3,468.5,35.3
39067,533.1,257.1,1370.1,41.9,2190.8,2.1,12.6,1.6,165.1,541.9,8.5,569.0,1.0,22.2,6.4,7.1,126.0,168.4,181.6,0.6,0.3,945.9,12.7,146.8,710.2,34.0,7.9,358.3,567.4,150.5,14.4,0.6,0.2,259.8,17.9,0.3,185.0,0.8,15.5
39069,6999.9,283.7,22331.4,2574.3,28755.8,556.4,82.9,156.5,283.9,356.0,2254.5,1841.2,296.0,214.4,11.3,64.5,2519.4,5287.8,120.4,11.9,249.7,44021.8,91.5,28.1,11677.1,2124.4,122.2,226.8,2327.0,110.7,,39.7,34.5,467.1,30.1,13.4,2.0,465.2,57.1
39071,4350.9,133.7,4966.1,1516.7,23628.7,155.9,28.3,252.5,273.7,838.0,159.2,4632.2,413.8,244.9,20.5,39.6,594.8,1992.9,940.5,4.1,212.5,62441.8,305.7,230.1,13070.3,343.0,5.2,2874.6,566.0,259.1,42.0,15.0,5.2,377.8,265.5,11.7,6.0,367.4,24.9
39073,98.8,30.2,621.9,296.0,1618.3,2.3,8.5,1.9,48.0,107.2,70.1,379.6,12.2,6.6,3.0,4.3,128.5,127.1,246.5,1.4,4.8,1640.7,4.1,57.5,810.0,34.5,3.1,291.9,160.0,37.2,1.6,1.6,1.3,40.3,22.2,0.7,0.9,5.8,3.2
39075,2145.5,700.8,13251.9,415.9,21212.8,24.2,121.8,15.8,538.7,2244.4,251.4,3766.4,35.7,225.0,24.4,38.0,535.4,1687.1,512.7,6.4,13.6,12659.4,52.4,439.4,7111.8,227.6,76.2,1600.6,5545.6,427.9,7.4,14.4,2.3,697.2,173.6,5.6,94.5,45.2,53.2
39077,6532.5,388.2,10778.5,4999.1,29406.1,357.2,63.3,56.1,360.0,1372.0,299.6,900.0,292.0,136.1,4.8,20.7,996.0,3744.5,99.4,12.1,16.6,39743.3,153.7,133.4,12931.4,826.0,44.8,918.5,824.9,94.6,2.8,46.8,38.5,75.9,496.8,14.3,8.6,161.8,35.8
39079,351.8,39.7,426.5,115.2,2024.7,10.4,2.7,22.1,101.0,136.7,127.9,452.8,9.8,23.5,2.9,4.4,49.6,140.4,288.8,1.9,18.6,2221.8,16.4,70.1,1128.2,17.7,0.5,280.8,25.9,72.7,24.2,1.7,0.5,101.9,26.2,0.8,3.4,15.2,4.8
39081,149.2,211.4,626.2,21.8,1049.5,3.0,5.8,0.7,142.7,404.5,6.9,356.3,0.3,11.0,4.9,5.9,36.0,78.4,151.0,0.8,0.2,362.9,9.7,122.5,329.0,24.1,3.6,272.5,260.6,123.7,2.4,1.1,0.1,214.0,8.5,0.3,30.4,0.3,12.3
39083,3153.3,32.1,8336.4,3061.5,23132.9,112.7,40.7,124.5,360.1,1208.2,127.5,2682.6,129.4,95.8,16.2,25.8,384.2,2284.2,1888.7,7.5,105.9,23824.8,64.3,73.9,11330.9,340.9,14.1,1042.6,653.8,203.2,47.5,7.8,7.6,47.6,307.1,7.5,23.1,275.3,20.4
39085,45.7,22.1,82.7,40.2,238.6,29.2,2.3,2.7,151.9,23.3,93.7,112.9,0.6,2.7,0.5,2.3,10.6,34.7,28.7,4.1,2.0,377.6,0.1,52.8,161.7,10.4,0.4,103.3,74.0,19.1,0.3,1.6,0.2,3.7,6.2,0.2,1.5,3.9,2.8
39087,167.6,41.4,204.6,54.0,970.2,4.8,1.4,4.9,50.6,60.8,56.1,221.0,3.8,13.1,1.6,1.7,25.7,65.0,133.5,1.2,5.8,963.5,7.3,32.6,540.8,8.2,0.2,133.4,56.4,34.0,25.9,0.3,0.3,48.6,12.3,0.1,3.7,6.9,2.4
39089,3705.9,47.2,8091.4,3023.5,22513.3,124.8,42.9,148.7,1329.1,1135.1,494.3,2621.0,190.5,102.8,16.3,30.0,383.9,2366.9,1809.8,13.0,153.9,33736.9,75.2,89.8,11375.0,468.4,13.9,1101.4,939.0,229.5,54.0,10.7,9.5,96.1,310.5,9.3,26.3,419.6,20.7
39091,5171.8,169.6,17060.8,4731.9,28766.1,351.8,32.9,188.4,219.4,1113.7,52.1,1725.7,145.0,147.2,9.9,27.9,513.7,2279.6,143.9,6.2,192.7,42095.6,114.7,52.1,11993.6,828.3,50.8,462.3,860.7,125.6,,13.3,3.8,43.4,401.7,7.3,0.6,376.9,30.1
39093,4639.2,374.1,2969.0,1528.0,8248.2,332.1,23.2,28.4,600.8,406.9,946.8,429.2,221.1,64.8,5.7,21.0,384.7,1590.8,132.0,27.5,7.5,30416.2,111.9,235.7,6060.0,663.7,12.9,418.7,581.6,112.3,2.4,33.4,10.6,59.0,102.7,10.1,7.2,142.2,27.5
39095,2408.5,67.2,7844.7,1009.2,10422.1,199.8,34.4,41.4,460.0,179.9,450.7,737.5,105.1,74.8,2.1,21.8,875.1,1926.3,115.0,19.0,87.7,14848.4,30.4,191.1,4312.3,667.3,44.7,113.9,755.3,130.4,,14.3,11.5,158.2,39.2,4.1,1.9,169.3,27.3
39097,6290.9,83.3,14600.1,5441.8,40508.5,217.9,71.6,222.9,280.4,1436.7,159.1,4256.5,331.2,163.9,15.0,40.2,646.0,4250.1,630.3,9.5,256.2,59138.0,117.4,58.5,19948.2,765.7,25.0,1243.6,1587.2,117.5,15.3,15.7,13.1,57.1,553.8,14.7,7.4,577.5,34.8
39099,901.6,162.4,2064.5,559.8,4504.2,284.9,20.8,18.1,173.3,367.7,184.1,572.8,37.0,73.0,4.9,12.2,151.1,454.0,66.1,11.0,6.8,7760.8,2.8,248.0,2740.0,158.7,5.7,436.0,945.6,96.6,1.1,10.9,3.0,23.5,84.1,6.9,5.8,30.1,18.3
39101,5186.9,80.3,9154.1,3459.1,25395.7,135.1,44.4,265.8,171.2,885.1,57.0,2681.8,318.8,141.0,9.1,37.2,429.6,2908.8,343.8,5.1,245.4,55415.4,98.1,24.8,12580.6,697.4,15.5,851.3,1436.0,67.1,2.4,20.8,8.2,58.7,340.2,16.4,1.2,472.0,21.3
39103,1437.6,353.5,2335.7,599.9,4949.4,440.1,21.5,35.8,245.5,409.9,139.7,753.1,84.1,98.5,6.3,15.6,203.5,531.8,137.7,6.7,7.3,16864.1,5.4,377.9,3585.2,306.1,6.2,509.9,1093.8,110.0,1.5,17.8,3.3,38.3,88.1,12.7,7.9,56.0,23.9
39105,145.5,69.4,761.5,535.6,2703.0,78.4,10.5,2.4,231.8,206.4,1256.1,588.2,33.4,8.1,6.3,77.7,163.7,212.0,573.2,23.2,15.3,2018.1,6.7,137.6,1651.3,86.8,3.8,387.7,287.5,108.2,3.2,5.3,5.6,93.1,103.9,1.0,1.7,34.4,10.0
39107,6986.3,198.6,28456.1,7829.3,47946.1,485.3,52.9,396.7,300.6,1867.5,19.8,2884.1,168.7,256.1,16.7,54.4,906.5,3342.8,258.3,7.5,220.8,51856.4,148.1,68.5,19166.4,1051.0,84.5,733.9,1140.9,203.8,,28.7,6.4,71.4,662.2,9.9,0.2,530.8,49.5
39109,4757.4,154.8,18695.1,5163.2,31489.9,337.7,35.2,152.3,200.4,1092.4,290.5,1804.0,139.0,151.9,8.9,25.1,522.4,2329.2,88.4,6.7,179.0,39300.1,105.7,31.9,12873.4,762.7,55.6,375.3,835.7,99.0,,9.9,4.9,39.1,437.7,6.7,0.3,385.7,34.8
39111,52.5,102.7,414.4,196.6,1079.5,1.6,5.7,1.3,20.0,250.9,41.2,347.0,6.0,4.4,5.5,5.0,109.3,82.3,855.2,0.8,2.3,1139.4,7.1,169.6,540.4,88.6,2.1,268.8,106.1,75.6,5.7,0.5,0.9,136.0,14.9,0.5,3.0,4.4,7.9
39113,1258.7,44.7,10970.4,3184.5,12665.2,136.9,7.6,66.1,126.1,434.8,102.7,2209.4,66.2,31.5,4.5,23.6,191.0,910.7,291.9,3.8,91.5,14442.0,46.4,229.2,1109.0,163.5,3.9,1754.2,677.9,95.2,,5.5,2.6,149.0,229.3,3.1,6.1,201.9,14.0
39115,105.2,134.9,892.3,419.1,2314.6,2.3,12.3,2.8,30.9,351.7,65.5,661.7,7.0,9.5,8.1,7.8,204.9,170.5,1127.2,1.3,1.0,1837.8,9.9,218.1,1151.6,118.9,4.5,405.1,215.9,106.2,6.2,2.0,1.9,178.8,31.0,0.8,3.3,4.0,11.0
39117,3740.8,48.5,7632.4,2850.0,21233.4,119.5,37.7,217.4,224.2,884.9,110.3,2312.8,193.5,116.8,10.7,32.8,357.6,2263.5,851.2,4.9,153.5,34216.3,69.6,45.0,10453.4,447.7,13.0,778.7,907.4,104.2,11.7,16.9,7.0,48.2,286.3,12.6,5.7,326.7,18.5
39119,526.9,321.0,3082.5,1468.0,8013.0,8.0,42.3,9.5,131.2,883.7,134.0,2040.5,88.6,32.7,21.7,21.8,642.1,657.1,2619.6,4.5,6.8,9950.4,32.8,512.0,3996.9,329.5,15.5,1974.0,822.1,262.3,9.0,6.6,6.5,426.5,105.7,4.4,4.8,57.2,27.3
39121,30.5,88.8,387.5,178.8,996.5,,5.3,1.2,5.5,218.8,,315.5,,4.1,4.8,2.9,104.7,70.1,745.2,0.1,,731.4,5.7,142.9,490.8,73.7,1.9,177.8,90.2,65.4,5.9,,0.8,117.3,12.5,,3.1,,6.9
39123,3804.2,287.7,2876.1,1371.5,7854.3,174.3,18.1,21.4,275.3,408.7,5723.3,329.2,202.2,54.4,3.0,18.9,342.5,1412.5,67.4,25.4,14.6,26729.8,97.4,57.4,5818.7,851.9,12.0,356.1,405.8,59.6,0.2,23.8,11.6,51.3,119.3,7.9,0.7,199.8,48.2
39125,6071.0,287.3,14878.5,1763.9,19161.7,570.4,53.8,128.6,149.5,178.3,37.6,1142.7,359.2,146.6,1.8,51.3,1918.8,4368.4,30.3,4.4,284.7,50835.4,111.1,12.7,10277.4,2379.5,81.5,173.3,1621.2,39.8,,38.1,21.8,543.6,20.2,13.1,3.6,348.8,25.8
39127,524.5,79.6,4171.8,1977.4,10855.6,13.5,57.3,12.9,23.6,433.2,109.9,2287.8,69.9,44.2,14.8,21.8,818.2,838.7,595.9,3.9,1.4,9659.9,19.8,115.5,5400.1,125.6,21.0,1528.6,1056.9,85.3,2.6,8.5,8.6,105.6,146.9,3.9,1.4,38.5,12.6
39129,7030.4,81.0,15460.1,5732.6,42890.8,220.3,75.8,437.8,292.4,1517.9,121.3,4532.7,322.3,236.1,15.9,62.2,719.4,4430.3,651.1,9.1,251.0,58018.8,117.9,49.2,21072.1,754.4,26.3,1298.0,1556.7,119.9,17.0,34.1,13.9,73.6,576.7,24.6,8.3,583.9,36.1
39131,652.2,37.1,991.2,274.2,4696.0,25.7,6.7,29.8,123.0,198.0,226.4,946.0,38.0,50.2,5.2,6.7,106.5,343.0,239.3,2.7,42.1,6643.6,41.5,61.1,2611.7,42.9,1.1,533.6,66.8,75.1,19.8,1.9,1.2,89.2,58.6,1.0,2.8,45.3,6.1
39133,1065.8,209.7,2259.9,608.0,4907.0,339.9,22.6,21.7,202.9,401.7,296.7,659.8,49.2,78.7,5.8,13.9,173.3,502.8,99.2,11.4,7.5,10164.7,3.6,292.8,3137.9,218.6,6.2,468.1,1072.3,106.5,1.3,10.5,3.4,28.3,91.0,7.4,7.0,41.5,20.8
39135,2719.1,94.9,24166.1,6827.4,27672.3,286.0,12.9,143.7,194.5,856.1,36.0,4690.7,137.9,69.3,6.5,38.7,415.4,1971.2,462.1,5.8,183.4,30536.7,97.7,359.9,2258.6,305.4,8.4,3778.2,1434.0,131.4,,9.7,5.7,307.2,489.4,6.8,13.2,432.4,28.7
39137,8970.5,426.2,23023.4,2697.5,29686.0,722.0,83.5,215.6,492.2,488.9,10336.5,2214.8,473.1,248.3,36.5,112.7,2813.5,6171.7,142.8,10.7,367.2,63703.0,136.8,54.5,14963.9,3485.3,126.1,269.5,2369.3,186.3,,59.2,40.3,723.8,224.0,18.5,13.8,599.3,54.4
39139,3698.5,339.8,6629.9,3037.2,18055.0,143.4,37.3,53.0,235.3,807.2,771.3,624.4,119.9,57.7,7.8,13.4,604.1,2124.6,164.5,5.2,2.2,18109.0,76.1,86.1,7210.6,406.2,27.4,577.9,479.5,98.4,5.5,18.0,23.8,41.3,175.5,7.1,16.8,75.7,21.2
39141,4229.1,44.3,9273.8,3416.3,25724.6,122.0,44.7,300.3,204.0,1037.5,47.1,2792.6,176.9,157.8,11.9,41.3,456.7,2614.0,891.5,4.4,140.4,32088.9,70.5,33.7,12603.1,427.7,15.6,881.2,859.0,109.8,50.5,23.3,8.4,50.5,337.0,16.3,24.6,334.1,21.6
39143,6147.2,395.9,10158.3,4673.2,27663.6,289.8,62.7,56.4,589.2,1407.2,5506.3,938.7,267.5,110.7,5.2,39.6,928.7,3510.4,552.4,39.3,45.0,37794.6,146.0,98.9,12989.3,1022.3,42.0,942.0,763.2,128.1,1.3,38.6,37.4,81.3,334.8,13.4,4.0,257.7,59.3
39145,956.9,44.7,1329.0,381.5,6296.7,38.7,8.1,42.0,235.1,226.0,262.2,1271.5,69.8,66.7,5.7,8.6,146.1,489.4,250.5,6.4,46.6,11663.1,63.7,57.6,3530.0,78.7,1.5,757.4,131.9,144.2,21.2,2.8,1.6,93.7,78.5,1.6,3.0,82.8,6.6
39147,8748.7,480.8,12995.2,5953.4,35343.5,348.2,71.5,64.3,156.0,1589.7,8491.9,909.8,374.3,209.2,4.3,32.0,1215.5,4595.8,124.1,29.8,7.3,53027.3,201.8,29.4,16835.3,1552.0,53.5,1149.1,966.3,65.1,1.6,75.0,48.6,106.9,369.0,19.4,4.9,343.9,90.6
39149,5243.1,171.8,18618.7,5136.6,31373.6,355.2,34.4,246.8,183.3,1154.3,,1845.6,145.2,166.1,8.8,33.7,583.3,2409.4,126.8,4.6,189.2,42999.6,117.1,33.3,12923.0,837.2,55.2,445.1,885.3,114.4,,17.8,4.2,42.8,432.4,7.7,0.2,394.8,32.0
39151,1896.9,401.8,4615.7,1113.7,9633.5,436.2,37.0,46.3,293.4,764.0,136.9,1233.4,73.3,150.8,10.3,20.7,325.6,866.6,157.9,7.9,3.8,15366.9,5.7,459.1,5551.8,324.6,11.9,960.8,1948.6,152.5,2.5,16.3,6.5,39.7,167.0,11.9,13.4,52.1,35.1
39153,157.6,41.0,192.6,108.6,596.6,118.2,4.5,4.1,72.4,46.3,89.4,122.7,9.7,7.0,1.0,5.0,29.0,106.0,28.2,7.7,2.4,2020.1,0.7,107.5,525.3,36.2,0.9,50.1,167.2,40.9,0.5,1.7,0.3,6.5,16.4,0.9,2.8,12.6,5.9
39155,1405.1,205.8,2719.6,651.7,5630.5,378.9,20.9,18.8,97.6,444.4,77.7,634.1,77.3,87.3,5.4,9.1,217.3,547.6,57.1,2.5,1.1,15237.1,5.0,170.5,3732.1,283.1,6.9,549.5,1176.5,68.7,1.7,8.1,3.9,23.6,96.2,7.6,8.8,47.2,16.4
39157,1393.8,368.9,7767.5,235.3,12434.3,6.3,71.2,9.2,247.6,1228.9,95.3,2142.2,30.8,134.3,13.1,20.8,317.4,1002.7,250.9,1.4,8.1,9604.9,30.8,202.7,4208.6,149.8,44.7,892.1,3256.4,215.5,4.9,9.4,1.3,360.7,100.3,3.1,63.5,32.2,27.8
39159,5860.9,101.6,8261.5,3176.1,22934.0,133.9,40.2,332.3,197.0,929.1,42.3,2503.0,404.0,156.4,10.9,44.3,409.0,2881.1,827.0,4.4,311.6,69093.0,118.3,36.0,11444.5,863.8,14.0,958.7,1758.1,102.5,11.5,26.6,7.5,77.9,303.3,20.5,5.6,541.4,19.4
39161,6592.1,197.9,20870.0,2422.6,26863.5,554.9,75.1,106.0,198.9,243.7,5.3,1561.7,343.6,196.3,2.4,36.1,2436.8,5297.1,30.4,5.4,258.2,50034.0,106.2,8.2,11607.2,2291.0,114.2,218.3,2067.1,50.3,,23.4,30.6,505.9,27.6,12.7,1.2,394.7,34.2
39163,42.6,30.9,300.6,141.0,773.1,0.1,4.1,0.9,12.7,85.5,9.7,195.4,6.3,3.2,2.1,1.6,63.6,61.1,254.6,0.2,,818.7,2.9,48.5,387.9,32.5,1.5,159.2,76.6,22.8,1.1,0.7,0.7,41.5,9.7,0.3,0.6,4.4,2.6
39165,1112.0,81.9,6990.0,2094.3,8145.3,117.3,10.5,66.6,137.7,360.2,198.7,1504.7,73.8,22.1,6.6,23.2,138.5,694.2,304.7,4.6,104.5,14789.2,42.2,249.8,928.8,156.0,2.5,1234.8,679.3,118.9,,6.1,1.7,168.0,149.5,3.2,19.2,178.6,9.5
39167,396.2,122.3,2622.6,1320.4,7159.7,43.3,36.0,8.1,294.6,438.6,604.1,1665.7,37.1,27.8,13.0,47.3,540.5,545.0,1024.1,17.0,19.3,5909.0,15.6,214.1,3684.9,147.3,13.2,1041.6,697.1,169.7,6.4,8.1,5.9,165.9,127.9,2.7,3.5,50.4,14.9
39169,3863.8,822.8,10187.1,2381.6,21040.0,762.3,80.1,99.0,573.5,1688.8,3318.7,2494.8,134.0,320.6,30.4,41.2,685.9,1802.7,498.9,25.6,10.6,28317.8,10.8,894.5,12236.2,1201.1,25.7,2069.5,4746.1,300.2,5.1,28.8,19.3,76.0,358.0,22.7,26.9,88.3,71.1
39171,4830.7,152.9,13817.3,1604.8,17794.3,358.4,50.1,93.6,186.0,343.6,284.9,1307.4,222.5,132.3,5.1,36.8,1646.9,3472.8,100.9,4.1,166.6,32266.7,68.1,37.5,7600.4,1493.4,75.6,143.1,1361.0,78.0,,19.5,20.4,340.1,18.7,8.6,18.8,261.2,23.8
39173,8422.7,412.0,23779.9,2764.3,30620.6,640.5,87.2,206.1,410.3,444.5,6096.0,2007.4,420.9,239.8,21.5,97.2,2812.2,6040.7,107.1,9.6,315.0,57247.3,121.3,60.0,13854.0,2921.7,130.2,260.1,2361.5,148.5,,58.2,38.6,648.4,88.5,17.2,9.2,525.9,48.0
39175,6313.8,340.9,10983.1,5018.2,29868.1,271.0,59.7,51.9,51.0,1317.8,12.8,720.1,265.1,129.7,3.0,10.9,996.7,3741.9,50.9,0.5,,39184.0,151.2,16.1,12837.8,809.9,45.2,945.0,752.4,40.7,1.3,43.7,39.4,67.0,284.5,14.0,4.0,153.2,27.3
40001,11985.4,157.4,51.1,100.1,114.8,4.5,,,51.3,32.4,412.0,158.1,3.8,15.6,0.2,1.4,273.3,160.8,10.9,2.8,34.7,2190.1,8.0,45.3,70.4,1.9,1.0,19.4,205.7,22.8,234.4,0.4,1.0,8.3,,0.5,1516.3,132.0,5.6
40003,11079.7,1296.1,56.2,290.7,5530.0,4.0,2.1,17.7,2.2,371.0,44.5,5086.0,94.5,33.4,15.1,75.4,901.6,737.6,273.0,2.2,,2560.0,11.3,2603.5,1440.6,97.7,1.2,218.9,416.3,68.2,670.5,21.8,0.8,607.7,166.4,29.3,696.1,208.6,111.6
40005,9974.9,428.4,44.3,29.7,58.7,24.2,0.9,1.5,409.9,102.0,560.3,16.9,12.4,48.9,8.8,5.0,10.8,148.4,26.0,4.6,162.5,170.9,14.2,137.8,133.2,2.3,0.7,3.8,462.2,19.8,878.1,17.3,1.2,47.8,45.6,,1253.7,312.8,19.7
40007,5222.0,216.1,346.5,1100.6,3491.9,,21.7,86.5,,126.9,,722.6,18.7,136.5,2.3,37.9,2112.8,270.9,123.2,0.5,,8397.0,8.5,192.5,483.6,40.5,3.3,2977.6,123.9,11.2,234.5,5.5,2.6,120.8,976.1,2.6,1181.1,1262.0,35.7
40009,29140.5,354.5,39.7,81.3,405.2,44.1,6.4,104.0,57.9,156.5,444.8,4928.0,38.9,62.9,7.8,35.1,757.1,234.2,347.5,29.2,1787.0,9972.4,24.1,779.1,356.6,37.6,1.2,499.6,1167.9,14.9,163.0,20.7,1.2,223.3,51.8,0.3,1287.0,2150.7,182.5
40011,22052.8,351.7,33.9,112.4,432.9,22.5,2.4,141.1,8.6,137.9,176.2,13864.7,43.9,46.8,4.7,59.7,626.1,240.9,913.0,11.8,868.0,4647.7,19.1,1111.5,262.9,95.4,1.1,124.4,285.0,34.1,118.6,21.2,1.1,288.8,72.9,0.8,955.8,1426.1,196.9
40013,12598.6,464.5,355.8,168.2,214.2,36.1,7.1,10.5,709.1,79.5,368.1,61.0,14.2,126.3,3.1,4.8,123.8,1152.9,92.3,4.4,145.2,877.5,19.0,131.6,280.3,13.3,5.4,25.1,678.4,11.6,1045.1,22.5,9.9,35.8,331.5,0.5,1487.4,588.2,25.8
40015,19705.1,1158.4,123.6,357.2,379.0,271.1,4.1,150.6,3770.6,199.4,12181.8,676.1,113.7,27.2,35.8,77.1,240.3,726.2,1878.0,157.7,4937.3,6041.7,110.7,1370.7,2150.4,103.8,2.8,156.0,8046.1,26.9,575.0,766.1,2.8,516.9,71.6,3.6,1018.7,3832.1,210.4
40017,34864.0,1104.1,44.8,118.7,433.8,10.6,1.0,4.3,2235.2,303.3,80.2,16002.6,56.5,44.8,12.2,72.8,1284.6,221.8,2198.2,2.1,31.9,5533.8,42.4,2502.8,218.8,84.8,0.8,192.2,339.5,25.9,2440.6,15.2,0.8,443.4,37.1,2.8,1875.1,2100.9,250.1
40019,13493.6,479.3,29.9,15.7,39.5,12.8,0.6,1.0,266.6,92.4,175.7,21.9,6.4,58.8,1.7,2.9,20.2,97.8,37.4,2.5,72.2,242.9,9.4,153.7,64.5,2.1,0.5,10.7,238.2,4.9,1182.0,22.8,0.8,35.2,28.8,0.1,1678.8,376.4,33.4
40021,9841.5,127.8,,,,,,,111.2,14.5,27.7,33.9,0.5,,0.1,0.4,222.2,,2.3,1.0,4.8,1547.8,0.5,25.7,,,,16.7,,3.0,194.7,2.4,,1.1,,0.1,1252.9,1.8,2.8
40023,17964.2,335.7,185.8,330.3,1352.2,5.6,,,669.6,893.2,172.2,1294.4,8.9,147.6,,2.8,645.0,56.3,10.1,3.0,27.2,967.8,13.7,196.0,220.3,2.3,10.2,31.9,409.0,29.6,581.7,3.6,10.2,153.8,232.9,0.8,4866.7,275.3,5.8
40025,8198.8,202.9,1582.6,3607.4,13709.5,,99.4,124.8,,168.2,,874.9,54.0,157.4,16.7,46.6,2684.0,811.6,269.5,4.7,23.2,15767.2,22.9,200.7,1580.3,82.7,15.2,4264.1,562.8,23.3,258.9,5.5,11.8,112.0,3675.7,3.0,1234.5,1908.9,73.8
40027,8682.4,270.8,80.2,94.6,400.1,2.9,1.8,3.2,496.3,72.8,16.5,510.9,11.6,25.4,2.9,9.9,414.7,312.9,77.8,0.9,0.8,966.2,8.0,403.2,83.6,8.1,1.4,74.3,86.0,6.6,846.3,1.9,1.4,94.0,34.3,0.1,649.5,514.6,51.1
40029,7977.2,236.8,5.7,7.0,10.4,0.2,0.1,0.4,95.8,25.5,24.4,8.3,2.2,32.4,1.0,1.1,24.8,19.3,15.8,0.6,2.4,246.8,1.7,48.6,14.0,2.4,0.1,22.6,102.4,2.1,704.4,9.8,0.2,7.6,6.1,,1002.1,239.9,15.9
40031,15824.2,284.6,125.1,120.2,342.7,9.2,4.2,124.5,1210.0,148.3,128.3,303.7,25.8,27.0,5.1,34.7,107.2,630.2,747.1,2.8,43.9,3310.4,22.9,859.0,233.2,28.1,2.9,114.3,149.7,23.1,475.7,14.7,2.9,234.1,72.5,1.4,843.4,1560.9,104.0
40033,9639.3,114.8,39.5,77.6,114.4,9.2,1.3,28.3,685.5,46.9,324.6,333.6,9.7,9.2,2.4,30.9,102.3,214.9,1024.8,4.7,130.3,2618.9,8.3,493.9,216.8,31.8,0.9,58.3,292.5,5.1,282.5,32.2,0.9,56.0,22.9,2.0,497.1,802.9,103.5
40035,18067.9,473.3,222.9,2358.0,5364.7,48.9,,3.6,555.6,238.8,0.2,771.9,61.3,43.6,1.6,9.0,841.8,1155.6,39.3,4.1,0.1,5877.1,73.0,298.0,1805.1,32.1,9.8,49.0,1150.6,24.9,1214.0,8.7,9.8,,,2.6,4026.8,682.0,35.3
40037,21687.9,360.0,37.8,61.6,231.3,3.4,0.8,1.3,709.4,30.5,37.4,209.8,6.6,39.8,1.3,4.7,1023.9,160.3,29.0,4.5,8.2,1376.8,5.7,251.9,64.9,4.8,0.7,1.5,41.5,4.0,2197.0,14.5,0.7,49.3,21.1,0.1,1685.3,194.6,28.8
40039,30675.7,461.6,56.1,171.3,697.8,12.4,4.6,210.4,98.2,176.5,184.7,12371.3,55.0,65.8,7.8,63.7,818.7,390.4,823.6,5.6,355.7,6634.0,11.9,1459.5,304.3,90.9,1.8,221.3,332.3,31.2,165.9,15.8,1.8,407.1,115.0,0.7,1341.8,1827.6,200.1
40041,6656.8,175.9,44.9,392.6,1104.9,6.8,,0.7,56.2,28.8,,181.4,8.4,8.8,0.2,1.8,302.1,235.2,10.9,0.4,,1045.6,10.7,38.3,357.7,4.4,2.0,8.7,179.2,4.7,452.2,1.0,2.0,,,0.7,1499.9,94.9,6.5
40043,36666.0,196.2,60.2,89.1,535.5,4.6,4.1,38.7,,61.3,,7530.4,9.3,79.9,1.5,28.5,896.9,320.1,502.7,0.2,,5733.0,2.2,409.3,74.6,49.2,1.9,227.8,70.0,6.7,203.9,7.7,1.9,69.1,54.1,0.4,1633.6,416.5,110.4
40045,2490.8,190.6,138.8,256.4,1115.2,,9.0,59.0,,100.6,,542.6,16.5,107.7,1.5,30.4,1458.5,52.8,79.0,0.5,,2514.8,5.9,121.2,148.8,23.2,1.3,405.8,87.4,8.1,145.0,2.9,1.0,106.6,288.5,1.4,946.0,510.9,17.1
40047,15625.3,634.0,173.8,651.3,10366.2,9.0,6.4,20.6,371.8,141.0,,8269.7,39.3,55.1,6.3,116.5,1281.4,1484.9,413.3,1.3,,4196.6,20.0,1373.4,2724.8,129.7,3.7,400.4,451.9,27.1,903.0,40.8,2.6,191.8,341.1,54.1,937.3,348.7,197.2
40049,15215.2,1775.3,286.8,165.9,222.9,29.7,5.7,9.0,3883.0,1738.0,566.3,242.2,80.2,120.7,16.0,44.6,265.8,932.5,149.0,4.1,121.3,2132.6,99.7,2309.3,301.9,60.7,4.3,68.9,964.0,59.5,1275.2,28.4,8.0,565.4,270.0,0.5,1807.4,2896.9,201.3
40051,45898.1,2132.1,807.2,911.3,3790.2,80.4,17.7,23.7,3911.8,542.4,345.5,6460.8,107.6,188.6,22.3,86.6,2147.2,3115.0,931.8,10.2,182.5,4482.6,79.2,3611.8,673.4,75.5,14.5,41.1,538.3,67.4,4194.8,13.1,14.5,863.6,332.7,1.7,3223.5,3263.8,417.1
40053,13804.6,735.7,120.0,1039.4,15127.0,43.0,4.4,23.8,,188.9,,8541.9,88.8,44.0,8.2,124.2,1392.3,1979.5,426.9,0.9,,5887.1,59.3,1685.2,4091.4,163.5,2.5,499.4,1012.3,34.1,769.9,41.0,1.8,275.2,441.1,55.3,795.9,647.2,201.0
40055,10156.5,279.9,,32.9,5.4,26.4,,90.6,781.1,140.5,1148.3,356.9,26.8,1.6,4.1,38.6,77.3,13.8,983.6,16.4,492.1,3118.5,24.4,808.6,260.5,33.5,,158.3,816.4,15.6,296.0,85.1,,196.0,,1.9,526.3,1887.2,122.2
40057,9395.4,252.4,66.6,82.7,185.5,39.0,2.2,72.9,795.4,381.1,1531.8,323.7,26.8,14.5,7.4,42.9,146.5,343.3,549.0,26.0,658.0,7516.6,21.9,580.4,535.8,18.8,1.5,757.6,1265.3,11.2,276.0,104.8,1.5,140.1,38.6,1.0,491.5,6562.4,115.4
40059,1909.5,215.6,104.4,192.6,838.0,,6.5,64.6,,102.2,,571.8,18.6,87.6,1.0,30.7,1177.0,39.5,67.7,0.2,,2155.2,6.1,94.0,78.1,20.1,1.0,316.0,43.5,8.7,118.1,2.1,0.8,120.7,216.6,1.0,770.5,430.5,11.6
40061,18598.2,243.1,29.7,73.3,90.2,3.4,,,207.3,86.3,23.6,102.7,4.7,9.0,0.6,2.2,421.6,98.8,8.9,0.5,6.0,3127.6,8.0,96.1,57.7,1.4,0.6,14.0,165.1,6.0,365.3,0.3,0.6,1.4,,0.3,2363.1,93.2,11.7
40063,26613.3,386.0,45.0,120.5,144.6,32.2,1.2,5.5,450.5,70.6,413.7,264.6,12.0,13.7,2.4,4.1,601.8,151.6,28.3,9.5,98.2,4838.4,14.8,122.7,108.3,2.5,0.9,225.7,484.6,60.2,522.4,5.2,0.9,23.4,,0.9,3369.2,260.5,13.6
40065,10919.6,233.4,146.3,219.0,414.7,29.9,4.9,129.4,1889.5,1322.3,952.4,1173.1,42.3,30.1,23.2,149.0,437.4,772.9,2126.6,33.9,407.3,25622.7,20.7,1513.2,1351.4,57.5,3.3,2861.9,1607.8,15.1,286.6,85.6,3.3,155.4,84.8,4.0,505.6,23412.7,408.9
40067,16201.5,434.0,,4.8,50.0,,,0.6,281.6,75.3,2534.5,39.1,38.9,59.9,74.5,23.3,28.7,2.0,126.7,10.3,258.0,752.7,0.7,128.3,13.4,0.8,,46.0,786.1,150.8,1358.0,18.3,,65.8,1.8,0.2,1929.4,1083.5,29.4
40069,10913.9,413.5,39.8,31.2,66.1,24.3,0.8,1.4,406.6,41.8,300.6,12.7,6.9,51.5,1.0,1.6,15.6,135.2,21.2,3.6,136.9,158.1,11.8,77.2,141.5,1.2,0.6,4.4,408.5,3.1,959.9,19.1,1.1,24.3,42.6,0.1,1369.5,212.5,16.6
40071,12599.5,564.6,524.9,1891.9,16309.4,71.9,19.2,40.3,1461.1,162.4,86.7,5533.1,108.3,84.4,7.9,88.0,1663.1,2729.8,315.8,3.9,,6052.8,112.3,1157.4,4535.7,157.6,11.0,534.6,1692.3,38.9,726.6,28.3,7.8,187.6,643.6,36.3,755.4,1111.1,184.2
40073,34900.8,720.1,104.4,148.0,640.4,3.8,2.3,3.4,1258.8,152.8,8.2,19092.6,30.3,50.8,6.4,61.4,1177.1,426.1,2592.8,0.5,1.3,2987.4,21.8,1879.8,132.2,78.1,1.9,1.7,59.3,15.8,2247.1,16.2,1.9,250.0,51.9,3.4,1724.3,963.4,160.6
40075,17288.7,455.4,85.0,202.3,254.3,26.3,2.8,197.2,2626.5,341.9,937.5,1031.1,46.9,19.2,9.1,106.4,188.6,483.0,2902.5,15.7,402.7,7594.9,40.6,2005.8,686.4,88.0,1.9,436.6,780.9,34.3,485.0,89.4,1.9,383.0,49.3,5.6,856.5,4554.7,336.7
40077,9292.4,189.2,,7.6,,1.2,,,77.5,680.2,0.9,6.0,2.5,35.0,,1.4,333.7,,,,,224.9,4.7,7.3,5.4,0.5,,20.0,73.6,4.7,301.7,,,,,,2541.2,41.0,1.8
40079,15724.0,373.0,187.2,478.6,1345.4,28.9,,,464.3,1789.9,184.0,1084.7,21.8,139.7,,5.4,563.7,54.9,8.1,0.5,6.5,2277.9,52.5,83.0,495.1,12.0,10.2,96.5,1872.0,110.6,503.7,0.9,10.2,36.8,233.3,1.7,4241.6,1014.5,4.7
40081,27900.9,469.5,94.6,136.5,554.5,11.3,2.1,3.1,889.8,40.7,85.8,306.3,9.4,58.2,1.6,6.8,1325.6,388.9,44.9,7.1,33.7,1692.8,7.7,300.1,131.6,5.9,1.7,1.8,96.8,9.4,2820.4,16.1,1.7,63.9,48.1,0.1,2163.0,292.0,36.3
40083,23968.0,414.3,54.1,85.6,348.3,2.0,1.2,1.9,597.4,54.9,60.0,5003.8,11.6,40.8,2.3,18.4,1018.3,227.5,681.7,1.3,4.3,1682.9,9.3,597.0,85.1,23.4,1.0,2.2,49.3,7.4,2096.5,4.7,1.0,88.8,29.4,0.9,1611.0,367.8,53.0
40085,7124.1,344.3,17.5,25.6,100.2,34.0,0.4,1.2,453.5,60.2,700.5,21.4,14.3,30.6,9.1,4.6,34.6,64.0,37.1,6.2,227.0,658.9,16.9,104.2,181.3,2.8,0.3,35.7,772.0,19.1,608.5,25.8,0.5,38.5,22.7,0.1,858.4,495.1,21.5
40087,21463.8,783.3,179.1,244.0,933.4,38.5,3.9,5.9,1451.5,166.5,288.8,1028.6,40.5,60.1,6.8,24.4,1141.1,710.5,157.5,4.9,110.4,6679.7,43.2,1102.9,286.0,35.0,3.2,37.5,477.2,19.1,2107.2,7.2,3.2,264.1,81.2,0.4,1618.5,1335.0,124.2
40089,14870.7,285.9,389.4,721.6,2926.2,11.5,0.8,13.4,1030.7,840.9,55.8,2434.7,10.1,224.0,0.5,5.0,536.3,128.1,40.6,1.9,7.1,1966.0,24.1,188.9,507.4,4.8,21.3,120.3,1032.7,26.1,477.6,3.9,21.3,41.2,495.5,3.8,3989.0,600.0,10.3
40091,17300.5,356.6,26.0,74.3,109.0,91.3,,,558.1,67.6,436.7,162.0,21.1,7.9,0.5,2.3,391.3,93.5,10.2,9.3,64.7,3006.2,17.1,113.8,91.1,1.1,0.5,99.1,428.8,39.8,341.7,9.5,0.5,15.4,,0.4,2193.2,129.5,11.6
40093,17444.6,906.4,240.2,448.1,3011.6,8.0,8.8,16.1,8.3,174.5,56.5,2501.3,46.0,73.3,7.1,36.3,1537.4,712.1,135.8,1.1,68.6,1369.7,17.7,1211.3,788.5,55.1,5.0,177.1,248.5,39.3,1172.3,12.0,3.6,286.7,179.6,14.9,1221.4,135.7,59.5
40095,6029.1,241.5,39.1,38.4,89.6,16.2,0.8,1.5,469.1,43.9,184.6,21.5,5.2,30.9,0.6,2.1,15.0,136.2,31.7,2.2,88.2,155.4,8.7,68.4,131.5,1.9,0.6,3.6,272.0,2.3,497.0,10.3,1.1,20.9,44.9,0.1,710.2,135.7,10.5
40097,7887.3,202.5,175.9,1548.7,4326.4,27.0,,3.2,273.2,221.1,3.6,685.1,36.7,34.4,1.5,8.4,384.0,920.6,41.8,2.1,2.5,3248.4,44.1,265.0,1403.2,19.4,7.8,28.6,722.4,21.2,516.5,4.7,7.8,0.2,,2.6,1713.1,377.5,28.6
40099,7579.8,385.5,39.8,30.6,64.6,1.5,0.8,1.4,600.5,236.9,25.7,32.2,8.9,38.2,2.4,6.3,12.8,134.9,26.5,0.4,2.2,123.6,11.4,299.5,54.7,5.3,0.6,3.6,18.4,8.7,660.0,6.4,1.1,76.0,42.4,0.1,941.6,343.0,32.4
40101,22179.7,306.5,625.6,1192.4,1506.6,42.9,,,865.8,218.9,479.3,1289.8,30.6,190.5,1.1,8.1,537.6,1990.7,39.8,8.7,93.4,6988.8,74.6,236.0,934.8,17.8,12.8,111.9,2061.6,187.2,426.6,5.7,12.8,22.2,,2.8,2746.0,1181.3,47.3
40103,14264.6,576.6,87.0,533.5,4407.9,30.1,3.2,10.6,517.2,104.7,,3149.1,56.5,47.1,4.5,45.6,1422.3,660.3,164.2,0.9,,2674.7,41.5,823.1,1275.4,76.0,1.8,119.3,656.0,20.0,921.8,15.6,1.3,156.2,150.7,20.1,961.2,401.4,78.8
40105,13808.2,366.5,63.3,404.9,1299.2,5.9,,0.9,188.9,108.9,,302.3,10.0,12.4,0.8,3.1,619.8,307.6,17.2,1.3,,1357.5,11.7,133.9,372.6,5.5,2.8,7.8,161.4,6.8,943.9,3.0,2.8,,,1.0,3130.8,82.3,11.2
40107,19590.5,320.9,118.9,151.8,613.0,36.7,2.6,3.7,636.0,10.5,252.7,223.1,5.4,48.8,0.3,2.7,936.6,473.0,31.3,9.8,115.6,1303.3,6.5,113.1,159.1,2.8,2.1,2.6,227.2,9.0,1978.3,18.7,2.1,15.8,54.5,0.1,1516.5,158.6,13.4
40109,9664.4,496.7,205.9,238.6,965.7,20.1,4.5,6.5,1167.2,137.1,259.8,1222.2,27.3,45.4,5.6,20.4,491.1,796.3,179.2,3.0,44.2,2485.1,23.3,936.0,198.2,21.2,3.7,53.4,216.3,15.5,892.4,5.1,3.7,205.9,85.5,0.4,685.3,918.4,103.0
40111,20938.4,320.9,61.6,158.9,237.7,37.9,,,1641.9,83.4,279.3,457.7,12.3,18.8,0.5,3.1,473.3,216.9,20.5,13.4,62.3,4111.1,14.3,201.8,138.7,2.0,1.3,25.3,376.9,40.1,420.4,29.0,1.3,14.8,,0.8,2637.7,166.1,23.7
40113,64434.9,1719.0,71.3,1156.2,1568.9,30.6,,1.6,427.4,219.4,25.6,858.3,40.7,13.9,1.5,9.6,2840.3,356.2,79.1,4.0,6.5,6287.7,43.8,298.8,593.6,21.5,3.1,31.4,628.8,14.3,4426.3,7.6,3.1,1.5,,4.7,14681.4,430.1,20.6
40115,5951.2,146.6,283.3,3489.3,6258.8,82.7,,2.4,1231.7,61.1,,1385.4,92.8,55.4,0.4,9.6,314.9,1417.2,82.0,9.0,,8695.2,114.0,163.3,2161.5,47.7,12.5,83.4,1715.9,22.8,362.1,19.6,12.5,,,5.9,1201.2,1155.0,42.7
40117,12346.0,328.6,9.9,566.0,459.6,17.1,,1.3,107.2,170.9,19.0,380.6,24.3,1.9,1.2,6.0,551.2,71.7,41.9,1.5,4.8,2321.0,23.8,211.6,255.8,13.0,0.4,17.8,363.1,8.8,842.6,2.2,0.4,1.1,,2.3,2794.7,240.1,9.3
40119,23809.0,451.5,24.0,102.7,356.8,5.3,0.5,1.7,1038.9,53.4,117.2,1086.8,12.0,40.1,2.2,10.1,1116.1,152.4,151.7,2.3,21.7,1964.1,10.8,422.6,156.2,12.0,0.4,5.0,77.0,5.4,2342.5,4.3,0.4,87.8,32.7,0.2,1800.2,377.8,42.8
40121,32722.1,455.8,53.0,80.6,120.1,21.4,,,121.2,48.6,43.9,114.3,5.9,16.1,0.3,1.3,743.2,166.8,3.2,1.3,3.6,5158.2,5.8,55.2,54.4,0.4,1.1,49.6,122.9,5.0,644.8,2.4,1.1,0.9,,0.2,4167.0,35.7,8.2
40123,10489.0,382.4,57.6,42.1,88.6,2.1,1.2,2.0,721.7,122.6,64.3,22.6,5.1,54.0,1.5,3.4,22.9,194.0,26.9,0.8,2.2,168.3,6.4,205.3,72.8,3.9,0.9,7.8,32.2,5.4,929.7,14.4,1.6,39.3,60.2,0.1,1320.5,337.1,31.3
40125,19749.5,482.7,186.1,248.6,975.3,48.4,4.1,6.3,975.9,69.6,274.7,694.4,18.6,58.8,2.7,10.8,1006.0,742.8,101.0,9.7,149.9,4142.7,22.9,426.3,282.9,16.3,3.3,50.3,427.6,11.6,1955.7,16.9,3.3,97.7,86.1,0.3,1499.6,699.7,54.5
40127,10756.2,223.6,,,,,,,100.8,871.6,2.3,10.7,2.3,40.5,,1.8,386.3,,0.1,,,177.7,3.8,9.3,,,,27.2,,6.1,349.3,,,,,,2942.0,0.9,2.3
40129,55460.1,375.9,,20.6,53.7,,0.5,102.7,0.4,67.6,,2177.2,25.3,120.3,3.9,18.5,1273.0,22.3,147.0,0.3,,8300.9,1.5,589.7,68.4,19.3,,274.4,112.1,14.9,308.8,2.2,,201.1,15.6,0.1,2488.5,909.6,46.9
40131,10236.5,271.0,37.3,533.0,967.9,12.6,,0.8,1700.4,60.3,3.0,491.3,15.7,7.3,0.4,3.3,459.3,199.9,26.5,12.5,2.1,2174.4,17.9,156.1,356.1,8.2,1.6,13.9,282.3,5.3,695.7,24.5,1.6,0.1,,1.6,2307.6,176.4,17.3
40133,16366.0,287.4,63.7,89.1,350.3,30.0,1.4,2.1,450.9,13.0,153.2,199.0,5.1,35.4,0.5,2.6,775.6,259.7,27.9,6.0,94.5,947.1,5.8,106.4,111.8,3.1,1.1,1.2,175.6,5.0,1652.0,12.5,1.1,22.2,31.5,0.1,1267.9,153.5,13.2
40135,12296.7,169.2,438.5,777.3,1013.0,23.8,,,240.9,128.2,99.5,869.7,16.3,133.6,0.6,4.6,304.1,1385.3,26.1,0.1,,3889.2,42.3,107.1,515.1,9.9,9.0,82.4,1157.1,19.9,234.3,0.9,9.0,,,1.9,1514.7,637.0,28.9
40137,13870.5,663.3,43.1,75.6,277.4,22.5,0.9,3.2,1406.8,318.0,258.8,71.6,16.3,60.6,2.9,10.3,49.9,165.3,65.5,3.3,124.0,1175.5,23.5,396.0,254.4,6.8,0.7,85.7,618.2,9.8,1150.0,13.0,1.2,107.5,62.9,0.2,1639.2,711.3,40.0
40139,10282.0,576.1,6062.3,8182.5,44314.5,,380.1,240.1,0.6,459.0,2.1,2221.3,168.4,173.6,59.0,123.5,4078.0,1420.0,903.6,16.3,78.9,32782.8,70.0,437.4,3025.3,256.0,58.1,8736.4,1391.6,82.5,270.7,11.4,45.1,321.6,10977.2,7.0,896.4,3955.1,182.3
40141,11415.3,786.1,400.8,471.5,1112.2,47.8,13.3,457.5,4860.4,1251.3,1179.1,1204.2,109.5,79.9,31.9,157.9,490.9,2055.6,2022.6,32.5,476.5,20707.1,85.6,2995.9,1552.6,86.4,9.2,2075.6,1635.1,78.8,305.9,130.9,9.2,819.4,232.4,3.7,528.6,18850.4,449.8
40143,3744.1,98.0,39.2,599.4,822.6,15.8,,0.6,2039.6,84.0,10.8,386.4,19.7,7.7,0.5,2.2,173.5,192.2,10.9,15.3,7.6,2183.3,22.1,179.0,304.1,10.3,1.7,17.3,316.0,6.5,250.7,28.8,1.7,0.5,,0.7,831.6,221.5,18.4
40145,7122.1,179.3,329.1,4898.7,6183.5,132.3,2.1,11.1,655.3,190.0,30.3,1094.0,150.7,64.3,1.3,9.2,374.4,1546.1,54.3,5.8,26.2,13378.2,177.6,206.6,2235.4,77.4,14.5,171.0,2541.5,25.8,447.0,9.7,14.5,1.3,,3.9,1482.6,1877.0,43.7
40147,9302.6,246.7,29.2,1190.4,855.7,36.5,,1.1,1552.9,100.0,0.8,546.7,43.4,5.7,0.7,4.5,413.1,165.6,36.9,11.3,0.2,4298.9,47.1,201.2,463.2,22.5,1.3,40.6,707.9,5.8,629.9,22.6,1.3,,,2.3,2089.2,509.5,17.6
40149,21346.7,544.5,33.4,163.4,559.5,106.6,7.6,275.7,4.6,338.4,166.5,17243.8,75.9,43.7,15.1,97.5,701.1,295.6,1153.8,16.4,1033.4,12867.3,20.7,2016.8,612.8,121.5,1.0,794.3,1704.2,39.2,122.8,24.3,1.0,532.6,112.7,0.9,892.0,3692.1,399.3
40151,38499.9,1387.7,,68.3,1844.4,1.0,,8.5,,194.4,0.9,3647.8,46.4,107.8,8.3,52.3,3260.5,217.5,199.4,0.5,,1833.8,3.1,1399.4,511.4,61.6,,253.3,285.0,32.8,2615.1,16.4,,300.8,47.4,22.0,2724.7,226.1,91.1
40153,39135.0,1007.6,47.6,96.8,637.0,1.3,1.7,3.4,73.7,41.8,84.4,1323.0,11.4,117.2,1.7,17.7,3391.0,145.3,65.2,0.1,0.2,828.4,4.2,348.5,162.9,22.9,1.0,190.6,60.5,9.1,2720.8,6.2,0.7,67.7,36.4,8.4,2835.2,25.1,27.6
41001,40631.3,478.3,,193.9,34.0,0.1,,154.0,2.3,22.0,544.7,126.2,12.7,71.5,71.5,0.5,13070.2,0.2,272.9,7.2,226.1,8657.8,11.5,286.2,576.8,458.0,1.2,125.5,646.2,59.1,495.6,41.4,5.9,13.6,33.3,14.0,21.1,103.2,0.3
41003,6374.6,,45.0,399.8,3436.5,931.8,32.8,175.2,2845.7,0.2,532.3,1063.9,20.0,13.7,83.3,7.1,363.1,311.0,86.4,50.4,368.1,1121.3,4.2,28.4,1858.8,722.2,21.1,313.4,1329.7,39.6,1.9,108.1,3.6,25.3,485.9,8.9,800.5,214.7,57.7
41005,8788.9,,8.3,271.6,1363.5,139.0,7.5,59.0,629.7,,3195.7,706.7,17.3,9.5,17.9,1.8,517.0,57.1,81.3,154.5,175.5,2004.2,1.2,168.9,353.5,316.4,13.7,1603.1,570.8,8.4,1.5,53.6,2.6,24.1,129.3,3.3,2707.5,51.2,11.9
41007,1062.6,,,,0.9,0.1,,,1.2,,,4.1,0.1,0.7,0.3,,67.4,0.1,2.2,,,15.2,0.1,0.2,0.6,7.7,,4.1,43.0,,0.1,,,,0.2,,419.3,,
41009,1661.2,,0.1,261.4,971.3,1.1,0.1,6.5,12.3,,32.2,126.9,0.3,1.5,1.0,,104.4,0.8,16.9,1.6,0.9,102.0,0.2,24.9,34.8,33.7,13.0,31.1,63.3,0.1,0.2,3.5,2.6,0.2,54.0,0.4,586.8,0.2,0.1
41011,54.8,,0.1,28.7,76.0,1.8,0.1,4.1,36.9,,21.3,42.3,0.2,1.6,0.5,0.2,138.9,0.8,6.7,0.1,1.1,89.9,0.1,3.7,6.1,16.6,0.6,9.2,93.1,0.2,24.7,0.2,0.1,0.3,6.9,0.2,12.0,1.1,0.2
41013,455.9,387.6,,14.0,,4.4,,373.1,,669.4,217.0,303.8,37.1,159.5,38.8,31.2,2645.6,23.7,203.3,0.7,153.5,3819.9,8.4,309.8,88.2,995.8,,411.2,2170.5,35.5,310.2,15.2,1.0,30.2,216.0,4.4,40.0,204.6,26.1
41015,19.5,,,,,0.2,,0.1,0.9,,3.3,24.2,0.1,0.9,0.2,,82.3,,6.2,,,53.2,,0.8,0.3,10.9,,10.0,54.4,,14.7,,,0.1,,,7.1,0.1,
41017,148.9,154.5,0.2,6.7,6.7,1.3,0.2,138.8,11.5,303.4,69.4,84.5,6.3,18.4,17.6,9.2,234.4,2.9,92.4,0.2,59.2,374.9,3.7,100.6,23.0,427.4,,184.0,314.4,13.9,27.1,4.0,0.5,6.1,30.1,1.2,3.5,38.9,3.4
41019,258.7,55.4,1.0,2.8,278.0,11.3,0.7,21.1,320.5,,144.9,562.0,1.0,6.6,4.6,0.4,454.2,6.6,60.5,2.0,10.1,1002.5,0.8,37.7,33.4,174.2,0.1,104.4,360.4,0.9,79.1,7.7,,1.0,9.2,1.3,38.3,3.0,1.1
41021,8005.4,,190.2,322.6,309.9,,,3815.5,,126.6,92.8,174.3,2.3,166.1,7.6,11.3,1360.8,27.5,398.6,0.9,,12490.2,2.9,235.3,37.7,851.6,4.4,71.8,747.9,2.8,68.0,1473.7,1.7,2.3,65.5,165.6,8.9,226.0,
41023,339.5,214.5,25.9,59.7,33.5,,0.2,179.7,4.2,435.9,3.5,178.4,2.6,40.4,23.9,8.3,1882.1,59.5,158.7,,82.7,2624.1,5.4,109.9,5.8,606.5,0.9,285.5,1301.3,14.8,221.6,3.0,0.2,,8.9,1.7,28.6,24.0,0.1
41025,896.5,628.1,,,,,,581.1,,1484.7,,216.8,9.0,93.7,84.0,29.1,4388.2,,452.0,,291.6,5944.5,18.4,366.7,,2064.7,,892.3,3170.6,52.2,517.8,2.8,,,,2.5,66.9,84.8,
41027,3496.9,,0.1,2.5,1.9,1.2,0.3,20.1,429.3,139.7,38.2,5609.5,0.7,0.5,1.4,0.6,5.2,1.3,225.1,123.0,0.7,12610.6,0.3,2012.5,1.7,10.0,,1113.6,1993.1,2.2,0.1,11.8,,0.2,0.4,0.5,,62.8,0.1
41029,1283.9,51.4,1.4,131.6,596.9,9.0,1.0,36.9,599.5,,112.7,1380.2,3.2,5.6,13.3,0.8,339.3,9.8,78.5,45.0,35.3,13242.5,2.4,12.4,50.5,572.1,2.7,618.5,329.5,1.5,58.6,3.6,0.5,1.3,39.4,2.2,28.3,5.6,1.5
41031,1257.5,682.5,0.1,36.4,2.2,11.2,0.1,591.8,3.9,837.3,748.6,333.0,27.1,94.1,52.7,38.7,1703.0,58.9,250.4,2.0,215.9,2862.9,10.4,380.7,262.0,1385.6,,533.7,2061.8,58.0,192.9,57.8,5.6,49.7,95.5,16.2,24.6,160.9,13.6
41033,140.5,49.1,0.3,0.3,93.6,3.7,0.2,20.1,139.7,,23.9,128.2,0.5,1.6,2.1,0.2,21.2,2.3,14.7,0.3,8.2,297.4,0.4,3.0,11.4,94.7,,32.3,47.8,0.4,2.5,3.3,,0.4,3.0,1.3,1.2,3.1,0.4
41035,8335.6,1372.9,63.6,146.9,82.6,0.2,0.5,2026.5,2.5,2980.2,3678.3,568.3,44.6,140.0,200.0,66.0,1237.2,146.0,875.6,3.8,561.5,4384.7,35.9,784.7,918.4,4984.7,2.1,1877.8,4629.3,213.0,139.6,37.4,33.7,145.0,224.7,42.4,17.9,455.6,23.6
41037,1209.5,1336.4,,,,,,1198.5,0.2,3187.3,0.2,470.4,19.3,31.0,180.4,62.3,1421.1,,971.5,,625.9,2061.2,39.4,787.4,,4271.2,,1916.5,1762.0,112.1,167.5,1.4,,,,2.8,21.7,182.1,
41039,11037.9,,12.8,317.5,1687.3,311.1,9.5,99.5,839.9,0.2,2796.2,822.2,5.0,12.9,24.7,2.1,649.4,99.0,125.0,142.1,81.7,2074.0,2.5,223.0,598.9,431.8,15.5,1463.7,717.0,11.7,1.9,80.5,3.0,11.4,177.0,5.2,3215.9,81.6,17.8
41041,1279.5,,,,0.9,0.6,,,2.5,,0.8,9.8,0.3,0.9,1.1,,81.0,0.1,8.0,0.1,0.7,26.0,0.2,4.2,1.1,27.1,,13.9,52.3,,0.1,0.1,,0.1,0.2,,503.7,0.2,0.1
41043,15288.9,,41.6,979.4,5431.8,621.6,30.2,143.3,2438.6,,1134.0,1430.1,4.5,20.6,78.4,6.6,944.4,287.5,161.6,69.4,70.6,1494.5,2.8,214.7,1613.5,573.1,49.8,610.8,1537.0,37.3,2.8,96.2,9.4,14.6,572.8,8.7,4574.7,136.3,47.3
41045,3692.8,4496.9,5035.2,12292.3,6531.2,236.3,39.6,4453.8,114.6,2750.4,7119.9,5519.0,397.9,671.7,200.0,540.1,3661.9,12689.6,1222.9,31.2,1592.2,11778.6,83.3,4562.2,4449.4,5598.1,168.4,2089.3,13653.5,455.9,371.9,210.0,71.8,734.7,2934.7,89.5,46.6,1667.9,213.5
41047,12352.7,,113.1,1595.0,10818.8,4234.8,85.9,271.1,7328.8,1.6,5705.3,4329.4,74.6,25.2,211.9,23.4,696.4,781.5,740.4,368.9,488.8,5249.5,22.4,1532.9,6285.3,1094.7,82.4,2718.9,4475.0,111.3,3.5,211.0,15.2,240.5,1340.7,15.3,1927.1,1217.6,217.3
41049,9758.6,,1077.0,2612.0,2304.6,427.3,12.9,5315.5,45.2,908.1,5178.5,1180.1,75.3,232.6,144.5,46.3,2368.0,596.2,660.8,51.5,98.0,13241.5,22.6,2502.6,2024.6,1681.3,28.2,1444.4,3748.7,215.7,82.8,1952.2,47.9,273.1,494.9,213.3,16.1,2197.0,32.1
41051,2088.8,,7.4,92.2,664.6,178.7,5.8,39.5,529.1,2.9,134.5,234.4,8.5,5.2,16.0,1.3,129.1,51.4,42.3,9.4,135.5,253.8,1.0,15.4,349.9,141.4,4.8,49.1,344.0,11.1,0.4,22.0,1.6,10.4,85.6,3.0,471.1,90.7,10.3
41053,7719.1,,13.8,841.6,3673.6,263.1,10.1,180.9,1193.0,,1714.1,2224.7,0.9,17.5,27.2,2.2,422.2,104.7,707.5,86.7,13.9,3042.1,2.3,1793.7,647.3,698.4,41.7,1197.3,512.5,14.0,2.3,170.5,8.1,7.5,292.6,11.0,1069.1,60.5,17.1
41055,9724.8,,,,,,,4711.1,,24.2,,108.3,0.5,179.0,1.1,11.3,782.4,,337.9,,,18858.3,0.2,46.2,,1003.5,,11.6,335.1,,84.1,1771.2,,,,199.2,4.4,41.4,
41057,2593.4,,,,,,,,,,0.3,0.9,0.2,1.8,0.7,,164.6,,3.8,,,34.9,0.2,0.3,0.1,19.8,,7.5,104.2,,0.3,,,,,,1023.8,,
41059,44599.7,625.8,,3904.0,793.6,557.9,12.5,9760.9,713.8,415.7,4193.5,4693.1,66.1,1209.3,186.0,123.3,12794.9,969.2,1505.2,69.8,1256.2,48073.9,236.0,1069.1,4251.8,12040.3,10.2,1269.3,5642.2,316.5,437.5,2363.0,35.1,228.8,390.5,744.1,13.6,3156.7,162.5
41061,17624.9,480.6,,432.3,36.6,15.4,1.6,812.8,287.3,15.7,348.9,555.1,44.3,287.6,64.7,2.8,5210.4,197.7,486.6,9.2,434.2,9054.4,26.5,615.1,545.2,932.0,1.2,201.1,627.1,53.2,192.4,271.6,3.8,24.9,286.2,85.2,7.8,389.0,28.1
41063,21606.3,323.7,,88.1,0.9,5.8,,238.3,1.7,3.8,60.5,95.0,12.1,139.4,37.6,0.9,6571.5,73.7,325.7,2.4,230.2,8072.9,13.4,193.8,118.9,442.3,,79.3,284.0,29.8,248.9,113.8,0.6,1.9,0.3,40.1,10.5,101.9,0.2
41065,6472.4,,,0.8,0.6,0.4,,3326.3,1950.0,361.1,183.1,8171.1,6.3,131.0,15.3,14.1,2232.1,0.4,229.6,4.3,,19824.6,3.3,9751.8,0.5,828.2,,968.4,1564.4,9.8,59.5,1229.3,,0.1,0.1,118.8,17.7,573.2,
41067,12022.6,,36.4,1625.0,7592.1,572.7,27.5,397.7,2141.5,6.3,3648.6,1859.5,5.1,31.6,72.7,5.7,651.2,251.4,209.5,181.8,33.6,3435.0,2.8,315.8,1568.9,1611.2,81.7,1887.4,1202.4,39.8,3.8,264.9,17.5,27.9,656.9,21.6,691.8,170.5,42.1
41069,170.7,122.3,,,,,,91.3,0.7,213.1,0.2,38.5,1.3,37.6,12.0,4.2,1735.3,,66.0,,41.8,2313.2,2.6,55.9,,324.7,,129.2,1148.7,7.5,204.2,4.7,,,,1.3,26.4,12.1,
41071,12739.7,,35.9,1006.8,5283.2,699.2,26.6,327.0,2445.3,0.1,5291.7,2803.0,4.8,26.6,70.6,5.6,665.1,247.8,670.8,270.1,48.9,5635.3,4.0,1630.2,1530.2,1381.8,51.0,3048.5,1161.3,33.6,3.6,271.8,9.7,23.1,526.7,17.3,1455.3,167.0,44.8
42001,7953.4,6.3,2021.7,538.2,14126.5,82.5,29.2,33.8,11348.8,179.1,3339.9,2504.8,1.9,17.7,9.4,25.8,627.4,243.4,1408.4,415.6,1085.4,11420.4,37.4,274.4,8876.3,189.5,40.0,10565.0,6507.9,231.9,,84.2,9.7,0.3,567.8,26.3,28.3,29.3,38.0
42003,105.4,16.6,107.6,124.2,1101.0,23.8,13.9,63.1,73.3,100.4,561.0,215.9,0.1,0.7,2.4,8.8,18.8,13.7,12.5,18.0,164.9,443.5,1.3,102.7,628.7,18.9,1.0,226.8,154.7,70.5,1.0,20.4,0.2,47.3,240.6,0.9,1.9,13.3,2.3
42005,686.7,234.6,2123.6,571.9,10080.2,38.8,45.9,844.2,17.7,627.6,47.9,1005.7,4.3,29.5,10.1,20.6,366.8,518.5,155.9,3.2,4.8,4432.7,16.5,471.2,3370.0,158.6,16.2,392.5,5196.0,231.8,2.4,8.7,13.3,379.7,166.0,20.1,4.7,113.1,4.7
42007,313.3,117.4,834.5,235.4,3995.4,18.5,18.2,345.6,28.0,314.8,111.9,450.8,1.1,11.6,4.9,12.9,145.0,212.2,80.3,6.5,5.4,1437.0,6.6,242.5,1393.5,66.7,6.4,211.5,1938.8,121.9,1.2,9.0,5.2,190.2,82.2,8.7,2.4,67.6,2.4
42009,1411.3,26.4,1919.9,318.9,13436.9,53.0,21.3,141.9,718.9,427.4,352.8,1857.6,1.0,16.8,20.9,85.0,606.5,231.7,680.2,28.3,79.2,5647.1,26.3,32.9,8044.6,157.4,38.0,1315.6,4962.2,124.0,,5.1,8.8,0.1,541.1,3.1,38.5,4.4,36.5
42011,2877.4,90.9,3727.9,980.5,28231.9,10.7,62.6,,810.0,724.1,848.9,8071.4,4.3,317.5,55.1,60.2,1130.1,622.8,237.1,8.4,306.0,17788.3,67.0,54.3,13114.8,378.8,176.1,2348.6,14643.6,319.3,,84.5,103.3,439.8,1876.2,76.2,29.4,36.9,88.6
42013,1466.3,12.9,1992.3,871.2,9134.0,75.5,36.0,952.4,294.5,221.8,180.7,2108.4,0.7,0.8,21.2,66.4,509.9,312.8,160.5,27.4,40.0,4474.3,12.2,272.8,4421.0,102.1,16.7,452.5,5089.5,244.6,,23.7,18.1,0.2,208.1,2.3,8.9,5.5,5.7
42015,1014.0,56.8,794.4,920.1,9309.5,10.7,68.0,1165.5,95.0,1185.4,66.4,1341.6,0.7,19.3,31.6,35.1,558.6,607.6,356.2,6.4,17.5,5298.1,16.9,669.0,4935.9,197.7,29.4,498.4,3901.7,861.8,,8.6,18.9,0.3,586.6,1.4,78.9,12.8,10.0
42017,915.1,21.3,943.9,502.8,7465.8,8.1,34.6,,389.6,173.3,1115.4,2044.2,9.9,80.4,19.7,18.4,309.4,207.6,43.1,7.0,143.3,5353.7,14.8,92.7,3622.4,88.1,44.6,781.1,3877.2,172.2,,28.8,26.2,43.6,622.2,21.4,8.9,29.3,29.4
42019,968.5,269.1,2981.7,943.3,14573.8,88.1,64.5,1151.7,49.6,737.5,230.8,1486.4,5.3,41.4,14.3,49.5,511.9,817.1,195.6,30.0,14.3,5546.1,20.8,567.7,5344.8,356.3,22.8,477.3,7145.7,329.2,2.4,39.9,18.9,450.3,413.5,21.3,4.7,144.5,11.1
42021,842.8,11.7,1119.9,440.5,5020.2,32.2,31.9,559.5,68.9,173.4,74.3,1214.9,0.5,0.4,21.4,23.9,270.6,159.9,139.1,27.2,10.4,2535.0,6.3,236.7,2400.5,295.3,9.4,257.0,2913.0,189.2,,19.0,12.2,0.1,79.3,6.4,8.5,5.4,2.4
42023,8.7,0.4,6.9,8.9,83.9,0.4,0.6,10.1,3.6,8.4,0.7,11.5,,0.2,0.2,0.4,4.7,5.9,2.0,0.2,,37.6,0.1,4.7,41.2,0.8,0.3,4.7,32.1,6.3,,0.3,0.2,,6.7,,1.1,,0.1
42025,79.1,1.1,123.7,75.7,868.4,3.3,6.3,,49.8,22.7,114.3,310.6,1.2,1.0,1.5,2.4,25.4,98.4,37.0,1.9,3.4,285.4,1.1,4.1,601.9,6.6,1.4,101.6,425.5,44.7,,4.5,2.2,0.2,58.0,1.5,1.0,0.3,0.8
42027,1982.7,23.9,2348.2,967.8,10460.8,310.4,79.2,1169.4,394.3,349.8,577.3,2535.0,2.5,0.9,21.1,40.3,585.3,326.2,346.8,27.8,75.4,8018.3,35.1,506.6,5642.0,203.3,19.6,608.2,6387.9,385.1,,31.5,21.4,0.6,144.6,11.4,18.7,256.7,4.8
42029,2374.3,54.4,2249.4,557.1,17052.3,6.9,47.5,,403.4,596.8,793.9,4903.5,7.1,191.6,40.3,40.0,736.2,376.5,154.8,8.7,92.9,10285.7,41.0,66.9,7931.1,232.3,106.3,1445.2,8912.4,222.6,,33.0,62.6,322.5,1135.6,37.6,37.5,27.3,54.7
42031,529.3,140.5,1721.8,457.4,8185.1,27.4,37.7,651.4,11.4,357.6,99.6,799.1,1.4,23.9,7.1,12.6,294.8,423.6,120.4,5.9,4.1,2497.7,7.2,267.9,3334.7,452.1,13.2,239.7,3434.2,138.0,1.9,4.8,11.2,226.5,141.1,9.9,3.9,39.1,3.8
42033,342.8,10.2,479.5,180.4,2130.9,12.1,8.4,267.4,29.1,141.2,16.3,611.5,0.3,0.2,7.3,10.7,130.1,65.9,91.4,2.3,5.8,1110.9,3.3,204.4,1042.7,46.5,4.0,154.6,1188.4,145.1,,2.1,4.4,0.1,27.9,0.5,5.9,0.1,1.1
42035,431.7,12.8,306.4,369.2,3576.8,14.1,28.7,449.6,80.6,270.3,95.6,413.0,1.3,7.4,6.3,9.8,193.8,233.2,81.2,2.3,33.8,3982.5,8.5,152.5,1881.6,26.0,11.3,153.0,1771.8,207.9,,9.2,7.3,0.6,219.4,2.8,6.2,17.6,3.6
42037,1762.1,8.8,2022.2,927.8,9174.0,273.3,85.4,943.5,439.5,165.5,826.8,2016.0,9.4,0.8,18.0,51.9,557.9,304.0,195.9,40.0,246.1,8296.5,34.6,268.7,5612.3,189.9,16.9,607.6,5674.3,233.7,,46.8,18.7,2.1,179.2,13.9,7.7,202.3,7.1
42039,1792.1,155.1,4491.9,731.4,18944.1,24.8,38.0,636.9,134.0,665.2,557.2,1130.5,1.2,36.7,15.7,24.4,120.9,386.1,176.2,5.2,11.0,7930.5,16.2,335.1,9900.9,135.2,4.4,555.4,4108.9,136.3,,8.0,4.5,0.8,616.3,4.4,42.9,12.5,20.4
42041,1801.1,16.3,2881.0,658.4,20317.8,87.9,41.5,88.0,317.7,384.9,1044.7,2309.0,3.7,25.2,27.4,63.4,914.9,362.7,398.7,18.8,255.0,10394.0,37.1,84.3,12453.3,209.7,57.1,1139.3,8224.8,157.4,,31.3,13.3,0.5,861.0,17.0,17.2,8.6,55.0
42043,1406.7,7.7,1819.8,784.1,8094.3,47.2,36.7,848.1,109.5,127.1,169.9,1742.2,2.1,0.7,10.6,23.1,504.2,251.1,82.7,12.3,72.5,7332.0,24.9,176.1,4337.0,176.5,15.2,370.0,4821.7,158.9,,38.8,16.8,0.5,108.0,15.8,6.1,10.7,3.4
42045,87.6,0.3,42.0,17.3,333.6,0.4,0.7,,42.4,9.4,12.5,101.1,,3.6,1.2,0.9,15.9,9.8,3.8,0.3,20.2,91.6,0.3,0.4,146.2,2.2,2.0,44.1,152.5,6.0,,2.3,1.2,3.9,29.1,,1.8,0.1,1.3
42047,45.5,4.4,30.8,41.5,379.5,2.5,3.6,45.7,25.8,90.9,16.6,89.1,0.3,0.7,2.2,3.2,21.5,27.6,27.0,1.2,6.9,503.5,0.7,55.2,196.6,12.2,1.1,38.5,157.6,67.8,,2.1,0.7,0.1,32.4,0.2,5.9,2.1,0.7
42049,1601.9,67.9,3236.3,589.4,13875.4,67.7,37.1,459.0,5104.8,316.2,6068.9,1115.7,3.1,26.4,18.5,31.2,84.3,328.5,545.0,24.9,27.2,10922.1,13.3,164.6,9472.3,704.5,3.1,2821.4,4032.7,154.8,,21.7,5.5,2.0,492.9,5.1,26.2,133.8,18.1
42051,369.1,62.4,1004.9,435.2,3582.0,45.1,36.6,529.5,48.7,437.7,233.4,958.4,1.8,6.6,7.3,10.4,161.1,127.5,19.3,15.6,64.3,1740.2,13.7,325.1,1845.9,83.7,9.7,390.7,784.4,187.5,3.2,17.7,2.2,253.7,417.0,1.3,6.3,49.6,3.3
42053,21.3,5.0,61.3,8.3,261.0,0.8,0.8,8.7,6.6,20.1,9.2,26.7,0.2,0.5,0.3,0.5,1.6,5.7,5.4,0.2,1.6,70.8,0.1,10.8,131.8,1.1,0.1,11.9,44.4,4.2,,0.1,0.1,0.1,8.9,,0.5,0.2,0.4
42055,4087.9,27.4,4959.7,955.3,34733.9,137.8,60.4,147.6,2569.7,603.6,2135.7,4111.4,4.8,43.4,31.6,98.6,1561.2,600.4,891.1,101.2,639.6,16160.1,53.6,139.3,21142.8,334.4,98.2,3606.0,13600.9,274.2,,43.2,23.3,0.7,1403.9,19.6,28.1,2.3,93.6
42057,361.2,7.9,698.9,100.3,4874.6,18.7,7.3,42.5,14.9,127.3,38.8,620.0,0.1,6.1,5.7,25.3,219.3,82.9,180.6,1.1,6.3,1715.6,7.2,2.1,2902.7,48.7,13.8,221.9,1742.8,36.8,,4.6,3.2,,192.1,3.4,15.0,0.4,13.1
42059,64.6,89.9,131.5,51.1,429.7,4.3,4.8,90.8,20.4,163.4,46.8,237.9,,0.9,2.2,1.3,23.6,16.7,8.9,1.8,5.0,293.2,1.2,120.9,213.5,23.6,1.3,91.9,84.2,59.9,5.8,2.4,0.3,97.9,44.6,,11.7,0.6,0.5
42061,1430.8,16.0,1987.0,739.2,8746.3,43.8,35.3,966.9,42.2,230.4,88.2,1999.3,1.6,0.8,11.4,16.7,608.6,261.4,139.6,3.5,42.9,4708.7,13.4,330.0,4766.4,116.8,16.6,368.5,4962.3,258.3,,11.1,18.0,0.4,87.6,4.9,18.9,6.7,2.9
42063,986.8,222.0,2713.1,758.5,12936.0,59.7,59.8,1023.2,48.7,553.3,264.2,1289.1,6.6,37.6,10.0,37.3,466.1,675.8,142.0,12.2,21.7,6033.5,26.6,473.9,4434.3,157.3,20.7,417.2,7213.5,233.8,3.1,12.9,17.0,334.1,239.1,16.0,6.2,363.4,6.4
42065,350.9,161.6,1090.1,305.5,5232.4,22.6,23.7,460.6,14.0,468.2,40.7,512.6,1.6,15.1,7.2,14.4,188.0,275.7,111.3,5.1,5.1,1895.4,7.4,353.1,1804.6,100.0,8.3,238.6,2478.9,174.9,0.9,4.6,6.8,283.4,104.4,4.6,1.7,57.4,3.1
42067,1129.2,12.7,1519.5,585.2,6676.6,32.1,24.8,741.5,132.5,179.4,136.3,1549.6,0.1,0.6,8.4,11.1,420.1,198.3,125.6,2.8,63.7,4527.8,14.7,253.6,3381.6,106.8,12.7,332.2,3861.3,197.7,,17.7,13.8,,63.1,6.8,12.3,2.0,1.9
42069,76.4,4.6,84.9,149.7,639.1,16.1,11.3,0.5,158.1,86.3,220.9,1147.7,3.3,7.2,7.1,5.5,73.7,107.7,82.6,4.3,68.4,410.9,1.1,8.2,182.2,6.2,12.7,109.7,209.9,94.2,,8.7,6.8,2.2,74.3,1.4,3.1,9.5,1.8
42071,6276.8,141.7,9648.5,1926.7,73301.5,31.2,244.7,,1092.9,2051.0,6869.8,21044.0,50.3,821.7,151.5,141.6,2902.6,1657.5,477.6,35.4,635.6,31202.9,120.9,428.1,33284.1,733.9,455.8,5823.9,36682.5,1111.5,,102.6,267.8,1085.8,4999.6,93.5,76.4,320.1,243.0
42073,896.2,164.2,2591.4,735.2,12334.5,60.6,56.1,947.8,18.5,400.9,61.3,1200.6,8.7,36.0,7.9,21.5,439.8,643.9,99.5,6.7,6.7,6768.6,29.8,304.5,4128.3,136.9,19.8,341.1,7656.9,163.7,2.3,15.0,16.2,242.8,225.2,10.7,4.7,223.9,5.9
42075,1978.2,49.8,2858.4,588.6,21548.2,63.1,56.5,,158.2,405.6,580.5,5852.7,5.0,243.4,23.8,29.5,863.4,460.8,95.5,5.9,78.2,11859.8,43.7,45.5,10085.4,230.2,135.0,1363.9,11050.3,211.1,,43.4,79.2,180.4,1390.8,54.1,22.1,92.0,66.3
42077,1480.3,8.2,2150.7,1175.5,13412.8,11.2,79.5,0.5,297.9,182.3,567.7,4660.1,6.8,18.2,13.8,11.6,383.5,1478.7,317.4,11.8,127.2,8831.0,16.7,17.8,8539.0,129.5,23.6,1623.5,8899.5,332.4,,74.1,38.1,0.9,807.5,27.8,4.8,2.9,5.0
42079,398.3,5.8,582.3,412.2,4351.5,28.6,42.4,0.5,360.3,124.5,968.9,1613.4,11.0,4.9,12.2,15.6,99.5,501.6,260.6,17.4,21.1,1732.0,5.9,26.0,3688.5,120.7,6.4,534.3,2129.6,266.6,,19.0,10.3,1.4,305.0,5.1,7.4,33.1,6.0
42081,1011.1,32.9,661.2,855.1,7855.8,53.4,65.0,971.8,321.2,691.7,229.3,1109.0,1.4,16.0,18.9,28.8,427.6,529.8,266.5,12.7,36.3,10024.3,20.5,404.1,4246.5,92.1,24.5,506.0,4161.5,531.4,,28.8,15.7,0.6,543.3,5.3,24.5,40.7,9.5
42083,53.4,5.3,40.1,48.2,476.6,1.2,3.7,58.8,14.3,109.8,8.9,101.6,0.2,1.0,2.3,2.9,31.1,32.1,30.1,0.6,4.9,258.5,0.9,62.2,237.5,12.4,1.5,42.5,188.9,79.7,,0.9,1.0,0.1,32.9,0.1,14.7,0.1,0.6
42085,2002.0,176.5,4518.7,749.9,19124.4,35.8,42.1,641.4,101.0,747.3,331.3,1131.8,3.0,36.9,16.3,29.4,113.5,403.8,153.6,6.5,26.4,8055.1,16.4,383.9,9868.0,95.6,4.4,573.2,4127.1,155.2,,13.7,4.4,1.9,634.4,6.4,29.8,13.8,22.0
42087,1462.1,15.8,2017.0,772.5,8923.8,47.8,33.7,979.0,83.7,230.7,79.2,2041.9,0.1,0.8,12.8,22.8,515.4,271.7,144.3,6.4,30.8,4842.8,14.5,316.1,4204.7,123.4,16.9,369.2,5069.5,252.1,,14.2,18.3,,103.9,4.9,11.8,0.6,3.0
42089,198.1,1.0,305.3,199.5,2126.3,5.9,12.0,1.1,110.3,32.0,140.0,731.1,1.2,2.6,1.8,4.2,55.4,245.1,36.9,3.8,13.3,1049.0,2.2,12.3,1402.5,6.7,3.4,236.0,1225.1,52.9,,9.0,5.4,0.2,140.5,2.8,2.1,2.1,1.5
42091,632.8,10.1,467.8,312.8,3792.2,6.3,21.3,,206.2,119.9,733.3,1051.3,6.4,39.8,16.0,14.2,160.4,120.8,32.5,4.7,93.4,2307.6,7.6,67.3,1782.5,43.5,22.1,449.5,1905.3,114.0,,18.1,13.0,44.3,360.5,11.9,10.3,22.0,16.8
42093,409.8,3.4,496.3,231.0,2189.3,22.3,11.0,238.5,49.5,50.7,70.7,502.0,0.6,0.2,2.6,4.5,135.8,65.9,40.3,2.2,24.2,3002.6,11.8,75.1,1240.5,60.3,4.2,134.0,1394.8,59.6,,9.7,4.5,0.1,23.4,4.5,6.8,12.4,0.8
42095,1412.8,8.6,2300.3,1203.6,14610.2,14.3,78.6,0.2,291.1,201.7,430.1,4985.0,4.7,19.5,12.1,15.0,518.6,1616.7,278.2,10.5,50.5,6774.2,15.8,14.4,9629.5,68.7,25.3,1632.1,8517.8,341.1,,48.6,40.8,0.6,893.6,21.3,4.3,2.8,5.5
42097,2501.5,7.5,3248.8,1369.8,14350.3,127.5,65.7,1480.3,167.5,133.8,249.7,2963.7,2.5,1.3,9.0,22.8,1022.7,434.3,102.8,12.3,77.6,13266.3,46.8,174.6,8521.2,236.3,27.2,543.9,8648.3,186.3,,32.6,29.5,0.6,159.6,15.3,10.7,53.4,4.6
42099,1331.0,9.5,1782.5,710.0,7867.7,40.8,32.9,840.9,40.5,143.8,87.5,1711.1,1.9,0.7,7.9,15.1,555.3,237.5,84.6,4.5,40.9,5811.0,18.2,204.9,4468.1,116.5,14.9,318.1,4576.4,172.6,,26.0,16.2,0.4,85.6,11.9,9.4,8.9,2.8
42101,,,,,,0.1,,,,,1.3,,,,,,,,0.4,,,0.1,,,1.0,,,,0.2,,,,,0.1,,,,0.1,
42103,49.0,0.2,81.5,47.1,533.6,0.7,2.5,,13.8,6.1,4.1,182.6,,0.7,0.3,0.6,13.2,59.5,8.2,0.5,,270.3,0.5,,321.3,0.6,0.9,58.1,318.7,8.4,,0.4,1.4,,33.4,0.3,0.2,,0.2
42105,334.6,12.8,166.4,413.5,2626.8,177.0,46.1,245.1,629.6,266.8,523.9,545.9,0.1,4.0,37.8,40.9,127.4,273.2,411.9,42.1,2.4,1689.3,8.0,150.4,2201.6,340.3,6.2,199.9,2205.4,257.8,,58.7,4.2,,469.2,2.3,32.9,118.9,11.0
42107,1132.3,5.9,1720.0,921.8,11064.9,17.0,82.9,0.2,314.4,149.9,1025.2,3842.5,10.2,14.6,26.6,15.9,297.3,1228.5,235.2,27.3,59.4,5275.3,11.4,23.9,8626.1,465.8,18.9,1272.0,6391.9,284.9,,49.8,30.5,1.2,686.2,19.2,7.9,147.0,6.0
42109,1528.8,11.7,2027.7,851.2,9068.4,56.7,49.4,961.8,274.8,191.9,401.2,2041.8,8.2,0.8,13.8,35.1,596.9,286.7,143.6,17.3,211.6,6875.0,20.9,310.6,5078.4,138.6,17.0,590.1,5249.9,256.0,,29.0,18.4,1.9,136.6,9.0,9.7,12.0,5.8
42111,861.4,85.4,2618.2,915.9,7514.4,62.7,96.2,1302.7,42.6,741.6,171.9,1939.4,2.4,17.3,12.2,8.1,416.8,332.2,38.8,8.6,23.3,3135.9,20.3,526.4,3738.8,166.8,25.3,651.7,1724.6,288.8,4.0,4.7,6.2,442.8,587.1,1.7,8.0,61.3,3.5
42113,82.7,6.2,65.7,72.9,762.3,,5.8,96.4,19.2,129.5,11.6,125.1,0.4,1.6,2.7,3.0,44.1,48.5,33.5,0.2,9.4,400.7,1.4,73.1,387.3,14.3,2.4,54.1,295.5,94.1,,,1.6,0.2,44.4,0.1,5.1,,0.8
42115,253.3,19.2,322.1,221.3,1933.4,2.4,14.7,,26.4,352.9,22.7,4068.5,0.3,27.4,10.8,13.9,316.8,317.4,256.4,0.9,5.2,1288.5,4.4,0.6,234.9,0.8,48.3,294.7,522.4,247.4,,1.8,25.8,0.2,148.8,1.7,46.1,0.2,0.3
42117,450.4,38.3,341.8,392.6,3997.3,3.7,29.1,504.7,55.7,794.5,27.5,753.8,0.5,8.3,16.5,19.3,267.0,259.7,213.2,2.2,13.9,2558.8,7.9,450.9,2133.4,88.1,12.7,309.4,1601.7,569.3,,3.6,8.1,0.2,248.2,1.5,75.2,1.1,4.5
42119,1295.4,11.4,1703.1,701.2,7493.7,59.3,33.6,816.0,54.5,165.9,113.6,1688.9,1.4,0.7,8.2,12.4,412.9,223.6,108.0,3.9,40.6,6761.4,24.4,237.4,3630.2,141.8,14.2,338.2,4506.3,191.0,,14.5,15.4,0.3,74.1,7.4,5.4,24.9,2.4
42121,371.3,65.1,971.0,139.7,4092.0,5.0,8.2,137.5,41.7,262.3,107.2,329.0,0.3,7.9,3.9,6.8,27.6,85.7,63.1,1.1,2.3,1411.0,2.6,140.5,2106.4,27.0,0.9,160.6,770.5,46.5,,1.6,1.0,0.2,132.5,0.6,11.7,1.5,4.5
42123,267.2,44.3,765.6,107.6,3247.5,7.5,6.8,108.1,34.0,180.4,347.2,247.5,0.2,6.3,3.4,5.1,26.0,69.3,62.4,1.9,1.8,1027.3,1.7,95.2,1764.3,51.3,0.7,117.8,611.6,35.2,,1.4,0.9,0.1,109.0,0.2,16.2,1.0,3.7
42125,357.4,208.2,735.3,328.7,2715.8,35.9,32.0,524.8,149.7,1002.8,531.0,1461.6,2.0,4.9,13.9,10.2,135.7,93.3,57.7,16.4,76.5,1775.6,18.1,751.4,1462.6,153.9,7.1,632.8,622.3,377.0,11.8,25.8,1.6,599.0,316.7,1.8,23.6,53.2,3.3
42127,133.3,4.5,138.9,102.6,843.9,2.3,7.0,0.4,27.3,87.8,32.0,1730.4,0.4,11.8,3.2,3.8,150.9,140.3,72.7,0.8,8.3,508.3,1.6,,106.0,1.7,20.8,114.0,239.3,67.8,,1.0,11.2,0.3,66.9,0.7,33.2,0.2,0.3
42129,680.5,76.4,1695.5,791.5,6072.3,94.3,63.7,875.4,100.3,652.3,370.6,1534.2,9.8,11.2,11.3,17.6,267.7,215.1,34.5,27.9,124.3,3194.2,58.5,488.3,3197.1,156.6,16.4,688.0,1742.8,289.4,3.2,38.2,3.7,378.2,715.1,6.6,6.4,241.3,5.6
42131,186.0,12.2,285.1,212.4,1729.8,4.9,14.7,,56.7,230.0,89.6,3564.7,1.2,24.2,8.1,9.6,252.2,284.1,163.2,1.7,23.6,985.0,3.6,,237.7,5.5,42.8,234.6,506.6,167.0,,2.3,22.9,0.7,136.6,1.4,14.4,4.8,0.5
42133,3732.2,16.0,5977.7,1635.4,42030.5,374.0,104.5,85.9,1189.5,559.0,3329.2,4483.3,7.8,52.3,45.9,77.0,1837.3,749.0,471.7,60.6,824.3,26888.4,104.2,163.4,26571.3,530.8,118.4,2444.9,18921.5,300.4,,98.6,29.2,1.1,1775.1,48.2,37.2,175.0,113.5
44001,3.7,0.1,5.3,44.1,71.1,6.0,2.1,,67.4,2.2,69.0,23.5,1.6,2.0,,2.4,1.0,1.3,0.1,2.4,4.6,35.6,,,61.6,,,15.1,37.8,12.6,,2.5,0.1,2.8,18.8,,0.1,1.1,
44003,10.2,0.9,8.7,7.8,24.7,0.7,0.3,,170.0,1.9,24.6,23.8,0.3,3.2,,0.4,1.7,2.1,2.5,0.5,0.8,42.5,,,39.0,,,7.5,8.6,3.6,,0.3,0.2,0.5,5.2,0.1,0.5,,
44005,40.8,1.0,63.5,68.8,196.2,8.8,2.7,0.2,256.3,14.0,1061.4,105.4,2.1,23.5,0.4,3.3,12.5,15.2,3.9,6.4,5.9,297.2,,,308.7,139.6,0.1,124.9,118.6,20.4,,3.2,1.3,3.6,42.7,0.6,1.6,14.0,
44007,64.6,1.3,16.0,103.8,172.7,13.2,3.8,0.1,347.2,5.3,191.0,122.8,3.6,5.9,,5.6,3.1,3.8,21.7,6.5,8.4,167.3,,,154.8,,,74.7,89.8,38.2,,7.8,0.3,5.1,45.2,0.1,1.9,4.7,
44009,43.7,1.6,51.3,96.9,217.5,10.1,2.5,0.2,354.1,11.5,124.2,109.6,2.0,19.0,,4.9,10.1,12.3,3.5,4.3,5.5,258.3,,,273.7,3.3,0.1,47.3,94.3,22.8,,5.1,1.0,3.4,51.0,0.5,3.1,1.7,
45001,14136.3,105.4,5.7,53.8,267.2,2.1,0.2,10.7,81.1,1.7,14.8,16.1,2.5,,0.7,2.4,85.5,2.1,2.3,1.5,0.8,948.0,0.4,0.3,61.3,8.7,0.4,20.4,26.2,1.6,132.3,24.3,0.1,0.7,7.0,0.3,890.8,149.7,5.0
45003,10431.7,452.8,130.2,324.9,4802.4,56.4,6.1,179.3,1111.5,31.5,12012.7,3322.7,52.7,0.9,12.4,73.3,60.8,51.3,19.2,32.0,1255.4,11248.7,9.1,205.3,526.5,56.1,8.1,496.7,517.5,85.3,60.6,75.4,1.6,13.9,159.0,1.6,408.1,2572.7,15.1
45005,2317.1,9.4,,881.1,1827.2,256.3,,,63.7,2.1,1739.4,880.8,246.3,,17.5,39.2,10.8,98.6,12.1,13.8,128.3,5373.0,,10.7,1585.2,80.8,18.5,121.2,736.8,49.5,9.6,375.1,7.7,36.3,71.9,29.4,167.5,2456.4,80.8
45007,3791.8,207.0,164.7,275.3,1062.0,14.5,0.6,20.9,784.0,38.1,235.0,84.5,4.3,2.2,3.2,41.5,286.5,13.7,6.7,8.9,16.0,3873.5,10.4,4.2,305.6,60.3,0.3,289.0,130.2,16.9,509.6,48.4,0.3,7.3,65.2,3.0,2474.1,192.7,4.4
45009,1294.8,4.9,,487.8,1213.2,92.0,,,203.6,297.1,2949.7,918.0,67.3,,74.3,149.1,8.1,60.8,35.8,67.7,337.8,6828.3,,1548.1,678.1,19.6,11.4,140.5,459.4,392.3,7.2,99.2,4.8,19.2,44.4,7.3,126.0,2086.4,57.8
45011,1207.6,20.2,,347.8,826.5,223.8,,,156.0,10.5,3225.6,1171.8,54.2,,30.2,69.6,10.3,41.5,15.2,19.0,198.0,3586.1,,54.7,561.6,10.1,7.8,75.7,632.2,53.4,9.2,77.8,3.2,46.3,30.3,4.1,159.8,1005.9,25.7
45013,450.4,,,19.2,55.2,3.6,,,45.0,19.8,114.2,64.1,5.3,,0.2,,5.1,2.2,1.9,5.6,11.7,170.4,,103.4,35.0,2.2,0.4,6.7,13.9,32.7,4.6,12.4,0.2,0.8,1.6,0.8,79.5,63.4,2.2
45015,839.2,0.1,,145.2,455.3,12.6,,,32.2,0.9,44.4,305.6,17.5,,7.0,13.8,9.0,24.0,1.1,1.5,3.1,899.3,,4.8,205.0,4.7,4.5,20.1,100.9,10.2,8.0,23.0,1.9,1.5,17.5,1.8,139.6,262.3,8.1
45017,2724.8,182.4,366.2,1058.2,7991.9,382.2,1.4,57.4,118.4,62.8,822.6,625.6,120.2,14.2,57.3,206.9,77.6,106.6,31.4,3.0,207.2,20566.0,28.7,14.2,2175.3,105.2,19.9,196.8,1998.8,23.7,11.9,312.1,14.1,168.8,1404.2,20.7,31.8,1534.7,46.5
45019,664.3,,,36.5,139.0,5.5,,,103.3,37.6,418.0,134.6,7.5,,0.4,,8.0,5.3,4.5,16.3,26.2,318.0,,196.0,81.4,1.1,1.0,11.3,57.9,55.4,7.2,10.4,0.4,1.7,3.9,0.5,124.7,121.0,1.5
45021,1195.2,52.2,31.6,22.6,158.9,0.6,,,227.1,80.9,715.5,408.7,0.2,0.4,,2.7,65.1,2.6,1.0,32.9,11.1,801.6,1.0,171.1,33.5,3.2,,487.6,11.5,46.9,155.4,11.8,,6.5,12.5,0.1,754.4,8.9,
45023,2350.2,103.2,22.0,125.8,486.5,1.5,0.4,7.1,80.2,18.9,184.6,105.7,1.7,0.1,6.8,5.2,75.9,2.6,6.5,3.5,11.0,1143.7,0.7,21.3,112.4,12.1,0.4,103.6,103.2,6.8,68.2,47.5,0.1,3.2,30.2,5.4,777.5,105.7,9.9
45025,6926.0,97.4,145.5,443.1,1392.8,81.6,7.2,4.6,660.8,55.6,1337.0,767.1,80.6,7.1,8.1,8.3,83.4,10.7,14.6,35.8,142.3,5814.7,22.4,384.0,929.9,151.4,0.8,421.5,179.8,90.4,7.1,162.6,0.8,17.0,82.5,10.1,111.5,812.7,18.0
45027,8858.5,711.3,1765.0,4716.1,38554.7,281.9,56.4,14.8,1041.5,305.0,278.8,1854.3,389.7,68.2,14.8,70.3,312.4,513.6,8.4,5.8,541.9,23345.0,75.5,4.6,8252.6,464.9,96.1,379.3,1639.1,287.7,7.6,698.0,67.9,77.5,6767.8,88.3,20.3,2831.6,141.0
45029,1365.6,1.6,,311.0,913.3,47.9,,,62.1,0.5,649.7,821.1,48.4,,9.6,19.4,13.9,48.1,10.1,12.6,70.7,1619.3,,2.4,466.0,4.2,9.0,49.5,248.6,73.1,12.4,22.7,3.8,8.4,35.1,2.4,216.1,616.4,8.9
45031,6165.0,238.3,464.5,1429.6,4417.5,285.0,4.5,92.6,681.3,101.7,238.8,1424.5,300.1,22.5,162.8,57.1,166.7,34.1,135.1,4.7,12.8,31987.1,74.4,2.7,3169.1,545.2,2.5,842.8,1809.5,24.1,2.4,464.0,2.5,54.6,251.9,56.5,37.0,3860.1,125.8
45033,6909.6,416.0,356.4,1716.4,3331.5,468.7,0.6,107.5,1220.2,77.2,1580.5,2070.0,411.6,17.3,189.2,90.7,193.9,26.2,138.0,4.9,86.6,40453.0,95.3,3.5,3887.4,782.1,1.9,1330.5,2615.4,37.4,0.5,859.0,1.9,101.8,192.2,99.7,7.3,4871.7,202.4
45035,796.6,0.6,,390.7,1275.4,44.1,,,34.1,0.9,149.0,585.0,55.8,,24.7,49.0,4.8,67.0,1.0,7.6,5.3,2866.7,,4.8,607.7,3.8,12.5,68.0,259.0,81.8,4.3,20.8,5.2,5.1,48.9,2.4,75.2,867.4,16.9
45037,9716.2,53.5,68.0,133.7,2502.0,9.3,0.2,17.8,937.0,16.3,1142.6,314.1,13.1,0.5,1.2,3.6,50.2,25.5,3.2,139.1,12.5,2448.1,2.6,1426.2,148.3,14.1,4.2,1971.4,64.4,428.8,65.8,143.2,0.8,3.0,83.1,0.4,442.9,301.7,2.5
45039,1049.8,43.4,16.4,14.9,219.5,,,,15.8,9.8,0.9,14.9,,0.1,,0.6,33.0,1.9,,0.5,,82.6,0.2,,22.0,1.3,0.3,7.3,0.6,1.0,32.7,5.9,0.1,0.3,22.5,0.7,372.3,,1.2
45041,5949.9,192.4,593.9,2088.5,5690.5,491.3,8.4,44.8,514.6,149.6,1197.0,3452.4,411.3,28.8,78.7,39.7,182.5,43.6,88.5,11.6,55.3,30273.4,110.4,7.3,4102.8,680.0,3.2,685.5,2429.5,33.6,2.7,239.1,3.2,111.0,331.8,27.7,42.6,4214.9,60.3
45043,1367.6,33.9,82.7,166.7,774.4,78.2,1.1,2.9,57.4,18.5,588.6,409.7,35.2,4.0,5.2,6.9,31.5,6.1,8.4,2.1,21.3,2189.0,9.5,1.4,358.6,49.6,0.4,55.8,309.7,4.2,1.4,23.9,0.4,24.2,45.4,1.5,21.3,306.1,3.4
45045,1629.6,67.9,58.8,146.3,425.3,51.8,1.0,,551.0,68.0,1160.0,920.7,0.5,0.8,,7.9,100.0,4.9,108.4,85.1,12.7,2783.1,1.6,214.1,211.9,9.6,0.1,837.1,60.8,125.6,187.4,22.5,0.1,27.5,23.3,0.7,910.0,124.8,
45047,7309.7,53.4,4.2,9.1,156.5,0.3,0.4,,70.8,1.7,78.0,22.4,,,,0.7,44.1,1.6,1.2,6.6,2.8,200.0,0.1,49.6,8.4,3.3,0.3,77.0,1.7,17.2,67.9,17.2,0.1,0.6,5.1,0.1,457.2,8.5,2.4
45049,1000.6,8.4,,599.3,1546.9,156.7,,,48.4,0.5,1375.1,722.6,114.6,,50.2,103.3,5.9,81.8,6.9,9.6,88.5,5741.8,,2.4,977.8,14.6,15.3,103.0,556.3,32.6,5.3,77.9,6.4,25.3,59.7,7.0,92.2,1797.9,40.1
45051,6892.3,192.3,619.2,1976.8,6046.3,362.1,6.7,4.8,618.9,170.6,629.9,4309.3,338.9,30.0,8.4,27.8,224.0,45.4,23.3,17.9,88.6,21240.6,95.6,40.1,3549.5,618.1,3.3,713.7,2239.0,56.3,4.0,273.4,3.3,78.4,357.3,33.0,62.8,3140.0,54.3
45053,644.9,,,90.7,292.4,9.2,,,3.2,,11.7,63.4,13.3,,3.4,6.7,7.6,15.7,0.3,0.7,1.6,496.3,,,139.6,1.5,2.9,11.2,39.1,3.3,6.8,6.7,1.2,0.9,11.4,0.7,118.1,168.5,3.1
45055,1103.5,55.3,60.8,135.9,821.0,11.5,0.2,2.7,77.4,23.7,38.7,68.3,3.7,0.4,2.6,5.0,43.3,7.1,2.0,0.7,7.4,1264.1,4.5,3.2,234.9,36.4,1.0,89.6,112.2,2.9,25.1,55.4,0.3,5.2,83.4,6.7,286.0,142.4,11.3
45057,2015.4,86.4,16.4,39.9,221.2,4.0,0.3,0.3,40.2,71.2,16.8,24.8,1.0,0.1,0.2,1.8,72.8,1.9,0.8,1.0,2.2,368.0,1.7,0.9,63.4,13.0,0.3,36.7,22.0,2.0,60.0,26.6,0.1,5.2,22.5,3.9,683.8,37.4,5.3
45059,2209.0,102.9,79.6,240.8,825.0,1.6,1.0,,353.0,39.3,235.7,55.2,0.1,1.1,,5.3,154.0,6.6,3.2,7.0,7.1,1442.5,0.8,8.2,290.9,4.7,0.1,76.9,17.6,13.6,307.5,8.9,0.1,4.0,31.5,2.9,1492.7,15.7,
45061,5736.4,785.9,793.0,3316.5,17876.3,320.7,0.5,82.5,343.6,136.6,167.8,771.8,394.4,30.6,82.3,158.5,200.2,230.8,43.6,7.9,40.8,40947.0,64.1,3.4,5465.3,465.3,43.2,332.6,3406.4,38.8,9.8,801.9,30.5,56.4,3040.7,97.3,26.3,3630.0,172.8
45063,2978.4,83.4,299.2,926.9,6748.4,58.9,20.8,6.9,374.0,52.4,1227.6,294.4,57.9,11.6,6.9,22.0,75.7,87.1,6.4,8.0,212.5,4945.9,12.0,81.6,1445.6,58.3,16.3,177.6,356.7,134.2,30.9,70.2,11.5,29.2,1147.4,6.7,82.8,525.7,11.6
45065,2907.1,15.7,,,,,,,5.9,4.3,1.7,10.2,,,,,17.0,,0.3,0.1,,69.5,,0.6,,,,3.8,,0.2,27.9,0.4,,1.8,,,187.7,,
45067,4818.5,146.5,220.6,884.1,2069.2,246.8,0.8,22.5,259.2,50.5,934.8,2239.4,193.5,10.7,39.6,26.2,138.3,16.2,30.1,3.6,44.2,14290.6,48.5,3.3,1801.7,327.1,1.2,407.4,1585.6,13.5,3.3,198.0,1.2,59.3,122.4,21.8,52.1,1922.0,43.4
45069,4656.6,166.5,130.8,919.1,1224.5,248.6,0.3,131.5,325.5,29.2,702.8,413.3,258.1,6.3,231.3,54.6,91.8,9.6,167.8,3.2,23.9,33807.5,51.6,0.7,2528.1,381.3,0.7,567.5,1965.2,15.0,2.1,276.6,0.7,50.5,71.6,32.9,32.4,3869.2,100.3
45071,14454.6,203.3,164.2,704.4,6599.3,19.3,0.3,33.9,1226.9,35.3,251.9,197.8,27.4,1.1,2.4,12.7,95.0,61.5,3.5,9.9,23.7,4434.4,5.6,,756.1,55.7,10.3,137.9,128.6,6.7,85.9,113.6,2.0,5.1,200.5,1.8,578.2,586.0,23.2
45073,1573.0,80.9,62.8,86.3,338.9,7.9,0.1,1.7,305.9,23.9,125.5,569.1,2.1,0.8,0.3,13.2,108.9,5.2,112.1,30.8,5.9,3286.3,5.6,17.8,83.8,26.1,0.1,417.6,100.5,63.3,207.0,14.1,0.1,4.0,24.9,1.1,1004.9,67.7,0.4
45075,11144.7,960.3,1898.2,4954.3,41663.6,266.1,10.9,76.5,627.5,328.9,628.7,1372.1,367.2,73.4,76.4,156.0,377.8,552.4,47.4,15.0,96.1,39705.5,71.9,112.1,8814.1,471.9,103.4,513.8,3213.3,132.9,27.2,960.4,73.1,36.9,7278.5,117.1,72.9,3435.8,204.5
45077,705.4,39.8,14.8,14.8,77.4,7.2,0.8,,79.4,15.9,197.8,14.9,0.2,0.2,,1.6,43.4,1.2,2.7,2.9,6.1,233.8,0.5,1.6,29.4,2.2,,15.7,5.8,5.2,118.5,2.2,,4.3,5.9,0.4,575.2,24.5,
45079,1761.1,125.8,220.2,665.0,4810.1,47.4,0.2,13.7,87.8,39.0,17.6,175.2,70.1,8.5,13.7,22.9,52.9,64.1,7.2,0.4,1.5,7106.5,12.0,4.8,1155.0,79.6,12.0,64.7,570.2,12.1,11.5,114.3,8.5,4.8,844.3,14.4,30.8,633.7,25.7
45081,13989.6,105.7,84.0,312.2,3343.1,2.9,0.1,41.0,918.6,16.9,658.2,268.3,4.5,0.6,2.8,7.3,79.9,31.4,8.8,76.0,11.5,3059.7,1.5,743.5,322.3,12.5,5.2,1090.2,89.0,225.6,104.3,108.4,1.0,1.5,102.5,0.4,702.6,532.9,8.4
45083,3772.2,118.3,158.0,179.3,953.9,4.3,0.5,,1202.3,158.0,3335.0,2173.8,0.2,2.1,,12.7,222.5,13.1,57.6,173.1,28.7,4676.5,2.1,820.6,210.4,11.0,0.2,2440.3,63.7,255.3,332.9,59.0,0.2,17.5,62.5,1.9,1616.0,36.1,
45085,7762.3,596.3,1338.1,3832.9,29352.8,310.1,12.4,25.9,450.1,229.5,253.9,1368.1,343.3,51.7,25.8,102.8,257.9,389.4,13.9,3.6,168.7,23649.4,65.1,6.4,6685.1,394.6,72.9,301.5,1714.9,102.3,21.9,603.2,51.5,72.9,5130.7,72.0,58.8,2546.1,118.0
45087,755.2,46.2,13.9,22.2,85.7,0.7,,,59.6,8.2,1.9,1.1,,0.2,,4.3,48.8,1.2,0.3,2.7,,190.2,0.1,,7.6,3.3,,13.3,2.4,3.3,131.3,4.0,,0.3,5.5,0.2,637.5,1.5,
45089,4452.0,180.9,538.5,1050.2,5068.6,382.3,2.4,95.6,390.4,128.4,2681.4,2587.9,240.9,26.1,168.2,61.4,154.9,39.5,125.6,9.7,138.0,26681.8,54.8,10.5,2617.0,314.1,2.9,536.3,2773.7,41.8,2.7,221.3,2.9,107.1,295.9,20.1,42.7,3107.0,67.7
45091,2269.9,92.5,32.1,163.8,625.6,4.6,0.3,6.9,103.1,96.2,246.2,192.9,2.6,0.2,6.6,4.0,71.7,3.8,6.4,4.7,6.0,1340.5,2.3,29.0,155.7,14.8,0.5,101.3,116.0,8.3,65.8,26.3,0.1,8.2,44.0,3.0,750.1,133.0,5.4
46003,14941.6,218.6,21421.6,4808.8,13599.0,1054.3,114.9,1484.9,,175.4,,265.2,24.5,252.0,6.5,179.0,3753.2,5634.1,171.0,19.2,1010.8,70848.5,240.7,44.4,681.8,292.3,14.9,6.9,1203.6,28.4,820.3,133.4,4.3,204.8,1691.3,44.8,,2476.4,7.2
46005,30963.8,406.4,60240.3,13729.3,37084.1,3051.8,323.0,1696.2,,477.2,,762.0,60.5,748.0,14.9,464.4,6886.5,8968.8,839.3,40.1,1952.5,215553.7,704.6,75.3,1712.2,847.2,42.0,4.6,3123.0,79.9,1459.4,493.2,12.1,575.2,4756.1,133.0,,7351.1,5.4
46007,3068.5,,1515.0,1229.3,2414.3,105.9,5.8,763.5,2.1,108.6,,882.8,52.6,249.5,10.1,21.8,1361.8,694.7,42.1,26.6,603.9,4661.6,37.4,434.7,603.8,3.7,25.1,265.9,705.6,4.0,49.8,15.1,12.5,321.8,288.0,38.5,,1444.6,6.3
46009,4649.6,222.2,7818.1,4008.1,6285.5,734.4,48.5,1318.1,404.0,644.9,,83.7,18.6,144.6,9.4,27.1,1706.1,1477.1,1181.4,8.4,210.6,41835.3,228.7,523.9,7994.6,422.8,167.6,2554.8,1420.5,119.2,711.8,109.5,39.2,54.5,2840.2,7.2,230.0,4289.7,380.1
46011,7431.7,532.2,22367.6,5036.7,9878.6,391.0,384.8,680.1,378.5,1092.9,5.1,760.3,341.6,819.3,18.2,24.5,4149.6,1618.7,703.7,10.5,282.5,45172.5,80.4,147.7,1112.2,887.0,210.0,2258.6,1473.1,94.5,517.8,217.3,89.3,221.6,1778.5,13.4,250.5,5653.1,53.2
46013,23675.5,425.3,3590.5,18014.3,14677.2,13483.1,98.0,3674.4,,646.4,,898.7,309.8,105.9,8.8,1216.9,3142.6,6481.6,1565.7,103.6,1005.9,146643.8,4591.2,,1384.0,516.6,306.7,11.0,43496.8,109.5,891.2,87.8,13.4,2670.3,335.6,182.0,,11658.7,24.8
46015,14592.0,319.7,23938.8,4946.4,15167.9,828.9,128.3,1895.0,,206.0,,311.6,29.6,290.4,8.3,207.6,2965.0,6123.5,245.7,29.6,1242.4,64560.9,237.2,80.1,753.0,253.4,16.7,5.1,1113.6,31.8,1233.2,322.0,4.8,199.6,1890.0,100.6,,2428.4,5.5
46017,9152.2,382.1,3167.0,631.6,2124.2,64.4,17.0,497.3,,42.9,,64.2,13.6,44.5,3.5,43.6,1605.3,1507.7,45.2,16.9,625.5,7339.8,28.8,58.5,120.4,24.1,2.2,0.3,171.6,4.2,1517.7,41.3,0.6,58.7,250.0,14.7,,711.9,0.2
46019,3713.2,1604.7,1585.9,592.3,2145.1,50.3,11.8,300.3,,28.0,,730.8,15.3,61.4,0.6,54.8,1115.4,355.4,29.6,1.3,347.5,3301.0,114.5,,157.4,2.1,8.2,13.8,92.7,4.9,2326.6,3.8,0.7,106.5,316.6,13.4,,448.4,1.5
46021,4995.6,267.4,529.0,2274.0,2152.7,990.4,14.4,883.7,,147.0,,596.8,472.5,29.8,3.8,218.3,735.8,949.9,410.3,165.5,538.7,18176.0,348.3,,180.3,36.9,45.2,,4918.2,16.1,671.2,23.0,2.0,592.9,49.4,60.6,,2585.9,3.0
46023,14700.3,674.4,11159.6,6065.2,9125.7,1094.6,69.3,4477.3,568.5,908.7,,145.8,28.9,244.7,13.4,41.0,4009.6,5424.5,1652.7,13.2,362.0,66422.7,344.8,748.9,11547.6,615.4,239.2,3735.3,2171.4,167.1,2299.2,707.0,55.9,84.8,4053.7,22.9,743.0,6635.1,533.6
46025,11099.2,445.4,9180.9,4962.5,19427.0,2533.8,282.9,1737.5,,232.1,1529.5,424.5,49.0,861.1,5.8,443.9,2700.9,1777.1,798.4,31.5,379.5,56277.2,445.0,,658.7,599.5,418.2,13.7,5197.7,40.0,821.9,20.1,124.4,395.9,118.8,32.5,,5062.0,32.9
46027,2645.6,100.8,9643.4,5687.2,7724.7,1082.4,59.9,1081.1,543.4,882.6,6.7,108.7,27.7,163.7,13.4,41.6,1694.6,1294.9,1706.5,10.5,312.5,60884.4,348.1,694.4,10092.2,584.8,206.8,3535.8,2214.9,164.9,220.0,14.6,48.3,84.9,3503.7,7.4,71.1,6572.5,554.9
46029,8281.8,245.3,7566.6,4083.3,15987.0,2125.5,233.1,1914.1,,193.1,371.5,402.6,41.7,766.5,4.2,372.7,2511.8,1470.1,791.9,18.9,382.5,45937.2,366.3,,490.6,446.4,344.7,14.2,4143.3,33.0,441.8,24.9,100.8,333.6,97.9,34.9,,4760.3,32.8
46031,4850.6,1581.9,1901.4,726.2,2882.7,88.4,14.1,1216.9,,112.7,,497.1,116.4,104.9,7.3,80.8,1803.9,431.6,360.5,50.5,2030.0,8884.2,82.5,,218.3,5.2,9.8,19.8,1347.4,5.9,2308.0,46.7,0.8,118.0,379.6,48.4,,1887.6,8.0
46033,950.2,,65.3,57.6,182.2,6.3,0.3,91.0,,4.8,,174.0,5.0,183.0,2.2,3.4,398.4,52.1,1.3,1.2,21.2,997.8,8.4,92.7,28.2,0.7,1.1,23.8,63.5,0.2,30.8,1.7,0.5,18.0,12.4,4.0,,225.2,
46035,5360.9,381.3,15406.5,3061.3,6802.6,208.6,264.8,436.2,279.4,959.1,,530.4,184.9,553.2,15.9,28.1,2963.4,1327.0,619.5,8.2,223.4,26370.1,55.2,130.0,705.3,503.9,144.5,1692.0,953.5,70.5,375.6,102.1,61.5,127.6,1224.4,5.2,181.7,3466.2,46.6
46037,13014.5,389.3,6581.8,3886.0,13933.6,2199.9,202.8,3047.9,,167.1,,410.1,38.4,833.9,3.4,322.2,2664.0,1272.7,1213.0,12.2,318.8,49628.8,403.1,,411.1,438.3,299.8,14.4,4463.7,28.7,719.3,44.4,87.1,354.1,85.2,52.2,,4850.1,27.7
46039,7000.4,300.7,6322.9,3005.0,13367.4,1035.1,194.8,862.3,,174.3,0.8,256.3,53.2,553.0,4.0,303.4,1760.1,1201.6,336.0,24.3,656.7,29288.1,222.4,,339.9,212.0,288.0,1.4,2606.8,27.6,563.4,8.2,83.7,223.9,81.8,14.1,,3287.7,1.4
46041,3561.7,1721.3,613.8,236.5,1239.5,22.5,4.6,310.9,,33.5,,168.5,33.9,71.3,2.1,25.5,1164.1,134.1,78.2,14.5,402.8,3733.0,31.2,,128.6,2.0,3.2,0.6,368.0,1.9,2498.6,10.1,0.3,37.3,122.5,17.2,,543.8,1.3
46043,3733.3,161.9,5203.1,2538.3,4199.6,464.6,32.3,1272.7,242.1,374.8,,55.0,12.8,102.2,5.5,17.9,1314.1,1340.8,630.7,8.1,199.6,26509.9,135.5,330.9,5292.0,260.1,111.5,1498.3,906.6,68.6,529.9,161.8,26.1,41.0,1890.0,7.3,171.2,2710.1,199.2
46045,11206.7,321.4,1178.6,5776.7,4831.7,4014.2,32.2,2173.7,,278.0,,938.6,648.3,65.5,6.1,448.2,1607.1,2116.3,1172.3,224.8,835.4,50003.1,1393.3,,434.6,145.4,100.7,,15313.0,35.9,764.3,65.7,4.4,1291.2,110.2,141.2,,5508.1,8.5
46047,1861.5,,324.7,269.0,1058.5,8.4,1.2,274.7,,17.3,,406.6,7.7,366.4,4.7,7.4,924.8,449.5,6.6,2.5,33.2,2047.1,15.1,196.5,185.7,0.5,5.4,109.2,56.2,0.9,62.3,1.0,2.7,31.0,61.7,5.2,,194.3,0.2
46049,10118.8,305.7,877.8,4863.5,3641.9,4418.1,23.9,1826.8,,197.6,,676.3,414.2,40.9,4.1,329.4,986.3,1576.1,980.9,140.1,601.2,47320.0,1534.6,,356.0,158.4,75.0,,15854.8,26.8,714.9,55.0,3.3,1167.3,82.0,133.2,,5106.4,7.1
46051,6838.0,212.0,7688.5,4103.7,16242.3,1820.5,236.9,1654.8,,192.0,,303.9,30.7,740.0,3.8,358.9,2286.8,1463.3,649.1,10.3,182.4,46718.6,375.6,,418.7,367.7,350.2,4.0,4142.5,33.5,374.9,20.0,101.7,312.5,99.5,28.1,,4107.9,5.4
46053,5360.2,478.5,25646.8,10717.2,10586.0,395.1,25.1,1392.5,,312.9,,5471.9,56.6,112.8,22.7,56.7,3625.8,2770.0,125.5,26.6,498.3,29888.4,160.2,125.6,1545.9,37.0,86.6,5.1,1514.4,17.3,1881.9,179.1,20.2,200.3,1354.5,23.0,,7617.3,4.1
46055,1594.7,1131.6,1587.9,649.2,2974.4,41.8,10.7,682.8,,36.8,,294.4,18.9,738.2,4.0,15.6,4048.8,960.5,101.0,10.4,682.3,10592.6,17.6,63.5,129.4,4.1,1.2,1.1,630.1,2.8,2744.7,18.8,0.3,246.1,169.2,75.5,,860.6,
46057,4002.5,142.8,10164.0,4905.2,21490.8,1753.6,313.2,1050.8,,263.3,,314.8,47.9,832.5,5.5,468.3,2390.6,1931.4,382.5,22.8,508.3,48050.6,361.3,,548.3,358.3,463.0,1.1,4212.3,44.3,240.8,6.6,134.5,322.1,131.5,20.3,,3342.0,1.1
46059,27112.6,642.7,35664.6,7486.2,21988.9,1518.7,191.2,1703.8,,429.8,,703.0,128.0,485.9,32.3,452.6,4571.1,5511.9,790.6,146.4,5988.3,112206.0,385.8,495.6,1014.3,435.4,24.9,14.4,2438.1,47.3,2490.0,728.7,7.1,640.9,2815.8,212.6,,7758.9,18.0
46061,3808.3,318.9,17795.5,3717.9,7858.2,263.3,305.9,474.2,274.9,662.8,,609.6,232.8,636.2,11.7,27.0,2991.9,1605.3,424.7,11.2,350.2,32127.3,53.4,89.1,840.4,600.7,167.0,1605.8,1134.2,66.7,308.2,86.1,71.1,157.9,1414.4,5.6,149.1,3894.6,32.0
46063,4883.6,2259.7,165.6,61.7,711.2,3.5,1.2,736.4,,6.4,,178.7,7.8,100.8,0.4,7.3,1689.5,36.2,231.1,2.3,61.8,4373.9,20.2,,15.2,0.2,0.9,0.7,56.8,0.5,3282.2,30.0,0.1,23.2,33.1,23.5,,387.9,4.0
46065,16506.1,249.4,6447.6,1245.9,4270.8,523.2,34.6,1205.2,,140.1,,194.8,62.8,92.9,13.6,178.6,3993.3,2731.9,157.5,79.2,3753.0,19339.7,60.0,280.9,234.6,122.0,4.5,23.7,1228.7,8.6,986.8,301.0,1.3,268.7,509.1,98.5,,2985.2,29.3
46067,6327.6,297.1,13664.9,6877.6,10948.6,1263.8,84.8,1857.0,539.2,774.8,3.5,95.5,26.8,245.3,8.9,32.3,2709.3,1836.0,1058.1,14.5,355.5,70855.6,347.9,703.6,13932.1,643.9,293.0,3150.1,2429.7,141.6,917.9,132.2,68.5,63.2,4964.1,11.0,296.6,7288.7,313.7
46069,18682.4,501.4,5873.5,1074.7,3740.9,82.0,31.5,699.3,,120.9,,191.0,52.0,91.8,13.0,126.8,3907.6,1617.4,178.6,65.7,2450.2,14304.3,53.5,235.3,187.0,36.8,4.1,0.8,460.8,7.8,1991.8,221.5,1.2,205.8,463.7,70.2,,2456.0,1.0
46071,839.3,1404.5,789.4,352.0,1516.7,43.3,5.3,255.7,,22.8,,340.4,17.2,891.9,6.0,11.0,2222.7,577.4,54.6,7.5,599.5,5634.8,22.0,45.4,89.7,3.3,0.6,5.4,487.6,1.4,3399.0,10.3,0.2,186.0,84.1,32.8,,757.2,
46073,15140.2,259.6,16395.8,3232.0,10400.9,497.9,87.9,1211.7,,154.9,,261.1,29.0,214.9,8.8,161.8,3354.5,4266.9,300.2,31.8,1332.5,37900.2,155.6,97.0,516.6,157.5,11.4,6.4,817.8,21.7,1012.9,221.1,3.3,156.6,1294.5,61.1,,1897.4,7.8
46075,14083.3,487.1,3317.7,1554.5,6757.0,70.2,3.2,1819.6,,73.0,,625.7,17.8,60.1,4.9,13.5,3600.3,3095.7,16.2,21.0,347.2,8401.3,12.6,115.8,384.2,2.1,11.2,0.5,434.8,2.2,1938.1,439.0,2.6,113.2,175.2,32.1,,941.3,0.9
46077,7562.6,577.8,23483.6,5945.2,10367.8,486.1,403.6,830.5,411.6,1329.4,,795.6,431.7,861.1,21.7,40.1,4252.5,1819.2,857.7,9.6,253.1,55972.2,98.2,180.0,1236.9,1110.6,220.3,2595.2,1629.7,102.9,557.4,345.9,93.8,274.1,1866.3,17.4,269.6,6978.7,64.5
46079,4640.6,378.9,20343.2,4604.2,8981.4,355.4,349.7,463.0,307.0,690.6,,682.9,313.1,734.2,11.7,16.5,3437.6,1429.2,441.6,8.9,225.8,41150.7,65.0,92.7,1002.8,797.9,190.9,1803.4,1339.9,73.5,363.1,99.2,81.2,197.7,1616.8,8.9,175.7,4886.3,33.2
46081,113.3,127.7,133.4,48.5,70.6,1.6,0.9,28.3,,1.4,1.9,134.3,2.3,81.2,2.3,1.2,150.7,20.0,6.4,,,313.8,7.4,,6.8,0.3,0.1,1.1,2.6,0.2,309.3,1.1,,4.5,14.2,2.4,,69.8,
46083,2637.7,101.7,10604.5,5538.5,8489.0,1017.3,65.8,1133.2,354.9,452.6,5.7,53.5,19.3,182.0,3.5,18.1,1816.1,1217.7,395.8,10.8,273.2,56848.3,266.4,453.3,10859.2,472.9,227.4,1920.9,1974.9,83.0,237.4,35.4,53.1,34.7,3852.6,7.8,76.7,5971.4,95.5
46085,24015.0,742.3,12334.2,5963.5,23132.1,752.3,12.1,5585.8,,279.5,,2127.6,74.4,127.3,17.4,42.3,5173.9,11220.1,60.4,84.3,1490.6,25544.0,54.5,455.6,1646.8,10.0,41.7,1.3,2537.2,8.3,2950.1,1084.2,9.7,489.0,651.4,114.7,,4284.5,3.6
46087,4696.1,353.7,24505.4,5262.6,10820.0,381.9,421.2,625.9,358.7,723.1,4.2,827.9,335.4,873.5,12.5,18.8,4183.1,2109.4,461.0,11.0,265.1,45231.3,70.3,96.7,1171.9,859.6,229.9,2065.3,1563.3,84.7,335.8,26.1,97.9,212.8,1947.6,7.4,162.4,5268.9,34.6
46089,5221.4,369.9,483.9,2091.5,2063.7,935.0,13.2,900.1,,114.4,,641.8,275.2,51.9,2.5,202.2,1355.3,868.9,379.2,93.0,313.6,16202.3,348.8,,203.8,34.7,41.3,,3914.8,14.8,936.5,21.3,1.8,416.7,45.2,52.0,,2155.9,2.8
46091,12781.0,544.3,9524.0,4674.2,20167.4,1737.0,293.4,1612.7,,238.6,,359.8,34.9,869.7,4.8,446.3,2821.6,1809.7,621.6,13.4,214.3,47638.0,371.6,,524.6,354.1,433.8,2.9,4068.2,41.5,1023.5,17.2,126.0,310.7,123.2,23.7,,4897.7,3.0
46093,3987.4,2612.5,915.9,411.0,2077.0,63.7,6.2,511.5,,43.8,3.2,1274.2,49.6,1682.7,23.9,29.0,3735.5,606.0,430.3,17.3,1140.8,14901.5,77.4,105.7,79.0,8.1,0.7,10.0,1042.0,1.6,6330.9,91.8,0.2,446.4,97.6,183.5,,2259.5,
46095,8405.5,828.7,3014.2,1321.7,4005.2,24.1,2.9,983.9,,41.6,,897.5,7.0,84.3,4.8,12.8,2821.0,1721.2,14.8,5.7,87.4,6092.6,17.3,29.6,265.0,1.6,10.2,1.1,117.0,2.0,3297.7,212.7,2.4,32.9,159.2,22.4,,310.5,0.8
46097,6095.2,542.9,13929.5,3034.2,6150.3,222.6,239.4,603.9,262.9,963.1,,484.5,200.9,506.1,16.3,28.3,2500.5,1196.8,622.9,10.8,378.7,27068.7,56.3,130.8,671.5,532.0,130.7,1637.2,916.9,67.0,539.7,90.3,55.6,144.7,1107.0,8.0,261.1,3726.0,46.8
46099,3876.0,320.5,31709.2,6561.0,14002.5,534.8,545.4,470.0,518.9,1281.4,21.8,1064.9,418.7,1126.6,21.0,70.7,5074.9,2048.8,822.7,10.9,181.8,58462.2,99.9,172.6,1531.1,1110.5,297.6,2910.9,2975.6,123.8,295.3,19.2,126.6,270.7,2520.9,7.6,142.8,6874.1,65.6
46101,3178.5,261.5,20494.5,4365.6,9048.5,326.3,352.3,343.2,285.9,478.5,,683.6,285.0,732.5,8.4,13.9,3335.5,1334.0,302.9,8.3,184.5,38277.5,55.9,63.6,976.8,724.2,192.3,1604.3,1310.4,66.9,245.3,53.0,81.9,177.2,1628.9,6.5,118.7,4332.1,22.8
46103,1707.8,1319.6,1024.1,449.2,1734.3,87.9,6.9,635.7,,36.5,,788.0,36.8,853.3,14.6,22.2,3193.3,351.7,132.5,13.0,875.2,10183.5,56.5,79.9,66.9,10.9,0.8,5.9,842.6,1.8,3198.7,26.8,0.2,336.4,109.1,82.4,,2077.1,
46105,6818.2,1992.8,1508.3,568.4,2702.0,122.1,11.2,1313.3,,56.9,,414.5,49.6,155.0,3.1,57.4,2106.3,380.2,385.8,20.4,2500.8,10152.3,67.0,,154.7,2.8,7.8,58.6,774.6,4.7,2906.6,50.0,0.7,84.7,301.1,51.1,,1150.4,12.1
46107,12123.7,211.2,602.9,2557.6,2592.3,1259.7,16.4,1364.6,,283.2,,1365.2,1493.5,64.1,10.0,314.8,1409.6,1120.9,629.7,524.7,1885.7,30466.1,359.0,,335.2,79.5,51.5,12.2,9346.6,18.4,529.7,35.3,2.3,1556.5,56.4,241.4,,5969.4,19.5
46109,14678.0,395.9,9121.8,5518.9,19278.2,3081.5,281.0,3735.7,,227.4,1.6,494.8,46.2,1087.1,4.5,436.5,3710.7,1750.5,1452.8,12.4,282.2,72306.3,597.7,,535.2,615.5,415.5,14.2,6561.6,39.8,713.8,52.1,120.7,503.9,118.0,61.0,,6598.4,24.5
46111,9340.4,823.5,14590.2,2419.1,6445.7,130.8,251.0,619.0,512.7,1683.2,973.7,521.9,113.6,532.7,27.0,31.1,2874.3,1613.3,1093.4,7.4,169.8,18615.0,66.9,229.5,616.8,375.9,137.0,2208.0,822.7,94.9,833.2,76.2,58.3,94.5,1160.1,4.1,403.0,3186.0,82.4
46113,2271.3,,332.4,259.4,497.1,20.9,1.3,193.9,,18.7,,191.9,8.9,476.1,2.0,3.8,1066.9,16.8,6.8,3.1,50.6,2095.6,12.1,82.2,82.7,2.0,5.5,77.1,167.1,0.9,81.8,3.0,2.8,38.6,63.2,11.7,,468.3,0.2
46115,22479.5,325.6,3077.3,15889.6,12663.5,12813.9,84.0,3117.1,,544.5,,619.7,191.1,76.8,7.1,1031.8,2317.9,5574.7,1273.4,61.3,949.5,134729.6,4327.0,,1270.3,503.7,262.9,15.7,40841.5,93.8,644.6,71.4,11.5,2456.3,287.6,204.6,,10687.0,28.5
46117,527.6,960.6,523.2,305.3,2641.7,19.8,3.5,467.7,,17.1,,113.5,10.6,614.9,2.0,9.3,2349.2,1485.0,13.7,5.9,389.8,5925.1,7.9,36.3,120.9,2.2,0.4,0.5,354.3,0.9,2324.9,2.0,0.1,140.1,55.8,33.6,,467.1,
46119,62902.8,180.5,19508.0,3635.4,12412.6,461.5,104.6,2580.1,,539.1,,707.1,253.4,299.0,52.5,567.3,17805.1,5299.0,685.7,332.5,12764.2,58125.5,159.3,1202.5,619.6,158.8,13.6,8.3,2346.5,25.9,703.8,983.1,3.9,1017.9,1540.2,321.6,,12218.8,13.6
46121,4790.3,1140.7,3153.2,1372.3,1863.5,183.1,3.1,453.2,,48.4,,2418.2,17.9,106.1,15.5,36.9,2395.8,648.0,15.4,9.1,175.7,6281.4,52.6,45.8,283.0,2.5,10.7,3.9,439.8,2.1,4538.3,67.7,2.5,76.0,166.5,7.3,,671.4,0.6
46123,16430.0,832.3,37736.6,16054.1,24278.9,714.9,36.9,4477.5,,492.4,,6919.1,82.1,196.9,28.1,72.3,6020.2,8911.1,184.7,57.1,1016.1,47794.1,188.6,283.0,2672.6,43.6,127.5,5.3,2459.2,25.5,3288.6,805.4,29.8,369.4,1993.0,107.3,,9174.0,7.3
46125,3211.9,130.4,11659.9,5655.4,9365.3,1041.5,72.4,1435.1,415.9,547.2,8.6,70.5,19.4,200.1,4.9,22.1,2027.0,1856.4,577.0,12.0,263.7,56907.9,266.6,528.5,11834.1,508.2,250.0,2258.3,1959.4,101.2,345.9,28.9,58.4,38.8,4236.2,7.3,111.8,5810.6,154.8
46127,2028.8,77.3,9025.3,4914.1,7223.4,901.5,56.0,892.1,333.4,432.7,20.8,51.5,18.2,152.3,4.0,17.6,1509.0,964.6,472.9,9.5,251.4,51052.7,247.3,415.6,9294.6,425.7,193.5,1827.5,1778.0,81.8,160.3,14.4,45.2,35.3,3279.2,6.2,51.8,5425.8,128.4
46129,7130.9,294.6,576.1,2535.9,2388.4,1757.6,15.7,1314.9,,199.2,,877.0,838.7,52.3,6.1,257.5,1231.4,1127.3,724.4,294.4,1518.4,24505.4,430.8,,394.9,143.6,49.2,29.6,7457.3,17.6,738.1,40.6,2.2,1073.4,53.9,112.0,,4387.0,41.5
46135,3466.2,151.0,8380.2,4644.5,6965.9,898.8,52.0,1047.6,579.6,716.5,4.8,146.6,21.4,147.0,10.5,39.1,1627.9,1368.4,1338.5,19.4,235.6,48315.4,270.6,573.5,8652.0,476.3,181.0,2855.7,1714.1,177.3,434.8,23.9,42.0,61.8,3061.1,6.2,140.5,5100.9,432.2
46137,7078.2,1474.3,315.5,130.1,1599.5,21.8,2.3,300.9,,41.0,,176.9,51.5,179.2,3.1,18.6,1150.4,68.9,23.6,22.1,629.1,7120.5,32.1,,51.7,2.4,1.6,0.6,558.0,1.0,2155.2,3.1,0.1,48.0,63.0,46.9,,705.2,0.4
47001,1936.7,5.4,9.8,11.1,39.5,1.8,2.9,0.1,76.5,11.4,143.1,31.2,,0.2,0.3,0.1,9.2,2.8,2.5,1.5,1.7,139.4,0.4,11.2,27.5,3.1,0.1,12.0,18.2,7.6,156.5,0.5,,5.4,6.2,,36.5,0.2,0.1
47003,7792.5,26.4,431.7,396.3,6798.4,4.9,9.7,6.0,9.2,74.9,20.3,174.7,8.3,6.2,2.5,13.3,68.8,143.7,21.9,0.5,0.2,6030.2,41.8,4.7,2493.2,38.5,13.9,1616.7,2814.3,12.8,148.0,44.4,1.9,18.8,29.7,5.7,2196.4,13.4,3.8
47005,232.8,1.8,36.1,753.3,2597.3,3.8,20.5,,1.5,11.3,3.0,139.8,8.2,0.3,,9.1,28.7,252.1,,0.5,1.4,3013.4,13.2,1.0,1637.0,37.9,1.6,241.4,111.9,4.4,75.4,35.7,0.2,7.6,297.6,7.1,89.0,6.6,0.2
47007,353.5,7.0,79.4,62.3,1280.5,12.6,16.3,0.8,70.5,28.5,1077.7,87.6,0.3,2.3,0.5,8.0,19.1,18.9,17.8,3.6,27.5,871.8,4.9,272.7,518.1,61.3,0.3,174.4,162.7,9.8,184.3,0.6,0.3,102.6,5.5,0.2,17.9,10.5,0.8
47009,4527.1,36.1,241.6,235.5,839.1,129.7,71.3,2.5,424.3,120.3,1796.6,410.4,3.5,4.0,1.3,14.3,232.4,68.0,5.7,14.6,41.8,1217.3,19.8,117.1,864.5,99.8,2.7,246.3,420.0,46.9,331.0,4.9,0.7,72.9,151.5,6.6,77.3,98.3,1.3
47011,5750.5,37.0,213.2,189.0,760.2,51.0,62.9,2.2,147.4,45.4,92.1,308.5,1.4,3.6,1.0,3.8,78.3,60.0,7.1,6.2,12.1,747.5,13.2,6.0,539.8,28.9,2.4,137.7,340.4,13.1,451.8,0.6,0.6,5.6,133.7,1.4,105.5,45.5,1.2
47013,1707.8,20.9,47.1,41.8,162.7,2.3,13.9,0.5,63.6,18.2,47.0,73.4,,0.8,0.6,0.4,10.4,13.3,2.1,1.8,1.1,166.5,2.2,3.8,81.1,5.1,0.5,17.4,82.4,4.7,137.2,,0.1,4.4,29.5,,32.0,1.1,0.3
47015,4087.9,18.4,310.6,355.5,4885.0,7.3,7.0,3.3,3.1,49.3,41.9,115.2,9.6,4.5,1.7,7.2,46.2,103.4,7.8,0.4,0.7,5929.5,33.9,15.7,1858.8,24.5,10.0,1196.0,2119.8,6.7,75.9,17.2,1.4,14.5,21.4,2.6,1125.5,14.5,2.5
47017,1723.7,11.1,360.1,3684.7,20378.2,23.1,307.2,77.4,166.5,92.3,1.5,1559.8,66.6,3.1,41.7,107.3,169.3,2512.3,63.1,7.5,0.7,30061.3,117.8,696.2,10263.9,360.1,16.2,2193.3,1558.3,48.1,78.4,242.5,1.9,45.4,2965.4,51.8,92.5,145.0,10.5
47019,1561.2,46.3,58.6,49.0,195.0,0.9,17.3,0.6,20.0,20.4,9.5,105.2,,1.0,0.6,0.6,10.3,16.5,9.8,2.2,,168.7,2.9,4.2,88.3,7.3,0.6,35.9,101.5,7.1,123.8,,0.2,5.1,36.7,,28.9,0.6,0.3
47021,697.5,1.4,13.1,77.2,568.9,0.7,2.5,,6.6,5.8,8.5,198.6,8.5,0.1,,3.4,2.9,20.3,,0.1,0.5,1681.8,9.8,32.8,48.6,18.2,0.8,232.4,258.9,4.2,28.9,4.6,0.2,7.1,3.5,0.6,206.2,5.0,0.1
47023,352.2,4.2,59.3,736.1,3618.4,8.7,40.9,5.5,36.7,120.4,30.2,324.9,36.7,0.5,3.0,17.0,33.5,413.5,4.5,2.8,6.2,7452.3,24.3,67.6,1898.3,82.0,2.7,380.5,240.8,8.2,59.0,59.1,0.3,18.1,488.1,11.6,69.7,22.7,1.3
47025,7419.0,60.4,69.6,58.6,232.7,9.5,20.5,0.7,39.7,26.9,192.2,141.1,,1.2,0.6,2.3,37.3,19.6,8.5,3.4,2.0,487.7,3.4,12.7,113.7,8.8,0.8,54.6,226.1,8.7,600.9,0.1,0.2,13.0,43.6,,140.3,,0.4
47027,1403.9,3.4,37.5,26.2,589.3,0.2,0.8,0.4,1.2,7.5,4.2,109.3,0.5,0.5,0.2,2.1,6.4,12.5,3.8,0.1,,413.9,3.6,0.2,212.6,6.7,1.2,142.9,329.3,1.5,27.5,0.1,0.2,2.6,2.6,,408.8,0.8,0.4
47029,2388.2,16.0,110.7,107.0,374.4,127.3,32.7,1.1,91.3,26.0,1341.1,201.8,2.2,1.8,0.8,4.1,68.9,31.2,23.7,8.3,6.0,494.5,10.6,5.6,499.0,102.4,1.2,162.9,254.5,7.8,175.4,0.7,0.3,15.4,69.4,1.8,40.9,51.8,0.6
47031,1977.2,46.5,869.9,1196.3,13881.4,833.1,178.1,12.2,17.9,133.1,30.4,427.0,37.2,25.0,5.1,75.0,118.7,206.7,29.6,1.1,1.9,24774.6,105.0,17.0,6037.9,95.7,3.2,1518.5,1947.6,14.4,239.1,1.3,3.2,37.4,59.8,5.9,23.3,37.8,9.1
47033,1159.7,6.2,56.4,930.5,3550.6,12.9,503.0,352.4,770.3,75.3,13.9,1199.6,89.1,0.5,190.1,153.9,454.6,393.6,287.6,32.8,,63267.3,27.7,3180.4,2906.7,62.9,2.5,4364.3,2990.1,27.8,42.7,201.8,0.3,25.3,464.5,57.1,50.4,498.7,38.1
47035,352.0,6.3,82.1,78.2,1321.2,3121.6,16.8,0.9,18.3,15.3,19388.7,53.1,1.2,2.4,0.5,10.3,17.3,19.5,7.2,288.2,4.6,1184.5,6.4,51.4,1586.1,6.4,0.3,140.7,1339.8,4.5,143.4,0.2,0.3,601.8,5.6,0.8,13.9,2.1,0.8
47037,1788.7,4.2,46.3,42.3,737.5,2.0,1.0,0.5,8.2,14.0,56.8,32.3,0.9,0.7,0.3,3.0,9.2,15.4,4.2,0.6,5.6,756.1,4.8,11.2,268.9,5.8,1.5,177.7,306.3,3.8,34.4,12.0,0.2,3.3,3.2,1.4,509.8,3.1,0.4
47039,213.6,2.1,21.9,875.1,2045.5,4.3,12.4,,43.9,6.2,40.3,95.1,8.2,0.2,,8.7,30.0,153.1,,,,3420.1,10.1,32.8,1674.0,24.5,1.0,224.4,89.7,4.4,85.8,46.3,0.1,8.5,180.7,9.2,101.3,7.6,0.1
47041,2960.0,8.5,66.0,98.1,1040.2,2.3,1.5,0.7,2.6,12.9,15.4,71.8,2.8,0.9,0.4,3.5,13.0,22.0,5.4,0.3,,1797.0,9.5,1.2,409.2,8.9,2.1,270.8,495.2,3.3,57.0,12.1,0.3,6.2,4.5,1.5,845.2,4.3,0.6
47043,2192.9,2.8,20.3,102.5,884.6,0.1,3.9,,3.9,13.8,10.9,262.7,11.5,0.1,,3.9,6.8,31.5,,0.6,2.7,395.9,10.7,6.8,38.1,36.2,1.2,440.9,300.2,5.5,95.1,5.1,0.3,1.5,5.4,0.6,678.4,0.4,0.2
47045,2661.8,40.4,1158.5,1187.0,19777.1,117.3,290.1,89.6,220.3,1450.6,4.2,2884.0,67.0,11.1,201.9,428.3,481.1,1939.2,23.2,8.0,,78162.9,102.2,776.4,9088.9,42.2,35.1,1983.3,2150.0,73.3,81.1,83.8,17.2,102.7,3453.5,389.8,78.9,1431.6,41.0
47047,1621.0,14.0,160.4,4005.3,11677.7,29.2,356.1,198.5,428.4,47.6,2.8,1147.8,87.2,1.4,107.1,132.5,346.6,1118.7,162.0,18.5,,52735.5,71.2,1787.6,8779.7,170.5,7.2,3322.6,2161.4,31.0,255.3,387.3,0.9,57.2,1320.4,85.8,301.5,319.3,22.2
47049,298.2,6.9,47.3,51.2,758.7,847.8,9.7,0.5,5.5,14.1,5164.4,30.6,1.1,1.4,0.3,3.2,14.4,11.2,4.9,76.9,2.1,836.0,4.4,3.6,602.4,5.6,0.2,81.5,465.2,2.4,168.9,,0.2,158.8,3.3,,16.4,4.3,0.5
47051,3205.2,42.6,1395.3,1553.9,22293.0,851.8,285.7,38.1,8.0,190.9,12.6,725.4,38.0,40.1,9.0,184.7,182.8,331.6,35.9,0.8,0.4,31614.2,133.3,5.4,9261.3,110.5,5.1,2280.9,3118.5,13.9,234.5,4.5,5.1,30.4,95.9,17.0,22.8,40.7,24.5
47053,4293.4,46.5,711.8,7488.9,40014.9,96.8,658.7,191.4,510.4,48.8,95.1,3207.3,197.8,6.1,103.2,405.6,361.2,4966.1,156.2,18.7,2.5,106662.9,283.6,1795.7,20850.7,726.0,32.0,5091.5,3792.9,101.2,88.9,2409.8,3.8,190.0,5861.6,484.8,104.9,427.8,24.5
47055,10212.3,25.3,463.5,337.8,7306.8,3.1,10.4,21.1,13.3,78.8,37.6,363.2,6.5,6.7,3.7,26.5,373.7,154.3,33.1,0.9,2.7,10369.9,38.7,24.7,2632.9,35.0,14.9,1725.0,3091.5,14.6,198.9,18.4,2.0,17.3,31.9,2.6,2951.1,13.1,26.4
47057,4746.3,57.6,62.4,59.7,240.6,4.1,18.4,0.6,169.5,44.5,931.4,125.0,,1.0,0.7,2.8,41.2,17.5,7.1,3.4,3.6,398.7,3.1,14.7,129.4,62.2,0.7,49.3,170.1,11.6,382.3,0.3,0.2,13.1,39.1,0.5,89.3,2.0,0.3
47059,10006.4,326.5,324.1,274.6,1089.7,54.8,95.7,3.3,51.5,132.1,351.5,552.0,1.3,5.4,2.9,8.2,103.7,91.2,26.7,9.4,4.9,1117.6,20.0,47.4,663.7,64.5,3.6,234.1,700.9,44.7,794.9,0.7,0.9,47.5,203.3,1.5,185.6,26.6,1.8
47061,292.6,7.2,59.9,62.5,958.5,29.9,12.3,0.6,1.6,16.0,100.1,33.2,1.3,1.7,0.5,11.3,11.8,14.2,10.1,0.2,0.2,1124.4,5.6,2.5,393.5,13.6,0.2,100.3,124.8,4.1,87.1,0.3,0.2,5.2,4.1,1.2,8.5,1.3,0.8
47063,2889.8,69.9,187.1,175.5,618.5,153.0,55.2,1.9,24.7,39.6,87.1,276.0,3.9,3.1,2.3,9.1,148.7,52.6,5.9,5.7,0.3,722.4,18.6,9.4,804.9,81.2,2.1,222.0,374.3,15.0,206.0,1.9,0.5,15.4,117.3,4.2,48.1,76.2,1.0
47065,3429.6,21.8,65.1,62.1,223.7,33.6,19.2,0.7,89.3,20.5,72.2,117.6,0.9,1.1,0.4,3.9,77.9,18.3,5.8,2.8,1.7,362.4,5.2,11.1,219.4,30.4,0.7,69.2,110.6,14.4,268.2,1.5,0.2,3.4,40.8,1.9,62.6,19.7,0.4
47067,3358.1,23.4,7.5,8.8,32.8,0.5,2.2,0.1,53.3,13.3,103.0,28.8,,0.1,0.2,1.1,15.5,2.1,1.3,0.7,1.8,171.9,0.5,4.7,21.3,5.1,0.1,14.3,62.5,2.8,273.3,,,4.7,4.7,,63.8,2.8,
47069,577.9,3.8,78.4,1088.7,5129.4,7.9,117.0,54.3,131.1,27.5,14.9,445.3,26.2,0.7,29.3,42.4,121.8,546.8,44.3,5.5,1.2,14587.4,28.4,499.3,2782.3,80.6,3.5,1109.7,659.1,13.2,140.5,111.0,0.4,15.6,645.5,24.6,165.8,87.1,6.3
47071,541.7,9.3,63.8,1552.4,4475.1,19.4,47.0,8.1,20.1,61.2,5.3,297.6,44.2,0.5,4.4,18.9,41.4,445.3,6.6,1.6,2.4,15420.6,36.1,75.0,3304.2,83.8,2.9,517.9,366.6,8.2,71.9,61.6,0.3,38.4,525.6,12.7,84.9,44.9,1.4
47073,7445.4,129.9,70.2,72.6,268.4,22.5,20.7,0.7,273.4,86.3,639.9,169.9,0.4,1.2,1.1,3.6,37.4,19.7,11.2,5.6,17.8,609.3,5.0,42.9,202.3,17.9,0.8,91.4,277.4,19.7,601.6,0.1,0.2,38.5,44.0,,140.5,23.1,0.4
47075,1912.5,12.1,122.2,2902.7,8301.2,25.2,711.7,480.6,1048.1,165.1,16.7,1847.2,145.1,1.0,259.3,227.4,631.2,852.6,392.3,44.8,,92113.0,57.2,4336.0,7136.8,144.0,5.5,6157.2,4250.0,43.3,73.5,384.7,0.7,49.3,1006.4,99.6,86.8,693.4,52.4
47077,569.8,6.6,95.1,910.9,5893.6,13.8,61.0,5.4,14.9,37.8,6.8,386.4,30.3,0.8,2.9,19.0,73.0,663.4,4.4,1.6,3.1,11171.1,38.7,50.5,2601.8,103.9,4.3,680.4,353.8,11.8,169.4,21.0,0.5,27.5,783.1,4.5,199.9,31.3,1.2
47079,1988.0,15.9,434.2,4115.4,24392.8,33.0,249.4,2.7,35.5,114.7,28.2,1755.0,75.3,3.7,1.5,132.1,99.8,3029.2,2.2,0.5,0.8,27258.8,147.1,46.6,11675.8,441.7,19.5,1672.5,1436.8,53.9,116.8,668.2,2.3,64.7,3575.4,132.0,137.9,61.3,3.0
47081,1954.9,2.8,58.1,300.5,2530.9,0.5,11.0,,0.3,5.1,1.0,106.4,7.2,0.2,,4.6,10.9,90.1,,0.1,0.3,1542.5,14.9,,124.5,16.3,3.6,792.4,846.1,3.8,82.6,20.6,0.9,4.7,15.5,2.4,589.1,3.7,0.3
47083,666.3,0.8,8.4,41.9,364.8,,1.6,,,2.4,,48.8,2.4,,,0.9,2.3,13.0,,,,90.5,2.8,,14.9,7.4,0.5,153.2,117.6,1.2,28.9,0.5,0.1,0.1,2.2,0.1,205.8,,0.1
47085,1718.0,3.0,154.3,791.9,6723.6,1.2,29.3,,0.7,7.5,2.1,158.9,12.3,0.6,,9.7,22.1,239.4,,0.1,0.5,3231.9,34.3,1.1,316.1,25.0,9.5,1722.4,2223.4,8.0,70.7,7.0,2.3,10.1,41.3,0.9,504.0,8.2,0.6
47087,1579.7,5.9,8.7,26.9,140.7,1.8,0.2,0.1,1.9,8.0,15.6,105.3,0.8,0.1,0.2,2.2,2.8,2.9,8.6,0.3,,500.3,4.3,0.5,63.0,8.3,0.3,50.5,139.4,3.4,31.2,0.2,,4.7,0.6,,463.0,1.3,0.3
47089,5236.1,87.1,199.2,174.8,700.2,34.9,58.8,2.0,162.8,80.3,1070.5,308.0,0.9,3.3,1.1,5.4,85.5,56.1,8.7,8.8,12.3,771.8,11.7,54.2,452.0,49.5,2.2,125.7,338.6,19.4,411.9,0.8,0.6,43.3,124.9,1.8,96.2,17.8,1.1
47091,2438.5,78.9,66.2,54.6,218.7,5.2,19.5,0.7,9.2,28.7,38.2,118.2,,1.1,0.9,1.1,14.8,18.6,7.5,2.1,,211.6,3.5,8.8,104.6,12.8,0.7,39.5,139.4,11.5,195.8,0.1,0.2,9.8,41.5,,45.7,,0.4
47093,4584.2,37.8,80.3,85.1,296.1,48.2,23.7,0.8,264.8,49.0,107.3,141.8,1.1,1.3,0.7,0.8,30.8,22.6,7.7,4.3,1.5,494.0,6.6,9.7,297.7,12.8,0.9,82.8,150.5,14.5,364.6,0.4,0.2,7.8,50.4,0.3,85.1,23.3,0.4
47095,1082.1,22.2,528.8,713.4,9047.2,57.3,138.6,45.6,97.2,638.5,,1294.5,31.4,5.1,103.6,138.3,238.1,942.2,11.8,4.1,,41668.8,50.6,393.7,4233.0,23.2,16.0,969.7,1121.7,33.6,0.7,24.3,7.8,56.3,1576.5,122.2,,764.7,20.2
47097,2262.7,32.1,1077.7,1227.8,18396.1,82.8,405.2,185.4,395.0,1398.4,75.0,2713.3,66.5,10.3,416.7,170.6,927.1,1790.9,47.9,16.8,0.8,84592.5,86.3,1618.6,8512.8,33.5,32.7,2423.0,2303.5,78.9,87.8,22.0,16.0,84.7,3212.7,119.7,65.4,1830.2,78.1
47099,3737.6,6.9,299.5,1596.2,13096.7,3.1,66.3,9.1,22.1,28.0,11.5,540.4,41.0,1.2,2.3,25.0,374.2,464.6,10.5,1.1,1.9,8923.2,78.6,89.9,759.4,85.2,18.4,3698.0,4446.2,21.2,151.0,40.2,4.5,26.2,80.1,4.9,1077.2,27.2,6.4
47101,607.1,0.8,7.7,40.3,335.9,0.1,1.5,,,5.6,,86.3,6.0,,,1.1,2.1,12.0,,,,303.4,5.4,,17.3,17.4,0.5,146.2,114.7,2.3,26.2,,0.1,0.9,2.1,,187.2,0.7,0.1
47103,9778.2,27.6,531.1,505.7,8382.2,10.1,12.0,90.0,72.9,165.0,413.3,1257.4,11.5,7.6,8.3,107.5,1695.9,176.8,105.9,2.7,76.5,36696.8,48.5,283.5,3105.0,53.3,17.1,2190.2,4183.9,25.8,182.8,51.5,2.3,25.5,36.5,6.8,2711.8,59.5,124.6
47105,4485.3,36.6,164.0,158.6,543.7,151.0,48.4,1.7,49.4,27.2,34.4,257.1,4.2,2.7,0.7,14.0,245.1,46.2,8.6,4.9,0.1,838.7,18.0,11.9,778.2,103.8,1.8,233.7,306.8,19.1,328.6,3.7,0.5,4.9,102.9,7.3,76.7,82.2,0.9
47107,6523.2,52.0,395.3,350.1,1402.4,114.5,116.7,4.1,206.8,76.8,198.4,559.5,3.0,6.6,2.4,8.0,139.7,111.2,7.7,11.4,5.0,1284.5,25.5,12.7,1067.3,63.2,4.4,264.7,645.9,21.6,498.9,1.3,1.1,14.1,247.9,3.1,116.5,64.1,2.2
47109,537.2,8.9,73.5,919.2,4504.8,18.6,59.4,13.3,69.4,4.5,44.0,327.8,33.5,0.6,7.2,21.5,52.7,512.6,10.9,3.3,5.5,15629.0,37.8,150.0,2400.4,81.7,3.3,627.0,411.9,11.1,83.1,47.4,0.4,37.3,605.1,10.2,98.1,50.5,1.8
47111,3265.4,9.7,86.6,78.4,1365.6,1.8,2.0,1.0,3.5,20.0,35.2,792.7,1.8,1.2,0.6,15.3,15.7,28.8,11.0,0.3,,1349.3,10.4,0.7,502.6,16.4,2.8,361.0,1305.3,4.9,63.7,9.3,0.4,10.3,6.0,1.2,945.1,2.7,0.9
47113,1284.6,10.7,169.5,2210.1,10001.1,22.3,328.4,173.9,399.4,112.3,28.8,1157.2,83.7,1.4,93.8,113.2,255.7,1182.2,142.0,17.5,3.6,43444.2,66.8,1583.8,5915.6,185.8,7.6,2725.3,1908.8,31.5,58.8,256.8,0.9,44.3,1395.4,59.1,69.4,274.0,19.8
47115,501.8,9.4,142.6,223.5,2273.9,173.0,29.2,1.5,4.8,19.1,21.4,65.7,7.7,4.1,0.8,15.0,22.5,33.9,0.5,,,4918.2,19.7,,1023.1,18.0,0.5,256.0,325.8,1.6,99.5,0.6,0.5,5.8,9.8,1.5,9.7,7.4,1.1
47117,5991.2,21.5,228.0,171.5,3587.8,3.3,5.1,3.1,4.3,56.8,31.7,173.3,3.1,3.3,1.6,8.2,37.7,75.9,28.8,0.4,0.9,2565.8,25.3,21.3,1295.8,34.9,7.3,846.7,1470.7,13.1,116.8,17.0,1.0,15.8,15.7,2.3,1732.5,4.8,2.5
47119,8707.3,35.0,405.8,450.1,6395.8,3.9,9.1,14.2,10.4,89.9,44.1,371.3,8.1,5.8,3.0,20.4,178.8,135.1,49.7,0.6,0.5,7799.2,46.3,14.5,2350.0,55.9,13.0,1584.3,2732.2,20.1,167.1,32.1,1.8,25.3,27.9,4.3,2479.4,13.3,12.6
47121,2728.3,11.3,57.6,56.8,199.8,34.8,17.0,0.6,87.1,17.6,10.9,82.6,1.0,1.0,0.3,7.3,128.4,16.2,0.8,1.7,0.6,336.2,5.0,0.7,217.2,49.3,0.6,55.2,104.3,3.8,209.4,1.5,0.2,1.3,36.1,3.7,48.9,19.9,0.3
47123,6062.0,41.0,287.7,272.0,948.0,237.3,84.9,2.9,31.3,36.6,14.2,401.8,6.6,4.8,1.7,18.3,322.4,80.9,5.1,7.1,0.8,1287.5,29.6,4.3,1275.1,142.5,3.2,350.5,526.3,14.2,440.8,3.9,0.8,7.3,180.4,9.3,102.9,131.0,1.6
47125,1925.4,4.4,242.3,1259.1,10555.6,2.8,49.2,2.5,16.0,26.5,15.9,771.1,37.8,1.0,0.8,25.2,146.7,375.8,3.6,0.7,1.8,7503.5,68.5,70.1,535.3,83.3,14.9,2745.0,3648.0,20.0,70.7,98.3,3.6,26.6,64.8,11.8,504.5,21.6,2.9
47127,2119.3,7.6,54.1,50.4,855.9,1.0,1.2,0.6,2.0,16.1,11.4,55.9,1.2,0.8,0.4,2.0,9.3,18.0,9.8,0.2,0.8,804.3,7.7,0.6,314.5,11.7,1.7,205.8,360.9,4.4,41.8,,0.2,5.4,3.7,0.1,620.4,2.0,0.7
47129,202.0,3.8,41.7,33.6,677.8,3.6,8.5,0.4,10.5,7.0,26.1,27.8,0.1,1.2,0.3,2.9,11.3,9.9,2.8,0.8,2.5,297.3,2.4,30.4,261.4,2.4,0.2,67.8,95.2,2.9,121.6,,0.2,12.6,2.9,,11.8,0.3,0.4
47131,4236.9,38.3,3200.9,1904.0,54606.0,98.9,509.2,27.1,63.4,3883.5,42.4,7892.8,62.5,30.6,61.2,469.4,292.7,5140.6,7.0,2.4,,67021.1,183.8,261.8,23543.5,40.0,97.1,2678.9,2906.5,191.0,184.9,88.2,47.5,95.9,9542.3,433.8,136.8,1010.5,23.6
47133,420.9,9.7,70.0,98.2,1236.8,78.3,14.3,0.7,31.8,29.6,411.3,50.3,0.9,2.0,0.5,7.5,20.6,16.6,8.7,6.7,6.1,871.8,5.3,1.9,571.6,7.2,0.3,155.4,218.4,5.6,236.4,0.4,0.3,16.1,4.8,0.2,23.0,11.3,0.8
47135,835.1,1.2,52.4,267.2,2282.9,0.2,9.9,0.1,1.1,6.9,3.8,105.7,6.9,0.2,,3.9,8.0,81.2,,0.3,1.1,723.5,12.8,,104.1,18.9,3.2,604.2,739.5,4.1,34.9,8.1,0.8,2.0,14.0,1.0,248.9,1.5,0.3
47137,119.9,4.5,6.5,12.8,105.2,10.7,1.3,0.1,4.5,5.7,27.4,18.4,0.5,0.2,0.1,1.8,4.3,1.5,6.4,0.9,,293.6,1.3,0.4,94.2,4.8,,21.4,144.5,2.5,69.5,0.1,,2.9,0.4,,6.8,0.4,0.3
47139,1760.8,16.5,97.7,102.9,328.4,133.1,28.8,1.0,57.0,20.5,40.7,135.8,3.7,1.6,0.5,11.7,195.5,27.5,1.5,2.7,1.9,555.9,13.7,2.9,625.2,86.4,1.1,177.0,197.7,5.3,114.8,2.5,0.3,4.6,61.3,6.0,26.8,74.7,0.5
47141,394.1,11.2,54.2,41.1,871.8,7.1,11.1,0.6,11.2,19.0,58.3,55.7,0.2,1.6,0.5,5.0,18.6,12.9,16.5,1.2,0.8,409.6,3.6,4.0,340.5,7.4,0.2,99.4,174.5,7.5,235.9,0.7,0.2,7.5,3.7,0.1,22.9,1.3,0.9
47143,3121.1,18.3,62.2,84.4,298.3,122.0,18.3,0.6,348.3,107.6,3282.2,125.3,3.3,1.0,0.3,8.5,101.0,17.5,2.0,11.5,37.9,845.5,11.2,121.9,630.4,110.3,0.7,195.3,152.9,12.3,234.0,1.3,0.2,94.2,39.0,2.8,54.6,77.5,0.3
47145,3292.5,22.2,22.3,34.8,172.9,2.3,6.6,0.2,324.5,46.7,57.1,50.3,,0.4,0.3,1.2,16.1,6.3,2.8,2.3,1.1,354.1,1.1,3.7,130.0,4.5,0.2,34.9,48.1,8.5,266.8,0.1,0.1,3.6,14.0,,62.3,1.5,0.1
47147,3411.9,10.2,680.1,3572.4,29664.4,8.4,129.0,1.1,36.1,85.9,68.8,1982.4,112.7,2.8,,67.8,88.2,1055.1,,2.8,12.1,21097.3,199.6,128.8,1571.3,253.8,41.8,7232.9,10167.8,58.9,106.6,397.4,10.2,77.5,181.8,47.1,760.3,58.2,3.3
47149,6822.4,23.1,266.7,264.6,4196.0,6.8,6.0,12.2,5.8,58.4,55.6,255.9,5.7,3.8,2.2,17.9,203.6,88.8,32.6,0.7,2.2,6896.9,29.8,23.4,1552.9,33.2,8.6,1035.5,1812.0,12.3,130.8,26.9,1.2,17.3,18.3,3.5,1940.4,10.5,14.5
47151,64.6,2.8,11.6,7.3,184.2,,2.4,0.1,0.5,5.4,0.9,9.4,,0.3,0.1,0.8,3.5,2.7,5.2,0.1,,59.0,0.8,0.3,73.1,2.0,,20.4,23.2,1.6,40.2,,,1.7,0.8,,3.9,,0.3
47153,181.2,5.7,64.8,60.4,1038.1,23.0,13.3,0.7,3.3,15.6,5.1,40.7,1.0,1.9,0.5,7.2,10.9,15.4,10.5,0.4,,898.8,5.3,1.0,413.8,6.6,0.2,109.1,131.8,4.1,57.5,0.1,0.2,3.9,4.5,0.5,5.6,1.0,0.8
47155,4651.9,32.8,6.9,12.4,65.8,10.1,2.0,0.1,117.5,24.4,169.1,63.6,0.2,0.1,0.5,0.9,21.1,2.0,20.6,3.6,4.0,308.3,1.0,11.3,88.8,6.2,0.1,66.6,39.0,7.4,374.5,0.1,,10.0,4.4,,87.4,7.3,
47157,1871.4,9.4,283.4,413.7,4841.1,24.2,148.0,80.0,176.3,400.2,70.0,769.8,25.3,2.7,179.9,105.4,405.6,482.2,20.7,7.2,0.3,31199.1,23.9,700.6,2303.1,9.8,8.6,1023.3,779.2,26.0,186.2,16.0,4.2,25.5,844.8,83.2,139.4,690.6,33.0
47159,4810.3,11.2,137.3,99.6,2162.5,1.9,3.1,1.5,8.0,28.4,32.6,197.5,2.0,2.0,0.8,5.1,23.3,45.7,11.5,0.6,3.5,1599.4,12.8,5.6,782.3,14.1,4.4,515.6,1011.7,5.6,94.8,3.6,0.6,8.2,9.4,0.6,1406.4,4.2,1.3
47161,725.0,1.1,16.1,84.5,702.7,0.2,3.1,,3.5,3.3,5.8,117.4,3.6,0.1,,2.6,3.4,25.0,,0.2,0.8,625.0,5.4,14.7,36.7,9.7,1.0,243.2,254.5,2.4,30.7,8.2,0.2,2.6,4.3,1.0,218.8,1.6,0.1
47163,5093.0,162.5,153.2,129.8,514.2,3.6,45.2,1.6,94.3,71.4,125.8,257.8,,2.6,1.5,2.6,46.9,43.1,15.5,4.9,1.8,510.0,8.0,21.6,234.6,28.5,1.7,78.2,267.4,23.7,407.5,0.3,0.4,21.5,96.1,0.5,95.1,0.8,0.9
47165,5304.5,30.4,318.7,372.3,5038.1,6.5,7.2,3.4,28.9,83.0,95.1,451.6,9.8,4.6,2.2,22.5,54.5,106.1,37.5,1.6,8.8,6643.6,43.1,44.5,1907.4,49.0,10.2,1263.9,2372.4,22.7,95.6,74.7,1.4,24.8,21.9,9.1,1417.9,17.1,3.3
47167,1733.3,17.8,748.5,999.0,12775.1,45.8,429.7,240.6,498.5,977.2,15.9,1873.7,44.4,7.2,540.0,290.1,1170.7,1230.6,62.2,21.6,0.3,74252.9,54.2,2108.6,6001.3,18.8,22.7,2355.0,1988.8,59.4,95.1,43.1,11.1,50.6,2231.4,225.1,70.4,1840.7,98.6
47169,1187.3,4.6,11.9,22.1,191.3,0.3,0.3,0.1,1.7,7.2,4.8,167.1,0.6,0.2,0.2,4.6,3.9,4.0,6.6,0.1,,478.3,3.7,0.4,76.1,10.4,0.4,58.7,226.7,2.6,22.7,9.7,0.1,3.9,0.8,1.2,336.9,1.0,0.3
47171,23.0,6.9,2.0,1.7,6.7,,0.6,,2.0,2.2,1.4,26.6,,,0.2,0.1,0.1,0.6,10.7,1.3,,24.5,0.1,0.7,5.2,1.7,,22.0,10.6,1.7,,,,1.1,1.3,,,,
47173,1833.3,9.9,8.7,9.5,34.3,0.5,2.6,0.1,47.2,9.2,42.9,22.0,,0.1,0.3,0.4,8.7,2.4,1.6,0.7,0.6,123.5,0.4,2.4,22.2,2.8,0.1,9.3,37.1,1.8,148.8,,,2.8,5.5,,34.7,0.2,
47175,150.9,4.0,14.8,13.2,236.3,4.9,3.0,0.2,,5.0,,8.8,0.2,0.4,0.1,0.9,6.6,3.5,3.8,,,193.2,1.3,0.2,94.2,2.0,0.1,24.8,31.3,1.3,93.3,,0.1,1.9,1.0,,9.1,0.2,0.3
47177,966.0,19.9,217.6,315.9,3545.2,202.5,44.5,2.3,21.2,40.2,105.7,120.0,8.9,6.3,1.3,23.7,43.9,51.7,10.2,1.1,3.3,6037.5,25.8,21.0,1566.4,26.7,0.8,406.9,505.7,8.4,338.6,1.6,0.8,18.8,15.0,2.0,32.9,11.5,2.0
47179,7251.4,184.1,463.8,404.0,1582.0,40.1,136.9,4.8,476.3,170.9,2486.4,697.0,0.1,7.7,2.9,3.8,67.4,130.5,17.6,17.7,18.8,1284.2,22.2,57.7,764.8,137.1,5.1,164.5,780.1,40.8,569.6,0.1,1.3,57.0,290.8,0.5,133.0,14.6,2.6
47181,1651.2,2.4,27.8,158.7,1225.4,0.4,8.6,3.0,6.9,4.9,4.8,70.3,6.1,0.1,0.8,3.8,123.3,43.2,3.7,0.6,1.3,1558.5,8.9,23.2,97.3,11.3,1.7,561.6,444.1,2.4,69.8,17.3,0.4,3.9,7.4,2.1,498.0,5.2,1.9
47183,3614.3,30.7,783.5,7421.8,43473.9,64.0,447.9,3.3,11.9,45.4,4.5,2844.8,114.1,6.7,1.8,267.6,136.0,5466.2,2.7,0.4,0.2,52823.9,269.8,33.5,21071.7,771.8,35.2,2834.0,2221.2,95.3,77.0,1540.7,4.2,125.3,6451.9,303.6,90.9,116.3,4.8
47185,626.6,11.2,201.9,199.5,3320.3,53.4,41.3,2.2,13.6,29.9,82.8,117.8,2.3,5.8,1.2,16.6,40.0,48.0,5.5,0.9,1.8,2274.5,14.3,23.0,1358.1,12.2,0.7,352.9,460.2,7.4,299.8,1.7,0.7,13.6,13.9,0.7,29.1,4.1,1.7
47187,6197.1,26.6,249.9,298.5,3941.0,4.0,5.6,3.8,17.5,69.0,61.5,216.8,7.0,3.6,1.7,13.3,43.4,83.2,34.4,1.1,4.6,4798.3,33.4,69.5,1485.7,40.6,8.0,994.6,1696.9,18.6,117.1,43.0,1.1,20.6,17.2,5.3,1737.7,11.1,2.7
47189,7189.5,13.6,85.3,50.9,1363.6,2.1,1.9,0.9,19.8,33.3,93.1,128.2,0.6,1.2,0.7,5.3,19.5,28.4,13.6,1.4,7.1,842.4,8.7,69.1,478.0,15.8,2.7,321.6,583.5,12.3,142.9,6.9,0.4,10.2,5.9,0.8,2120.3,2.5,0.9
48001,12929.6,62.1,,,200.4,1.3,1.0,8.2,379.1,138.4,2032.5,1055.4,15.8,120.2,6.1,4.4,951.7,,105.3,27.0,22.6,1752.4,3.9,255.4,355.8,,6.1,136.4,626.9,,1134.3,25.3,7.9,370.7,182.1,2.9,855.5,280.6,5.7
48003,339.4,300.7,,71.6,1673.1,4.1,3.8,71.9,49.6,29.7,11.8,113.9,5.0,138.2,4.4,20.7,671.6,20.2,91.3,5.7,28.3,2902.1,6.4,84.6,311.3,,,670.0,1170.4,0.4,73.9,18.8,,0.2,89.7,0.2,147.3,3019.7,10.8
48005,3527.8,30.8,,0.3,10.3,,,,149.7,10.6,237.5,15.7,1.3,14.6,,,190.0,,1.2,3.5,0.8,278.8,2.1,18.8,13.4,,,15.2,0.1,,434.6,7.0,,73.5,1.0,,41.7,56.6,
48007,137.2,,,,295.0,,,5.4,,33.8,1.1,,10.6,4.7,0.9,1.2,54.8,28.2,,4.0,,220.8,,,127.6,,,82.1,446.8,2.2,22.0,,,0.8,43.2,,151.5,593.5,9.0
48009,14149.2,171.7,28.1,8.2,162.9,0.7,0.4,6.7,219.6,10.2,,35.1,1.1,8.3,0.3,4.4,558.2,10.8,24.2,0.2,,408.5,1.1,35.6,83.4,0.4,,16.4,30.1,1.2,212.6,1.5,0.3,8.9,23.4,,253.9,217.2,9.9
48011,4664.4,134.0,58.9,587.9,7298.0,,4.7,110.0,,65.2,,711.1,0.5,76.2,2.0,14.6,499.6,442.5,33.2,0.6,,5316.9,0.5,94.0,754.5,13.9,6.4,1089.1,173.0,2.5,73.7,4.1,3.3,0.1,438.4,0.5,76.0,1017.5,29.8
48013,9725.3,295.2,491.9,22.8,2065.0,,,5.4,53.8,14.8,2923.9,92.7,60.0,110.9,26.7,29.3,113.0,102.3,486.4,52.2,1680.6,1751.0,22.3,45.1,1053.5,,,561.3,1356.3,22.4,257.9,45.0,,150.7,862.8,,474.4,1016.9,5.7
48015,15813.8,333.6,733.0,149.4,1017.5,63.1,9.4,23.9,355.3,61.0,192.3,573.8,24.3,87.7,2.3,19.8,739.0,138.9,115.6,8.6,13.3,3280.4,15.4,154.1,755.6,23.6,2.3,353.4,643.3,12.9,3235.5,108.4,3.9,15.6,511.7,,4989.9,929.1,16.8
48017,600.3,166.4,877.7,815.0,17221.1,152.7,61.4,772.9,47.1,389.3,342.0,471.9,53.3,33.1,58.2,156.1,1343.0,705.0,868.3,41.7,579.5,20874.7,43.0,536.2,1650.9,63.2,9.7,3939.6,8226.7,81.6,24.1,7.7,5.0,91.1,1002.5,3.3,30.6,21676.6,72.7
48019,2749.5,462.3,,2.0,68.3,,,2.0,57.1,3.2,128.8,50.5,0.3,88.3,0.2,0.5,53.7,7.6,9.3,1.1,0.6,130.2,0.4,57.3,64.6,0.2,,49.0,1.1,1.0,45.3,1.7,,2.3,7.4,,2215.2,60.3,0.4
48021,17287.2,354.2,255.9,52.8,371.3,8.0,3.3,8.0,672.9,19.7,476.3,388.4,9.6,90.3,0.6,5.3,768.1,53.4,60.4,5.1,36.0,1685.8,5.4,183.3,261.8,0.3,0.8,97.7,375.6,10.9,3537.0,12.1,1.3,21.8,183.1,,5390.9,458.8,5.1
48023,2979.4,120.0,,17.7,1465.3,,,19.0,11.6,16.3,3.9,501.2,2.2,3.4,2.0,11.1,336.9,67.8,139.9,2.8,,1932.6,0.1,118.5,365.4,,,677.0,589.3,0.1,557.9,4.0,,1.1,63.1,,84.0,1248.7,5.7
48025,28282.8,555.3,3454.5,707.1,4848.8,81.0,44.1,102.0,19.2,201.0,57.4,1859.3,78.5,176.4,5.7,43.4,1420.4,677.3,493.8,25.4,6.1,7675.3,29.1,96.8,3173.9,3.0,10.7,975.2,1634.8,44.2,5757.4,0.4,17.5,11.7,2432.3,0.1,8836.7,2838.5,34.1
48027,18500.2,345.8,10512.4,2349.2,16620.8,246.8,134.3,201.3,9292.0,174.2,105.0,1220.3,6.5,2278.1,4.8,30.9,2597.0,1300.9,961.0,11.4,15.2,4892.1,47.3,134.4,9621.0,2.9,8.5,699.3,1240.4,93.8,1778.8,14.8,271.5,18.2,6309.4,0.2,1868.4,721.4,11.8
48029,22595.1,484.0,2076.6,437.9,3162.5,51.0,26.5,51.5,223.4,65.3,664.1,1170.5,12.6,122.6,1.7,76.4,1003.1,473.3,338.4,8.5,68.0,3361.7,19.3,77.2,2166.0,11.0,6.4,380.4,622.0,21.4,4132.7,6.9,10.6,59.1,1521.8,0.6,6331.1,560.1,19.0
48031,2871.0,493.8,4.4,0.9,22.9,0.1,0.1,0.3,104.5,6.0,468.8,40.7,0.5,93.3,0.1,0.4,52.3,0.4,3.1,0.3,0.1,231.4,0.9,190.6,4.3,0.3,,25.5,0.5,0.7,47.3,3.7,,4.3,2.9,,2339.2,76.6,0.3
48033,885.3,158.9,,81.8,566.6,,12.5,31.9,8.3,180.4,,305.3,5.3,4.5,12.1,13.4,342.9,14.0,48.3,6.2,,11485.1,,239.5,490.7,0.6,,818.4,487.4,,172.4,7.5,,,62.2,,142.5,5059.6,41.0
48035,32266.4,694.8,156.4,41.8,595.5,13.0,2.0,4.1,1339.0,34.2,269.6,346.1,14.7,267.7,0.4,5.6,4438.7,45.9,53.4,3.0,90.4,1170.3,15.8,47.9,507.4,0.6,0.1,298.7,259.6,6.7,3377.0,13.9,4.0,42.0,117.6,,3549.9,222.0,6.1
48037,10005.4,89.4,,,643.0,33.0,0.5,3.6,557.1,67.5,992.1,4904.0,18.7,341.4,3.0,7.7,650.4,,119.0,6.0,3.1,5281.3,12.2,341.4,1393.2,,29.4,172.4,1617.5,,790.0,114.0,38.2,66.9,854.2,1.3,591.0,556.6,6.1
48039,24959.9,0.3,,227.4,879.7,730.0,,21.6,603.9,58.8,4244.7,1472.4,104.4,103.6,6.6,90.8,2012.7,340.4,,77.8,46.6,7293.1,78.7,1527.5,3335.3,142.5,6.8,1601.0,948.7,15.2,2975.7,188.1,,32.1,1978.0,0.4,3519.6,4001.1,96.4
48041,15678.2,76.3,,138.3,5342.0,0.4,,26.2,141.7,89.4,39.7,419.8,94.1,60.7,7.2,25.2,807.1,,301.3,11.4,1.0,5719.8,17.0,22.5,1105.5,,2.4,616.5,1275.1,18.5,1811.9,17.8,19.8,23.7,574.7,18.3,173.8,1567.3,19.1
48043,10674.8,,,,,,,,4.1,0.3,4.2,16.6,,517.8,,,684.8,,0.5,0.1,,75.6,,3.2,0.2,,,0.1,,0.1,175.2,0.2,,,,,8741.1,0.2,
48045,2187.0,165.2,136.9,278.5,4695.4,6.4,24.7,95.5,12.0,312.2,132.7,467.6,21.7,65.5,39.7,101.0,296.3,841.4,104.1,16.2,752.5,20944.1,9.5,359.3,1323.6,12.5,14.8,1156.4,3392.8,7.1,37.7,10.7,7.6,17.3,268.4,0.2,63.1,8362.9,39.3
48047,7692.1,,327.4,1.0,1350.5,,,3.7,8.5,10.0,311.5,40.3,8.5,118.5,18.0,1.4,55.0,4.3,25.0,7.7,31.5,583.2,,8.4,40.9,,,80.4,787.4,4.8,275.4,0.2,,9.2,517.3,,506.5,222.4,0.9
48049,10382.6,135.3,121.8,39.8,865.0,7.7,1.6,8.5,1508.4,27.6,525.6,1644.9,8.1,14.4,12.9,7.6,424.6,63.6,76.0,8.5,175.9,1479.4,1.8,82.3,549.8,0.3,0.1,53.9,302.1,6.7,157.0,24.4,1.3,21.9,116.3,,184.7,582.6,17.4
48051,17247.1,350.9,2225.5,456.6,2949.9,52.2,28.4,67.0,140.1,151.3,424.9,1253.5,66.4,106.1,4.6,30.7,949.4,378.0,312.2,23.1,48.1,6568.5,79.2,114.3,1846.1,16.7,6.9,840.4,2100.7,32.2,3415.0,2.1,11.3,27.1,1511.0,0.2,5231.9,2439.2,20.8
48053,3831.8,640.7,15.6,3.9,117.5,0.4,0.2,1.6,95.6,3.6,172.3,91.0,0.3,122.9,0.7,0.4,75.6,3.6,8.4,2.0,2.3,159.0,0.5,71.0,31.8,0.8,,103.0,5.6,2.1,63.6,2.6,0.2,2.9,12.4,,3078.9,82.3,0.7
48055,13196.7,263.2,1290.4,267.5,1885.6,30.2,16.5,35.0,313.5,58.4,83.3,823.6,18.8,77.4,1.5,12.6,623.1,273.8,200.7,7.4,5.0,2675.0,6.3,121.6,1242.8,0.3,4.0,306.6,393.6,18.1,2622.5,5.6,6.5,8.7,927.5,0.1,4005.4,775.8,13.6
48057,7313.8,,,365.0,956.1,125.4,,39.0,100.9,106.2,3.8,1028.2,188.7,46.4,11.9,51.8,942.2,186.8,,15.9,0.2,8395.1,119.1,102.4,3005.4,,11.0,361.0,2312.9,27.6,1320.2,26.5,,26.2,1951.2,0.1,1516.9,3001.2,64.8
48059,12896.7,158.8,,2.9,219.4,0.1,,8.0,339.0,16.2,59.1,301.6,1.7,5.3,1.0,8.0,520.1,11.0,40.7,1.2,6.2,992.6,1.3,78.7,100.7,0.5,,29.8,64.0,2.0,194.2,5.3,,12.0,9.8,0.1,227.4,399.2,19.9
48061,6998.2,,,,41223.7,,,108.3,,658.2,3104.2,2977.2,823.4,,1478.7,135.2,1561.3,,,113.3,225.7,52030.8,,71.4,2733.0,,,5318.1,25545.1,1488.2,39.4,0.7,,25.2,1308.9,,72.4,23538.3,9.2
48063,2280.8,15.0,,,49.9,,,,661.2,21.4,90.2,480.2,0.6,39.9,,,167.1,,1.0,0.8,0.7,274.2,1.0,778.1,89.7,,2.9,18.0,13.4,,196.5,30.9,3.8,10.8,83.1,,149.0,1.4,
48065,8220.5,166.3,679.6,1541.1,25020.8,,51.8,350.1,,201.3,,1009.6,15.7,60.3,10.1,40.8,1156.6,4203.7,168.2,4.2,7.6,14712.7,9.9,169.0,2640.1,60.3,73.7,3008.3,1199.8,32.2,159.8,4.7,37.5,46.8,1436.9,1.0,43.4,6116.0,67.5
48067,3532.1,4.6,,,1.0,,,,112.6,41.4,1328.1,26.0,0.2,16.7,,,264.7,,1.5,17.5,14.9,119.1,0.3,45.9,1.8,,0.1,5.3,0.3,,314.9,2.7,0.1,243.7,1.7,,239.0,4.3,
48069,7801.1,120.2,3568.8,2562.2,70233.3,41.9,298.2,845.8,,1078.2,243.3,2101.3,14.3,116.3,64.6,261.3,1624.0,21145.8,885.9,48.6,105.6,49255.3,15.1,1087.0,8906.6,272.4,387.1,5018.4,9264.0,158.1,92.7,7.8,198.4,94.9,3807.9,3.1,24.0,21609.8,276.8
48071,9338.4,,,48.3,248.4,673.3,,,541.8,,,205.8,,38.8,,48.4,747.5,120.7,,0.2,,2038.5,77.2,514.8,483.5,,1.5,668.8,503.9,,1105.5,140.9,,,585.2,0.3,1433.9,429.4,56.5
48073,9375.9,55.1,,,3.1,0.9,,,642.2,114.0,1984.6,119.2,3.2,44.4,,,702.7,,2.4,24.1,20.6,179.9,4.5,641.2,17.3,,0.2,24.4,38.3,,835.3,29.8,0.2,338.7,5.1,,634.5,13.9,
48075,1282.6,194.9,,44.3,333.8,19.8,15.6,54.2,4.6,248.8,688.5,472.0,21.4,2.3,15.8,35.5,317.7,7.6,176.5,9.5,223.4,13333.3,8.5,368.3,583.5,9.6,,1040.6,1269.3,4.6,89.6,12.2,,113.6,33.7,0.2,72.6,6824.8,65.6
48077,15743.6,182.8,56.8,13.7,209.0,1.3,0.7,6.3,685.7,19.8,472.8,2362.7,1.1,11.2,0.7,8.9,634.7,11.1,55.3,7.4,7.4,2150.5,1.0,208.3,82.3,0.3,,49.1,104.9,8.5,237.5,24.2,0.6,7.4,37.7,0.1,277.3,562.6,35.8
48079,463.7,304.3,194.9,530.4,11606.4,24.2,56.0,555.3,21.6,417.7,43.0,507.6,68.0,30.0,60.7,212.5,751.3,258.3,707.5,56.2,176.8,36587.3,34.2,914.2,2302.9,20.7,2.2,7189.6,12695.8,19.6,19.0,49.9,1.1,23.9,674.0,1.0,30.9,37668.2,123.1
48081,4263.9,684.2,,7.4,262.4,,,6.9,5.4,2.7,1.0,23.6,0.8,132.5,0.2,1.6,98.0,28.2,28.5,1.0,,225.6,,15.9,246.1,,,231.4,22.3,0.1,70.1,0.8,,0.3,27.4,0.1,3323.5,71.0,0.3
48083,4123.5,165.5,,37.6,2473.8,,,38.7,51.9,12.2,100.9,750.0,1.4,4.6,1.3,17.7,449.0,144.1,231.2,3.5,,1444.9,0.3,152.4,647.2,,,529.6,229.0,0.4,751.1,7.5,,3.7,134.1,0.1,113.6,711.8,3.0
48085,10007.3,202.1,5606.3,1286.7,10115.1,131.4,71.6,113.5,7192.3,137.0,129.2,647.3,10.8,1208.5,4.5,24.4,1364.2,804.5,670.4,6.2,13.0,3446.5,28.6,134.4,6125.0,6.4,4.5,542.0,845.0,47.3,856.8,12.1,144.8,69.9,3463.9,0.4,900.0,562.6,3.3
48087,1169.9,1097.0,3.2,56.3,577.2,608.7,15.5,68.7,206.3,245.6,21245.7,1308.2,291.3,3.4,16.2,26.3,359.3,28.1,89.6,96.9,6868.5,16980.9,124.8,330.4,1711.7,5.1,0.3,1299.7,21123.9,6.9,139.8,286.1,0.2,404.3,44.2,0.1,105.6,8947.8,53.4
48089,23298.7,444.4,1987.1,371.3,2281.2,669.6,25.4,40.2,1117.4,48.6,70.1,1220.6,12.3,131.4,1.1,116.5,1054.6,221.7,162.8,5.9,1.7,5977.9,103.3,161.5,1021.3,4.8,6.2,551.3,2503.7,24.7,4531.4,1347.0,10.1,6.4,1248.4,0.1,7359.2,595.1,124.9
48091,10490.5,212.6,183.8,38.5,275.6,4.3,2.3,4.1,77.0,4.3,21.1,142.3,0.2,55.7,0.1,0.9,472.3,40.9,28.5,0.2,,339.9,1.2,34.8,177.8,0.1,0.6,30.8,16.9,2.0,2156.1,2.7,0.9,2.4,133.8,,3307.6,21.9,1.7
48093,9914.3,222.1,1155.7,281.8,2762.7,62.0,14.8,38.8,4242.3,86.4,2595.9,11973.0,44.2,99.4,65.5,29.6,432.9,234.7,291.3,56.2,1185.0,6452.4,11.8,94.4,1914.3,1.1,0.9,117.2,1524.3,48.8,151.2,159.5,12.5,116.6,775.3,,171.2,2464.9,85.3
48095,5787.9,658.9,93.6,54.1,1185.5,2.2,1.1,47.9,6.7,198.5,0.4,199.7,82.3,125.8,11.8,41.6,223.1,139.0,201.8,43.0,,9887.4,1.3,372.6,1985.2,0.3,0.1,5405.8,2206.5,1.1,77.6,5.1,1.0,34.4,188.6,0.5,3132.8,2931.3,24.3
48097,21253.0,467.0,331.8,114.5,2276.2,8.9,4.2,12.7,4747.0,80.6,102.0,709.1,5.8,215.2,1.2,10.8,2851.0,193.6,235.2,3.3,12.9,1560.0,9.1,143.1,1672.8,2.1,0.3,219.4,74.4,11.4,2109.1,16.3,8.6,38.9,335.6,0.3,2216.6,273.4,9.8
48099,26141.7,503.9,1094.3,272.5,2977.7,28.0,14.0,26.6,4020.6,44.4,130.6,505.6,7.9,411.5,3.2,9.4,3579.9,243.7,230.1,3.9,31.9,1715.9,8.9,92.9,1992.0,0.2,0.9,353.0,306.0,14.4,2682.3,11.8,28.3,64.3,753.6,0.2,2820.4,301.7,7.0
48101,955.5,249.1,,72.5,763.4,31.1,10.2,39.8,7.2,159.2,1083.5,256.9,21.3,4.6,10.3,19.4,369.4,12.4,84.0,9.5,351.5,14074.2,8.3,221.8,467.3,4.1,,1073.0,1450.0,2.3,193.4,15.7,,64.4,55.1,0.1,146.4,5120.5,37.8
48103,3021.8,,,,,,,,1.6,,0.3,7.8,,146.6,,,193.9,,0.2,,,29.3,,0.9,,,,,,,49.6,0.1,,,,,2474.4,,
48105,16806.9,2833.2,,,,,,,,,,,,548.8,,,297.8,,,,,94.9,,,,,,,,,275.8,,,,,,13762.3,,
48107,568.6,110.5,41.2,124.0,3729.0,4.8,93.6,202.2,20.1,682.6,224.5,450.1,103.4,39.2,87.4,284.5,451.9,56.3,495.3,86.1,44.3,66472.3,5.1,1722.7,1916.7,7.9,0.5,14149.0,20277.5,16.7,48.1,6.5,0.2,24.0,149.8,1.1,41.6,67423.9,229.5
48109,10790.3,,,,397.8,,,43.0,1.4,131.3,7.1,63.7,0.2,518.5,0.1,0.6,690.1,,22.1,0.1,,115.4,2.9,2.8,7.5,,,318.4,213.6,78.7,175.4,0.1,,,,,8753.4,832.6,0.5
48111,9518.0,215.6,8640.9,5216.9,159203.1,62.6,621.2,1604.6,,1064.0,411.9,3459.2,23.3,313.9,40.7,116.6,2612.1,51034.0,1553.2,18.7,223.8,12313.3,27.9,261.0,15337.4,552.6,937.3,5859.0,3585.4,370.6,123.3,11.8,479.4,62.6,8556.2,6.9,91.0,3097.7,473.2
48113,3066.1,110.9,721.0,178.5,1330.5,16.9,9.2,17.8,1153.7,71.1,68.9,143.9,14.5,167.7,9.3,9.5,490.5,106.2,113.9,2.0,32.8,2387.7,10.4,56.3,843.2,11.4,0.6,353.5,742.3,7.4,285.4,3.8,18.6,28.0,448.0,0.1,300.2,771.1,2.2
48115,685.2,418.7,218.3,407.4,9723.2,32.9,112.4,504.6,35.2,852.3,64.7,771.9,134.4,20.6,113.9,397.6,614.7,237.3,800.5,104.1,248.8,76013.9,48.3,1932.1,3662.9,20.9,2.4,15647.7,25506.1,51.6,30.2,70.3,1.2,63.4,524.4,0.5,20.8,78042.2,261.5
48117,12489.2,197.1,1346.6,2142.2,38932.1,109.9,116.7,525.1,,572.6,33.0,2061.2,12.3,119.8,36.0,145.1,1714.2,8167.6,457.7,24.7,256.0,32874.8,16.2,650.3,4825.4,99.8,146.1,5036.7,5044.9,58.8,226.4,10.3,74.5,23.7,2195.4,2.0,86.3,13331.3,158.6
48119,4503.7,98.4,1466.8,365.7,1898.7,34.4,18.7,28.9,309.4,44.4,2.9,184.8,24.3,328.7,1.1,6.9,895.1,142.6,141.4,1.9,,2914.0,20.0,46.0,1110.1,39.3,1.2,423.3,935.4,12.5,404.8,3.5,37.9,9.0,845.5,0.3,423.9,1177.5,1.3
48121,16216.1,564.5,242.1,112.8,2884.7,18.1,3.1,15.8,5784.0,182.1,390.1,411.2,30.8,158.8,2.7,20.7,2161.3,249.4,294.6,3.3,123.6,2809.4,32.0,151.6,2341.5,4.5,0.2,379.5,555.1,7.0,1565.3,23.8,6.3,109.4,341.6,0.4,1645.1,503.8,4.7
48123,30436.9,660.2,1983.2,361.2,2186.9,48.2,25.3,36.2,924.0,42.7,474.7,1433.0,6.5,176.0,0.9,5.7,1399.9,195.9,144.3,4.2,24.7,2970.6,15.9,318.8,897.3,3.7,6.2,186.7,431.7,24.4,6312.2,24.4,10.1,34.8,1224.3,,9652.6,375.0,8.4
48125,1047.5,310.0,,72.7,630.2,1.3,11.9,72.1,11.1,203.3,44.4,845.8,15.3,4.7,12.9,30.2,375.2,12.5,117.3,6.1,14.4,13340.6,8.0,279.5,463.7,7.6,,970.9,506.5,7.6,187.6,11.7,,175.0,55.3,0.1,148.6,5906.7,56.1
48127,10797.3,,179.3,3.4,1150.6,,,6.3,198.9,15.4,433.1,152.2,12.7,159.2,27.8,2.2,71.9,15.1,37.1,13.7,36.6,766.1,,111.3,104.1,,,116.1,1217.6,11.8,370.3,5.1,,11.1,294.7,,680.9,343.5,3.3
48129,635.6,445.6,13.7,64.9,574.1,83.6,8.0,63.9,131.0,119.0,3148.1,596.8,49.6,5.8,25.6,20.5,329.4,89.1,84.0,15.6,935.2,9957.0,36.8,178.2,432.6,7.0,1.5,647.7,3507.5,8.0,216.3,40.2,0.8,217.7,54.5,0.1,171.3,3902.0,30.0
48131,13596.3,33.7,106.7,59.2,1905.2,,,3.0,,8.2,2243.6,231.0,19.7,200.7,14.7,4.3,228.8,265.8,318.2,25.4,364.7,2208.7,2.5,25.4,1137.3,,,265.7,672.5,30.0,466.6,5.0,,58.7,405.0,,858.4,536.7,12.0
48133,8675.5,239.9,38.4,11.5,242.7,50.3,0.5,10.2,802.8,23.7,2977.9,1828.0,28.4,6.8,11.2,31.5,348.6,16.0,38.4,34.8,1436.1,1705.7,8.6,139.9,657.2,0.7,,33.2,1230.3,7.4,132.1,122.1,0.4,96.8,33.0,,154.7,2020.5,17.6
48135,3231.5,,,,1.0,,,2.3,39.6,7.1,61.0,144.9,,156.7,,,207.3,,5.1,0.8,1.6,391.3,0.2,36.8,0.2,,,2.0,2.5,4.9,53.0,1.6,,0.2,,,2645.2,42.2,0.2
48137,9090.8,1529.8,,,,,,,71.6,,24.5,76.0,,296.4,,0.1,163.0,,4.0,1.8,,95.9,,27.7,,,,0.4,,1.8,149.0,1.8,,,,,7431.3,27.3,0.6
48139,16797.5,330.5,5675.4,1317.3,10452.7,133.0,72.5,172.4,7730.0,360.8,51.3,901.7,131.5,1271.2,18.7,72.0,2418.6,830.0,1020.8,21.4,1.9,24195.6,32.0,342.5,6379.2,14.7,4.6,6151.0,6170.1,48.9,1553.7,11.2,146.6,63.6,3520.5,0.4,1630.0,5961.7,19.0
48141,1273.4,1.3,458.0,8.1,636.5,0.1,5.5,117.7,954.7,426.5,199.1,4886.4,7.9,46.6,4.8,27.4,144.2,,237.2,30.0,9.0,12966.2,4.7,514.2,852.6,32.1,0.5,143.0,8194.6,149.5,16.8,39.7,,0.8,225.7,,787.1,1968.3,27.2
48143,10709.0,193.2,373.9,122.0,2588.1,15.0,4.8,38.1,4054.6,32.3,457.3,1892.4,9.1,35.3,6.1,12.4,455.8,194.3,169.1,11.3,191.3,1629.3,6.9,43.5,1556.2,2.0,0.3,33.4,213.4,13.0,163.1,26.7,4.0,51.8,356.4,,188.8,896.9,19.9
48145,12328.4,247.0,11676.1,2566.2,16405.0,273.7,149.2,221.4,5196.9,219.7,91.1,759.4,20.6,2474.3,5.6,31.8,1815.5,1263.6,921.2,11.6,8.2,6554.1,53.5,82.8,9095.2,7.8,9.4,1216.1,1856.3,96.1,1172.2,5.2,301.5,53.3,6845.7,0.1,1231.1,1164.9,4.5
48147,15721.8,399.6,2815.6,696.1,5047.0,70.6,36.0,55.8,3969.0,131.5,243.7,615.6,32.8,677.0,9.8,20.6,2385.1,397.3,396.6,4.1,79.2,3908.4,39.4,221.1,3197.5,45.7,2.3,427.2,1248.2,26.7,1437.0,24.5,72.7,84.3,1733.6,0.7,1507.6,1420.9,4.1
48149,20408.4,446.5,2318.1,431.4,2679.4,55.8,29.6,43.3,417.2,41.9,262.4,1317.0,4.3,126.6,1.0,6.4,965.7,268.5,183.9,3.1,17.5,2051.1,17.6,109.4,1258.8,16.9,7.2,133.1,422.2,24.2,4208.0,7.6,11.9,26.9,1466.3,,6434.5,260.8,10.2
48151,2472.9,110.7,,29.0,2504.9,,,64.0,89.0,202.3,52.7,451.8,30.6,2.5,25.7,11.1,467.6,111.1,234.3,21.2,3.3,15750.8,1.3,691.4,1489.5,,,4027.5,8046.0,1.5,421.9,6.3,,16.8,103.4,,61.9,14782.9,75.1
48153,9425.2,126.0,314.2,1430.4,19369.3,19.1,95.7,447.0,177.4,1087.2,586.8,1385.2,25.5,45.7,100.9,359.4,1328.3,2062.2,416.7,67.6,161.9,79418.4,8.8,1520.8,5187.5,45.2,34.1,4799.6,12880.6,32.0,118.5,11.1,17.4,19.6,1142.8,0.8,38.2,34973.1,148.7
48155,853.1,189.3,,79.7,776.6,2.1,1.7,48.9,0.5,63.8,72.9,595.2,8.7,2.3,2.8,39.4,228.9,13.7,234.1,2.0,23.6,6961.5,6.0,176.1,147.7,16.3,,476.8,142.0,5.6,104.2,6.3,,127.9,60.6,0.4,74.1,1888.6,43.2
48157,13257.0,0.1,,359.5,1540.1,614.5,,135.6,497.8,369.2,339.6,1876.6,656.1,60.3,41.4,192.9,1207.2,655.8,,64.1,6.4,24069.2,78.2,1502.6,6171.8,,10.8,1370.1,3367.7,95.8,1745.3,166.6,,99.1,3527.7,0.3,2104.2,5902.2,239.3
48159,5563.7,35.5,,,215.9,0.1,,,127.6,46.5,5.2,66.3,1.6,25.2,0.4,,415.3,,5.3,0.1,,142.4,2.4,138.5,176.9,,,10.6,27.9,,495.1,8.5,,,17.1,,375.1,12.9,
48161,20309.2,21.3,,0.1,10.5,,,,719.7,13.7,309.9,53.3,0.9,87.4,,,1139.5,,1.0,4.2,1.2,341.5,1.4,101.6,14.1,0.9,,70.2,,,2608.2,39.9,,94.9,3.1,,250.4,50.0,
48163,9846.5,364.5,387.5,10.5,1687.4,,,14.8,134.3,10.3,6159.1,206.2,79.0,129.4,393.1,69.5,85.2,47.2,1031.3,110.0,2238.1,1159.8,27.5,85.8,6474.4,990.5,,288.5,2718.6,145.3,301.0,57.1,187.8,305.8,649.8,,553.4,1687.9,3.8
48165,718.1,1681.2,197.5,387.0,10441.0,143.7,98.2,471.0,307.9,996.8,2889.8,2039.2,137.5,35.8,131.8,560.3,957.5,221.4,1125.8,115.1,1198.5,67482.9,227.0,1810.3,9709.0,460.5,2.2,14952.6,32347.1,45.1,63.2,365.6,1.8,95.4,504.2,3.5,37.2,70340.5,231.3
48167,3667.7,,,,31.9,62.6,,,50.4,,125.9,79.0,,22.5,,4.5,429.5,25.1,,2.1,4.0,450.7,13.5,135.1,115.2,,,414.5,132.5,,642.8,17.3,,2.6,85.5,,736.6,145.6,5.9
48169,1169.5,171.1,,61.1,564.3,,17.1,37.6,1.0,247.8,,117.7,8.1,4.5,16.6,16.5,408.6,10.5,56.4,7.5,,16810.4,0.7,317.7,615.2,0.5,,1320.7,663.9,0.7,180.1,0.9,,15.9,46.5,,141.8,7309.7,49.0
48171,4704.0,751.3,190.8,50.5,468.4,4.5,2.3,24.4,1558.9,7.6,7998.6,239.7,0.4,145.7,1.3,2.9,127.8,53.9,54.7,5.4,36.4,2130.7,1.4,3062.9,437.3,0.8,0.2,387.7,67.4,3.2,77.7,57.0,2.1,4.2,162.1,0.1,3607.8,145.4,1.1
48173,332.3,154.5,68.8,90.0,2475.4,3.6,34.8,118.4,68.8,240.9,27.3,280.6,35.1,67.4,30.2,103.0,504.5,64.6,220.4,31.3,16.4,23129.0,3.6,631.0,792.6,4.8,0.8,4970.0,7124.6,7.0,45.0,18.6,0.4,8.0,119.8,1.1,71.5,23524.5,82.2
48175,28926.7,591.2,1008.7,189.8,1201.8,23.6,12.9,24.6,7.5,45.2,6.3,527.8,15.6,161.3,1.3,8.4,1336.9,127.4,92.9,5.2,0.6,1777.2,4.8,20.6,605.2,0.2,3.1,228.4,312.9,11.6,6067.2,0.1,5.1,5.7,647.5,,9312.7,582.0,6.1
48177,35006.1,700.1,1110.8,205.7,1272.4,28.3,14.2,20.9,1354.2,16.6,562.5,1063.8,3.4,189.7,0.3,4.3,1566.1,125.4,118.2,5.8,38.0,2184.7,9.1,352.6,583.1,3.9,3.4,50.1,393.3,25.6,7219.9,20.2,5.7,20.5,699.8,,10994.2,416.5,9.4
48179,4723.6,146.8,361.4,817.8,13385.5,,26.5,189.7,13.8,197.3,10.7,709.5,26.9,72.8,36.0,52.5,583.5,2237.1,90.6,2.8,129.9,6810.5,3.1,85.5,1337.2,26.0,39.2,1256.8,708.7,17.7,74.0,5.0,20.0,32.7,769.6,0.6,64.5,2263.2,39.1
48181,17916.0,523.3,3390.7,772.6,5996.7,97.2,43.3,67.5,4690.5,141.1,521.8,841.4,31.6,811.0,1.9,26.3,2353.3,476.0,477.9,6.8,173.3,3022.6,45.7,208.6,3846.3,2.6,2.7,263.2,864.6,33.7,1664.1,35.9,87.6,97.0,2085.5,0.6,1750.3,432.7,7.0
48183,1209.8,7.1,,,2.8,,,,79.7,13.6,163.3,44.4,0.3,7.1,,,90.4,,1.1,2.1,1.8,53.6,0.5,80.3,5.0,,0.2,3.0,0.7,,107.8,4.1,0.2,29.5,4.6,,81.5,1.9,
48185,20512.2,24.5,,49.1,1888.7,,,,147.3,18.1,425.6,160.9,1.0,87.6,0.4,,1147.8,,1.1,6.6,8.5,441.2,1.7,18.3,183.8,,0.8,55.5,25.1,,2614.5,15.0,7.0,127.4,200.9,,251.0,56.7,
48187,16927.5,276.8,3580.3,760.7,5483.6,84.5,45.7,83.4,930.7,66.8,251.6,2312.4,4.5,101.6,0.8,19.4,764.5,842.9,584.4,5.8,8.1,3548.2,16.9,333.9,3677.7,0.3,11.1,336.9,444.4,38.9,2757.7,21.4,18.1,10.4,2647.9,0.7,4181.9,414.6,35.2
48189,9538.2,159.9,1150.4,1989.6,35448.5,10.8,236.1,731.0,516.9,2006.8,1792.1,1467.1,29.3,38.3,164.4,645.4,1714.8,7012.2,873.3,131.1,421.0,143492.9,16.2,2825.0,9909.7,161.6,124.8,7031.1,24320.9,111.8,61.2,8.8,64.4,102.8,2014.3,1.3,8.5,64010.3,267.9
48191,2539.0,240.5,,16.6,220.3,102.9,42.0,58.8,23.9,601.1,3582.5,298.5,65.0,2.5,40.1,36.3,605.0,2.8,142.2,31.7,1162.3,33187.5,20.4,779.5,1553.8,1.0,,2829.5,5090.2,0.4,101.8,48.5,,52.2,12.6,,78.9,17325.2,118.6
48193,25162.0,491.4,162.6,54.3,1087.9,3.8,2.1,7.2,2520.8,34.3,68.7,426.9,3.9,215.8,0.6,4.2,3453.7,89.1,96.3,2.6,,1416.2,2.9,87.7,759.8,0.5,0.1,436.7,128.4,7.7,2616.1,9.1,4.2,9.0,159.3,,2748.6,312.7,7.7
48195,8185.6,174.0,2012.1,2152.8,47476.8,,147.0,551.7,,362.2,,1626.2,17.4,110.9,17.9,58.1,1230.7,12042.4,391.7,6.5,35.4,14421.3,11.4,206.8,4700.5,113.0,218.2,2121.5,1563.7,87.5,77.3,7.3,111.1,31.3,2631.0,2.1,59.7,5069.5,143.5
48197,1019.0,167.9,,41.2,498.0,11.8,3.0,37.9,19.4,84.1,526.5,780.0,12.5,1.8,17.4,46.0,226.7,7.1,304.9,3.7,132.7,7652.5,7.0,243.0,165.7,19.5,,532.3,644.8,4.6,84.1,16.1,,120.7,31.3,0.5,58.3,2296.4,57.7
48199,2987.7,7.3,,0.2,114.2,39.8,,,52.3,2.2,49.7,15.6,0.3,10.6,0.4,3.4,137.9,,2.2,0.8,0.7,183.6,2.7,44.2,86.6,0.4,,55.9,31.3,,317.0,19.2,,15.5,41.6,,40.2,17.2,3.3
48201,7878.7,2.6,,137.5,315.8,82.9,,0.9,218.0,2.4,1107.7,814.9,4.3,49.6,0.3,6.9,968.3,35.4,,15.6,30.9,1434.5,28.6,592.5,621.6,0.7,4.1,195.0,557.9,0.6,1425.5,46.2,,26.4,615.9,,1607.6,560.5,8.9
48203,6493.5,22.2,,,0.9,,,,49.3,40.4,434.4,48.8,0.9,30.0,,,486.5,,3.0,5.6,4.7,108.9,1.5,20.4,1.6,,0.1,8.5,0.2,,579.4,3.4,0.1,76.6,1.5,,439.4,5.1,
48205,5481.3,349.1,5644.3,3559.1,104613.3,177.7,406.9,1124.0,,765.5,,2158.0,34.9,259.0,36.4,100.7,1624.6,33345.9,1165.2,16.6,465.5,14064.7,34.8,184.7,9968.0,239.3,612.2,2976.8,3356.8,251.5,50.2,6.1,311.8,165.5,5628.5,4.4,114.3,3371.4,303.9
48207,5677.5,135.9,,51.7,3424.6,30.5,,77.9,19.3,251.0,1223.0,2421.8,75.8,1.6,32.3,75.5,716.6,198.3,653.1,29.5,709.4,20671.8,13.4,1150.8,2526.4,,,4871.8,12692.6,,278.1,51.2,,38.8,184.6,0.2,40.5,19673.0,96.7
48209,16292.3,314.8,480.9,93.7,615.9,11.3,6.1,13.6,170.1,28.7,68.9,377.3,10.7,84.8,0.8,6.2,714.0,75.3,61.9,3.6,1.4,1427.2,2.5,100.9,360.7,0.2,1.5,157.3,196.3,6.6,3208.1,7.3,2.4,4.5,321.7,0.2,4923.0,396.5,4.0
48211,780.4,191.9,,23.4,264.6,,,12.0,,16.4,,184.6,1.6,101.9,0.3,4.5,50.4,4.0,11.6,,,4913.4,0.6,23.4,26.6,3.3,,55.4,2.1,1.2,20.5,1.0,,15.5,16.2,0.1,103.6,81.5,6.7
48213,11547.6,50.7,,,1.3,,,,276.4,116.5,1865.1,148.1,2.1,53.2,,,864.4,,9.8,24.8,20.9,227.6,3.5,174.9,2.3,,0.1,17.6,0.3,,1031.4,14.8,0.1,342.0,2.1,,780.6,16.8,
48215,9939.7,0.8,,,60952.9,,,613.1,,736.6,22021.0,20066.5,1029.7,,1795.8,110.9,2300.3,,160.5,177.2,2930.6,90783.6,,175.8,6458.1,372.6,,6032.9,37324.1,3362.1,93.3,0.4,70.6,305.5,2150.2,,171.7,35935.8,10.3
48217,19269.9,511.4,9232.6,2200.8,20632.3,228.9,118.0,232.6,19800.3,422.3,444.5,1085.2,101.4,2009.2,24.8,77.2,2635.5,1674.3,1542.5,20.6,163.7,17466.0,64.6,317.7,13335.0,3.7,7.4,4055.7,4517.3,77.2,1685.0,27.5,238.4,347.2,6016.9,0.6,1767.6,3679.8,12.5
48219,765.6,376.3,109.7,571.4,12979.3,30.7,117.9,650.1,182.4,869.0,419.2,833.9,138.5,14.9,125.6,420.0,732.3,222.6,993.5,113.1,767.9,79117.0,46.6,1997.9,3788.8,11.5,1.2,16024.1,26603.8,37.0,24.3,76.9,0.6,30.0,721.7,0.9,15.3,80961.6,268.6
48221,3878.5,91.1,,1.2,73.1,9.6,,10.1,407.1,8.6,581.0,2271.6,6.3,1.6,1.1,6.8,151.6,4.6,20.0,11.7,272.5,1045.0,3.1,27.9,141.5,0.8,,2.2,212.2,8.8,59.0,36.8,,30.7,4.1,,69.5,625.9,17.4
48223,15430.4,47.5,,,1181.8,21.2,,,108.7,65.9,234.1,1256.9,2.6,158.6,2.1,5.0,1110.5,,6.6,3.1,2.5,1403.3,5.5,100.5,1129.8,,8.9,89.9,231.0,,1314.4,17.3,11.6,41.3,336.6,,1016.8,60.1,3.1
48225,21564.0,72.6,,,426.2,7.1,3.3,26.5,792.7,276.1,9103.9,1730.0,49.4,184.5,19.7,14.1,1585.3,,322.9,108.1,91.3,3691.2,11.2,247.6,584.8,,8.6,364.4,1192.5,,1900.3,80.4,11.2,1516.1,268.8,9.2,1426.2,640.7,18.4
48227,293.8,150.5,,191.4,1566.7,212.8,34.7,101.3,35.9,293.7,30.4,207.6,41.3,54.7,33.0,109.6,321.9,14.8,367.0,36.1,451.8,26696.7,52.2,662.9,901.3,,,5337.5,9423.7,39.2,38.5,6.5,,48.0,65.6,0.2,58.3,26064.9,90.6
48229,13445.2,,78.0,7.6,298.8,,0.9,231.5,11.9,969.7,7.3,426.7,4.0,643.7,2.5,11.0,872.0,,209.4,2.9,12.2,788.1,14.6,6.4,434.1,5.5,0.1,167.0,4164.3,396.5,217.8,0.5,,1.9,80.7,,10866.1,4476.7,9.5
48231,13545.8,334.7,744.4,245.6,3168.3,17.4,9.5,33.3,5158.6,183.2,510.0,491.2,47.2,243.0,17.6,25.0,2024.2,266.9,354.0,9.2,61.2,6671.2,18.8,166.6,2318.7,28.7,0.6,1299.5,1704.7,10.6,1296.1,11.4,19.2,299.3,603.1,0.4,1362.1,1878.4,7.8
48233,2798.0,166.7,699.5,539.2,14230.2,,51.6,151.0,,123.3,,661.8,1.0,110.0,3.1,19.6,407.3,4151.3,138.1,2.6,,7191.9,2.2,96.3,1415.3,36.6,75.9,1080.0,521.9,29.6,58.7,3.3,38.6,0.1,774.0,0.8,93.5,1280.3,54.8
48235,5169.1,858.3,,5.0,104.5,,,4.9,13.4,5.2,2.4,17.2,2.0,166.3,0.3,1.3,98.7,19.1,16.9,1.7,,303.2,,12.2,181.3,,,172.2,54.8,0.3,84.6,0.4,,0.7,18.5,,4169.2,92.5,0.7
48237,14757.0,173.4,,0.3,35.2,,,2.9,234.8,2.3,179.9,500.6,0.5,6.2,0.1,0.9,575.6,1.2,7.1,1.3,,410.1,0.5,66.2,9.9,0.2,,1.3,,2.0,223.1,5.7,,4.4,1.0,,267.2,116.1,5.4
48239,11425.7,,,1708.6,4308.7,793.0,,72.9,638.2,198.5,17.1,5188.8,352.8,59.0,22.2,137.0,1392.6,742.9,,31.1,0.8,20230.6,257.1,1087.1,7067.9,,51.3,958.4,4342.4,51.5,1693.7,183.0,,49.0,8686.2,0.4,2114.0,5588.5,180.7
48241,2877.6,10.7,,1.5,56.5,,,,165.2,7.9,174.8,26.6,0.4,12.3,,,160.2,,0.8,2.7,1.5,133.2,0.7,23.5,9.5,0.7,,20.4,0.8,,368.6,15.1,0.2,55.0,5.2,,35.2,30.3,
48243,9362.6,,,,119.7,,,,,,,,,453.8,,,600.2,,,,,35.6,,,,,,93.5,,,153.6,,,,,,7661.1,12.3,
48245,11507.5,,,21.7,100.0,1055.4,,,849.4,,31.5,210.7,,56.2,,75.9,1075.5,45.1,,0.9,0.7,1843.5,89.3,851.5,257.5,,0.7,1893.5,362.0,,1603.1,223.4,,0.4,231.8,0.5,2100.9,265.2,82.3
48247,11062.1,,,5.5,760.5,,,,2.9,,0.5,1.5,,173.8,,,77.6,24.6,16.0,,,181.7,,1.5,100.4,,,,,0.1,404.0,0.1,,,22.0,,743.2,,1.1
48249,7860.7,,3538.5,240.4,13120.3,,,36.4,4.9,99.3,1962.0,226.5,79.8,84.1,178.7,52.3,749.0,1079.0,844.8,63.0,212.2,12677.4,,27.4,4640.7,,,785.8,7823.3,29.3,195.6,0.1,,63.3,6513.6,,359.7,2612.4,52.9
48251,15744.0,299.5,350.5,126.1,2562.9,8.2,4.5,15.5,4558.0,31.5,30.3,233.5,4.6,182.9,0.9,8.5,2158.6,220.1,210.7,1.3,1.4,1252.6,3.3,58.9,1890.5,1.8,0.3,265.4,186.8,4.6,1590.8,5.4,9.1,11.5,368.5,0.2,1673.0,231.9,2.6
48253,4812.6,62.9,,77.5,4610.9,0.9,,97.9,80.2,228.7,227.7,1846.0,36.0,1.6,39.5,52.6,649.9,282.5,627.0,28.1,61.4,18845.1,0.7,1030.1,2410.0,3.1,,4450.8,9762.2,0.5,272.9,16.8,,6.2,263.0,0.2,39.6,17427.0,87.1
48255,22932.7,445.5,1888.4,359.5,2343.3,45.0,24.1,41.2,55.6,53.2,129.1,992.9,14.6,131.7,1.2,11.2,1053.8,257.5,181.7,5.5,10.1,2062.6,9.7,34.9,1175.7,0.2,5.9,453.6,452.0,18.3,4558.5,2.4,9.6,9.5,1229.2,0.2,6991.1,599.7,10.4
48257,16552.0,385.5,683.3,175.9,1634.6,16.0,8.7,15.9,2055.9,83.7,114.4,153.5,10.0,257.8,6.0,8.6,2326.8,130.8,127.5,1.2,21.2,1716.6,11.7,136.3,1063.9,10.4,0.6,326.1,423.6,7.3,1689.2,11.3,17.6,29.7,451.4,0.1,1775.0,528.3,1.6
48259,2537.3,428.7,37.4,10.2,94.0,0.9,0.5,4.6,46.6,4.9,146.5,37.6,0.4,81.7,0.1,0.6,52.9,11.8,10.6,0.7,0.2,154.7,0.7,63.3,94.3,0.2,,58.6,3.6,1.0,42.0,1.5,0.4,3.0,33.0,,2040.7,69.3,0.4
48261,9392.1,,,,581.2,,,,,,,,,147.7,,,54.0,,,,,17.2,,,,,,,,,343.4,,,,,,631.8,,
48263,220.4,195.9,,14.0,139.8,,1.0,7.0,4.9,19.4,,214.8,1.1,5.3,1.1,5.5,226.3,2.4,31.5,0.7,,4106.4,0.5,39.5,49.2,2.0,,136.2,41.5,0.5,203.6,4.9,,11.9,10.7,0.1,167.0,591.9,10.4
48265,4502.9,758.9,,0.8,24.8,,,0.8,57.0,1.4,135.5,40.6,0.1,146.5,,0.2,81.8,3.2,4.4,0.9,,101.8,0.2,62.0,26.7,0.1,,18.1,,0.9,74.0,1.7,,1.0,3.1,,3672.9,32.3,0.3
48267,5236.7,881.8,,,25.3,,,,166.6,1.0,70.3,169.6,0.1,170.4,,0.1,94.3,,6.6,4.1,,131.7,0.1,64.0,,0.1,,24.6,,4.1,86.3,3.8,,0.7,,,4273.2,76.9,1.3
48269,129.0,197.4,,,5.1,,0.6,0.8,,9.9,,18.4,0.3,5.6,0.6,2.1,218.2,,14.0,0.2,,3230.1,,18.9,19.9,0.8,,47.4,24.1,,213.2,0.3,,,,,177.0,261.9,3.6
48271,5609.7,982.6,,9.5,83.7,,,9.1,0.2,32.2,,78.2,5.1,180.7,1.0,3.7,107.5,36.3,35.4,2.1,,833.0,3.4,17.4,336.2,1.2,,174.7,82.2,1.2,90.8,0.1,,18.6,35.2,,4531.3,408.8,1.5
48273,1759.0,,,107.5,12414.8,,,122.7,,760.7,1676.1,307.7,239.3,,21.1,26.3,16.8,1131.2,,129.6,282.4,7526.8,,12.2,3322.2,,3.2,1895.2,10065.9,48.8,,,,65.5,1929.4,,,13491.4,223.8
48275,5641.7,135.7,,8.8,668.7,0.8,,17.2,32.1,61.3,35.5,1857.8,10.2,3.7,7.8,35.5,542.6,33.8,359.8,6.7,19.7,5290.8,0.5,465.2,475.6,,,1192.8,2605.4,0.3,610.7,15.4,,2.7,31.5,0.2,93.0,4617.8,23.8
48277,16185.0,424.5,3438.4,825.2,4844.1,83.0,43.9,66.6,1886.0,160.2,101.8,519.5,43.5,814.1,12.9,19.4,2632.2,370.7,338.0,5.2,64.1,5587.7,44.4,106.3,2860.3,59.8,2.8,660.2,1804.1,32.3,1571.4,11.0,88.8,83.1,2014.7,0.5,1650.5,2066.8,5.3
48279,791.4,275.4,5215.9,1507.8,39238.3,264.0,307.1,1598.7,129.7,1001.1,1525.8,944.4,121.8,45.1,170.7,343.4,3338.6,3368.3,1237.4,102.5,606.6,72327.9,52.2,1889.0,6400.1,1164.6,57.9,15903.1,23437.1,158.5,41.9,30.7,30.7,169.5,2314.3,3.1,20.0,74124.7,295.0
48281,3129.1,519.8,,5.3,166.6,0.3,,5.4,174.1,4.9,140.3,191.8,0.9,98.5,0.3,1.5,68.4,20.3,25.7,4.7,19.5,246.7,0.9,79.4,183.4,0.2,,113.7,5.7,4.3,51.8,5.3,,4.4,19.7,,2470.7,147.1,1.5
48283,9681.4,28.9,143.4,2.4,974.4,,,3.8,8.9,10.4,542.9,47.2,13.4,142.3,18.8,13.8,62.1,10.6,31.9,8.7,179.6,605.9,2.2,9.2,94.9,,,281.5,840.2,5.4,330.8,4.5,,13.3,234.4,,608.4,376.3,1.2
48285,25908.5,540.5,1110.5,206.7,1290.0,63.6,14.2,21.4,558.4,27.9,128.6,769.2,5.6,143.2,0.7,10.3,1187.9,122.4,92.8,3.2,6.3,2145.4,19.4,149.8,559.2,2.9,3.4,253.3,415.9,16.8,5331.3,87.6,5.6,16.4,696.4,,8171.4,354.3,13.2
48287,14878.6,322.9,332.0,61.9,386.7,11.3,4.2,6.1,367.2,9.2,634.4,276.9,5.5,80.5,0.2,3.6,675.4,38.4,35.4,2.1,48.9,899.3,9.8,79.7,189.9,0.7,1.0,47.8,463.4,5.1,3098.5,10.6,1.7,32.2,209.9,,4745.7,178.0,1.9
48289,21724.2,54.0,,4.6,224.0,,,,290.8,24.3,589.4,47.3,2.2,93.2,0.2,,1215.3,,1.3,8.9,1.0,584.7,3.7,37.0,114.4,0.1,0.1,95.2,2.4,,2780.6,20.2,0.7,168.1,36.5,,266.9,124.8,
48291,7291.5,,,300.3,892.1,492.3,,,396.2,,91.6,985.0,,33.0,,35.4,677.0,236.8,,1.3,3.4,3664.2,115.3,498.6,1356.3,,9.0,614.9,1163.2,,944.1,109.3,,0.5,1888.3,0.3,1197.4,1131.1,47.7
48293,23587.5,462.4,1837.7,400.0,2472.7,43.1,23.5,36.6,1340.8,77.1,248.0,201.4,10.7,549.4,7.3,7.2,3276.4,188.3,157.0,4.1,21.8,2111.0,9.5,230.2,1342.7,1.3,1.5,482.7,531.1,16.3,2475.0,18.8,47.5,126.2,1068.0,,2604.0,416.0,2.4
48295,2732.6,249.3,208.8,426.3,7215.5,,15.5,142.4,,122.5,,426.7,19.4,96.8,15.4,33.0,360.8,1284.3,85.1,1.4,47.7,6843.1,4.9,60.1,731.9,18.4,22.6,995.5,372.4,16.3,67.7,1.5,11.5,100.3,412.3,0.3,93.0,1676.8,22.3
48297,7664.4,,633.2,13.8,2312.5,,,2.7,18.2,7.3,137.3,25.3,5.4,110.3,13.1,1.0,93.7,62.0,44.1,3.6,4.2,1982.1,,37.4,270.8,,,119.5,571.9,1.2,256.5,0.7,,1.7,1048.4,,471.8,161.6,3.1
48299,4424.4,746.6,,,17.8,0.3,,,88.2,2.2,367.3,43.8,0.7,143.4,,0.7,82.1,,3.6,0.6,16.8,173.6,0.6,144.1,9.9,0.1,,20.7,3.4,0.7,72.4,4.0,,2.6,,,3594.8,40.6,0.2
48301,3373.8,,,,,,,,,,,,,163.7,,,216.4,,,,,10.0,,,,,,,,,55.4,,,,,,2762.6,,
48303,769.7,88.9,69.9,711.4,14178.3,152.5,120.9,700.8,179.0,916.8,330.7,707.4,137.2,15.9,126.6,385.0,786.3,211.8,1205.4,122.9,547.2,86181.4,41.0,2217.0,2874.4,9.0,0.8,17624.8,27330.1,34.0,33.4,28.9,0.4,38.1,770.5,0.9,16.6,87220.3,295.4
48305,750.2,87.9,155.9,143.5,3604.8,5.7,136.6,233.8,3.3,977.7,17.1,556.9,157.9,21.3,132.3,411.6,364.2,122.0,605.8,119.8,66.4,95571.4,10.4,2411.6,2766.5,31.6,1.7,19411.8,29213.9,11.0,30.9,5.9,0.9,12.9,163.8,0.8,21.8,96208.8,325.0
48307,4581.2,682.3,357.7,82.3,505.2,11.9,4.3,30.5,11.0,39.6,343.6,223.3,16.1,125.6,1.7,14.7,193.5,53.8,95.2,5.8,194.8,1872.5,6.6,130.0,609.8,0.7,0.3,819.4,319.3,3.8,66.9,15.3,3.9,24.8,258.1,0.5,3064.8,567.9,4.0
48309,20164.4,447.5,11211.7,2510.2,17438.9,268.6,143.3,219.2,8544.6,254.6,263.6,975.7,34.0,2429.1,8.8,41.4,2861.1,1362.8,1076.2,12.7,74.9,7315.4,63.4,166.6,10146.3,12.6,9.0,1220.5,2072.7,93.3,1887.1,18.3,289.5,140.1,6707.1,0.5,1983.7,1336.9,5.5
48311,12350.4,,143.6,2.8,1115.7,,,,,,,10.0,,176.4,,17.1,75.8,12.7,8.3,,,202.3,,,52.0,,,6.7,,,410.0,,,,236.6,,754.3,181.0,0.5
48313,11675.3,13.3,,41.6,1521.8,,,2.1,199.9,7.1,24.4,176.2,7.8,49.2,0.5,2.0,646.3,,26.6,1.8,1.7,679.8,0.9,36.2,135.0,,0.7,57.9,105.3,1.5,1476.9,40.5,6.0,1.6,140.7,1.5,140.9,151.0,1.5
48315,2060.7,16.4,,,9.2,,,,,21.7,,15.1,0.7,10.4,,,154.4,,,,,36.6,1.1,,9.0,,0.1,2.6,0.5,,183.3,,0.1,,3.4,,139.4,,
48317,374.8,163.3,,402.9,9726.8,4.5,33.3,428.3,15.7,280.1,10.5,276.3,39.2,44.5,36.1,120.4,664.5,113.8,557.4,39.1,31.1,24640.1,8.3,632.0,1105.9,,,5746.7,7639.5,24.2,49.3,13.7,,29.8,505.1,0.5,47.4,25711.0,84.4
48319,4424.9,794.0,24.8,8.6,117.6,6.6,0.3,4.9,91.8,14.3,1116.8,117.3,12.3,141.9,3.2,8.6,87.8,14.9,26.5,3.0,354.1,608.8,7.2,124.8,334.0,0.5,,151.6,128.7,1.7,72.6,19.9,0.3,32.0,28.8,,3553.0,291.2,1.0
48321,18682.9,,,216.4,1494.4,1347.8,,67.4,1084.8,183.4,,2032.2,326.0,106.3,20.6,170.8,2061.7,842.2,,31.6,,18671.3,254.4,2672.7,5005.8,,6.5,862.1,3748.4,47.6,3071.2,340.2,,45.3,3646.3,0.7,3784.6,4878.6,220.5
48323,8896.1,10.5,,8.3,652.8,,,,220.5,,218.7,129.4,2.1,136.2,,1.0,71.2,37.4,32.2,4.9,66.1,386.5,0.8,119.4,268.3,,,64.1,7.1,28.7,316.9,7.2,,4.7,33.4,,582.4,15.6,3.4
48325,48465.3,860.6,4738.3,996.4,7053.6,116.1,60.5,126.7,425.9,140.4,2502.5,2660.8,41.8,264.0,13.3,161.9,2161.0,1052.8,769.4,49.2,349.3,6388.4,44.5,169.2,4911.6,3.4,14.7,678.6,2265.2,51.7,8786.1,15.4,24.0,86.4,3447.3,1.3,13473.9,1855.5,44.1
48327,5023.4,847.5,,,57.4,,,,110.5,7.2,20.2,149.5,0.6,161.3,0.2,1.0,97.8,,10.5,2.9,,234.8,1.0,43.0,,0.4,,53.7,,3.2,82.2,3.0,,5.2,,,4044.7,133.1,1.1
48329,189.3,136.9,,66.6,1843.0,,4.9,79.9,130.0,63.4,63.7,171.0,7.7,59.1,5.8,19.9,343.3,18.8,106.2,7.3,7.8,3681.8,1.2,131.5,135.4,,,1040.3,1072.4,22.9,40.2,24.0,,27.8,83.5,0.1,63.1,3961.8,16.4
48331,23968.6,539.4,8938.4,1999.3,14046.2,214.9,114.2,181.9,7580.9,237.1,220.2,899.4,39.8,2001.6,7.8,35.2,3429.5,1099.5,849.7,13.2,61.6,8369.9,51.2,106.0,8205.4,6.1,7.2,1587.7,2201.8,78.8,2435.7,11.4,230.8,97.5,5358.8,0.1,2561.7,1651.9,11.2
48333,10387.3,123.6,181.2,41.1,317.4,5.1,2.3,6.0,420.6,4.5,117.6,2081.9,0.8,19.3,0.1,2.0,415.9,24.9,32.3,6.4,24.5,1400.8,1.3,21.7,148.1,0.2,0.1,7.4,35.3,8.4,159.3,17.1,2.0,5.1,110.9,,185.3,311.0,15.8
48335,2664.3,126.0,,18.8,1492.0,,,41.5,22.0,165.8,89.0,217.8,24.8,3.4,23.3,6.5,449.5,72.1,168.4,17.4,8.1,13000.0,0.4,569.0,1178.3,,,3182.7,6916.9,0.4,558.9,1.8,,6.8,67.1,,84.2,12437.8,63.2
48337,8880.6,114.3,34.3,14.1,415.0,1.6,0.4,7.3,1108.7,12.3,524.5,2055.4,5.9,6.5,11.5,4.3,354.0,28.9,52.8,6.6,59.4,1217.6,1.3,146.2,239.5,0.6,,7.3,121.7,7.7,134.2,21.1,0.4,17.7,42.6,,158.1,313.0,19.9
48339,6392.9,39.6,,,,,,,125.2,1.2,43.2,19.4,1.7,27.4,,,356.7,,0.5,0.6,0.7,361.6,2.7,18.6,6.3,0.5,,34.3,2.4,,817.3,10.6,,8.2,,,78.4,63.4,
48341,7659.7,125.3,4057.8,2975.8,80489.9,49.2,291.9,834.8,,518.3,,1847.0,10.4,164.9,19.0,57.8,1622.6,24052.7,744.1,9.4,145.8,8904.5,15.1,150.7,7643.8,175.0,440.1,3519.0,1913.7,172.5,115.5,6.8,224.1,8.1,4368.5,3.4,60.6,2462.6,231.2
48343,3836.6,6.3,,,,,,,22.0,10.6,86.2,7.0,0.3,17.4,,,287.7,,0.4,1.1,1.0,36.7,0.4,19.3,,,,5.3,,,341.9,1.0,,15.7,,,259.9,0.7,
48345,780.5,209.3,,6.8,220.4,29.1,10.8,22.4,6.7,159.9,1012.0,154.7,19.5,4.1,10.6,12.2,308.9,1.2,47.9,8.6,328.3,12488.3,7.0,208.6,407.8,1.4,,954.1,1397.7,1.3,166.0,13.9,,42.3,5.2,,128.9,4964.6,33.0
48347,11118.9,23.1,,,3.0,,,,208.9,44.2,541.6,56.3,1.0,52.4,,,833.6,,0.9,6.8,5.8,136.5,1.6,213.7,5.5,,0.2,18.3,0.8,,990.2,8.7,0.2,94.3,5.1,,752.7,1.8,
48349,24418.8,480.6,2166.1,537.7,5426.7,50.8,27.7,79.4,6642.2,192.7,89.4,758.2,69.4,617.0,10.0,36.8,3440.8,442.3,542.8,12.7,1.4,13104.2,14.3,228.6,3554.0,7.8,1.7,3289.6,3151.6,24.9,2482.0,11.8,55.9,40.5,1455.9,0.1,2608.2,3223.4,16.8
48351,1140.8,3.4,,0.3,11.3,,,,118.6,38.8,746.1,3.8,0.1,4.9,,,64.0,,0.6,10.7,0.2,49.0,0.2,6.0,3.2,0.3,,6.3,0.2,,146.2,2.1,,267.9,1.0,,14.0,33.1,
48353,2635.8,121.6,,25.3,1530.5,,,39.9,34.2,131.5,5.3,188.1,19.4,3.4,16.9,6.7,410.0,97.0,167.0,14.8,0.1,10232.8,0.1,460.4,1112.9,,,2406.6,5529.9,0.2,560.5,2.6,,1.0,90.3,,85.2,9905.6,51.0
48355,6876.9,,,715.4,60141.3,,,463.4,,2871.8,,1979.1,903.3,48.3,79.6,99.1,677.3,5382.2,,335.0,,34563.3,,,13650.1,,21.5,6993.4,38001.9,184.4,226.7,,,70.4,9548.5,,1562.4,50461.7,892.9
48357,10169.6,168.5,651.6,1650.5,25669.0,24.7,47.4,346.4,,194.0,,1520.3,16.0,64.5,7.7,35.9,1267.6,4055.9,178.7,2.4,62.4,14740.7,12.7,181.4,2617.3,72.4,70.7,3099.3,967.4,29.1,172.6,8.0,36.0,21.9,1480.4,1.3,48.4,5848.5,83.4
48359,2197.6,314.7,24.8,161.0,2051.8,11.5,1.9,29.5,,17.2,,171.6,,179.5,0.6,3.7,303.3,170.0,18.5,0.4,24.4,9025.1,1.0,23.1,211.3,3.5,2.7,1294.3,103.3,1.0,106.5,1.0,1.4,,120.1,0.1,182.0,561.5,7.7
48361,1438.3,,,,,49.1,,,39.5,,105.0,16.1,,9.7,,3.5,185.7,,,1.8,1.8,86.5,3.3,50.9,25.7,1.5,,14.8,4.8,,277.4,10.7,,1.3,,,324.9,27.1,3.7
48363,10945.3,149.0,,1.0,73.1,3.5,,7.2,373.0,7.1,299.2,2190.9,3.7,4.6,2.4,3.4,427.2,4.0,21.1,8.0,106.5,1062.5,1.8,31.7,71.3,0.6,,2.1,95.4,8.1,165.8,23.6,,17.9,3.5,,197.5,397.7,17.2
48365,6252.2,14.3,,,2.3,,,,166.3,26.0,275.1,65.9,0.6,29.8,,,468.4,,2.2,3.6,3.0,98.8,1.0,171.7,4.1,,0.1,11.2,0.6,,557.5,8.6,0.2,49.1,3.8,,423.0,3.8,
48367,8770.8,133.6,16.8,4.1,58.8,4.6,0.2,10.5,894.2,10.7,1067.7,1806.0,5.2,5.1,4.2,4.0,344.4,2.9,19.4,7.9,137.6,1138.5,2.6,263.5,64.8,1.1,,5.3,158.4,7.5,133.7,30.4,0.2,24.9,10.8,,158.0,482.9,14.6
48369,8887.1,131.9,2307.2,2464.1,50854.7,521.8,218.0,693.2,162.7,1009.0,2466.9,1887.0,19.8,83.7,72.0,272.6,1533.2,13753.4,1070.8,93.2,1338.2,54400.9,112.1,1137.3,8339.7,226.8,250.3,4975.6,13112.1,120.5,115.3,9.2,128.7,109.1,2795.2,2.3,24.2,23780.7,222.9
48371,18576.7,,,3.7,189.5,,,65.9,292.5,198.9,114.1,1553.1,2.2,891.7,1.4,6.1,1189.1,,158.6,9.1,144.5,4029.3,4.1,156.6,82.8,,,149.3,2646.2,118.8,302.0,12.0,,22.6,25.0,,15053.0,1395.5,7.6
48373,2736.3,27.7,,12.4,454.2,,,,34.9,4.8,155.0,45.0,1.2,11.6,,,152.7,,0.4,2.6,4.1,273.8,1.9,4.5,45.7,0.5,0.2,5.6,6.3,,346.9,4.8,1.8,34.3,42.0,,33.2,52.8,
48375,1470.9,174.7,,172.5,1942.0,,0.4,31.5,,19.4,,177.2,,99.3,0.9,5.0,154.7,29.6,7.1,0.4,,5378.7,,29.4,215.2,2.6,,303.7,88.8,,33.5,1.0,,,118.9,0.1,101.0,374.3,7.2
48377,9465.5,,,0.4,37.8,,,10.5,0.7,30.5,81.7,13.1,,459.0,,,607.4,,113.7,,186.5,40.4,0.7,1.4,0.3,,,25.6,440.2,18.5,155.3,,,29.2,3.0,,7748.3,332.8,
48379,3817.2,7.9,,,6.2,,,,200.5,80.7,2645.2,60.4,0.3,19.0,,,285.5,,3.9,34.9,29.7,91.2,0.5,61.4,7.7,,0.2,5.9,0.7,,340.3,4.6,0.2,485.4,4.9,,257.7,9.2,
48381,4912.9,129.8,169.6,587.7,8520.8,12.7,13.4,139.3,11.5,99.3,,934.1,4.9,56.8,3.7,23.4,605.1,1083.4,80.7,2.0,26.8,5401.9,3.3,121.1,903.6,19.6,18.4,1935.9,410.9,10.3,116.2,9.2,9.4,42.1,496.3,0.5,53.3,1779.0,39.3
48383,6197.4,949.4,293.6,68.4,249.2,6.9,3.5,29.8,2.3,95.1,,49.0,39.7,186.6,5.5,17.7,143.2,47.4,61.8,20.3,,4613.4,1.2,147.7,759.7,,0.2,2328.1,1095.2,2.4,93.9,0.6,3.2,14.3,214.9,0.1,4611.6,1325.2,12.3
48385,3483.5,592.0,,,4.7,,,,68.7,2.6,137.7,55.1,0.2,113.6,0.1,0.2,61.9,,2.2,1.1,,112.0,0.4,64.9,,0.1,,6.1,,1.2,57.2,1.9,,1.9,,,2849.9,47.7,0.4
48387,20867.7,23.3,,,1118.9,16.2,3.1,25.0,330.9,63.4,670.1,2968.9,39.6,300.9,19.6,16.6,1495.5,,281.5,9.3,7.5,4762.8,2.6,281.6,1412.2,,20.5,411.1,1541.5,,1768.9,33.4,26.6,125.7,648.1,8.7,1350.5,682.1,19.4
48389,6187.0,,,12.1,1112.5,,,42.9,1.4,99.8,28.8,75.0,0.8,291.5,0.6,2.3,399.8,,91.0,0.6,68.0,251.6,2.1,0.8,37.3,,,749.6,1008.3,57.1,98.6,0.1,,10.6,82.4,,4920.8,806.5,1.9
48391,3531.5,,,375.6,10080.8,,,132.9,,823.5,1.3,1039.0,259.0,121.0,22.8,28.4,1476.4,774.0,,96.2,0.9,6886.6,27.6,0.1,3556.0,,11.3,2042.3,11270.5,52.9,568.5,,,20.2,1865.5,,3916.8,14471.9,222.9
48393,1108.3,181.0,172.1,214.0,4366.3,,13.1,51.7,,38.4,,182.1,1.7,102.1,1.4,7.2,138.2,1034.6,36.2,1.0,,6905.3,1.5,34.1,464.8,12.3,18.7,199.8,253.4,7.3,21.9,0.9,9.5,0.2,243.8,0.2,99.3,963.4,14.7
48395,23549.6,69.7,,204.5,7776.8,1.6,,34.0,305.0,118.6,90.1,640.7,122.1,92.2,9.1,32.7,1226.6,,391.7,15.6,,7516.4,56.6,50.0,1798.2,0.2,3.5,906.4,2165.1,24.1,2760.1,45.8,29.3,47.7,803.3,23.8,264.2,2500.8,24.8
48397,1918.2,43.0,448.3,109.7,895.3,10.5,5.7,11.9,786.5,25.1,7.5,68.4,8.0,104.7,0.9,4.3,295.8,72.1,76.0,1.1,,1351.4,3.9,29.8,569.9,4.4,0.4,281.2,352.6,3.9,183.6,1.7,11.6,4.7,283.9,0.1,193.2,361.6,1.0
48399,5666.0,111.1,,88.2,4992.3,,,105.3,229.8,167.0,115.3,1977.8,24.0,2.9,22.4,45.7,675.2,338.5,650.3,23.0,4.8,13206.2,0.4,836.0,2287.1,,,3044.1,6636.0,1.4,486.0,25.2,,6.5,315.1,0.2,73.2,12153.8,64.6
48401,7944.3,92.9,,,0.7,,,,394.0,186.2,2393.7,57.9,3.9,36.5,,,595.5,,1.9,31.4,26.8,99.0,6.3,315.7,1.3,,,16.3,0.2,,707.4,12.6,0.1,438.3,1.2,,537.8,5.7,
48403,897.5,18.2,,,,,,,1.3,,25.8,2.8,0.8,3.9,,,50.4,,,0.5,,148.1,1.2,0.3,14.6,,,1.2,,,115.3,0.3,,,,,11.1,31.5,
48405,1530.7,17.9,,0.2,7.2,,,,142.8,44.7,856.3,7.8,0.7,6.6,,,85.7,,0.8,12.3,0.2,169.6,1.2,8.0,0.4,,,8.5,0.1,,196.3,3.8,,308.5,0.7,,18.8,57.4,
48407,2574.2,8.4,,0.5,19.9,,,,70.2,2.1,50.0,12.7,0.3,11.0,,,143.4,,0.4,0.8,,92.4,0.6,10.5,5.4,,,20.5,0.4,,329.1,7.4,0.1,14.7,1.7,,31.5,19.4,
48409,5435.2,,,548.8,31246.8,,,437.4,,2710.7,4.6,1518.3,852.6,24.7,75.1,93.6,375.4,2707.6,,316.4,1.6,21156.9,,0.2,11087.4,,16.5,6607.2,35870.8,174.0,116.1,,,66.5,5144.6,,800.2,47640.7,740.7
48411,5680.7,945.2,,2.1,127.4,1.0,,2.0,1184.3,5.5,999.9,1176.2,2.0,179.7,1.8,2.6,120.0,8.1,64.5,28.6,63.2,850.3,1.6,555.8,101.2,0.3,,112.4,24.3,27.5,93.4,31.5,,9.2,7.9,0.1,4507.0,517.2,9.1
48413,7384.6,1192.4,,8.2,151.4,,,9.9,28.4,43.0,5.0,49.7,18.4,231.0,2.6,8.6,143.0,31.5,39.8,10.4,,2193.7,,79.4,451.9,,,1115.3,496.0,0.7,117.5,1.0,,6.7,30.5,,5792.2,643.9,5.6
48415,3017.9,139.9,,58.6,3731.9,0.1,,85.3,27.5,187.0,14.0,341.8,27.7,3.5,23.2,13.1,523.5,224.8,300.9,21.7,1.4,14340.0,0.9,620.3,1899.4,,,3556.1,7418.5,0.9,584.2,2.6,,11.4,209.2,,87.5,13620.2,68.5
48417,17374.1,193.7,,2.3,156.9,,,1.9,206.6,27.2,0.7,52.3,0.7,7.3,0.6,6.8,692.8,8.8,31.8,0.6,,944.6,,61.5,93.1,,,77.3,143.6,0.1,260.3,2.7,,1.6,7.9,0.1,310.6,402.4,15.3
48419,6409.9,22.0,,,,,,,688.5,258.6,8660.2,33.9,0.9,29.1,,,480.8,,3.8,113.6,97.1,102.7,1.5,272.2,,,,13.5,,,571.1,10.6,,1585.4,,,434.2,18.7,
48421,10751.9,68.0,4606.0,3258.8,90542.0,,331.6,929.7,,641.0,,2624.7,13.6,155.5,28.4,81.2,2038.0,27289.3,817.4,10.0,74.7,7402.1,11.0,241.5,8567.0,202.5,499.6,5240.0,1954.3,195.2,200.2,11.1,254.4,0.1,4905.5,4.2,36.5,2713.5,283.0
48423,8468.0,50.7,,,20.2,,,,1180.8,163.0,3775.3,914.6,2.1,50.0,,,625.3,,51.3,49.1,40.7,914.8,3.5,967.0,36.6,,1.2,26.3,6.2,,770.1,83.9,1.5,664.3,33.7,,564.0,82.1,
48425,1901.1,45.9,,0.2,22.4,8.5,,1.5,87.2,1.3,443.7,500.3,4.2,0.8,0.2,5.1,75.5,0.9,4.3,6.2,239.4,343.5,1.5,7.4,98.3,0.1,,0.5,183.2,1.8,29.2,21.7,,15.5,0.8,,34.0,342.5,3.8
48427,5746.1,,,,4480.0,,,26.7,,24.8,708.9,246.1,37.9,,55.7,37.4,486.6,,,3.1,114.6,9238.7,,15.2,451.0,,,199.9,345.6,28.0,187.3,,,,326.7,,344.5,2105.0,0.3
48429,11239.8,145.2,,21.4,99.2,1.2,,8.2,194.0,24.3,60.5,164.1,2.2,4.7,0.7,5.2,446.1,6.4,21.0,1.4,33.2,580.6,1.7,36.1,79.3,0.5,,53.3,1849.2,1.6,168.1,4.6,,13.6,5.7,,201.8,1252.9,10.8
48431,6019.3,1012.4,,2.5,22.0,,,2.3,1.3,0.3,0.2,3.1,,196.1,,0.3,109.4,9.5,7.9,0.2,,54.8,,1.4,80.3,,,0.6,,,98.6,0.1,,,9.3,,4917.6,7.9,
48433,3446.7,151.6,,9.8,597.4,2.6,,11.5,1.7,21.0,175.0,534.4,6.3,4.1,4.9,13.0,366.1,37.6,128.3,2.8,68.2,1825.8,1.1,142.0,298.6,,,422.1,1058.4,,672.5,6.6,,5.0,35.0,,102.7,1625.0,7.9
48435,8476.2,1427.0,,,14.5,,,,30.7,,5.6,32.7,,276.4,,,151.2,,1.4,0.8,,64.8,,9.6,,,,13.6,,0.8,139.2,0.7,,,,,6931.7,13.5,0.3
48437,5690.0,100.8,429.9,959.0,13530.2,301.8,75.2,255.1,61.8,750.4,184.7,1003.3,20.1,49.0,72.0,238.3,803.3,2624.0,517.5,49.0,733.9,50582.6,27.6,990.5,3444.0,34.8,46.6,3189.0,9575.9,26.5,80.5,5.2,23.7,24.1,768.4,0.8,38.5,21624.7,111.5
48439,8397.1,176.0,22.3,15.6,510.0,0.5,0.3,3.3,1188.7,25.8,59.6,92.4,3.4,64.5,0.5,3.2,1143.6,43.3,54.9,0.7,1.0,736.6,1.8,67.2,381.7,0.4,,215.7,108.4,1.2,858.8,5.6,0.6,7.9,49.7,0.1,902.4,158.4,1.3
48441,3977.8,109.9,106.0,58.8,2341.9,,1.3,46.5,81.3,40.7,126.5,1144.4,5.4,4.0,7.6,27.2,433.1,147.8,313.4,6.6,10.4,3603.8,0.6,310.8,843.0,,0.1,888.7,1532.4,1.3,501.1,11.7,0.5,2.5,189.1,0.1,75.7,2887.5,14.9
48443,9104.6,,,,1.9,,,,,,,,,441.6,,,584.1,,,,,27.1,,,,,,1.5,,,149.4,,,,,,7455.2,0.2,
48445,531.9,743.1,29.9,460.2,7863.0,243.9,85.3,403.4,171.7,688.0,1710.1,1040.1,111.5,15.1,89.0,387.6,498.4,112.9,962.5,100.7,1080.1,63048.0,141.0,1590.3,5022.1,4.2,0.3,12517.2,25859.2,12.1,21.3,161.7,0.2,51.2,428.2,1.0,15.9,63507.1,211.9
48447,16046.5,176.3,,11.3,629.1,,,3.6,998.9,32.5,,33.4,0.8,6.6,0.7,12.8,649.2,43.3,78.9,1.2,,1067.2,,109.6,386.4,,,94.4,167.2,,236.5,4.6,,1.9,38.6,0.1,282.8,441.7,27.3
48449,7272.9,76.8,,,2.2,,,,4.1,101.5,,35.6,3.2,34.4,,,545.2,,0.7,,,77.2,5.2,2.2,4.0,,0.1,9.3,0.6,,647.8,0.7,0.2,,3.7,,492.4,1.0,
48451,9462.0,1047.1,329.2,236.1,1841.5,7.7,4.0,200.4,91.2,498.4,203.4,422.0,201.8,198.3,31.2,103.8,385.0,664.6,690.6,112.3,7.7,24304.9,4.0,854.7,7575.7,1.0,0.3,11571.3,5426.3,5.3,102.5,8.3,3.5,87.7,833.7,0.6,4895.8,7292.5,60.8
48453,14898.4,274.5,1930.0,420.6,3118.1,45.2,24.7,52.0,355.6,65.3,55.4,1185.4,16.7,87.9,1.5,17.3,708.2,501.6,350.3,7.2,1.3,2958.7,8.5,137.3,2230.9,2.4,6.0,404.4,415.7,23.3,2806.4,6.6,9.8,5.1,1469.6,0.2,4282.7,736.5,22.5
48455,3635.6,9.7,,,,,,,63.3,3.9,75.0,11.8,0.4,15.6,,,203.7,,0.5,1.1,,105.8,0.7,9.2,,,,6.9,,,467.5,7.4,,26.7,,,44.8,20.4,
48457,1662.5,29.5,,1.5,56.5,,,,36.4,5.6,117.1,11.3,1.2,7.1,,,93.1,,0.2,1.7,0.5,250.5,2.0,3.9,22.7,4.2,,6.2,0.8,,212.8,2.4,0.2,38.8,5.2,,20.4,56.4,
48459,6652.8,13.7,,,0.1,,,,351.6,38.6,783.7,60.8,0.6,30.3,,,498.7,,1.9,10.2,8.7,116.2,0.9,363.1,0.2,,,15.5,,,593.1,15.4,,141.5,0.1,,450.4,3.8,
48461,6947.8,1123.6,58.5,16.4,128.4,1.4,0.7,10.1,24.3,49.7,470.6,45.3,20.8,217.7,7.7,9.1,133.2,20.1,46.3,12.0,28.7,2436.6,0.4,83.4,374.2,0.1,,1234.9,599.9,1.1,110.4,0.7,0.6,14.6,53.1,,5445.2,722.1,6.4
48463,8666.8,1303.4,2597.2,622.2,1667.5,60.9,31.3,374.4,64.3,82.9,6122.5,264.8,18.6,276.3,41.8,156.0,465.3,484.5,495.7,54.5,542.1,4272.2,11.0,157.3,5460.5,0.1,2.1,1186.9,1992.2,101.0,127.8,4.4,28.0,48.6,1964.4,0.3,6321.0,1336.8,13.0
48465,15972.4,2696.9,,,,,,,2.8,2.2,0.5,9.6,0.2,521.6,,0.1,283.0,,0.6,0.1,,127.0,0.3,1.3,,0.1,,,,0.2,262.1,0.1,,1.6,,,13078.7,26.5,0.1
48467,16571.0,45.6,,,4.1,0.1,1.0,8.3,349.6,117.5,1952.2,207.2,14.1,77.4,6.0,4.4,1236.4,,98.5,24.8,20.9,996.6,3.2,252.1,9.4,,0.2,130.6,268.6,,1474.5,20.3,0.3,343.6,6.9,2.9,1116.5,176.0,5.8
48469,15601.6,,,862.1,2104.9,92.2,,28.4,74.2,77.4,327.5,2827.2,137.6,95.1,8.7,37.8,1949.4,320.3,,18.3,6.2,10342.4,239.9,618.5,4553.6,0.7,25.9,548.5,3751.3,20.1,2720.0,39.1,,23.6,4197.3,,3061.7,4316.6,55.3
48471,8555.6,18.4,,12.2,603.3,,,2.8,50.3,11.7,56.6,43.7,10.4,36.2,1.2,2.7,473.8,,32.3,2.0,0.7,734.7,1.3,7.3,203.3,,0.2,72.8,117.9,2.0,1081.2,5.4,1.7,17.7,101.7,2.0,103.8,169.6,2.0
48473,14020.2,57.3,,190.3,6998.8,290.8,,3.4,1402.6,125.1,3424.9,752.0,24.2,48.4,1.0,27.6,653.3,,50.8,37.2,49.2,2453.4,34.6,406.5,708.2,0.2,3.3,379.9,1062.9,2.4,1480.9,272.0,27.3,812.5,656.5,2.6,208.8,576.0,26.1
48475,2950.6,,,,174.8,,,0.6,,3.9,,11.3,0.5,141.9,0.3,1.3,187.8,,0.1,0.3,,66.6,,,17.7,,,144.6,508.0,0.4,48.0,,,,,,2395.7,56.0,1.1
48477,13978.1,312.1,249.8,48.5,328.4,5.9,3.2,9.3,249.3,35.3,87.9,270.3,13.0,73.8,2.5,5.9,629.1,38.2,39.1,4.8,9.5,2082.3,3.6,107.6,216.9,5.3,0.8,209.5,234.4,7.4,2862.8,6.1,1.3,18.5,166.3,,4382.0,549.6,3.4
48479,38792.9,,,1.9,2426.6,,,,,,123.3,1.1,0.1,610.2,,,227.8,8.5,6.2,0.1,4.0,157.2,,0.1,34.5,,,,,0.1,1418.4,,,0.9,7.6,,2609.2,17.7,0.4
48481,14469.4,,,1359.4,4689.9,2943.2,,179.7,2368.7,489.3,154.4,5663.4,869.5,54.6,54.8,408.7,1253.2,1586.1,,80.1,5.6,44129.2,555.4,4244.7,12760.4,1.5,40.8,2981.1,8854.0,127.0,1614.2,694.0,,122.6,10297.4,1.5,2599.5,11916.3,510.0
48483,348.4,289.5,61.8,115.8,790.7,86.1,6.3,47.7,48.5,49.2,2774.6,456.8,39.9,5.3,4.0,10.2,235.7,372.4,57.8,13.5,888.1,5434.2,18.0,71.3,377.0,7.4,6.7,322.7,2773.3,5.2,149.2,42.1,3.4,91.1,113.9,0.1,118.2,1652.8,18.3
48485,1112.8,86.0,35.0,80.2,514.6,4.4,6.8,32.0,32.1,98.5,33.8,955.8,4.7,2.7,5.5,47.1,239.8,212.9,337.2,2.9,2.5,6387.4,2.2,287.6,252.4,25.3,3.8,371.1,239.2,2.7,69.9,20.5,1.9,28.1,73.2,0.6,55.3,2159.6,71.3
48487,2298.5,1374.9,11.8,124.3,1145.4,56.9,11.8,356.4,83.2,402.3,2099.1,3687.2,103.8,7.0,32.7,152.0,609.0,88.1,652.1,14.1,626.7,19258.3,69.2,642.4,608.0,61.1,1.3,1252.7,2467.8,57.2,277.6,38.4,0.7,1327.1,96.2,1.0,212.1,11386.5,157.1
48489,4939.6,,,,21884.5,,,57.8,,266.2,668.8,271.2,330.9,,598.0,17.6,1522.4,,,38.7,72.0,37675.5,,9.6,2216.5,,,2145.3,8258.9,301.8,77.9,,,,860.4,,143.3,9265.7,3.7
48491,23505.5,449.7,19442.2,4321.5,29883.3,456.1,248.4,387.7,14045.5,386.3,79.6,1344.9,47.4,4142.3,9.1,65.2,3400.0,2333.7,1756.6,21.1,8.1,14066.7,85.1,184.7,17143.3,0.9,15.7,2806.0,3794.2,160.3,2268.3,10.2,502.1,35.6,11604.4,0.1,2385.3,2523.9,10.8
48493,17273.1,384.0,1523.0,346.4,2671.7,43.9,19.5,42.4,578.6,59.1,2028.5,933.3,23.6,98.4,1.4,20.1,819.6,461.0,356.7,15.4,175.0,3239.1,23.6,110.8,2125.5,1.2,4.7,355.8,1413.1,17.1,3368.9,18.7,7.7,89.3,1218.0,0.2,5160.5,911.2,19.8
48495,3245.5,,,,,,,,,,,2.5,,155.5,,,208.0,,0.9,,,11.6,,,,,,,,,52.6,,,,,,2625.5,,
48497,8275.2,139.0,168.2,42.0,469.3,9.6,2.1,17.9,941.4,30.5,694.7,2526.1,16.3,17.3,28.9,9.0,330.9,37.9,79.9,10.6,247.7,1398.9,4.0,90.6,316.5,1.7,0.1,9.7,383.4,11.6,124.1,32.2,1.8,49.6,116.2,,146.4,644.6,27.3
48499,6484.1,49.7,,,31.2,,,,384.5,126.5,2302.8,131.9,2.1,30.1,0.1,,485.0,,7.8,30.3,25.8,177.4,3.4,285.0,25.7,,0.1,13.4,0.3,,579.6,17.1,0.1,420.6,4.3,,437.9,14.6,
48501,518.2,503.7,218.2,274.1,6589.9,42.9,45.5,299.7,247.3,353.2,4177.4,700.6,64.2,40.8,60.0,230.5,657.7,201.6,695.5,68.8,854.0,28031.8,59.4,785.3,2776.2,15.3,2.4,5677.4,13326.5,4.3,30.2,105.7,1.2,98.4,366.0,1.8,42.3,29223.4,95.6
48503,11112.3,124.7,2.2,4.2,234.6,0.1,,2.4,385.5,17.0,30.7,409.5,0.7,4.8,0.7,5.8,445.2,14.5,34.3,1.5,1.0,856.9,0.2,57.6,131.7,0.1,,46.4,86.3,1.4,165.9,5.1,,2.5,14.0,0.1,196.6,300.6,15.1
48505,6864.1,,,,388.1,,,,,,,5.4,,98.7,,,36.0,,,,,18.0,,,198.0,,,10.0,,35.9,229.3,,,,,,421.9,,
48507,16040.1,,792.7,22.1,3146.3,,,38.2,176.8,39.2,2007.3,166.6,34.7,184.8,70.6,33.8,146.8,99.3,89.9,23.9,33.6,2550.0,,99.0,917.5,,,411.7,3141.1,168.5,429.7,4.5,,11.6,1331.8,,790.1,1064.9,8.3
49001,1511.7,,487.2,603.7,270.5,,2.5,380.1,0.3,3150.8,,918.5,21.7,20.1,0.9,19.8,75.0,70.4,191.1,0.1,,797.7,7.7,2390.8,40.9,1111.3,3.0,4395.2,66.2,10.2,0.6,,3.0,,25.9,0.2,2.5,1731.1,
49003,27582.7,1806.2,7048.6,599.9,695.5,23.4,16.0,1364.9,65.7,1237.4,297.1,2556.4,67.2,917.3,6.0,48.4,4213.1,706.5,1050.7,1.7,15.6,5195.6,43.6,4567.1,351.9,632.1,25.9,5718.4,749.0,85.2,133.9,266.6,24.5,41.8,1205.9,38.4,34.1,3567.0,7.7
49005,8894.7,159.1,5134.3,417.3,468.0,1.4,11.6,1047.3,4.4,1297.7,0.9,1942.8,74.3,230.9,4.3,15.5,508.9,512.1,490.2,0.2,10.2,1978.8,37.7,4378.6,197.3,354.7,17.9,6241.0,314.1,68.3,48.1,70.5,17.8,0.3,878.2,31.4,3.0,3927.7,0.1
49007,306.2,245.2,342.2,189.0,56.9,0.1,0.8,65.1,0.3,219.6,1.3,224.6,3.7,36.6,0.3,0.7,102.5,34.1,121.2,0.1,,152.8,2.9,409.9,13.4,190.7,1.1,85.0,31.6,3.5,2.0,,1.1,,33.4,0.4,5.0,296.8,
49009,73.8,16.1,88.6,48.9,13.7,,0.2,35.4,,123.1,,120.9,2.1,3.0,0.1,0.4,10.9,8.8,55.7,,,45.3,1.2,229.7,3.3,106.8,0.3,47.4,8.1,1.9,0.1,,0.3,,8.6,,0.3,166.3,
49011,1623.8,53.8,1306.3,159.8,237.4,15.9,3.0,252.9,37.7,152.1,155.2,444.2,8.5,58.9,1.3,19.9,143.9,137.8,172.7,2.8,0.1,434.1,7.2,698.4,237.4,60.6,7.6,725.5,340.7,19.9,5.6,17.1,4.6,21.3,224.2,3.4,1.0,466.1,6.2
49013,2227.6,1731.0,1928.9,1064.0,323.0,0.1,4.4,530.4,0.7,1765.0,1.4,1757.0,29.9,244.1,1.6,5.6,703.9,192.1,877.0,0.1,0.1,946.1,19.7,3293.7,72.2,1531.0,6.0,679.6,176.0,27.8,8.5,0.3,6.0,,187.7,1.9,35.6,2384.9,
49015,563.2,173.7,679.7,380.5,138.7,1.1,1.5,212.5,0.9,725.3,1.7,723.5,12.3,31.2,0.8,2.5,100.0,67.7,346.6,0.3,0.2,364.9,7.6,1352.8,25.4,628.7,2.1,279.2,62.0,11.5,4.0,1.8,2.1,,68.6,0.7,3.6,979.5,
49017,441.9,,,,3.6,,,115.0,,859.3,,241.1,5.9,5.6,,5.5,9.1,,45.6,,,140.9,2.1,652.0,,303.1,,1198.9,,2.8,0.7,,,,,0.5,1.6,472.1,
49019,106.7,61.0,57.7,35.6,14.5,0.8,0.1,32.7,2.4,105.8,2.1,118.6,1.8,8.5,0.2,0.4,25.2,5.7,46.1,0.7,0.1,67.4,0.9,198.4,2.2,91.8,0.2,44.3,5.3,1.7,0.5,,0.2,,7.3,0.1,1.3,143.0,
49021,3109.6,,106.4,131.8,66.5,,0.5,809.0,3.8,6797.4,156.4,1914.6,46.8,40.7,0.2,42.9,36.2,15.4,366.5,0.2,,931.7,16.6,5156.3,82.3,2425.4,0.7,9478.6,72.3,26.8,3.0,,1.6,,7.4,1.6,11.1,3733.3,
49023,1370.7,,1055.7,583.8,367.2,0.3,2.8,309.6,,358.4,1.2,521.2,13.7,59.7,0.9,2.9,129.8,105.1,131.9,,,2518.7,9.0,926.8,46.9,700.0,3.4,2767.2,66.6,19.1,7.6,,3.4,,29.6,5.3,6.7,1090.0,
49025,118.4,,,,0.8,,,25.9,1.0,226.3,,69.5,1.6,13.9,,1.4,4.8,,12.1,,,47.6,0.6,172.2,,79.8,,315.7,,0.7,0.7,,,,,,4.0,124.4,
49027,4087.8,,3452.6,1908.2,1014.0,0.8,9.1,992.2,1.4,1445.1,74.4,2080.6,55.6,105.0,5.1,10.5,228.4,343.9,515.2,0.4,,8573.2,33.3,3769.2,219.0,2872.8,11.0,11279.4,276.3,81.4,8.6,,11.9,,96.3,4.1,8.8,4442.1,
49029,3488.5,368.7,228.5,18.0,20.7,,0.5,114.5,,162.6,,226.2,9.3,148.2,0.2,1.9,755.4,22.8,52.4,,,430.6,3.1,548.0,8.5,44.9,0.8,780.9,13.8,8.5,16.8,9.1,0.8,,39.1,1.8,7.0,491.2,
49031,410.1,,70.8,87.8,40.7,,0.4,104.2,,894.0,27.3,254.9,6.2,4.3,0.1,5.6,11.4,10.2,50.9,,,164.7,2.2,677.9,19.5,320.4,0.4,1246.3,20.3,3.7,0.2,,0.6,,3.7,,0.8,490.9,
49033,6364.6,753.6,,,,,,118.4,,149.9,,202.6,8.7,288.1,,1.7,1513.7,,44.3,,,683.7,2.0,511.4,,32.8,,728.7,,8.0,31.5,2.7,,,,2.1,14.2,458.4,
49035,2489.4,73.7,408.0,40.1,53.7,6.1,0.9,132.6,11.6,89.8,1.8,158.3,4.4,43.7,0.4,2.4,245.3,41.7,40.7,0.4,0.1,516.1,2.6,265.1,41.9,83.5,1.8,371.5,43.7,4.2,11.8,44.5,1.4,0.2,69.9,4.8,1.4,239.5,0.4
49037,5075.1,2253.0,282.5,1207.9,467.1,25.1,0.6,348.0,2.8,146.9,6.5,136.1,21.9,314.7,1.7,4.9,914.5,100.8,237.9,4.1,330.2,2177.8,3.7,181.0,273.8,83.9,0.9,37.8,128.3,1.9,70.3,172.2,0.9,9.9,40.5,24.2,46.3,144.6,
49039,1719.9,,1217.7,673.5,382.1,0.4,3.2,476.7,5.3,722.6,0.7,1032.8,27.9,58.8,1.0,5.2,86.6,121.3,245.6,0.3,,4216.7,14.7,1889.1,53.7,1426.5,3.9,5642.4,76.0,38.7,3.7,,3.9,,34.2,0.7,6.8,2223.6,
49041,1751.3,,2849.9,1571.7,826.2,,7.5,477.9,3.0,705.6,0.8,1069.0,27.2,54.2,2.4,5.1,136.0,283.8,282.2,0.1,,4277.0,20.9,1846.1,125.0,1393.6,9.1,5511.1,173.1,37.8,2.0,,9.1,,78.0,0.5,2.9,2171.0,
49043,611.4,525.8,,,2.4,,,123.6,,410.2,,390.8,6.9,70.1,,1.4,195.2,,149.6,,,189.2,2.5,762.0,,354.2,,157.2,,6.4,4.2,6.5,,,,1.1,10.8,551.7,
49045,5313.2,603.0,205.8,16.7,19.6,0.1,0.5,209.9,0.1,268.7,1.8,374.0,15.5,235.8,0.2,3.0,1219.9,20.6,83.8,,,672.9,4.5,916.3,13.2,61.9,0.7,1306.7,15.1,14.3,25.1,5.3,0.7,0.1,35.2,1.5,11.4,821.3,
49047,2250.6,2176.3,1222.9,676.1,205.8,0.3,2.8,408.0,2.2,1346.5,9.4,1331.8,22.8,291.9,1.1,4.3,824.5,121.8,638.9,0.1,0.8,763.0,13.9,2511.3,46.9,1167.6,3.8,518.2,112.0,21.2,10.2,2.6,3.8,,119.6,1.7,44.7,1819.3,
49049,3826.9,,5336.6,2964.4,1651.5,4.3,14.1,894.8,560.2,771.5,10.5,2124.6,28.9,123.6,4.8,7.5,499.7,531.5,1123.2,13.0,0.1,7709.7,31.3,2081.7,242.1,1484.9,17.0,5940.4,352.0,41.2,22.2,,17.2,,155.4,24.8,6.3,2314.3,
49051,172.4,83.9,,,,,,80.9,0.1,287.3,,275.4,4.9,12.4,,0.9,35.3,,105.3,,,75.2,1.7,536.1,,249.2,,110.6,,4.5,1.0,,,,,0.3,1.7,388.1,
49053,370.4,,28.8,35.7,38.9,,0.1,90.9,4.6,715.7,448.9,301.1,4.9,18.5,0.1,4.5,16.2,4.2,39.9,2.9,,239.4,1.7,539.0,224.4,336.6,0.2,1005.7,179.0,16.0,1.4,,3.1,,2.1,0.4,5.2,388.8,
49055,652.8,,50.8,63.0,29.3,,0.3,164.8,0.9,1368.7,,410.1,9.4,6.1,0.1,8.6,11.9,7.3,75.1,0.8,,233.2,3.3,1039.1,4.3,482.8,0.3,1913.4,6.9,4.4,0.3,,0.3,,2.8,0.1,1.4,752.0,
49057,1368.4,64.3,1888.0,162.1,199.4,2.4,4.3,290.9,23.0,373.3,49.7,684.7,21.6,78.2,1.8,9.1,149.9,189.9,223.8,0.7,,501.5,12.5,1358.7,128.4,90.3,7.3,1824.9,187.7,23.3,4.9,6.1,6.6,6.3,323.1,2.0,1.2,1146.8,1.6
50001,981.5,49.2,4274.2,339.3,8360.5,2.9,2.1,12.8,155.4,67.9,106.2,1371.3,5.2,8.5,0.9,41.0,87.8,357.1,405.5,11.9,4.6,1797.9,42.1,3.8,2487.5,1.5,3.1,865.2,1654.8,242.8,,1.2,1.0,2.8,292.7,0.9,36.8,4.1,
50003,105.2,4.6,326.0,32.0,644.5,1.3,0.5,0.1,39.3,5.4,27.9,152.4,1.3,0.7,0.3,3.7,6.7,28.5,71.1,3.2,1.1,162.9,3.2,0.4,198.8,0.3,0.2,101.0,127.1,35.2,,0.5,0.1,0.6,24.7,,3.4,1.4,
50005,146.3,3.6,603.7,58.3,1192.6,2.4,1.2,0.4,54.5,10.1,66.7,163.5,1.3,1.2,0.6,6.3,12.4,52.7,33.1,2.0,2.7,182.4,5.9,1.6,371.0,2.4,0.4,96.8,237.9,27.3,,0.8,0.1,1.7,45.5,,13.3,0.8,
50007,185.5,8.2,810.5,113.4,1640.9,7.3,3.1,0.7,132.3,14.4,161.7,258.8,2.7,1.6,2.4,11.9,16.6,78.3,54.5,4.3,6.8,403.3,8.0,3.7,543.6,1.0,0.6,157.2,354.5,52.1,,3.1,0.2,4.1,75.0,,13.4,5.0,
50009,45.4,0.9,251.2,18.7,489.9,,,,,3.9,,53.8,,0.5,,2.2,5.2,20.7,4.0,,,35.7,2.5,,144.1,,0.2,29.7,91.9,5.2,,,0.1,,16.7,,1.7,,
50011,842.7,11.6,4488.5,351.5,8774.1,2.5,0.7,4.3,33.0,70.5,50.3,946.6,0.7,9.0,0.8,43.0,92.2,373.9,58.4,1.4,1.5,788.4,44.2,4.6,2599.6,0.8,3.3,512.8,1681.4,87.6,,1.0,1.0,0.9,305.4,0.5,35.7,5.1,
50013,80.5,4.7,352.3,29.5,690.9,0.8,0.5,,26.3,5.8,26.9,123.2,0.8,0.7,0.2,3.4,7.2,29.8,41.9,1.5,1.1,149.5,3.5,0.4,209.4,1.0,0.3,79.9,139.0,24.5,,0.2,0.1,0.6,24.7,,1.9,0.4,
50015,71.5,2.5,317.4,35.2,632.3,3.7,1.0,0.2,42.4,5.5,55.8,85.6,0.8,0.6,0.5,3.7,6.5,28.7,13.4,1.1,2.3,131.4,3.1,,202.3,1.4,0.2,51.1,130.9,15.3,,0.7,0.1,1.4,25.7,,7.2,2.6,
50017,193.1,5.6,827.0,78.8,1632.5,2.6,0.7,0.5,33.9,13.3,84.0,217.3,0.7,1.7,0.8,9.0,17.0,71.9,38.4,1.8,1.5,322.6,8.1,3.5,512.8,9.3,0.6,128.8,326.5,31.2,,1.1,0.2,0.9,61.8,,18.7,2.0,
50019,346.1,4.4,1729.6,135.8,3381.5,1.0,0.2,3.0,10.2,27.1,10.5,365.6,0.2,3.5,0.3,15.9,35.5,144.2,25.4,0.7,0.3,431.8,17.0,0.5,1001.6,0.2,1.3,199.4,640.9,34.4,,0.4,0.4,0.2,117.8,0.2,20.7,0.4,
50021,246.3,10.1,1012.9,122.2,2028.7,6.5,1.2,0.4,66.9,16.5,90.3,308.3,1.4,2.0,2.1,12.1,20.8,93.6,68.1,3.6,2.7,481.1,10.0,9.0,649.8,3.9,0.7,189.4,415.0,53.5,,2.8,0.2,1.6,86.0,0.1,21.7,2.3,
50023,107.8,3.2,369.0,60.3,757.0,5.1,1.6,0.1,75.3,6.6,84.8,131.1,1.6,0.7,1.5,5.9,7.6,37.5,36.7,3.1,3.5,160.0,3.6,1.6,259.4,0.7,0.3,81.2,164.1,29.1,,1.9,0.1,2.1,37.6,,11.1,3.1,
50025,176.2,0.9,387.9,54.3,785.4,4.3,1.5,0.2,94.9,6.9,98.0,189.8,2.8,0.8,1.2,6.3,8.0,37.5,94.9,6.6,3.2,219.4,3.8,3.8,264.2,3.1,0.3,124.2,168.0,46.4,,2.2,0.1,1.9,35.9,,12.5,4.7,
50027,130.3,3.9,365.5,56.2,745.8,4.4,1.4,0.3,70.8,6.5,78.3,144.9,1.7,0.7,1.3,5.2,7.5,36.4,48.6,3.5,3.1,211.5,3.6,2.4,252.4,1.0,0.3,95.3,162.2,32.7,,2.4,0.1,1.9,35.9,,15.7,1.6,
51001,6240.0,62.1,530.7,1418.8,16206.2,297.2,145.5,6.3,963.4,284.2,3501.2,1271.9,67.5,65.2,3.5,81.9,27.4,1118.1,64.9,88.8,564.9,27563.0,60.2,2.7,9528.8,1325.1,18.8,1974.2,737.7,592.6,2.4,157.5,14.5,130.9,2452.6,93.6,0.7,2041.1,
51003,591.1,126.7,160.0,421.2,343.6,9.1,9.0,,209.7,55.4,485.0,859.5,3.1,5.0,3.9,36.2,1.5,61.0,32.3,13.9,1.8,1534.1,12.9,87.7,197.1,51.0,0.1,881.9,198.2,103.2,44.3,15.8,0.9,14.3,167.2,3.3,13.0,83.6,
51005,77.6,27.6,60.6,16.1,230.5,2.4,1.8,0.2,,11.0,0.2,51.9,1.0,0.8,0.6,3.2,54.2,16.2,3.7,0.3,,428.3,2.9,7.9,168.1,15.1,0.1,66.7,224.9,9.6,43.6,0.8,0.2,3.1,25.9,1.2,1.7,23.3,0.9
51007,492.4,84.6,516.7,1371.1,1178.2,35.2,28.9,,22.9,65.9,5.0,611.4,11.8,16.1,1.7,17.4,3.6,215.3,7.2,2.2,0.7,3290.6,41.0,,713.5,109.1,0.2,541.2,376.1,19.6,14.5,3.0,2.8,14.8,526.1,13.5,4.2,323.1,
51009,259.1,56.2,49.5,126.9,104.5,0.3,2.9,,10.1,13.4,28.6,95.8,0.1,1.5,0.8,7.6,0.4,11.0,4.3,1.0,0.9,122.2,1.1,3.6,57.8,5.5,,45.0,11.9,8.4,26.0,0.6,0.3,2.8,50.9,0.1,7.6,3.0,
51011,307.3,88.3,120.9,314.6,255.8,6.2,7.5,,48.0,24.4,56.2,178.2,2.1,3.8,1.1,11.4,1.5,43.8,4.8,1.8,7.9,619.8,7.8,,149.0,30.9,0.1,99.7,70.9,12.8,18.1,3.3,0.7,6.8,124.6,5.2,5.3,58.8,
51015,1960.5,641.0,5331.9,896.5,20666.2,12.3,160.9,16.7,166.9,384.9,210.1,2692.8,4.8,70.2,17.6,71.1,728.9,513.3,82.0,27.3,32.2,19217.4,34.6,219.1,13971.9,270.0,11.9,1416.1,1548.2,330.5,1090.8,7.4,13.6,66.8,2296.0,47.0,41.9,117.7,25.8
51017,88.7,38.9,40.9,10.3,166.4,,1.2,0.1,13.5,4.8,12.7,31.8,,0.5,0.2,1.1,6.7,3.5,1.5,0.7,0.3,153.8,0.3,3.3,107.7,4.3,0.1,13.8,6.6,5.8,95.1,,0.1,1.0,21.5,0.1,3.6,,0.4
51019,654.3,133.3,334.7,851.9,702.8,0.1,18.8,,48.3,71.2,108.5,513.9,,10.5,3.8,35.8,2.3,68.2,19.3,3.8,1.6,563.7,4.1,19.0,387.2,26.0,0.2,204.5,58.6,37.3,51.4,4.6,1.8,11.7,340.5,5.0,15.0,0.7,
51021,131.4,262.5,60.1,74.4,1092.0,,16.7,0.9,0.9,38.7,1.1,291.1,,3.0,2.2,5.2,38.1,25.5,25.9,3.5,,176.0,8.2,25.5,467.6,50.3,1.3,281.9,130.9,31.2,202.9,0.1,0.5,8.6,50.2,1.7,28.6,,0.5
51023,326.2,119.3,695.7,119.2,2653.1,2.4,21.0,2.2,117.1,57.7,447.4,569.4,1.0,9.2,2.8,11.7,56.3,70.7,21.2,10.6,2.9,2754.5,5.8,34.0,1795.9,43.3,1.6,365.2,313.4,84.1,211.6,5.1,1.8,12.8,299.6,2.1,8.1,23.3,4.1
51025,203.6,54.0,56.9,473.9,1088.3,11.0,5.1,16.5,25.1,20.6,19.5,964.7,3.5,4.1,1.2,9.6,10.7,269.1,4.9,0.8,2.3,2810.2,3.4,0.6,317.9,78.8,4.6,86.7,563.0,5.2,7.5,4.7,0.6,46.0,56.3,3.9,29.9,238.3,2.5
51027,5.3,10.0,0.6,0.8,11.4,,0.2,,0.2,1.2,1.2,16.3,,,0.1,0.2,0.7,0.3,1.7,0.1,,6.1,0.2,1.0,5.6,2.0,,6.4,5.1,1.1,11.9,,,0.4,0.5,,1.7,,
51029,184.4,42.4,116.1,297.3,242.2,3.0,6.5,,8.6,16.9,8.7,118.6,1.0,3.6,0.6,5.9,0.7,33.2,2.6,0.6,1.0,378.7,4.2,1.2,136.4,13.8,0.1,61.5,40.6,5.5,12.8,1.2,0.6,2.7,118.0,1.2,3.7,28.0,
51031,501.0,110.4,323.0,877.5,829.5,9.1,18.3,,33.8,44.0,23.4,559.1,3.0,10.1,1.3,13.6,2.9,93.4,5.7,2.4,3.1,1163.6,11.8,0.3,500.6,40.9,0.2,204.0,139.4,15.2,24.4,3.9,1.8,7.6,330.9,10.1,7.1,82.8,
51033,1260.4,372.1,1101.0,2924.0,2443.9,107.7,62.3,,184.8,111.6,91.3,909.6,36.3,34.4,0.7,16.1,11.1,562.2,3.1,5.3,15.3,9416.8,120.7,0.3,1517.1,345.7,0.5,1552.3,1053.9,41.4,5.4,22.8,6.1,34.1,1118.7,45.9,1.6,994.0,
51035,375.8,289.7,59.4,83.0,1104.7,,16.5,0.9,164.4,74.0,960.3,606.3,,2.9,3.3,10.9,26.6,25.1,148.9,19.2,17.1,512.6,8.4,91.0,523.4,62.0,1.3,589.0,142.2,98.7,247.5,8.5,0.5,24.3,59.7,1.2,34.8,23.0,0.5
51036,2074.8,15.8,111.5,402.0,4029.3,46.1,21.0,7.3,147.8,52.6,40.2,330.9,15.6,13.7,4.1,34.9,15.6,247.7,1.2,2.2,,6799.0,11.9,1.2,2108.8,210.0,3.9,635.2,321.3,51.0,1.2,73.4,3.1,14.6,513.3,47.5,0.4,499.7,
51037,286.7,178.4,252.5,623.8,980.2,8.9,13.1,,39.9,31.5,96.6,612.5,4.9,8.3,0.5,6.5,311.2,180.4,4.3,8.5,11.0,875.2,6.5,1.8,781.0,56.0,1.2,161.7,951.7,13.0,23.7,17.5,1.2,7.9,161.1,6.1,2.8,84.0,
51041,120.8,41.4,60.2,183.8,179.9,12.7,4.0,,68.0,7.3,49.1,94.0,4.2,1.9,,1.3,0.6,50.9,0.5,2.4,6.6,1034.7,13.5,0.6,123.9,38.3,,176.1,117.7,8.5,2.8,2.3,0.3,5.2,65.8,1.9,0.8,116.0,
51043,1236.6,57.5,77.6,81.6,1208.4,9.2,28.6,,78.6,122.1,428.7,2239.2,3.0,13.9,3.3,8.9,565.5,132.3,42.5,15.4,1.0,818.9,6.9,0.2,281.6,42.9,7.7,254.7,184.1,220.2,25.5,5.3,3.1,18.0,523.0,4.6,7.5,83.0,12.6
51045,98.0,44.2,120.4,19.8,459.9,,3.6,0.4,0.6,11.6,4.0,71.5,,1.6,0.6,2.6,9.7,10.3,3.3,0.6,,409.1,0.7,6.8,309.1,8.8,0.3,30.8,10.1,10.2,94.6,,0.3,2.2,52.1,0.3,3.6,,0.9
51047,2025.4,82.6,207.4,236.1,3339.7,35.6,76.5,,39.3,213.9,8.8,1326.3,11.9,37.1,6.0,14.2,815.3,389.4,15.9,5.0,2.5,2840.7,18.3,1.7,880.5,117.8,20.7,488.8,504.9,142.7,33.7,9.4,8.3,20.6,1390.8,10.1,9.8,326.7,33.6
51049,164.5,37.7,111.0,294.1,263.3,1.4,6.3,,8.7,20.6,14.5,158.9,0.4,3.5,1.0,9.5,0.6,26.2,4.3,1.1,3.0,249.0,2.4,,151.9,11.3,0.1,40.0,25.7,6.4,10.3,1.1,0.6,3.9,114.3,1.3,3.0,11.0,
51051,8.3,5.6,0.6,0.7,10.5,,0.2,,0.4,0.7,3.2,10.2,,,0.3,0.1,1.1,0.2,1.3,0.3,,41.4,0.1,0.5,9.5,2.3,,5.1,3.7,0.7,22.9,,,0.8,0.5,,3.2,,
51053,365.3,241.1,176.4,1487.7,3333.4,242.8,18.3,204.1,108.4,52.3,1929.1,1475.2,13.6,12.6,12.6,72.2,32.5,837.0,19.5,8.0,100.1,10489.8,17.2,0.3,2314.6,219.4,14.3,396.8,2935.2,21.6,6.5,44.5,1.9,146.9,174.8,10.8,26.0,757.4,13.3
51057,7153.6,40.6,319.1,829.3,10252.8,105.8,60.5,,179.5,141.2,70.9,775.4,35.4,39.2,0.2,47.9,56.2,623.5,1.6,5.5,3.8,15002.8,28.5,0.8,4643.9,402.0,11.3,1309.0,241.4,140.9,5.0,95.5,8.7,31.3,1469.5,89.8,1.5,965.5,
51059,60.6,2.5,7.3,16.0,128.7,1.2,2.9,,2.4,15.6,6.9,72.3,0.1,1.3,0.3,1.7,27.0,11.1,1.6,0.4,0.5,55.6,0.6,,36.0,2.0,0.7,16.7,19.4,8.5,1.1,,0.3,1.3,54.2,0.1,0.3,4.7,1.2
51061,4150.0,187.0,239.6,262.4,3913.7,37.1,88.8,,102.6,273.0,94.1,1650.3,12.3,42.8,7.6,18.4,1816.8,436.4,24.3,7.8,5.7,3184.6,20.8,27.3,1033.9,129.3,23.9,708.5,608.6,184.6,82.0,15.8,9.5,26.6,1607.7,15.4,24.0,340.2,38.8
51063,198.4,234.6,89.4,113.1,1630.4,,24.8,1.4,49.4,40.5,105.7,401.3,,4.4,2.7,5.8,36.7,37.9,31.6,6.6,0.9,470.4,10.1,24.5,708.0,48.2,1.9,414.0,197.4,35.9,288.4,1.3,0.8,8.7,77.3,1.9,40.6,1.2,0.8
51065,189.9,48.7,118.7,304.1,247.9,3.2,6.6,,12.2,13.8,6.3,106.0,1.1,3.7,0.3,3.2,0.8,34.0,1.3,0.7,0.4,387.1,4.1,0.9,142.1,14.4,0.1,62.0,40.9,4.9,11.6,1.7,0.7,1.9,120.8,1.9,3.4,29.0,
51067,609.6,436.1,1392.8,3361.7,5321.7,3.9,72.3,,49.3,163.0,133.0,1260.0,2.0,45.9,2.5,23.6,252.9,862.5,60.0,29.0,2.1,1243.0,11.7,10.0,3926.9,99.7,6.4,759.0,551.5,51.2,28.9,10.4,6.4,13.8,875.9,5.5,3.4,32.6,
51069,1390.5,62.8,49.8,47.5,781.9,3.3,19.0,,396.1,101.7,1832.6,6666.3,0.9,8.9,2.7,7.6,615.5,75.1,117.3,56.2,4.4,665.0,4.2,125.2,166.1,22.3,5.0,914.1,262.4,668.0,28.8,23.6,2.0,32.5,337.8,3.5,8.4,27.0,8.1
51071,116.3,96.9,13.1,16.7,238.5,,3.6,0.2,10.9,13.2,46.0,126.3,,0.6,0.6,1.7,10.8,5.5,40.9,2.7,0.3,66.3,2.3,10.3,102.7,17.6,0.3,138.7,28.5,15.6,178.8,0.1,0.1,3.7,11.4,0.3,25.2,,0.1
51073,2123.3,15.0,178.7,358.4,5419.9,46.3,34.0,,21.9,93.5,102.6,443.5,15.6,22.0,0.4,11.5,8.4,310.1,2.9,4.9,6.9,7168.6,13.8,1.4,2167.5,140.1,6.3,628.8,111.4,84.3,0.8,5.9,4.9,19.1,826.6,8.4,0.2,426.3,
51075,374.8,107.7,339.9,870.2,709.1,9.0,19.0,,39.5,36.9,5.6,284.5,3.0,10.6,0.5,7.2,2.8,97.1,2.3,1.4,0.1,1085.8,11.5,,401.4,42.2,0.2,166.9,112.8,11.5,9.0,5.9,1.9,4.0,345.4,9.9,2.6,82.7,
51077,219.5,246.2,76.4,93.0,1382.3,,21.2,1.2,9.0,40.6,37.2,393.4,,3.8,2.2,5.4,38.1,32.3,36.5,5.3,1.1,664.2,9.1,27.3,589.0,46.4,1.6,371.9,179.2,33.6,416.2,,0.7,8.6,62.2,1.6,58.6,,0.6
51079,108.1,20.4,59.6,152.6,125.9,0.1,3.4,,1.8,10.4,7.3,67.0,,1.9,0.5,4.3,0.3,12.1,2.1,0.6,1.0,80.7,0.6,,70.0,2.9,,12.1,6.4,3.7,9.5,,0.3,1.7,61.3,0.3,2.8,0.3,
51081,177.3,137.7,26.6,371.1,654.9,300.1,5.6,287.3,42.9,8.5,2538.7,839.0,11.1,1.9,17.3,91.7,5.7,235.2,20.5,3.8,127.1,8122.0,14.3,,2053.4,101.0,2.2,393.5,3243.9,10.2,2.6,43.3,0.3,93.1,26.3,2.7,10.2,445.0,11.2
51083,471.6,374.5,126.6,334.2,515.0,6.7,6.6,,157.1,42.3,700.9,1438.1,3.4,4.2,0.9,14.5,777.1,95.5,13.6,17.3,42.3,746.7,5.1,0.9,396.5,74.8,0.6,132.5,1039.2,64.2,33.9,45.4,0.6,16.7,93.7,13.5,4.0,77.3,
51085,1403.3,436.1,1194.6,3180.1,2643.5,111.4,73.2,,413.1,148.9,567.0,1070.8,36.8,37.3,2.4,32.8,11.7,585.8,10.9,18.1,90.5,9676.7,123.9,1.8,1634.6,368.9,0.6,1599.7,1082.2,95.5,9.7,26.8,6.6,57.6,1229.0,46.6,2.8,1029.7,
51087,348.3,106.9,273.5,738.2,612.8,34.7,16.0,,72.0,30.4,72.0,245.8,11.7,8.5,0.3,5.5,2.7,164.7,1.5,3.3,10.1,2940.6,38.6,2.7,387.5,109.1,0.1,494.6,334.4,17.4,3.1,6.7,1.5,12.5,281.7,11.1,0.9,322.2,
51089,98.9,64.9,12.2,32.9,50.4,0.1,0.6,,17.9,5.2,56.0,82.9,,0.4,0.6,2.0,93.7,7.5,4.6,7.9,,47.3,0.2,10.6,194.5,39.2,0.1,53.7,20.6,5.1,11.5,7.2,0.1,2.0,10.0,1.6,1.3,0.4,
51091,266.6,118.0,74.7,11.9,284.3,,2.3,0.2,2.1,10.0,11.5,59.2,,1.0,0.5,2.5,19.0,6.4,3.4,0.6,,271.9,0.6,6.6,192.0,8.1,0.2,28.5,6.8,9.7,296.8,0.1,0.2,2.2,32.0,0.2,11.4,,0.8
51093,544.1,507.4,479.5,3891.5,8919.6,741.1,45.5,472.4,176.7,99.0,6300.9,2318.2,20.2,34.4,28.6,164.1,69.0,1908.2,35.1,5.6,311.0,16681.3,38.9,1.2,6694.0,240.2,38.9,845.8,6299.8,41.7,4.0,125.8,5.2,202.7,475.2,16.8,16.0,892.5,26.8
51095,696.4,4.5,41.7,101.1,1273.0,12.7,9.1,,114.8,24.9,491.9,225.6,4.3,5.1,,6.7,3.5,78.0,0.9,7.5,29.1,1863.2,3.5,8.5,553.3,49.3,1.5,533.9,37.9,38.5,0.4,13.1,1.1,6.4,197.0,6.4,0.1,119.6,
51097,3441.1,27.0,284.2,703.2,9181.9,85.3,53.7,,90.5,137.8,36.8,710.8,28.7,34.9,0.4,29.6,16.1,529.7,3.3,5.2,2.2,12613.6,24.0,0.4,4058.0,295.3,10.0,1085.3,198.2,127.0,1.3,44.4,7.8,29.9,1310.3,35.0,0.4,784.2,
51099,5286.4,18.9,64.1,214.7,2006.4,25.5,13.3,,53.7,62.0,217.9,250.6,7.9,7.9,0.3,15.1,37.9,132.9,3.1,12.0,16.8,3225.8,6.6,2.2,963.2,89.3,2.3,272.8,56.6,48.7,5.7,22.8,1.8,12.9,324.4,12.5,1.7,221.8,
51101,5293.6,29.8,302.3,679.3,9597.7,80.4,57.6,,153.8,147.6,216.0,758.8,27.1,37.1,0.3,42.8,34.2,530.9,2.6,9.1,15.7,12489.7,23.3,2.3,4033.7,312.1,10.7,1122.8,191.8,144.2,3.2,78.6,8.3,28.0,1400.7,60.3,0.9,740.4,
51103,874.3,9.4,77.5,215.2,2345.4,31.6,14.7,,45.0,32.9,10.3,177.1,10.7,9.5,,11.5,7.0,170.6,,1.4,2.1,4146.7,8.1,,1109.1,116.2,2.7,296.6,70.2,34.9,0.2,23.5,2.1,8.5,356.6,21.4,0.1,290.8,
51105,173.2,198.0,53.3,65.2,965.4,0.1,14.8,0.8,20.9,32.4,75.3,443.7,,2.6,2.2,5.7,59.7,22.6,24.7,4.6,1.3,540.6,6.8,23.6,431.5,41.1,1.1,267.9,197.5,26.7,291.1,0.4,0.5,8.8,43.6,2.2,41.0,0.9,0.4
51107,1979.8,94.6,103.2,159.4,1613.3,30.5,39.3,,134.5,161.3,81.6,777.1,9.9,18.5,4.3,16.2,877.5,230.3,19.0,4.8,11.5,2155.8,13.5,16.4,472.2,117.4,10.3,348.3,285.1,97.6,40.0,21.1,4.1,21.8,697.7,12.2,11.7,274.9,16.8
51109,356.9,75.3,229.8,656.5,694.1,8.8,13.1,,31.7,40.0,29.8,294.8,2.9,7.2,1.7,17.0,1.8,73.8,7.7,1.6,2.8,1066.6,11.4,1.8,441.7,39.6,0.1,202.8,103.1,14.7,15.7,3.0,1.3,8.2,234.2,6.0,4.6,80.5,
51111,154.7,100.0,80.8,219.4,318.5,58.7,4.2,,24.2,10.8,411.2,616.3,7.7,2.7,0.1,3.1,145.2,95.2,2.2,2.1,107.6,1127.7,9.7,0.3,530.9,42.7,0.4,88.8,1490.9,3.2,14.7,14.7,0.4,10.4,53.0,3.4,1.7,119.5,
51113,1684.2,80.1,96.9,110.6,1503.8,17.2,35.9,,73.6,97.2,92.5,778.4,5.7,17.3,2.7,6.7,769.0,183.0,10.1,4.6,3.5,1341.3,8.6,18.8,377.1,58.5,9.7,295.5,256.8,88.0,34.9,8.0,3.9,10.5,649.7,4.8,10.2,156.4,15.7
51115,448.2,3.8,26.2,77.8,794.4,11.6,5.5,,20.1,12.2,61.4,60.0,3.9,3.2,,2.7,4.1,60.6,,1.8,12.6,1481.9,2.9,,388.2,38.1,0.9,108.9,25.5,19.4,0.2,4.6,0.7,3.9,120.8,7.2,0.1,108.4,
51117,518.7,105.5,94.9,812.8,1864.7,14.6,8.8,,78.5,48.8,77.6,2163.0,4.0,6.8,0.6,10.7,19.3,416.8,7.8,4.6,8.7,3450.6,5.0,4.2,555.7,111.7,7.7,121.6,730.5,12.3,24.4,10.4,1.0,65.2,94.0,6.2,97.0,304.4,4.1
51119,1638.4,11.8,131.3,290.7,4003.1,36.3,26.5,,87.9,69.6,1511.3,340.7,12.2,16.1,0.1,19.0,7.5,234.8,4.0,8.0,34.2,5509.2,10.4,22.2,1705.1,136.6,4.6,455.5,97.7,70.1,0.7,33.6,3.6,21.6,616.4,19.5,0.2,334.4,
51121,358.8,417.7,144.8,177.7,2700.9,0.3,40.2,2.2,19.3,74.4,89.7,622.0,0.1,7.1,4.2,11.0,212.3,61.3,44.5,9.3,3.6,293.4,17.1,51.2,1184.5,83.3,3.1,681.5,324.4,59.1,261.1,1.6,1.3,15.7,119.1,8.6,36.7,2.6,1.2
51125,156.1,38.6,21.5,57.7,45.3,3.7,7.5,,270.6,27.2,659.2,444.3,1.2,0.7,1.2,10.8,0.3,15.4,16.9,14.3,58.7,689.4,4.6,15.7,75.4,23.7,,431.5,51.7,100.4,12.5,3.2,0.1,21.4,22.1,0.6,3.6,53.4,
51127,1800.7,12.3,95.4,276.2,3113.1,34.7,20.0,,107.3,50.0,436.2,243.5,11.7,11.7,0.1,17.1,12.8,196.8,1.2,7.7,49.2,4805.1,9.2,3.2,1483.8,135.9,3.4,398.4,80.0,71.9,1.1,34.8,2.6,15.0,441.9,26.0,0.3,325.2,
51131,1562.5,33.2,130.3,701.1,3987.5,436.2,120.4,11.4,1099.3,101.3,4619.2,304.2,38.5,16.0,6.2,42.6,14.0,478.0,173.4,102.9,516.9,13346.6,66.8,0.8,7305.2,1460.3,4.6,688.4,1148.0,386.4,0.3,88.9,3.6,255.4,600.8,62.7,0.1,1478.2,
51133,3143.1,28.4,283.0,671.9,8575.1,93.8,53.8,2.7,222.0,127.8,119.3,660.5,31.5,34.8,1.6,55.6,21.8,554.5,1.4,6.3,9.7,13456.0,25.4,1.2,3732.0,392.6,10.0,1006.5,295.1,130.1,0.8,116.8,7.7,28.3,1305.6,82.4,0.2,889.2,
51135,120.4,184.2,156.8,392.3,623.6,4.3,8.1,,4.1,32.9,41.0,258.7,2.5,5.2,2.8,9.7,13.7,109.3,16.6,28.2,,476.1,4.7,3.9,1086.1,163.1,0.7,115.0,442.3,9.6,10.3,0.7,0.7,11.1,99.1,1.7,1.2,39.4,
51137,664.5,111.4,796.3,2046.8,1670.5,21.9,45.5,,58.6,90.0,88.8,688.3,7.3,24.9,1.3,14.1,3.6,230.7,5.9,5.5,10.7,2609.2,28.0,2.4,941.2,71.2,0.4,405.7,275.7,38.2,31.2,3.0,4.4,12.3,813.6,8.5,9.1,204.3,
51139,1043.4,46.6,67.2,55.2,1068.9,2.6,24.9,,13.7,107.4,17.7,474.2,0.9,12.0,2.9,6.2,474.3,98.3,12.4,2.1,2.0,431.5,4.7,3.9,228.0,16.9,6.7,183.5,157.6,55.1,21.3,0.9,2.7,9.2,452.6,3.4,6.2,24.7,10.9
51141,355.3,288.4,185.7,442.0,692.9,1.0,9.6,,107.4,45.5,537.4,537.7,0.1,6.1,2.4,14.7,83.2,114.3,108.9,25.1,4.7,448.3,3.2,70.1,815.8,110.1,0.9,490.3,109.8,52.2,17.9,16.0,0.9,11.6,118.1,1.5,2.1,10.6,
51143,905.3,628.2,643.7,1572.9,2472.4,19.1,33.4,,163.3,83.8,109.4,2233.3,10.6,21.2,1.6,26.5,1456.4,450.2,18.4,16.5,2.9,2034.0,15.5,4.2,1896.4,161.9,3.0,428.1,2396.7,27.7,40.4,84.1,3.0,17.5,406.3,27.2,4.7,173.1,
51145,233.2,53.1,244.2,637.3,546.0,7.9,13.7,,17.6,31.4,3.0,232.5,2.6,7.6,0.8,8.8,1.6,74.2,3.5,0.9,0.2,901.2,10.1,,317.8,31.7,0.1,141.3,94.7,9.2,6.6,2.5,1.3,4.6,248.1,5.1,1.9,72.3,
51147,201.9,39.8,144.2,387.4,357.9,2.3,8.2,,10.5,27.2,17.9,282.7,0.5,4.5,1.3,12.6,0.9,34.1,6.1,1.8,2.2,339.4,3.2,1.2,217.9,15.5,0.1,63.1,44.3,9.0,11.9,1.1,0.8,5.9,149.0,2.7,3.5,15.4,
51149,400.6,279.7,261.2,2093.7,4901.0,77.4,23.3,22.6,133.4,56.9,477.1,549.5,7.9,18.7,1.6,19.2,51.1,1061.7,4.5,4.6,25.5,6881.3,10.8,,1676.9,202.6,21.2,197.2,973.2,18.6,3.5,31.7,2.8,104.3,258.8,15.7,13.8,580.2,11.3
51153,453.2,16.1,45.5,56.0,772.6,8.6,17.2,,31.9,44.9,15.5,307.3,2.8,8.1,1.2,4.3,159.9,86.9,2.9,1.6,5.0,732.6,4.0,2.7,227.1,30.8,4.5,124.0,114.3,35.2,6.4,5.3,1.8,4.9,306.5,4.2,1.9,78.3,7.4
51155,276.9,332.5,109.6,133.4,1983.3,,30.4,1.7,4.5,53.9,15.0,474.2,,5.4,3.2,7.5,147.5,46.4,35.3,6.3,,226.1,13.0,32.2,845.1,64.7,2.4,492.9,233.5,42.5,266.4,1.2,1.0,10.8,89.3,5.6,37.5,,0.9
51157,843.5,42.2,9.1,11.8,166.3,1.9,3.5,,66.4,69.0,144.9,423.0,0.6,1.6,1.9,4.3,398.1,17.9,17.2,4.1,0.8,227.7,2.5,28.4,56.9,14.8,0.9,200.4,55.9,51.4,19.3,4.9,0.4,9.8,61.6,0.8,5.7,16.9,1.5
51159,3164.4,23.7,258.2,610.2,8179.9,75.7,49.7,,152.0,121.1,449.2,630.8,25.5,31.7,0.2,37.8,23.9,475.8,2.2,7.4,24.0,11298.2,21.3,5.5,3544.6,293.6,9.1,1006.0,179.5,125.7,1.0,72.6,7.1,26.9,1192.2,64.8,0.3,698.7,
51161,75.7,31.4,64.0,15.5,258.6,,1.9,0.2,89.4,15.5,240.6,86.8,,0.8,0.5,2.7,5.7,5.5,4.2,5.0,7.5,298.6,0.6,17.7,215.1,19.9,0.1,60.8,29.4,21.5,60.2,2.2,0.2,4.3,33.0,0.2,2.3,0.8,0.8
51163,578.6,232.2,855.3,138.0,3293.7,0.6,25.8,2.7,26.4,64.9,19.6,461.5,0.2,11.3,3.2,13.3,101.4,76.2,16.4,4.0,0.2,2997.4,4.8,33.7,2220.8,46.4,1.9,217.1,124.0,57.7,506.4,0.7,2.2,11.2,366.0,7.1,19.4,5.8,4.7
51165,4453.7,169.1,573.6,520.9,9045.9,39.2,211.5,,99.6,705.5,361.2,4993.5,13.0,102.5,19.2,43.1,1850.1,891.5,84.8,24.4,6.0,4318.9,38.3,12.0,1982.7,168.6,57.2,1344.8,1340.1,532.9,73.4,11.6,22.8,58.6,3864.3,20.8,21.5,359.5,93.1
51167,191.5,379.8,20.0,24.7,377.1,,5.5,0.3,17.4,45.7,39.0,350.9,,1.0,3.2,7.3,33.9,8.5,39.3,2.7,0.2,658.4,6.4,37.0,193.5,75.7,0.4,163.4,103.0,40.0,569.6,0.3,0.2,15.4,16.7,0.6,80.2,,0.2
51169,152.5,286.3,23.9,31.6,440.0,1.7,6.6,0.4,57.7,54.0,329.6,421.2,0.7,1.2,4.8,7.3,46.6,10.1,33.4,8.3,9.6,815.6,6.7,63.0,278.2,78.4,0.5,233.0,229.2,48.4,313.0,0.5,0.2,24.2,20.1,1.5,44.1,16.6,0.2
51171,2125.1,93.9,144.6,155.0,2319.1,21.8,54.1,,92.6,201.4,556.6,3089.1,6.4,25.8,5.5,13.0,926.2,253.8,57.4,20.6,3.3,1710.1,12.9,4.8,603.4,78.4,14.4,471.3,356.2,308.0,41.1,5.6,5.8,28.2,973.4,10.5,12.0,178.5,23.5
51173,313.6,372.3,132.4,162.5,2401.9,,36.7,2.0,12.7,62.8,55.6,682.9,,6.5,3.8,8.9,55.9,56.0,61.2,9.3,1.7,423.6,15.2,38.6,1028.8,72.8,2.8,642.4,317.3,52.1,466.1,,1.2,13.3,109.3,2.9,65.6,,1.1
51175,818.0,643.4,575.9,4935.0,11061.9,1200.5,64.8,1071.7,225.7,111.9,10390.6,3312.4,40.0,41.3,64.5,350.7,73.4,2434.3,82.7,10.5,546.2,31568.0,60.7,1.8,10168.3,361.7,46.7,1673.8,12364.8,65.8,6.9,185.1,6.3,342.6,570.7,17.1,27.4,1577.7,46.3
51177,329.7,42.8,432.9,1152.3,1044.4,11.6,26.1,,99.5,56.4,141.2,398.7,3.9,13.5,1.2,11.9,2.7,124.2,4.9,3.9,20.1,1472.6,15.1,0.3,623.6,40.9,0.2,247.3,145.4,30.8,6.7,1.8,2.4,11.3,440.6,9.6,2.0,112.0,
51179,199.0,8.7,23.5,37.7,364.6,8.3,8.9,,7.2,24.5,10.1,147.4,2.6,4.2,0.7,1.7,76.0,56.1,2.1,0.7,2.4,525.4,3.1,0.9,110.7,23.4,2.3,61.9,62.6,16.8,3.0,1.2,0.9,3.9,158.0,2.1,0.9,72.8,3.8
51181,529.7,537.8,345.3,2837.7,6474.2,465.8,30.6,132.5,204.8,66.9,3808.3,1384.7,14.1,24.8,8.0,61.0,73.3,1471.6,9.6,2.0,188.3,11591.7,28.0,,4348.3,295.4,28.0,415.2,3086.9,24.1,0.5,98.1,3.8,188.1,342.2,23.7,2.1,899.1,20.3
51183,477.9,366.4,270.0,2357.0,5246.6,483.7,27.2,190.6,146.3,63.0,4031.3,1669.0,16.3,19.4,11.7,76.5,44.5,1247.0,17.9,5.8,214.0,12944.7,28.8,,4247.7,287.1,21.9,479.2,3583.9,24.5,5.0,81.6,2.9,211.4,267.6,13.5,19.7,1004.8,14.5
51185,233.5,402.3,75.4,94.1,1371.1,,20.9,1.2,4.9,56.9,29.0,401.8,,3.7,3.0,7.6,41.9,31.9,42.8,4.8,0.4,437.5,11.1,39.8,588.0,75.4,1.6,374.5,167.5,47.5,519.3,0.1,0.7,13.0,63.9,1.6,73.1,,0.6
51187,429.0,21.1,6.7,4.3,103.0,0.2,2.5,,55.4,30.4,149.4,432.5,,1.2,0.8,1.9,202.9,9.0,11.2,4.2,0.2,74.7,1.0,25.1,18.8,4.6,0.7,150.8,44.6,49.1,9.8,4.5,0.3,4.8,44.7,0.4,2.9,0.3,1.1
51191,351.2,629.4,174.8,213.8,3167.1,,48.5,2.7,54.0,105.7,130.0,1069.7,,8.6,5.8,15.2,71.5,74.0,65.2,11.8,5.5,872.0,22.0,77.7,1362.2,123.1,3.7,818.1,480.9,85.4,557.2,0.3,1.5,24.5,143.5,3.7,78.4,0.2,1.5
51193,6585.0,43.7,323.6,977.1,10221.8,130.9,75.1,,566.5,209.0,2327.5,998.3,41.0,39.8,0.1,66.3,54.1,679.8,6.7,55.9,289.9,16596.7,32.6,16.2,4894.6,479.0,11.4,1615.0,294.3,336.5,4.2,132.1,8.9,60.7,1543.3,104.4,1.2,1162.8,
51195,32.6,15.9,9.0,13.6,170.9,,2.5,0.1,3.4,3.0,6.8,47.4,,0.4,0.2,0.7,4.3,3.8,7.7,1.1,,20.6,0.9,1.5,75.1,3.1,0.2,51.8,21.7,3.9,43.3,,0.1,0.6,10.2,0.2,6.1,,0.1
51197,646.1,706.7,331.4,405.1,6100.3,,91.9,5.1,18.9,133.7,94.2,1336.4,,16.3,8.0,19.1,272.1,140.3,77.0,19.5,3.2,853.4,35.3,77.4,2632.0,140.6,7.1,1467.0,709.9,103.0,558.4,2.1,2.9,24.2,271.8,13.0,78.6,,2.8
51199,49.1,0.4,,6.1,0.8,2.1,0.4,,10.8,0.7,41.8,2.7,0.3,,,0.1,0.4,3.1,0.5,0.8,4.5,91.3,0.3,0.2,21.6,3.7,,2.9,3.1,3.0,0.1,0.1,,1.1,0.4,,,10.4,
51550,744.9,544.6,725.9,5694.0,13391.4,87.9,63.1,,304.2,154.1,169.0,850.4,22.9,52.0,0.1,23.0,117.4,2998.2,3.7,11.4,16.0,19491.6,26.3,0.8,3652.0,573.4,58.9,471.6,2056.3,54.1,0.6,49.5,7.9,298.5,719.4,33.2,2.3,1732.9,20.6
51800,667.9,537.7,562.5,4640.2,10626.0,817.8,54.4,531.1,208.3,114.3,7001.1,2436.2,23.0,40.3,32.0,185.0,80.4,2229.5,39.5,10.6,351.2,19265.1,43.5,5.1,7665.9,269.7,45.7,985.3,7082.2,53.7,1.8,136.5,6.1,230.0,557.4,21.8,7.2,1040.5,29.0
51810,337.2,190.9,291.2,2315.7,5407.8,45.9,27.4,17.7,161.0,75.0,172.3,356.4,10.0,20.9,1.1,13.4,46.0,1214.0,7.2,16.1,11.8,8443.7,11.6,8.2,1684.8,233.9,23.6,233.6,1011.8,32.1,1.7,18.1,3.2,130.0,288.5,14.3,6.6,775.0,7.6
53001,49253.9,,,6596.9,1861.9,812.2,,744.8,1277.2,1205.0,6308.8,3771.9,90.6,228.3,431.2,90.3,394.1,994.4,1509.9,85.4,3124.3,48310.0,158.2,2061.4,2153.2,8261.0,26.8,2467.9,4382.5,360.1,220.2,1689.6,9.3,216.3,1444.4,112.9,36.9,582.1,82.0
53003,4364.4,,,27.7,27.7,2.3,,425.4,24.2,1.6,4.0,90.4,1.1,144.1,0.5,11.6,1518.8,2.1,99.0,0.3,,8090.3,,14.3,3.4,929.6,,32.5,9.3,0.6,4.5,40.1,,,2.6,39.4,200.6,0.2,0.5
53005,52558.9,,,14394.9,8354.6,3101.0,0.2,7806.4,10663.3,2051.8,7163.0,21728.4,162.0,163.1,494.2,208.2,1118.1,1347.7,2564.7,289.4,248.3,59200.5,37.2,8790.0,3426.9,1233.4,107.6,8698.0,11610.2,256.0,192.0,2214.2,18.0,238.6,3090.0,121.9,9.9,1104.4,342.4
53007,4890.0,,,4.5,4.1,2.5,0.2,188.6,12860.4,963.4,3.0,17986.9,0.7,3.6,0.2,1.6,59.1,1.0,2265.9,30.5,0.1,25984.2,,2763.3,1.8,15.4,,3744.2,2598.3,8.1,44.4,195.6,,0.1,1.2,4.2,2.7,144.9,0.2
53009,324.4,,0.1,102.8,230.5,4.6,0.4,8.2,2.3,,40.0,92.4,1.2,13.2,0.2,0.1,21.2,1.7,27.2,0.2,,472.2,,5.9,14.8,3.0,1.7,57.4,17.7,0.2,1.2,0.1,0.3,0.4,1.3,0.5,1.0,1.6,0.2
53011,1011.5,,0.6,312.5,730.9,191.6,10.5,10.6,34.5,,50.8,149.6,3.3,47.1,0.8,0.3,69.9,7.2,47.5,2.9,3.0,1549.9,1.0,28.7,125.9,23.2,5.3,54.4,110.2,1.8,4.4,0.4,0.9,10.6,5.5,0.5,3.7,95.4,3.5
53013,13425.4,,,272.8,6.2,77.9,3.7,1396.8,25.5,2.5,38.9,263.2,17.1,482.3,,41.7,1248.1,550.2,876.9,46.1,2111.4,21422.4,128.0,0.8,694.1,2901.8,0.2,47.0,2321.0,,3.6,145.3,0.1,8.3,3.8,130.8,105.2,158.8,3.0
53015,564.5,,8.0,148.5,1637.7,364.6,11.4,1.8,22.7,,2.3,435.7,1.7,29.2,9.9,4.0,37.3,95.8,35.2,2.2,2.3,916.0,0.9,12.6,605.5,19.3,8.2,17.8,284.9,3.6,2.6,,0.4,6.8,73.4,,2.3,81.6,11.6
53017,30586.5,,,246.3,41.6,22.3,,207.0,5769.1,,,10207.2,18.5,97.4,,43.4,263.6,53.5,1194.9,12.5,255.1,43332.8,11.6,495.0,57.7,2233.6,1.6,4294.0,323.5,,266.9,1090.1,0.5,,27.7,69.5,45.9,108.0,
53019,1166.5,,,0.4,1.9,0.1,,9.7,,,0.2,19.3,3.0,14.7,0.1,0.7,8.0,0.1,62.9,0.1,,860.1,,0.7,1.1,98.0,,107.9,2.2,,448.2,4.2,,,0.1,1.6,164.5,,
53021,13057.4,,,12418.3,4082.6,1488.8,7.6,703.3,6675.5,2406.6,13915.4,10068.3,230.0,72.9,959.7,80.2,226.7,1120.1,2598.3,95.7,1137.1,25220.4,91.6,5558.0,3696.7,12714.2,40.0,7012.2,8458.6,852.0,142.3,481.8,14.4,429.2,2346.2,35.4,24.7,2890.9,208.4
53023,11266.7,,,,,,3.2,1310.2,,,,110.5,6.8,358.0,,26.0,1677.4,,170.1,,,19841.8,,,,2623.9,,7.7,,,5.3,92.6,,,,109.7,178.8,,
53025,31119.5,,,28377.6,8689.5,5242.1,3.0,2139.3,13963.7,2640.8,14977.1,32407.3,393.4,520.5,1426.4,199.2,290.1,3359.5,5806.1,288.8,7764.8,55608.4,604.2,11271.8,9951.9,14986.6,103.2,17049.5,14716.3,1276.3,201.8,1097.5,33.0,584.8,6944.9,87.2,34.9,2773.2,427.5
53027,580.6,,20.4,319.9,4058.0,679.3,16.5,5.6,22.6,0.2,20.0,1062.8,0.8,24.1,25.4,10.1,51.8,244.3,33.0,5.1,2.9,1038.1,0.8,2.6,1442.1,17.7,20.1,32.9,615.5,8.2,2.2,0.1,0.9,2.3,187.1,0.1,1.9,74.6,25.7
53029,349.8,,0.1,349.2,727.2,5.8,0.8,24.8,36.3,0.2,103.4,83.4,1.1,11.1,0.3,0.1,49.2,1.7,19.4,0.4,0.1,496.9,,3.9,28.4,73.2,5.5,47.9,13.9,0.3,1.0,5.9,1.1,0.8,1.3,0.6,0.8,37.9,0.2
53031,207.3,,,,3.4,1.4,0.2,0.2,36.0,,113.2,17.2,0.3,12.1,,,8.7,0.2,3.4,0.1,0.1,305.9,,2.1,1.8,64.8,,7.3,8.6,0.2,1.1,,,0.2,0.2,,1.0,35.3,0.1
53033,1031.9,,1.0,450.3,1081.6,52.1,9.8,6.9,45.8,0.1,148.3,185.7,4.0,51.6,1.3,0.6,88.9,12.4,17.0,1.3,2.4,1575.6,0.1,14.5,101.3,4.1,7.8,30.8,73.2,4.9,4.7,0.3,1.4,2.2,9.5,,4.1,16.1,1.8
53035,321.3,,0.1,1.5,18.0,6.4,0.5,0.1,72.7,,178.0,32.0,0.3,18.5,0.1,0.1,13.5,1.1,5.0,0.3,1.6,482.0,0.1,6.7,7.8,129.7,0.1,9.4,15.4,0.3,1.7,0.2,,0.2,0.8,,1.5,71.6,0.2
53037,1435.6,,,984.2,885.1,464.1,0.8,57.5,238.1,57.4,68.8,1111.2,5.4,6.0,50.5,20.7,142.0,206.1,156.6,17.7,0.7,2440.0,0.4,1097.2,215.8,26.3,7.5,406.4,1155.6,16.5,121.0,22.4,0.3,4.4,248.1,3.4,7.4,10.4,43.2
53039,20792.0,,,584.2,481.9,350.7,0.3,1827.8,1824.2,92.8,34.5,2538.5,15.2,40.0,26.6,31.5,622.7,143.3,868.0,22.3,127.1,20662.7,17.5,1049.4,408.7,219.5,4.3,1635.5,1036.9,10.2,420.9,601.9,0.2,9.2,136.6,49.0,25.2,125.5,22.9
53041,2563.5,,13.4,277.8,2811.6,736.0,10.6,65.5,43.2,,41.9,744.7,1.0,126.2,16.7,6.7,126.1,161.2,103.2,5.7,30.0,3512.3,3.2,11.1,1068.1,66.9,14.3,78.5,522.3,5.2,11.5,16.6,0.8,5.9,123.5,9.7,9.8,206.2,21.5
53043,71869.0,,,241.1,31.8,223.7,,1736.0,7.4,99.5,509.6,894.5,22.8,320.8,22.1,149.7,454.2,148.3,1628.7,13.8,712.6,55974.9,47.7,0.2,406.5,4774.6,1.2,356.8,413.0,16.0,290.7,2119.1,0.5,20.7,89.7,268.7,49.4,100.9,0.2
53045,158.7,,0.7,3.8,125.2,20.0,1.5,0.1,41.2,,82.7,53.1,0.6,8.7,0.9,0.4,6.6,8.4,6.7,0.3,0.3,254.3,,4.8,48.0,65.2,0.6,18.2,26.2,0.8,0.8,0.1,,,6.4,,0.7,35.3,0.8
53047,11520.4,,,303.2,106.0,1.1,0.3,504.5,10070.8,1205.1,9.4,18038.6,10.2,48.7,0.2,4.8,1136.7,0.6,2236.6,13.5,0.9,34617.6,0.1,1383.9,1.6,65.6,2.2,3687.8,1620.8,3.3,1131.9,208.4,0.5,0.2,38.5,17.5,69.1,181.5,0.1
53049,255.3,,,,,,,,,,,0.4,,15.1,,,10.9,,0.6,,,371.0,,,,0.3,,2.4,6.7,,1.4,,,,,,1.2,,
53051,93.2,,,,,,,3.4,0.1,0.2,1.0,6.9,1.4,0.9,,,1.4,,24.9,,,229.4,,0.1,0.2,62.0,,50.0,0.7,,31.4,,,,,0.3,11.5,,
53053,1202.7,,9.2,186.6,1924.7,302.5,24.7,2.4,91.9,0.1,62.2,543.9,6.8,60.8,11.5,4.6,64.5,110.9,20.9,5.2,5.1,1895.2,0.3,9.7,653.7,7.9,9.8,55.5,308.5,12.9,5.7,0.3,0.5,2.4,84.9,,4.8,39.1,11.6
53055,276.4,,,,1.7,2.6,0.2,2.0,71.6,,166.2,52.5,0.3,15.1,,,10.9,0.1,11.0,0.3,0.1,427.1,,5.8,1.9,129.7,,24.3,13.3,0.2,1.4,0.1,,0.1,0.1,0.1,1.2,70.7,0.1
53057,3088.8,,5.2,2595.2,6102.5,1994.5,148.6,321.5,882.4,94.2,4392.3,879.8,53.8,103.2,71.9,2.8,396.5,62.3,431.0,187.0,58.7,4893.6,10.5,44.3,1997.4,676.4,44.2,890.6,1031.2,144.7,9.7,113.3,32.5,115.0,47.7,14.1,7.3,2073.9,35.5
53059,89.7,,,,,,,,1.0,,,126.5,,2.3,,,1.7,,10.1,1.8,,352.9,,3.2,,0.1,,58.9,49.2,,0.2,,,,,,0.2,0.8,
53061,2172.0,,1.9,2256.5,4861.4,786.0,7.7,90.2,105.0,1.1,162.7,491.5,3.0,72.1,3.1,1.0,314.6,22.3,174.3,5.8,10.9,3023.6,4.2,26.6,536.4,106.3,36.4,51.1,266.9,4.5,6.5,12.3,7.1,13.7,17.1,11.3,5.5,409.7,14.0
53063,3927.4,,,477.8,408.5,97.4,14.6,3098.6,129.5,9.1,242.4,565.7,39.9,446.6,18.3,46.2,694.5,512.4,1466.9,23.9,1934.8,24060.7,72.7,168.3,752.2,2175.5,1.3,869.0,340.0,10.7,371.7,752.9,0.4,12.8,39.5,176.4,135.9,119.5,5.0
53065,1454.9,,,2.1,9.7,0.4,1.3,276.9,20.5,1.4,10.3,145.1,21.7,39.4,0.7,2.3,52.3,0.3,349.9,0.9,0.1,3150.5,,8.8,6.7,695.2,,648.7,13.2,0.4,447.5,42.3,,0.3,0.5,16.5,164.1,0.5,0.1
53067,1622.0,,0.5,133.3,359.7,17.5,3.1,2.0,45.8,,123.6,79.2,1.4,90.9,0.7,0.3,81.0,6.5,9.7,0.5,0.5,2359.4,,7.0,44.3,66.7,2.5,26.2,63.7,1.3,8.3,0.1,0.4,1.1,5.0,,7.2,36.7,0.7
53069,154.5,,,78.6,158.4,,,1.1,,,,12.7,0.1,7.8,,,14.6,,1.7,,,227.1,,0.1,3.7,0.3,1.2,4.2,4.0,,0.7,,0.2,,,,0.6,,
53071,29788.9,,,5789.5,3957.9,551.1,17.5,3174.5,6213.0,1042.4,35208.9,8268.6,64.3,973.9,147.9,105.2,2346.5,1101.0,3561.0,93.9,3250.3,64924.8,305.7,1839.1,3474.6,16885.2,14.9,3457.1,12255.7,897.6,8.7,278.0,4.9,115.6,619.3,268.4,116.9,1983.3,76.0
53073,3407.9,,0.9,7501.0,15280.5,281.3,7.0,132.7,134.7,13.8,998.8,1186.0,2.3,74.7,10.8,0.5,917.2,11.3,76.9,29.1,3.5,5198.7,1.4,24.0,635.2,277.9,117.2,178.1,202.0,10.8,6.8,12.5,26.2,20.7,8.6,0.5,5.8,387.4,5.3
53075,72484.5,,,2049.3,10.0,631.4,3.7,8054.7,40.5,5.1,588.1,1343.5,83.7,2536.6,0.6,211.6,5046.5,4531.2,6161.4,384.7,17386.0,118479.2,1046.6,2.5,5628.3,15936.7,0.4,238.5,19116.7,1.1,14.9,739.8,0.1,67.5,6.2,720.8,319.7,1272.4,24.4
53077,29122.4,,,14580.4,5757.8,712.0,37.0,2028.9,33370.8,3749.6,7600.6,57577.3,44.1,121.0,77.2,42.3,2618.4,462.9,7060.7,101.6,647.1,100586.5,44.6,6242.7,668.0,746.6,107.6,14873.8,6781.9,80.9,1881.6,596.7,24.4,33.2,1996.1,52.8,114.9,2071.9,59.9
54001,71.0,76.2,13.5,3.3,6.4,0.3,0.3,7.4,1.2,28.3,2.2,19.5,,0.3,0.3,0.6,170.2,2.7,4.3,0.1,,149.5,,19.3,17.4,10.2,0.1,20.1,8.7,9.3,4.2,0.2,0.1,15.9,2.2,0.1,8.4,,0.9
54003,1004.5,107.8,13.7,95.5,2506.8,6.1,25.1,3.2,667.7,160.4,2677.4,651.9,2.0,6.7,4.1,16.4,742.6,88.7,85.6,144.4,3.7,1311.7,6.4,52.5,1877.7,63.9,2.3,1330.1,552.0,369.8,3.4,39.4,10.4,31.4,107.9,13.0,6.9,48.8,14.7
54005,3.1,1.7,0.2,0.8,7.7,0.4,,,2.5,1.9,3.4,4.6,,,0.1,0.3,1.3,0.5,1.2,0.2,,15.5,0.1,0.9,4.7,1.1,,3.5,2.8,1.8,0.1,,,0.7,0.9,,0.2,,0.1
54007,91.4,56.6,3.3,3.0,96.8,0.3,0.2,,2.5,14.3,10.7,37.7,,0.2,0.4,0.7,83.6,1.8,4.1,0.3,,717.5,0.5,6.4,33.2,5.7,,14.7,6.4,5.3,3.5,0.4,,4.9,1.2,0.4,9.1,,0.5
54009,13.0,27.2,25.0,6.1,11.4,0.4,0.6,10.8,0.4,38.2,,25.2,,0.5,0.4,0.6,20.9,5.0,4.9,0.1,,34.2,,25.1,31.1,13.1,0.2,26.5,15.9,12.1,0.5,,0.2,20.6,3.9,,0.9,,1.2
54011,42.7,30.4,4.0,4.0,118.4,0.6,0.2,,9.8,18.1,22.1,50.5,0.2,0.3,0.5,1.2,32.8,2.3,5.8,0.4,0.9,449.5,0.7,9.3,40.8,6.7,,24.4,49.0,7.9,1.6,0.2,0.1,6.2,1.8,0.1,4.1,0.4,0.6
54013,62.6,35.6,7.6,5.8,214.7,0.1,0.4,0.1,2.2,7.3,7.8,63.9,,0.5,0.4,0.7,48.1,3.3,3.7,0.5,,523.9,0.6,2.8,70.2,3.2,0.1,22.3,13.5,5.3,2.3,0.1,0.1,2.2,1.2,0.1,5.9,,0.2
54015,19.9,12.7,,,,,,,0.3,2.6,0.7,2.7,,,0.1,,16.5,,1.1,0.1,,178.4,0.1,1.2,2.0,1.6,,2.9,,1.3,0.8,,,0.9,,,2.1,,0.1
54017,58.8,61.7,1.3,1.6,5.9,0.9,,3.4,4.2,16.3,12.1,15.0,0.1,,0.2,0.5,145.8,1.4,3.7,0.3,0.1,128.0,,12.4,7.1,6.4,,13.0,3.1,6.5,3.6,0.3,,9.8,2.4,,7.2,0.2,0.6
54019,34.6,23.0,4.5,3.8,129.5,0.3,0.3,,1.0,9.8,6.9,40.6,,0.3,0.4,0.6,27.7,2.2,2.9,0.3,,316.3,0.5,4.2,48.1,5.6,0.1,13.6,8.4,3.7,1.3,,,3.2,1.2,0.1,3.4,,0.3
54021,100.9,58.1,4.9,3.9,140.3,0.1,0.3,,1.6,7.4,8.6,43.3,,0.3,0.3,0.6,90.9,2.2,2.6,0.4,0.2,793.2,0.5,3.2,49.2,4.1,0.1,14.3,8.9,3.6,3.8,0.3,,2.3,1.0,0.5,10.0,,0.2
54023,986.6,116.1,2.9,14.5,532.9,,5.1,0.7,0.8,26.6,5.5,80.0,,1.4,0.7,2.9,719.5,18.5,5.4,1.0,,121.5,0.9,6.7,393.1,9.6,0.5,47.6,60.4,15.8,7.4,0.6,2.2,2.2,21.9,2.0,14.8,0.1,2.9
54025,2356.7,330.8,6.5,36.3,1181.8,0.6,11.8,1.5,12.7,145.9,35.4,189.9,,3.2,3.6,10.8,1748.3,42.0,35.2,3.0,1.1,253.9,4.1,47.1,887.3,54.9,1.1,148.0,138.9,67.2,18.9,0.8,4.9,14.2,51.4,2.7,37.7,0.3,9.3
54027,1065.5,128.8,3.1,25.3,584.7,1.3,5.9,0.7,205.6,47.9,819.0,170.1,,1.5,1.2,5.0,733.3,20.3,25.2,40.5,1.3,286.8,1.4,17.2,434.6,17.5,0.5,345.6,149.3,106.9,7.7,11.9,2.4,8.9,29.0,1.9,15.4,0.7,3.7
54029,12.8,19.7,19.8,8.7,24.5,2.8,0.5,8.6,1.3,30.3,1.9,22.8,0.1,0.4,0.3,1.4,11.4,7.1,3.5,0.4,,48.0,,20.0,36.9,10.4,0.1,20.4,17.5,11.1,0.2,0.9,0.1,16.4,9.6,0.4,0.5,,1.1
54031,1161.9,122.2,18.0,97.8,3268.4,2.3,31.7,4.2,6.5,81.7,7.6,494.9,0.9,8.8,2.5,12.8,992.7,116.3,11.9,6.7,,561.6,4.4,13.8,2425.0,30.6,3.0,275.0,376.2,70.0,7.1,1.6,13.6,5.2,135.9,9.5,14.3,22.0,15.3
54033,133.5,125.3,24.1,6.7,14.2,0.9,1.0,8.3,4.2,27.0,9.9,22.0,,0.5,0.3,0.8,314.7,5.5,4.9,0.3,0.3,249.8,,18.8,33.7,9.5,0.2,20.6,16.7,8.9,7.8,0.3,0.2,13.8,5.1,0.1,15.6,0.1,0.8
54035,206.2,125.5,24.2,18.2,686.0,0.1,1.4,0.2,5.5,41.5,37.6,206.6,0.4,1.6,1.7,2.6,172.6,10.4,11.7,1.3,0.9,1851.6,2.5,18.6,237.0,20.4,0.3,64.0,50.0,14.9,7.5,0.3,0.3,13.3,3.6,0.9,19.6,,1.4
54037,1525.3,112.6,40.1,340.6,7285.0,34.6,71.3,9.4,189.2,202.2,772.5,1166.5,13.1,19.6,6.0,34.4,1791.8,259.3,36.6,35.9,2.2,3904.2,16.9,43.4,5539.5,115.0,6.7,1267.6,950.6,219.2,3.7,26.3,30.3,22.2,308.5,41.7,7.4,317.6,34.7
54039,22.6,12.3,3.9,4.6,118.0,1.0,0.2,,3.8,2.3,17.9,32.1,0.1,0.3,0.2,1.0,17.2,2.7,0.6,0.4,0.3,258.8,0.3,1.1,42.0,1.1,,7.7,9.7,1.9,0.8,0.1,0.1,0.5,2.7,0.1,2.1,0.1,0.1
54041,78.8,79.9,26.3,6.3,11.5,0.4,0.7,8.9,1.5,28.0,3.8,22.9,,0.5,0.3,0.5,185.6,5.1,6.9,0.3,,142.5,,17.4,35.7,12.0,0.2,22.4,17.5,8.6,4.6,,0.2,15.0,3.9,,9.1,0.1,0.8
54043,41.6,20.2,5.9,5.0,168.7,0.4,0.3,0.1,9.3,5.1,27.6,51.1,0.1,0.4,0.4,1.3,38.4,2.9,1.8,0.7,,403.7,0.5,1.9,74.8,8.5,0.1,13.7,62.3,2.8,1.3,0.2,0.1,1.6,1.7,0.5,3.3,1.7,0.2
54045,6.8,4.6,,,,,,,0.1,1.0,,0.9,,,,,5.9,,0.3,,,56.7,,0.5,,0.4,,0.6,1.1,0.3,0.3,,,0.4,,,0.7,,
54047,24.7,0.8,,,,,,,8.9,,,24.2,,,,,1.1,,14.0,1.6,,15.3,,,,,,46.8,,19.2,0.1,,,0.4,,,0.1,,
54049,46.5,49.5,1.2,0.7,2.1,0.3,,3.0,3.7,14.2,16.8,13.9,0.1,,0.1,0.3,115.0,0.6,3.2,0.2,0.6,85.6,,10.5,3.9,5.7,,11.9,1.5,5.6,2.9,0.3,,8.6,0.8,,5.7,0.6,0.5
54051,73.4,93.1,45.3,11.9,34.2,1.3,1.2,19.5,8.4,69.5,17.6,56.9,0.1,0.9,0.7,1.3,160.6,9.7,13.1,0.6,0.3,199.7,0.1,47.3,73.3,25.0,0.3,55.8,30.8,23.1,3.9,0.4,0.3,37.7,8.4,,7.8,0.3,2.2
54053,469.9,158.0,300.4,241.1,8545.3,8.1,17.0,3.0,21.7,154.7,75.3,2249.2,28.5,19.9,14.7,27.5,330.5,132.3,29.6,9.5,1.4,12032.6,29.9,49.3,2798.5,54.4,3.5,2869.3,607.1,51.2,7.4,2.3,2.2,41.0,51.2,10.6,19.1,193.1,5.5
54055,71.5,44.2,7.7,7.4,225.7,1.0,0.4,0.1,13.1,25.7,48.4,89.9,0.1,0.5,0.7,1.6,52.8,4.3,10.4,1.1,1.4,541.5,1.1,13.1,75.6,9.3,0.1,41.1,15.5,15.2,2.3,0.7,0.1,8.7,3.2,0.3,6.0,1.2,0.9
54057,486.5,65.9,3.3,55.6,658.5,5.3,6.5,0.8,22.2,45.7,80.7,109.6,,1.6,1.3,8.2,369.8,21.1,10.2,2.3,3.1,183.4,1.3,20.2,494.1,16.4,0.5,61.8,75.8,32.5,3.5,2.6,2.5,3.9,46.1,1.7,7.0,2.4,3.8
54059,10.9,6.6,,,,,,,,,,,,,,,9.4,,,,,89.5,,,,,,,,,0.5,,,,,,1.2,,
54061,57.0,57.2,25.4,6.9,14.3,0.9,1.2,9.3,11.9,30.6,13.3,25.1,0.1,0.5,0.3,0.8,118.1,5.6,5.4,0.3,0.3,117.7,,20.3,35.4,10.9,0.2,23.6,17.8,10.0,2.9,0.4,0.2,16.0,5.1,0.1,5.8,0.3,1.0
54063,1645.4,232.1,7.0,47.1,1285.0,1.7,12.8,1.6,8.6,127.2,28.0,207.7,,3.4,3.2,11.2,1254.0,45.0,29.0,2.6,1.9,357.6,3.7,42.4,958.1,46.3,1.2,139.4,151.5,62.5,12.7,1.6,5.3,11.9,59.6,4.1,25.3,0.1,9.0
54065,126.9,16.2,1.2,5.9,216.2,,2.1,0.3,25.1,15.4,103.9,49.9,,0.6,0.4,1.6,124.8,7.7,8.6,13.2,0.1,75.0,0.5,4.6,160.4,6.0,0.2,107.7,25.3,28.5,0.7,0.7,0.9,3.0,9.0,2.0,1.5,0.2,1.3
54067,54.9,33.2,11.9,11.1,346.3,1.4,0.7,0.1,15.0,17.3,24.2,104.4,0.1,0.8,0.8,1.9,39.2,6.5,6.3,0.9,,480.2,1.1,7.1,116.8,7.0,0.1,34.4,23.3,9.3,1.8,0.1,0.1,5.5,4.7,0.2,4.7,,0.6
54069,31.8,58.5,49.8,12.6,36.8,1.2,1.3,21.4,1.0,75.5,3.1,50.8,,1.0,0.7,1.4,54.4,10.3,9.7,0.2,,83.8,,49.6,78.0,25.9,0.3,54.4,32.5,24.2,1.3,0.2,0.4,40.8,8.6,0.1,2.5,0.1,2.4
54071,1765.2,248.1,7.2,43.6,1299.6,2.0,12.6,1.7,2.0,124.2,9.7,203.8,0.8,3.5,3.1,9.7,1324.7,46.4,27.4,2.7,,373.7,4.2,36.0,968.7,47.7,1.2,177.3,151.2,59.5,13.7,0.5,5.4,12.3,54.3,3.2,27.5,19.0,9.1
54073,24.4,21.3,14.0,3.7,6.1,0.3,0.4,3.5,1.9,9.0,6.8,10.3,0.3,0.3,0.1,0.3,49.2,2.7,2.2,0.1,,76.5,0.1,4.9,19.0,3.4,0.1,13.8,13.5,2.7,1.2,0.2,0.1,4.2,2.0,0.1,2.4,1.6,0.3
54075,1029.2,149.6,2.4,14.2,431.0,0.4,4.1,0.6,2.5,74.4,5.5,70.8,,1.2,1.8,5.2,765.4,15.2,19.0,1.5,,143.2,2.0,23.0,326.9,28.8,0.4,68.8,49.9,32.3,8.2,0.5,1.8,7.6,19.2,1.5,16.4,,4.1
54077,215.1,197.2,388.5,100.7,201.6,10.7,10.1,89.3,10.5,205.7,36.0,175.5,0.2,7.6,2.2,6.3,347.8,82.2,22.7,1.4,1.1,545.5,0.2,107.7,508.6,63.1,2.7,157.2,257.8,57.2,8.0,1.2,2.8,85.0,70.5,0.5,15.9,1.2,6.1
54079,114.0,50.9,29.6,42.1,922.4,12.8,1.7,0.3,47.5,27.1,121.6,258.7,0.2,2.0,1.9,10.5,98.0,25.5,8.1,3.6,3.7,868.3,2.4,14.9,331.1,9.9,0.3,66.5,115.3,21.8,2.9,0.7,0.3,7.6,31.0,1.6,7.5,,1.3
54081,33.3,23.6,9.3,7.6,266.7,0.4,0.5,0.1,1.8,19.5,5.9,83.8,,0.6,0.7,1.1,23.5,4.4,6.3,0.6,,293.9,1.0,8.3,92.9,9.5,0.1,29.2,17.8,8.0,1.1,,0.1,6.4,2.2,0.2,2.8,,0.7
54083,938.7,122.5,4.3,29.1,780.6,1.5,7.6,1.0,6.9,45.2,26.3,122.8,0.4,2.1,1.3,4.7,700.8,27.7,12.9,2.5,0.1,180.4,1.8,12.0,603.2,21.8,0.7,89.5,94.2,27.7,7.4,0.5,3.2,4.2,34.7,1.4,14.7,9.0,4.5
54085,78.6,73.8,19.8,5.0,9.7,0.4,0.5,5.5,2.6,15.1,10.1,15.9,0.1,0.4,0.2,0.4,188.1,4.1,2.9,0.2,0.2,141.8,,9.1,26.2,5.3,0.1,13.2,13.1,4.9,4.6,0.2,0.2,7.3,3.3,,9.3,0.2,0.5
54087,151.4,92.6,8.4,7.0,240.7,0.5,0.5,0.1,5.5,10.9,21.7,69.4,0.1,0.6,0.5,1.1,127.6,4.1,2.8,0.5,0.8,1311.1,0.8,5.4,81.0,4.4,0.1,19.3,17.2,4.3,6.1,0.1,0.1,3.3,2.2,0.1,16.0,0.1,0.4
54089,349.3,49.8,1.0,5.7,187.3,0.1,1.9,0.2,4.9,28.7,12.2,30.8,,0.5,0.7,2.2,288.5,6.7,7.0,0.7,0.3,54.2,0.8,9.7,140.1,10.6,0.2,27.9,22.3,13.0,2.6,0.8,0.8,2.9,8.1,1.8,5.3,0.2,1.6
54091,42.7,54.8,10.9,4.9,13.8,1.6,0.3,8.1,2.1,33.7,6.3,23.2,0.1,0.2,0.3,0.8,100.9,4.0,5.4,0.4,0.1,79.6,,24.3,21.6,12.6,0.1,22.9,10.3,12.1,2.5,0.3,0.1,19.4,5.4,,5.0,0.1,1.2
54093,287.5,40.0,0.5,2.9,95.7,,1.2,0.1,4.9,19.7,19.0,16.3,,0.3,0.5,1.4,224.5,3.4,6.2,0.6,1.1,49.1,0.5,9.0,82.5,8.8,0.1,16.5,12.0,8.7,2.2,0.4,0.4,1.9,4.2,0.9,4.5,0.5,1.0
54095,37.6,40.7,9.2,3.4,8.8,0.9,0.2,4.6,4.3,17.1,2.0,24.1,,0.2,0.2,0.4,88.2,2.8,9.3,0.7,,189.1,,11.5,18.4,8.9,0.1,20.2,7.8,6.3,2.2,0.2,0.1,10.3,3.3,,4.4,,0.6
54097,91.4,83.2,16.9,4.4,9.0,0.5,0.5,4.9,5.4,14.4,15.6,21.8,0.1,0.3,0.2,0.5,215.0,3.6,4.8,0.5,0.1,163.1,,9.3,23.5,5.5,0.1,16.2,11.6,5.4,5.3,0.6,0.1,7.2,3.1,0.1,10.6,0.4,0.4
54099,59.7,31.3,17.3,13.8,493.5,0.6,1.0,0.2,3.6,8.1,19.2,130.6,,1.1,0.9,1.7,44.2,8.0,1.9,0.7,0.2,576.2,1.2,2.5,159.9,3.2,0.2,30.8,35.5,3.6,2.0,0.1,0.1,1.8,3.7,0.3,5.2,0.8,0.3
54101,13.3,8.1,0.5,0.5,13.8,0.1,,,1.1,2.3,2.6,6.3,,,0.1,0.1,10.2,0.3,1.2,0.2,,106.3,0.1,1.0,7.6,1.8,,4.0,1.0,1.6,0.5,,,0.8,0.2,,1.3,,0.1
54103,33.2,33.5,9.4,2.8,6.2,0.5,0.2,3.4,2.4,11.1,4.4,11.7,,0.2,0.1,0.3,78.2,2.3,2.6,0.2,,65.8,,7.0,13.8,4.1,0.1,9.9,6.9,3.9,1.9,0.2,0.1,5.9,2.3,,3.9,0.1,0.4
54105,64.6,40.5,7.9,5.9,224.1,,0.4,0.1,0.5,10.5,1.9,64.3,,0.5,0.5,0.7,53.2,3.4,2.6,0.3,,634.6,0.7,4.2,75.5,5.3,0.1,17.5,18.0,3.2,2.5,,0.1,3.2,1.1,0.1,6.6,,0.3
54107,84.2,76.1,80.6,23.3,39.4,3.2,2.1,20.4,3.0,51.7,12.3,46.3,2.2,1.6,0.5,1.7,153.8,16.5,7.0,0.3,,469.7,0.6,28.1,110.8,18.2,0.6,88.9,90.3,14.9,3.7,0.7,0.6,23.5,13.6,0.4,7.4,13.5,1.5
54109,3.9,3.6,1.1,0.8,29.9,,0.1,,1.3,4.2,0.9,11.3,,0.1,0.1,0.1,2.6,0.4,1.4,0.1,,34.3,0.2,1.9,11.9,2.4,,5.1,1.9,1.7,0.1,,,1.5,0.1,,0.3,,0.1
55001,621.6,6.6,2221.3,4805.5,5470.9,1616.3,311.1,31.4,3656.6,9.4,21319.5,1273.5,53.0,143.8,26.3,93.0,820.5,298.6,749.7,351.3,1.7,8673.3,61.2,38.8,6278.3,3136.0,29.0,597.4,4083.3,283.2,0.9,3.5,87.9,202.4,384.1,1.8,1.6,948.4,153.4
55003,192.7,,180.1,45.0,488.5,6.1,1.1,35.4,105.0,0.7,9.0,23.0,1.8,5.2,2.6,1.0,73.3,19.1,18.6,0.3,15.0,251.6,2.5,26.2,40.0,1.8,2.0,13.5,50.3,7.5,,0.3,0.4,5.5,6.8,1.0,3.2,0.2,5.4
55005,3700.9,0.1,22586.0,3743.0,34972.4,945.9,67.5,756.1,1451.3,40.2,440.4,983.2,20.0,1662.6,58.9,53.2,2251.1,448.3,1007.9,29.5,72.1,19655.9,94.9,248.4,8892.6,467.2,115.8,580.1,4608.5,128.0,,39.6,28.0,145.9,330.6,10.7,27.7,645.2,156.4
55007,298.1,,903.9,88.5,1384.2,16.9,1.6,84.8,210.9,1.6,0.6,116.0,1.1,68.0,3.2,1.9,110.1,13.8,140.5,1.1,0.9,535.0,15.2,58.3,275.3,3.9,4.6,40.7,108.2,18.9,,0.2,1.1,20.3,12.0,1.6,6.8,1.6,11.3
55009,1180.5,21.1,1783.0,713.1,8943.2,388.7,24.8,171.9,697.1,39.4,39.7,490.1,12.5,572.3,17.2,21.7,2439.7,1770.5,38.2,13.3,2.9,7727.2,85.1,162.9,8469.7,222.2,231.6,456.0,3641.5,143.9,,24.1,78.9,30.6,60.9,21.1,4.3,182.8,27.6
55011,2464.0,0.1,9347.0,2255.8,14434.2,427.5,79.7,372.4,716.4,31.1,22.7,2542.2,15.5,856.9,15.9,33.5,3012.4,5326.0,42.2,10.0,24.0,12714.1,141.7,163.9,6217.8,166.4,54.2,715.3,3051.4,96.2,12.6,9.5,12.7,70.2,242.9,3.2,23.6,137.7,85.9
55013,787.1,,4517.9,527.1,6913.4,127.2,8.0,143.5,246.7,8.1,4.8,184.3,2.9,334.0,4.8,4.7,463.0,83.5,196.0,0.5,9.9,3739.6,21.1,62.3,1453.5,36.9,22.8,118.0,634.1,15.6,,0.4,5.3,29.8,59.4,1.7,9.9,81.7,23.6
55015,1016.1,24.8,1416.6,926.2,7640.1,596.0,64.8,117.5,602.1,20.3,7.9,469.3,6.5,446.2,11.8,65.9,1947.0,1573.1,106.2,9.1,0.5,7668.2,117.6,85.5,7789.5,232.2,187.5,357.8,4033.4,100.3,,32.2,61.6,36.4,72.3,18.3,2.0,335.1,68.8
55017,3665.2,0.1,25065.5,3069.3,38345.5,959.7,40.8,798.8,876.6,44.7,5.2,980.0,13.1,1847.9,20.7,22.9,2474.3,454.9,724.7,3.8,106.4,19166.1,81.1,225.9,7930.2,193.8,126.3,653.4,3204.2,71.5,,1.1,29.6,95.8,328.6,7.8,32.7,282.6,84.9
55019,2917.8,0.1,9939.9,2835.8,26875.8,645.2,48.6,950.4,916.1,36.0,23.1,793.6,35.7,288.2,28.2,25.0,3537.3,1174.6,162.7,14.6,107.4,17030.5,43.4,240.5,3098.4,155.9,108.2,732.5,2847.6,68.7,,2.0,22.3,77.9,373.6,10.7,36.3,217.4,48.0
55021,9808.5,51.8,24273.3,1719.6,18483.6,1338.6,62.7,243.5,3824.8,293.7,69.1,3326.2,109.0,2963.8,35.8,129.4,3152.8,1182.7,302.2,22.8,107.3,29168.1,249.0,130.6,33118.9,104.7,204.3,1729.5,12132.9,160.5,8.3,40.0,160.9,158.6,357.6,13.0,15.6,854.0,80.4
55023,2369.4,5.7,7991.5,1001.8,8860.6,219.3,53.2,172.7,783.2,24.7,52.9,1339.2,12.9,469.2,9.1,35.9,1255.3,581.5,58.0,6.8,14.6,8855.0,66.8,160.8,5190.9,126.7,73.0,459.8,899.6,153.3,56.9,0.8,10.5,61.8,637.1,1.2,23.4,83.4,40.7
55025,13996.6,87.3,34122.2,2680.4,25959.5,1643.0,68.1,342.6,5503.1,384.8,144.6,4695.0,183.9,4166.7,51.1,175.1,4456.6,1722.5,229.9,31.4,69.8,47021.9,346.4,195.8,45833.7,144.0,286.7,2644.7,17924.4,200.0,11.8,39.7,226.2,122.5,500.0,16.2,22.0,1312.6,111.8
55027,11235.9,66.5,28343.4,2684.8,22809.0,2238.9,148.3,293.2,6352.4,306.6,42.2,4927.4,140.2,3444.4,53.2,236.3,3794.2,1568.6,588.1,30.0,24.1,36992.6,316.7,205.8,43141.2,131.7,253.8,2106.7,14760.5,238.2,7.2,62.4,189.6,190.2,559.1,18.2,13.5,1031.6,105.8
55029,1180.6,8.7,607.9,268.8,3039.6,492.0,43.0,83.8,834.8,16.3,8110.0,307.1,5.8,195.7,9.1,7.1,868.5,608.1,283.8,28.9,1.5,4461.6,133.2,88.5,5314.4,180.9,79.2,711.9,2823.6,130.0,,20.0,27.1,63.4,20.4,14.7,4.1,481.6,106.0
55031,224.3,,207.4,21.2,318.6,3.6,0.5,29.2,134.8,0.4,2.4,19.5,0.7,17.2,2.2,1.1,54.7,3.0,97.7,0.2,3.2,118.0,10.4,33.7,65.7,1.3,1.1,5.6,27.1,4.4,,0.1,0.2,12.3,2.8,0.4,9.9,0.4,7.3
55033,3338.5,0.2,13735.3,4926.6,21171.8,2712.5,126.7,538.1,827.3,36.8,12.5,3626.9,27.4,1252.6,19.3,44.4,4402.0,7860.8,600.7,30.0,663.3,22644.2,276.4,190.0,11159.7,284.1,79.5,1174.4,5518.8,115.6,13.1,14.5,18.7,99.6,355.0,5.3,24.5,965.3,123.7
55035,1680.2,0.1,6071.4,1559.6,9232.2,518.1,44.2,250.5,541.9,19.5,27.8,1694.7,13.7,556.6,11.1,12.4,1962.8,3479.9,97.7,8.4,78.7,10494.9,128.2,130.6,4191.9,134.5,34.9,542.5,2051.8,67.5,7.8,0.8,8.3,60.2,150.4,2.8,14.6,231.4,55.6
55037,83.1,,52.5,8.5,236.9,2.1,1.0,12.6,57.4,0.4,,17.6,0.9,12.8,1.9,0.5,48.5,12.4,10.0,0.2,,146.3,1.7,14.7,355.2,1.2,1.1,8.0,40.1,8.2,,,,0.7,4.1,,2.2,,3.0
55039,2089.6,47.9,3567.6,2620.5,20684.7,1610.2,278.7,266.7,2027.8,48.5,21.7,1481.1,15.3,1102.4,28.9,300.1,4806.3,4253.7,300.3,24.2,0.8,16063.4,264.0,175.4,20105.9,445.2,481.3,865.6,10058.1,271.7,,105.9,152.0,97.2,246.8,35.4,8.5,798.6,242.5
55041,131.2,,36.1,6.3,162.9,1.7,0.7,15.5,76.5,0.3,,17.9,1.3,9.3,2.6,0.5,41.8,8.6,13.5,0.1,,304.4,2.3,19.8,245.1,1.0,0.7,5.3,29.1,10.8,,,,1.0,2.8,,3.9,0.2,4.0
55043,10525.5,23.0,34299.0,4247.6,38017.8,950.4,227.5,712.9,1480.8,76.8,16.9,3940.4,48.7,2027.9,25.2,101.9,5532.8,2469.2,147.4,21.4,4.0,35171.0,239.9,379.2,22198.7,496.8,313.4,1762.9,3430.6,321.0,294.0,1.6,44.3,158.3,2733.7,4.1,121.0,369.0,100.7
55045,8846.8,43.7,16297.4,1296.2,12350.2,855.5,27.2,182.4,6875.7,174.1,23.1,2308.3,92.7,1993.9,34.2,91.9,2167.4,825.1,246.7,14.0,5.1,23489.0,202.4,252.6,21870.0,66.1,136.4,1291.4,8774.2,223.3,14.3,14.5,108.0,103.7,233.2,7.7,26.8,654.6,77.4
55047,1282.7,8.4,5521.8,5982.4,10218.1,927.9,177.2,76.9,590.5,30.0,24.3,902.2,20.3,381.0,12.7,53.0,1837.5,685.7,313.4,10.5,18.1,12975.1,38.7,50.2,6094.6,121.6,70.1,619.6,4492.5,102.1,3.4,12.5,29.9,90.2,668.5,6.3,6.3,514.0,74.7
55049,5812.5,11.9,15860.6,2019.0,17614.4,654.9,116.0,336.1,822.1,48.0,29.2,2012.3,25.3,954.3,12.8,74.2,2743.7,1170.7,94.0,12.1,26.7,17808.0,126.2,198.2,10705.9,250.1,145.1,859.8,1725.0,181.1,194.2,3.2,20.5,87.7,1265.7,3.1,80.0,218.2,57.6
55051,60.1,,21.4,12.6,61.9,1.2,0.9,4.1,27.5,0.1,57.7,3.7,0.4,0.6,0.5,0.4,11.3,2.3,3.5,0.5,94.5,40.7,0.4,4.5,12.6,7.8,0.2,2.4,14.7,2.5,,0.1,0.2,1.7,1.0,,1.1,0.2,1.1
55053,1624.6,0.1,6350.4,1503.8,9646.7,365.6,48.8,250.9,497.7,20.8,27.8,1729.8,14.9,580.4,10.9,11.9,2043.5,3644.4,62.7,6.7,20.6,11290.2,139.0,130.2,4274.0,145.7,36.5,576.9,2078.3,61.6,6.7,0.6,8.6,63.8,156.8,2.1,12.6,243.5,58.6
55055,6399.1,49.4,14867.8,1347.3,11235.8,806.9,29.1,150.7,3572.4,182.4,7795.9,1996.4,161.7,1816.3,29.9,72.2,1957.7,789.9,109.1,53.5,72.8,25422.9,189.0,94.7,20404.4,441.6,124.0,1457.9,10448.6,151.8,4.6,27.2,120.2,69.0,209.2,9.4,8.7,738.2,49.3
55057,1434.1,11.8,3886.7,4667.2,7331.0,725.4,116.8,55.9,1061.6,17.1,2986.7,786.4,35.0,269.2,15.3,47.0,1346.8,533.8,172.8,25.0,2.0,13735.1,27.0,61.1,4432.2,704.6,49.3,658.1,4006.9,123.3,7.7,4.2,36.1,45.9,482.3,2.9,14.4,301.3,51.9
55059,1493.8,25.9,11403.6,1184.2,9578.1,377.3,10.9,199.1,135.4,124.8,77.5,324.1,4.6,554.3,2.1,27.3,516.5,490.5,21.6,2.1,1.2,9257.2,60.6,25.5,4652.3,51.9,24.3,248.0,606.8,29.8,,13.1,31.9,33.5,32.2,16.1,2.3,661.6,17.4
55061,887.4,13.0,1438.9,476.0,7155.8,303.5,17.3,145.1,576.0,21.7,159.2,371.6,10.5,462.6,13.2,11.0,1959.9,1396.3,66.1,13.8,0.6,6031.4,69.7,120.1,7083.7,142.3,186.6,367.6,2882.7,100.9,,13.6,63.8,24.3,46.4,16.5,2.9,169.3,31.7
55063,1633.4,,5872.1,1223.3,8942.2,229.8,42.1,228.2,454.7,22.6,21.7,1599.7,8.4,540.4,9.4,12.3,1898.3,3336.4,32.2,6.5,24.4,7344.1,77.2,106.2,3727.8,94.0,33.8,429.4,1830.9,58.7,9.2,1.4,8.0,45.6,146.2,1.6,17.1,98.4,46.2
55065,7308.1,26.1,27074.9,3669.6,30010.8,885.3,175.8,558.7,821.0,59.2,1.8,2748.7,54.2,1573.7,15.8,67.7,4111.6,2105.9,72.6,16.6,0.2,35445.0,238.1,208.1,17683.0,491.6,247.4,1641.6,3292.7,191.9,137.2,0.5,35.0,101.5,2158.0,3.7,56.5,377.6,55.9
55067,669.9,,574.9,1612.5,2879.0,369.7,102.4,81.3,3395.7,4.0,40722.6,214.3,43.9,127.8,62.0,67.4,484.4,217.8,303.1,135.3,0.7,5118.6,42.6,46.7,5694.8,2976.9,15.2,376.2,2424.8,1048.5,,10.3,12.8,67.3,81.1,2.9,8.3,317.7,50.4
55069,500.0,,703.0,200.5,1903.3,42.9,4.0,100.2,252.0,2.5,8.4,88.5,7.6,20.8,6.4,2.9,268.0,81.9,44.2,1.1,68.7,1266.4,7.1,78.0,212.2,10.0,7.7,52.4,203.9,17.6,,0.4,1.6,19.2,26.5,1.8,7.5,13.6,12.9
55071,1636.5,21.1,2083.7,759.3,10435.4,514.1,34.5,213.6,1379.0,33.3,713.0,533.9,32.9,669.3,20.9,23.1,2865.6,2049.6,127.7,48.5,1.2,8835.6,119.5,191.9,10727.3,285.5,270.7,516.0,4494.0,184.1,,30.3,92.3,43.5,70.5,29.3,6.3,306.8,61.3
55073,2660.1,0.1,10382.0,4382.0,28845.3,760.6,156.5,984.6,1717.4,37.5,2106.9,1011.0,43.6,299.9,39.5,68.4,3685.7,1218.2,270.9,31.4,386.6,17847.2,52.2,295.3,3918.0,459.4,114.7,796.1,4483.2,275.3,,25.6,28.9,107.9,425.6,9.9,32.2,298.2,102.9
55075,1001.7,,1429.7,901.6,6562.2,210.4,60.9,184.9,617.8,10.6,1477.9,288.4,10.5,335.0,16.6,32.5,1143.3,389.0,89.1,10.4,92.5,3915.7,28.9,109.9,10049.3,166.7,30.0,225.2,1853.9,107.7,,5.4,0.8,21.7,124.8,2.8,4.9,94.0,29.9
55077,823.9,6.0,3339.0,3088.6,5841.6,268.2,47.3,49.2,620.7,73.6,1908.9,410.7,19.9,233.2,11.6,19.2,1098.5,424.2,103.9,17.0,161.5,8426.8,16.1,68.3,2919.8,446.6,42.2,436.7,2926.0,73.8,3.4,2.2,27.7,22.3,375.7,2.0,6.3,125.4,20.5
55079,54.4,1.5,275.3,55.2,262.5,25.5,4.4,5.5,31.7,9.3,36.1,9.8,0.3,13.3,2.3,4.8,16.3,16.1,3.2,1.0,0.3,523.9,2.8,2.0,163.9,17.9,0.8,6.7,56.1,12.4,,3.2,1.4,3.1,3.5,0.5,0.1,52.8,1.1
55081,3282.6,0.1,9618.8,1908.0,14612.5,341.5,62.5,378.7,890.9,29.3,20.0,2700.7,12.9,894.6,18.5,19.1,3164.7,5455.0,55.9,9.7,16.7,10995.6,115.9,224.6,5969.8,143.0,55.2,662.9,2911.1,108.9,22.2,1.3,13.1,88.7,237.6,2.8,41.6,104.0,83.4
55083,1767.0,,2624.6,660.0,11850.2,419.0,74.7,307.5,521.1,19.7,20.3,410.1,11.8,621.3,18.5,13.4,2102.2,669.6,251.1,8.4,21.5,6228.6,72.0,136.5,19341.7,114.1,52.6,398.1,3139.6,82.5,,6.3,0.6,63.4,203.8,5.9,7.4,424.2,51.8
55085,163.8,,23.3,7.6,64.1,7.8,7.7,7.0,469.6,0.1,2443.7,3.8,5.7,0.7,5.1,0.2,19.3,2.5,58.5,17.5,,395.8,3.0,6.6,240.6,352.2,0.3,44.6,97.9,22.8,,0.4,6.8,14.2,0.9,0.4,3.0,54.1,7.6
55087,1580.9,42.6,2522.8,1261.1,12684.5,719.4,119.9,192.7,2319.1,57.6,41.3,603.8,12.1,809.0,16.0,36.5,3461.9,2568.0,45.7,15.8,4.5,13038.0,151.7,131.3,12377.7,383.2,327.9,646.0,5977.6,231.3,,31.1,111.6,169.6,87.6,27.2,4.7,537.5,31.1
55089,1121.4,8.9,6214.1,747.2,5860.7,330.1,82.1,126.5,418.1,95.7,136.2,278.5,2.8,300.7,13.2,78.1,317.3,252.8,89.5,15.0,2.1,3803.5,43.6,42.6,3610.2,102.8,17.0,133.7,648.1,123.8,,29.5,20.0,31.3,72.5,11.3,2.5,323.7,25.2
55091,922.0,,4436.6,967.3,6751.1,196.5,30.1,172.4,280.6,16.9,14.7,1171.0,7.7,403.4,6.7,8.7,1408.4,2529.8,17.6,4.8,17.8,6295.0,70.2,68.5,2837.4,81.7,25.5,348.9,1378.3,37.6,3.3,0.8,6.0,30.5,110.2,1.2,6.1,69.6,31.1
55093,2770.8,0.1,10988.3,2363.2,16694.7,482.0,71.5,442.3,601.5,33.5,19.4,2855.8,18.6,1005.1,14.9,18.9,3524.4,6265.1,36.9,11.1,19.1,15630.1,171.0,145.2,6989.9,202.0,63.1,868.3,3401.7,81.7,12.6,1.0,15.0,65.7,271.5,4.7,23.5,172.4,68.2
55095,2733.5,0.1,17687.4,2324.1,27134.7,554.7,34.9,561.8,717.4,31.5,8.4,718.4,11.5,1303.2,16.1,22.5,1749.7,347.1,593.7,3.5,10.8,15894.5,65.4,172.6,5901.8,163.2,89.5,465.7,2621.4,57.6,,7.8,20.9,90.0,238.1,6.1,22.2,316.4,83.5
55097,1272.3,4.8,5293.9,12603.0,13967.8,3142.3,721.3,77.4,8613.9,316.8,34650.3,3740.1,84.4,338.3,72.4,279.1,1984.0,614.6,1152.4,230.2,805.9,11596.2,83.3,158.4,10068.2,7070.7,68.9,1079.4,8209.0,760.8,7.3,4.1,200.6,292.4,994.2,2.2,13.6,1155.8,334.5
55099,358.3,,481.9,127.2,1306.9,20.6,2.8,60.9,144.0,1.7,1.6,46.4,2.8,14.0,3.8,1.9,186.6,52.9,25.9,0.7,,603.7,4.0,36.7,118.6,4.2,5.3,34.7,137.1,10.6,,0.1,1.1,7.9,18.3,0.7,6.1,3.0,7.7
55101,2220.3,38.1,14715.2,1829.2,13033.1,680.3,194.9,259.2,2500.5,168.4,110.4,424.2,6.6,713.4,6.2,384.9,719.2,662.4,46.1,14.3,2.0,14010.9,88.6,51.3,7057.5,96.6,35.3,323.4,1134.3,231.7,,32.1,41.7,217.4,99.3,23.6,1.9,4994.1,33.7
55103,2746.0,4.5,8143.9,969.7,9029.5,333.4,62.5,176.6,720.0,19.8,11.3,1295.6,9.9,486.1,9.2,36.3,1359.4,567.2,82.6,5.7,4.0,7670.9,62.7,162.8,5419.3,110.4,74.4,405.7,832.4,138.7,85.9,1.6,10.5,67.1,649.2,1.6,35.4,127.1,44.6
55105,10446.3,94.9,25786.8,2798.7,20111.5,2218.6,91.4,253.1,3214.5,288.5,99.7,3921.0,199.5,3141.4,39.1,163.1,3454.0,1492.6,414.8,25.6,47.5,47697.9,406.2,104.8,37526.8,119.0,223.0,2415.5,16294.6,130.9,5.5,37.1,171.7,197.2,434.8,12.4,10.4,1436.0,82.8
55107,953.5,,5334.3,555.3,8163.7,117.3,8.9,190.3,312.1,9.5,2.2,214.3,2.7,395.1,6.3,6.0,562.0,88.0,227.7,0.4,5.0,3176.3,26.2,78.6,1646.5,30.2,26.9,136.0,638.0,18.0,,0.5,6.3,29.9,70.2,1.8,17.0,22.5,24.3
55109,3248.3,0.1,12104.5,3946.7,19443.7,754.5,192.9,473.3,1032.7,38.5,25.2,3376.5,23.9,1107.5,21.3,94.4,3923.6,6929.5,157.6,14.3,26.1,19767.6,229.5,198.5,9555.0,247.0,71.9,1012.3,4821.6,152.2,15.5,46.9,16.5,115.2,353.2,6.2,29.0,629.9,195.9
55111,5270.7,13.6,20701.6,2559.1,23013.7,924.3,157.6,428.9,910.2,53.6,24.6,2491.6,28.9,1200.0,14.5,105.2,3088.5,1491.4,112.6,14.4,16.9,21313.6,144.0,206.4,14174.5,306.3,189.4,1064.7,2128.3,208.1,93.8,6.2,26.9,97.0,1653.1,3.7,38.6,271.9,66.4
55113,272.3,,1571.7,151.5,2405.2,29.5,2.6,57.4,129.0,2.8,1.3,68.4,0.8,116.5,2.5,2.0,166.1,24.1,93.9,0.2,1.8,751.0,10.5,32.4,476.4,7.0,7.9,40.4,184.5,6.8,,0.1,1.9,12.0,20.7,0.4,5.2,3.2,9.0
55115,2216.1,,3334.8,807.0,15058.5,356.9,74.5,427.1,835.4,25.0,257.8,533.9,16.1,789.5,30.2,18.1,2659.4,842.0,208.6,10.8,5.5,8423.0,64.7,211.7,23487.4,152.5,66.8,503.4,3497.0,137.3,,4.8,0.8,40.5,259.1,5.2,10.0,232.7,53.0
55117,1445.0,26.7,1751.0,1317.1,10075.1,740.0,122.3,158.7,1104.8,41.2,54.6,745.7,8.3,542.4,18.0,141.6,2394.3,2082.8,97.2,13.1,3.5,9076.2,122.0,125.7,9392.1,267.1,235.7,434.6,4767.6,166.1,,65.5,74.8,37.5,117.7,23.9,5.0,326.8,101.2
55119,1256.1,,3276.6,971.8,8858.9,236.5,16.1,302.9,291.0,11.9,7.9,256.3,12.5,94.9,9.1,8.2,1183.5,395.9,52.3,4.8,98.8,6130.9,15.0,74.2,1094.6,58.2,35.7,242.9,955.5,21.8,,0.4,7.4,26.9,123.1,2.5,17.1,87.7,15.4
55121,3449.8,0.1,11464.5,3081.7,17817.4,667.4,126.8,443.7,949.6,35.5,16.1,3188.3,23.4,1054.7,18.6,48.2,3736.0,6563.0,128.4,12.8,31.2,19156.2,222.1,188.3,8222.6,238.4,66.7,1000.1,4118.3,131.9,18.3,17.7,15.6,102.8,303.8,3.7,34.3,501.8,133.5
55123,4678.8,10.0,15535.4,1907.1,17226.4,406.2,103.6,335.4,1133.2,42.9,63.4,2233.5,21.7,916.4,16.1,66.0,2482.4,1110.4,99.4,11.8,18.0,15751.1,117.4,277.7,10062.2,224.2,142.0,789.2,1520.1,223.3,125.8,1.6,20.1,107.2,1238.5,2.7,51.8,148.9,70.9
55125,28.5,,14.7,3.4,39.7,0.5,0.1,3.3,12.8,0.1,,12.0,1.5,0.7,0.2,0.1,6.5,1.6,1.7,,,22.6,0.2,12.2,3.1,0.1,0.2,1.0,3.8,0.6,,,,3.2,0.6,0.1,0.4,,0.5
55127,3386.2,56.3,34766.3,3275.8,29512.3,1004.8,69.2,597.1,397.1,332.9,98.3,919.9,10.3,1689.2,13.5,107.2,1471.9,1399.9,97.4,8.6,1.4,19977.3,167.6,74.6,14693.5,145.7,75.9,731.7,1696.6,125.5,,19.4,99.4,84.1,125.0,36.3,7.9,1472.4,57.1
55129,595.6,,3195.0,384.0,4911.1,79.3,7.9,111.4,254.4,5.7,13.9,138.1,1.7,236.6,4.2,5.4,340.5,54.5,180.0,1.7,32.0,2104.4,18.8,55.4,1045.5,18.7,16.2,81.6,508.5,15.6,,2.3,3.8,26.3,43.8,1.5,10.2,57.7,22.0
55131,1850.2,20.5,14063.2,1402.9,12325.1,440.2,69.7,276.6,496.3,137.8,75.4,464.4,5.7,682.7,11.4,80.4,636.6,561.3,71.0,10.3,0.7,7872.5,69.9,95.7,6448.8,93.3,33.0,293.6,747.4,130.9,,18.3,40.8,47.3,83.7,19.0,5.1,547.6,36.9
55133,1243.8,22.7,11078.0,1139.4,9420.5,356.9,24.8,206.6,297.7,141.1,155.6,357.3,5.1,538.5,7.3,40.9,486.6,467.1,44.0,4.7,2.2,8042.6,59.0,53.2,4686.7,61.8,24.3,239.2,592.9,74.9,,19.9,31.9,38.3,41.2,12.8,4.1,604.9,22.9
55135,1358.6,8.8,6685.5,6174.4,11763.7,502.9,125.4,105.1,1336.9,221.5,1575.8,942.4,30.1,465.6,25.4,46.7,2178.4,820.8,233.3,22.6,525.0,14707.9,33.2,170.2,5578.1,415.6,84.5,741.9,5310.0,170.1,4.3,4.6,43.7,69.4,757.9,4.6,8.1,306.5,51.6
55137,893.2,6.7,3600.3,7544.9,8809.5,2055.8,435.5,49.5,4113.0,151.1,15812.8,2015.8,48.6,233.9,34.9,149.4,1318.0,450.2,778.0,107.8,372.1,10407.0,64.4,65.8,7468.3,3263.7,46.7,701.4,5082.0,375.2,2.7,6.2,97.8,215.3,617.7,2.9,5.0,977.0,200.8
55139,1264.7,32.2,1472.0,856.2,7351.9,513.8,18.2,110.4,337.9,28.9,27.9,340.1,9.0,473.5,9.1,14.1,2042.0,1518.4,36.9,8.8,1.8,8993.1,113.8,77.3,7437.6,279.2,191.0,383.1,3970.1,66.8,,16.0,65.2,31.5,48.9,16.7,6.5,293.8,19.6
55141,1058.9,5.5,3847.1,3478.0,6714.4,301.3,54.1,66.8,722.4,20.1,1086.5,565.2,20.1,269.5,17.6,24.4,1270.1,476.4,183.1,12.2,9.9,9196.5,23.7,114.5,3318.3,293.7,48.6,445.0,3135.5,101.4,5.9,3.1,26.5,29.8,431.5,3.5,11.1,150.8,34.8
56001,5206.9,3716.1,15.5,19.4,14.8,,0.4,119.3,,85.8,,83.3,5.9,356.0,0.1,11.1,71.5,1.4,9.6,,,314.6,4.5,600.6,5.6,11.5,0.4,153.4,3.5,9.4,587.1,0.6,0.2,,22.8,0.9,76.4,538.3,3.4
56003,3466.0,,1478.2,2164.0,345.5,83.0,11.4,867.1,,1288.6,,410.9,122.5,436.5,2.8,4.9,247.8,288.0,526.5,32.9,1074.3,1548.9,48.9,2336.5,600.4,94.5,18.4,596.6,345.8,38.1,116.5,0.9,6.0,29.8,5882.8,22.3,8.8,86.4,1.0
56005,23201.9,,18.1,14.8,563.2,,0.5,38.1,,353.8,,100.7,2.8,662.0,,0.9,286.6,6.3,14.7,,,1679.1,9.9,,3.8,25.7,0.5,0.8,1.1,0.1,8332.8,0.6,0.1,13.8,22.2,7.5,,15.2,0.1
56007,4978.9,3548.0,,,,,,129.1,,87.0,,82.3,6.0,338.9,,11.4,62.2,,8.8,,,290.9,4.0,609.1,,11.7,,155.5,,9.5,561.0,6.2,,,,1.0,72.9,546.0,3.4
56009,7794.1,3963.8,74.7,93.9,68.4,3.5,1.9,55.0,,37.2,,72.9,3.6,325.2,0.4,31.1,166.6,26.0,28.8,0.2,,602.5,17.3,155.3,21.0,0.2,1.1,5.5,10.8,0.4,936.5,0.5,0.1,9.8,201.7,9.2,,107.1,9.4
56011,10949.7,,11.6,9.5,143.9,,0.3,72.7,,514.4,,142.2,4.1,288.5,,1.2,149.1,4.0,17.2,,,944.8,13.4,,2.4,37.3,0.3,1.2,0.7,0.1,3697.0,0.7,,20.1,14.2,9.9,,32.5,0.1
56013,3953.7,,1654.8,2206.9,352.3,39.0,12.7,1058.9,,2855.8,0.1,773.1,82.3,143.1,3.1,10.8,285.1,274.1,1049.6,8.7,505.0,2239.7,86.7,5178.4,497.4,209.3,20.6,1322.4,293.2,84.5,580.4,1.6,6.7,9.5,1586.2,5.7,69.8,38.3,0.2
56015,7454.6,1563.8,2319.1,3206.9,2281.5,303.2,59.7,1270.9,14.3,90.3,,1012.3,25.3,206.9,11.6,57.0,3196.8,910.4,258.9,18.5,1338.3,3576.2,227.0,262.6,1413.5,6.0,33.3,305.3,528.9,11.2,397.9,0.3,4.6,75.2,7536.6,27.9,,449.6,63.0
56017,1140.2,,98.6,158.4,20.1,9.1,0.8,170.4,,451.4,,109.2,13.2,34.6,0.2,1.7,67.1,22.4,154.1,1.1,117.2,401.2,12.4,818.5,51.5,33.1,1.2,209.0,29.2,13.4,228.4,0.2,0.4,1.6,152.9,1.0,27.6,8.6,
56019,18352.5,,19.3,15.8,9.4,,0.5,34.4,,547.8,,153.6,4.4,484.7,,1.3,186.2,6.7,21.5,,,1278.6,14.7,,4.0,39.8,0.5,1.2,1.1,0.1,6596.0,0.9,0.1,21.4,23.7,2.8,,25.8,0.2
56021,8816.5,2166.3,682.1,1106.0,3157.2,196.6,17.6,2453.5,12.1,42.3,987.2,336.6,33.9,198.3,14.2,34.3,1294.5,325.4,275.9,118.7,1150.3,4099.1,76.0,144.7,1420.3,88.5,9.8,649.4,660.6,3.3,578.6,0.7,6.7,63.3,2141.6,23.1,,740.3,42.5
56023,1164.6,,116.6,64.3,21.2,,0.4,556.5,,637.9,0.3,1536.0,27.1,79.9,0.1,5.1,269.7,11.6,211.6,,,381.8,33.1,2414.6,7.1,93.6,0.4,616.7,7.3,37.7,51.0,1.3,0.3,,19.9,6.2,7.2,2164.4,
56025,6380.7,4528.4,47.7,59.9,45.6,,1.2,314.8,,224.7,,220.5,15.5,432.7,0.4,29.2,110.7,4.4,25.6,,,563.9,12.0,1573.3,17.2,30.1,1.1,401.8,10.7,24.5,716.0,7.0,0.6,,70.3,1.5,93.1,1410.3,8.8
56027,5372.2,2433.7,131.5,165.2,326.3,6.2,3.4,188.0,,34.0,,90.8,3.2,199.0,0.6,27.9,247.4,45.7,29.7,0.3,,726.1,21.1,138.7,36.9,0.3,1.9,44.2,18.9,0.6,580.3,1.5,0.3,8.8,354.9,3.8,,106.0,8.4
56029,4837.0,,837.4,1959.5,176.6,230.4,6.4,1068.3,,1464.2,,401.5,215.4,634.2,1.6,5.6,171.4,327.4,537.3,53.3,2980.8,1437.6,54.9,2655.1,934.6,107.3,10.4,678.0,515.6,43.3,236.7,1.2,3.4,57.5,8578.8,28.1,21.7,226.8,1.5
56031,5384.2,1820.0,704.1,958.3,1275.2,82.0,18.1,515.8,3.6,47.1,,357.2,10.9,218.2,3.5,33.8,1038.8,271.0,87.7,3.8,335.7,1630.5,74.4,163.9,384.9,1.8,10.1,181.2,137.7,3.4,464.5,1.3,1.4,36.0,2588.8,47.6,,164.5,24.7
56033,13605.4,,164.0,134.7,86.6,,4.2,93.4,,805.6,0.5,256.9,6.4,348.6,0.1,2.1,265.3,57.0,7.5,0.3,,1246.0,30.3,,34.4,58.5,4.3,2.0,9.7,1.1,4654.5,0.1,0.6,31.3,201.3,6.3,,28.4,
56035,471.6,,,,,,,116.0,,158.6,,381.0,6.7,87.0,,1.3,450.9,,52.0,,,161.1,8.1,600.6,,22.7,,153.4,,9.4,55.0,,,,,0.3,13.8,538.3,
56037,3437.4,2344.9,,,2.5,,,138.1,,78.5,,73.5,5.4,237.4,,10.2,47.2,,7.9,,,244.0,3.6,549.5,,10.5,,140.4,,8.6,374.9,0.6,,,,5.1,48.2,492.5,3.1
56039,221.7,,,,,,,84.2,,88.6,,213.0,3.8,12.7,,0.7,30.4,,29.1,,,51.4,4.5,335.7,,12.7,,85.7,,5.2,8.5,,,,,1.4,0.9,300.9,
56041,827.5,,,,2.0,,,58.2,,78.5,,188.7,3.3,161.2,,0.6,848.4,,25.8,,,242.0,4.0,297.4,,11.2,,76.0,,4.6,101.9,,,,,0.2,25.9,266.6,
56043,2494.9,,888.0,1205.6,181.0,26.3,6.8,478.7,,476.5,,181.1,75.8,361.4,1.7,1.8,105.2,151.9,219.4,26.0,340.0,829.1,20.9,863.9,284.2,34.6,11.1,220.6,166.5,14.1,135.9,,3.6,19.8,4931.9,16.6,12.6,32.7,0.9
56045,12871.9,,46.4,38.1,48.1,,1.2,22.2,,192.7,,64.8,1.5,341.3,,0.5,164.4,16.1,13.8,0.1,,837.0,7.7,,9.7,14.0,1.2,0.4,2.7,0.3,4610.3,0.5,0.2,7.5,57.0,3.5,,13.5,0.1
