FIPS Code,State,Area name,Decade,Year,Percent of adults completing some college or associate degree,Percent of adults completing some college or associate degree-12,Percent of adults who are high school graduates (or equivalent),Percent of adults who are high school graduates (or equivalent)-12,Percent of adults who are not high school graduates,Percent of adults who are not high school graduates-12,Percent of adults with a bachelor's degree or higher,Percent of adults with a bachelor's degree or higher-12
01000,AL,Alabama,2000,2004.0,25.9,29.02286617,30.4,31.30995723,24.7,17.40228093,19.0,22.26489567
01001,AL,Autauga County,2000,2004.0,26.9,29.6181425,33.8,33.78670612,21.3,14.88732074,18.0,21.70783064
01003,AL,Baldwin County,2000,2004.0,29.3,31.81950326,29.6,28.81646251,18.0,11.62244345,23.1,27.74159078
01005,AL,Barbour County,2000,2004.0,21.3,25.7717838,32.4,33.29470024,35.3,26.4092298,10.9,14.52428617
01007,AL,Bibb County,2000,2004.0,20.4,25.5380848,35.7,41.60974352,36.8,23.85616703,7.1,8.99600464
01009,AL,Blount County,2000,2004.0,24.8,27.12451231,36.0,36.15740382,29.6,24.33661473,9.6,12.38146914
01011,AL,Bullock County,2000,2004.0,17.5,22.40264026,35.2,36.02640264,39.5,29.68976898,7.7,11.88118812
01013,AL,Butler County,2000,2004.0,22.9,24.6076273,34.5,38.79696044,32.2,23.72700802,10.4,12.86840423
01015,AL,Calhoun County,2000,2004.0,26.4,29.28623424,32.2,33.49041544,26.1,21.20352988,15.2,16.01982044
01017,AL,Chambers County,2000,2004.0,22.5,27.71262859,32.1,35.04085348,35.8,26.22242919,9.5,11.02408873
01019,AL,Cherokee County,2000,2004.0,18.9,30.41128466,34.9,33.54050694,36.5,22.92060747,9.7,13.12760093
01021,AL,Chilton County,2000,2004.0,20.5,24.03869407,35.8,39.23302816,33.8,24.2632579,9.9,12.46501987
01023,AL,Choctaw County,2000,2004.0,20.6,23.89518561,34.7,38.29676614,35.0,25.8708537,9.6,11.93719455
01025,AL,Clarke County,2000,2004.0,21.1,24.34065296,37.7,41.3733008,29.2,21.58708028,12.1,12.69896596
01027,AL,Clay County,2000,2004.0,20.4,27.10637858,37.8,38.20944898,34.0,25.83479789,7.8,8.849374548
01029,AL,Cleburne County,2000,2004.0,17.8,26.69812248,35.8,38.05170549,37.1,25.77410793,9.2,9.476064091
01031,AL,Coffee County,2000,2004.0,27.6,29.62375408,26.2,29.56388997,26.8,18.23460744,19.3,22.57774851
01033,AL,Colbert County,2000,2004.0,25.3,30.44601434,33.9,34.93778996,26.7,16.57792071,14.1,18.03827499
01035,AL,Conecuh County,2000,2004.0,20.3,24.81522956,38.1,41.2206047,32.3,24.23292273,9.2,9.731243001
01037,AL,Coosa County,2000,2004.0,19.3,22.27400957,38.3,43.8611554,34.3,24.21194652,8.0,9.652888507
01039,AL,Covington County,2000,2004.0,23.2,29.44677604,33.0,34.1434567,31.6,22.64784433,12.2,13.76192293
01041,AL,Crenshaw County,2000,2004.0,19.9,26.33744856,29.0,38.94692413,39.9,23.6889311,11.2,11.02669621
01043,AL,Cullman County,2000,2004.0,26.5,32.01806297,32.0,32.61712704,29.6,21.19849233,11.9,14.16631767
01045,AL,Dale County,2000,2004.0,34.6,36.0841914,29.2,30.56935191,22.2,15.80254391,14.0,17.54391278
01047,AL,Dallas County,2000,2004.0,22.9,26.73331183,33.6,35.26102691,29.7,24.66587839,13.9,13.33978287
01049,AL,DeKalb County,2000,2004.0,21.5,25.05924297,34.0,35.5863453,36.2,29.48485301,8.3,9.86955872
01051,AL,Elmore County,2000,2004.0,27.2,30.81182897,33.8,34.27575815,22.4,13.80485967,16.6,21.10755321
01053,AL,Escambia County,2000,2004.0,23.2,28.09378574,34.7,34.9065955,31.5,24.81128479,10.6,12.18833397
01055,AL,Etowah County,2000,2004.0,28.4,33.97587661,32.3,32.58759088,25.9,18.26485298,13.4,15.17167953
01057,AL,Fayette County,2000,2004.0,21.9,25.29470364,35.0,38.934086,33.9,24.20720571,9.2,11.56400465
01059,AL,Franklin County,2000,2004.0,21.9,27.092239,30.5,33.81305215,37.9,26.93549919,9.7,12.15920965
01061,AL,Geneva County,2000,2004.0,25.0,27.28825319,32.0,37.12440626,34.4,24.71580296,8.7,10.8715376
01063,AL,Greene County,2000,2004.0,19.4,24.57257794,34.9,39.37311431,35.2,24.4217231,10.5,11.63258465
01065,AL,Hale County,2000,2004.0,21.2,23.88416324,35.9,37.54181401,34.8,26.84698461,8.1,11.72703813
01067,AL,Henry County,2000,2004.0,23.5,27.12523798,29.1,36.16422482,33.3,20.95852992,14.1,15.75200728
01069,AL,Houston County,2000,2004.0,27.7,29.66942755,30.4,34.34142051,23.5,16.73239024,18.4,19.25676171
01071,AL,Jackson County,2000,2004.0,21.7,25.28639811,34.9,36.44651213,33.0,25.05243909,10.4,13.21465067
01073,AL,Jefferson County,2000,2004.0,28.4,30.58237075,27.9,27.38259645,19.1,12.75154653,24.6,29.28348626
01075,AL,Lamar County,2000,2004.0,19.8,26.90201447,37.5,39.21376882,34.9,23.73362018,7.8,10.15059652
01077,AL,Lauderdale County,2000,2004.0,23.8,27.77494096,34.1,33.60726368,23.6,16.75017553,18.5,21.86761984
01079,AL,Lawrence County,2000,2004.0,18.7,25.57789808,39.4,39.38300249,34.4,22.05035662,7.5,12.9887428
01081,AL,Lee County,2000,2004.0,26.8,27.42019755,26.7,27.34182569,18.6,13.9688503,27.9,31.26912646
01083,AL,Limestone County,2000,2004.0,25.1,28.19249116,32.5,31.02282928,25.5,18.93404679,16.9,21.85063278
01085,AL,Lowndes County,2000,2004.0,19.9,23.11212815,33.4,38.91506259,35.7,23.81208776,11.0,14.1607215
01087,AL,Macon County,2000,2004.0,26.3,31.01045296,25.0,29.09794812,30.0,20.44134727,18.8,19.45025165
01089,AL,Madison County,2000,2004.0,29.2,29.77183718,21.9,21.91329723,14.6,10.53225945,34.3,37.78260614
01091,AL,Marengo County,2000,2004.0,22.5,27.60827822,37.4,37.77114003,28.1,16.96892113,12.1,17.65166062
01093,AL,Marion County,2000,2004.0,22.3,27.92992162,32.9,35.06224066,36.8,28.30797603,8.0,8.699861687
01095,AL,Marshall County,2000,2004.0,25.0,27.31701772,30.5,31.89989769,30.6,25.43969339,13.9,15.3433912
01097,AL,Mobile County,2000,2004.0,26.2,29.85678426,31.9,33.4939561,23.3,16.36110987,18.6,20.28814978
01099,AL,Monroe County,2000,2004.0,21.7,25.03418191,34.4,41.05084966,32.1,24.05755583,11.8,9.857412592
01101,AL,Montgomery County,2000,2004.0,27.4,27.88382707,24.3,26.47778203,19.7,14.71769786,28.5,30.92069305
01103,AL,Morgan County,2000,2004.0,27.6,30.52049986,30.3,31.90487374,23.7,18.04383027,18.4,19.53079614
01105,AL,Perry County,2000,2004.0,22.0,21.24536694,30.4,40.13343217,37.6,27.66493699,10.0,10.9562639
01107,AL,Pickens County,2000,2004.0,22.1,25.39208364,37.8,42.24047797,30.3,22.5317401,9.8,9.835698282
01109,AL,Pike County,2000,2004.0,20.6,23.12778798,30.0,35.99055366,30.9,18.41511414,18.4,22.46654421
01111,AL,Randolph County,2000,2004.0,19.9,24.54439705,32.0,35.2139072,38.1,28.36370686,10.0,11.87798888
01113,AL,Russell County,2000,2004.0,23.8,31.48964175,33.0,32.22215864,33.5,21.62927778,9.7,14.65892183
01115,AL,St. Clair County,2000,2004.0,25.6,31.42056402,34.6,34.40707655,28.7,19.27132598,11.1,14.90103346
01117,AL,Shelby County,2000,2004.0,27.1,29.55988832,23.0,21.3866049,13.2,8.510768853,36.8,40.54273793
01119,AL,Sumter County,2000,2004.0,21.2,21.12274025,31.1,38.99857279,35.2,24.57183635,12.4,15.30685062
01121,AL,Talladega County,2000,2004.0,24.0,28.0695783,34.4,37.51567482,30.3,22.1221024,11.2,12.29264448
01123,AL,Tallapoosa County,2000,2004.0,23.0,27.05403915,32.9,35.22194651,29.9,22.23945409,14.1,15.48456024
01125,AL,Tuscaloosa County,2000,2004.0,26.4,27.45658175,28.4,31.75035818,21.2,14.22755705,24.0,26.56550302
01127,AL,Walker County,2000,2004.0,23.3,30.18806954,34.7,35.61903531,32.8,23.93416489,9.1,10.25873026
01129,AL,Washington County,2000,2004.0,20.1,22.0828648,43.6,48.27437073,27.7,20.09341752,8.6,9.549346942
01131,AL,Wilcox County,2000,2004.0,19.2,21.77005136,30.3,38.44330304,40.5,28.72382458,10.1,11.06282102
01133,AL,Winston County,2000,2004.0,20.1,28.12863457,34.3,30.12328448,37.4,30.08839265,8.3,11.6596883
02000,AK,Alaska,2000,2004.0,35.7,37.01342664,27.9,27.09728451,11.7,8.413046344,24.7,27.47624251
02013,AK,Aleutians East Borough,2000,2004.0,20.9,25.23672293,49.0,38.6578839,25.3,20.37875669,4.9,15.72663648
02016,AK,Aleutians West Census Area,2000,2004.0,33.1,33.48214286,34.4,33.58134921,21.5,20.95734127,11.0,11.97916667
02020,AK,Anchorage Municipality,2000,2004.0,37.2,36.32554638,24.2,23.25502733,9.7,7.667295879,28.9,32.75213041
02050,AK,Bethel Census Area,2000,2004.0,19.3,27.86443721,38.6,40.47806082,29.0,20.00897767,13.1,11.6485243
02060,AK,Bristol Bay Borough,2000,2004.0,33.8,47.02093398,34.0,23.1884058,11.1,9.98389694,21.1,19.80676329
02068,AK,Denali Borough,2000,2004.0,38.6,40.37626628,30.4,22.72069465,8.3,11.28798842,22.7,25.61505065
02070,AK,Dillingham Census Area,2000,2004.0,26.3,33.73089825,33.9,30.60007454,23.4,17.40588893,16.4,18.26313828
02090,AK,Fairbanks North Star Borough,2000,2004.0,39.3,39.22743585,25.5,25.44349651,8.2,6.738777168,27.0,28.59029047
02100,AK,Haines Borough,2000,2004.0,34.0,33.22422259,31.1,30.4964539,11.1,3.327877796,23.8,32.95144572
02110,AK,Juneau City and Borough,2000,2004.0,35.2,37.55501451,22.0,22.34759809,6.8,4.227923963,36.0,35.86946343
02122,AK,Kenai Peninsula Borough,2000,2004.0,36.4,37.57740962,31.8,31.72868258,11.5,7.174614937,20.3,23.51929286
02130,AK,Ketchikan Gateway Borough,2000,2004.0,39.8,37.26892606,29.7,32.87852113,10.4,6.261003521,20.2,23.5915493
02150,AK,Kodiak Island Borough,2000,2004.0,35.3,44.53668661,31.3,22.51251373,14.6,8.36283726,18.7,24.5879624
02158,AK,Kusilvak Census Area,2000,2004.0,16.1,24.3130227,41.2,44.74313023,33.7,24.76105137,9.1,6.182795699
02164,AK,Lake and Peninsula Borough,2000,2004.0,20.5,39.64497041,39.2,28.40236686,27.8,15.14792899,12.4,16.80473373
02170,AK,Matanuska-Susitna Borough,2000,2004.0,38.6,39.83273,31.3,31.2570216,11.9,7.698343349,18.3,21.21190506
02180,AK,Nome Census Area,2000,2004.0,22.0,27.88813886,38.1,40.30858245,25.2,16.37415622,14.7,15.42912247
02185,AK,North Slope Borough,2000,2004.0,25.4,37.08340382,35.1,30.417865,22.6,14.61681611,17.0,17.88191507
02188,AK,Northwest Arctic Borough,2000,2004.0,18.9,26.68719528,40.4,42.0066718,28.0,20.40030793,12.7,10.90582499
02220,AK,Sitka City and Borough,2000,2004.0,35.8,32.20198675,25.3,24.51986755,9.4,8.642384106,29.5,34.63576159
02240,AK,Southeast Fairbanks Census Area,2000,2004.0,33.5,39.02656843,35.1,30.43089975,13.2,8.238446082,18.2,22.30408573
02261,AK,Valdez-Cordova Census Area,2000,2004.0,37.4,42.68689057,29.9,23.61863489,11.5,10.04488469,21.2,23.64958985
02282,AK,Yakutat City and Borough,2000,2004.0,33.3,35.81395349,33.3,25.11627907,15.7,6.744186047,17.6,32.3255814
02290,AK,Yukon-Koyukuk Census Area,2000,2004.0,20.7,35.53113553,39.4,36.12285151,25.7,19.1885038,14.2,9.157509158
04000,AZ,Arizona,2000,2004.0,33.1,34.41514426,24.3,24.39792721,19.0,14.55765183,23.5,26.6292767
04001,AZ,Apache County,2000,2004.0,27.4,32.31513576,24.9,31.73262084,36.4,25.62584248,11.3,10.32640092
04003,AZ,Cochise County,2000,2004.0,36.0,38.30189742,24.6,24.60784866,20.5,14.69962277,18.8,22.39063116
04005,AZ,Coconino County,2000,2004.0,32.2,34.17549788,21.6,22.26744484,16.2,12.90380382,29.9,30.65325347
04007,AZ,Gila County,2000,2004.0,35.7,37.50293236,28.7,31.88843998,21.8,14.95894696,13.9,15.6496807
04009,AZ,Graham County,2000,2004.0,33.6,37.71245661,30.1,33.74058879,24.4,15.63951129,11.8,12.90744331
04011,AZ,Greenlee County,2000,2004.0,35.2,37.03011034,35.1,36.207219,17.5,14.38189639,12.2,12.38077427
04012,AZ,La Paz County,2000,2004.0,26.7,32.12147943,33.9,31.89465062,30.7,25.96559763,8.7,10.01827232
04013,AZ,Maricopa County,2000,2004.0,33.5,33.50541201,23.1,23.17514333,17.5,13.84732304,25.9,29.47212162
04015,AZ,Mohave County,2000,2004.0,32.7,37.9038008,34.9,33.60459058,22.5,16.31314101,9.9,12.17846761
04017,AZ,Navajo County,2000,2004.0,31.2,37.82230125,27.7,27.78765674,28.8,19.79795812,12.3,14.59208388
04019,AZ,Pima County,2000,2004.0,33.4,34.76601647,23.3,22.85370776,16.6,12.99113142,26.7,29.38914435
04021,AZ,Pinal County,2000,2004.0,30.4,36.83448741,30.4,29.07161302,27.3,15.76341716,11.9,18.33048241
04023,AZ,Santa Cruz County,2000,2004.0,22.7,23.87981207,22.8,29.01970409,39.3,27.80309936,15.2,19.29738448
04025,AZ,Yavapai County,2000,2004.0,35.4,39.72561541,28.2,26.03326145,15.3,9.813344254,21.1,24.42777888
04027,AZ,Yuma County,2000,2004.0,28.2,32.28252328,25.7,25.05809968,34.2,28.50729799,11.8,14.15207905
05000,AR,Arkansas,2000,2004.0,24.5,28.38411922,34.1,35.1238054,24.7,16.69372668,16.7,19.79834871
05001,AR,Arkansas County,2000,2004.0,20.4,26.72086309,39.8,42.70627564,27.6,17.55812187,12.2,13.0147394
05003,AR,Ashley County,2000,2004.0,19.2,26.15509872,43.2,43.50362983,27.5,17.21962141,10.1,13.12165004
05005,AR,Baxter County,2000,2004.0,27.2,34.25899418,37.5,37.08051023,22.5,13.15965264,12.8,15.50084296
05007,AR,Benton County,2000,2004.0,27.3,26.51000085,32.8,31.04635089,19.6,14.32702344,20.3,28.11662482
05009,AR,Boone County,2000,2004.0,29.2,31.264637,35.0,38.7236534,23.2,14.62138954,12.7,15.39032006
05011,AR,Bradley County,2000,2004.0,17.9,22.73605565,36.8,40.4482803,33.4,25.51848512,11.9,11.29717893
05013,AR,Calhoun County,2000,2004.0,17.9,24.71792181,43.5,47.36289688,31.3,21.09682498,7.3,6.822356337
05015,AR,Carroll County,2000,2004.0,23.9,27.27178045,34.0,37.37436859,28.2,18.82518357,13.8,16.5286674
05017,AR,Chicot County,2000,2004.0,17.3,17.61497459,35.3,40.73385397,35.8,27.45754308,11.7,14.19362836
05019,AR,Clark County,2000,2004.0,23.1,26.81510165,32.4,36.71904088,24.7,14.84101571,19.8,21.62484176
05021,AR,Clay County,2000,2004.0,15.4,23.21301565,37.8,43.46550498,39.4,23.38193457,7.4,9.939544808
05023,AR,Cleburne County,2000,2004.0,24.5,28.46003899,36.4,38.12760129,25.2,16.49017438,13.9,16.92218534
05025,AR,Cleveland County,2000,2004.0,19.7,25.3968254,43.4,45.40023895,26.9,14.90015361,10.0,14.30278204
05027,AR,Columbia County,2000,2004.0,21.5,28.65790159,35.8,36.77427753,25.9,15.5167925,16.8,19.05102838
05029,AR,Conway County,2000,2004.0,20.2,25.44589774,41.4,43.13492341,26.8,17.00356718,11.5,14.41561167
05031,AR,Craighead County,2000,2004.0,23.6,26.62475182,32.8,34.3414957,22.7,15.30774322,20.9,23.72600927
05033,AR,Crawford County,2000,2004.0,25.8,31.3161425,36.0,36.53301535,28.5,18.81552144,9.7,13.33532071
05035,AR,Crittenden County,2000,2004.0,23.3,29.3312438,33.1,34.76508779,30.8,21.34518822,12.8,14.55848019
05037,AR,Cross County,2000,2004.0,20.3,21.35373358,38.2,46.67387327,31.7,20.02328289,9.9,11.94911026
05039,AR,Dallas County,2000,2004.0,16.1,19.83306115,41.1,50.82562148,33.2,19.17982217,9.6,10.16149519
05041,AR,Desha County,2000,2004.0,18.0,23.225058,36.0,39.7099768,35.0,24.29234339,11.1,12.77262181
05043,AR,Drew County,2000,2004.0,21.5,25.74190266,34.3,36.14549771,26.9,17.33084619,17.3,20.78175343
05045,AR,Faulkner County,2000,2004.0,26.8,30.76053941,31.3,31.87280811,16.7,11.19312096,25.2,26.17353153
05047,AR,Franklin County,2000,2004.0,24.7,31.10436495,35.4,39.59632425,28.9,16.82802757,11.0,12.47128323
05049,AR,Fulton County,2000,2004.0,22.7,28.49769999,39.0,44.11533715,27.8,17.04252216,10.5,10.3444407
05051,AR,Garland County,2000,2004.0,27.6,33.07540696,32.8,32.54836119,21.7,13.97474268,18.0,20.40148916
05053,AR,Grant County,2000,2004.0,23.9,26.45940136,42.3,40.7226724,22.8,15.834298,11.0,16.98362825
05055,AR,Greene County,2000,2004.0,20.6,26.403304,40.6,43.27886515,27.9,17.81648411,10.9,12.50134674
05057,AR,Hempstead County,2000,2004.0,19.9,28.64961007,38.3,35.6615132,30.8,20.76207416,11.0,14.92680257
05059,AR,Hot Spring County,2000,2004.0,22.4,29.94330262,39.7,40.14883062,26.7,17.09780298,11.2,12.81006378
05061,AR,Howard County,2000,2004.0,21.2,25.17467007,37.9,39.55861151,29.3,23.99911279,11.6,11.26760563
05063,AR,Independence County,2000,2004.0,22.0,28.94811685,39.7,39.43850811,24.5,18.35209036,13.7,13.26128469
05065,AR,Izard County,2000,2004.0,25.1,29.1519087,36.5,39.79732389,26.7,19.61826053,11.7,11.43250689
05067,AR,Jackson County,2000,2004.0,17.4,22.00269777,38.3,43.7752916,34.0,24.74014124,10.3,9.481869396
05069,AR,Jefferson County,2000,2004.0,24.3,28.04678782,34.8,37.15726128,25.2,17.15686275,15.7,17.63908816
05071,AR,Johnson County,2000,2004.0,17.8,21.38048159,36.7,40.38333232,32.4,22.58142779,13.1,15.65475829
05073,AR,Lafayette County,2000,2004.0,19.8,20.51182629,36.0,43.46645987,34.7,24.04032571,9.5,11.98138813
05075,AR,Lawrence County,2000,2004.0,18.0,24.02591866,36.7,43.25176912,36.7,23.57404723,8.5,9.148264984
05077,AR,Lee County,2000,2004.0,19.3,22.49612621,29.6,41.92139738,43.8,29.15903648,7.3,6.423439921
05079,AR,Lincoln County,2000,2004.0,19.6,22.62632437,37.8,40.04686227,35.0,28.15810921,7.6,9.168704156
05081,AR,Little River County,2000,2004.0,25.4,34.71797114,38.2,38.50021863,26.6,15.90511587,9.9,10.87669436
05083,AR,Logan County,2000,2004.0,22.0,25.65863321,38.4,42.75998679,30.2,19.86794322,9.4,11.71343678
05085,AR,Lonoke County,2000,2004.0,27.4,33.3416697,35.7,34.99454347,22.4,13.80729356,14.6,17.85649327
05087,AR,Madison County,2000,2004.0,18.9,22.00431641,38.9,42.04748053,32.2,25.1947077,10.1,10.75349536
05089,AR,Marion County,2000,2004.0,27.3,30.6516429,38.3,39.94169096,24.0,16.23985502,10.4,13.16681113
05091,AR,Miller County,2000,2004.0,26.0,31.45505676,35.8,39.72155678,25.7,15.9636149,12.5,12.85977155
05093,AR,Mississippi County,2000,2004.0,21.3,26.62679179,32.1,37.99113128,35.3,23.42648929,11.3,11.95558764
05095,AR,Monroe County,2000,2004.0,17.2,25.00888099,38.2,35.45293073,36.2,26.64298401,8.4,12.89520426
05097,AR,Montgomery County,2000,2004.0,21.8,30.15238941,39.2,39.9319426,30.2,18.93771268,8.8,10.97795532
05099,AR,Nevada County,2000,2004.0,19.1,30.46710845,39.2,39.61532245,30.9,18.78131566,10.7,11.13625343
05101,AR,Newton County,2000,2004.0,20.6,27.24080268,37.8,40.86956522,29.8,19.39799331,11.8,12.4916388
05103,AR,Ouachita County,2000,2004.0,25.9,29.845549,34.9,40.028082,26.5,14.8778433,12.7,15.2485257
05105,AR,Perry County,2000,2004.0,21.3,27.9056942,41.4,44.2989108,26.2,18.0477044,11.1,9.747690611
05107,AR,Phillips County,2000,2004.0,23.4,29.52408931,26.5,30.28789659,37.8,26.96092832,12.4,13.22708578
05109,AR,Pike County,2000,2004.0,19.6,28.8703483,39.2,37.04145146,31.2,21.65276122,10.1,12.43543901
05111,AR,Poinsett County,2000,2004.0,16.2,21.96640077,39.5,42.04737733,38.0,27.11505922,6.3,8.871162678
05113,AR,Polk County,2000,2004.0,25.4,32.99272116,36.2,37.95492721,27.4,17.3362262,10.9,11.71612542
05115,AR,Pope County,2000,2004.0,24.9,27.199689,33.5,34.82959699,22.6,17.9577556,19.0,20.0129584
05117,AR,Prairie County,2000,2004.0,20.4,21.95869635,38.8,44.46595676,31.8,23.42691191,9.0,10.14843498
05119,AR,Pulaski County,2000,2004.0,29.2,30.12692234,27.1,27.43887873,15.6,10.87396663,28.1,31.56023231
05121,AR,Randolph County,2000,2004.0,20.3,28.92836862,38.4,40.22065385,30.8,19.85884643,10.6,10.99213109
05123,AR,St. Francis County,2000,2004.0,22.8,27.78626759,32.8,37.39263319,34.9,23.57590768,9.6,11.24519155
05125,AR,Saline County,2000,2004.0,28.3,30.03105252,37.7,35.76895838,17.7,11.07267379,16.4,23.12731532
05127,AR,Scott County,2000,2004.0,19.8,26.42557226,37.2,38.20939997,34.6,25.03047542,8.4,10.33455235
05129,AR,Searcy County,2000,2004.0,19.0,24.74662162,40.6,38.58108108,32.0,25.64189189,8.4,11.03040541
05131,AR,Sebastian County,2000,2004.0,28.8,32.05510234,31.2,31.63011089,23.4,17.62249035,16.6,18.69229642
05133,AR,Sevier County,2000,2004.0,21.6,25.65159065,33.8,32.05251054,35.4,33.72939824,9.2,8.566500575
05135,AR,Sharp County,2000,2004.0,24.3,27.19093903,38.3,46.01172785,27.1,15.59964656,10.3,11.19768656
05137,AR,Stone County,2000,2004.0,19.8,28.42611223,38.5,38.97831433,32.0,19.56181534,9.8,13.0337581
05139,AR,Union County,2000,2004.0,24.1,30.18446258,35.5,35.75736077,25.5,17.97091167,14.9,16.08726499
05141,AR,Van Buren County,2000,2004.0,23.3,29.61798839,36.8,38.75725338,28.4,18.02869117,11.5,13.59606705
05143,AR,Washington County,2000,2004.0,24.5,25.41600052,30.5,28.92835003,20.5,17.64168488,24.5,28.01396457
05145,AR,White County,2000,2004.0,21.7,27.61632069,35.7,37.0344616,27.1,17.408733,15.5,17.94048471
05147,AR,Woodruff County,2000,2004.0,15.9,19.3867458,36.7,44.39169139,39.4,25.53907023,8.0,10.68249258
05149,AR,Yell County,2000,2004.0,17.5,22.1122569,35.7,40.37649664,35.9,27.78046924,10.9,9.730777216
06000,CA,California,2000,2004.0,30.0,29.88188943,20.1,20.6845521,23.2,18.98010877,26.6,30.45344969
06001,CA,Alameda County,2000,2004.0,28.4,25.60949678,19.0,19.47268311,17.6,13.79276037,34.9,41.12505975
06003,CA,Alpine County,2000,2004.0,34.1,33.08364544,26.0,26.34207241,11.7,8.8639201,28.2,31.71036205
06005,CA,Amador County,2000,2004.0,37.1,40.81116653,30.2,27.89900249,16.0,12.51039069,16.6,18.77944029
06007,CA,Butte County,2000,2004.0,36.1,39.8426628,24.3,22.894834,17.7,13.27284087,21.8,23.98966232
06009,CA,Calaveras County,2000,2004.0,40.0,42.45215949,28.6,29.51596659,14.3,7.248652171,17.1,20.78322175
06011,CA,Colusa County,2000,2004.0,29.2,31.40533906,24.1,24.5857625,36.0,30.49248236,10.6,13.51641608
06013,CA,Contra Costa County,2000,2004.0,32.1,30.71567824,19.8,19.23327592,13.1,11.40302924,35.0,38.6480166
06015,CA,Del Norte County,2000,2004.0,33.2,35.27442427,27.5,29.83159176,28.4,21.0611748,11.0,13.83280917
06017,CA,El Dorado County,2000,2004.0,40.3,39.3993199,22.2,22.38084292,10.9,6.870011177,26.5,31.34982601
06019,CA,Fresno County,2000,2004.0,28.9,30.71953285,21.1,22.65470928,32.5,27.20837824,17.5,19.41737964
06021,CA,Glenn County,2000,2004.0,31.0,32.41661458,26.8,25.63213819,31.5,26.54128075,10.7,15.40996648
06023,CA,Humboldt County,2000,2004.0,36.2,38.12462606,25.7,25.75065925,15.1,9.735856583,23.0,26.38885811
06025,CA,Imperial County,2000,2004.0,26.7,28.99293986,22.0,21.65174475,41.0,36.15352669,10.3,13.2017887
06027,CA,Inyo County,2000,2004.0,33.9,36.44411103,31.3,31.14028507,17.7,11.38034509,17.1,21.03525881
06029,CA,Kern County,2000,2004.0,29.6,30.70170267,25.4,26.06129606,31.5,28.36167726,13.5,14.87532402
06031,CA,Kings County,2000,2004.0,29.5,32.82335823,28.9,26.04347637,31.2,28.73197533,10.4,12.40119006
06033,CA,Lake County,2000,2004.0,35.4,41.16583528,29.8,28.97379485,22.7,13.10693358,12.1,16.7534363
06035,CA,Lassen County,2000,2004.0,38.1,41.37250161,30.9,25.01208897,20.4,20.09590587,10.7,13.51950355
06037,CA,Los Angeles County,2000,2004.0,26.2,26.45062995,18.8,20.44981432,30.1,23.63928652,24.9,29.46026921
06039,CA,Madera County,2000,2004.0,28.1,30.88794308,25.3,23.19438578,34.6,32.00450524,12.0,13.9131659
06041,CA,Marin County,2000,2004.0,27.5,25.43805867,12.4,12.1069842,8.8,7.874299483,51.3,54.58065765
06043,CA,Mariposa County,2000,2004.0,38.6,39.53755565,26.3,29.90090478,14.9,10.62042223,20.2,19.94111733
06045,CA,Mendocino County,2000,2004.0,34.6,37.33311438,26.0,26.21725922,19.2,15.01765334,20.2,21.43197307
06047,CA,Merced County,2000,2004.0,28.9,29.68184757,23.9,24.44189213,36.2,33.35855078,11.0,12.51770952
06049,CA,Modoc County,2000,2004.0,35.3,39.40677966,29.4,26.27118644,22.9,14.94739918,12.4,19.37463472
06051,CA,Mono County,2000,2004.0,38.4,34.89717888,20.7,22.33130102,12.1,13.66125865,28.9,29.11026144
06053,CA,Monterey County,2000,2004.0,27.4,27.16783798,18.6,20.11518483,31.6,29.56320274,22.5,23.15377445
06055,CA,Napa County,2000,2004.0,33.5,32.04856593,20.5,19.33603622,19.6,17.39167841,26.4,31.22371944
06057,CA,Nevada County,2000,2004.0,40.4,40.40205832,23.8,21.8373928,9.7,5.042881647,26.1,32.71766724
06059,CA,Orange County,2000,2004.0,31.2,29.0857448,17.5,17.93250938,20.5,16.40476788,30.8,36.57697793
06061,CA,Placer County,2000,2004.0,38.9,38.73621638,21.3,20.12040038,9.5,6.445035796,30.3,34.69834744
06063,CA,Plumas County,2000,2004.0,42.8,43.04489959,27.7,24.17105878,12.0,9.840549736,17.5,22.94349189
06065,CA,Riverside County,2000,2004.0,33.7,33.55742055,24.7,25.18774055,25.0,20.76215418,16.6,20.49268471
06067,CA,Sacramento County,2000,2004.0,35.6,36.07276003,22.9,21.61990005,16.7,14.42624632,24.8,27.8810936
06069,CA,San Benito County,2000,2004.0,34.6,33.98855073,23.2,23.22857644,25.1,24.40563117,17.1,18.37724166
06071,CA,San Bernardino County,2000,2004.0,33.3,33.42540164,25.0,26.05437266,25.8,21.95126163,15.9,18.56896407
06073,CA,San Diego County,2000,2004.0,33.2,31.9911647,19.9,19.00066832,17.4,14.59828426,29.5,34.40988273
06075,CA,San Francisco County,2000,2004.0,22.3,20.23467498,13.9,13.7053262,18.8,14.08866175,45.0,51.97133706
06077,CA,San Joaquin County,2000,2004.0,31.5,33.24651459,25.2,25.61297651,28.8,23.24499526,14.5,17.89551364
06079,CA,San Luis Obispo County,2000,2004.0,37.1,36.80059999,21.8,21.16459862,14.4,10.50366316,26.7,31.53113824
06081,CA,San Mateo County,2000,2004.0,28.8,27.37318962,17.5,17.0342387,14.7,11.68160257,39.0,43.9109691
06083,CA,Santa Barbara County,2000,2004.0,30.8,30.3027868,19.0,17.81058319,20.8,20.34522211,29.4,31.5414079
06085,CA,Santa Clara County,2000,2004.0,27.0,24.75348634,15.9,15.71348608,16.6,13.49948607,40.5,46.03354152
06087,CA,Santa Cruz County,2000,2004.0,32.5,31.41529432,16.6,15.93497759,16.8,15.12190225,34.2,37.52782584
06089,CA,Shasta County,2000,2004.0,39.0,42.87673032,27.6,25.9864694,16.7,11.8712951,16.6,19.26550518
06091,CA,Sierra County,2000,2004.0,39.3,39.15857605,28.7,34.34466019,14.8,9.830097087,17.2,16.66666667
06093,CA,Siskiyou County,2000,2004.0,37.8,38.82868056,28.2,26.75216595,16.2,11.34055833,17.7,23.07859516
06095,CA,Solano County,2000,2004.0,37.9,38.4765826,24.5,24.01551357,16.2,13.27365635,21.4,24.23424748
06097,CA,Sonoma County,2000,2004.0,36.0,34.44905598,20.4,20.18231486,15.1,13.31170105,28.5,32.05692812
06099,CA,Stanislaus County,2000,2004.0,30.2,32.04706961,26.1,27.64384504,29.6,24.03753088,14.1,16.27155447
06101,CA,Sutter County,2000,2004.0,34.1,36.02303534,23.6,23.42600232,27.0,22.12942226,15.3,18.42154007
06103,CA,Tehama County,2000,2004.0,33.6,38.94405194,30.8,28.22942524,24.3,19.70355165,11.3,13.12297117
06105,CA,Trinity County,2000,2004.0,35.9,44.41525589,29.6,27.09671142,19.0,8.746837906,15.5,19.74119478
06107,CA,Tulare County,2000,2004.0,27.2,31.00470082,22.9,23.76424189,38.3,31.93769421,11.5,13.29336308
06109,CA,Tuolumne County,2000,2004.0,38.4,41.6721224,29.7,29.29366407,15.7,11.61223055,16.1,17.42198298
06111,CA,Ventura County,2000,2004.0,33.5,32.60984778,19.7,18.92227811,19.9,17.29009772,26.9,31.17777639
06113,CA,Yolo County,2000,2004.0,25.8,27.37727163,19.8,18.7983098,20.2,15.83874403,34.1,37.98567453
06115,CA,Yuba County,2000,2004.0,34.3,40.38593286,27.2,24.34574104,28.2,21.63279288,10.3,13.63553323
08000,CO,Colorado,2000,2004.0,31.0,30.88688681,23.2,22.35954614,13.1,10.07726648,32.7,36.67630057
08001,CO,Adams County,2000,2004.0,30.7,30.68302204,30.8,29.80829234,21.2,18.8518583,17.4,20.65682732
08003,CO,Alamosa County,2000,2004.0,28.6,34.15747029,27.1,28.93675722,17.4,13.84762309,27.0,23.05814941
08005,CO,Arapahoe County,2000,2004.0,33.1,31.41935416,20.5,21.16808169,9.3,8.927062874,37.0,38.48550128
08007,CO,Archuleta County,2000,2004.0,31.5,31.32001386,26.8,25.06063056,12.7,7.471994457,29.0,36.14736113
08009,CO,Baca County,2000,2004.0,30.1,37.41422896,34.3,31.5276273,21.5,13.61502347,14.0,17.44312026
08011,CO,Bent County,2000,2004.0,30.6,26.96963262,35.1,42.13208749,22.8,22.00042472,11.5,8.897855171
08013,CO,Boulder County,2000,2004.0,25.3,23.33272064,15.1,12.68807604,7.2,5.968017226,52.4,58.01118609
08015,CO,Chaffee County,2000,2004.0,34.2,29.75128707,29.9,28.17054601,11.5,8.679573635,24.3,33.39859329
08017,CO,Cheyenne County,2000,2004.0,35.2,37.12737127,34.8,30.21680217,15.9,14.02439024,14.2,18.63143631
08019,CO,Clear Creek County,2000,2004.0,33.1,33.29511251,21.5,24.79575749,6.6,4.615164111,38.8,37.29396589
08021,CO,Conejos County,2000,2004.0,23.8,27.52258313,33.8,34.3071305,27.9,17.72054584,14.4,20.44974053
08023,CO,Costilla County,2000,2004.0,28.1,28.86146497,27.3,31.4888535,31.8,24.12420382,12.8,15.52547771
08025,CO,Crowley County,2000,2004.0,31.2,25.77705071,34.5,31.4793176,22.5,30.68473943,11.9,12.05889226
08027,CO,Custer County,2000,2004.0,35.6,31.63082437,28.1,29.62962963,9.7,6.242532855,26.7,32.49701314
08029,CO,Delta County,2000,2004.0,28.5,32.61658501,34.0,35.99165306,19.9,12.83342406,17.6,18.55833787
08031,CO,Denver County,2000,2004.0,24.4,23.84575952,20.0,18.99763518,21.1,14.91191164,34.5,42.24469366
08033,CO,Dolores County,2000,2004.0,29.3,32.18978102,33.3,37.44525547,24.0,11.60583942,13.5,18.75912409
08035,CO,Douglas County,2000,2004.0,32.0,29.0434377,13.1,13.68810982,3.0,2.451472239,51.9,54.81698024
08037,CO,Eagle County,2000,2004.0,27.5,22.00206458,16.5,17.84710673,13.4,12.65125882,42.6,47.49956988
08039,CO,Elbert County,2000,2004.0,38.5,38.08051489,27.4,28.98157496,7.5,2.852094902,26.6,30.08581524
08041,CO,El Paso County,2000,2004.0,36.6,36.22683066,22.9,21.90100511,8.7,6.579228469,31.8,35.29293577
08043,CO,Fremont County,2000,2004.0,30.3,31.08160443,36.7,36.51728907,19.5,16.54495159,13.5,15.85615491
08045,CO,Garfield County,2000,2004.0,34.6,34.44064083,26.9,25.7264138,14.6,14.67616048,23.8,25.15678488
08047,CO,Gilpin County,2000,2004.0,37.3,41.07614701,25.6,23.03627192,5.9,5.765073264,31.2,30.12250781
08049,CO,Grand County,2000,2004.0,33.7,33.96173848,24.0,27.76745914,7.7,5.971396731,34.5,32.29940565
08051,CO,Gunnison County,2000,2004.0,32.7,26.06229373,17.8,16.33663366,5.9,5.693069307,43.6,51.9080033
08053,CO,Hinsdale County,2000,2004.0,37.4,28.94356006,20.7,22.43125904,6.9,4.92040521,34.9,43.70477569
08055,CO,Huerfano County,2000,2004.0,29.3,30.72324012,32.4,27.5216972,22.2,16.43201543,16.1,25.32304725
08057,CO,Jackson County,2000,2004.0,30.3,32.51417769,36.1,36.20037807,13.8,9.735349716,19.9,21.55009452
08059,CO,Jefferson County,2000,2004.0,32.7,31.53750618,22.6,21.49481709,8.2,6.521107981,36.5,40.44656874
08061,CO,Kiowa County,2000,2004.0,34.7,41.23006834,35.5,26.53758542,13.7,9.225512528,16.1,23.00683371
08063,CO,Kit Carson County,2000,2004.0,30.0,36.23264804,31.6,31.24231242,23.0,17.58917589,15.4,14.93586364
08065,CO,Lake County,2000,2004.0,32.7,40.95788604,27.3,19.50867052,20.5,15.48307184,19.5,24.05037159
08067,CO,La Plata County,2000,2004.0,31.9,32.61891117,23.1,19.86532951,8.6,5.893982808,36.4,41.6217765
08069,CO,Larimer County,2000,2004.0,31.5,31.5049843,21.3,19.01871496,7.7,5.928554116,39.5,43.54774662
08071,CO,Las Animas County,2000,2004.0,33.4,37.78228408,27.2,28.19614711,23.1,16.95087105,16.2,17.07069776
08073,CO,Lincoln County,2000,2004.0,33.5,26.55,35.0,37.975,18.2,19.65,13.2,15.825
08075,CO,Logan County,2000,2004.0,35.7,38.66684549,32.0,34.09334764,17.7,11.53433476,14.6,15.7054721
08077,CO,Mesa County,2000,2004.0,32.7,34.11466874,30.3,30.59712201,15.0,10.17239259,22.0,25.11581666
08079,CO,Mineral County,2000,2004.0,32.0,32.31511254,28.4,25.72347267,8.4,3.8585209,31.2,38.10289389
08081,CO,Moffat County,2000,2004.0,33.7,37.21967963,33.5,36.46453089,20.4,11.95652174,12.5,14.35926773
08083,CO,Montezuma County,2000,2004.0,27.1,34.24618859,33.1,28.26086957,18.9,10.2484472,21.0,27.24449464
08085,CO,Montrose County,2000,2004.0,28.6,29.84448284,33.4,32.04147124,19.3,15.02979864,18.7,23.08424728
08087,CO,Morgan County,2000,2004.0,27.0,32.96911584,31.0,31.03467499,28.6,21.41264355,13.5,14.58356561
08089,CO,Otero County,2000,2004.0,29.6,35.83750696,30.7,31.29819541,24.3,17.65641148,15.4,15.20788616
08091,CO,Ouray County,2000,2004.0,35.0,29.40519408,21.6,21.6699246,6.6,2.485339291,36.8,46.43954203
08093,CO,Park County,2000,2004.0,36.3,37.48373455,26.7,24.01594014,6.7,4.676317502,30.3,33.82400781
08095,CO,Phillips County,2000,2004.0,29.5,34.12811388,32.1,32.13523132,18.4,14.30604982,19.9,19.43060498
08097,CO,Pitkin County,2000,2004.0,28.3,30.70463394,10.9,10.26032522,3.7,3.725475227,57.1,55.30956562
08099,CO,Prowers County,2000,2004.0,31.2,35.11701455,28.9,29.36116382,28.0,19.26628716,11.9,16.25553447
08101,CO,Pueblo County,2000,2004.0,32.0,36.67882172,31.0,28.56057585,18.7,13.7162175,18.3,21.04438494
08103,CO,Rio Blanco County,2000,2004.0,36.9,34.90909091,32.0,35.52272727,11.6,7.227272727,19.5,22.34090909
08105,CO,Rio Grande County,2000,2004.0,29.3,35.12256442,30.0,30.38340666,21.9,15.53739786,18.8,18.95663105
08107,CO,Routt County,2000,2004.0,35.1,33.1647883,17.7,17.83734389,4.7,3.210478221,42.5,45.78738958
08109,CO,Saguache County,2000,2004.0,25.6,27.34741784,24.8,27.95774648,30.0,23.02816901,19.6,21.66666667
08111,CO,San Juan County,2000,2004.0,33.9,41.20689655,14.5,20.0,7.9,8.620689655,43.7,30.17241379
08113,CO,San Miguel County,2000,2004.0,30.1,25.49019608,15.1,17.24390691,6.4,3.665017409,48.5,53.6008796
08115,CO,Sedgwick County,2000,2004.0,30.4,35.95041322,35.5,34.29752066,20.7,15.17119244,13.4,14.58087367
08117,CO,Summit County,2000,2004.0,27.3,30.01327368,17.7,16.25288826,6.7,4.591711322,48.3,49.14212674
08119,CO,Teller County,2000,2004.0,38.9,37.29710862,23.5,26.22025714,6.0,5.858397813,31.7,30.62423643
08121,CO,Washington County,2000,2004.0,33.8,35.40740741,33.6,35.28888889,18.3,11.25925926,14.3,18.04444444
08123,CO,Weld County,2000,2004.0,31.1,32.98622494,26.9,26.25875002,20.4,14.96101458,21.6,25.79401045
08125,CO,Yuma County,2000,2004.0,30.1,34.95304814,33.8,34.01401103,20.5,13.66820689,15.5,17.36473394
09000,CT,Connecticut,2000,2004.0,24.1,24.94690171,28.5,27.85513338,16.0,11.04140104,31.4,36.15656387
09001,CT,Fairfield County,2000,2004.0,21.0,21.32968238,23.5,23.08821226,15.6,10.99048889,39.9,44.59161647
09003,CT,Hartford County,2000,2004.0,24.1,25.60235689,28.6,27.72339294,17.6,12.27562503,29.6,34.39862515
09005,CT,Litchfield County,2000,2004.0,27.0,28.31046192,31.4,30.39798466,14.1,8.657252926,27.5,32.63430049
09007,CT,Middlesex County,2000,2004.0,26.4,26.65552379,28.6,27.65583771,11.3,6.555068172,33.8,39.13357033
09009,CT,New Haven County,2000,2004.0,24.6,25.15439129,30.8,30.19544242,17.0,11.9574041,27.6,32.69276219
09011,CT,New London County,2000,2004.0,27.8,27.98999691,32.0,31.33964659,14.0,9.472544817,26.2,31.19781169
09013,CT,Tolland County,2000,2004.0,27.4,28.56773393,29.0,27.31805721,10.8,7.377023742,32.8,36.73718512
09015,CT,Windham County,2000,2004.0,25.0,26.71453268,35.7,37.23327739,20.4,14.11374276,19.0,21.93844717
10000,DE,Delaware,2000,2004.0,26.1,27.51922245,31.4,31.63537097,17.4,12.32308633,25.0,28.52232025
10001,DE,Kent County,2000,2004.0,27.8,30.6908896,32.9,33.75576699,20.6,15.09753623,18.6,20.45580719
10003,DE,New Castle County,2000,2004.0,26.3,26.81036904,29.6,28.91591305,14.5,10.7644779,29.5,33.50924002
10005,DE,Sussex County,2000,2004.0,24.3,26.96625279,35.6,36.86492013,23.5,14.1795696,16.6,21.98925748
11000,DC,District of Columbia,2000,2004.0,18.2,17.26580617,20.6,19.06274555,22.2,12.46574292,39.1,51.20570536
11001,DC,District of Columbia,2000,2004.0,18.2,17.26580617,20.6,19.06274555,22.2,12.46574292,39.1,51.20570536
12000,FL,Florida,2000,2004.0,28.8,29.82724825,28.7,29.82929737,20.1,14.17595446,22.3,26.16749992
12001,FL,Alachua County,2000,2004.0,29.1,28.50550401,20.3,21.02718701,11.9,9.256219913,38.7,41.21108906
12003,FL,Baker County,2000,2004.0,22.3,22.12944835,41.4,47.88091673,28.1,21.62271104,8.2,8.366923874
12005,FL,Bay County,2000,2004.0,32.7,34.95690103,30.6,31.17146121,19.0,12.59563125,17.7,21.27600651
12007,FL,Bradford County,2000,2004.0,25.6,29.15640091,40.1,37.15876614,25.8,25.1256529,8.4,8.559180053
12009,FL,Brevard County,2000,2004.0,33.9,34.26564009,28.9,29.89098948,13.7,9.667124053,23.6,26.17624638
12011,FL,Broward County,2000,2004.0,29.1,29.78807071,28.4,27.92929628,18.0,12.38904413,24.5,29.89358887
12013,FL,Calhoun County,2000,2004.0,22.9,24.43280977,38.6,40.61469847,30.9,26.4107039,7.7,8.541787861
12015,FL,Charlotte County,2000,2004.0,28.9,33.01480422,35.7,34.28762479,17.9,11.59845116,17.6,21.09911983
12017,FL,Citrus County,2000,2004.0,27.1,30.30110935,38.0,38.74303826,21.7,14.60086031,13.2,16.35499208
12019,FL,Clay County,2000,2004.0,34.6,36.53915482,31.7,29.90426597,13.6,10.06048468,20.1,23.49609453
12021,FL,Collier County,2000,2004.0,27.6,26.52447981,26.2,27.0969204,18.2,14.93885294,27.9,31.43974685
12023,FL,Columbia County,2000,2004.0,28.9,33.49413442,34.9,34.45894091,25.3,18.86854512,10.9,13.17837956
12027,FL,DeSoto County,2000,2004.0,19.8,21.65942659,35.3,39.11381407,36.5,28.46220678,8.4,10.76455256
12029,FL,Dixie County,2000,2004.0,19.8,30.15203445,39.4,38.21073908,34.1,23.5609456,6.8,8.076280868
12031,FL,Duval County,2000,2004.0,31.7,33.02673494,29.1,28.88958084,17.3,12.45886899,21.9,25.62481523
12033,FL,Escambia County,2000,2004.0,32.7,34.6425818,28.3,29.2842446,17.9,12.86051985,21.0,23.21265374
12035,FL,Flagler County,2000,2004.0,32.7,32.80292548,31.9,33.51452856,14.1,10.16011069,21.2,23.52243526
12037,FL,Franklin County,2000,2004.0,19.5,28.76603474,36.4,35.23668975,31.7,20.78556022,12.4,15.21171529
12039,FL,Gadsden County,2000,2004.0,21.9,25.88454376,35.9,36.93147745,29.3,23.20487328,12.9,13.97910551
12041,FL,Gilchrist County,2000,2004.0,26.9,26.93057032,36.1,40.42685087,27.6,20.84661707,9.4,11.79596174
12043,FL,Glades County,2000,2004.0,23.2,25.8882172,36.8,39.49517446,30.2,24.44585852,9.8,10.17074981
12045,FL,Gulf County,2000,2004.0,25.3,28.14895947,37.1,36.41418822,27.4,21.65304575,10.1,13.78380655
12047,FL,Hamilton County,2000,2004.0,20.5,24.95705769,35.1,40.870971,37.1,26.05840154,7.3,8.113569769
12049,FL,Hardee County,2000,2004.0,18.1,20.13615192,31.5,34.20518333,42.0,36.92225009,8.4,8.736414666
12051,FL,Hendry County,2000,2004.0,16.8,20.34078807,29.1,34.24920128,45.8,35.69329073,8.2,9.716719915
12053,FL,Hernando County,2000,2004.0,28.0,32.14162267,37.7,37.90692559,21.5,14.3005279,12.7,15.65092383
12055,FL,Highlands County,2000,2004.0,26.3,28.9739787,34.6,36.19927194,25.5,19.6454092,13.6,15.18134016
12057,FL,Hillsborough County,2000,2004.0,29.0,29.42735351,26.7,27.98923774,19.2,13.58416662,25.1,28.99924213
12059,FL,Holmes County,2000,2004.0,18.6,26.77758817,37.8,38.14704209,34.8,24.10409556,8.8,10.97127418
12061,FL,Indian River County,2000,2004.0,29.4,31.73702086,29.1,28.09606987,18.4,13.3226589,23.1,26.84425036
12063,FL,Jackson County,2000,2004.0,23.6,30.19719109,32.7,34.9411264,30.9,21.24556675,12.8,13.61611576
12065,FL,Jefferson County,2000,2004.0,24.0,29.50023354,32.2,36.09528258,26.8,19.14058851,16.9,15.26389538
12067,FL,Lafayette County,2000,2004.0,20.9,30.14757554,40.1,39.75755446,31.8,19.32536894,7.2,10.76950105
12069,FL,Lake County,2000,2004.0,28.9,32.28517439,34.3,34.62251031,20.2,12.86481891,16.6,20.22749638
12071,FL,Lee County,2000,2004.0,28.6,29.90907771,32.5,32.53750655,17.7,12.92254002,21.1,24.63087573
12073,FL,Leon County,2000,2004.0,28.5,28.08778688,18.9,20.12974791,10.9,8.309387274,41.7,43.47307794
12075,FL,Levy County,2000,2004.0,25.1,31.15595312,38.2,38.34338811,26.1,19.05901116,10.6,11.4416476
12077,FL,Liberty County,2000,2004.0,17.8,21.59373888,40.4,40.57274991,34.4,26.07612949,7.4,11.75738171
12079,FL,Madison County,2000,2004.0,23.1,27.16189611,34.2,39.74708466,32.5,22.76238074,10.2,10.3286385
12081,FL,Manatee County,2000,2004.0,28.8,30.13827274,31.9,30.82326245,18.6,13.0037564,20.8,26.03470841
12083,FL,Marion County,2000,2004.0,28.6,31.35821312,35.9,36.3099634,21.8,15.1900448,13.7,17.14177867
12085,FL,Martin County,2000,2004.0,30.7,32.50687467,28.3,26.39695178,14.7,11.49822966,26.3,29.59794389
12086,FL,Miami-Dade County,2000,2004.0,23.9,23.9364845,22.3,27.9137999,32.1,21.82880947,21.7,26.32090613
12087,FL,Monroe County,2000,2004.0,30.5,31.77702916,28.9,29.20658315,15.1,10.66954416,25.5,28.34684353
12089,FL,Nassau County,2000,2004.0,27.7,30.54065049,34.4,34.9863433,19.0,11.95591112,18.9,22.51709509
12091,FL,Okaloosa County,2000,2004.0,36.6,36.37675286,27.1,27.57882792,12.0,8.828726595,24.2,27.21569263
12093,FL,Okeechobee County,2000,2004.0,22.3,24.65675491,33.9,34.02488053,34.9,31.04756125,8.9,10.27080331
12095,FL,Orange County,2000,2004.0,29.9,30.21041744,25.8,27.13193236,18.2,12.91633525,26.1,29.74131495
12097,FL,Osceola County,2000,2004.0,29.4,31.45917846,33.9,35.5720294,20.9,15.42663369,15.7,17.54215844
12099,FL,Palm Beach County,2000,2004.0,29.0,28.66373176,26.9,26.0361255,16.4,12.76157465,27.7,32.53856809
12101,FL,Pasco County,2000,2004.0,27.7,32.15980339,36.8,34.70628863,22.4,13.12200825,13.1,20.01189974
12103,FL,Pinellas County,2000,2004.0,31.4,31.14392668,29.7,30.43117214,16.0,11.25151611,22.9,27.17338507
12105,FL,Polk County,2000,2004.0,26.1,27.70830633,33.7,36.21371499,25.2,17.85189334,14.9,18.22608534
12107,FL,Putnam County,2000,2004.0,23.6,25.90308542,37.3,39.42741164,29.6,22.33367811,9.4,12.33582483
12109,FL,St. Johns County,2000,2004.0,29.6,30.31273308,24.5,21.72782955,12.8,7.25290621,33.1,40.70653116
12111,FL,St. Lucie County,2000,2004.0,29.9,31.04143372,32.7,34.11331439,22.3,15.7835886,15.1,19.0616633
12113,FL,Santa Rosa County,2000,2004.0,33.4,35.91803279,29.2,27.57473481,14.6,10.70298939,22.9,25.80424301
12115,FL,Sarasota County,2000,2004.0,29.5,30.66156183,30.1,31.04978896,12.9,8.379403176,27.4,29.90924604
12117,FL,Seminole County,2000,2004.0,33.3,32.84853171,24.4,24.84754758,11.3,8.670896086,31.0,33.63302462
12119,FL,Sumter County,2000,2004.0,26.2,29.60088422,38.8,34.15682845,22.7,13.6629743,12.2,22.57931303
12121,FL,Suwannee County,2000,2004.0,23.9,27.18788459,38.8,42.26035827,26.8,20.77464789,10.5,9.777109257
12123,FL,Taylor County,2000,2004.0,20.2,28.92111297,40.9,37.81372002,30.0,22.25940385,8.9,11.00576315
12125,FL,Union County,2000,2004.0,26.1,26.48410219,38.9,38.2006984,27.5,25.17000551,7.5,10.1451939
12127,FL,Volusia County,2000,2004.0,32.1,34.01937453,32.3,32.51532884,18.0,12.46549262,17.6,20.99980401
12129,FL,Wakulla County,2000,2004.0,27.7,32.15983433,34.9,38.22657316,21.6,13.10773286,15.7,16.50585965
12131,FL,Walton County,2000,2004.0,27.4,30.70944848,32.3,30.80690706,24.0,14.26143889,16.2,24.22220556
12133,FL,Washington County,2000,2004.0,23.2,27.55680192,38.8,40.60550564,28.8,19.76191839,9.2,12.07577405
13000,GA,Georgia,2000,2004.0,25.6,27.7342536,28.7,28.92640266,21.4,15.57532646,24.3,27.76401728
13001,GA,Appling County,2000,2004.0,21.7,21.36389591,37.2,43.95138266,32.7,23.34611306,8.4,11.33860837
13003,GA,Atkinson County,2000,2004.0,13.5,17.37692158,36.0,38.3926834,43.7,35.53220471,6.9,8.698190309
13005,GA,Bacon County,2000,2004.0,17.1,18.41600438,44.0,44.46423678,32.3,28.18580433,6.6,8.933954508
13007,GA,Baker County,2000,2004.0,14.9,27.67379679,40.4,47.37076649,34.0,17.95900178,10.7,6.996434938
13009,GA,Baldwin County,2000,2004.0,21.0,24.60052553,35.4,37.15645196,27.4,18.99012854,16.2,19.25289397
13011,GA,Banks County,2000,2004.0,18.4,21.67739805,38.3,43.41258049,34.6,22.96516427,8.6,11.94485719
13013,GA,Barrow County,2000,2004.0,26.4,28.99511752,36.0,34.77234018,26.7,19.62075622,10.9,16.61178608
13015,GA,Bartow County,2000,2004.0,23.5,25.71948268,34.2,38.29019777,28.2,19.77710296,14.1,16.21321659
13017,GA,Ben Hill County,2000,2004.0,19.1,27.72832473,37.2,37.28858821,34.2,24.62168417,9.5,10.36140288
13019,GA,Berrien County,2000,2004.0,22.0,29.42516099,34.6,34.68666562,34.0,24.10083242,9.4,11.78734098
13021,GA,Bibb County,2000,2004.0,24.2,27.22361392,31.7,32.33533537,22.8,17.64504673,21.3,22.79600398
13023,GA,Bleckley County,2000,2004.0,23.5,23.4629065,35.8,42.06046748,28.3,20.99847561,12.5,13.47815041
13025,GA,Brantley County,2000,2004.0,18.8,24.77187108,47.4,45.18208455,27.5,23.97655923,6.2,6.06948514
13027,GA,Brooks County,2000,2004.0,19.1,26.95546407,37.1,38.35142216,32.5,22.05276946,11.3,12.64034431
13029,GA,Bryan County,2000,2004.0,26.8,31.78218334,32.8,26.80262954,21.0,12.02960816,19.3,29.38557896
13031,GA,Bulloch County,2000,2004.0,22.8,28.97409783,29.7,30.24030389,22.1,13.85119326,25.4,26.93440502
13033,GA,Burke County,2000,2004.0,18.3,26.34639347,37.0,40.14952236,35.1,24.09663575,9.5,9.407448429
13035,GA,Butts County,2000,2004.0,21.3,24.7336759,39.9,42.43012909,30.2,23.83757363,8.6,8.998621381
13037,GA,Calhoun County,2000,2004.0,20.1,22.04989885,33.8,33.96268824,34.5,32.02966959,11.7,11.95774331
13039,GA,Camden County,2000,2004.0,34.1,38.37773986,33.2,32.14988844,16.7,10.62803518,16.0,18.84433653
13043,GA,Candler County,2000,2004.0,17.5,19.80565876,29.3,44.42697914,43.1,20.70591598,10.2,15.06144613
13045,GA,Carroll County,2000,2004.0,20.3,26.34042864,34.2,35.17518835,28.9,19.64157706,16.5,18.84280594
13047,GA,Catoosa County,2000,2004.0,27.4,33.34572145,34.8,31.06243612,24.0,17.76456378,13.8,17.82727864
13049,GA,Charlton County,2000,2004.0,16.6,21.95015304,42.1,36.00787057,34.9,32.12724093,6.4,9.914735461
13051,GA,Chatham County,2000,2004.0,28.3,29.56176275,26.9,28.3302414,19.8,11.77791779,25.0,30.33007806
13053,GA,Chattahoochee County,2000,2004.0,40.6,40.08016032,23.1,24.61286209,11.2,7.196210603,25.0,28.11076699
13055,GA,Chattooga County,2000,2004.0,18.1,22.88376765,34.6,37.63182858,39.6,31.28731656,7.7,8.197087216
13057,GA,Cherokee County,2000,2004.0,30.2,30.75457917,27.3,23.57540779,15.6,11.06878428,27.0,34.60122875
13059,GA,Clarke County,2000,2004.0,19.6,22.08773594,21.6,22.01740325,19.0,15.09045111,39.8,40.8044097
13061,GA,Clay County,2000,2004.0,18.7,25.72497661,35.5,40.83255379,35.7,24.2282507,10.1,9.214218896
13063,GA,Clayton County,2000,2004.0,31.5,32.57666772,31.9,32.17894404,19.9,17.73063547,16.6,17.51375277
13065,GA,Clinch County,2000,2004.0,16.0,16.46623497,32.4,39.84736355,41.1,28.65402405,10.4,15.03237743
13067,GA,Cobb County,2000,2004.0,28.3,27.13670675,20.8,19.73964832,11.2,9.280448846,39.8,43.84319608
13069,GA,Coffee County,2000,2004.0,21.8,23.31923419,33.0,39.12140101,35.2,26.21326803,10.0,11.34609676
13071,GA,Colquitt County,2000,2004.0,17.7,21.55740851,35.8,36.73376827,35.1,28.45480236,11.4,13.25402086
13073,GA,Columbia County,2000,2004.0,30.2,30.88310109,25.8,25.46934521,12.1,8.961298408,32.0,34.68625529
13075,GA,Cook County,2000,2004.0,20.4,23.62497731,36.0,38.74568887,35.4,25.72154656,8.1,11.90778726
13077,GA,Coweta County,2000,2004.0,28.2,29.36062985,32.8,31.95524529,18.4,12.6294595,20.6,26.05466536
13079,GA,Crawford County,2000,2004.0,20.8,26.93509198,39.6,36.89691079,32.7,23.53349531,6.8,12.63450191
13081,GA,Crisp County,2000,2004.0,18.6,25.93901322,34.5,35.90498626,34.1,24.42743096,12.8,13.72856956
13083,GA,Dade County,2000,2004.0,25.8,28.91621129,30.4,35.61020036,33.0,18.52459016,10.9,16.94899818
13085,GA,Dawson County,2000,2004.0,28.2,28.90686147,33.2,33.94208192,20.5,13.68379859,18.1,23.46725802
13087,GA,Decatur County,2000,2004.0,24.0,30.74588988,33.5,33.67538343,30.3,21.64294384,12.1,13.93578285
13089,GA,DeKalb County,2000,2004.0,28.4,27.1300869,20.3,21.93389641,14.9,11.75354251,36.3,39.18247417
13091,GA,Dodge County,2000,2004.0,18.1,22.28491815,36.6,42.43120864,33.7,21.27481714,11.6,14.00905608
13093,GA,Dooly County,2000,2004.0,21.0,20.1503006,37.8,42.71543086,31.5,27.45490982,9.6,9.679358717
13095,GA,Dougherty County,2000,2004.0,27.6,32.31286071,28.3,28.88793178,26.3,20.71151693,17.8,18.08769058
13097,GA,Douglas County,2000,2004.0,27.3,30.42183801,34.6,31.2827319,18.9,13.47657651,19.2,24.81885358
13099,GA,Early County,2000,2004.0,22.4,23.97087651,33.5,41.01092131,31.6,22.87874545,12.6,12.13945673
13101,GA,Echols County,2000,2004.0,16.5,25.57363371,35.6,40.80100125,39.5,26.15769712,8.4,7.467667918
13103,GA,Effingham County,2000,2004.0,24.8,30.70236545,40.4,38.19244632,21.1,14.19268861,13.6,16.91249962
13105,GA,Elbert County,2000,2004.0,18.1,20.20900795,39.2,45.40771269,32.8,23.18957904,9.8,11.19370032
13107,GA,Emanuel County,2000,2004.0,16.2,25.0614083,35.2,40.48171397,38.6,24.5974345,10.1,9.859443231
13109,GA,Evans County,2000,2004.0,17.5,25.2701934,39.2,37.38623436,34.3,23.62059158,9.0,13.72298066
13111,GA,Fannin County,2000,2004.0,21.6,23.97167139,38.9,39.55807365,29.1,21.06515581,10.4,15.40509915
13113,GA,Fayette County,2000,2004.0,32.2,30.91297684,24.0,20.849562,7.6,6.124945514,36.2,42.11251564
13115,GA,Floyd County,2000,2004.0,22.4,27.44087663,33.2,31.50277526,28.5,22.82392608,15.8,18.23242203
13117,GA,Forsyth County,2000,2004.0,27.6,27.27889837,23.5,20.39547923,14.3,8.980710911,34.6,43.34491149
13119,GA,Franklin County,2000,2004.0,19.2,22.52728856,37.5,37.08564923,33.0,26.93363691,10.3,13.4534253
13121,GA,Fulton County,2000,2004.0,23.3,23.06510189,19.4,18.70801017,16.0,9.820613519,41.4,48.40627442
13123,GA,Gilmer County,2000,2004.0,19.8,27.15317559,33.3,34.20174346,34.0,24.1494396,12.9,14.49564134
13125,GA,Glascock County,2000,2004.0,19.3,26.71970051,40.3,41.97473093,33.9,21.99344876,6.5,9.312119794
13127,GA,Glynn County,2000,2004.0,29.2,31.89114786,29.3,28.89269173,17.8,13.39446811,23.8,25.8216923
13129,GA,Gordon County,2000,2004.0,21.2,23.48662799,34.1,35.75208717,34.1,26.85722372,10.6,13.90406113
13131,GA,Grady County,2000,2004.0,19.1,22.66478458,39.7,39.87357309,30.6,26.73990426,10.6,10.72173806
13133,GA,Greene County,2000,2004.0,19.2,18.22810591,33.3,38.5862186,29.9,23.8119484,17.6,19.37372709
13135,GA,Gwinnett County,2000,2004.0,31.2,29.28511095,22.0,23.46992745,12.7,12.7744184,34.1,34.47054319
13137,GA,Habersham County,2000,2004.0,21.3,26.54483667,33.7,34.39212151,29.1,21.13877523,15.8,17.92426659
13139,GA,Hall County,2000,2004.0,22.2,26.16089407,29.6,30.19335778,29.5,21.54897254,18.7,22.09677561
13141,GA,Hancock County,2000,2004.0,18.0,20.31884494,34.5,43.52534216,37.8,25.16167845,9.8,10.99413446
13143,GA,Haralson County,2000,2004.0,17.9,22.46637721,36.1,38.08641322,37.0,27.04119454,9.0,12.40601504
13145,GA,Harris County,2000,2004.0,28.4,33.77248773,29.4,29.09322188,21.0,8.972378703,21.1,28.16191168
13147,GA,Hart County,2000,2004.0,20.7,25.74669403,36.9,38.12699498,28.9,20.44573643,13.5,15.68057456
13149,GA,Heard County,2000,2004.0,17.0,26.87331882,41.7,37.01806071,34.0,28.69219931,7.3,7.41642116
13151,GA,Henry County,2000,2004.0,30.4,33.0647123,34.3,31.36196358,15.8,10.56959691,19.5,25.00372721
13153,GA,Houston County,2000,2004.0,32.2,35.07253498,32.4,28.03345879,15.7,12.07129536,19.8,24.82271088
13155,GA,Irwin County,2000,2004.0,19.4,29.20845549,38.5,40.11726585,32.3,22.77426323,9.9,7.90001543
13157,GA,Jackson County,2000,2004.0,20.8,25.8754716,35.5,35.36829312,31.9,20.05418682,11.7,18.70204846
13159,GA,Jasper County,2000,2004.0,21.0,27.83347864,37.2,42.13164778,30.3,15.75850044,11.5,14.27637315
13161,GA,Jeff Davis County,2000,2004.0,18.5,23.45705423,35.4,43.83356509,36.7,21.34987699,9.4,11.35950369
13163,GA,Jefferson County,2000,2004.0,15.5,20.73666155,34.0,44.37121964,41.5,26.23454004,9.1,8.657578767
13165,GA,Jenkins County,2000,2004.0,18.4,20.53767374,32.9,35.25969276,38.0,30.41331383,10.8,13.78931968
13167,GA,Johnson County,2000,2004.0,15.2,25.36970567,39.4,36.09475951,37.6,26.67623833,7.8,11.85929648
13169,GA,Jones County,2000,2004.0,21.8,30.36679435,41.0,39.27690612,22.1,10.9985832,15.0,19.35771632
13171,GA,Lamar County,2000,2004.0,23.0,27.10750853,37.0,40.27303754,28.7,19.96587031,11.3,12.65358362
13173,GA,Lanier County,2000,2004.0,24.0,32.23245475,34.2,29.83486821,33.0,25.11908542,8.8,12.81359162
13175,GA,Laurens County,2000,2004.0,18.8,22.18864123,37.1,42.03185997,29.7,20.27452462,14.4,15.50497418
13177,GA,Lee County,2000,2004.0,28.5,34.16319368,35.9,30.50010967,18.7,16.18776047,17.0,19.14893617
13179,GA,Liberty County,2000,2004.0,38.0,39.07058725,34.2,32.75886188,13.2,10.50275578,14.5,17.66779509
13181,GA,Lincoln County,2000,2004.0,24.6,25.3617945,36.3,44.75397974,29.0,18.52387844,10.1,11.36034732
13183,GA,Long County,2000,2004.0,26.8,30.11148008,41.6,39.13662239,25.7,18.98719165,5.8,11.76470588
13185,GA,Lowndes County,2000,2004.0,27.4,30.25985976,30.6,31.26249326,22.3,16.1928483,19.7,22.28479868
13187,GA,Lumpkin County,2000,2004.0,23.9,28.93596788,30.4,33.10967878,28.0,15.17857143,17.6,22.77578191
13189,GA,McDuffie County,2000,2004.0,19.8,24.10607236,35.2,37.59785598,33.3,25.00176317,11.7,13.29430848
13191,GA,McIntosh County,2000,2004.0,22.2,28.4728214,37.8,38.52459016,28.8,18.37791199,11.1,14.62467645
13193,GA,Macon County,2000,2004.0,18.0,21.64768647,35.2,40.12516672,36.8,28.38822202,10.0,9.838924797
13195,GA,Madison County,2000,2004.0,19.1,24.03433476,40.8,38.03316908,29.2,24.52710221,10.9,13.40539395
13197,GA,Marion County,2000,2004.0,20.4,23.50017141,36.1,44.49777168,34.6,23.6030168,8.9,8.39904011
13199,GA,Meriwether County,2000,2004.0,19.3,22.8021978,35.7,39.05119271,34.2,28.31010453,10.8,9.836504958
13201,GA,Miller County,2000,2004.0,21.9,27.43384317,35.9,40.54382132,31.0,21.46151979,11.3,10.56081573
13205,GA,Mitchell County,2000,2004.0,20.8,20.76379974,35.4,39.06931964,34.7,30.59050064,9.1,9.576379974
13207,GA,Monroe County,2000,2004.0,21.9,25.91287107,38.7,35.1930385,22.3,20.15200749,17.1,18.74208294
13209,GA,Montgomery County,2000,2004.0,18.6,20.7576277,39.4,45.80047995,28.6,17.79225231,13.5,15.64964004
13211,GA,Morgan County,2000,2004.0,18.2,22.43500937,37.1,35.27829843,26.0,19.99022085,18.7,22.29647136
13213,GA,Murray County,2000,2004.0,18.5,21.96773941,35.4,38.55218855,38.9,31.15261139,7.2,8.327460653
13215,GA,Muscogee County,2000,2004.0,30.4,34.86529851,28.2,27.73666216,21.1,15.29473039,20.3,22.10330894
13217,GA,Newton County,2000,2004.0,25.4,32.50601636,34.7,32.5798171,25.3,15.83988449,14.5,19.07428205
13219,GA,Oconee County,2000,2004.0,23.5,28.27455621,23.4,18.62248521,13.3,9.046153846,39.8,44.05680473
13221,GA,Oglethorpe County,2000,2004.0,19.0,24.9302511,37.4,34.18692706,27.9,22.72817856,15.6,18.15464328
13223,GA,Paulding County,2000,2004.0,26.5,29.16946624,39.1,35.89185865,19.2,11.90966963,15.2,23.02900548
13225,GA,Peach County,2000,2004.0,23.4,30.36630258,33.2,31.85685837,26.6,19.35308672,16.8,18.42375234
13227,GA,Pickens County,2000,2004.0,21.4,25.29083742,33.1,33.38621286,29.8,19.28179983,15.6,22.04114989
13229,GA,Pierce County,2000,2004.0,18.5,26.6721044,41.2,40.86460033,30.2,22.34094617,10.1,10.1223491
13231,GA,Pike County,2000,2004.0,21.2,31.32282385,40.1,36.51473612,24.7,15.56716929,14.0,16.59527073
13233,GA,Polk County,2000,2004.0,20.2,23.28627894,35.1,38.43779409,36.7,26.86241295,8.0,11.41351402
13235,GA,Pulaski County,2000,2004.0,24.3,21.98645598,36.2,45.58690745,26.6,24.65011287,12.9,7.776523702
13237,GA,Putnam County,2000,2004.0,20.5,27.68275771,40.5,35.50155187,24.5,18.02813181,14.4,18.78755861
13239,GA,Quitman County,2000,2004.0,17.5,23.80952381,34.1,39.07203907,42.2,31.5018315,6.1,5.616605617
13241,GA,Rabun County,2000,2004.0,22.7,26.01859679,35.0,32.93322063,24.6,15.19019442,17.6,25.85798817
13243,GA,Randolph County,2000,2004.0,20.4,21.33819018,32.5,38.93788344,37.6,25.34509202,9.5,14.37883436
13245,GA,Richmond County,2000,2004.0,29.7,31.86561001,29.6,31.37963345,22.0,16.90991964,18.7,19.8448369
13247,GA,Rockdale County,2000,2004.0,29.7,32.72040626,29.4,28.94567987,17.6,13.29862321,23.4,25.03529067
13249,GA,Schley County,2000,2004.0,16.1,25.12919897,40.1,35.0129199,30.0,26.42118863,13.7,13.43669251
13251,GA,Screven County,2000,2004.0,18.1,22.28720627,38.6,43.07049608,33.1,22.94516971,10.2,11.69712794
13253,GA,Seminole County,2000,2004.0,22.5,31.0252996,36.8,37.01731025,32.1,20.03994674,8.6,11.91744341
13255,GA,Spalding County,2000,2004.0,20.6,24.03473296,34.7,36.47674557,32.2,23.89199477,12.5,15.5965267
13257,GA,Stephens County,2000,2004.0,21.2,23.68209024,35.9,39.69267956,28.9,21.96708103,14.1,14.65814917
13259,GA,Stewart County,2000,2004.0,16.8,17.7141527,37.1,41.50372439,36.8,32.49534451,9.3,8.286778399
13261,GA,Sumter County,2000,2004.0,20.4,22.94350594,30.2,34.80374956,30.1,22.48232994,19.3,19.77041456
13263,GA,Talbot County,2000,2004.0,16.6,23.00702189,40.3,42.81288724,35.2,22.07765386,7.9,12.10243701
13265,GA,Taliaferro County,2000,2004.0,15.3,16.60958904,32.6,38.6130137,43.8,34.24657534,8.4,10.53082192
13267,GA,Tattnall County,2000,2004.0,19.2,20.81591805,39.2,43.59215871,33.7,24.29504916,7.9,11.29687408
13269,GA,Taylor County,2000,2004.0,16.1,27.07914152,39.0,37.17303823,36.4,26.99530516,8.5,8.752515091
13271,GA,Telfair County,2000,2004.0,15.2,15.19362766,40.1,47.14854673,36.4,25.328362,8.3,12.3294636
13273,GA,Terrell County,2000,2004.0,21.0,21.19118131,32.8,36.03158934,35.5,34.43566963,10.7,8.341559724
13275,GA,Thomas County,2000,2004.0,23.2,27.75600442,33.6,36.79362208,26.5,18.7853817,16.8,16.66499179
13277,GA,Tift County,2000,2004.0,22.0,28.58571314,30.3,30.81353492,32.1,23.45812335,15.6,17.14262859
13279,GA,Toombs County,2000,2004.0,19.7,25.64147321,35.0,38.86658521,32.7,20.765695,12.7,14.72624658
13281,GA,Towns County,2000,2004.0,24.2,25.05141388,33.4,38.29048843,24.9,14.4344473,17.4,22.22365039
13283,GA,Treutlen County,2000,2004.0,13.7,15.64719359,39.7,48.13287514,38.2,27.10194731,8.5,9.117983963
13285,GA,Troup County,2000,2004.0,21.3,26.37738145,33.7,33.87632823,27.0,20.09549221,18.0,19.65079811
13287,GA,Turner County,2000,2004.0,18.5,27.28867064,38.7,32.42721852,32.3,28.27078218,10.5,12.01332866
13289,GA,Twiggs County,2000,2004.0,17.0,17.93092318,40.7,41.97869593,36.8,29.22853454,5.4,10.86184635
13291,GA,Union County,2000,2004.0,26.5,31.96173422,35.1,31.18292758,25.8,16.23842522,12.5,20.61691298
13293,GA,Upson County,2000,2004.0,18.0,28.60374028,37.2,37.82755006,33.3,22.55199426,11.5,11.0167154
13295,GA,Walker County,2000,2004.0,21.7,27.9949693,35.0,35.80960095,33.2,22.33330491,10.2,13.86212483
13297,GA,Walton County,2000,2004.0,24.8,30.89686426,35.6,32.83202982,26.5,17.32329508,13.0,18.94781083
13299,GA,Ware County,2000,2004.0,20.2,24.88554066,38.8,42.16681928,29.7,18.91700658,11.4,14.03063348
13301,GA,Warren County,2000,2004.0,14.4,21.20470127,34.7,45.27424094,42.9,26.98334966,8.0,6.537708129
13303,GA,Washington County,2000,2004.0,18.9,22.81395677,38.8,43.05692894,31.7,23.25893488,10.5,10.8701794
13305,GA,Wayne County,2000,2004.0,21.5,28.51694076,37.1,40.04854369,29.9,20.10105013,11.6,11.33346543
13307,GA,Webster County,2000,2004.0,18.3,20.32721864,33.9,45.0173525,38.7,22.75656916,9.1,11.89885969
13309,GA,Wheeler County,2000,2004.0,18.9,11.24343257,41.8,54.90367776,32.1,25.4290718,7.1,8.423817863
13311,GA,White County,2000,2004.0,25.4,31.67027056,35.1,33.52143874,24.0,14.85153737,15.4,19.95675334
13313,GA,Whitfield County,2000,2004.0,21.1,25.13060824,29.0,29.21033467,37.0,30.91061647,12.8,14.74844062
13315,GA,Wilcox County,2000,2004.0,17.5,23.51140364,43.7,42.76748814,31.8,25.53191489,7.0,8.189193326
13317,GA,Wilkes County,2000,2004.0,17.1,23.69516935,35.9,37.50694059,35.0,25.04164353,12.0,13.75624653
13319,GA,Wilkinson County,2000,2004.0,19.4,22.77647059,41.4,43.89019608,29.6,21.81960784,9.6,11.51372549
13321,GA,Worth County,2000,2004.0,21.6,25.7128947,38.1,38.30852692,31.7,27.11781889,8.6,8.860759494
15000,HI,Hawaii,2000,2004.0,29.9,32.25360186,28.5,28.39779256,15.4,9.741717773,26.2,29.60688781
15001,HI,Hawaii County,2000,2004.0,31.1,32.80522413,31.4,32.16710306,15.4,9.421301014,22.1,25.6063718
15003,HI,Honolulu County,2000,2004.0,29.2,31.70652431,27.8,27.18223903,15.2,9.626198167,27.9,31.48503849
15005,HI,Kalawao County,2000,2004.0,9.5,21.53846154,19.7,21.53846154,60.5,7.692307692,10.2,49.23076923
15007,HI,Kauai County,2000,2004.0,34.1,35.80636226,29.7,28.3020476,16.7,10.98374278,19.4,24.90784736
15009,HI,Maui County,2000,2004.0,31.5,33.3426373,29.5,31.27715596,16.6,10.27530447,22.4,25.10490226
16000,ID,Idaho,2000,2004.0,34.6,35.94028222,28.5,27.95435279,15.3,11.39253599,21.7,24.712829
16001,ID,Ada County,2000,2004.0,36.5,36.23699793,23.1,21.70092111,9.2,6.730919857,31.2,35.3311611
16003,ID,Adams County,2000,2004.0,28.6,33.66935484,37.4,36.42473118,19.2,10.51747312,14.9,19.38844086
16005,ID,Bannock County,2000,2004.0,36.7,37.36777417,25.9,27.25917269,12.5,8.1763414,24.9,27.19671173
16007,ID,Bear Lake County,2000,2004.0,31.6,36.39128231,42.1,40.26862646,14.5,9.503294475,11.7,13.83679676
16009,ID,Benewah County,2000,2004.0,27.2,31.02263856,41.2,43.32552693,20.2,12.41217799,11.4,13.23965652
16011,ID,Bingham County,2000,2004.0,35.1,35.76991084,31.1,31.66923743,19.4,15.14239494,14.4,17.41845679
16013,ID,Blaine County,2000,2004.0,31.2,30.27190332,15.9,16.25377644,9.8,9.459550185,43.1,44.01477006
16015,ID,Boise County,2000,2004.0,33.9,35.93689131,32.5,30.13245033,13.7,12.48539151,19.9,21.44526685
16017,ID,Bonner County,2000,2004.0,35.2,36.90766315,33.5,32.10127268,14.4,9.474004874,16.9,21.5170593
16019,ID,Bonneville County,2000,2004.0,35.2,37.55494813,26.5,27.03208171,12.2,8.953148228,26.1,26.45982193
16021,ID,Boundary County,2000,2004.0,29.4,30.64386855,35.9,38.97942827,20.0,16.21693828,14.7,14.15976489
16023,ID,Butte County,2000,2004.0,36.6,38.84854772,33.0,34.75103734,17.4,8.506224066,13.0,17.89419087
16025,ID,Camas County,2000,2004.0,34.8,31.35198135,31.4,28.78787879,11.6,18.2983683,22.2,21.56177156
16027,ID,Canyon County,2000,2004.0,30.8,34.22364958,30.3,31.6918685,24.0,17.48695303,14.9,16.59752888
16029,ID,Caribou County,2000,2004.0,36.5,37.93408538,34.2,37.66865738,13.4,9.754479098,15.9,14.64277815
16031,ID,Cassia County,2000,2004.0,33.2,36.6801741,29.8,25.00375206,23.1,22.21221672,13.9,16.10385712
16033,ID,Clark County,2000,2004.0,26.9,24.44444444,24.5,28.88888889,36.0,33.93939394,12.6,12.72727273
16035,ID,Clearwater County,2000,2004.0,29.5,33.07392996,37.3,38.0724334,19.9,13.81322957,13.4,15.04040706
16037,ID,Custer County,2000,2004.0,29.6,25.40857231,37.5,37.89700894,15.5,10.7924761,17.4,25.90194265
16039,ID,Elmore County,2000,2004.0,44.9,40.60083661,25.0,29.08480162,12.8,15.00823932,17.3,15.30612245
16041,ID,Franklin County,2000,2004.0,34.7,34.72774654,40.0,39.034426,11.8,8.243039364,13.6,17.99478809
16043,ID,Fremont County,2000,2004.0,33.8,36.82848694,34.6,30.98817151,19.6,13.04829966,12.0,19.13504189
16045,ID,Gem County,2000,2004.0,33.0,36.04114007,35.0,34.13231064,20.6,15.5931317,11.4,14.23341759
16047,ID,Gooding County,2000,2004.0,25.9,31.12470985,34.7,32.69677147,27.4,23.74973623,12.0,12.42878244
16049,ID,Idaho County,2000,2004.0,30.2,30.96184756,38.3,42.05227984,17.1,12.17325099,14.4,14.81262161
16051,ID,Jefferson County,2000,2004.0,39.8,38.83541215,29.4,28.545282,15.6,11.44251627,15.2,21.17678959
16053,ID,Jerome County,2000,2004.0,34.2,29.14355194,26.8,26.99293259,24.9,29.10555513,14.0,14.75796033
16055,ID,Kootenai County,2000,2004.0,38.0,39.55108192,30.3,28.82549252,12.7,7.82861449,19.1,23.79481107
16057,ID,Latah County,2000,2004.0,27.4,29.45304937,22.6,22.24588577,9.0,5.41142304,41.0,42.88964182
16059,ID,Lemhi County,2000,2004.0,33.3,40.14390897,31.3,30.08701473,17.5,9.68875502,17.9,20.08032129
16061,ID,Lewis County,2000,2004.0,34.6,38.48684211,34.7,33.77192982,15.8,11.58625731,14.8,16.15497076
16063,ID,Lincoln County,2000,2004.0,31.5,28.28046745,32.8,33.58931553,22.6,26.07679466,13.0,12.05342237
16065,ID,Madison County,2000,2004.0,41.7,46.76856505,22.3,16.2828029,11.5,5.067001675,24.4,31.88163037
16067,ID,Minidoka County,2000,2004.0,30.9,30.97402075,32.7,33.57194563,26.3,25.14276522,10.1,10.3112684
16069,ID,Nez Perce County,2000,2004.0,34.8,35.36853071,31.8,33.41146705,14.5,10.4550359,18.9,20.76496633
16071,ID,Oneida County,2000,2004.0,39.7,41.79050381,31.8,37.87604204,13.6,8.263863719,15.0,12.06959043
16073,ID,Owyhee County,2000,2004.0,22.8,28.00447177,34.6,38.20570151,32.4,25.1117943,10.2,8.67803242
16075,ID,Payette County,2000,2004.0,31.9,31.7407097,32.0,36.61637329,25.5,16.83431126,10.6,14.80860576
16077,ID,Power County,2000,2004.0,27.6,31.37213254,32.8,35.85386576,25.3,17.75700935,14.3,15.01699235
16079,ID,Shoshone County,2000,2004.0,27.3,36.43186448,40.3,34.71641471,22.1,15.11740109,10.2,13.73431972
16081,ID,Teton County,2000,2004.0,36.6,34.31961781,22.6,20.51163507,12.7,11.86623517,28.1,33.30251194
16083,ID,Twin Falls County,2000,2004.0,34.9,38.25721698,30.4,29.38475477,18.7,16.37565375,16.0,15.9823745
16085,ID,Valley County,2000,2004.0,33.5,27.80608732,29.1,29.72042418,11.1,8.098058119,26.3,34.37543038
16087,ID,Washington County,2000,2004.0,28.4,33.72805795,35.5,30.70493174,23.4,19.81053218,12.7,15.75647813
17000,IL,Illinois,2000,2004.0,27.6,28.68704733,27.7,27.20164795,18.6,13.0313937,26.1,31.07991102
17001,IL,Adams County,2000,2004.0,28.6,31.54575514,37.5,37.48877745,16.3,9.945912804,17.6,21.0195546
17003,IL,Alexander County,2000,2004.0,25.4,31.35391924,34.7,36.37858578,33.0,23.3509958,6.9,8.916499178
17005,IL,Bond County,2000,2004.0,23.6,31.46425495,34.2,35.374677,27.2,12.93712317,15.0,20.22394488
17007,IL,Boone County,2000,2004.0,28.0,28.83606413,38.2,36.81449131,19.2,14.46492951,14.5,19.88451505
17009,IL,Brown County,2000,2004.0,25.2,31.32979768,28.8,37.92967983,36.7,18.07110587,9.2,12.66941662
17011,IL,Bureau County,2000,2004.0,29.4,32.05855745,39.0,40.03207501,15.9,11.09466239,15.7,16.81470516
17013,IL,Calhoun County,2000,2004.0,25.9,29.50500556,44.6,42.82536151,20.1,13.09788654,9.4,14.57174638
17015,IL,Carroll County,2000,2004.0,26.1,32.56272401,44.0,41.15591398,16.7,10.4390681,13.1,15.84229391
17017,IL,Cass County,2000,2004.0,23.1,26.46645782,44.3,43.1889381,20.0,18.37528357,12.6,11.96932051
17019,IL,Champaign County,2000,2004.0,28.7,27.977226,24.2,23.13862969,9.0,6.662624985,38.0,42.22151932
17021,IL,Christian County,2000,2004.0,26.8,31.04303609,43.6,43.22625987,19.0,12.73306048,10.5,12.99764356
17023,IL,Clark County,2000,2004.0,27.0,31.3302833,39.3,39.55657223,20.0,11.53440084,13.6,17.57874362
17025,IL,Clay County,2000,2004.0,28.0,29.76987448,38.3,43.87029289,24.1,12.5,9.7,13.85983264
17027,IL,Clinton County,2000,2004.0,29.4,37.27272727,35.0,31.39624089,22.6,11.57652474,13.0,19.7545071
17029,IL,Coles County,2000,2004.0,29.5,32.45695301,32.6,32.67418458,17.1,10.81366003,20.8,24.05520238
17031,IL,Cook County,2000,2004.0,25.5,25.62253078,24.2,24.2056493,22.3,15.9149009,28.0,34.25691901
17033,IL,Crawford County,2000,2004.0,32.1,37.75804822,37.0,34.75530533,20.7,11.84495453,10.3,15.64169193
17035,IL,Cumberland County,2000,2004.0,27.1,34.87043189,43.0,41.91362126,19.8,10.87043189,10.1,12.34551495
17037,IL,DeKalb County,2000,2004.0,30.8,33.56255359,29.9,28.59424652,12.5,8.865611917,26.8,28.97758798
17039,IL,De Witt County,2000,2004.0,26.4,31.05878309,43.6,43.26228945,16.5,8.55104847,13.4,17.127879
17041,IL,Douglas County,2000,2004.0,25.9,29.31112793,39.6,39.53065859,20.7,15.60181681,13.8,15.55639667
17043,IL,DuPage County,2000,2004.0,27.8,26.55588272,20.6,19.44378812,10.0,8.055246404,41.7,45.94508275
17045,IL,Edgar County,2000,2004.0,26.3,30.31348203,41.8,41.01325975,18.6,12.69257301,13.3,15.98068521
17047,IL,Edwards County,2000,2004.0,33.6,42.10638752,38.9,34.84298227,17.7,11.64281137,9.8,11.40781884
17049,IL,Effingham County,2000,2004.0,30.2,34.67231367,38.1,36.47120465,16.6,9.544601144,15.1,19.31188054
17051,IL,Fayette County,2000,2004.0,22.3,27.97759633,40.9,42.83015048,27.8,15.30467643,9.0,13.88757676
17053,IL,Ford County,2000,2004.0,30.1,33.12820513,42.0,37.88717949,14.0,12.01025641,13.9,16.97435897
17055,IL,Franklin County,2000,2004.0,30.9,39.59785425,34.4,34.29551509,23.3,13.2357771,11.3,12.87085356
17057,IL,Fulton County,2000,2004.0,28.9,33.17428811,38.0,37.51049698,21.7,14.90953508,11.4,14.40567982
17059,IL,Gallatin County,2000,2004.0,29.0,32.40418118,36.9,36.73469388,26.4,21.10502738,7.7,9.756097561
17061,IL,Greene County,2000,2004.0,24.9,31.19390524,43.8,42.50678355,21.1,13.80713838,10.1,12.49217282
17063,IL,Grundy County,2000,2004.0,32.7,35.22811344,38.9,36.797164,13.1,8.899506782,15.2,19.07521578
17065,IL,Hamilton County,2000,2004.0,31.9,35.66599053,31.9,32.89384719,25.7,16.86950642,10.5,14.57065585
17067,IL,Hancock County,2000,2004.0,28.6,33.39468453,41.4,39.21814032,14.3,8.937642642,15.6,18.4495325
17069,IL,Hardin County,2000,2004.0,29.5,34.23536816,29.1,35.14789176,31.9,18.31340466,9.6,12.30333543
17071,IL,Henderson County,2000,2004.0,26.1,31.01584343,46.3,41.26747437,17.6,12.43243243,10.0,15.28424977
17073,IL,Henry County,2000,2004.0,31.6,33.81007528,37.2,34.9536769,15.5,11.45917776,15.7,19.77707006
17075,IL,Iroquois County,2000,2004.0,27.9,33.25092108,40.6,40.38685282,19.7,12.25518712,11.8,14.10703898
17077,IL,Jackson County,2000,2004.0,28.4,29.79971972,24.9,24.75475885,14.8,9.447623496,32.0,35.99789793
17079,IL,Jasper County,2000,2004.0,30.7,36.70830272,40.6,39.00073475,17.4,8.787656135,11.2,15.50330639
17081,IL,Jefferson County,2000,2004.0,30.4,36.39900693,32.9,34.58702338,23.0,13.09148849,13.7,15.92248119
17083,IL,Jersey County,2000,2004.0,30.7,36.89157868,39.3,35.52665465,17.5,11.82719547,12.6,15.75457121
17085,IL,Jo Daviess County,2000,2004.0,26.8,29.56836704,41.6,38.44853607,16.4,9.133715666,15.2,22.84938123
17087,IL,Johnson County,2000,2004.0,27.6,33.89737991,27.8,32.87117904,32.9,18.30786026,11.7,14.92358079
17089,IL,Kane County,2000,2004.0,27.5,27.21573459,25.0,23.97401922,19.8,16.93487468,27.7,31.87537151
17091,IL,Kankakee County,2000,2004.0,29.1,33.82391266,35.8,34.83890436,20.2,14.40876733,15.0,16.92841565
17093,IL,Kendall County,2000,2004.0,34.5,33.61665417,30.1,24.72811099,10.1,7.436111386,25.3,34.21912345
17095,IL,Knox County,2000,2004.0,30.6,31.46049046,36.7,37.54768392,18.2,14.06811989,14.6,16.92370572
17097,IL,Lake County,2000,2004.0,26.6,25.63171805,21.4,21.21601389,13.4,11.33321547,38.6,41.81905259
17099,IL,La Salle County,2000,2004.0,29.5,34.03072816,38.6,38.4705233,18.6,11.79581306,13.3,15.70293548
17101,IL,Lawrence County,2000,2004.0,29.7,33.05557568,41.8,35.12064343,18.7,22.3462068,9.7,9.477574089
17103,IL,Lee County,2000,2004.0,30.4,35.41683415,36.7,35.90722727,19.8,13.81541925,13.2,14.86051933
17105,IL,Livingston County,2000,2004.0,24.2,30.79467737,41.2,40.33600952,21.9,15.10556051,12.6,13.7637526
17107,IL,Logan County,2000,2004.0,25.8,31.9967771,40.4,35.66045784,19.6,15.07180435,14.2,17.27096071
17109,IL,McDonough County,2000,2004.0,26.7,29.42097027,33.4,29.08562486,13.1,8.629555108,26.9,32.86384977
17111,IL,McHenry County,2000,2004.0,33.1,32.69854395,28.4,27.04820447,10.8,7.783849484,27.7,32.46940209
17113,IL,McLean County,2000,2004.0,26.3,26.19981087,28.2,26.20375113,9.3,5.814846921,36.2,41.78159108
17115,IL,Macon County,2000,2004.0,28.2,31.43732516,38.0,34.20007993,16.8,12.46969495,16.9,21.89289996
17117,IL,Macoupin County,2000,2004.0,28.7,34.14412504,41.6,38.77260473,17.9,11.35007421,11.8,15.73319601
17119,IL,Madison County,2000,2004.0,31.0,33.31262308,34.0,33.81909966,15.7,9.40337836,19.2,23.4648989
17121,IL,Marion County,2000,2004.0,31.1,35.6077235,35.9,36.42992671,20.9,14.2341605,12.1,13.72818929
17123,IL,Marshall County,2000,2004.0,30.3,32.1794301,40.2,42.28628673,15.0,9.038290294,14.5,16.49599288
17125,IL,Mason County,2000,2004.0,26.6,32.00461051,42.1,37.96945538,20.1,15.09941408,11.2,14.92652003
17127,IL,Massac County,2000,2004.0,31.0,35.73154861,34.8,32.50604202,23.5,15.10503811,10.7,16.65737126
17129,IL,Menard County,2000,2004.0,29.5,30.79787834,38.3,39.9390588,11.7,8.249633224,20.5,21.01342964
17131,IL,Mercer County,2000,2004.0,28.7,34.73183391,43.6,40.25951557,15.1,10.88235294,12.6,14.12629758
17133,IL,Monroe County,2000,2004.0,34.2,33.23741644,32.6,34.1847802,12.8,7.069812741,20.4,25.50799061
17135,IL,Montgomery County,2000,2004.0,24.9,31.60372916,40.9,40.88426405,22.9,15.10029193,11.2,12.41171485
17137,IL,Morgan County,2000,2004.0,22.8,28.24872679,37.1,39.05454247,20.1,11.94348612,19.9,20.75324462
17139,IL,Moultrie County,2000,2004.0,26.1,28.22220014,38.0,41.60787042,21.2,16.35695121,14.7,13.81297824
17141,IL,Ogle County,2000,2004.0,29.7,33.80618603,36.4,35.70594126,16.9,11.57932799,17.0,18.90854473
17143,IL,Peoria County,2000,2004.0,31.0,31.5944705,29.5,29.28887727,16.2,10.34003824,23.3,28.776614
17145,IL,Perry County,2000,2004.0,28.0,34.96880686,34.3,34.61788407,27.7,15.84351443,10.1,14.56979465
17147,IL,Piatt County,2000,2004.0,30.4,32.58330471,37.2,35.34008932,11.3,7.308485057,21.0,24.76812092
17149,IL,Pike County,2000,2004.0,25.9,27.16103942,43.8,44.9796712,20.4,14.91956868,9.9,12.9397207
17151,IL,Pope County,2000,2004.0,32.2,37.8293601,33.1,36.88833124,24.2,12.23337516,10.5,13.0489335
17153,IL,Pulaski County,2000,2004.0,32.0,33.70352487,31.7,33.07580879,29.3,20.9802028,7.1,12.24046354
17155,IL,Putnam County,2000,2004.0,33.8,36.83345079,38.0,35.82334978,16.2,12.84942448,12.1,14.49377496
17157,IL,Randolph County,2000,2004.0,25.4,29.92594442,37.3,39.60725578,28.7,18.99234482,8.6,11.47445498
17159,IL,Richland County,2000,2004.0,35.4,35.8994709,32.8,33.97707231,16.6,10.47619048,15.2,19.64726631
17161,IL,Rock Island County,2000,2004.0,31.4,33.71708731,34.0,31.89987991,17.4,12.86634445,17.1,21.51668834
17163,IL,St. Clair County,2000,2004.0,32.5,36.19723911,29.1,27.94353235,19.1,10.92427427,19.3,24.93495427
17165,IL,Saline County,2000,2004.0,33.9,38.19330681,30.2,31.8745612,23.9,16.08354786,12.1,13.84858413
17167,IL,Sangamon County,2000,2004.0,28.5,31.58838987,31.0,28.63895899,11.9,8.136617758,28.6,31.63603338
17169,IL,Schuyler County,2000,2004.0,25.7,32.06206768,46.2,38.88577304,16.4,10.54402692,11.7,18.50813236
17171,IL,Scott County,2000,2004.0,24.4,26.64850136,46.6,45.53133515,16.9,11.25340599,12.1,16.56675749
17173,IL,Shelby County,2000,2004.0,27.6,31.79969497,43.9,42.29791561,17.1,11.1273513,11.5,14.77503813
17175,IL,Stark County,2000,2004.0,31.0,32.5542571,39.1,40.23372287,16.6,11.42380157,13.4,15.78821846
17177,IL,Stephenson County,2000,2004.0,30.2,34.76499924,38.3,36.20674021,15.9,10.69064531,15.6,18.33761523
17179,IL,Tazewell County,2000,2004.0,32.5,34.70159244,34.4,32.97101061,15.0,8.751432335,18.1,23.57596462
17181,IL,Union County,2000,2004.0,28.1,31.04448743,31.0,32.33397808,25.2,17.52901354,15.8,19.09252095
17183,IL,Vermilion County,2000,2004.0,27.9,32.50695301,38.4,39.33656272,21.3,14.24677214,12.5,13.90971212
17185,IL,Wabash County,2000,2004.0,38.8,40.34770011,30.9,31.93287456,17.8,11.46927442,12.5,16.25015091
17187,IL,Warren County,2000,2004.0,26.9,32.35980299,39.5,35.36680204,17.7,13.60062214,15.8,18.67277283
17189,IL,Washington County,2000,2004.0,30.8,37.39829523,34.9,32.45834948,20.9,11.37156141,13.4,18.77179388
17191,IL,Wayne County,2000,2004.0,30.5,39.08772529,34.7,33.68070385,24.8,14.55539421,10.0,12.67617665
17193,IL,White County,2000,2004.0,28.6,38.02910682,35.6,33.82478836,25.4,15.04803577,10.4,13.09806906
17195,IL,Whiteside County,2000,2004.0,30.7,33.26128543,37.8,37.84253807,20.2,13.53506745,11.3,15.36110904
17197,IL,Will County,2000,2004.0,32.3,30.99308166,29.1,27.25924086,13.1,9.643255557,25.5,32.10442192
17199,IL,Williamson County,2000,2004.0,30.3,36.61711251,32.3,30.04374986,20.2,11.6035087,17.2,21.73562893
17201,IL,Winnebago County,2000,2004.0,29.2,30.49065301,32.8,34.15907723,18.6,14.40547459,19.4,20.94479516
17203,IL,Woodford County,2000,2004.0,31.4,35.10638298,35.3,31.56551778,12.2,7.00714454,21.1,26.3209547
18000,IN,Indiana,2000,2004.0,25.5,28.58989231,37.2,35.42317607,17.9,13.00335908,19.4,22.98357254
18001,IN,Adams County,2000,2004.0,24.3,27.60739141,45.0,42.39020878,20.0,15.46436285,10.7,14.53803696
18003,IN,Allen County,2000,2004.0,31.0,32.27646006,31.9,30.36147448,14.3,10.97345835,22.7,26.38860711
18005,IN,Bartholomew County,2000,2004.0,25.6,28.30954083,36.2,34.24382329,16.2,10.85633705,22.0,26.59029884
18007,IN,Benton County,2000,2004.0,25.1,27.32636548,48.1,47.13418746,13.7,10.68779501,13.0,14.85165206
18009,IN,Blackford County,2000,2004.0,21.5,26.72764228,49.5,49.35636856,18.7,13.88888889,10.3,10.02710027
18011,IN,Boone County,2000,2004.0,22.8,25.69928658,37.8,28.20298829,11.7,6.555391035,27.6,39.5423341
18013,IN,Brown County,2000,2004.0,26.3,27.96289625,38.9,37.74315562,16.4,11.67146974,18.5,22.62247839
18015,IN,Carroll County,2000,2004.0,22.6,28.30960204,47.6,43.44651333,16.8,12.27455276,12.9,15.96933187
18017,IN,Cass County,2000,2004.0,24.3,26.00023239,45.5,42.9606104,18.2,17.06882528,12.0,13.97033193
18019,IN,Clark County,2000,2004.0,29.0,31.84126011,36.5,35.61253182,20.1,13.94970749,14.3,18.59650058
18021,IN,Clay County,2000,2004.0,23.9,29.77846188,45.6,44.16469683,17.7,12.81952614,12.8,13.23731516
18023,IN,Clinton County,2000,2004.0,19.6,24.65606492,50.3,46.08030593,19.9,15.84199972,10.1,13.42162944
18025,IN,Crawford County,2000,2004.0,17.0,20.4865382,45.2,48.17548175,29.4,18.8601886,8.4,12.47779144
18027,IN,Daviess County,2000,2004.0,22.2,24.43296881,39.9,39.98076144,28.2,23.83049818,9.7,11.75577157
18029,IN,Dearborn County,2000,2004.0,25.4,30.36095939,41.2,40.43873189,18.0,11.36309665,15.4,17.83721206
18031,IN,Decatur County,2000,2004.0,20.1,25.11280805,47.5,47.09591577,20.9,14.09232905,11.5,13.69894712
18033,IN,DeKalb County,2000,2004.0,26.4,30.52813603,45.9,42.03112616,15.3,11.13913106,12.4,16.30160674
18035,IN,Delaware County,2000,2004.0,24.0,27.48910729,37.2,36.26531677,18.4,14.04419126,20.4,22.20138468
18037,IN,Dubois County,2000,2004.0,21.3,24.93840197,44.4,41.72122492,19.8,13.84723689,14.5,19.49313622
18039,IN,Elkhart County,2000,2004.0,23.2,25.55292865,37.0,36.60101185,24.3,19.69644399,15.5,18.14961551
18041,IN,Fayette County,2000,2004.0,19.4,25.75447878,46.5,43.61548635,26.3,22.18347962,7.8,8.446555248
18043,IN,Floyd County,2000,2004.0,28.9,30.81802406,33.1,34.76552371,17.6,12.05194183,20.4,22.3645104
18045,IN,Fountain County,2000,2004.0,23.1,26.00556539,47.5,47.27211401,19.3,15.6168311,10.1,11.1054895
18047,IN,Franklin County,2000,2004.0,19.4,25.21290323,44.2,42.83870968,23.9,14.29677419,12.5,17.6516129
18049,IN,Fulton County,2000,2004.0,20.7,26.07312071,49.2,44.11286331,19.8,15.14037197,10.3,14.67364401
18051,IN,Gibson County,2000,2004.0,27.4,34.03783951,41.0,41.37976871,19.1,10.27072533,12.4,14.31166645
18053,IN,Grant County,2000,2004.0,23.2,25.92747253,41.9,41.41758242,20.8,15.40879121,14.1,17.24615385
18055,IN,Greene County,2000,2004.0,25.3,31.69519117,43.4,41.09727661,20.8,15.9223899,10.5,11.28514233
18057,IN,Hamilton County,2000,2004.0,25.6,25.10726948,19.8,16.4116664,5.8,3.445608726,48.9,55.03545539
18059,IN,Hancock County,2000,2004.0,28.2,30.28372901,37.4,36.35291342,12.2,7.94355444,22.2,25.41980313
18061,IN,Harrison County,2000,2004.0,26.2,29.81567678,41.0,42.53211692,19.7,13.12604729,13.1,14.526159
18063,IN,Hendricks County,2000,2004.0,28.2,30.23136516,37.2,31.52847571,11.5,6.230108878,23.1,32.01005025
18065,IN,Henry County,2000,2004.0,23.5,26.06257549,44.4,44.79496175,20.4,15.12911946,11.7,14.0133433
18067,IN,Howard County,2000,2004.0,27.3,31.0021871,38.0,37.58113447,16.7,11.69041908,18.1,19.72625935
18069,IN,Huntington County,2000,2004.0,24.1,30.21915584,46.7,42.05357143,15.0,11.8262987,14.2,15.90097403
18071,IN,Jackson County,2000,2004.0,21.7,25.67162096,46.7,45.85513921,20.2,14.9187077,11.5,13.55453213
18073,IN,Jasper County,2000,2004.0,23.0,28.90207988,46.4,44.42757224,17.6,12.19399963,13.0,14.47634824
18075,IN,Jay County,2000,2004.0,19.2,26.7704671,49.5,48.44658104,21.5,14.93865251,9.9,9.844299347
18077,IN,Jefferson County,2000,2004.0,24.5,27.74797084,40.2,38.67106892,19.0,16.62310267,16.4,16.95785757
18079,IN,Jennings County,2000,2004.0,20.9,29.86447241,46.9,46.37517479,23.8,14.81660751,8.4,8.943745294
18081,IN,Johnson County,2000,2004.0,26.4,30.02688583,36.2,34.9384686,14.3,9.111674572,23.1,25.92297099
18083,IN,Knox County,2000,2004.0,30.0,34.34420319,37.2,36.88005769,18.3,14.1695377,14.4,14.60620143
18085,IN,Kosciusko County,2000,2004.0,24.7,27.37598195,42.1,37.76638898,18.4,14.70209945,14.9,20.15552961
18087,IN,LaGrange County,2000,2004.0,17.5,20.77464789,33.9,30.57670346,39.8,37.71412257,8.9,10.93452608
18089,IN,Lake County,2000,2004.0,27.2,30.64515137,37.3,36.29460826,19.3,13.34434316,16.2,19.71589721
18091,IN,LaPorte County,2000,2004.0,25.6,29.87448901,41.0,39.76256089,19.4,13.58679327,14.0,16.77615683
18093,IN,Lawrence County,2000,2004.0,20.3,26.8125,46.3,43.271875,22.6,16.978125,10.7,12.9375
18095,IN,Madison County,2000,2004.0,25.7,29.11077213,40.0,40.86881421,19.9,12.98061824,14.4,17.03979541
18097,IN,Marion County,2000,2004.0,26.6,27.57398374,29.6,29.2783911,18.4,15.57381258,25.4,27.57381258
18099,IN,Marshall County,2000,2004.0,23.8,26.70354702,41.1,41.66937846,20.2,15.7728604,14.9,15.85421412
18101,IN,Martin County,2000,2004.0,23.1,29.29792344,42.3,41.67255262,25.8,17.79912417,8.8,11.23039977
18103,IN,Miami County,2000,2004.0,25.3,29.30720507,46.2,43.73317498,18.1,17.07046714,10.4,9.889152811
18105,IN,Monroe County,2000,2004.0,22.7,25.26612274,26.2,23.19796887,11.5,8.209142721,39.6,43.32676567
18107,IN,Montgomery County,2000,2004.0,24.1,24.65823583,46.9,44.45888981,14.3,13.31205925,14.7,17.57081511
18109,IN,Morgan County,2000,2004.0,23.1,31.25590585,45.0,40.42608023,19.3,12.7480457,12.6,15.56996822
18111,IN,Newton County,2000,2004.0,19.3,28.25932324,49.8,49.79168784,21.3,13.17955492,9.6,8.769434001
18113,IN,Noble County,2000,2004.0,22.6,28.40702211,43.7,41.46293888,22.7,17.48374512,11.1,12.64629389
18115,IN,Ohio County,2000,2004.0,22.1,24.64498397,44.7,47.84699954,21.6,14.3838754,11.6,13.12414109
18117,IN,Orange County,2000,2004.0,18.4,23.30832708,45.3,42.93323331,26.2,20.48012003,10.2,13.27831958
18119,IN,Owen County,2000,2004.0,22.3,25.30565632,43.4,46.39930136,25.1,18.23861346,9.2,10.05642886
18121,IN,Parke County,2000,2004.0,23.3,28.61622246,45.6,39.00486839,19.5,18.0377919,11.6,14.34111725
18123,IN,Perry County,2000,2004.0,19.7,25.45947133,45.5,46.34253496,25.2,18.00541847,9.6,10.19257524
18125,IN,Pike County,2000,2004.0,21.7,25.46824781,45.5,49.06350438,24.4,15.57131774,8.4,9.896930068
18127,IN,Porter County,2000,2004.0,27.7,31.1322045,38.0,35.35027491,11.7,8.268366296,22.6,25.24915429
18129,IN,Posey County,2000,2004.0,27.8,31.11426141,41.8,40.136093,15.6,9.186277289,14.8,19.5633683
18131,IN,Pulaski County,2000,2004.0,24.4,24.0897591,45.1,46.14453855,20.2,15.48784512,10.3,14.27785722
18133,IN,Putnam County,2000,2004.0,19.9,28.8110868,48.2,40.27473863,18.8,14.31639517,13.1,16.5977794
18135,IN,Randolph County,2000,2004.0,22.2,28.40609023,47.5,45.33962582,20.4,14.14124389,9.9,12.11304006
18137,IN,Ripley County,2000,2004.0,20.6,24.98022465,46.8,46.16358171,21.1,13.96403523,11.5,14.89215841
18139,IN,Rush County,2000,2004.0,18.4,24.0890861,50.9,49.1765509,20.4,12.85092585,10.3,13.88343715
18141,IN,St. Joseph County,2000,2004.0,26.3,29.12746963,32.5,32.18439924,17.6,12.20488804,23.6,26.48324309
18143,IN,Scott County,2000,2004.0,20.0,24.54277648,42.5,42.19344544,28.6,23.08825334,8.8,10.17552473
18145,IN,Shelby County,2000,2004.0,22.4,27.43557302,44.7,43.51734701,20.2,13.577945,12.7,15.46913498
18147,IN,Spencer County,2000,2004.0,25.4,26.75534833,42.8,44.64481624,18.8,13.39138782,13.0,15.20844761
18149,IN,Starke County,2000,2004.0,20.1,24.35767624,43.4,44.90570814,28.0,18.99126693,8.4,11.74534869
18151,IN,Steuben County,2000,2004.0,25.8,28.83946267,43.0,40.51090068,15.7,10.92270425,15.5,19.72693239
18153,IN,Sullivan County,2000,2004.0,27.0,29.72127985,44.4,42.1073638,19.2,14.82072773,9.4,13.35062862
18155,IN,Switzerland County,2000,2004.0,19.3,24.60396746,44.4,44.74097331,28.6,21.35007849,7.6,9.304980734
18157,IN,Tippecanoe County,2000,2004.0,24.1,26.41399664,30.5,28.44812084,12.2,9.43969028,33.2,35.69819224
18159,IN,Tipton County,2000,2004.0,22.9,30.18074445,48.4,43.08339298,16.3,11.09520401,12.4,15.64065855
18161,IN,Union County,2000,2004.0,23.3,28.24533545,45.6,38.92417626,20.1,14.60897181,11.1,18.22151647
18163,IN,Vanderburgh County,2000,2004.0,28.1,31.83999731,35.7,34.80117338,16.9,11.40847083,19.3,21.95035848
18165,IN,Vermillion County,2000,2004.0,24.8,29.25338765,45.2,44.27420069,18.8,12.56753166,11.2,13.90487999
18167,IN,Vigo County,2000,2004.0,24.8,30.25551348,34.8,34.64173194,19.0,13.75263751,21.4,21.35011706
18169,IN,Wabash County,2000,2004.0,22.0,26.25328619,46.0,43.50920134,18.3,14.21901913,13.7,16.01849334
18171,IN,Warren County,2000,2004.0,24.3,27.16342083,46.7,40.79593565,15.0,18.00169348,14.0,14.03895004
18173,IN,Warrick County,2000,2004.0,30.9,32.61788699,33.6,32.61788699,13.7,7.976024672,21.8,26.78820135
18175,IN,Washington County,2000,2004.0,20.8,24.07221134,44.1,44.70326645,24.8,19.66223728,10.2,11.56228493
18177,IN,Wayne County,2000,2004.0,24.9,26.87272962,39.5,38.90763708,21.9,17.12916192,13.7,17.09047138
18179,IN,Wells County,2000,2004.0,26.5,32.16064257,46.5,42.6184739,12.7,9.659973226,14.3,15.56091031
18181,IN,White County,2000,2004.0,24.0,29.44549539,47.7,44.58500828,17.9,11.22605817,10.5,14.74343817
18183,IN,Whitley County,2000,2004.0,27.5,32.280452,45.4,42.33917608,13.8,9.382507341,13.3,15.99786458
19000,IA,Iowa,2000,2004.0,28.8,32.24591024,36.1,33.11131296,13.9,9.318151457,21.2,25.32462534
19001,IA,Adair County,2000,2004.0,28.2,33.07692308,48.4,42.27106227,12.2,9.139194139,11.2,15.51282051
19003,IA,Adams County,2000,2004.0,31.1,33.68673051,41.4,41.17647059,15.5,9.165526676,12.0,15.97127223
19005,IA,Allamakee County,2000,2004.0,22.7,30.70315621,44.3,44.11705953,18.6,11.39632441,14.4,13.78345985
19007,IA,Appanoose County,2000,2004.0,28.1,30.67552602,41.2,39.67884828,18.6,12.84606866,12.2,16.79955703
19009,IA,Audubon County,2000,2004.0,25.5,31.07678328,44.8,41.77646524,17.5,11.19945479,12.3,15.94729668
19011,IA,Benton County,2000,2004.0,30.5,36.03568001,43.4,38.40117428,12.2,7.254558799,13.9,18.30858691
19013,IA,Black Hawk County,2000,2004.0,28.4,30.45097632,35.1,33.52953388,13.5,10.49713637,23.0,25.52235343
19015,IA,Boone County,2000,2004.0,32.0,36.57253599,38.2,35.3986711,11.0,7.80730897,18.8,20.22148394
19017,IA,Bremer County,2000,2004.0,28.5,30.73074975,37.6,35.46099291,12.3,6.332320162,21.5,27.47593718
19019,IA,Buchanan County,2000,2004.0,28.3,30.31949576,43.6,42.78055495,15.4,9.070491922,12.7,17.82945736
19021,IA,Buena Vista County,2000,2004.0,26.5,26.57781262,36.2,29.78439828,18.7,22.80674245,18.7,20.83104665
19023,IA,Butler County,2000,2004.0,28.3,31.00286533,41.4,43.38108883,17.8,10.12416428,12.4,15.49188157
19025,IA,Calhoun County,2000,2004.0,31.9,34.45008925,38.1,37.84154881,14.6,8.650281477,15.4,19.05808046
19027,IA,Carroll County,2000,2004.0,27.9,30.9609546,39.8,41.95438819,16.3,9.447151027,16.0,17.63750618
19029,IA,Cass County,2000,2004.0,28.8,31.42827827,40.4,44.57213216,14.1,7.52103427,16.6,16.4785553
19031,IA,Cedar County,2000,2004.0,29.6,31.90494741,41.9,40.0077912,12.3,8.359953253,16.3,19.72730814
19033,IA,Cerro Gordo County,2000,2004.0,33.7,39.40574298,33.3,31.51558074,12.7,8.07043523,20.3,21.00824105
19035,IA,Cherokee County,2000,2004.0,29.6,33.88333721,42.7,39.25168487,12.5,7.762026493,15.2,19.10295143
19037,IA,Chickasaw County,2000,2004.0,26.0,28.34627419,45.3,45.79904972,16.6,10.96303164,12.2,14.89164445
19039,IA,Clarke County,2000,2004.0,29.3,30.93843963,43.0,44.99129609,15.6,11.20430448,12.1,12.8659598
19041,IA,Clay County,2000,2004.0,34.9,36.79794521,36.8,37.44863014,12.0,7.080479452,16.3,18.67294521
19043,IA,Clayton County,2000,2004.0,24.2,28.31363278,45.6,47.73837667,17.4,8.565799842,12.8,15.3821907
19045,IA,Clinton County,2000,2004.0,29.7,34.81627062,41.5,37.33547734,14.4,10.52349473,14.4,17.32475731
19047,IA,Crawford County,2000,2004.0,23.4,26.13412229,42.8,38.46153846,21.5,22.32383002,12.4,13.08050923
19049,IA,Dallas County,2000,2004.0,30.1,29.58439707,32.7,22.5350169,10.5,5.789001587,26.8,42.09158444
19051,IA,Davis County,2000,2004.0,26.1,31.83953741,41.4,35.45355981,21.1,16.60643296,11.4,16.10046982
19053,IA,Decatur County,2000,2004.0,25.1,28.75929102,41.5,38.11701925,18.3,14.31294073,15.1,18.810749
19055,IA,Delaware County,2000,2004.0,24.8,30.08264463,47.2,44.81818182,14.9,9.917355372,13.0,15.18181818
19057,IA,Des Moines County,2000,2004.0,30.5,35.64342251,39.3,35.75445006,14.2,9.064861574,16.0,19.53726586
19059,IA,Dickinson County,2000,2004.0,32.6,35.14006825,35.3,31.21180859,10.8,6.555035315,21.3,27.09308785
19061,IA,Dubuque County,2000,2004.0,23.7,27.97378217,40.2,36.55122188,14.8,9.093704483,21.3,26.38129147
19063,IA,Emmet County,2000,2004.0,33.1,36.70390251,36.0,34.31016974,17.8,12.78108226,13.0,16.2048455
19065,IA,Fayette County,2000,2004.0,27.2,29.33740501,43.7,41.30388467,15.2,11.36993111,13.8,17.98877921
19067,IA,Floyd County,2000,2004.0,30.3,32.64451768,40.9,41.92571479,14.1,9.192126125,14.8,16.2376414
19069,IA,Franklin County,2000,2004.0,30.9,33.10465429,38.6,35.62012376,16.0,15.99408125,14.5,15.2811407
19071,IA,Fremont County,2000,2004.0,28.7,29.84615385,42.4,42.32692308,15.0,9.192307692,14.0,18.63461538
19073,IA,Greene County,2000,2004.0,28.7,35.94512195,42.3,34.64939024,14.4,12.42378049,14.6,16.98170732
19075,IA,Grundy County,2000,2004.0,31.0,36.07865818,38.3,35.38461538,13.5,7.275882013,17.2,21.26084442
19077,IA,Guthrie County,2000,2004.0,25.6,34.81947835,44.9,38.26288064,14.6,8.467172042,14.9,18.45046897
19079,IA,Hamilton County,2000,2004.0,29.4,34.87660048,40.4,37.86416775,12.7,10.56782334,17.5,16.69140842
19081,IA,Hancock County,2000,2004.0,31.8,35.45816733,38.6,38.60806773,14.2,9.885458167,15.4,16.04830677
19083,IA,Hardin County,2000,2004.0,31.5,37.3669328,37.0,35.70359281,14.3,8.499667332,17.1,18.42980705
19085,IA,Harrison County,2000,2004.0,28.2,33.1287148,44.1,41.03088765,15.0,9.100652831,12.7,16.73974471
19087,IA,Henry County,2000,2004.0,30.3,33.4826266,39.7,37.25348552,13.9,9.716102001,16.2,19.54778588
19089,IA,Howard County,2000,2004.0,23.7,33.04468842,43.0,42.58543374,20.7,12.06123396,12.6,12.30864388
19091,IA,Humboldt County,2000,2004.0,32.6,33.834916,38.4,38.96274653,13.7,10.0073046,15.4,17.19503287
19093,IA,Ida County,2000,2004.0,28.1,30.90689725,43.2,39.37261211,15.0,10.87874522,13.6,18.84174543
19095,IA,Iowa County,2000,2004.0,29.2,34.12200936,42.1,37.41502604,13.0,7.389423501,15.8,21.0735411
19097,IA,Jackson County,2000,2004.0,24.7,27.96744454,44.7,45.7144915,18.5,11.45923365,12.1,14.85883031
19099,IA,Jasper County,2000,2004.0,26.1,33.04468842,44.8,41.01206123,13.2,8.740528839,15.9,17.20272151
19101,IA,Jefferson County,2000,2004.0,25.4,30.23730544,31.4,33.82665646,11.9,5.851832951,31.2,30.08420515
19103,IA,Johnson County,2000,2004.0,26.3,26.51240918,19.8,17.43144353,6.3,4.856897315,47.6,51.19924998
19105,IA,Jones County,2000,2004.0,30.3,31.98880699,42.3,41.91236691,14.7,8.531258531,12.7,17.56756757
19107,IA,Keokuk County,2000,2004.0,26.1,32.22677596,46.3,43.49726776,16.0,11.31147541,11.6,12.96448087
19109,IA,Kossuth County,2000,2004.0,33.1,34.64105339,38.9,38.77164502,14.4,8.63997114,13.6,17.94733045
19111,IA,Lee County,2000,2004.0,28.3,32.35801034,42.7,41.78123372,16.4,10.99442863,12.5,14.86632731
19113,IA,Linn County,2000,2004.0,32.5,35.39954494,30.3,27.16675878,9.4,6.573309121,27.7,30.86038716
19115,IA,Louisa County,2000,2004.0,26.0,28.45570943,41.0,41.35092762,20.3,16.88006271,12.7,13.31330024
19117,IA,Lucas County,2000,2004.0,23.5,31.41420694,44.5,45.55627635,20.9,11.36879663,11.1,11.66072008
19119,IA,Lyon County,2000,2004.0,26.1,31.8438691,38.3,40.28124589,21.3,11.52582468,14.2,16.34906032
19121,IA,Madison County,2000,2004.0,32.2,30.56960214,41.0,42.56273256,12.4,5.676939223,14.4,21.19072608
19123,IA,Mahaska County,2000,2004.0,24.9,29.37983444,41.2,39.65938391,17.4,10.40168272,16.5,20.55909893
19125,IA,Marion County,2000,2004.0,24.5,31.89201661,40.6,35.94370097,16.0,7.974157822,18.9,24.1901246
19127,IA,Marshall County,2000,2004.0,28.0,32.01038576,37.2,34.0689911,17.7,15.46735905,17.0,18.45326409
19129,IA,Mills County,2000,2004.0,30.3,32.61208577,36.6,33.93762183,16.8,8.947368421,16.3,24.50292398
19131,IA,Mitchell County,2000,2004.0,27.1,33.7726967,44.5,42.40753194,15.6,9.038332213,12.8,14.78143914
19133,IA,Monona County,2000,2004.0,25.4,31.41739392,42.9,41.64911225,18.3,12.14264219,13.4,14.79085164
19135,IA,Monroe County,2000,2004.0,25.4,28.1888909,44.3,41.63198842,17.8,12.80984259,12.6,17.36927809
19137,IA,Montgomery County,2000,2004.0,28.3,36.0953761,40.7,34.56725069,18.2,13.58187327,12.9,15.75549993
19139,IA,Muscatine County,2000,2004.0,28.6,34.15214227,34.5,34.36867701,19.7,14.55752369,17.2,16.92165702
19141,IA,O'Brien County,2000,2004.0,27.0,32.14178732,39.0,38.99151273,19.3,9.266100849,14.7,19.6005991
19143,IA,Osceola County,2000,2004.0,30.0,32.27607773,37.6,40.56287693,18.9,13.89323208,13.4,13.26781327
19145,IA,Page County,2000,2004.0,29.6,32.76651982,39.3,38.29955947,14.5,11.13656388,16.6,17.79735683
19147,IA,Palo Alto County,2000,2004.0,34.8,37.83616692,35.0,36.24420402,16.3,10.94281298,13.9,14.97681607
19149,IA,Plymouth County,2000,2004.0,29.0,34.68953282,39.1,37.99526907,12.6,7.143701952,19.3,20.17149616
19151,IA,Pocahontas County,2000,2004.0,31.8,35.79988587,39.9,38.48202397,13.4,8.255659121,15.0,17.46243104
19153,IA,Polk County,2000,2004.0,29.1,31.35003331,29.5,25.83960646,11.7,8.480060676,29.7,34.33029955
19155,IA,Pottawattamie County,2000,2004.0,29.7,34.57161819,39.3,36.45251623,16.0,10.82082908,15.0,18.1550365
19157,IA,Poweshiek County,2000,2004.0,25.7,31.06922327,42.5,39.40526487,13.3,6.954826129,18.5,22.57068573
19159,IA,Ringgold County,2000,2004.0,25.0,31.58640227,44.4,37.8470255,17.2,11.24645892,13.4,19.32011331
19161,IA,Sac County,2000,2004.0,27.6,29.07887628,43.0,42.7471637,15.8,9.616423555,13.6,18.55753647
19163,IA,Scott County,2000,2004.0,30.7,34.11653538,30.7,27.37300224,13.7,7.709361172,24.9,30.80110121
19165,IA,Shelby County,2000,2004.0,25.3,32.90843176,45.9,40.88410712,13.4,9.145129225,15.3,17.06233189
19167,IA,Sioux County,2000,2004.0,26.9,30.64950614,33.6,34.52060261,19.6,11.70807144,19.8,23.12181981
19169,IA,Story County,2000,2004.0,27.7,28.73864911,21.3,18.93190526,6.5,4.605973372,44.5,47.72347226
19171,IA,Tama County,2000,2004.0,30.5,34.78985991,40.8,39.03435624,15.8,10.75717145,12.9,15.41861241
19173,IA,Taylor County,2000,2004.0,24.7,32.75128722,46.6,44.07880009,16.7,10.07387508,12.0,13.09603761
19175,IA,Union County,2000,2004.0,29.4,35.47209795,43.2,38.01506946,12.7,9.759830469,14.7,16.75300212
19177,IA,Van Buren County,2000,2004.0,24.6,31.8856928,46.3,43.22241023,17.3,11.2427148,11.8,13.64918218
19179,IA,Wapello County,2000,2004.0,27.1,30.97555881,39.9,37.28431168,18.5,16.31919783,14.6,15.42093169
19181,IA,Warren County,2000,2004.0,31.0,34.52408852,37.8,32.90702735,10.0,4.931534367,21.2,27.63734976
19183,IA,Washington County,2000,2004.0,27.0,31.77570093,39.1,36.44859813,17.5,11.77973509,16.4,19.99596584
19185,IA,Wayne County,2000,2004.0,25.9,30.40417802,45.9,44.48228883,16.1,12.23887375,12.1,12.8746594
19187,IA,Webster County,2000,2004.0,30.5,35.44288861,36.8,33.77517306,15.8,12.03587162,16.9,18.74606671
19189,IA,Winnebago County,2000,2004.0,32.8,36.15117521,38.0,34.3482906,12.7,9.802350427,16.5,19.69818376
19191,IA,Winneshiek County,2000,2004.0,26.3,28.5639413,37.3,37.61605271,15.9,7.262653489,20.5,26.5573525
19193,IA,Woodbury County,2000,2004.0,27.5,31.24649598,35.0,33.79742104,18.6,14.29950788,18.9,20.65657509
19195,IA,Worth County,2000,2004.0,33.7,39.16371103,39.6,34.31024827,14.0,10.04293448,12.7,16.48310622
19197,IA,Wright County,2000,2004.0,31.8,34.09903565,39.1,38.92079315,15.6,11.95145736,13.5,15.02871384
20000,KS,Kansas,2000,2004.0,30.4,31.91560319,29.8,27.81229751,14.0,10.2748032,25.8,29.99729609
20001,KS,Allen County,2000,2004.0,32.1,36.31696429,35.8,34.6875,16.9,11.61830357,15.2,17.37723214
20003,KS,Anderson County,2000,2004.0,27.9,29.71199417,42.3,41.12285818,18.1,11.55668976,11.7,17.60845789
20005,KS,Atchison County,2000,2004.0,25.1,24.94427755,41.5,43.64764028,15.3,10.25293149,18.0,21.15515069
20007,KS,Barber County,2000,2004.0,32.0,38.63898501,32.8,34.28489043,14.2,7.208765859,21.0,19.86735871
20009,KS,Barton County,2000,2004.0,34.2,36.10310512,31.4,30.90434499,17.7,14.60112023,16.6,18.39142966
20011,KS,Bourbon County,2000,2004.0,34.7,36.13275321,31.7,29.01952848,15.8,11.73732672,17.8,23.11039158
20013,KS,Brown County,2000,2004.0,26.5,33.82570162,39.1,40.05908419,15.4,10.11816839,19.0,15.99704579
20015,KS,Butler County,2000,2004.0,34.6,38.31130166,32.3,27.95760391,12.7,7.671787543,20.4,26.0593069
20017,KS,Chase County,2000,2004.0,27.8,30.90260071,39.7,37.63386028,12.9,10.3008669,19.6,21.16267211
20019,KS,Chautauqua County,2000,2004.0,27.9,31.93560464,40.8,36.65293897,19.0,13.8524897,12.3,17.55896668
20021,KS,Cherokee County,2000,2004.0,30.2,37.37214251,38.9,35.01750532,19.7,13.8532299,11.3,13.75712226
20023,KS,Cheyenne County,2000,2004.0,33.9,37.70571152,35.7,30.97773475,14.5,10.5517909,16.0,20.76476283
20025,KS,Clark County,2000,2004.0,37.8,37.5491481,27.6,28.96461337,12.6,9.895150721,22.1,23.59108781
20027,KS,Clay County,2000,2004.0,31.0,36.77658143,39.5,37.56729475,13.0,5.652759085,16.5,20.00336474
20029,KS,Cloud County,2000,2004.0,29.4,36.67290886,38.1,36.360799,14.5,11.34519351,18.0,15.62109863
20031,KS,Coffey County,2000,2004.0,26.2,35.29608565,40.6,37.15289394,13.1,7.795249247,20.1,19.75577116
20033,KS,Comanche County,2000,2004.0,39.0,34.08577878,37.2,31.82844244,8.7,10.00752445,15.1,24.07825433
20035,KS,Cowley County,2000,2004.0,36.1,38.02325086,31.1,29.96635864,14.6,12.5367287,18.3,19.4736618
20037,KS,Crawford County,2000,2004.0,30.0,31.76559674,30.7,30.49514114,15.5,11.40044592,23.9,26.3388162
20039,KS,Decatur County,2000,2004.0,31.0,33.7628866,40.0,37.28522337,13.6,7.517182131,15.4,21.4347079
20041,KS,Dickinson County,2000,2004.0,31.9,32.81936685,39.3,38.24208566,13.6,9.281191806,15.2,19.65735568
20043,KS,Doniphan County,2000,2004.0,28.6,32.97066252,36.7,37.40042743,19.8,10.49154847,14.8,19.13736157
20045,KS,Douglas County,2000,2004.0,27.4,25.86584267,22.3,20.69653663,7.6,5.001931248,42.7,48.43568946
20047,KS,Edwards County,2000,2004.0,32.6,31.34606428,32.3,29.71588263,18.8,16.20866325,16.3,22.72938985
20049,KS,Elk County,2000,2004.0,27.9,32.13270142,41.5,37.96208531,20.0,11.99052133,10.6,17.91469194
20051,KS,Ellis County,2000,2004.0,28.1,31.06650516,29.9,28.79390898,12.8,8.057910827,29.2,32.08167503
20053,KS,Ellsworth County,2000,2004.0,32.9,33.85826772,35.5,36.58225154,15.2,9.384975527,16.4,20.17450521
20055,KS,Finney County,2000,2004.0,28.3,27.14387634,24.9,25.36979786,32.6,28.19500595,14.3,19.29131986
20057,KS,Ford County,2000,2004.0,30.3,29.43621983,23.1,23.4992902,30.1,29.4260799,16.4,17.63841006
20059,KS,Franklin County,2000,2004.0,29.3,35.23160923,39.5,36.51147772,14.7,8.677273528,16.5,19.57963952
20061,KS,Geary County,2000,2004.0,38.9,42.79329021,30.0,28.39038755,14.0,8.897302414,17.1,19.91901982
20063,KS,Gove County,2000,2004.0,30.8,34.23831071,35.2,40.12066365,15.5,7.591754651,18.4,18.04927099
20065,KS,Graham County,2000,2004.0,32.1,33.84458078,34.1,36.29856851,16.4,7.975460123,17.4,21.88139059
20067,KS,Grant County,2000,2004.0,28.3,32.7970828,28.0,28.54997855,28.5,21.87902188,15.2,16.77391677
20069,KS,Gray County,2000,2004.0,31.5,27.17976319,25.8,29.68245425,26.4,22.73950484,16.3,20.39827772
20071,KS,Greeley County,2000,2004.0,37.0,39.75636766,29.3,31.11849391,16.3,10.96345515,17.4,18.16168328
20073,KS,Greenwood County,2000,2004.0,27.8,30.44397463,38.6,44.67230444,19.1,9.069767442,14.5,15.81395349
20075,KS,Hamilton County,2000,2004.0,29.0,35.56072051,30.3,28.29750145,23.3,22.2545032,17.4,13.88727484
20077,KS,Harper County,2000,2004.0,30.7,38.48550204,39.1,32.30289959,16.2,13.036185,14.0,16.17541337
20079,KS,Harvey County,2000,2004.0,32.2,32.65315136,30.1,31.16911797,14.7,10.49423612,23.0,25.68349455
20081,KS,Haskell County,2000,2004.0,31.9,27.74118559,25.4,28.86478109,25.2,27.04378148,17.5,16.35025184
20083,KS,Hodgeman County,2000,2004.0,36.6,39.81008035,30.7,26.66179693,13.1,10.44558072,19.7,23.082542
20085,KS,Jackson County,2000,2004.0,26.4,32.9753915,45.9,41.31991051,12.3,5.995525727,15.4,19.70917226
20087,KS,Jefferson County,2000,2004.0,28.4,29.87624326,42.5,39.43512262,11.1,7.850580822,17.9,22.8380533
20089,KS,Jewell County,2000,2004.0,34.3,39.19897742,39.5,35.19386451,12.4,8.138048573,13.8,17.4691095
20091,KS,Johnson County,2000,2004.0,29.6,28.05401733,17.5,16.10478855,5.1,4.274950277,47.7,51.56624385
20093,KS,Kearny County,2000,2004.0,33.1,35.77170418,27.7,26.40675241,24.2,22.90996785,15.0,14.91157556
20095,KS,Kingman County,2000,2004.0,33.2,37.0905764,33.7,31.38151876,15.3,11.52790485,17.8,20.0
20097,KS,Kiowa County,2000,2004.0,36.3,41.17647059,30.0,28.24694234,14.8,9.20209668,18.9,21.37449039
20099,KS,Labette County,2000,2004.0,35.3,40.10874111,31.9,30.25233515,17.0,10.62317022,15.9,19.01575352
20101,KS,Lane County,2000,2004.0,35.9,36.83319221,34.1,34.37764606,11.5,10.41490262,18.5,18.3742591
20103,KS,Leavenworth County,2000,2004.0,29.5,31.07649057,33.9,31.6075124,13.5,8.638866112,23.1,28.67713092
20105,KS,Lincoln County,2000,2004.0,32.0,40.55674518,35.6,31.82012848,15.0,8.394004283,17.4,19.22912206
20107,KS,Linn County,2000,2004.0,28.8,34.3164725,39.5,38.84382834,19.1,11.20778646,12.7,15.6319127
20109,KS,Logan County,2000,2004.0,30.5,39.57055215,38.7,35.12269939,13.3,8.282208589,17.5,17.02453988
20111,KS,Lyon County,2000,2004.0,27.0,30.21497405,31.9,32.74030146,18.2,12.96268841,23.0,24.08203608
20113,KS,McPherson County,2000,2004.0,31.6,32.86455971,32.1,30.28882504,14.1,12.19819547,22.2,24.64841978
20115,KS,Marion County,2000,2004.0,27.9,32.6076779,38.6,35.66245318,15.6,10.82631086,17.9,20.90355805
20117,KS,Marshall County,2000,2004.0,26.2,30.49120848,45.7,48.56265699,14.9,8.596148479,13.2,12.34998605
20119,KS,Meade County,2000,2004.0,32.2,29.57080095,28.5,33.62622508,19.7,13.61946604,19.6,23.18350794
20121,KS,Miami County,2000,2004.0,31.5,36.8149491,36.7,32.68721238,12.5,6.661088644,19.4,23.83674987
20123,KS,Mitchell County,2000,2004.0,35.1,37.58449752,36.2,32.875169,11.9,7.931500676,16.9,21.60883281
20125,KS,Montgomery County,2000,2004.0,35.0,36.51555403,30.2,32.8048676,18.8,12.67889279,16.0,18.00068558
20127,KS,Morris County,2000,2004.0,27.9,29.78974722,40.8,44.31845027,15.3,8.788093551,16.0,17.10370895
20129,KS,Morton County,2000,2004.0,29.7,33.42723005,34.5,29.38967136,18.1,18.16901408,17.6,19.01408451
20131,KS,Nemaha County,2000,2004.0,22.9,25.6122155,46.2,46.49956785,16.3,10.4292711,14.6,17.45894555
20133,KS,Neosho County,2000,2004.0,33.3,40.15179225,35.1,32.39758595,16.5,10.96378932,15.0,16.48683248
20135,KS,Ness County,2000,2004.0,30.1,33.22019516,36.5,38.35383963,15.6,9.376325838,17.9,19.04963937
20137,KS,Norton County,2000,2004.0,31.9,38.33695915,37.6,32.63234228,15.2,13.36717428,15.4,15.66352429
20139,KS,Osage County,2000,2004.0,28.9,30.92229094,42.3,38.97104957,14.5,10.01165188,14.3,20.09500762
20141,KS,Osborne County,2000,2004.0,29.0,32.13523132,40.3,36.47686833,15.2,12.45551601,15.5,18.93238434
20143,KS,Ottawa County,2000,2004.0,32.0,38.16379514,37.9,32.28699552,13.8,9.322633939,16.3,20.22657541
20145,KS,Pawnee County,2000,2004.0,33.2,38.1652516,29.8,28.72230275,15.2,9.857113274,21.8,23.25533237
20147,KS,Phillips County,2000,2004.0,31.4,36.92111959,36.8,35.26717557,15.6,9.287531807,16.1,18.52417303
20149,KS,Pottawatomie County,2000,2004.0,29.1,32.50733138,37.4,32.84457478,10.8,6.107038123,22.7,28.54105572
20151,KS,Pratt County,2000,2004.0,37.5,36.47828118,27.7,29.08298303,13.7,10.52467694,21.0,23.91405885
20153,KS,Rawlins County,2000,2004.0,34.2,40.82901554,34.5,30.67357513,15.3,7.512953368,15.9,20.98445596
20155,KS,Reno County,2000,2004.0,34.9,39.89727216,30.6,29.46252979,17.3,11.30700354,17.3,19.33319451
20157,KS,Republic County,2000,2004.0,32.4,39.74324686,41.4,35.19657662,11.4,5.402514041,14.9,19.65766248
20159,KS,Rice County,2000,2004.0,32.2,34.08365019,33.6,35.1026616,16.6,10.23574144,17.5,20.57794677
20161,KS,Riley County,2000,2004.0,30.9,30.6281509,22.5,19.37764385,6.2,4.60972359,40.5,45.38448166
20163,KS,Rooks County,2000,2004.0,30.3,33.54189336,41.5,37.75843308,12.9,8.51468988,15.4,20.18498368
20165,KS,Rush County,2000,2004.0,34.0,36.25922888,32.5,33.8802297,17.2,11.8949959,16.4,17.96554553
20167,KS,Russell County,2000,2004.0,30.6,37.07250342,35.8,34.59058042,16.9,8.891928865,16.7,19.4449873
20169,KS,Saline County,2000,2004.0,32.1,32.3991216,34.5,32.13011254,13.0,10.77408729,20.4,24.69667856
20171,KS,Scott County,2000,2004.0,32.7,32.90697674,28.9,28.13953488,15.5,14.04069767,23.0,24.9127907
20173,KS,Sedgwick County,2000,2004.0,30.4,32.84780543,29.3,27.12060983,14.9,11.57132462,25.4,28.46026011
20175,KS,Seward County,2000,2004.0,23.3,22.96175626,26.9,28.07384997,36.3,36.14149407,13.6,12.8228997
20177,KS,Shawnee County,2000,2004.0,28.4,30.36895599,33.6,31.50362028,11.9,9.500595635,26.0,28.62682809
20179,KS,Sheridan County,2000,2004.0,35.3,38.63508178,36.6,32.93852228,12.2,7.952622673,15.9,20.47377327
20181,KS,Sherman County,2000,2004.0,35.7,41.15717967,35.9,30.54579527,13.4,13.56289529,15.0,14.73412977
20183,KS,Smith County,2000,2004.0,29.9,35.23455957,38.0,37.42828215,15.4,12.68984138,16.7,14.64731691
20185,KS,Stafford County,2000,2004.0,35.4,36.34884478,29.1,30.78424992,17.1,12.10543443,18.4,20.76147088
20187,KS,Stanton County,2000,2004.0,30.1,33.55555556,31.0,21.77777778,22.0,26.37037037,16.9,18.2962963
20189,KS,Stevens County,2000,2004.0,30.9,31.51283452,32.0,35.93664664,19.5,17.55871109,17.5,14.99180776
20191,KS,Sumner County,2000,2004.0,32.9,35.60539247,37.8,36.60073075,13.7,8.624165302,15.7,19.16971148
20193,KS,Thomas County,2000,2004.0,37.4,39.87418831,30.3,22.84902597,7.3,10.24756494,25.0,27.02922078
20195,KS,Trego County,2000,2004.0,32.6,34.20801527,37.6,38.83587786,15.7,9.685114504,14.0,17.27099237
20197,KS,Wabaunsee County,2000,2004.0,27.1,32.06375492,45.5,44.09025047,10.1,4.388325398,17.3,19.45766922
20199,KS,Wallace County,2000,2004.0,30.1,31.06060606,36.7,35.89015152,16.0,10.03787879,17.2,23.01136364
20201,KS,Washington County,2000,2004.0,27.9,32.88493875,38.1,38.86620226,18.8,10.42517415,15.2,17.82368484
20203,KS,Wichita County,2000,2004.0,29.4,36.09271523,32.9,27.15231788,22.3,21.65562914,15.5,15.09933775
20205,KS,Wilson County,2000,2004.0,33.0,32.21653482,37.2,36.85435086,18.9,19.24926322,10.9,11.67985109
20207,KS,Woodson County,2000,2004.0,31.8,31.05717812,40.2,42.53393665,16.6,9.954751131,11.4,16.4541341
20209,KS,Wyandotte County,2000,2004.0,27.7,29.12679915,34.3,34.03050376,26.0,21.42419038,12.0,15.41850671
21000,KY,Kentucky,2000,2004.0,23.4,27.39779127,33.6,34.04228928,25.9,17.57904776,17.1,20.9808717
21001,KY,Adair County,2000,2004.0,18.0,22.93889428,31.1,34.35176204,39.9,27.65923052,10.9,15.05011316
21003,KY,Allen County,2000,2004.0,16.2,26.74808251,39.2,36.73393402,35.5,25.4970586,9.1,11.02092486
21005,KY,Anderson County,2000,2004.0,25.4,29.20035939,43.0,38.56520838,19.6,12.6408183,12.0,19.59361393
21007,KY,Ballard County,2000,2004.0,25.3,31.77172061,40.4,38.00681431,23.7,18.22827939,10.6,11.99318569
21009,KY,Barren County,2000,2004.0,18.0,23.58169572,40.4,41.63946948,30.5,21.23810846,11.1,13.54072634
21011,KY,Bath County,2000,2004.0,14.5,22.70653827,34.5,38.57070451,41.0,25.43081602,10.1,13.29194121
21013,KY,Bell County,2000,2004.0,14.5,20.65002784,33.2,35.6350934,43.4,32.98739432,9.0,10.72748443
21015,KY,Boone County,2000,2004.0,29.5,32.49167014,32.8,30.29076426,14.9,8.354591837,22.8,28.86297376
21017,KY,Bourbon County,2000,2004.0,23.2,26.56729505,38.7,40.5523893,24.6,16.90778898,13.5,15.97252667
21019,KY,Boyd County,2000,2004.0,28.6,32.53536762,35.3,37.33170135,22.0,14.19828641,14.1,15.93464462
21021,KY,Boyle County,2000,2004.0,23.0,26.55305399,34.3,34.57369189,23.4,15.1553054,19.3,23.71794872
21023,KY,Bracken County,2000,2004.0,19.5,22.74259358,40.6,40.03902785,30.4,22.33457513,9.5,14.88380344
21025,KY,Breathitt County,2000,2004.0,16.4,20.20339694,31.2,34.14762005,42.5,35.4267142,10.0,10.22226882
21027,KY,Breckinridge County,2000,2004.0,17.3,24.44460631,44.2,43.80508413,31.1,22.94413286,7.4,8.806176706
21029,KY,Bullitt County,2000,2004.0,25.7,30.52090239,41.1,41.07555395,24.0,15.91835915,9.2,12.48518452
21031,KY,Butler County,2000,2004.0,13.9,22.57695388,40.4,44.10115574,39.3,25.84963955,6.4,7.47225083
21033,KY,Caldwell County,2000,2004.0,21.9,25.23426304,41.2,42.23349135,26.9,15.97398302,10.0,16.5582626
21035,KY,Calloway County,2000,2004.0,23.6,25.89309577,30.3,32.20044543,22.1,13.79064588,24.0,28.11581292
21037,KY,Campbell County,2000,2004.0,25.5,27.72558444,34.8,32.4767651,19.2,12.27878523,20.5,27.51886523
21039,KY,Carlisle County,2000,2004.0,23.3,27.2318922,39.5,41.32509826,26.6,16.33913532,10.6,15.10387423
21041,KY,Carroll County,2000,2004.0,22.3,23.84217154,37.6,40.57646565,31.9,25.73107598,8.3,9.850286834
21043,KY,Carter County,2000,2004.0,18.2,24.83547308,37.3,40.66781746,35.6,25.24004747,8.9,9.256661992
21045,KY,Casey County,2000,2004.0,13.3,21.73873214,36.8,35.04030781,42.6,34.08757787,7.4,9.133382191
21047,KY,Christian County,2000,2004.0,31.4,34.97817109,33.4,35.19764012,22.8,15.579941,12.5,14.24424779
21049,KY,Clark County,2000,2004.0,23.2,27.23326572,36.3,34.77079108,25.0,19.663286,15.6,18.3326572
21051,KY,Clay County,2000,2004.0,12.5,15.05268774,29.0,39.60250767,50.6,37.90849673,8.0,7.436307856
21053,KY,Clinton County,2000,2004.0,13.9,22.37011593,31.6,34.63575211,46.5,35.12237012,8.0,7.871761843
21055,KY,Crittenden County,2000,2004.0,19.4,26.52406417,40.2,40.84033613,33.0,22.21543163,7.3,10.42016807
21057,KY,Cumberland County,2000,2004.0,12.5,20.22143305,36.4,37.41382912,44.0,30.1859202,7.1,12.17881763
21059,KY,Daviess County,2000,2004.0,26.1,28.94785617,37.6,39.8029161,19.3,12.21271469,17.0,19.03651304
21061,KY,Edmonson County,2000,2004.0,16.7,22.65549077,40.1,45.14091351,38.3,22.88629738,4.9,9.317298348
21063,KY,Elliott County,2000,2004.0,13.7,25.97667099,31.0,38.54841696,47.4,29.47602296,7.8,5.998889095
21065,KY,Estill County,2000,2004.0,14.3,19.14149752,37.3,45.11022628,41.5,28.29950471,6.9,7.448771487
21067,KY,Fayette County,2000,2004.0,27.8,28.06639576,22.4,20.70537666,14.2,11.33547906,35.6,39.89274853
21069,KY,Fleming County,2000,2004.0,19.7,26.21857363,37.9,38.80964597,33.5,21.9497178,8.8,13.0220626
21071,KY,Floyd County,2000,2004.0,21.7,24.99633753,29.9,34.15983006,38.7,28.94081453,9.7,11.90301787
21073,KY,Franklin County,2000,2004.0,23.5,25.58974511,31.4,33.29871517,21.2,13.66725023,23.8,27.44428949
21075,KY,Fulton County,2000,2004.0,19.1,25.10867315,39.0,41.31649762,30.5,21.23783896,11.5,12.33699027
21077,KY,Gallatin County,2000,2004.0,16.7,25.19541901,44.4,40.68351209,32.0,25.1772405,6.9,8.943828395
21079,KY,Garrard County,2000,2004.0,23.2,23.47899873,35.7,41.2303776,30.6,19.48239287,10.5,15.8082308
21081,KY,Grant County,2000,2004.0,18.8,29.13827145,44.2,42.11196739,27.6,16.78873957,9.4,11.96102159
21083,KY,Graves County,2000,2004.0,22.0,27.51914911,38.9,37.26634123,26.6,19.67297694,12.6,15.54153272
21085,KY,Grayson County,2000,2004.0,18.0,23.37788997,37.1,41.54666973,37.2,26.36681774,7.7,8.708622569
21087,KY,Green County,2000,2004.0,16.1,19.6929659,36.2,45.62728073,38.6,24.24814395,9.1,10.43160941
21089,KY,Greenup County,2000,2004.0,25.8,29.94827852,37.8,35.65693994,24.9,18.41516134,11.5,15.97962019
21091,KY,Hancock County,2000,2004.0,23.3,28.35535466,45.7,46.31432545,22.8,13.89082058,8.1,11.4394993
21093,KY,Hardin County,2000,2004.0,32.6,34.66674589,34.3,33.50960324,17.7,12.04527562,15.4,19.77837525
21095,KY,Harlan County,2000,2004.0,15.6,23.98221689,34.3,35.92587042,41.3,29.4170538,8.9,10.67485888
21097,KY,Harrison County,2000,2004.0,20.9,26.12285847,42.6,40.63127026,25.8,19.26994907,10.6,13.97592221
21099,KY,Hart County,2000,2004.0,16.1,20.24324545,35.1,41.87413272,41.8,29.51595788,7.0,8.366663946
21101,KY,Henderson County,2000,2004.0,26.7,29.65248766,37.8,38.08709963,21.7,15.64122041,13.8,16.6191923
21103,KY,Henry County,2000,2004.0,19.1,22.82173499,44.5,43.88941849,26.6,19.82840801,9.8,13.46043851
21105,KY,Hickman County,2000,2004.0,16.6,31.74149271,39.1,33.51444095,35.6,21.76150987,8.8,12.98255648
21107,KY,Hopkins County,2000,2004.0,22.4,29.72110576,38.3,37.87009481,28.7,18.13579603,10.6,14.27300341
21109,KY,Jackson County,2000,2004.0,12.8,17.92656587,33.4,40.70194384,47.1,34.62203024,6.8,6.749460043
21111,KY,Jefferson County,2000,2004.0,28.0,29.77935541,29.1,28.48212526,18.2,11.92531968,24.8,29.81319966
21113,KY,Jessamine County,2000,2004.0,25.2,28.21338831,32.3,29.31834289,20.9,15.03124799,21.5,27.43702081
21115,KY,Johnson County,2000,2004.0,19.4,23.49382716,35.1,38.91358025,36.2,27.79012346,9.3,9.802469136
21117,KY,Kenton County,2000,2004.0,26.7,29.2346535,32.6,30.79002902,17.9,11.89942345,22.9,28.07589403
21119,KY,Knott County,2000,2004.0,17.6,19.61028561,30.8,35.92846339,41.3,31.34620518,10.2,13.11504582
21121,KY,Knox County,2000,2004.0,12.8,16.92876089,32.6,40.35145889,45.9,33.13281546,8.8,9.586964759
21123,KY,Larue County,2000,2004.0,19.9,24.08268734,40.2,43.91731266,29.0,21.52971576,10.9,10.47028424
21125,KY,Laurel County,2000,2004.0,18.4,25.31419666,34.8,36.93444601,36.1,24.68580334,10.6,13.06555399
21127,KY,Lawrence County,2000,2004.0,18.5,22.61728851,33.0,39.19468046,41.8,28.40783155,6.6,9.780199483
21129,KY,Lee County,2000,2004.0,13.8,21.30219391,30.8,41.20665251,49.1,32.02406228,6.3,5.467091295
21131,KY,Leslie County,2000,2004.0,16.0,19.89329268,30.1,29.24288618,47.5,42.63211382,6.3,8.231707317
21133,KY,Letcher County,2000,2004.0,17.9,26.15321493,32.9,36.51016939,41.5,26.49317156,7.7,10.84344411
21135,KY,Lewis County,2000,2004.0,16.2,19.00981826,34.8,41.36202214,42.6,29.2563192,6.4,10.3718404
21137,KY,Lincoln County,2000,2004.0,15.4,20.92533542,40.8,46.80825462,35.4,23.92154503,8.4,8.34486493
21139,KY,Livingston County,2000,2004.0,25.1,27.57811354,40.8,41.92460026,25.7,19.27534106,8.4,11.22194514
21141,KY,Logan County,2000,2004.0,19.5,23.12040391,39.5,40.89013281,31.5,24.41554165,9.6,11.57392163
21143,KY,Lyon County,2000,2004.0,21.4,30.40337146,36.5,40.47260686,32.0,15.09632751,10.1,14.02769416
21145,KY,McCracken County,2000,2004.0,28.8,34.50907905,33.3,31.20582799,19.7,13.08687616,18.1,21.19821681
21147,KY,McCreary County,2000,2004.0,14.9,26.0235332,31.0,35.64635719,47.4,31.50386847,6.7,6.826241135
21149,KY,McLean County,2000,2004.0,23.6,29.19017844,38.6,39.40826598,29.2,20.90895226,8.7,10.49260332
21151,KY,Madison County,2000,2004.0,23.7,27.4151334,29.7,30.43868901,24.8,15.48497988,21.8,26.6611977
21153,KY,Magoffin County,2000,2004.0,15.6,20.50996548,28.2,35.29673756,49.9,34.55071818,6.3,9.642578777
21155,KY,Marion County,2000,2004.0,17.5,24.16517591,43.9,46.59361956,29.5,17.23315444,9.1,12.00805009
21157,KY,Marshall County,2000,2004.0,25.2,27.45861733,38.0,41.98017173,23.1,14.49499867,13.7,16.06621227
21159,KY,Martin County,2000,2004.0,15.3,25.0921273,29.7,34.85203797,46.0,30.89893914,9.0,9.156895589
21161,KY,Mason County,2000,2004.0,23.1,27.544201,35.8,38.16935961,26.7,20.01522714,14.4,14.27121225
21163,KY,Meade County,2000,2004.0,26.7,34.34522848,39.9,39.13020076,22.1,14.17191453,11.3,12.35265622
21165,KY,Menifee County,2000,2004.0,9.9,22.13077275,39.3,37.3571102,42.4,30.06401463,8.4,10.44810242
21167,KY,Mercer County,2000,2004.0,20.7,25.22198875,41.6,40.33755846,24.2,16.64746153,13.5,17.79299126
21169,KY,Metcalfe County,2000,2004.0,13.7,19.02424942,37.6,42.16224018,42.0,31.3221709,6.6,7.491339492
21171,KY,Monroe County,2000,2004.0,14.8,18.83674818,34.6,42.81559815,42.2,27.81229346,8.4,10.53536021
21173,KY,Montgomery County,2000,2004.0,17.8,23.95226356,39.3,38.45809054,29.5,22.18735993,13.4,15.40228597
21175,KY,Morgan County,2000,2004.0,15.9,18.84486096,32.7,39.6556993,43.6,30.70184374,7.7,10.79759601
21177,KY,Muhlenberg County,2000,2004.0,17.0,26.74874601,40.7,40.42407661,34.2,22.11126311,8.1,10.71591427
21179,KY,Nelson County,2000,2004.0,22.5,26.62294854,43.1,43.29828944,21.0,15.07581278,13.4,15.00294924
21181,KY,Nicholas County,2000,2004.0,17.8,26.53352354,37.6,37.51783167,37.1,23.39514979,7.5,12.55349501
21183,KY,Ohio County,2000,2004.0,18.1,24.8004949,41.4,42.86421281,33.0,23.02505413,7.4,9.310238169
21185,KY,Oldham County,2000,2004.0,29.3,29.31320338,26.5,23.14610129,13.5,8.247086013,30.6,39.29360932
21187,KY,Owen County,2000,2004.0,17.6,22.42375386,41.2,41.9454521,32.1,17.53325272,9.1,18.09754131
21189,KY,Owsley County,2000,2004.0,13.5,16.27158326,28.0,31.72373427,50.8,41.11793971,7.7,10.88674276
21191,KY,Pendleton County,2000,2004.0,16.2,24.3083808,46.9,46.17575264,27.2,17.68714402,9.7,11.82872254
21193,KY,Perry County,2000,2004.0,18.1,22.75718915,31.4,31.81956258,41.7,31.7436209,8.9,13.67962738
21195,KY,Pike County,2000,2004.0,17.5,23.19022734,34.3,36.03007651,38.2,28.37423651,9.9,12.40545964
21197,KY,Powell County,2000,2004.0,13.1,19.10752433,36.5,39.71042013,43.9,28.85117493,6.5,12.33088061
21199,KY,Pulaski County,2000,2004.0,20.3,25.88862559,34.8,38.56407218,34.4,21.52068903,10.5,14.0266132
21201,KY,Robertson County,2000,2004.0,15.8,20.39520113,36.4,43.89555399,39.1,25.40578687,8.7,10.30345801
21203,KY,Rockcastle County,2000,2004.0,12.5,23.14232273,37.0,39.69562999,42.3,26.84067335,8.3,10.32137392
21205,KY,Rowan County,2000,2004.0,20.0,20.49698574,29.0,32.03205411,29.1,23.54065579,21.9,23.93030437
21207,KY,Russell County,2000,2004.0,17.8,23.50688503,34.4,37.2036177,38.2,27.83345555,9.6,11.45604172
21209,KY,Scott County,2000,2004.0,26.9,29.574672,33.3,30.75118147,19.5,12.71357282,20.3,26.96057371
21211,KY,Shelby County,2000,2004.0,25.9,29.09327427,34.5,31.78286397,20.9,15.53633583,18.7,23.58752593
21213,KY,Simpson County,2000,2004.0,20.6,25.72535514,41.0,42.27292294,26.4,16.84890228,11.9,15.15281963
21215,KY,Spencer County,2000,2004.0,24.0,34.89741148,40.3,35.8237382,24.6,13.6351831,11.1,15.64366721
21217,KY,Taylor County,2000,2004.0,19.8,22.34379857,36.1,39.7078023,32.0,23.9104756,12.2,14.03792353
21219,KY,Todd County,2000,2004.0,17.6,25.39942131,36.7,42.43301044,36.5,22.90854195,9.2,9.259026293
21221,KY,Trigg County,2000,2004.0,23.4,31.5026622,36.7,34.9142181,27.9,16.7521199,12.0,16.8309998
21223,KY,Trimble County,2000,2004.0,22.2,26.46230323,40.9,41.85584093,29.3,16.81855841,7.6,14.86329743
21225,KY,Union County,2000,2004.0,23.1,32.56890612,42.9,39.5994832,23.1,17.65719208,10.9,10.1744186
21227,KY,Warren County,2000,2004.0,24.3,28.14186362,31.3,29.92670187,19.7,14.39413615,24.7,27.53729836
21229,KY,Washington County,2000,2004.0,17.0,21.49628491,38.5,44.52984883,31.2,20.02305919,13.3,13.95080707
21231,KY,Wayne County,2000,2004.0,14.8,22.30678752,35.8,39.05763509,42.2,30.10447658,7.2,8.53110081
21233,KY,Webster County,2000,2004.0,20.3,24.45231959,43.5,43.64261168,29.1,22.88445017,7.1,9.020618557
21235,KY,Whitley County,2000,2004.0,16.5,21.9673692,31.5,39.15263773,38.7,27.24715454,13.4,11.63283853
21237,KY,Wolfe County,2000,2004.0,12.3,15.04982713,30.8,36.58735001,46.4,37.07545251,10.6,11.28737035
21239,KY,Woodford County,2000,2004.0,27.3,27.43244032,29.5,31.15624818,17.4,11.34068756,25.9,30.07062394
22000,LA,Louisiana,2000,2004.0,23.7,26.46088934,32.4,34.29570744,25.2,17.81989445,18.7,21.42350877
22001,LA,Acadia Parish,2000,2004.0,17.2,22.31436689,38.0,38.7493921,35.3,29.020451,9.4,9.915790013
22003,LA,Allen Parish,2000,2004.0,16.0,23.39066614,38.0,41.14516219,36.8,25.85018769,9.3,9.613983977
22005,LA,Ascension Parish,2000,2004.0,23.4,28.09553925,41.7,36.9699822,20.4,11.64090421,14.5,23.29357434
22007,LA,Assumption Parish,2000,2004.0,15.1,20.20552344,36.9,40.68721901,40.6,30.14129737,7.4,8.96596018
22009,LA,Avoyelles Parish,2000,2004.0,14.5,22.14860725,37.0,37.97463846,40.2,30.28781079,8.3,9.588943506
22011,LA,Beauregard Parish,2000,2004.0,21.7,27.19466872,39.5,40.91161519,25.0,16.19035414,13.8,15.70336195
22013,LA,Bienville Parish,2000,2004.0,19.1,26.40921831,41.3,40.24706737,28.1,21.13567944,11.5,12.20803488
22015,LA,Bossier Parish,2000,2004.0,32.4,31.50048811,32.5,32.83554524,17.0,12.32948999,18.1,23.33447666
22017,LA,Caddo Parish,2000,2004.0,25.9,29.39112388,32.2,34.18607581,21.3,14.39505269,20.6,22.02774762
22019,LA,Calcasieu Parish,2000,2004.0,25.6,28.03025416,34.6,36.02115856,23.0,16.16162431,16.9,19.78696297
22021,LA,Caldwell Parish,2000,2004.0,18.0,22.94322132,38.6,40.20857474,34.6,25.7387022,8.8,11.10950174
22023,LA,Cameron Parish,2000,2004.0,17.4,22.4074475,42.8,44.33860143,31.9,19.0517428,7.9,14.20220827
22025,LA,Catahoula Parish,2000,2004.0,15.3,18.36070215,36.7,38.20781427,38.6,33.80520951,9.4,9.626274066
22027,LA,Claiborne Parish,2000,2004.0,18.1,22.69383614,35.2,39.43519067,34.3,25.26422592,12.4,12.60674727
22029,LA,Concordia Parish,2000,2004.0,20.6,23.23912725,34.5,38.12417631,35.4,26.83408991,9.6,11.80260653
22031,LA,De Soto Parish,2000,2004.0,19.4,27.0,40.6,39.16292135,29.7,22.20224719,10.2,11.63483146
22033,LA,East Baton Rouge Parish,2000,2004.0,26.7,28.20674394,26.4,26.00675567,16.1,12.05212562,30.8,33.73437477
22035,LA,East Carroll Parish,2000,2004.0,14.3,18.34510595,31.2,36.629667,42.1,34.36932392,12.3,10.65590313
22037,LA,East Feliciana Parish,2000,2004.0,19.9,22.92665726,39.5,43.02538787,29.3,21.04372355,11.3,13.00423131
22039,LA,Evangeline Parish,2000,2004.0,15.4,18.05186944,30.6,37.60767332,44.5,33.01671556,9.5,11.32374168
22041,LA,Franklin Parish,2000,2004.0,15.1,21.69612335,36.5,34.94799622,38.6,31.50047276,9.8,11.85540767
22043,LA,Grant Parish,2000,2004.0,21.7,26.9918267,41.6,41.29178018,26.9,20.68575985,9.8,11.03063326
22045,LA,Iberia Parish,2000,2004.0,17.2,22.57627847,38.5,40.32230339,33.1,23.85904598,11.2,13.24237215
22047,LA,Iberville Parish,2000,2004.0,17.2,23.23214444,38.9,39.11408089,34.3,25.298699,9.6,12.35507567
22049,LA,Jackson Parish,2000,2004.0,21.0,27.30883813,39.7,41.89762571,26.4,16.8186332,12.9,13.97490295
22051,LA,Jefferson Parish,2000,2004.0,27.8,28.47459802,30.0,31.6937916,20.7,16.62856004,21.5,23.20305033
22053,LA,Jefferson Davis Parish,2000,2004.0,18.3,24.11001658,41.2,41.81215254,30.6,22.05208232,9.9,12.02574856
22055,LA,Lafayette Parish,2000,2004.0,25.4,27.49554431,29.0,30.21529907,20.2,14.78077992,25.5,27.5083767
22057,LA,Lafourche Parish,2000,2004.0,16.0,19.17421986,38.0,39.45553308,33.7,26.36634436,12.4,15.0039027
22059,LA,La Salle Parish,2000,2004.0,18.8,23.38268906,38.5,44.43009043,31.5,18.54317798,11.2,13.64404253
22061,LA,Lincoln Parish,2000,2004.0,23.9,24.50791655,24.7,27.06557184,19.6,14.81161356,31.8,33.61489805
22063,LA,Livingston Parish,2000,2004.0,22.6,26.29539361,43.2,39.39190836,22.8,16.46478187,11.4,17.84791616
22065,LA,Madison Parish,2000,2004.0,18.7,22.77530236,33.7,40.42011458,36.6,25.25779758,11.0,11.54678549
22067,LA,Morehouse Parish,2000,2004.0,18.1,21.97034809,38.8,42.44198539,33.4,24.15126773,9.7,11.4363988
22069,LA,Natchitoches Parish,2000,2004.0,22.2,23.50728925,32.1,37.02936827,27.3,18.84217198,18.4,20.6211705
22071,LA,Orleans Parish,2000,2004.0,25.5,26.53924528,23.4,25.13846467,25.3,15.30736283,25.8,33.01492722
22073,LA,Ouachita Parish,2000,2004.0,25.9,27.71488643,30.0,33.41239345,21.4,16.06819194,22.7,22.80452818
22075,LA,Plaquemines Parish,2000,2004.0,23.7,27.53183748,34.2,36.74954518,31.3,19.48655751,10.8,16.23205983
22077,LA,Pointe Coupee Parish,2000,2004.0,17.3,23.89767322,39.1,42.72400051,30.9,18.84560998,12.8,14.53271629
22079,LA,Rapides Parish,2000,2004.0,24.3,29.23128872,33.8,34.6979647,25.4,17.79726142,16.5,18.27348517
22081,LA,Red River Parish,2000,2004.0,16.9,20.0270636,41.8,42.92963464,32.6,26.08254398,8.7,10.96075778
22083,LA,Richland Parish,2000,2004.0,16.9,22.31514085,32.1,39.34859155,38.1,25.96830986,12.8,12.36795775
22085,LA,Sabine Parish,2000,2004.0,18.8,25.81695332,40.9,41.92874693,29.2,19.85257985,11.1,12.4017199
22087,LA,St. Bernard Parish,2000,2004.0,26.2,28.34941284,37.9,41.21447592,26.9,18.99419391,8.9,11.44191732
22089,LA,St. Charles Parish,2000,2004.0,26.4,29.63740684,36.1,36.67928546,20.0,13.71998107,17.5,19.96332663
22091,LA,St. Helena Parish,2000,2004.0,16.8,27.05020053,39.5,41.32208547,32.5,21.22804591,11.2,10.3996681
22093,LA,St. James Parish,2000,2004.0,18.7,24.06136173,45.2,45.44690389,26.1,17.82011768,10.1,12.6716167
22095,LA,St. John the Baptist Parish,2000,2004.0,25.0,30.14210144,38.9,37.19185423,23.1,17.55004668,12.9,15.11599765
22097,LA,St. Landry Parish,2000,2004.0,18.0,20.14782934,33.3,42.29603293,38.0,24.37687126,10.7,13.17926647
22099,LA,St. Martin Parish,2000,2004.0,16.5,19.52223077,37.8,43.07619442,37.1,24.53377538,8.5,12.86779942
22101,LA,St. Mary Parish,2000,2004.0,18.2,22.22033707,38.3,39.44689515,34.1,27.66089809,9.4,10.6718697
22103,LA,St. Tammany Parish,2000,2004.0,29.0,31.04308852,26.5,27.76242742,16.1,11.23242844,28.3,29.96205562
22105,LA,Tangipahoa Parish,2000,2004.0,21.0,25.98192516,34.3,34.88285805,28.5,19.80812043,16.3,19.32709636
22107,LA,Tensas Parish,2000,2004.0,16.9,24.06940946,31.5,40.83403303,36.8,24.62916317,14.8,10.46739435
22109,LA,Terrebonne Parish,2000,2004.0,19.0,21.00752069,35.8,40.00532191,32.9,25.1740123,12.3,13.81314511
22111,LA,Union Parish,2000,2004.0,19.8,24.85560387,40.1,42.63092998,28.3,19.44318256,11.8,13.0702836
22113,LA,Vermilion Parish,2000,2004.0,16.9,19.68615122,38.0,44.42905099,34.4,23.41343848,10.7,12.4713593
22115,LA,Vernon Parish,2000,2004.0,30.2,30.47241255,36.4,37.40287841,19.9,14.2772842,13.5,17.84742484
22117,LA,Washington Parish,2000,2004.0,17.1,24.58577619,40.2,42.33367321,31.8,21.94430283,10.9,11.13624777
22119,LA,Webster Parish,2000,2004.0,22.3,23.55958958,35.9,40.65437325,29.2,22.17478654,12.6,13.61125063
22121,LA,West Baton Rouge Parish,2000,2004.0,21.7,26.57365347,40.6,40.37637897,26.6,16.46982479,11.1,16.58014276
22123,LA,West Carroll Parish,2000,2004.0,15.2,20.82262211,34.8,43.14910026,40.5,26.33676093,9.5,9.69151671
22125,LA,West Feliciana Parish,2000,2004.0,18.7,19.63905678,24.0,33.50642717,46.7,28.15186856,10.6,18.70264748
22127,LA,Winn Parish,2000,2004.0,16.0,20.64888384,40.0,41.44911086,34.6,25.93643587,9.4,11.96556943
23000,ME,Maine,2000,2004.0,26.3,29.06200992,36.2,34.20965158,14.6,9.404830901,22.9,27.3235076
23001,ME,Androscoggin County,2000,2004.0,25.3,30.29783762,40.2,38.75968992,20.2,12.36774106,14.4,18.5747314
23003,ME,Aroostook County,2000,2004.0,23.8,29.43258981,38.5,38.63535238,23.1,15.44369426,14.6,16.48836354
23005,ME,Cumberland County,2000,2004.0,27.7,28.06062352,28.2,25.29283002,9.9,6.415214523,34.2,40.23133193
23007,ME,Franklin County,2000,2004.0,23.3,29.26052657,41.0,38.32335329,14.8,9.718657922,20.9,22.69746222
23009,ME,Hancock County,2000,2004.0,26.2,27.55925115,34.4,31.69438359,12.2,8.549093806,27.1,32.19727146
23011,ME,Kennebec County,2000,2004.0,26.9,30.52694067,37.7,36.45866071,14.8,8.851020242,20.7,24.16337838
23013,ME,Knox County,2000,2004.0,24.8,26.45577748,36.4,35.64838284,12.5,8.756632532,26.2,29.13920714
23015,ME,Lincoln County,2000,2004.0,26.2,29.37379204,35.1,31.70854271,12.1,7.340548898,26.6,31.57711635
23017,ME,Oxford County,2000,2004.0,23.6,26.05123248,43.0,44.57950701,17.6,11.14548091,15.7,18.2237796
23019,ME,Penobscot County,2000,2004.0,27.0,30.84561241,38.4,36.12077967,14.3,9.643423444,20.3,23.39018448
23021,ME,Piscataquis County,2000,2004.0,23.3,29.44635357,43.7,41.81748759,19.7,12.53150057,13.3,16.20465827
23023,ME,Sagadahoc County,2000,2004.0,27.2,28.21605976,35.8,33.25771502,12.0,7.243712598,25.0,31.28251261
23025,ME,Somerset County,2000,2004.0,23.7,29.37167598,45.3,42.97244568,19.2,12.86313708,11.8,14.79274127
23027,ME,Waldo County,2000,2004.0,23.4,26.36176587,38.8,37.56271884,15.4,9.634335632,22.3,26.44117966
23029,ME,Washington County,2000,2004.0,23.4,28.74580537,41.9,39.01845638,20.1,13.04110738,14.7,19.19463087
23031,ME,York County,2000,2004.0,28.7,29.87935867,35.0,32.83279509,13.5,8.725156848,22.9,28.56268939
24000,MD,Maryland,2000,2004.0,25.7,26.13224018,26.7,26.02228689,16.2,11.50434988,31.4,36.34112305
24001,MD,Allegany County,2000,2004.0,23.4,27.91471578,42.4,42.83364934,20.1,13.10219402,14.1,16.14944085
24003,MD,Anne Arundel County,2000,2004.0,27.9,28.50326152,27.9,25.25324782,13.6,9.439236968,30.6,36.80425369
24005,MD,Baltimore County,2000,2004.0,26.2,26.89272766,27.6,27.50171797,15.7,10.30289111,30.6,35.30266326
24009,MD,Calvert County,2000,2004.0,30.0,30.19609855,34.4,32.62040314,13.1,7.715716948,22.5,29.46778137
24011,MD,Caroline County,2000,2004.0,20.9,27.01491172,42.0,41.27252767,25.0,17.3909066,12.1,14.32165401
24013,MD,Carroll County,2000,2004.0,27.2,27.4211274,33.3,31.78670669,14.7,8.905388622,24.8,31.88677728
24015,MD,Cecil County,2000,2004.0,26.8,28.77597738,37.9,36.89722758,18.8,13.05414666,16.4,21.27264838
24017,MD,Charles County,2000,2004.0,32.5,34.11608283,33.4,30.83816663,14.2,8.436106284,20.0,26.60964426
24019,MD,Dorchester County,2000,2004.0,20.2,26.77942519,42.1,38.66255055,25.8,16.62246185,12.0,17.93556242
24021,MD,Frederick County,2000,2004.0,27.0,28.24131274,30.1,26.07850708,12.9,8.207207207,30.0,37.47297297
24023,MD,Garrett County,2000,2004.0,21.8,24.12648746,43.6,42.7392974,20.8,15.04290523,13.8,18.09130991
24025,MD,Harford County,2000,2004.0,31.2,31.12422161,28.2,29.28336254,13.3,8.135917974,27.3,31.45649788
24027,MD,Howard County,2000,2004.0,23.9,21.07941443,16.2,14.53711621,6.9,4.917217256,52.9,59.46625211
24029,MD,Kent County,2000,2004.0,21.2,23.34517045,35.9,32.98295455,21.2,12.94744318,21.7,30.72443182
24031,MD,Montgomery County,2000,2004.0,21.3,20.00766887,14.5,14.12974774,9.7,8.959100345,54.6,56.90348305
24033,MD,Prince George's County,2000,2004.0,30.5,28.73655284,27.3,27.27978131,15.1,14.4472117,27.2,29.53645415
24035,MD,Queen Anne's County,2000,2004.0,28.5,28.61161525,30.2,31.1615245,15.8,8.980641258,25.4,31.246219
24037,MD,St. Mary's County,2000,2004.0,27.8,29.88087998,35.0,31.67583925,14.7,10.03842103,22.6,28.40485974
24039,MD,Somerset County,2000,2004.0,21.1,23.39551801,36.8,41.03602018,30.5,20.23348586,11.6,15.33497595
24041,MD,Talbot County,2000,2004.0,25.9,28.23824003,30.7,28.80343409,15.6,10.4310499,27.8,32.52727598
24043,MD,Washington County,2000,2004.0,24.3,28.4658186,38.9,37.71455536,22.2,15.15994573,14.6,18.65968031
24045,MD,Wicomico County,2000,2004.0,24.4,26.87122866,34.4,31.93766851,19.3,14.52368725,21.9,26.66741559
24047,MD,Worcester County,2000,2004.0,25.9,29.73305096,34.1,32.60386436,18.3,10.30146155,21.6,27.36162313
24510,MD,Baltimore city,2000,2004.0,21.1,23.78688452,28.2,29.73409427,31.6,20.3787764,19.1,26.1002448
25000,MA,Massachusetts,2000,2004.0,24.3,24.27048267,27.3,25.89960631,15.2,10.85754757,33.2,38.97236345
25001,MA,Barnstable County,2000,2004.0,31.0,30.33748256,27.2,24.58096474,8.2,5.168558494,33.6,39.91299421
25003,MA,Berkshire County,2000,2004.0,25.0,27.78488016,34.1,33.45723709,14.9,8.971563014,26.0,29.78631974
25005,MA,Bristol County,2000,2004.0,23.7,26.21888195,29.6,29.85676551,26.8,18.68378109,19.9,25.24057144
25007,MA,Dukes County,2000,2004.0,28.8,27.89477931,23.2,24.15879932,9.6,7.786653756,38.4,40.15976761
25009,MA,Essex County,2000,2004.0,25.3,25.83961253,28.1,26.46109526,15.4,11.25151725,31.3,36.44777496
25011,MA,Franklin County,2000,2004.0,27.6,30.03892105,31.2,28.82481653,12.0,8.241194354,29.1,32.89506806
25013,MA,Hampden County,2000,2004.0,26.1,28.14081214,32.6,31.40894011,20.8,16.29413479,20.5,24.15611296
25015,MA,Hampshire County,2000,2004.0,25.6,25.70317789,25.8,24.78201998,10.6,7.08204255,37.9,42.43275958
25017,MA,Middlesex County,2000,2004.0,21.5,19.87046602,23.4,21.88599247,11.5,8.055016975,43.6,50.18852453
25019,MA,Nantucket County,2000,2004.0,25.4,26.13667302,27.8,23.46855432,8.4,6.779199564,38.4,43.6155731
25021,MA,Norfolk County,2000,2004.0,24.1,23.12623719,24.2,22.12725485,8.7,6.438315578,42.9,48.30819239
25023,MA,Plymouth County,2000,2004.0,29.1,28.5899056,30.7,30.25942169,12.4,8.172749573,27.8,32.97792314
25025,MA,Suffolk County,2000,2004.0,19.9,19.44372464,25.7,24.22166054,21.9,16.68295066,32.5,39.65166415
25027,MA,Worcester County,2000,2004.0,26.4,26.91939413,30.2,28.38573602,16.5,10.92178328,26.9,33.77308658
26000,MI,Michigan,2000,2004.0,30.3,32.43298378,31.3,30.72591263,16.6,11.3159056,21.8,25.525198
26001,MI,Alcona County,2000,2004.0,27.0,32.76643991,41.9,40.29478458,20.3,13.78684807,10.9,13.15192744
26003,MI,Alger County,2000,2004.0,24.5,25.25419071,42.3,44.88870569,18.5,12.87441605,14.7,16.98268755
26005,MI,Allegan County,2000,2004.0,27.4,31.07492121,39.1,39.05398277,17.7,9.93764456,15.8,19.93345146
26007,MI,Alpena County,2000,2004.0,34.3,38.36826769,35.7,34.20434251,16.9,11.4014475,13.2,16.02594229
26009,MI,Antrim County,2000,2004.0,28.1,30.90877578,37.1,35.15512161,15.4,10.06990583,19.4,23.86619678
26011,MI,Arenac County,2000,2004.0,25.5,29.59235886,42.2,42.38444482,23.2,17.02200239,9.1,11.00119393
26013,MI,Baraga County,2000,2004.0,30.7,25.23897626,39.0,44.83502929,19.4,18.34720937,10.9,11.57878508
26015,MI,Barry County,2000,2004.0,32.8,34.67436272,39.3,38.92535982,13.2,9.056902916,14.7,17.34337454
26017,MI,Bay County,2000,2004.0,31.3,34.70769643,37.0,35.23866988,17.6,11.40922499,14.2,18.64440869
26019,MI,Benzie County,2000,2004.0,29.0,31.90298507,36.4,34.31281095,14.6,9.654850746,20.0,24.12935323
26021,MI,Berrien County,2000,2004.0,30.4,32.18560773,31.9,30.88283465,18.1,12.74602476,19.6,24.18553285
26023,MI,Branch County,2000,2004.0,28.5,32.2297475,40.8,40.95870594,20.0,13.04905313,10.6,13.76249342
26025,MI,Calhoun County,2000,2004.0,31.6,34.82065997,35.6,34.88135967,16.8,11.40381856,16.0,18.89416179
26027,MI,Cass County,2000,2004.0,30.7,32.80383884,37.6,37.52792256,19.6,12.81542153,12.1,16.85281708
26029,MI,Charlevoix County,2000,2004.0,31.0,33.28504748,35.1,32.90949085,14.0,8.391008101,19.8,25.41445357
26031,MI,Cheboygan County,2000,2004.0,27.3,31.40638032,40.6,39.87698082,18.1,12.16117598,13.9,16.55546289
26033,MI,Chippewa County,2000,2004.0,31.5,33.89792899,35.9,37.61094675,17.6,10.83949704,15.0,17.65162722
26035,MI,Clare County,2000,2004.0,26.9,33.14011412,40.4,39.83334843,23.9,15.93605652,8.8,11.09048093
26037,MI,Clinton County,2000,2004.0,35.1,35.65994519,32.9,29.27318091,10.8,7.262055708,21.2,27.80481819
26039,MI,Crawford County,2000,2004.0,30.2,31.77525518,37.6,37.77544596,19.2,15.21511018,12.9,15.23418869
26041,MI,Delta County,2000,2004.0,33.2,34.85394608,35.8,38.97274161,13.9,8.275137043,17.1,17.89817526
26043,MI,Dickinson County,2000,2004.0,27.7,32.38302157,44.4,42.54676488,11.2,6.120502358,16.7,18.9497112
26045,MI,Eaton County,2000,2004.0,37.4,39.55618753,30.4,29.05563379,10.5,6.467137915,21.7,24.92104076
26047,MI,Emmet County,2000,2004.0,31.5,33.49470103,31.3,28.75397968,11.0,6.655327315,26.2,31.09599198
26049,MI,Genesee County,2000,2004.0,33.5,35.97676784,33.4,33.88473549,16.9,11.17505211,16.2,18.96344456
26051,MI,Gladwin County,2000,2004.0,27.5,32.99543573,41.6,40.34072816,21.7,15.03025157,9.2,11.63358455
26053,MI,Gogebic County,2000,2004.0,31.2,36.5354844,38.5,36.52733643,14.5,8.188706918,15.8,18.74847226
26055,MI,Grand Traverse County,2000,2004.0,35.3,35.2638732,27.9,28.42101816,10.7,6.746246172,26.1,29.56886247
26057,MI,Gratiot County,2000,2004.0,28.4,32.79059089,42.1,41.22841098,16.5,12.58432522,12.9,13.39667291
26059,MI,Hillsdale County,2000,2004.0,28.1,30.59247578,43.0,41.02275287,16.9,13.5873588,12.0,14.79741254
26061,MI,Houghton County,2000,2004.0,25.6,27.94097109,36.0,35.03095759,15.4,9.329174619,23.0,27.6988967
26063,MI,Huron County,2000,2004.0,24.5,27.96342477,42.9,44.02743142,21.7,13.91521197,10.9,14.09393184
26065,MI,Ingham County,2000,2004.0,31.8,32.78685583,23.4,22.55131824,11.9,8.868845399,33.0,35.79298053
26067,MI,Ionia County,2000,2004.0,32.3,35.04862619,40.4,37.94731376,16.6,13.2447361,10.8,13.75932395
26069,MI,Iosco County,2000,2004.0,26.4,32.43875165,40.2,40.1291044,22.1,13.55087933,11.3,13.88126461
26071,MI,Iron County,2000,2004.0,25.5,28.57298594,45.6,43.03935463,15.2,10.70533086,13.7,17.68232857
26073,MI,Isabella County,2000,2004.0,28.3,31.079629,33.9,33.62176224,13.9,10.07804547,23.9,25.22056328
26075,MI,Jackson County,2000,2004.0,35.1,35.6725308,32.9,34.61680313,15.8,11.19532345,16.3,18.51534263
26077,MI,Kalamazoo County,2000,2004.0,31.7,33.52314818,25.9,25.13285966,11.2,7.623084405,31.2,33.72090776
26079,MI,Kalkaska County,2000,2004.0,25.6,31.76054018,44.6,43.11594203,20.0,13.52931489,9.7,11.5942029
26081,MI,Kent County,2000,2004.0,30.5,31.28044646,28.3,26.88885412,15.4,10.94481823,25.8,30.88588119
26083,MI,Keweenaw County,2000,2004.0,27.4,32.91962175,37.2,34.86997636,16.3,8.628841608,19.1,23.58156028
26085,MI,Lake County,2000,2004.0,24.6,31.01720014,39.8,41.59927099,27.8,19.15935756,7.8,8.224171318
26087,MI,Lapeer County,2000,2004.0,33.3,35.38793103,38.5,37.64257294,15.5,10.20059682,12.7,16.7688992
26089,MI,Leelanau County,2000,2004.0,32.9,31.35567169,26.5,23.93482939,9.3,5.705502613,31.4,39.00399631
26091,MI,Lenawee County,2000,2004.0,28.7,33.05445559,38.5,36.41140918,16.6,11.11441927,16.3,19.41971596
26093,MI,Livingston County,2000,2004.0,34.9,35.10365864,28.3,27.07684277,8.6,6.056404652,28.2,31.76309394
26095,MI,Luce County,2000,2004.0,26.3,28.20152549,37.4,43.09514251,24.5,14.87354476,11.8,13.82978723
26097,MI,Mackinac County,2000,2004.0,26.3,30.73654391,41.3,39.0108593,17.5,11.5911237,14.9,18.66147309
26099,MI,Macomb County,2000,2004.0,32.6,34.33315989,32.8,31.44570045,17.1,12.02575082,17.6,22.19538885
26101,MI,Manistee County,2000,2004.0,27.8,32.83041642,39.5,37.31826411,18.6,12.1413288,14.2,17.70999067
26103,MI,Marquette County,2000,2004.0,29.4,31.13842289,35.3,33.53592895,11.5,6.921144703,23.7,28.40450345
26105,MI,Mason County,2000,2004.0,31.3,34.92935636,35.5,34.27197802,17.3,11.44525118,15.9,19.35341444
26107,MI,Mecosta County,2000,2004.0,28.2,31.61391783,36.5,36.26498919,16.2,10.64281502,19.1,21.47827796
26109,MI,Menominee County,2000,2004.0,26.1,32.60720412,46.4,43.20182962,16.5,10.41166381,11.0,13.77930246
26111,MI,Midland County,2000,2004.0,29.7,31.6631736,30.0,28.70235516,11.0,7.648040922,29.3,31.98643032
26113,MI,Missaukee County,2000,2004.0,25.8,30.46928578,42.6,42.89213285,21.4,13.10865093,10.2,13.52993044
26115,MI,Monroe County,2000,2004.0,31.5,34.05931328,37.3,37.44321173,16.9,10.91407179,14.3,17.5834032
26117,MI,Montcalm County,2000,2004.0,30.4,33.7366414,39.9,39.86629631,18.8,13.55868368,10.8,12.83837861
26119,MI,Montmorency County,2000,2004.0,24.9,32.02165588,41.8,41.56873102,25.2,15.89858709,8.2,10.51102601
26121,MI,Muskegon County,2000,2004.0,33.7,35.81504011,35.5,35.06832408,16.9,12.35651944,13.9,16.76011637
26123,MI,Newaygo County,2000,2004.0,26.9,31.41267939,40.4,40.61952614,21.3,14.72911097,11.4,13.23868351
26125,MI,Oakland County,2000,2004.0,29.0,29.10032703,22.1,20.77266837,10.7,7.391007234,38.2,42.73599737
26127,MI,Oceana County,2000,2004.0,27.8,32.45997895,39.4,35.78352628,20.2,17.01656234,12.6,14.73993242
26129,MI,Ogemaw County,2000,2004.0,25.6,30.95087764,39.9,42.85263291,25.0,15.3617881,9.6,10.83470135
26131,MI,Ontonagon County,2000,2004.0,27.3,32.11963589,43.5,40.85082668,16.2,10.36596693,13.0,16.6635705
26133,MI,Osceola County,2000,2004.0,25.4,30.69045674,43.8,42.90381353,19.5,13.32537538,11.3,13.08035434
26135,MI,Oscoda County,2000,2004.0,25.2,30.45931964,40.5,41.8560903,26.3,18.07493338,8.0,9.609656686
26137,MI,Otsego County,2000,2004.0,31.7,33.3670314,36.4,38.21360609,14.5,9.556374881,17.4,18.86298763
26139,MI,Ottawa County,2000,2004.0,29.6,30.47720539,31.1,30.90654856,13.4,9.293400928,26.0,29.32284512
26141,MI,Presque Isle County,2000,2004.0,27.2,31.32425384,38.4,38.86796098,23.0,13.88969381,11.5,15.91809137
26143,MI,Roscommon County,2000,2004.0,29.3,33.31243142,39.2,37.54506976,20.5,14.64179338,10.9,14.50070544
26145,MI,Saginaw County,2000,2004.0,29.5,33.03134571,36.2,35.04669717,18.4,13.16897947,15.9,18.75297765
26147,MI,St. Clair County,2000,2004.0,33.1,36.32608344,37.2,36.61344493,17.2,11.51960344,12.6,15.54086819
26149,MI,St. Joseph County,2000,2004.0,27.5,30.49682222,38.3,39.7284665,21.4,15.46108762,12.7,14.31362366
26151,MI,Sanilac County,2000,2004.0,25.8,29.31574164,43.9,44.71744472,20.3,14.23715122,10.0,11.72966241
26153,MI,Schoolcraft County,2000,2004.0,24.2,28.64908074,43.9,48.00959233,20.6,11.04716227,11.3,12.29416467
26155,MI,Shiawassee County,2000,2004.0,32.2,36.82603201,38.4,38.59941028,15.6,10.1179444,13.7,14.45661331
26157,MI,Tuscola County,2000,2004.0,28.8,32.01487846,41.8,40.52546102,18.8,14.63222967,10.6,12.82743085
26159,MI,Van Buren County,2000,2004.0,28.6,32.44803468,35.9,33.98482908,21.1,15.18274062,14.3,18.38439563
26161,MI,Washtenaw County,2000,2004.0,26.3,26.95446575,17.1,16.06336741,8.5,6.132480227,48.1,50.84968661
26163,MI,Wayne County,2000,2004.0,29.1,31.97232909,30.6,31.02542607,23.0,16.18464609,17.2,20.81759875
26165,MI,Wexford County,2000,2004.0,27.9,32.71178844,38.7,39.35006723,18.0,12.04840879,15.3,15.88973554
27000,MN,Minnesota,2000,2004.0,31.7,32.54891728,28.8,27.1096615,12.1,8.106952933,27.4,32.23446828
27001,MN,Aitkin County,2000,2004.0,29.5,33.73339734,39.6,41.19859177,19.6,10.50568091,11.3,14.56232997
27003,MN,Anoka County,2000,2004.0,37.3,37.21222594,32.4,29.93307367,9.0,6.694004059,21.3,26.16069633
27005,MN,Becker County,2000,2004.0,31.6,35.50375134,34.7,33.10557342,17.1,10.10628796,16.7,21.28438728
27007,MN,Beltrami County,2000,2004.0,31.3,34.6663214,28.6,27.00873039,16.6,10.29150636,23.5,28.03344185
27009,MN,Benton County,2000,2004.0,32.9,36.1100008,34.8,34.0634743,15.1,9.577104485,17.2,20.24942042
27011,MN,Big Stone County,2000,2004.0,27.5,31.98127925,40.2,42.45969839,21.0,10.11440458,11.4,15.44461778
27013,MN,Blue Earth County,2000,2004.0,32.9,34.53037181,28.1,28.70460441,12.3,5.993298746,26.6,30.77172503
27015,MN,Brown County,2000,2004.0,26.7,31.28333144,38.5,39.17508226,18.3,10.02496312,16.5,19.51662317
27017,MN,Carlton County,2000,2004.0,32.0,35.74851526,37.4,33.71697727,15.7,8.666803195,14.9,21.86770428
27019,MN,Carver County,2000,2004.0,30.4,29.72517166,26.6,22.06714967,8.6,4.732485501,34.3,43.47519317
27021,MN,Cass County,2000,2004.0,30.9,34.63412258,36.5,36.0664523,16.1,9.568352334,16.6,19.73107279
27023,MN,Chippewa County,2000,2004.0,30.3,36.46893647,37.6,33.94173394,18.4,12.62431262,13.7,16.96501697
27025,MN,Chisago County,2000,2004.0,36.3,37.4414324,37.1,36.46251673,11.3,7.142458724,15.3,18.95359215
27027,MN,Clay County,2000,2004.0,33.8,33.56885446,28.2,29.51959366,13.3,6.622967566,24.7,30.28858432
27029,MN,Clearwater County,2000,2004.0,26.3,32.58238063,35.3,38.23133826,23.6,15.13113652,14.7,14.05514459
27031,MN,Cook County,2000,2004.0,31.3,28.49023968,28.5,28.58907833,11.3,6.622189276,28.8,36.29849271
27033,MN,Cottonwood County,2000,2004.0,28.9,30.07948336,37.2,37.25782414,19.6,14.35668157,14.2,18.30601093
27035,MN,Crow Wing County,2000,2004.0,34.3,38.72423719,33.6,31.34830167,13.7,7.926309729,18.4,22.00115141
27037,MN,Dakota County,2000,2004.0,34.8,33.72521934,23.5,22.50296002,6.8,5.341692219,34.9,38.43012842
27039,MN,Dodge County,2000,2004.0,33.7,36.16308076,35.9,33.54381041,13.3,8.309946991,17.1,21.98316183
27041,MN,Douglas County,2000,2004.0,35.2,37.88158567,33.1,30.95116489,14.4,7.610104899,17.3,23.55714454
27043,MN,Faribault County,2000,2004.0,29.0,33.58108108,40.8,39.34362934,16.4,10.43436293,13.8,16.64092664
27045,MN,Fillmore County,2000,2004.0,29.7,32.42531365,36.9,37.20801275,18.3,11.90129618,15.1,18.46537742
27047,MN,Freeborn County,2000,2004.0,30.7,35.36119945,37.7,38.12358019,18.8,12.23534757,12.8,14.27987279
27049,MN,Goodhue County,2000,2004.0,31.1,35.99887416,36.5,32.89654741,13.3,8.597072805,19.1,22.50750563
27051,MN,Grant County,2000,2004.0,32.5,37.58064516,35.4,33.82488479,16.5,10.23041475,15.7,18.3640553
27053,MN,Hennepin County,2000,2004.0,30.4,28.14741285,21.2,18.61427728,9.4,7.780733155,39.1,45.45757671
27055,MN,Houston County,2000,2004.0,30.3,33.31095195,34.7,34.84034617,14.5,8.616830797,20.5,23.23187108
27057,MN,Hubbard County,2000,2004.0,31.5,35.93707621,34.4,33.82153512,13.9,8.245185788,20.2,21.99620287
27059,MN,Isanti County,2000,2004.0,33.7,35.81452835,38.4,39.15158281,13.4,8.169205008,14.5,16.86468384
27061,MN,Itasca County,2000,2004.0,34.7,38.10919522,33.3,33.90290293,14.4,7.199650775,17.6,20.78825107
27063,MN,Jackson County,2000,2004.0,31.9,37.34342739,38.0,36.37990365,15.9,8.960770819,14.2,17.31589814
27065,MN,Kanabec County,2000,2004.0,28.0,33.13056511,42.2,39.61914837,19.4,13.62073526,10.5,13.62955127
27067,MN,Kandiyohi County,2000,2004.0,34.0,36.88542112,31.1,30.52942853,16.5,11.17642867,18.3,21.40872168
27069,MN,Kittson County,2000,2004.0,30.4,33.84099909,34.5,34.78525739,20.3,10.7219007,14.8,20.65184283
27071,MN,Koochiching County,2000,2004.0,29.4,34.76821192,37.5,36.95157285,18.1,10.81332781,15.1,17.46688742
27073,MN,Lac qui Parle County,2000,2004.0,30.2,34.58801498,37.7,38.74531835,19.2,9.812734082,13.0,16.85393258
27075,MN,Lake County,2000,2004.0,29.4,35.54682705,37.5,37.1547809,13.6,7.14373389,19.5,20.15465816
27077,MN,Lake of the Woods County,2000,2004.0,30.0,35.54518173,37.4,39.94664888,15.4,9.703234411,17.2,14.80493498
27079,MN,Le Sueur County,2000,2004.0,29.4,32.11077446,38.3,36.74586722,15.4,9.22234625,16.9,21.92101207
27081,MN,Lincoln County,2000,2004.0,27.2,30.45121663,38.5,43.70422868,20.2,8.362863218,14.1,17.48169147
27083,MN,Lyon County,2000,2004.0,28.7,30.74012035,32.5,33.76760345,17.4,9.436069235,21.4,26.05620696
27085,MN,McLeod County,2000,2004.0,32.0,36.66206224,37.3,36.42642399,15.3,8.954253677,15.4,17.9572601
27087,MN,Mahnomen County,2000,2004.0,28.6,33.22571177,34.1,37.59906076,25.0,15.35074846,12.4,13.82447901
27089,MN,Marshall County,2000,2004.0,30.2,32.46190618,37.0,37.39169405,20.9,13.11622348,12.0,17.03017628
27091,MN,Martin County,2000,2004.0,29.7,32.05310574,37.9,37.91912213,16.3,11.6439748,16.1,18.38379733
27093,MN,Meeker County,2000,2004.0,29.4,34.33780704,38.3,39.25677387,18.5,9.774626488,13.9,16.63079261
27095,MN,Mille Lacs County,2000,2004.0,28.8,35.69675173,40.4,37.88319918,18.7,11.85134441,12.2,14.56870469
27097,MN,Morrison County,2000,2004.0,28.3,32.74367592,38.7,39.554219,20.3,11.92729524,12.6,15.77480984
27099,MN,Mower County,2000,2004.0,32.3,37.21164267,35.3,33.68555504,17.7,12.93543892,14.7,16.16736337
27101,MN,Murray County,2000,2004.0,29.4,33.46581876,37.8,39.74562798,20.9,10.47694754,11.9,16.31160572
27103,MN,Nicollet County,2000,2004.0,33.1,33.32676001,27.7,27.04594754,9.9,6.532242161,29.3,33.09505029
27105,MN,Nobles County,2000,2004.0,28.0,31.11544574,34.3,33.4922699,24.2,21.02297356,13.5,14.36931079
27107,MN,Norman County,2000,2004.0,32.0,34.21052632,34.9,39.45279866,20.0,12.25981621,13.1,14.07685881
27109,MN,Olmsted County,2000,2004.0,32.4,31.86214862,24.0,21.72128612,8.9,5.973766164,34.7,40.4427991
27111,MN,Otter Tail County,2000,2004.0,31.1,34.962461,33.2,33.02944618,18.6,9.891770671,17.2,22.11632215
27113,MN,Pennington County,2000,2004.0,35.4,39.96165726,31.0,32.72979018,18.7,11.27915646,14.9,16.0293961
27115,MN,Pine County,2000,2004.0,27.8,31.95460158,40.9,41.89856587,21.0,12.73625226,10.3,13.4105803
27117,MN,Pipestone County,2000,2004.0,27.6,32.86327406,36.0,35.91354997,22.4,14.73022685,13.9,16.49294911
27119,MN,Polk County,2000,2004.0,32.7,35.23704309,31.7,30.57783755,18.0,11.33099573,17.6,22.85412364
27121,MN,Pope County,2000,2004.0,33.6,34.96415545,33.5,37.20286756,18.2,8.715884794,14.7,19.11709219
27123,MN,Ramsey County,2000,2004.0,28.0,27.59148874,25.3,23.10957501,12.4,10.142388,34.3,39.15654825
27125,MN,Red Lake County,2000,2004.0,29.8,34.08689509,38.2,39.38537619,21.2,12.15118333,10.7,14.37654539
27127,MN,Redwood County,2000,2004.0,29.7,32.73591807,37.0,39.20080468,19.8,12.26225311,13.4,15.80102414
27129,MN,Renville County,2000,2004.0,30.3,33.49722298,37.9,39.72502959,19.1,11.56332514,12.6,15.21442229
27131,MN,Rice County,2000,2004.0,29.9,29.95733724,33.0,32.22426981,14.8,9.883119178,22.4,27.93527377
27133,MN,Rock County,2000,2004.0,30.5,32.53085479,35.7,39.44842298,18.5,9.736401036,15.4,18.28432119
27135,MN,Roseau County,2000,2004.0,29.9,32.42550769,37.7,40.70032264,17.5,9.878534826,14.9,16.99563485
27137,MN,St. Louis County,2000,2004.0,33.5,36.97893951,31.8,29.96740022,12.8,7.190431485,21.9,25.86322878
27139,MN,Scott County,2000,2004.0,33.2,32.55038019,28.4,24.44361166,9.0,5.535474668,29.4,37.47053348
27141,MN,Sherburne County,2000,2004.0,38.0,41.16447748,32.5,27.39246536,10.1,7.087182448,19.4,24.35587471
27143,MN,Sibley County,2000,2004.0,27.5,32.48912518,40.1,41.11164814,20.8,12.1701305,11.6,14.22909618
27145,MN,Stearns County,2000,2004.0,30.9,35.38952551,33.4,31.1653087,13.8,9.247963052,22.0,24.19720274
27147,MN,Steele County,2000,2004.0,30.5,32.38275777,35.9,34.64106157,13.4,8.18841177,20.1,24.78776889
27149,MN,Stevens County,2000,2004.0,29.7,33.04347826,34.1,31.64535379,15.6,8.729752771,20.6,26.58141517
27151,MN,Swift County,2000,2004.0,31.2,31.61595867,35.1,40.3272101,19.6,12.18427095,14.0,15.87256028
27153,MN,Todd County,2000,2004.0,28.1,35.73352487,41.2,37.57706351,20.7,13.76069911,10.0,12.92871252
27155,MN,Traverse County,2000,2004.0,31.9,36.05677023,39.6,37.66781741,17.8,10.28001534,10.7,15.99539701
27157,MN,Wabasha County,2000,2004.0,31.2,33.81610417,37.5,39.25724156,14.4,7.792984321,16.9,19.13366994
27159,MN,Wadena County,2000,2004.0,29.2,38.2974229,36.9,37.05111956,20.5,11.22729193,13.4,13.42416561
27161,MN,Waseca County,2000,2004.0,30.1,35.77579695,38.5,37.89847409,15.2,7.440701012,16.2,18.88502795
27163,MN,Washington County,2000,2004.0,34.1,32.46925152,26.0,23.30170874,6.0,4.149619365,33.9,40.07942037
27165,MN,Watonwan County,2000,2004.0,23.3,29.90286164,39.0,39.6298241,24.1,15.1614597,13.7,15.30585456
27167,MN,Wilkin County,2000,2004.0,38.0,43.42857143,32.5,30.06593407,15.5,9.956043956,14.0,16.54945055
27169,MN,Winona County,2000,2004.0,30.6,32.56004725,30.2,31.19175745,16.0,10.05709411,23.2,26.19110119
27171,MN,Wright County,2000,2004.0,33.4,35.39322295,36.8,31.87082433,11.9,6.420894429,17.9,26.31505829
27173,MN,Yellow Medicine County,2000,2004.0,32.2,34.02090592,35.4,38.41114983,18.1,10.41114983,14.4,17.15679443
28000,MS,Mississippi,2000,2004.0,26.6,30.6374941,29.4,30.41028449,27.1,18.97788224,16.9,19.97433917
28001,MS,Adams County,2000,2004.0,24.2,27.79010921,31.7,34.12945041,26.6,20.47855811,17.5,17.60188227
28003,MS,Alcorn County,2000,2004.0,21.5,26.33833834,34.8,35.18318318,31.9,21.35735736,11.7,17.12112112
28005,MS,Amite County,2000,2004.0,22.2,28.03013517,35.6,36.4170175,32.8,24.75072014,9.4,10.80212719
28007,MS,Attala County,2000,2004.0,21.9,26.71528268,29.8,28.44036697,36.6,26.94268015,11.6,17.9016702
28009,MS,Benton County,2000,2004.0,18.8,28.29268293,32.2,36.06271777,41.2,24.16376307,7.8,11.48083624
28011,MS,Bolivar County,2000,2004.0,22.1,26.8586486,24.3,25.87521174,34.7,26.85394316,18.8,20.4121965
28013,MS,Calhoun County,2000,2004.0,19.6,25.22839072,34.6,33.11916474,35.6,31.63337014,10.2,10.01907439
28015,MS,Carroll County,2000,2004.0,21.0,25.37698682,34.7,38.16057601,33.4,22.85015623,10.9,13.61228094
28017,MS,Chickasaw County,2000,2004.0,19.5,23.55896351,30.4,37.82830954,40.6,26.99629825,9.5,11.6164287
28019,MS,Choctaw County,2000,2004.0,21.2,31.77827509,32.7,34.98020313,34.9,20.69202961,11.2,12.54949217
28021,MS,Claiborne County,2000,2004.0,27.4,33.53720693,25.3,33.63914373,28.4,16.2928984,18.9,16.53075093
28023,MS,Clarke County,2000,2004.0,22.3,30.33857638,36.8,38.55860659,31.2,20.96329868,9.6,10.13951835
28025,MS,Clay County,2000,2004.0,22.3,29.66013654,31.7,32.36123479,31.4,20.81478183,14.6,17.16384684
28027,MS,Coahoma County,2000,2004.0,24.5,30.22705469,21.5,26.65174288,37.8,25.77550368,16.2,17.34569875
28029,MS,Copiah County,2000,2004.0,27.6,31.92793561,30.2,35.24332392,30.7,19.52987581,11.6,13.29886467
28031,MS,Covington County,2000,2004.0,23.9,26.50906225,31.9,38.34515366,32.8,21.18991332,11.4,13.95587076
28033,MS,DeSoto County,2000,2004.0,33.2,36.39920585,34.1,30.85371168,18.4,11.53842429,14.3,21.20865818
28035,MS,Forrest County,2000,2004.0,28.6,29.67764852,27.9,27.069088,20.7,16.54604387,22.8,26.70721961
28037,MS,Franklin County,2000,2004.0,23.2,30.1681138,33.8,37.76094587,32.5,21.55920931,10.5,10.51173102
28039,MS,George County,2000,2004.0,21.9,28.31163464,38.7,45.50526968,30.2,15.4301853,9.1,10.75291038
28041,MS,Greene County,2000,2004.0,21.4,26.91724765,38.0,39.01182176,32.6,26.22006669,8.0,7.850863898
28043,MS,Grenada County,2000,2004.0,22.7,30.53291536,27.6,30.04528039,36.2,23.44827586,13.5,15.97352839
28045,MS,Hancock County,2000,2004.0,31.3,31.5606707,29.3,31.42176803,22.1,13.9994047,17.3,23.01815656
28047,MS,Harrison County,2000,2004.0,33.5,36.18197174,28.4,28.25268751,19.7,14.53674776,18.4,21.02859298
28049,MS,Hinds County,2000,2004.0,31.3,32.07934337,21.9,25.14140271,19.6,15.37606545,27.2,27.40318847
28051,MS,Holmes County,2000,2004.0,21.9,24.86735055,26.7,32.53448886,40.3,30.80120269,11.2,11.79695791
28053,MS,Humphreys County,2000,2004.0,20.5,25.78272027,21.6,28.00684346,46.3,34.8502994,11.6,11.36013687
28055,MS,Issaquena County,2000,2004.0,20.5,15.83710407,31.2,36.10859729,41.2,41.71945701,7.1,6.334841629
28057,MS,Itawamba County,2000,2004.0,25.6,29.84252479,31.5,31.65705398,34.1,25.07938565,8.8,13.42103558
28059,MS,Jackson County,2000,2004.0,32.4,34.15821013,32.1,32.49059575,19.0,14.16652086,16.5,19.18467326
28061,MS,Jasper County,2000,2004.0,22.4,28.25327511,34.5,33.26637555,33.3,24.73362445,9.8,13.74672489
28063,MS,Jefferson County,2000,2004.0,20.9,18.50009946,28.1,39.38730853,40.3,21.18559777,10.6,20.92699423
28065,MS,Jefferson Davis County,2000,2004.0,21.2,27.66714083,34.9,35.77524893,33.6,22.26173542,10.4,14.29587482
28067,MS,Jones County,2000,2004.0,27.6,33.586394,32.2,28.13533046,26.1,21.64238652,14.0,16.63588902
28069,MS,Kemper County,2000,2004.0,21.9,29.18872514,28.3,35.77049649,39.5,24.61010159,10.3,10.43067678
28071,MS,Lafayette County,2000,2004.0,24.7,27.22962733,22.7,20.41347686,21.5,13.2009482,31.1,39.15594762
28073,MS,Lamar County,2000,2004.0,29.2,33.01450524,27.0,24.35444492,17.0,10.72238977,26.8,31.90866006
28075,MS,Lauderdale County,2000,2004.0,30.6,35.3620749,28.1,28.73455491,25.1,17.09957538,16.2,18.80379481
28077,MS,Lawrence County,2000,2004.0,26.8,31.4964315,34.2,36.92523693,27.1,18.24031824,12.0,13.33801334
28079,MS,Leake County,2000,2004.0,20.7,28.2311487,31.8,35.26427061,35.9,25.96899225,11.6,10.53558844
28081,MS,Lee County,2000,2004.0,28.4,33.3938967,28.2,28.21387519,25.3,16.96577552,18.1,21.42645259
28083,MS,Leflore County,2000,2004.0,20.4,23.45280213,25.7,29.17499872,38.1,29.95436599,15.9,17.41783315
28085,MS,Lincoln County,2000,2004.0,28.0,29.96103839,31.6,34.53136628,28.0,18.98612266,12.4,16.52147266
28087,MS,Lowndes County,2000,2004.0,25.2,30.39398149,29.8,30.37301109,24.5,19.13287373,20.5,20.10013369
28089,MS,Madison County,2000,2004.0,26.8,26.17810399,18.3,17.64801403,17.0,10.51281219,37.9,45.66106979
28091,MS,Marion County,2000,2004.0,21.6,26.61217075,33.4,36.5633515,33.5,23.66030881,11.5,13.16416894
28093,MS,Marshall County,2000,2004.0,19.4,24.08347205,32.5,36.28760505,39.0,28.89854249,9.0,10.73038041
28095,MS,Monroe County,2000,2004.0,22.2,26.77800637,32.4,37.18181451,34.5,23.13122756,10.9,12.90895155
28097,MS,Montgomery County,2000,2004.0,19.1,27.19611484,32.0,33.08098843,37.9,26.43908013,11.0,13.2838166
28099,MS,Neshoba County,2000,2004.0,24.6,34.08380911,31.7,31.12679091,32.3,22.79974146,11.4,11.98965852
28101,MS,Newton County,2000,2004.0,27.4,36.78324667,33.4,33.03654106,27.1,16.91003633,12.1,13.27017594
28103,MS,Noxubee County,2000,2004.0,16.9,22.55864703,30.6,30.76923077,41.6,35.52918712,10.9,11.14293508
28105,MS,Oktibbeha County,2000,2004.0,23.4,25.02498334,21.7,18.50849434,20.0,13.32028648,34.8,43.14623584
28107,MS,Panola County,2000,2004.0,23.1,28.61928474,29.5,30.66545948,36.5,25.79900407,10.8,14.9162517
28109,MS,Pearl River County,2000,2004.0,29.5,33.59288399,31.2,34.19309487,25.4,17.73325763,13.9,14.48076351
28111,MS,Perry County,2000,2004.0,26.2,32.52343365,38.1,40.28120375,28.0,19.79526394,7.7,7.400098668
28113,MS,Pike County,2000,2004.0,25.7,31.48549323,32.0,31.47001934,29.7,21.27659574,12.5,15.76789168
28115,MS,Pontotoc County,2000,2004.0,21.5,27.58727536,33.8,35.62280521,33.3,24.92770089,11.4,11.86221855
28117,MS,Prentiss County,2000,2004.0,23.6,27.25079901,31.3,34.49918591,35.1,26.77440753,9.9,11.47560755
28119,MS,Quitman County,2000,2004.0,19.5,29.86311934,25.0,25.31328321,44.9,33.0055909,10.6,11.81800655
28121,MS,Rankin County,2000,2004.0,30.6,32.63162331,27.4,27.76706599,18.2,11.37908146,23.8,28.22222925
28123,MS,Scott County,2000,2004.0,21.4,25.99515793,32.0,36.59140814,38.0,27.66736107,8.6,9.746072856
28125,MS,Sharkey County,2000,2004.0,19.2,21.34464752,28.8,32.27806789,39.4,27.31723238,12.6,19.06005222
28127,MS,Simpson County,2000,2004.0,22.6,27.61097705,35.3,36.21415343,31.2,22.13928952,10.9,14.03558
28129,MS,Smith County,2000,2004.0,23.3,24.88376418,38.3,40.29198438,29.2,20.35521666,9.1,14.46903478
28131,MS,Stone County,2000,2004.0,32.2,35.6735058,30.2,32.58697591,25.2,17.18108831,12.4,14.55842997
28133,MS,Sunflower County,2000,2004.0,21.7,28.51373183,25.6,28.21217017,40.7,30.1992461,12.0,13.07485191
28135,MS,Tallahatchie County,2000,2004.0,19.2,22.99582256,24.2,32.49452954,45.6,36.10503282,10.9,8.404615079
28137,MS,Tate County,2000,2004.0,26.8,34.46456343,32.5,31.64852255,28.3,18.65696512,12.3,15.2299489
28139,MS,Tippah County,2000,2004.0,20.6,28.21840271,35.9,37.03320218,34.5,23.62117761,9.0,11.12721751
28141,MS,Tishomingo County,2000,2004.0,20.0,27.72233311,36.0,37.94632956,35.4,23.75988763,8.7,10.57144969
28143,MS,Tunica County,2000,2004.0,21.3,28.21104445,30.2,30.97984925,39.5,26.33441009,9.1,14.4746962
28145,MS,Union County,2000,2004.0,21.5,27.66968579,33.7,33.09292184,31.5,24.39897126,13.2,14.83842111
28147,MS,Walthall County,2000,2004.0,22.5,24.45544554,34.0,35.88118812,33.0,26.52475248,10.4,13.13861386
28149,MS,Warren County,2000,2004.0,29.7,31.96318442,26.5,26.21231569,23.0,17.81610995,20.8,24.00838994
28151,MS,Washington County,2000,2004.0,21.4,27.64161048,28.7,27.9976057,33.5,25.90574003,16.4,18.45504379
28153,MS,Wayne County,2000,2004.0,20.4,24.80077456,34.8,36.82877784,35.3,28.67356818,9.5,9.696879422
28155,MS,Webster County,2000,2004.0,20.7,28.18168412,33.9,32.48783365,32.3,21.1473234,13.0,18.18315883
28157,MS,Wilkinson County,2000,2004.0,15.1,21.36377381,33.1,40.92833384,41.9,27.71394013,10.0,9.993952223
28159,MS,Winston County,2000,2004.0,21.0,28.47718527,33.3,34.24173408,31.8,20.53718684,13.8,16.74389382
28161,MS,Yalobusha County,2000,2004.0,21.8,29.23186344,37.6,34.61356093,31.0,24.76292082,9.6,11.39165481
28163,MS,Yazoo County,2000,2004.0,22.2,25.53839577,31.0,35.54748036,35.0,26.4041041,11.8,12.51001977
29000,MO,Missouri,2000,2004.0,27.0,29.69762539,32.7,31.72197903,18.7,12.80849121,21.6,25.77190437
29001,MO,Adair County,2000,2004.0,22.6,25.04670211,33.5,36.01092111,15.4,12.59520046,28.5,26.34717632
29003,MO,Andrew County,2000,2004.0,24.4,29.4642099,41.5,40.14604738,15.3,9.841215929,18.8,20.54852679
29005,MO,Atchison County,2000,2004.0,24.2,27.27496311,39.2,40.30988687,20.0,11.0181997,16.6,21.39695032
29007,MO,Audrain County,2000,2004.0,19.5,25.39105339,42.9,45.44877345,24.9,15.82106782,12.7,13.33910534
29009,MO,Barry County,2000,2004.0,23.9,27.63831544,41.0,40.11973576,24.3,18.93476466,10.7,13.30718415
29011,MO,Barton County,2000,2004.0,23.7,28.30143253,43.0,41.94053208,22.7,14.12062116,10.6,15.63741423
29013,MO,Bates County,2000,2004.0,21.4,27.70001728,45.4,45.27388975,23.1,16.14826335,10.1,10.87782962
29015,MO,Benton County,2000,2004.0,24.4,25.35172414,38.7,46.74482759,28.2,16.39310345,8.8,11.51034483
29017,MO,Bollinger County,2000,2004.0,17.3,23.57261312,46.5,44.01800521,29.3,21.8668562,6.9,10.54252547
29019,MO,Boone County,2000,2004.0,24.1,24.6434097,23.3,20.95034228,10.8,7.086238688,41.7,47.32000933
29021,MO,Buchanan County,2000,2004.0,26.6,27.92627832,38.0,37.19453761,18.5,14.5732083,16.9,20.30597577
29023,MO,Butler County,2000,2004.0,24.6,28.41606437,34.3,35.25501159,29.5,22.06804855,11.6,14.26087549
29025,MO,Caldwell County,2000,2004.0,23.6,29.27828553,46.2,43.39741569,18.5,12.92152537,11.7,14.4027734
29027,MO,Callaway County,2000,2004.0,25.3,27.66835104,37.1,36.01457495,21.1,13.77058197,16.5,22.54649204
29029,MO,Camden County,2000,2004.0,27.8,33.20687209,37.3,35.9643441,17.1,10.03978903,17.7,20.78899479
29031,MO,Cape Girardeau County,2000,2004.0,23.6,26.58188777,33.3,33.30658271,18.9,12.81354816,24.2,27.29798136
29033,MO,Carroll County,2000,2004.0,18.7,23.06853583,46.4,44.1588785,20.9,16.01246106,14.0,16.76012461
29035,MO,Carter County,2000,2004.0,20.5,29.33588151,35.3,33.54037267,33.4,23.57859532,10.8,13.5451505
29037,MO,Cass County,2000,2004.0,31.3,33.57934705,37.7,35.84379146,13.3,8.277039906,17.7,22.29982159
29039,MO,Cedar County,2000,2004.0,20.2,28.67812564,43.9,43.22692859,26.0,13.65868631,10.0,14.43625946
29041,MO,Chariton County,2000,2004.0,20.0,22.60174419,48.2,46.94767442,20.4,16.86046512,11.4,13.59011628
29043,MO,Christian County,2000,2004.0,30.8,35.11798885,34.1,29.83319499,14.1,8.486501443,20.9,26.56231472
29045,MO,Clark County,2000,2004.0,23.6,29.5883188,45.2,44.41289799,20.4,14.98681809,10.7,11.01196512
29047,MO,Clay County,2000,2004.0,31.7,32.70684622,32.0,28.41239274,11.3,8.32488415,24.9,30.55587689
29049,MO,Clinton County,2000,2004.0,29.0,32.17842914,42.5,40.6943654,13.9,9.355435401,14.5,17.77177006
29051,MO,Cole County,2000,2004.0,25.9,28.43462967,32.0,30.40648818,14.7,10.06644518,27.4,31.09243697
29053,MO,Cooper County,2000,2004.0,22.8,27.52340426,43.8,39.3106383,19.7,15.01276596,13.7,18.15319149
29055,MO,Crawford County,2000,2004.0,21.8,26.91872581,39.2,38.76153617,30.6,22.33998214,8.4,11.97975588
29057,MO,Dade County,2000,2004.0,23.3,29.96415771,45.4,43.78136201,21.5,15.48387097,9.9,10.77060932
29059,MO,Dallas County,2000,2004.0,21.7,22.64397906,41.5,40.73298429,27.2,21.80628272,9.5,14.81675393
29061,MO,Daviess County,2000,2004.0,24.8,26.45464402,42.4,40.71196241,20.9,16.15468016,12.0,16.67871341
29063,MO,DeKalb County,2000,2004.0,25.2,26.83181771,41.2,46.79627888,23.0,16.61962998,10.7,9.75227344
29065,MO,Dent County,2000,2004.0,20.3,28.47517076,35.9,36.88388407,33.7,23.13088425,10.1,11.51006092
29067,MO,Douglas County,2000,2004.0,21.0,27.85497858,38.8,42.66011911,30.3,18.40977954,9.9,11.07512277
29069,MO,Dunklin County,2000,2004.0,17.2,20.31338493,37.4,39.6073249,36.3,29.6630168,9.1,10.41627336
29071,MO,Franklin County,2000,2004.0,29.3,33.52745669,35.6,34.33189211,22.3,14.85778993,12.8,17.28286126
29073,MO,Gasconade County,2000,2004.0,23.4,27.00919818,40.2,41.15952801,26.0,16.33373595,10.4,15.49753786
29075,MO,Gentry County,2000,2004.0,21.6,26.87609075,45.6,44.43717277,18.2,15.55410122,14.5,13.13263525
29077,MO,Greene County,2000,2004.0,29.7,33.40228086,30.9,28.25581395,15.3,10.45673077,24.2,27.88517442
29079,MO,Grundy County,2000,2004.0,27.1,29.92901637,39.4,41.43126177,21.0,13.87802405,12.5,14.76169781
29081,MO,Harrison County,2000,2004.0,23.0,27.19816273,47.9,49.08136483,19.9,14.53412073,9.3,9.186351706
29083,MO,Henry County,2000,2004.0,21.7,29.71874802,43.9,40.54980636,22.7,14.65938671,11.7,15.07205892
29085,MO,Hickory County,2000,2004.0,23.5,27.71510126,42.2,45.27660731,26.6,16.84110371,7.7,10.16718771
29087,MO,Holt County,2000,2004.0,20.7,25.98204265,49.5,48.31649832,18.1,10.49382716,11.7,15.20763187
29089,MO,Howard County,2000,2004.0,20.4,23.44439373,43.0,38.840712,18.7,15.15289822,17.9,22.56199604
29091,MO,Howell County,2000,2004.0,23.6,27.06842203,38.9,40.78991285,26.6,15.93547191,10.9,16.20619321
29093,MO,Iron County,2000,2004.0,21.7,30.01764147,35.1,34.97082372,34.8,24.58949654,8.4,10.42203827
29095,MO,Jackson County,2000,2004.0,29.9,31.13435743,30.0,29.24637954,16.6,12.36542492,23.4,27.25383811
29097,MO,Jasper County,2000,2004.0,27.6,29.53395759,35.4,33.75847594,20.5,17.04337531,16.5,19.66419115
29099,MO,Jefferson County,2000,2004.0,30.9,35.7552069,36.3,34.46653294,20.6,12.8743749,12.1,16.90388526
29101,MO,Johnson County,2000,2004.0,30.2,34.62478531,32.5,31.80406923,14.0,8.98401374,23.2,24.58713172
29103,MO,Knox County,2000,2004.0,20.6,22.12705211,46.6,47.78729479,20.0,13.81156317,12.8,16.27408994
29105,MO,Laclede County,2000,2004.0,20.5,24.3245511,41.1,43.01057224,27.1,19.27756335,11.3,13.38731331
29107,MO,Lafayette County,2000,2004.0,23.8,29.54232699,42.3,40.64012074,20.1,12.97554046,13.8,16.84201181
29109,MO,Lawrence County,2000,2004.0,23.7,27.24169054,41.5,41.72585645,22.6,16.21473139,12.1,14.81772162
29111,MO,Lewis County,2000,2004.0,22.0,28.76173176,44.5,45.38298517,20.5,13.33636088,13.0,12.51892219
29113,MO,Lincoln County,2000,2004.0,23.9,29.83072878,42.8,41.46110898,23.6,15.54163836,9.7,13.16652388
29115,MO,Linn County,2000,2004.0,20.2,23.26412918,49.0,51.92618224,20.0,11.48788927,10.8,13.32179931
29117,MO,Livingston County,2000,2004.0,21.8,22.78325123,45.7,45.07389163,19.4,12.7889352,13.1,19.35392194
29119,MO,McDonald County,2000,2004.0,23.9,30.42971695,38.5,37.22157494,30.6,22.82228771,7.0,9.526420396
29121,MO,Macon County,2000,2004.0,19.9,26.36210447,44.8,43.74648942,22.2,14.40741434,13.0,15.48399176
29123,MO,Madison County,2000,2004.0,21.8,29.41597139,39.0,36.829559,31.4,23.81406436,7.8,9.940405244
29125,MO,Maries County,2000,2004.0,21.3,26.25119541,42.2,40.7076825,25.5,16.36914249,11.0,16.6719796
29127,MO,Marion County,2000,2004.0,23.0,26.84528774,40.8,38.65200167,20.6,16.20100083,15.6,18.30170976
29129,MO,Mercer County,2000,2004.0,23.9,25.64398308,46.5,48.55824683,17.5,12.64898116,12.2,13.14878893
29131,MO,Miller County,2000,2004.0,22.3,27.80191655,40.2,43.26528183,26.1,15.177668,11.4,13.75513362
29133,MO,Mississippi County,2000,2004.0,13.8,17.23544304,37.8,41.83291139,38.9,30.46075949,9.6,10.47088608
29135,MO,Moniteau County,2000,2004.0,20.6,23.98997204,43.9,39.73580175,22.4,18.61922669,13.0,17.65499952
29137,MO,Monroe County,2000,2004.0,22.6,25.06082725,46.6,49.42416869,21.3,13.34955393,9.5,12.16545012
29139,MO,Montgomery County,2000,2004.0,19.8,24.73535639,41.5,43.41331451,28.9,20.43048694,9.9,11.42084215
29141,MO,Morgan County,2000,2004.0,23.1,25.81175503,40.6,41.26592684,25.5,19.57802439,10.7,13.34429374
29143,MO,New Madrid County,2000,2004.0,14.4,22.57810656,39.6,41.85881797,36.4,23.81364602,9.6,11.74942945
29145,MO,Newton County,2000,2004.0,29.3,33.38992791,34.3,32.47309581,20.2,15.89175635,16.1,18.24521994
29147,MO,Nodaway County,2000,2004.0,22.4,25.17109661,41.2,41.39742161,12.9,9.955435302,23.6,23.47604647
29149,MO,Oregon County,2000,2004.0,18.5,25.94820821,44.3,42.75438138,28.0,21.03060424,9.1,10.26680617
29151,MO,Osage County,2000,2004.0,20.7,25.40884645,44.1,47.70058171,24.8,12.77576556,10.4,14.11480628
29153,MO,Ozark County,2000,2004.0,21.6,26.4380531,43.1,42.65763274,27.0,19.66261062,8.3,11.24170354
29155,MO,Pemiscot County,2000,2004.0,16.1,22.59392692,33.8,40.02401784,41.8,26.50540401,8.4,10.87665123
29157,MO,Perry County,2000,2004.0,16.9,23.61548143,44.4,44.63499056,28.8,17.99087476,9.9,13.75865324
29159,MO,Pettis County,2000,2004.0,29.5,32.58824387,33.8,34.11974912,21.7,17.80557176,15.0,15.48643524
29161,MO,Phelps County,2000,2004.0,25.1,25.8954076,32.9,34.23789643,21.0,13.47322933,21.1,26.39346664
29163,MO,Pike County,2000,2004.0,21.6,23.01140803,44.1,44.60853258,24.0,21.21425223,10.2,11.16580716
29165,MO,Platte County,2000,2004.0,31.9,31.42644259,26.5,23.77514695,8.2,6.123023429,33.3,38.67538704
29167,MO,Polk County,2000,2004.0,23.2,26.40559722,39.7,39.12014899,22.5,17.23461016,14.6,17.23964363
29169,MO,Pulaski County,2000,2004.0,32.7,37.02146331,33.6,32.86043365,14.9,10.01133497,18.8,20.10676807
29171,MO,Putnam County,2000,2004.0,24.1,27.38871562,44.8,41.79189113,20.0,16.50127587,11.2,14.31811738
29173,MO,Ralls County,2000,2004.0,19.9,26.11526739,46.4,47.09060682,21.3,12.20559712,12.3,14.58852868
29175,MO,Randolph County,2000,2004.0,27.1,31.95816386,38.3,39.19814062,22.9,15.57234166,11.7,13.27135386
29177,MO,Ray County,2000,2004.0,22.6,29.40694006,45.9,44.3533123,20.7,12.97160883,10.8,13.2681388
29179,MO,Reynolds County,2000,2004.0,18.0,24.44868533,39.7,43.68108567,34.8,24.93638677,7.5,6.933842239
29181,MO,Ripley County,2000,2004.0,21.2,24.29530201,33.1,40.18585441,37.9,25.81311306,7.8,9.705730511
29183,MO,St. Charles County,2000,2004.0,33.2,32.0404146,29.6,26.48361792,10.9,6.593295425,26.3,34.88267205
29185,MO,St. Clair County,2000,2004.0,18.4,21.65020175,45.7,48.61555586,26.9,17.64296647,9.0,12.09127591
29186,MO,Ste. Genevieve County,2000,2004.0,22.8,31.10612016,42.9,41.15665357,26.2,16.86051175,8.1,10.87671453
29187,MO,St. Francois County,2000,2004.0,27.5,30.76362351,34.7,33.8251861,27.6,20.91846878,10.2,14.49272161
29189,MO,St. Louis County,2000,2004.0,28.6,29.24428005,24.0,22.71989681,12.0,8.20274652,35.4,39.83307663
29195,MO,Saline County,2000,2004.0,20.0,26.68159958,38.3,39.11983662,26.0,18.43336188,15.8,15.76520192
29197,MO,Schuyler County,2000,2004.0,23.2,23.91229873,46.6,51.69578623,18.6,16.71805413,11.6,7.673860911
29199,MO,Scotland County,2000,2004.0,21.0,21.56169666,44.6,37.46786632,23.2,22.68637532,11.2,18.2840617
29201,MO,Scott County,2000,2004.0,19.6,22.51655629,42.7,41.59552884,27.1,20.84370095,10.6,15.04421391
29203,MO,Shannon County,2000,2004.0,16.8,26.90513219,43.1,39.70969414,32.4,21.3754968,7.6,12.00967686
29205,MO,Shelby County,2000,2004.0,21.1,30.72344322,47.4,44.27655678,19.0,11.01190476,12.5,13.98809524
29207,MO,Stoddard County,2000,2004.0,17.9,22.71429263,38.9,43.21184841,33.1,22.02700741,10.1,12.04685156
29209,MO,Stone County,2000,2004.0,27.3,29.51914699,38.8,40.00331909,19.6,15.37567938,14.2,15.10185454
29211,MO,Sullivan County,2000,2004.0,19.3,26.05834613,44.8,44.35183154,27.6,18.68830884,8.4,10.90151349
29213,MO,Taney County,2000,2004.0,28.7,31.37790681,37.8,34.8475792,18.6,14.74112658,14.9,19.03338741
29215,MO,Texas County,2000,2004.0,20.9,25.28935835,39.7,45.95460164,28.6,17.56377121,10.8,11.19226879
29217,MO,Vernon County,2000,2004.0,22.5,27.35221853,39.9,43.56120827,23.4,15.04552681,14.2,14.04104639
29219,MO,Warren County,2000,2004.0,28.1,30.6043506,40.3,37.10749067,20.5,16.57413307,11.1,15.71402567
29221,MO,Washington County,2000,2004.0,19.6,23.16708668,35.4,38.88530739,37.5,29.70755436,7.5,8.240051574
29223,MO,Wayne County,2000,2004.0,18.5,23.31193041,34.3,42.89560895,40.3,26.54308202,6.8,7.249378625
29225,MO,Webster County,2000,2004.0,24.0,28.40350502,39.8,40.05984185,25.2,16.8454798,11.0,14.69117333
29227,MO,Worth County,2000,2004.0,23.2,24.48186528,45.6,51.36010363,19.8,10.29792746,11.3,13.86010363
29229,MO,Wright County,2000,2004.0,20.6,25.16886459,40.7,40.05307173,28.9,23.26310711,9.8,11.51495658
29510,MO,St. Louis city,2000,2004.0,24.7,28.57102472,27.5,25.28799536,28.7,17.65335017,19.1,28.48762975
30000,MT,Montana,2000,2004.0,31.5,33.14788251,31.3,30.23191035,12.8,8.137343838,24.4,28.4828633
30001,MT,Beaverhead County,2000,2004.0,33.8,35.84785041,29.1,29.21527889,10.7,6.66453572,26.4,28.27233498
30003,MT,Big Horn County,2000,2004.0,31.9,35.42471042,30.2,34.15609487,23.6,16.27137341,14.3,14.14782129
30005,MT,Blaine County,2000,2004.0,33.3,37.86432161,28.0,30.6281407,21.3,13.99497487,17.4,17.51256281
30007,MT,Broadwater County,2000,2004.0,30.4,29.84706463,39.7,43.48791317,14.8,11.19881598,15.0,15.46620622
30009,MT,Carbon County,2000,2004.0,28.7,30.30824183,36.0,35.2692155,11.9,6.429421881,23.3,27.99312078
30011,MT,Carter County,2000,2004.0,33.8,40.54600607,35.8,38.52376138,16.7,7.28008089,13.6,13.65015167
30013,MT,Cascade County,2000,2004.0,32.3,37.29996501,33.3,29.96519529,12.9,9.686389334,21.5,23.04845036
30015,MT,Chouteau County,2000,2004.0,36.1,33.22949117,30.4,34.91692627,12.9,9.605399792,20.5,22.24818276
30017,MT,Custer County,2000,2004.0,36.3,38.43676452,29.8,32.5901152,15.1,8.906230645,18.8,20.06688963
30019,MT,Daniels County,2000,2004.0,34.9,42.65988372,36.3,34.30232558,14.7,4.360465116,14.1,18.67732558
30021,MT,Dawson County,2000,2004.0,37.1,40.75471698,30.5,28.56918239,17.3,10.67610063,15.1,20.0
30023,MT,Deer Lodge County,2000,2004.0,26.8,34.40746875,43.0,33.95572956,15.5,14.07920494,14.7,17.55759675
30025,MT,Fallon County,2000,2004.0,27.9,34.62095606,43.4,40.46354418,14.3,8.450024143,14.4,16.46547562
30027,MT,Fergus County,2000,2004.0,30.5,32.92056075,36.8,35.75934579,13.7,8.130841121,19.1,23.18925234
30029,MT,Flathead County,2000,2004.0,34.3,33.00406926,30.6,31.17529722,12.6,7.064549589,22.4,28.75608394
30031,MT,Gallatin County,2000,2004.0,31.1,30.4047976,21.2,20.29632243,6.7,3.882176559,41.0,45.41670341
30033,MT,Garfield County,2000,2004.0,29.2,30.88418431,38.8,46.82440847,15.3,8.343711083,16.8,13.94769614
30035,MT,Glacier County,2000,2004.0,34.9,34.86673501,27.3,27.75499744,21.4,18.51614557,16.5,18.86212199
30037,MT,Golden Valley County,2000,2004.0,25.4,27.27272727,28.8,35.03787879,29.5,12.87878788,16.2,24.81060606
30039,MT,Granite County,2000,2004.0,30.8,28.64798021,34.9,33.92415499,12.2,10.18136851,22.1,27.24649629
30041,MT,Hill County,2000,2004.0,34.7,42.10578447,32.1,27.89223455,13.2,9.320522979,20.0,20.681458
30043,MT,Jefferson County,2000,2004.0,31.3,30.54465162,31.2,29.18302257,9.8,6.133464181,27.7,34.13886163
30045,MT,Judith Basin County,2000,2004.0,33.7,32.19178082,30.4,31.44458281,12.4,6.164383562,23.6,30.1992528
30047,MT,Lake County,2000,2004.0,30.3,33.30727538,31.8,30.76401918,15.8,10.068793,22.2,25.85991245
30049,MT,Lewis and Clark County,2000,2004.0,30.5,33.17973407,29.3,24.11966988,8.6,5.167354425,31.6,37.53324163
30051,MT,Liberty County,2000,2004.0,32.4,34.31490385,25.0,18.81009615,25.0,26.62259615,17.6,20.25240385
30053,MT,Lincoln County,2000,2004.0,28.5,33.5397387,38.0,35.19324986,19.8,12.98312466,13.7,18.28388677
30055,MT,McCone County,2000,2004.0,31.5,30.89368259,38.2,42.68104777,13.9,6.625577812,16.4,19.79969183
30057,MT,Madison County,2000,2004.0,31.6,31.92424755,32.6,32.0087927,10.2,4.463983767,25.5,31.60297599
30059,MT,Meagher County,2000,2004.0,27.4,29.18454936,37.2,41.84549356,16.6,12.44635193,18.7,16.52360515
30061,MT,Mineral County,2000,2004.0,27.1,31.12777053,43.7,43.41590613,16.8,11.92959583,12.3,13.52672751
30063,MT,Missoula County,2000,2004.0,31.7,31.13434441,26.5,24.22896271,9.0,5.639182842,32.8,38.99751004
30065,MT,Musselshell County,2000,2004.0,27.8,31.51785714,38.1,41.60714286,17.4,13.57142857,16.7,13.30357143
30067,MT,Park County,2000,2004.0,32.2,29.38827528,32.3,31.31690739,12.4,7.892948173,23.1,31.40186916
30069,MT,Petroleum County,2000,2004.0,29.7,34.72906404,35.7,42.85714286,17.1,6.896551724,17.4,15.51724138
30071,MT,Phillips County,2000,2004.0,29.8,32.13936828,35.5,44.22012374,17.6,7.196352979,17.1,16.444155
30073,MT,Pondera County,2000,2004.0,26.9,37.76140684,34.9,29.61026616,18.4,12.38117871,19.8,20.24714829
30075,MT,Powder River County,2000,2004.0,36.1,43.68770764,31.4,33.13953488,16.6,7.392026578,16.0,15.7807309
30077,MT,Powell County,2000,2004.0,30.0,34.15492958,38.9,36.24907339,18.1,9.562638992,13.1,20.03335804
30079,MT,Prairie County,2000,2004.0,31.7,32.19251337,32.3,33.90374332,21.2,16.25668449,14.8,17.64705882
30081,MT,Ravalli County,2000,2004.0,33.4,33.48944523,31.5,33.96122456,12.6,7.817073591,22.5,24.73225662
30083,MT,Richland County,2000,2004.0,30.9,36.46304126,35.4,35.54454002,16.5,11.25528503,17.2,16.73713369
30085,MT,Roosevelt County,2000,2004.0,32.6,30.46465969,32.4,39.46335079,19.4,14.54515707,15.6,15.52683246
30087,MT,Rosebud County,2000,2004.0,30.9,36.00484681,36.0,32.90635278,15.6,10.97455427,17.6,20.11424615
30089,MT,Sanders County,2000,2004.0,28.4,30.16548463,37.2,39.92907801,18.8,12.99054374,15.5,16.91489362
30091,MT,Sheridan County,2000,2004.0,31.3,45.06592089,31.5,24.33080304,18.8,8.310027966,18.4,22.2932481
30093,MT,Silver Bow County,2000,2004.0,29.1,30.86166346,34.3,37.60957879,14.9,9.437673722,21.7,22.09108403
30095,MT,Stillwater County,2000,2004.0,30.5,31.0786106,39.1,38.87873248,12.5,8.013406459,17.8,22.02925046
30097,MT,Sweet Grass County,2000,2004.0,30.0,26.22558788,35.4,39.81666002,11.1,9.246711837,23.6,24.71104026
30099,MT,Teton County,2000,2004.0,30.8,34.02712816,31.8,29.11599626,16.6,10.94480823,20.8,25.91206735
30101,MT,Toole County,2000,2004.0,29.1,40.08405569,35.1,32.54531127,19.0,10.34935645,16.8,17.0212766
30103,MT,Treasure County,2000,2004.0,27.0,30.3142329,41.1,34.01109057,13.7,13.4935305,18.2,22.18114603
30105,MT,Valley County,2000,2004.0,28.5,36.28603945,39.7,37.25341426,16.1,10.26176024,15.7,16.19878604
30107,MT,Wheatland County,2000,2004.0,24.7,24.1677763,30.8,41.54460719,31.0,15.31291611,13.5,18.9747004
30109,MT,Wibaux County,2000,2004.0,26.0,36.89604685,34.8,34.69985359,23.2,12.1522694,16.0,16.25183016
30111,MT,Yellowstone County,2000,2004.0,31.0,32.30467891,31.0,31.24737673,11.5,7.617972138,26.4,28.82997222
31000,NE,Nebraska,2000,2004.0,31.6,33.65322605,31.3,28.66685012,13.4,9.568503581,23.7,28.11142025
31001,NE,Adams County,2000,2004.0,33.3,35.94536663,33.2,32.90962564,13.7,9.979562335,19.9,21.16544539
31003,NE,Antelope County,2000,2004.0,31.3,35.91054313,39.9,40.21299255,14.5,8.115015974,14.3,15.76144835
31005,NE,Arthur County,2000,2004.0,41.8,47.3354232,32.0,21.0031348,10.5,4.388714734,15.7,27.27272727
31007,NE,Banner County,2000,2004.0,41.6,46.88715953,33.0,24.31906615,5.8,7.976653696,19.6,20.81712062
31009,NE,Blaine County,2000,2004.0,42.5,40.29850746,38.6,37.56218905,6.6,3.233830846,12.3,18.90547264
31011,NE,Boone County,2000,2004.0,29.5,34.45378151,41.8,43.80252101,15.6,7.56302521,13.1,14.18067227
31013,NE,Box Butte County,2000,2004.0,35.3,35.08239947,37.5,36.83586025,11.9,10.56031641,15.3,17.52142386
31015,NE,Boyd County,2000,2004.0,27.3,31.46143437,42.9,44.72259811,17.0,8.457374831,12.8,15.35859269
31017,NE,Brown County,2000,2004.0,28.7,34.01060071,37.4,37.76501767,16.7,8.657243816,17.2,19.56713781
31019,NE,Buffalo County,2000,2004.0,32.3,32.1949638,26.6,28.61414316,10.8,7.640765157,30.2,31.55012789
31021,NE,Burt County,2000,2004.0,29.3,34.51632529,40.6,39.40377205,15.9,8.781180288,14.2,17.29872237
31023,NE,Butler County,2000,2004.0,28.3,37.64035239,41.6,39.0050095,16.6,9.241665227,13.6,14.11297288
31025,NE,Cass County,2000,2004.0,33.7,35.9515208,37.0,33.42267801,10.6,6.351241114,18.7,24.27456007
31027,NE,Cedar County,2000,2004.0,30.3,31.3247012,40.2,44.10690571,16.5,8.366533865,13.0,16.20185923
31029,NE,Chase County,2000,2004.0,30.3,35.41147132,39.6,39.43712148,13.6,11.07944425,16.6,14.07196295
31031,NE,Cherry County,2000,2004.0,34.5,39.5511583,31.4,32.28764479,14.8,7.142857143,19.4,21.01833977
31033,NE,Cheyenne County,2000,2004.0,34.7,38.8248684,35.3,29.22179542,13.3,6.700810926,16.8,25.25252525
31035,NE,Clay County,2000,2004.0,33.1,36.34506243,37.4,33.91600454,13.3,11.87287174,16.2,17.86606129
31037,NE,Colfax County,2000,2004.0,23.5,28.73954785,37.0,28.86342521,28.0,29.99380613,11.5,12.40322081
31039,NE,Cuming County,2000,2004.0,25.8,29.12079145,40.5,40.08297431,21.3,12.71740865,12.3,18.07882559
31041,NE,Custer County,2000,2004.0,32.6,36.08963439,38.8,36.39103656,12.5,7.95439654,16.1,19.56493251
31043,NE,Dakota County,2000,2004.0,24.8,27.89379707,36.2,32.76919494,26.5,28.96514246,12.4,10.37186554
31045,NE,Dawes County,2000,2004.0,32.4,32.90506781,26.1,22.76945039,13.1,8.261955746,28.4,36.06352605
31047,NE,Dawson County,2000,2004.0,23.7,25.36750358,35.5,35.16976714,26.4,24.11864186,14.4,15.34408742
31049,NE,Deuel County,2000,2004.0,31.9,40.85195531,35.9,34.98603352,14.7,6.843575419,17.4,17.31843575
31051,NE,Dixon County,2000,2004.0,28.5,33.61984283,39.5,35.41257367,17.9,14.6611002,14.1,16.3064833
31053,NE,Dodge County,2000,2004.0,28.2,30.20941988,40.2,37.07775014,16.5,15.2090187,15.0,17.50381128
31055,NE,Douglas County,2000,2004.0,30.5,30.80771721,26.2,22.87211195,12.7,10.12263072,30.6,36.19754013
31057,NE,Dundy County,2000,2004.0,34.7,38.92663043,30.9,31.31793478,17.6,8.152173913,16.7,21.60326087
31059,NE,Fillmore County,2000,2004.0,29.9,36.7763632,42.7,37.71318761,11.8,7.03819361,15.7,18.47225558
31061,NE,Franklin County,2000,2004.0,30.6,37.61742101,39.3,38.30059778,14.3,7.344150299,15.8,16.73783091
31063,NE,Frontier County,2000,2004.0,35.7,40.31556039,34.6,34.87486398,11.7,5.658324266,17.9,19.15125136
31065,NE,Furnas County,2000,2004.0,28.3,35.55618615,39.8,35.95346198,15.8,11.63450624,16.1,16.85584563
31067,NE,Gage County,2000,2004.0,27.7,33.36561431,38.9,37.95596875,18.0,9.426044289,15.4,19.25237265
31069,NE,Garden County,2000,2004.0,30.7,36.72456576,40.3,35.66997519,14.8,8.126550868,14.2,19.47890819
31071,NE,Garfield County,2000,2004.0,31.1,33.20683112,36.6,47.75458571,18.9,5.755850727,13.4,13.28273245
31073,NE,Gosper County,2000,2004.0,32.3,41.04211278,39.0,37.25910064,11.1,5.067808708,17.6,16.63097787
31075,NE,Grant County,2000,2004.0,34.3,34.63414634,31.2,40.73170732,9.7,6.341463415,24.7,18.29268293
31077,NE,Greeley County,2000,2004.0,30.4,35.44733862,39.3,41.56285391,16.8,7.757644394,13.5,15.23216308
31079,NE,Hall County,2000,2004.0,30.8,33.05149885,35.5,32.93487768,17.8,17.23607835,15.9,16.77754512
31081,NE,Hamilton County,2000,2004.0,35.9,39.28514185,35.1,32.04039109,10.4,5.994550409,18.6,22.67991665
31083,NE,Harlan County,2000,2004.0,32.5,38.2788162,37.9,36.02024922,14.2,9.073208723,15.3,16.62772586
31085,NE,Hayes County,2000,2004.0,37.0,39.85915493,40.6,30.84507042,10.9,11.69014085,11.6,17.6056338
31087,NE,Hitchcock County,2000,2004.0,34.2,46.43527205,37.7,31.37898687,14.4,8.442776735,13.8,13.74296435
31089,NE,Holt County,2000,2004.0,28.9,35.52506453,41.2,37.72585247,15.5,10.20241815,14.5,16.54666486
31091,NE,Hooker County,2000,2004.0,32.9,38.4765625,41.1,30.46875,10.3,6.25,15.7,24.8046875
31093,NE,Howard County,2000,2004.0,29.7,36.6955728,43.3,39.7535372,12.8,8.124144226,14.2,15.42674578
31095,NE,Jefferson County,2000,2004.0,29.2,34.4052622,40.6,41.78695414,15.8,10.9263658,14.4,12.88141787
31097,NE,Johnson County,2000,2004.0,22.3,31.45431145,43.4,43.29472329,19.6,12.94723295,14.7,12.3037323
31099,NE,Kearney County,2000,2004.0,31.7,36.75758909,35.4,28.17861857,11.5,7.919049714,21.3,27.14474263
31101,NE,Keith County,2000,2004.0,32.9,37.85714286,36.9,34.04220779,13.4,7.808441558,16.8,20.29220779
31103,NE,Keya Paha County,2000,2004.0,30.4,36.56093489,36.1,40.7345576,17.8,7.846410684,15.7,14.85809683
31105,NE,Kimball County,2000,2004.0,34.0,36.56147987,37.0,33.04316286,15.4,13.05767138,13.5,17.33768589
31107,NE,Knox County,2000,2004.0,28.0,31.13870283,39.6,40.09148832,18.0,10.94592387,14.4,17.82388499
31109,NE,Lancaster County,2000,2004.0,32.7,34.60777851,25.2,23.10114993,9.5,6.404340551,32.6,35.88673101
31111,NE,Lincoln County,2000,2004.0,36.7,39.7471048,33.4,33.91578344,13.7,7.946965667,16.2,18.39014609
31113,NE,Logan County,2000,2004.0,42.4,41.54135338,38.0,38.53383459,9.2,5.07518797,10.5,14.84962406
31115,NE,Loup County,2000,2004.0,35.7,38.72679045,42.7,38.99204244,8.2,8.75331565,13.3,13.52785146
31117,NE,McPherson County,2000,2004.0,26.7,42.10526316,39.7,26.31578947,11.4,6.666666667,22.2,24.9122807
31119,NE,Madison County,2000,2004.0,31.8,37.21397029,33.8,29.40363085,17.4,12.42695928,17.0,20.95543958
31121,NE,Merrick County,2000,2004.0,28.8,37.44665058,41.6,37.83633327,14.7,9.630729263,14.9,15.08628688
31123,NE,Morrill County,2000,2004.0,30.0,31.52142652,35.0,33.39085418,20.6,14.38021283,14.3,20.70750647
31125,NE,Nance County,2000,2004.0,30.4,35.60808235,38.8,40.14487228,19.4,12.12352268,11.4,12.12352268
31127,NE,Nemaha County,2000,2004.0,29.4,32.92631579,33.2,34.61052632,14.5,7.831578947,22.9,24.63157895
31129,NE,Nuckolls County,2000,2004.0,31.3,33.55361971,40.0,46.04986482,15.5,7.750075098,13.1,12.64644037
31131,NE,Otoe County,2000,2004.0,28.0,31.78330406,39.5,38.65212166,14.4,8.320236665,18.1,21.24433762
31133,NE,Pawnee County,2000,2004.0,24.2,27.23697148,45.1,48.13176008,16.3,10.4719764,14.4,14.15929204
31135,NE,Perkins County,2000,2004.0,34.7,44.85576923,34.8,26.97115385,12.9,7.644230769,17.6,20.52884615
31137,NE,Phelps County,2000,2004.0,32.8,41.21813031,35.9,31.30311615,10.9,6.373937677,20.4,21.10481586
31139,NE,Pierce County,2000,2004.0,29.1,35.90528679,42.2,39.94692794,15.4,7.246376812,13.3,16.90140845
31141,NE,Platte County,2000,2004.0,31.4,40.03646658,36.2,31.92265246,15.3,10.76723766,17.2,17.2736433
31143,NE,Polk County,2000,2004.0,33.1,37.21298496,40.1,36.44761151,13.4,7.680126683,13.5,18.65927685
31145,NE,Red Willow County,2000,2004.0,37.8,38.24396783,35.0,32.77479893,12.1,6.702412869,15.2,22.27882038
31147,NE,Richardson County,2000,2004.0,26.3,30.8248439,42.0,45.76076241,18.2,7.77193559,13.6,15.6424581
31149,NE,Rock County,2000,2004.0,33.3,35.37005164,41.9,38.46815835,12.6,6.970740103,12.2,19.19104991
31151,NE,Saline County,2000,2004.0,27.8,32.86866359,39.4,36.58986175,18.8,15.6797235,14.0,14.86175115
31153,NE,Sarpy County,2000,2004.0,38.3,35.80317652,24.7,23.16546039,6.7,5.232207479,30.2,35.79915561
31155,NE,Saunders County,2000,2004.0,31.5,33.8401142,38.4,35.41755889,13.2,6.795146324,16.9,23.94718059
31157,NE,Scotts Bluff County,2000,2004.0,32.7,34.58173195,29.6,31.56431433,20.4,13.42709952,17.3,20.4268542
31159,NE,Seward County,2000,2004.0,33.0,35.61345334,31.9,30.20369493,12.5,7.380388441,22.6,26.80246329
31161,NE,Sheridan County,2000,2004.0,32.5,35.42199488,36.4,33.68286445,13.9,10.58823529,17.2,20.30690537
31163,NE,Sherman County,2000,2004.0,30.4,31.87390543,40.8,42.20665499,18.0,11.77758319,10.8,14.14185639
31165,NE,Sioux County,2000,2004.0,33.0,37.08971554,31.9,28.99343545,13.6,7.768052516,21.5,26.1487965
31167,NE,Stanton County,2000,2004.0,34.5,44.55396747,38.0,34.42582553,13.8,5.372104485,13.7,15.64810251
31169,NE,Thayer County,2000,2004.0,28.6,36.40178337,37.2,38.49986887,19.1,8.523472331,15.0,16.57487543
31171,NE,Thomas County,2000,2004.0,34.3,48.81602914,32.2,25.50091075,16.3,5.646630237,17.2,20.03642987
31173,NE,Thurston County,2000,2004.0,31.3,36.44859813,37.1,35.35380507,19.6,13.35113485,12.0,14.84646195
31175,NE,Valley County,2000,2004.0,30.2,32.47835845,38.1,41.4876563,15.3,6.829111895,16.4,19.20487336
31177,NE,Washington County,2000,2004.0,31.4,31.04778866,35.7,34.46126447,10.3,5.498664292,22.7,28.99228258
31179,NE,Wayne County,2000,2004.0,27.8,31.29654382,31.2,29.13881994,13.0,5.785755203,28.0,33.77888104
31181,NE,Webster County,2000,2004.0,30.3,36.73469388,39.5,37.88497217,16.4,8.682745826,13.7,16.69758813
31183,NE,Wheeler County,2000,2004.0,38.6,36.03960396,37.3,37.22772277,9.2,4.554455446,14.9,22.17821782
31185,NE,York County,2000,2004.0,32.7,32.26632522,37.6,35.41399915,12.8,8.386683739,17.0,23.93299189
32000,NV,Nevada,2000,2004.0,33.2,33.43926871,29.3,28.72421385,19.3,15.61973592,18.2,22.21678153
32001,NV,Churchill County,2000,2004.0,37.9,37.88035856,30.5,34.7643149,14.9,10.6896762,16.7,16.66565034
32003,NV,Clark County,2000,2004.0,32.3,32.46471505,29.9,29.13020886,20.5,16.30257401,17.3,22.10250208
32005,NV,Douglas County,2000,2004.0,41.8,40.95469396,26.6,26.12542285,8.4,7.38427733,23.2,25.53560586
32007,NV,Elko County,2000,2004.0,33.9,38.40714428,30.5,29.25104575,20.9,16.54272625,14.8,15.79908373
32009,NV,Esmeralda County,2000,2004.0,25.0,34.82849604,44.3,34.96042216,21.1,17.41424802,9.6,12.79683377
32011,NV,Eureka County,2000,2004.0,31.4,30.2955665,31.7,34.31855501,23.3,10.5090312,13.6,24.87684729
32013,NV,Humboldt County,2000,2004.0,32.8,33.43393379,31.3,33.150995,21.7,18.68339149,14.2,14.73167971
32015,NV,Lander County,2000,2004.0,31.6,34.38656419,36.8,32.25163678,20.8,20.55223456,10.8,12.80956447
32017,NV,Lincoln County,2000,2004.0,30.2,36.86746988,37.8,31.38554217,17.0,14.93975904,15.1,16.80722892
32019,NV,Lyon County,2000,2004.0,37.3,38.40486959,32.9,31.24840003,18.5,15.65264385,11.3,14.69408653
32021,NV,Mineral County,2000,2004.0,30.8,36.60240291,36.2,43.19642358,22.9,13.21598212,10.1,6.985191394
32023,NV,Nye County,2000,2004.0,28.0,34.07100334,41.2,35.66063024,20.8,18.53629648,10.1,11.73206994
32027,NV,Pershing County,2000,2004.0,30.6,31.2337011,36.6,38.21464393,24.1,19.55867603,8.7,10.99297894
32029,NV,Storey County,2000,2004.0,39.1,42.84820031,29.7,28.60719875,13.3,9.702660407,18.0,18.84194053
32031,NV,Washoe County,2000,2004.0,35.0,35.1325829,25.2,24.57801476,16.1,13.45074595,23.7,26.8386564
32033,NV,White Pine County,2000,2004.0,35.4,33.34778838,34.8,36.88927436,18.0,16.68112171,11.8,13.08181555
32510,NV,Carson City,2000,2004.0,36.1,35.10093168,27.9,30.29761905,17.5,13.70341615,18.5,20.89803313
33000,NH,New Hampshire,2000,2004.0,28.7,28.72733204,30.1,29.28026821,12.6,8.557230051,28.7,33.43516969
33001,NH,Belknap County,2000,2004.0,29.8,30.86848521,32.6,30.48208289,14.3,10.25576153,23.3,28.39367036
33003,NH,Carroll County,2000,2004.0,29.5,30.67826183,32.2,30.99122054,11.8,8.427728695,26.5,29.90278893
33005,NH,Cheshire County,2000,2004.0,25.2,26.69915164,34.4,34.14222205,13.8,9.040787405,26.6,30.11783891
33007,NH,Coos County,2000,2004.0,23.4,29.23252403,41.6,39.03780349,23.1,15.58171745,11.9,16.14795503
33009,NH,Grafton County,2000,2004.0,24.0,24.51398136,31.0,29.69540613,12.3,8.824900133,32.7,36.96571238
33011,NH,Hillsborough County,2000,2004.0,29.4,28.12550382,27.5,27.17979158,13.0,9.399229067,30.1,35.29547553
33013,NH,Merrimack County,2000,2004.0,29.4,30.02155363,29.6,28.7184938,11.8,7.823279892,29.1,33.43667267
33015,NH,Rockingham County,2000,2004.0,30.2,29.30615244,28.6,28.0226819,9.5,5.985178453,31.7,36.68598721
33017,NH,Strafford County,2000,2004.0,29.5,30.56080815,30.4,29.49985406,13.6,9.119636534,26.4,30.81970126
33019,NH,Sullivan County,2000,2004.0,24.8,27.14344797,38.5,37.05023383,17.0,10.1453886,19.7,25.6609296
34000,NJ,New Jersey,2000,2004.0,22.9,23.33718513,29.4,29.1694,17.9,12.11202047,29.8,35.3813944
34001,NJ,Atlantic County,2000,2004.0,24.8,26.18633916,34.6,33.4538469,21.8,16.27041086,18.7,24.08940308
34003,NJ,Bergen County,2000,2004.0,22.1,20.92854535,26.2,24.70586569,13.4,8.874546759,38.2,45.4910422
34005,NJ,Burlington County,2000,2004.0,27.6,27.14511318,31.1,30.12484321,12.8,8.576228448,28.4,34.15381516
34007,NJ,Camden County,2000,2004.0,24.1,26.06989921,32.1,31.83032235,19.7,13.42201361,24.0,28.67776484
34009,NJ,Cape May County,2000,2004.0,23.5,25.28984692,36.3,36.43910401,18.1,10.70041648,22.0,27.5706326
34011,NJ,Cumberland County,2000,2004.0,20.4,23.41655086,36.3,39.62528152,31.5,22.92587091,11.7,14.03229671
34013,NJ,Essex County,2000,2004.0,20.9,22.37936643,27.2,28.753314,24.4,17.06337654,27.5,31.80394303
34015,NJ,Gloucester County,2000,2004.0,25.5,28.27638454,36.9,34.42163009,15.7,9.251828631,22.0,28.05015674
34017,NJ,Hudson County,2000,2004.0,18.4,19.46743058,26.8,26.31869537,29.5,18.30729998,25.3,35.90657407
34019,NJ,Hunterdon County,2000,2004.0,24.2,23.50997843,25.5,22.59304207,8.5,5.758944624,41.8,48.13803488
34021,NJ,Mercer County,2000,2004.0,22.3,22.92322661,25.6,26.01452458,18.2,12.82498656,34.0,38.23726225
34023,NJ,Middlesex County,2000,2004.0,22.3,21.65167777,29.0,27.3944694,15.6,11.20039276,33.0,39.75346007
34025,NJ,Monmouth County,2000,2004.0,25.9,25.10444404,27.4,26.49602439,12.1,8.098769907,34.6,40.30076166
34027,NJ,Morris County,2000,2004.0,22.5,21.11463352,24.0,23.12524377,9.4,6.745632583,44.1,49.01449012
34029,NJ,Ocean County,2000,2004.0,25.8,27.1290771,37.7,37.62226918,17.0,10.2939479,19.5,24.95470583
34031,NJ,Passaic County,2000,2004.0,20.9,21.1992562,31.2,34.57166783,26.7,18.39953451,21.2,25.82954147
34033,NJ,Salem County,2000,2004.0,25.0,28.60088235,39.2,38.13377081,20.6,14.27272929,15.2,18.99261755
34035,NJ,Somerset County,2000,2004.0,21.5,20.19877097,21.5,22.30767151,10.4,6.939413599,46.5,50.55414392
34037,NJ,Sussex County,2000,2004.0,29.2,29.91127762,33.4,31.77180643,10.2,6.682056951,27.2,31.63485899
34039,NJ,Union County,2000,2004.0,21.1,22.98628141,29.7,30.51120787,20.7,14.8819156,28.5,31.62059512
34041,NJ,Warren County,2000,2004.0,25.1,24.70559768,35.4,35.55815454,15.1,10.66838737,24.4,29.06786041
35000,NM,New Mexico,2000,2004.0,28.8,31.42505656,26.6,26.36712981,21.1,16.57835592,23.5,25.62945771
35001,NM,Bernalillo County,2000,2004.0,29.1,31.42071923,24.8,23.91613305,15.6,12.84201246,30.5,31.82113526
35003,NM,Catron County,2000,2004.0,31.0,37.6560999,29.0,31.95645213,21.6,14.28113993,18.4,16.10630804
35005,NM,Chaves County,2000,2004.0,29.9,33.53634383,26.4,27.06724104,27.4,22.10091107,16.2,17.29550406
35006,NM,Cibola County,2000,2004.0,26.5,27.53316241,36.6,42.9662245,25.0,19.28993423,12.0,10.21067885
35007,NM,Colfax County,2000,2004.0,28.0,31.68256546,34.2,34.22975441,19.2,13.5883905,18.5,20.49928963
35009,NM,Curry County,2000,2004.0,35.2,36.82042834,27.9,24.3444536,21.6,19.09321801,15.3,19.74190005
35011,NM,De Baca County,2000,2004.0,26.1,24.43342776,30.0,33.21529745,27.7,21.31728045,16.2,21.03399433
35013,NM,Dona Ana County,2000,2004.0,25.3,29.06111941,22.4,21.9186028,30.0,23.05644726,22.3,25.96383053
35015,NM,Eddy County,2000,2004.0,27.1,32.09816582,34.3,32.38957774,25.0,20.13884921,13.5,15.37340723
35017,NM,Grant County,2000,2004.0,29.8,32.13478825,29.1,27.81329616,20.6,15.87751767,20.5,24.17439792
35019,NM,Guadalupe County,2000,2004.0,20.5,30.78888534,37.5,41.90354519,31.7,18.0772916,10.3,9.230277866
35021,NM,Harding County,2000,2004.0,22.3,27.40899358,31.9,41.75588865,27.8,11.77730193,18.1,19.05781585
35023,NM,Hidalgo County,2000,2004.0,22.0,29.86494782,36.9,33.48680172,31.2,21.30141191,9.9,15.34683855
35025,NM,Lea County,2000,2004.0,27.5,28.09663812,27.9,28.69487409,32.9,29.13460309,11.6,14.0738847
35027,NM,Lincoln County,2000,2004.0,33.6,35.31184486,28.2,26.00890985,15.5,13.78406709,22.8,24.8951782
35028,NM,Los Alamos County,2000,2004.0,23.8,22.81335953,12.1,11.43418468,3.7,2.554027505,60.5,63.19842829
35029,NM,Luna County,2000,2004.0,19.5,24.93310933,29.9,31.85240495,40.2,29.8861303,10.4,13.32835542
35031,NM,McKinley County,2000,2004.0,25.4,27.39401344,27.8,31.45021381,34.8,28.92119731,12.0,12.23457544
35033,NM,Mora County,2000,2004.0,22.6,32.19622216,31.7,42.88130815,30.2,11.75641387,15.5,13.16605582
35035,NM,Otero County,2000,2004.0,36.4,38.58586348,29.2,27.66483317,19.0,16.27613948,15.4,17.47316388
35037,NM,Quay County,2000,2004.0,23.4,27.56964457,36.8,38.66474544,26.2,19.0842139,13.7,14.68139609
35039,NM,Rio Arriba County,2000,2004.0,26.3,32.00582263,31.3,30.48671245,27.0,21.65571812,15.4,15.85174679
35041,NM,Roosevelt County,2000,2004.0,28.9,32.28500355,23.7,27.97619048,24.8,20.00710732,22.6,19.73169865
35043,NM,Sandoval County,2000,2004.0,32.6,35.97307648,28.6,26.45236161,14.0,9.441801091,24.8,28.13276082
35045,NM,San Juan County,2000,2004.0,32.8,33.3396852,30.5,32.57110916,23.2,18.47123239,13.5,15.61797325
35047,NM,San Miguel County,2000,2004.0,27.7,30.56775248,25.6,31.04768712,25.5,17.08873685,21.2,21.29582355
35049,NM,Santa Fe County,2000,2004.0,27.9,27.09970757,19.7,20.29126308,15.5,13.29628586,36.9,39.31274349
35051,NM,Sierra County,2000,2004.0,31.6,31.23250868,31.4,33.57214821,23.9,14.58636516,13.1,20.60897795
35053,NM,Socorro County,2000,2004.0,23.7,27.08220416,29.1,32.08672087,27.9,20.4968383,19.4,20.33423668
35055,NM,Taos County,2000,2004.0,26.6,32.82800787,26.6,26.34113656,20.9,12.01055321,25.9,28.82030236
35057,NM,Torrance County,2000,2004.0,29.6,32.01200109,33.0,38.36712428,22.9,17.40158196,14.4,12.21929266
35059,NM,Union County,2000,2004.0,23.0,26.02265576,43.9,37.00440529,20.1,22.2152297,13.0,14.75770925
35061,NM,Valencia County,2000,2004.0,29.1,35.11371468,32.3,29.84756963,23.9,17.99164876,14.8,17.04706693
36000,NY,New York,2000,2004.0,23.9,24.77322133,27.8,27.3122265,20.9,15.12633737,27.4,32.78821479
36001,NY,Albany County,2000,2004.0,26.0,27.50275895,27.0,25.8365521,13.7,8.424641337,33.3,38.23604761
36003,NY,Allegany County,2000,2004.0,26.4,29.2280495,39.6,40.42755189,16.8,12.11287894,17.2,18.23151968
36005,NY,Bronx County,2000,2004.0,21.8,23.90558752,25.8,27.25805021,37.7,30.81842208,14.6,18.01794019
36007,NY,Broome County,2000,2004.0,28.4,30.65026572,32.7,32.82229653,16.2,10.59742043,22.7,25.93001732
36009,NY,Cattaraugus County,2000,2004.0,25.1,28.72911695,41.2,41.63559069,18.8,12.65475835,14.9,16.98053401
36011,NY,Cayuga County,2000,2004.0,27.6,31.34754575,35.9,35.61486377,20.9,14.4381185,15.5,18.59947197
36013,NY,Chautauqua County,2000,2004.0,27.8,31.22645179,36.5,35.24312309,18.8,13.06029453,16.9,20.47013059
36015,NY,Chemung County,2000,2004.0,27.4,31.60967747,36.1,36.09480107,17.9,11.66757126,18.6,20.6279502
36017,NY,Chenango County,2000,2004.0,26.2,29.21022727,39.9,39.40340909,19.4,14.53693182,14.4,16.84943182
36019,NY,Clinton County,2000,2004.0,25.1,25.64592956,33.5,36.5347142,23.6,15.67371536,17.8,22.14564088
36021,NY,Columbia County,2000,2004.0,25.7,28.81097561,32.7,30.92082008,19.0,12.36081654,22.6,27.90738777
36023,NY,Cortland County,2000,2004.0,28.2,31.09999012,35.8,35.06732954,17.2,10.17680176,18.8,23.65587858
36025,NY,Delaware County,2000,2004.0,25.9,28.95089087,37.4,38.8768256,20.1,13.33472144,16.6,18.83756209
36027,NY,Dutchess County,2000,2004.0,28.3,28.56109543,28.0,28.28733889,16.0,10.65490602,27.6,32.49665967
36029,NY,Erie County,2000,2004.0,28.5,30.17210335,29.9,29.00628842,17.1,10.5864446,24.5,30.23516363
36031,NY,Essex County,2000,2004.0,24.0,29.03349083,38.1,34.38368538,19.6,12.0414119,18.3,24.5414119
36033,NY,Franklin County,2000,2004.0,22.9,27.85792319,33.8,38.68455699,30.3,15.59147315,13.0,17.86604667
36035,NY,Fulton County,2000,2004.0,25.8,30.75057409,38.5,39.52060273,22.2,15.22305648,13.5,14.5057667
36037,NY,Genesee County,2000,2004.0,30.0,32.22555954,38.1,37.8379033,15.6,9.386202887,16.3,20.55033427
36039,NY,Greene County,2000,2004.0,25.7,27.06454845,36.5,39.08687563,21.4,14.70731358,16.4,19.14126234
36041,NY,Hamilton County,2000,2004.0,27.8,29.35560859,37.3,34.68575975,16.6,10.87244763,18.4,25.08618404
36043,NY,Herkimer County,2000,2004.0,28.3,32.05053406,35.4,36.15025581,20.6,11.61026838,15.7,20.18894175
36045,NY,Jefferson County,2000,2004.0,30.6,32.88141198,36.3,35.240221,17.1,11.77475578,16.0,20.10361124
36047,NY,Kings County,2000,2004.0,20.2,20.76465738,26.7,27.61208374,31.2,21.85490949,21.8,29.76834938
36049,NY,Lewis County,2000,2004.0,21.2,26.78131332,48.1,46.96861822,19.0,13.19349362,11.7,13.05657484
36051,NY,Livingston County,2000,2004.0,29.3,30.36257696,33.8,33.97655163,17.7,10.94336062,19.2,24.71751079
36053,NY,Madison County,2000,2004.0,28.6,30.75965394,33.2,35.03059717,16.7,9.797425617,21.6,24.41232327
36055,NY,Monroe County,2000,2004.0,27.5,28.62593949,26.1,24.98625635,15.1,10.89774929,31.2,35.49005487
36057,NY,Montgomery County,2000,2004.0,25.3,30.47702407,39.2,36.95113056,21.9,16.46973012,13.6,16.10211524
36059,NY,Nassau County,2000,2004.0,24.6,23.83840216,26.8,24.89080489,13.3,9.862520129,35.4,41.40827283
36061,NY,New York County,2000,2004.0,15.8,14.68287094,13.5,12.6941184,21.3,14.53374407,49.4,58.08926658
36063,NY,Niagara County,2000,2004.0,28.9,31.70710473,36.9,36.23822184,16.7,10.6072072,17.4,21.44746623
36065,NY,Oneida County,2000,2004.0,28.2,31.48196828,32.6,32.54221588,21.0,13.56603703,18.3,22.40977881
36067,NY,Onondaga County,2000,2004.0,28.1,29.78036868,29.1,26.78826163,14.3,10.55263645,28.5,32.87873323
36069,NY,Ontario County,2000,2004.0,31.1,32.38785743,31.6,28.01734652,12.6,8.33175227,24.7,31.26304377
36071,NY,Orange County,2000,2004.0,28.2,29.30175783,31.1,28.98404638,18.2,13.06189632,22.5,28.65229947
36073,NY,Orleans County,2000,2004.0,23.8,29.64498047,39.7,40.97842704,23.6,13.5722779,13.0,15.80431459
36075,NY,Oswego County,2000,2004.0,24.8,28.89559736,41.2,41.77627824,19.6,13.29291341,14.4,16.035211
36077,NY,Otsego County,2000,2004.0,26.3,28.51179087,34.7,33.73008971,17.0,11.23673682,22.0,26.5213826
36079,NY,Putnam County,2000,2004.0,28.2,27.2711416,28.1,26.60833164,9.8,7.273467252,33.9,38.84705951
36081,NY,Queens County,2000,2004.0,22.3,22.70889479,27.7,27.31100637,25.6,20.04804526,24.3,29.93205358
36083,NY,Rensselaer County,2000,2004.0,28.7,31.32558248,32.5,30.60652752,15.1,10.15081477,23.7,27.91707522
36085,NY,Richmond County,2000,2004.0,25.8,25.90633222,33.6,32.69001238,17.4,12.37158117,23.2,29.03207424
36087,NY,Rockland County,2000,2004.0,25.3,23.6274923,22.5,23.46502028,14.7,12.05491554,37.5,40.85257188
36089,NY,St. Lawrence County,2000,2004.0,25.1,29.73170903,37.7,37.2255475,20.8,12.93289205,16.4,20.10985142
36091,NY,Saratoga County,2000,2004.0,28.4,29.66261649,29.0,26.92645459,11.8,6.685410195,30.9,36.72551872
36093,NY,Schenectady County,2000,2004.0,27.5,30.43673333,30.9,31.25005966,15.2,9.671137416,26.3,28.64206959
36095,NY,Schoharie County,2000,2004.0,26.3,29.55811029,38.1,38.30159871,18.3,12.26872642,17.3,19.87156458
36097,NY,Schuyler County,2000,2004.0,27.0,33.68621478,39.9,37.93602437,17.6,12.00304646,15.5,16.37471439
36099,NY,Seneca County,2000,2004.0,25.9,30.03539319,35.7,34.98637159,20.9,16.36223099,17.5,18.61600423
36101,NY,Steuben County,2000,2004.0,27.6,31.25238697,37.3,36.01750933,17.2,12.61347278,17.9,20.11663092
36103,NY,Suffolk County,2000,2004.0,27.4,27.08870823,31.3,30.03259725,13.8,10.23116217,27.5,32.64753235
36105,NY,Sullivan County,2000,2004.0,25.7,30.61571205,33.9,33.3675603,23.8,15.51601822,16.7,20.50070943
36107,NY,Tioga County,2000,2004.0,27.7,30.01808318,37.4,37.97185805,15.2,8.470840868,19.7,23.5392179
36109,NY,Tompkins County,2000,2004.0,21.6,23.11487329,22.3,20.08724553,8.6,6.922517657,47.5,49.87536352
36111,NY,Ulster County,2000,2004.0,26.7,29.61827632,30.0,29.14004375,18.3,11.69631447,25.0,29.54536546
36113,NY,Warren County,2000,2004.0,27.8,29.77955231,33.6,33.40908126,15.4,9.429554432,23.2,27.381812
36115,NY,Washington County,2000,2004.0,24.6,25.98511678,40.2,43.67687273,20.8,13.30972341,14.3,17.02828708
36117,NY,Wayne County,2000,2004.0,29.1,31.86361513,36.2,35.92869376,17.7,11.86361513,17.0,20.34407598
36119,NY,Westchester County,2000,2004.0,20.6,20.66729084,22.1,21.97403258,16.4,12.57169253,40.9,44.78698405
36121,NY,Wyoming County,2000,2004.0,25.2,32.18719835,38.9,40.42206171,24.4,12.93479346,11.5,14.45594648
36123,NY,Yates County,2000,2004.0,25.7,24.80988015,36.2,37.17831721,20.0,14.88714486,18.2,23.12465778
37000,NC,North Carolina,2000,2004.0,27.2,30.43521161,28.4,27.24487,21.9,15.49175466,22.5,26.82816373
37001,NC,Alamance County,2000,2004.0,26.2,31.59164389,31.2,28.65379418,23.5,17.99445462,19.2,21.7601073
37003,NC,Alexander County,2000,2004.0,23.8,27.64982328,35.5,39.19291568,31.3,22.02586709,9.3,11.13139395
37005,NC,Alleghany County,2000,2004.0,24.6,27.152889,31.8,34.12590859,32.0,23.81421708,11.7,14.90698534
37007,NC,Anson County,2000,2004.0,22.6,25.38724931,38.4,42.51318006,29.8,23.3382249,9.2,8.761345725
37009,NC,Ashe County,2000,2004.0,23.2,29.74148707,33.3,31.54157708,31.4,19.87099355,12.1,18.8459423
37011,NC,Avery County,2000,2004.0,24.3,30.4444958,31.8,31.75410215,29.4,17.38695016,14.5,20.41445189
37013,NC,Beaufort County,2000,2004.0,25.2,30.06144074,33.8,32.18663738,25.0,19.41764863,16.0,18.33427325
37015,NC,Bertie County,2000,2004.0,18.3,25.46554622,36.7,37.29747899,36.2,26.07058824,8.8,11.16638655
37017,NC,Bladen County,2000,2004.0,25.5,30.65313993,33.8,33.01752327,29.4,25.22008887,11.3,11.10924792
37019,NC,Brunswick County,2000,2004.0,29.0,32.46807568,33.2,28.7245036,21.7,14.15741948,16.1,24.65000123
37021,NC,Buncombe County,2000,2004.0,28.4,30.08370667,28.3,25.31891063,18.1,11.8704315,25.3,32.72695119
37023,NC,Burke County,2000,2004.0,24.4,30.06731248,30.4,30.34041801,32.4,23.35534243,12.8,16.23692708
37025,NC,Cabarrus County,2000,2004.0,29.0,33.86917722,30.1,28.12405876,21.8,13.77589219,19.1,24.23087184
37027,NC,Caldwell County,2000,2004.0,23.7,30.70921119,32.1,32.3919077,33.8,24.57888949,10.4,12.31999162
37029,NC,Camden County,2000,2004.0,31.9,38.27501535,34.0,30.78575813,17.9,11.47943524,16.2,19.45979128
37031,NC,Carteret County,2000,2004.0,32.6,35.74244684,29.6,28.91957592,17.9,11.494699,19.8,23.84327825
37033,NC,Caswell County,2000,2004.0,24.2,29.66400376,36.7,35.65554511,30.8,25.09398496,8.3,9.586466165
37035,NC,Catawba County,2000,2004.0,26.5,30.59145319,31.3,30.7163007,25.2,18.14768222,17.0,20.54456389
37037,NC,Chatham County,2000,2004.0,23.6,24.82709432,26.7,23.98634045,22.1,14.48949598,27.6,36.69706925
37039,NC,Cherokee County,2000,2004.0,27.5,34.59279561,34.8,32.83574785,26.7,16.96848081,11.0,15.60297572
37041,NC,Chowan County,2000,2004.0,23.1,25.06368803,33.6,33.28434254,26.9,23.06486381,16.4,18.58710562
37043,NC,Clay County,2000,2004.0,27.3,35.18137381,33.8,30.57627991,23.5,14.08541291,15.4,20.15693337
37045,NC,Cleveland County,2000,2004.0,24.8,30.78472653,34.1,34.1199279,27.8,19.2236039,13.3,15.87174167
37047,NC,Columbus County,2000,2004.0,24.9,35.21970876,33.7,31.24888424,31.4,21.88926577,10.1,11.64214124
37049,NC,Craven County,2000,2004.0,32.8,37.85303919,30.0,27.67163774,17.9,12.65286427,19.3,21.8224588
37051,NC,Cumberland County,2000,2004.0,37.5,40.07779884,28.4,26.59404751,15.0,10.9467425,19.1,22.38141115
37053,NC,Currituck County,2000,2004.0,29.8,35.06501472,34.4,33.32924436,22.4,14.21123651,13.3,17.39450442
37055,NC,Dare County,2000,2004.0,33.3,35.92353129,27.6,24.64878672,11.4,8.756385696,27.7,30.6712963
37057,NC,Davidson County,2000,2004.0,26.1,28.00604473,33.2,34.14197956,28.0,20.68262499,12.8,17.16935073
37059,NC,Davie County,2000,2004.0,25.8,27.06965433,34.7,32.56557235,21.9,15.60187598,17.6,24.76289734
37061,NC,Duplin County,2000,2004.0,23.7,30.88513216,31.6,29.55186786,34.2,28.53962254,10.5,11.02337743
37063,NC,Durham County,2000,2004.0,23.6,24.07840876,19.2,18.1118122,17.0,13.07133003,40.1,44.73844901
37065,NC,Edgecombe County,2000,2004.0,20.2,31.44894253,36.9,36.33838923,34.4,21.85697501,8.5,10.35569323
37067,NC,Forsyth County,2000,2004.0,26.4,28.44915339,27.0,27.09032708,18.0,12.83586227,28.7,31.62465726
37069,NC,Franklin County,2000,2004.0,25.9,30.60749951,34.5,34.08067359,26.4,19.84775798,13.2,15.46406893
37071,NC,Gaston County,2000,2004.0,27.7,32.5828423,29.6,30.06366135,28.6,19.34530004,14.2,18.00819631
37073,NC,Gates County,2000,2004.0,25.6,34.87142514,35.3,36.46959865,28.6,17.05118962,10.5,11.60778659
37075,NC,Graham County,2000,2004.0,21.1,30.65293238,36.0,35.37132414,31.6,21.06662236,11.2,12.90912112
37077,NC,Granville County,2000,2004.0,25.9,31.53512829,34.1,32.78153756,27.0,19.96445786,13.0,15.71887628
37079,NC,Greene County,2000,2004.0,22.6,32.39262115,34.7,32.04845815,34.6,23.95374449,8.2,11.60517621
37081,NC,Guilford County,2000,2004.0,27.5,28.6598689,25.1,25.79771203,17.0,12.52668458,30.3,33.01573449
37083,NC,Halifax County,2000,2004.0,21.2,28.70486845,33.1,35.59136044,34.6,23.97291438,11.1,11.73085673
37085,NC,Harnett County,2000,2004.0,29.6,35.6345701,32.6,29.67411143,25.0,17.13457707,12.8,17.55674139
37087,NC,Haywood County,2000,2004.0,29.7,32.28131787,32.0,29.69363708,22.3,15.56767247,16.0,22.45737258
37089,NC,Henderson County,2000,2004.0,29.9,32.85031582,29.2,26.29050236,16.8,13.02609832,24.1,27.8330835
37091,NC,Hertford County,2000,2004.0,23.5,30.166934,30.9,31.12932929,34.4,23.84007604,11.1,14.86366067
37093,NC,Hoke County,2000,2004.0,30.2,37.89236111,32.4,28.71527778,26.5,16.98263889,10.9,16.40972222
37095,NC,Hyde County,2000,2004.0,21.5,29.16565901,36.3,34.77629988,31.6,22.87787183,10.6,13.18016929
37097,NC,Iredell County,2000,2004.0,28.9,32.67744598,32.1,29.30484694,21.6,15.05570978,17.4,22.9619973
37099,NC,Jackson County,2000,2004.0,27.6,28.76744736,25.7,27.4978314,21.2,16.71398155,25.5,27.02073969
37101,NC,Johnston County,2000,2004.0,28.2,33.15275976,31.8,30.08696764,24.1,16.84175909,15.9,19.91851351
37103,NC,Jones County,2000,2004.0,26.3,34.51155024,36.4,36.18146396,27.8,17.99332035,9.5,11.31366546
37105,NC,Lee County,2000,2004.0,29.2,31.30836219,29.9,28.75878712,23.7,19.8929808,17.2,20.0398699
37107,NC,Lenoir County,2000,2004.0,27.3,32.46177105,31.3,31.25975861,28.1,22.19633696,13.3,14.08213339
37109,NC,Lincoln County,2000,2004.0,26.9,33.31300137,31.8,30.32050571,28.3,17.06960926,13.0,19.29688366
37111,NC,McDowell County,2000,2004.0,25.2,29.27932171,36.0,36.98853823,29.8,19.3970796,9.0,14.33506045
37113,NC,Macon County,2000,2004.0,29.0,33.29762755,32.2,31.55597874,22.7,14.71475046,16.2,20.43164326
37115,NC,Madison County,2000,2004.0,21.4,28.86519945,31.8,33.20495186,30.7,19.75240715,16.1,18.17744154
37117,NC,Martin County,2000,2004.0,24.5,32.09724663,34.6,35.88166374,29.3,20.05858231,11.6,11.96250732
37119,NC,Mecklenburg County,2000,2004.0,29.2,28.73454878,19.9,19.75039508,13.8,11.18153175,37.1,40.33352439
37121,NC,Mitchell County,2000,2004.0,23.5,27.2254539,32.9,36.5943945,31.4,19.50467125,12.2,16.67548035
37123,NC,Montgomery County,2000,2004.0,22.1,28.62012036,32.1,28.35916281,35.8,28.3751398,10.0,14.64557704
37125,NC,Moore County,2000,2004.0,29.9,33.62127291,25.9,25.76351192,17.4,10.25096373,26.8,30.36425144
37127,NC,Nash County,2000,2004.0,24.5,29.25139561,33.9,33.53951784,24.4,18.26897799,17.2,18.94010856
37129,NC,New Hanover County,2000,2004.0,30.9,32.25827674,24.5,21.51697015,13.7,9.63822835,31.0,36.58652476
37131,NC,Northampton County,2000,2004.0,20.2,26.98494072,31.4,35.55270747,37.5,28.73438001,10.8,8.727971804
37133,NC,Onslow County,2000,2004.0,36.7,41.81456565,32.8,29.43669779,15.7,10.42918781,14.8,18.31954875
37135,NC,Orange County,2000,2004.0,20.3,19.52443013,15.9,15.76831337,12.4,9.500331964,51.5,55.20692453
37137,NC,Pamlico County,2000,2004.0,29.3,33.30973093,31.3,33.60307506,24.8,14.99089622,14.7,18.09629779
37139,NC,Pasquotank County,2000,2004.0,30.1,32.78931751,30.3,28.32686601,23.2,17.77752416,16.4,21.10629232
37141,NC,Pender County,2000,2004.0,29.8,33.10550105,33.5,33.13030537,23.2,14.01168559,13.6,19.75250799
37143,NC,Perquimans County,2000,2004.0,26.6,31.33319681,33.0,36.10485357,28.1,15.19557649,12.3,17.36637313
37145,NC,Person County,2000,2004.0,26.5,31.59501306,38.1,36.03030414,25.1,17.89562723,10.3,14.47905557
37147,NC,Pitt County,2000,2004.0,28.3,32.3087956,25.2,25.4009939,20.1,14.67920488,26.4,27.61100562
37149,NC,Polk County,2000,2004.0,26.6,27.97421371,28.2,31.145406,19.4,13.86989646,25.7,27.01048382
37151,NC,Randolph County,2000,2004.0,23.3,29.26082321,35.6,34.93843677,30.0,22.23592617,11.1,13.56481385
37153,NC,Richmond County,2000,2004.0,23.4,30.12851798,35.7,36.03709126,30.8,21.85130958,10.1,11.98308118
37155,NC,Robeson County,2000,2004.0,22.8,26.36358177,30.7,31.58008528,35.1,29.14299441,11.4,12.91333854
37157,NC,Rockingham County,2000,2004.0,24.8,30.29522096,33.3,34.74793376,31.1,21.91893623,10.8,13.03790905
37159,NC,Rowan County,2000,2004.0,26.5,30.3489272,33.5,33.37704777,25.8,19.61129982,14.2,16.6627252
37161,NC,Rutherford County,2000,2004.0,24.7,33.4371821,33.3,31.25211936,29.6,19.37309257,12.5,15.93760597
37163,NC,Sampson County,2000,2004.0,22.8,28.38251703,35.3,33.36103131,30.9,25.04451461,11.1,13.21193704
37165,NC,Scotland County,2000,2004.0,26.0,27.77168873,29.5,35.34693533,28.6,22.37163814,15.9,14.5097378
37167,NC,Stanly County,2000,2004.0,24.7,30.86714206,35.9,33.74625812,26.6,19.54050963,12.7,15.84609019
37169,NC,Stokes County,2000,2004.0,23.8,27.85470239,40.1,39.92687167,26.8,19.92447402,9.3,12.29395193
37171,NC,Surry County,2000,2004.0,25.5,30.75745983,29.5,30.02962353,33.0,24.39919173,12.0,14.81372491
37173,NC,Swain County,2000,2004.0,26.5,32.09287862,30.2,29.79164507,29.5,19.68487613,13.9,18.43060019
37175,NC,Transylvania County,2000,2004.0,28.8,31.09112562,30.0,29.97823498,17.5,11.6709786,23.7,27.25966079
37177,NC,Tyrrell County,2000,2004.0,21.9,25.02941176,33.8,38.20588235,33.7,26.58823529,10.6,10.17647059
37179,NC,Union County,2000,2004.0,28.1,29.73168215,30.8,26.44280384,19.8,13.04993252,21.3,30.77558149
37181,NC,Vance County,2000,2004.0,23.1,27.73143438,34.2,35.79857579,31.9,25.28992879,10.7,11.18006104
37183,NC,Wake County,2000,2004.0,27.7,26.93445958,17.8,17.13336896,10.7,8.296168417,43.9,47.63600304
37185,NC,Warren County,2000,2004.0,23.9,27.47423028,31.9,33.30863033,32.5,25.22401132,11.6,13.99312807
37187,NC,Washington County,2000,2004.0,20.9,31.1429531,37.4,37.69170491,30.1,19.16489421,11.6,12.00044778
37189,NC,Watauga County,2000,2004.0,24.5,29.38138784,23.9,21.48825533,18.4,10.71543841,33.2,38.41491841
37191,NC,Wayne County,2000,2004.0,29.7,35.88171113,32.5,29.9622509,22.8,18.32524424,15.0,15.83079373
37193,NC,Wilkes County,2000,2004.0,23.2,29.1600082,31.5,32.27207539,34.0,26.50276583,11.3,12.06515058
37195,NC,Wilson County,2000,2004.0,22.6,28.2422244,31.7,31.97117611,30.6,21.76240668,15.1,18.0241928
37197,NC,Yadkin County,2000,2004.0,24.9,30.02655539,36.9,35.78528073,28.0,21.96509863,10.3,12.22306525
37199,NC,Yancey County,2000,2004.0,21.1,30.61834342,36.9,35.57581794,28.9,17.40862769,13.1,16.39721094
38000,ND,North Dakota,2000,2004.0,34.0,36.20279637,27.9,27.23215798,16.1,9.509269652,22.0,27.055776
38001,ND,Adams County,2000,2004.0,31.2,32.14890017,35.4,37.61985336,16.9,8.911449521,16.6,21.31979695
38003,ND,Barnes County,2000,2004.0,30.4,29.33196826,32.5,34.00307141,15.0,10.51958024,22.1,26.14538009
38005,ND,Benson County,2000,2004.0,32.7,38.19787068,30.2,32.66683978,26.2,18.02129317,10.9,11.11399636
38007,ND,Billings County,2000,2004.0,27.0,30.46153846,32.0,36.15384615,22.2,10.76923077,18.8,22.61538462
38009,ND,Bottineau County,2000,2004.0,36.7,39.21737261,29.7,26.74693614,18.7,12.29843045,14.9,21.7372608
38011,ND,Bowman County,2000,2004.0,32.2,35.15178179,32.1,30.84029916,17.8,12.14254289,17.9,21.86537615
38013,ND,Burke County,2000,2004.0,32.0,36.242505,34.9,37.64157229,21.2,10.65956029,12.0,15.45636243
38015,ND,Burleigh County,2000,2004.0,35.5,35.89542722,23.7,23.94425214,12.1,7.134268537,28.7,33.0260521
38017,ND,Cass County,2000,2004.0,36.7,36.69005232,22.9,20.83973484,9.1,5.442805419,31.3,37.02740742
38019,ND,Cavalier County,2000,2004.0,35.3,40.83944037,30.4,30.01332445,21.2,12.62491672,13.1,16.52231845
38021,ND,Dickey County,2000,2004.0,31.1,33.24045695,31.9,29.45110059,20.4,13.84786849,16.6,23.46057398
38023,ND,Divide County,2000,2004.0,32.2,37.41741742,34.9,32.55255255,19.6,9.129129129,13.3,20.9009009
38025,ND,Dunn County,2000,2004.0,29.0,37.40868897,32.2,34.87120338,22.5,10.30372933,16.3,17.41637832
38027,ND,Eddy County,2000,2004.0,31.6,36.96145125,27.9,29.93197279,24.5,14.62585034,15.9,18.48072562
38029,ND,Emmons County,2000,2004.0,23.7,33.05052063,30.0,33.089086,34.1,18.89703047,12.3,14.9633629
38031,ND,Foster County,2000,2004.0,28.3,35.56016598,29.9,33.31950207,22.0,12.406639,19.8,18.71369295
38033,ND,Golden Valley County,2000,2004.0,33.6,41.12903226,34.0,30.10752688,12.6,8.691756272,19.8,20.07168459
38035,ND,Grand Forks County,2000,2004.0,37.0,35.18346013,24.4,24.31040729,10.8,7.066708068,27.8,33.43942452
38037,ND,Grant County,2000,2004.0,29.1,33.40794628,33.1,37.38108562,26.6,13.93396754,11.2,15.27700056
38039,ND,Griggs County,2000,2004.0,30.4,33.5832887,32.6,36.04713444,21.3,14.78307445,15.7,15.58650241
38041,ND,Hettinger County,2000,2004.0,27.9,33.9862361,32.6,34.46267867,25.2,13.55214399,14.4,17.99894124
38043,ND,Kidder County,2000,2004.0,26.0,33.58946213,35.0,30.29637761,28.0,17.67288694,11.0,18.44127333
38045,ND,LaMoure County,2000,2004.0,27.6,34.74025974,33.8,31.26623377,24.7,13.27922078,13.9,20.71428571
38047,ND,Logan County,2000,2004.0,23.3,30.35099794,29.8,32.4845148,34.0,24.29456297,12.9,12.86992429
38049,ND,McHenry County,2000,2004.0,28.9,33.1570997,34.9,37.10976838,23.1,14.09869084,13.2,15.63444109
38051,ND,McIntosh County,2000,2004.0,23.6,26.87585266,25.9,29.14961346,40.7,25.42064575,9.9,18.55388813
38053,ND,McKenzie County,2000,2004.0,30.8,42.33861705,32.5,26.34964392,20.9,11.11876867,15.7,20.19297037
38055,ND,McLean County,2000,2004.0,33.0,39.20990566,30.9,33.35790094,21.0,10.02358491,15.1,17.40860849
38057,ND,Mercer County,2000,2004.0,33.7,38.75061005,31.0,29.81942411,21.0,11.63169026,14.4,19.79827558
38059,ND,Morton County,2000,2004.0,31.2,35.02638171,31.9,30.1870703,19.8,10.68059479,17.0,24.10595321
38061,ND,Mountrail County,2000,2004.0,32.7,41.10369207,29.6,29.20267086,22.1,11.09583661,15.6,18.59780047
38063,ND,Nelson County,2000,2004.0,33.1,38.1795196,30.8,29.37210282,18.6,11.71512853,17.5,20.73324905
38065,ND,Oliver County,2000,2004.0,32.6,38.96396396,35.3,32.73273273,20.1,13.43843844,12.0,14.86486486
38067,ND,Pembina County,2000,2004.0,31.5,34.17132216,31.9,34.24581006,20.2,11.67597765,16.4,19.90689013
38069,ND,Pierce County,2000,2004.0,32.0,36.8273717,29.9,33.62363919,23.3,16.23639191,14.7,13.3125972
38071,ND,Ramsey County,2000,2004.0,36.1,38.15388522,25.2,26.26968004,19.9,13.64906044,18.8,21.9273743
38073,ND,Ransom County,2000,2004.0,29.8,35.5732239,35.6,36.72736599,18.7,10.92587843,15.8,16.77353167
38075,ND,Renville County,2000,2004.0,35.1,45.80067189,32.9,29.45128779,15.9,7.502799552,16.1,17.24524076
38077,ND,Richland County,2000,2004.0,40.6,41.53817047,27.4,27.92545644,16.8,9.876076057,15.2,20.66029704
38079,ND,Rolette County,2000,2004.0,32.4,39.29789115,26.6,23.07109484,26.3,18.96704129,14.7,18.66397272
38081,ND,Sargent County,2000,2004.0,33.3,33.39343671,35.2,37.10782546,18.9,11.28741435,12.7,18.21132348
38083,ND,Sheridan County,2000,2004.0,26.9,30.58933583,31.3,40.22450889,32.2,14.31244153,9.7,14.87371375
38085,ND,Sioux County,2000,2004.0,35.3,36.08007449,32.0,27.79329609,21.5,20.53072626,11.2,15.59590317
38087,ND,Slope County,2000,2004.0,30.1,28.47100176,36.4,34.27065026,17.5,14.58699473,16.0,22.67135325
38089,ND,Stark County,2000,2004.0,29.8,33.25599853,27.8,32.14481959,20.1,11.0507357,22.3,23.54844618
38091,ND,Steele County,2000,2004.0,37.9,40.4432133,28.3,30.81717452,13.9,11.08033241,19.8,17.65927978
38093,ND,Stutsman County,2000,2004.0,27.5,27.45800055,33.9,35.10052327,18.9,13.6945745,19.7,23.74690168
38095,ND,Towner County,2000,2004.0,32.0,37.43218807,33.8,30.74141049,18.1,8.981314045,16.1,22.8450874
38097,ND,Traill County,2000,2004.0,36.0,35.68306011,25.9,27.21311475,16.3,9.253187614,21.8,27.85063752
38099,ND,Walsh County,2000,2004.0,31.3,33.58971126,32.1,32.45492372,23.4,17.55138066,13.3,16.40398437
38101,ND,Ward County,2000,2004.0,36.3,38.50437136,28.9,27.9688801,12.6,7.269983347,22.1,26.2567652
38103,ND,Wells County,2000,2004.0,28.0,31.43822987,30.9,34.60356484,27.4,15.02765827,13.7,18.93054702
38105,ND,Williams County,2000,2004.0,34.3,40.98840912,31.8,28.83709082,17.5,10.8330149,16.5,19.34148516
39000,OH,Ohio,2000,2004.0,25.8,28.54162182,36.1,34.92639154,17.0,11.79811591,21.1,24.73387073
39001,OH,Adams County,2000,2004.0,17.0,20.9375,44.4,46.05208333,31.4,22.359375,7.2,10.65104167
39003,OH,Allen County,2000,2004.0,26.5,30.61969109,42.6,41.27716647,17.5,11.61073535,13.4,16.49240709
39005,OH,Ashland County,2000,2004.0,20.4,25.02141511,47.0,42.56752898,16.7,13.20884016,15.9,19.20221575
39007,OH,Ashtabula County,2000,2004.0,23.0,26.04400345,45.8,45.55795226,20.1,15.37676158,11.1,13.02128271
39009,OH,Athens County,2000,2004.0,23.1,27.44438157,34.2,32.59076153,17.1,11.63296304,25.7,28.33189386
39011,OH,Auglaize County,2000,2004.0,24.7,29.74040267,47.6,44.84042209,14.3,9.024406034,13.4,16.39476921
39013,OH,Belmont County,2000,2004.0,23.4,29.40180031,46.3,44.09383679,19.1,12.65142114,11.1,13.85294176
39015,OH,Brown County,2000,2004.0,20.7,23.67295514,45.3,48.25768376,25.2,17.66188124,8.8,10.40747986
39017,OH,Butler County,2000,2004.0,26.2,27.18414336,33.6,34.2428516,16.7,11.79618497,23.5,26.77682007
39019,OH,Carroll County,2000,2004.0,17.9,23.80577169,53.0,48.45858367,19.9,16.32522407,9.1,11.41042057
39021,OH,Champaign County,2000,2004.0,23.7,26.71652954,48.1,45.87135378,17.7,12.25504862,10.6,15.15706806
39023,OH,Clark County,2000,2004.0,26.7,31.49304661,39.7,37.62125504,18.8,13.92072281,14.9,16.96497553
39025,OH,Clermont County,2000,2004.0,25.9,27.08465,35.4,35.41487409,18.0,12.09709965,20.8,25.40337625
39027,OH,Clinton County,2000,2004.0,26.9,29.53969747,42.1,43.82282695,16.9,12.70536296,14.1,13.93211261
39029,OH,Columbiana County,2000,2004.0,22.2,26.74779634,47.6,46.46757006,19.4,13.82844363,10.8,12.95618998
39031,OH,Coshocton County,2000,2004.0,17.8,24.93924545,51.1,48.91438588,21.3,14.34604199,9.8,11.80032668
39033,OH,Crawford County,2000,2004.0,21.1,27.98521013,49.4,47.22854973,19.8,13.56178403,9.7,11.22445611
39035,OH,Cuyahoga County,2000,2004.0,26.4,29.04115655,30.0,28.96160769,18.4,12.938389,25.1,29.05884676
39037,OH,Darke County,2000,2004.0,22.4,26.24877571,50.4,49.368966,17.2,12.91450958,10.1,11.46774871
39039,OH,Defiance County,2000,2004.0,24.6,28.46715328,45.8,43.10795236,15.3,11.99385325,14.3,16.43104111
39041,OH,Delaware County,2000,2004.0,26.9,25.24408363,24.9,20.82935371,7.1,4.084863278,41.0,49.84169939
39043,OH,Erie County,2000,2004.0,26.3,28.70372078,41.0,40.17414083,16.0,10.86166504,16.6,20.26047335
39045,OH,Fairfield County,2000,2004.0,28.4,30.23234133,38.4,35.68920333,12.4,8.268161054,20.8,25.81029429
39047,OH,Fayette County,2000,2004.0,20.4,24.01599016,47.6,44.29581796,21.3,18.32205822,10.7,13.36613366
39049,OH,Franklin County,2000,2004.0,26.8,27.98097645,27.1,25.70147665,14.3,10.3226021,31.8,35.99494479
39051,OH,Fulton County,2000,2004.0,28.1,30.35294942,44.0,41.51975045,14.7,11.40513827,13.2,16.72216186
39053,OH,Gallia County,2000,2004.0,20.4,26.13067744,41.7,40.3339107,26.3,18.27848345,11.6,15.25692841
39055,OH,Geauga County,2000,2004.0,26.5,28.10018229,28.1,27.81009749,13.7,9.308076405,31.7,34.78164381
39057,OH,Greene County,2000,2004.0,27.8,29.91157471,29.0,27.16487007,12.2,7.557311794,31.1,35.36624343
39059,OH,Guernsey County,2000,2004.0,22.2,27.53320891,46.2,45.00311048,21.6,14.77659458,10.0,12.68708603
39061,OH,Hamilton County,2000,2004.0,25.8,27.81443057,27.8,27.31933428,17.3,11.70877222,29.2,33.15746293
39063,OH,Hancock County,2000,2004.0,26.1,28.92488895,40.6,37.44095833,11.6,9.006492071,21.7,24.62766064
39065,OH,Hardin County,2000,2004.0,18.7,21.10769231,50.4,51.54358974,19.4,13.36410256,11.4,13.98461538
39067,OH,Harrison County,2000,2004.0,20.9,27.81680747,49.6,49.19519787,20.4,15.15340151,9.0,7.834593153
39069,OH,Henry County,2000,2004.0,22.5,30.35001051,49.9,46.53668278,16.5,9.806600799,11.1,13.30670591
39071,OH,Highland County,2000,2004.0,21.8,27.83640251,44.8,42.60983516,23.7,18.47368784,9.7,11.08007449
39073,OH,Hocking County,2000,2004.0,22.0,29.27979352,46.2,43.97180722,22.0,13.96237653,9.8,12.78602273
39075,OH,Holmes County,2000,2004.0,11.1,14.72181398,32.2,32.45013647,48.5,44.53915599,8.3,8.288893554
39077,OH,Huron County,2000,2004.0,21.4,26.0859654,48.8,49.30979458,19.0,12.23373268,10.9,12.37050733
39079,OH,Jackson County,2000,2004.0,19.4,23.47634862,43.1,43.40723454,26.5,19.07369177,11.0,14.04272507
39081,OH,Jefferson County,2000,2004.0,23.4,30.2528745,46.5,43.57584189,18.3,11.40185769,11.8,14.76942592
39083,OH,Knox County,2000,2004.0,22.9,26.88395214,42.1,41.18943296,18.2,11.53560356,16.7,20.39101135
39085,OH,Lake County,2000,2004.0,30.5,32.12547256,34.4,34.20968101,13.6,8.884756986,21.5,24.78008945
39087,OH,Lawrence County,2000,2004.0,21.9,25.2246365,43.5,43.58764908,24.4,16.24151049,10.3,14.94620393
39089,OH,Licking County,2000,2004.0,25.6,29.13500375,40.7,38.04338987,15.3,10.82307018,18.4,21.9985362
39091,OH,Logan County,2000,2004.0,20.3,23.16110804,51.9,48.21875101,16.4,13.27899198,11.5,15.34114896
39093,OH,Lorain County,2000,2004.0,29.4,32.07662843,36.8,35.46762272,17.2,11.25345157,16.6,21.20229728
39095,OH,Lucas County,2000,2004.0,29.4,32.1212037,32.3,32.74555695,17.1,12.22523943,21.3,22.90799992
39097,OH,Madison County,2000,2004.0,24.3,28.60197808,41.7,38.80312751,21.0,15.02606255,13.0,17.56883186
39099,OH,Mahoning County,2000,2004.0,24.8,27.37928559,40.1,39.8234907,17.6,11.84527015,17.5,20.95195357
39101,OH,Marion County,2000,2004.0,24.2,28.65962349,45.0,44.07851833,19.7,15.11238642,11.1,12.14947176
39103,OH,Medina County,2000,2004.0,27.7,30.81445025,36.4,32.73095458,11.2,6.573191155,24.8,29.88140401
39105,OH,Meigs County,2000,2004.0,19.2,26.64078612,46.6,44.77738687,26.8,17.15394881,7.4,11.4278782
39107,OH,Mercer County,2000,2004.0,21.6,25.58974929,49.7,47.77246973,16.0,10.55808614,12.7,16.07969485
39109,OH,Miami County,2000,2004.0,26.6,30.01962904,39.8,37.78447883,17.3,11.87556896,16.3,20.32032317
39111,OH,Monroe County,2000,2004.0,20.3,24.09181447,50.0,52.83126245,21.2,12.59603528,8.4,10.48088779
39113,OH,Montgomery County,2000,2004.0,30.2,34.23046484,30.4,29.48911654,16.5,11.89681604,22.8,24.38360258
39115,OH,Morgan County,2000,2004.0,21.0,28.84945621,50.5,47.46231635,19.4,16.01793551,9.1,7.670291929
39117,OH,Morrow County,2000,2004.0,21.9,27.66766339,47.3,45.08329774,21.4,13.78043571,9.5,13.46860316
39119,OH,Muskingum County,2000,2004.0,23.7,28.03292668,44.2,44.74339117,19.4,13.42649797,12.6,13.79718418
39121,OH,Noble County,2000,2004.0,22.7,18.7150317,47.8,50.69004103,21.4,21.73629243,8.1,8.858634838
39123,OH,Ottawa County,2000,2004.0,27.7,32.13859812,40.4,38.4623029,15.8,9.099642242,16.0,20.29945674
39125,OH,Paulding County,2000,2004.0,21.3,26.63993342,52.5,48.58137247,18.4,12.24180979,7.8,12.53688432
39127,OH,Perry County,2000,2004.0,20.9,26.08513315,51.1,48.03522751,21.1,15.74334242,6.9,10.13629692
39129,OH,Pickaway County,2000,2004.0,23.0,24.57367847,42.8,43.63776637,22.8,15.85570247,11.4,15.9328527
39131,OH,Pike County,2000,2004.0,18.9,21.50644202,41.5,44.2126128,29.9,21.6264149,9.7,12.65453028
39133,OH,Portage County,2000,2004.0,25.0,26.87315519,39.9,38.86173935,14.1,9.649705808,21.0,24.61539965
39135,OH,Preble County,2000,2004.0,22.1,29.67517804,49.4,45.99617857,18.3,12.43703318,10.1,11.89161021
39137,OH,Putnam County,2000,2004.0,25.5,27.97002425,47.7,43.97178752,13.9,8.322680185,12.9,19.73550804
39139,OH,Richland County,2000,2004.0,24.6,29.23264453,42.9,41.39075923,19.8,14.36963083,12.6,15.00696541
39141,OH,Ross County,2000,2004.0,22.6,26.4329212,42.2,42.90459494,23.9,16.95700314,11.3,13.70548072
39143,OH,Sandusky County,2000,2004.0,26.5,33.31884163,43.7,41.16851436,17.9,12.1947685,11.9,13.31787552
39145,OH,Scioto County,2000,2004.0,24.1,28.80131732,39.9,38.56704465,25.9,18.64825418,10.1,13.98338386
39147,OH,Seneca County,2000,2004.0,24.3,28.15833199,46.3,44.70708045,16.9,11.40858659,12.5,15.72600096
39149,OH,Shelby County,2000,2004.0,23.4,27.08850546,45.3,46.36606256,18.5,12.79481132,12.8,13.75062066
39151,OH,Stark County,2000,2004.0,24.2,28.35646571,41.2,39.70333457,16.6,11.26549999,17.9,20.67469973
39153,OH,Summit County,2000,2004.0,27.0,28.60373169,33.6,32.09413167,14.3,9.912259322,25.1,29.38987733
39155,OH,Trumbull County,2000,2004.0,23.7,25.65458927,44.3,45.45157469,17.5,12.5376142,14.5,16.35622183
39157,OH,Tuscarawas County,2000,2004.0,19.9,22.28804613,48.2,49.03811309,19.7,14.00526241,12.2,14.66857836
39159,OH,Union County,2000,2004.0,26.2,27.32727485,43.9,36.49656297,14.0,8.385762554,15.9,27.79039963
39161,OH,Van Wert County,2000,2004.0,23.0,26.93137456,51.7,48.23813437,13.4,9.836655024,12.0,14.99383604
39163,OH,Vinton County,2000,2004.0,17.1,23.98802262,47.6,44.85970944,29.3,23.21171121,6.0,7.940556726
39165,OH,Warren County,2000,2004.0,26.6,26.8586719,31.2,27.95320139,13.8,8.316431464,28.4,36.87169524
39167,OH,Washington County,2000,2004.0,26.4,28.92895897,43.0,44.32618382,15.5,10.86278946,15.0,15.88206774
39169,OH,Wayne County,2000,2004.0,20.9,23.02254361,42.0,43.16743791,20.0,14.44086181,17.2,19.36915667
39171,OH,Williams County,2000,2004.0,23.7,27.91825424,48.7,48.0506485,16.9,11.16114382,10.7,12.86995343
39173,OH,Wood County,2000,2004.0,27.6,31.23561704,34.8,32.33611458,11.4,7.074810691,26.2,29.3534577
39175,OH,Wyandot County,2000,2004.0,23.7,26.46622363,48.9,49.11284599,17.5,11.25879089,9.8,13.16213949
40000,OK,Oklahoma,2000,2004.0,28.8,31.2299324,31.5,31.72047487,19.4,13.81639251,20.3,23.23320022
40001,OK,Adair County,2000,2004.0,18.8,25.36510377,38.1,40.31863601,33.3,23.42952973,9.8,10.88673049
40003,OK,Alfalfa County,2000,2004.0,25.7,26.88570106,40.8,38.57010643,18.6,14.02128644,14.9,20.52290606
40005,OK,Atoka County,2000,2004.0,19.4,25.21721142,39.9,41.23913943,30.6,18.58709144,10.1,14.95655772
40007,OK,Beaver County,2000,2004.0,27.3,27.99680341,36.3,36.814065,18.8,17.68779968,17.6,17.50133191
40009,OK,Beckham County,2000,2004.0,25.7,29.72032742,34.7,36.76671214,24.1,17.89222374,15.5,15.6207367
40011,OK,Blaine County,2000,2004.0,20.3,27.69928019,41.2,36.76352973,24.5,19.50146628,14.0,16.03572381
40013,OK,Bryan County,2000,2004.0,25.2,29.02163688,31.8,32.83522686,25.1,17.27331934,17.9,20.86981692
40015,OK,Caddo County,2000,2004.0,21.1,28.36374884,40.5,40.48355501,24.1,17.60490772,14.2,13.54778843
40017,OK,Canadian County,2000,2004.0,34.4,36.82174622,32.0,28.83532446,12.7,8.7626967,20.9,25.58023262
40019,OK,Carter County,2000,2004.0,25.1,25.92944756,36.8,42.31878546,23.0,14.70951792,15.1,17.04224906
40021,OK,Cherokee County,2000,2004.0,24.4,30.13581178,30.2,30.13238219,23.3,15.16564922,22.1,24.5661568
40023,OK,Choctaw County,2000,2004.0,22.4,27.01087489,36.7,40.95228765,31.0,19.99608112,9.9,12.04075634
40025,OK,Cimarron County,2000,2004.0,27.3,26.89173458,31.5,34.28405122,23.4,22.11874272,17.7,16.70547148
40027,OK,Cleveland County,2000,2004.0,33.4,33.2741515,26.7,26.2298464,11.9,9.112960196,28.0,31.3830419
40029,OK,Coal County,2000,2004.0,19.3,21.58218126,37.0,45.11008705,31.4,20.89093702,12.4,12.41679467
40031,OK,Comanche County,2000,2004.0,34.5,34.66299498,31.5,33.9652867,14.8,11.06139039,19.1,20.31032794
40033,OK,Cotton County,2000,2004.0,23.7,28.97794641,39.2,42.82665402,23.0,14.34669196,14.0,13.84870761
40035,OK,Craig County,2000,2004.0,25.7,30.87027915,40.7,37.67024051,23.1,17.42490099,10.5,14.03457935
40037,OK,Creek County,2000,2004.0,25.9,30.74829353,40.0,38.33117145,22.4,15.24443405,11.7,15.67610096
40039,OK,Custer County,2000,2004.0,27.0,28.0860772,31.4,30.55247256,18.8,15.64311259,22.8,25.71833765
40041,OK,Delaware County,2000,2004.0,25.0,28.92783505,37.0,39.6185567,24.6,15.75601375,13.3,15.6975945
40043,OK,Dewey County,2000,2004.0,22.4,25.17482517,40.8,41.86682882,20.2,12.46579507,16.6,20.49255093
40045,OK,Ellis County,2000,2004.0,23.7,30.39283253,38.2,33.14955203,18.8,12.54307374,19.2,23.9145417
40047,OK,Garfield County,2000,2004.0,27.1,28.08745916,35.6,36.77808495,17.8,13.56370947,19.6,21.57074642
40049,OK,Garvin County,2000,2004.0,20.6,24.52158913,40.4,42.660773,27.0,17.70794027,12.0,15.10969759
40051,OK,Grady County,2000,2004.0,26.8,31.42799376,38.3,36.8638438,20.5,15.03668188,14.4,16.67148056
40053,OK,Grant County,2000,2004.0,30.4,33.35415365,39.1,37.25796377,14.3,9.931292942,16.2,19.45658963
40055,OK,Greer County,2000,2004.0,27.8,26.26819585,36.3,37.56065285,23.3,21.26157918,12.6,14.90957212
40057,OK,Harmon County,2000,2004.0,18.8,30.34055728,32.2,29.20536636,36.8,24.81940144,12.1,15.63467492
40059,OK,Harper County,2000,2004.0,26.6,27.84204228,36.3,42.40127643,17.9,14.35979258,19.2,15.39688871
40061,OK,Haskell County,2000,2004.0,24.0,29.0435595,32.6,33.99509518,33.1,24.03363307,10.3,12.92771225
40063,OK,Hughes County,2000,2004.0,22.1,27.71134449,39.1,37.6624727,29.2,23.24009566,9.7,11.38608714
40065,OK,Jackson County,2000,2004.0,33.7,34.19378295,26.9,27.5525662,20.9,17.59680058,18.5,20.65685027
40067,OK,Jefferson County,2000,2004.0,21.4,23.49479402,37.4,45.74468085,30.7,19.46582164,10.6,11.29470349
40069,OK,Johnston County,2000,2004.0,25.3,32.91523088,30.4,30.58580289,30.9,19.32460372,13.3,17.17436251
40071,OK,Kay County,2000,2004.0,29.5,31.88495691,33.2,34.92099765,19.1,14.36732828,18.3,18.82671716
40073,OK,Kingfisher County,2000,2004.0,26.3,33.18808269,38.7,32.99554114,18.8,15.27158492,16.1,18.54479124
40075,OK,Kiowa County,2000,2004.0,26.3,29.21957262,36.2,38.78909879,22.6,14.50913596,14.8,17.48219263
40077,OK,Latimer County,2000,2004.0,27.0,37.09677419,34.8,33.73311277,26.2,15.70168183,12.0,13.46843121
40079,OK,Le Flore County,2000,2004.0,23.9,30.48692516,35.1,37.16561467,29.6,19.99098287,11.3,12.35647731
40081,OK,Lincoln County,2000,2004.0,24.4,30.93782745,42.0,41.38141809,22.5,15.09779951,11.1,12.58295494
40083,OK,Logan County,2000,2004.0,27.8,32.37357498,34.6,32.98377667,18.5,11.7290266,19.1,22.91362175
40085,OK,Love County,2000,2004.0,21.4,23.46022903,41.4,44.76942123,26.4,16.37264005,10.8,15.39770969
40087,OK,McClain County,2000,2004.0,26.8,33.21768917,36.8,35.86579421,20.7,11.90549383,15.7,19.01102279
40089,OK,McCurtain County,2000,2004.0,22.3,26.7317163,36.2,41.39549869,30.8,18.85211948,10.8,13.02066553
40091,OK,McIntosh County,2000,2004.0,24.3,29.45678169,34.2,37.18483088,28.4,20.61496413,13.1,12.7434233
40093,OK,Major County,2000,2004.0,23.8,28.30188679,40.4,42.67200305,21.4,13.18848866,14.4,15.8376215
40095,OK,Marshall County,2000,2004.0,25.3,27.5708314,34.3,37.81699954,29.0,19.47050627,11.4,15.1416628
40097,OK,Mayes County,2000,2004.0,25.9,32.24065781,38.1,38.66089127,23.9,15.20079289,12.1,13.89765803
40099,OK,Murray County,2000,2004.0,23.6,27.69685686,35.8,40.42273574,25.7,16.27423064,14.9,15.60617676
40101,OK,Muskogee County,2000,2004.0,27.8,33.65936499,31.9,33.18214063,24.9,15.42165567,15.4,17.73683871
40103,OK,Noble County,2000,2004.0,25.6,32.09766074,40.1,35.89415825,18.5,12.75725425,15.8,19.25092675
40105,OK,Nowata County,2000,2004.0,24.0,29.58327603,42.7,41.301059,23.8,17.30160913,9.5,11.81405584
40107,OK,Okfuskee County,2000,2004.0,20.5,28.40448366,39.7,39.62556642,30.6,20.53422371,9.2,11.43572621
40109,OK,Oklahoma County,2000,2004.0,31.1,31.13672564,26.0,25.4552499,17.5,14.07421757,25.4,29.33380688
40111,OK,Okmulgee County,2000,2004.0,28.1,33.8838877,35.3,36.86298444,25.3,15.23497101,11.4,14.01815685
40113,OK,Osage County,2000,2004.0,29.2,30.62709107,36.4,40.25292366,19.8,12.69529451,14.6,16.42469075
40115,OK,Ottawa County,2000,2004.0,29.0,34.10630785,34.6,36.0530585,24.3,16.67620956,12.2,13.16442409
40117,OK,Pawnee County,2000,2004.0,26.5,28.26106234,40.2,41.07475392,21.2,12.98217611,12.1,17.68200763
40119,OK,Payne County,2000,2004.0,25.8,26.36223729,26.7,27.19424806,13.3,10.58048382,34.2,35.86303083
40121,OK,Pittsburg County,2000,2004.0,26.8,31.20483059,36.5,36.14491756,23.8,17.67043144,12.9,14.97982042
40123,OK,Pontotoc County,2000,2004.0,24.7,28.16120907,31.7,30.54995802,21.8,14.7691016,21.8,26.51973132
40125,OK,Pottawatomie County,2000,2004.0,28.2,31.68711521,35.6,36.77636533,20.7,14.85139744,15.5,16.68512203
40127,OK,Pushmataha County,2000,2004.0,21.3,28.99349024,35.4,39.98497747,31.0,20.14271407,12.4,10.87881823
40129,OK,Roger Mills County,2000,2004.0,24.9,32.39826156,38.6,36.98143026,20.7,10.11457922,15.8,20.50572896
40131,OK,Rogers County,2000,2004.0,33.7,34.73323372,32.8,32.60965105,16.6,9.72664147,16.9,22.93047376
40133,OK,Seminole County,2000,2004.0,26.3,30.27842925,34.8,37.21209934,26.8,18.91875639,12.1,13.59071502
40135,OK,Sequoyah County,2000,2004.0,24.4,27.74771546,34.9,40.81347429,29.8,18.52356209,10.9,12.91524816
40137,OK,Stephens County,2000,2004.0,23.1,27.76670479,37.3,40.99983663,23.0,14.46495671,16.6,16.76850188
40139,OK,Texas County,2000,2004.0,25.6,24.98577583,28.6,25.28651548,28.1,29.82199464,17.7,19.90571405
40141,OK,Tillman County,2000,2004.0,20.5,23.43152257,34.3,35.52027544,32.6,23.77582249,12.5,17.2723795
40143,OK,Tulsa County,2000,2004.0,31.6,32.54060696,26.5,26.46357853,14.9,11.52380099,26.9,29.47201352
40145,OK,Wagoner County,2000,2004.0,30.1,33.287711,35.8,33.82688399,18.7,10.78553357,15.4,22.09987143
40147,OK,Washington County,2000,2004.0,27.4,29.53854101,32.1,34.18182862,14.8,10.87642771,25.8,25.40320266
40149,OK,Washita County,2000,2004.0,25.6,27.8283485,39.1,40.72821847,20.3,14.4993498,15.1,16.94408322
40151,OK,Woods County,2000,2004.0,27.1,30.3073624,31.9,31.8084346,17.3,10.6147248,23.7,27.2694782
40153,OK,Woodward County,2000,2004.0,26.5,29.2435356,38.2,37.25272283,20.1,15.48492258,15.2,18.018819
41000,OR,Oregon,2000,2004.0,33.8,35.13133776,26.3,24.77695628,14.9,10.84598881,25.1,29.24571715
41001,OR,Baker County,2000,2004.0,32.6,34.54668585,31.4,32.99754508,19.7,11.91060696,16.4,20.54516211
41003,OR,Benton County,2000,2004.0,30.4,29.65409489,15.4,15.76251409,6.9,5.960880486,47.4,48.62251053
41005,OR,Clackamas County,2000,2004.0,36.5,36.88861083,24.1,23.68820456,11.1,7.612217549,28.4,31.81096706
41007,OR,Clatsop County,2000,2004.0,37.4,40.906494,29.0,28.8668825,14.4,8.162254809,19.1,22.06436869
41009,OR,Columbia County,2000,2004.0,36.4,37.48412441,35.2,33.98410964,14.4,11.12916088,14.0,17.40260507
41011,OR,Coos County,2000,2004.0,35.8,38.44704761,30.7,31.55273586,18.4,12.16031873,15.0,17.8398978
41013,OR,Crook County,2000,2004.0,29.0,35.7752396,38.9,35.17132729,19.5,14.61861625,12.6,14.43481686
41015,OR,Curry County,2000,2004.0,33.1,40.47305424,32.1,29.86083271,18.3,9.232002749,16.4,20.4341103
41017,OR,Deschutes County,2000,2004.0,36.2,39.17987843,27.2,23.26082643,11.6,7.029742258,25.0,30.52955287
41019,OR,Douglas County,2000,2004.0,33.0,38.93903589,34.7,32.72769535,19.0,13.16907501,13.3,15.16419375
41021,OR,Gilliam County,2000,2004.0,40.8,41.65526676,35.1,31.80574555,10.7,10.39671683,13.4,16.14227086
41023,OR,Grant County,2000,2004.0,31.5,36.22189993,37.3,35.15228426,15.5,11.16751269,15.7,17.45830312
41025,OR,Harney County,2000,2004.0,31.1,36.47934208,38.3,37.1842569,18.8,10.61288428,11.9,15.72351674
41027,OR,Hood River County,2000,2004.0,28.4,28.47833389,26.6,27.40342627,21.8,17.69566678,23.1,26.42257306
41029,OR,Jackson County,2000,2004.0,32.6,37.08287231,30.1,27.9048297,15.0,10.64675495,22.3,24.36554305
41031,OR,Jefferson County,2000,2004.0,31.1,34.02348364,31.7,34.18328354,23.5,16.27179879,13.7,15.52143403
41033,OR,Josephine County,2000,2004.0,36.7,40.33226816,31.0,31.52030249,18.2,11.75319135,14.1,16.39423801
41035,OR,Klamath County,2000,2004.0,31.5,36.21600211,34.1,31.51351113,18.5,12.78936713,15.9,19.48111962
41037,OR,Lake County,2000,2004.0,30.8,32.54477864,33.4,34.03176749,20.4,13.63636364,15.5,19.78709023
41039,OR,Lane County,2000,2004.0,36.2,38.01918283,25.9,25.11091393,12.5,9.381839692,25.5,27.48806355
41041,OR,Lincoln County,2000,2004.0,35.1,37.38715575,29.0,27.89395498,15.1,10.72448863,20.8,23.99440064
41043,OR,Linn County,2000,2004.0,35.6,39.90463267,33.0,32.64175111,18.1,11.30584759,13.4,16.14776863
41045,OR,Malheur County,2000,2004.0,29.5,36.01271797,30.5,30.11078543,29.0,20.20467982,11.1,13.67181678
41047,OR,Marion County,2000,2004.0,33.2,35.74374525,26.3,26.58087122,20.7,16.90630165,19.8,20.76908188
41049,OR,Morrow County,2000,2004.0,31.1,33.72864605,32.1,33.43216151,25.9,21.72808132,11.0,11.11111111
41051,OR,Multnomah County,2000,2004.0,31.9,30.70438806,23.0,19.61358575,14.4,10.50815723,30.7,39.17386897
41053,OR,Polk County,2000,2004.0,34.3,35.45358013,25.8,25.87186908,14.5,10.13970726,25.3,28.53484353
41055,OR,Sherman County,2000,2004.0,32.4,44.6969697,32.9,30.68181818,15.7,9.772727273,19.0,14.84848485
41057,OR,Tillamook County,2000,2004.0,29.6,33.58456275,37.0,34.6375882,15.9,11.50310028,17.6,20.27474877
41059,OR,Umatilla County,2000,2004.0,32.2,37.25933849,29.6,30.10120125,22.2,17.81100872,16.0,14.82845154
41061,OR,Union County,2000,2004.0,32.9,34.6325167,31.0,33.15555035,14.4,10.74317196,21.8,21.46876099
41063,OR,Wallowa County,2000,2004.0,30.4,35.87039877,36.7,34.12576687,12.5,7.726226994,20.3,22.27760736
41065,OR,Wasco County,2000,2004.0,32.4,36.15897082,34.0,26.56788422,17.9,16.678153,15.7,20.59499196
41067,OR,Washington County,2000,2004.0,34.3,32.37474387,20.1,18.86007981,11.1,9.291970099,34.5,39.47320623
41069,OR,Wheeler County,2000,2004.0,27.8,33.42911877,37.2,38.88888889,20.6,12.83524904,14.3,14.8467433
41071,OR,Yamhill County,2000,2004.0,31.3,34.18758091,30.8,30.51270453,17.2,12.77783844,20.6,22.52187612
42000,PA,Pennsylvania,2000,2004.0,21.4,24.03083219,38.1,37.2147319,18.1,11.70845348,22.4,27.04598243
42001,PA,Adams County,2000,2004.0,19.2,23.6835621,43.8,42.32458365,20.3,14.64931225,16.7,19.342542
42003,PA,Allegheny County,2000,2004.0,24.1,26.01211038,33.9,31.4981219,13.7,7.389999361,28.3,35.09976836
42005,PA,Armstrong County,2000,2004.0,18.5,22.85857272,51.1,50.88980082,20.0,11.92072866,10.4,14.33089781
42007,PA,Beaver County,2000,2004.0,25.4,29.29440588,42.4,40.25806452,16.4,9.576970192,15.8,20.87055941
42009,PA,Bedford County,2000,2004.0,17.3,21.64174894,50.7,51.10578279,21.7,15.18758815,10.2,12.06488011
42011,PA,Berks County,2000,2004.0,20.2,23.05893238,39.4,38.69798761,22.0,15.89790096,18.5,22.34517904
42013,PA,Blair County,2000,2004.0,20.0,23.5900272,49.9,48.87529486,16.2,9.585670591,13.9,17.94900735
42015,PA,Bradford County,2000,2004.0,19.7,22.24964014,47.1,47.93108963,18.3,13.39822241,14.8,16.42104782
42017,PA,Bucks County,2000,2004.0,25.2,25.70086903,32.2,32.12763854,11.4,7.073884738,31.2,35.0976077
42019,PA,Butler County,2000,2004.0,24.3,25.71687292,39.0,37.00970658,13.2,7.607193353,23.5,29.66622714
42021,PA,Cambria County,2000,2004.0,19.0,23.33821635,47.4,47.39807104,20.0,11.33090165,13.7,17.93281095
42023,PA,Cameron County,2000,2004.0,17.7,20.26991268,50.0,51.97142101,20.2,13.83964012,12.1,13.9190262
42025,PA,Carbon County,2000,2004.0,20.2,26.51066729,47.9,45.03257676,21.0,12.97534387,11.0,15.48141209
42027,PA,Centre County,2000,2004.0,18.1,20.40434471,33.8,32.69237558,11.8,6.983066006,36.3,39.9202137
42029,PA,Chester County,2000,2004.0,20.9,20.64142332,26.0,23.76624434,10.7,7.32038911,42.5,48.27194323
42031,PA,Clarion County,2000,2004.0,16.1,21.73341072,50.4,47.82743277,18.2,12.12613658,15.3,18.31301993
42033,PA,Clearfield County,2000,2004.0,17.0,23.1659641,51.0,50.49122926,20.9,13.43996465,11.1,12.90284199
42035,PA,Clinton County,2000,2004.0,19.0,22.85078659,48.0,46.4444621,19.6,13.59049738,13.4,17.11425393
42037,PA,Columbia County,2000,2004.0,18.5,21.53142857,46.4,45.37828571,19.4,13.13142857,15.8,19.95885714
42039,PA,Crawford County,2000,2004.0,18.7,22.44064973,48.2,45.73261141,18.4,13.27613494,14.7,18.55060392
42041,PA,Cumberland County,2000,2004.0,22.3,23.87041299,35.8,34.89347487,13.9,8.817088561,27.9,32.41902358
42043,PA,Dauphin County,2000,2004.0,22.5,25.14354642,37.4,36.02414636,16.6,11.28504061,23.5,27.54726661
42045,PA,Delaware County,2000,2004.0,23.4,24.58811836,33.1,32.0106306,13.5,8.499346391,30.0,34.90190465
42047,PA,Elk County,2000,2004.0,20.8,23.41125689,49.5,51.57057994,17.3,9.363648019,12.3,15.65451515
42049,PA,Erie County,2000,2004.0,22.1,24.48343799,41.7,41.25548856,15.4,10.06366454,20.9,24.19740891
42051,PA,Fayette County,2000,2004.0,16.7,21.36218517,47.9,48.87042011,24.0,15.78878022,11.5,13.9786145
42053,PA,Forest County,2000,2004.0,17.3,20.60950413,53.2,50.51652893,20.6,19.6969697,8.9,9.176997245
42055,PA,Franklin County,2000,2004.0,19.2,22.71501819,44.9,43.04383204,21.1,14.96622648,14.8,19.27492329
42057,PA,Fulton County,2000,2004.0,15.6,21.22264005,48.3,51.10404011,26.8,16.40150419,9.3,11.27181564
42059,PA,Greene County,2000,2004.0,15.9,20.92791496,47.6,49.0864799,24.3,14.9448197,12.2,15.04078544
42061,PA,Huntingdon County,2000,2004.0,15.4,21.30515273,47.3,52.09811786,25.4,12.94353595,11.9,13.65319346
42063,PA,Indiana County,2000,2004.0,17.7,21.64033027,46.4,44.57612641,19.0,12.65392555,17.0,21.12961777
42065,PA,Jefferson County,2000,2004.0,17.9,21.75354403,51.4,52.68209516,19.0,13.00792473,11.7,12.55643608
42067,PA,Juniata County,2000,2004.0,14.0,18.50649351,51.8,52.80401417,25.5,17.53837072,8.8,11.15112161
42069,PA,Lackawanna County,2000,2004.0,21.9,25.10307654,40.6,38.14670055,18.0,11.69943886,19.6,25.05078405
42071,PA,Lancaster County,2000,2004.0,18.0,21.23548381,38.8,38.81409296,22.6,16.41290876,20.5,23.53751446
42073,PA,Lawrence County,2000,2004.0,20.8,23.91426432,45.7,45.04243105,18.4,11.67009859,15.1,19.37320604
42075,PA,Lebanon County,2000,2004.0,16.6,21.47163547,46.6,44.67441403,21.4,14.76222722,15.4,19.09172328
42077,PA,Lehigh County,2000,2004.0,22.8,25.24157854,35.0,33.69978376,18.9,13.62553637,23.3,27.43310133
42079,PA,Luzerne County,2000,2004.0,23.3,26.84759012,41.4,40.4712322,18.9,12.21852299,16.4,20.46265469
42081,PA,Lycoming County,2000,2004.0,23.6,26.51564701,41.9,42.25950896,19.4,12.59181928,15.1,18.63302475
42083,PA,McKean County,2000,2004.0,20.3,24.89601901,47.9,48.77533505,17.8,11.14742193,14.0,15.181224
42085,PA,Mercer County,2000,2004.0,20.5,23.89198489,45.2,44.27322936,17.1,11.88241014,17.3,19.95237561
42087,PA,Mifflin County,2000,2004.0,14.3,19.20493066,52.1,51.02619414,22.8,18.55469954,10.9,11.21417565
42089,PA,Monroe County,2000,2004.0,24.7,29.34777743,38.7,36.8700479,16.2,10.54299655,20.5,23.23917812
42091,PA,Montgomery County,2000,2004.0,22.5,22.58178963,27.3,25.4769786,11.5,6.798363307,38.7,45.14286846
42093,PA,Montour County,2000,2004.0,18.1,21.87644076,42.1,40.74074074,17.7,11.33394806,22.1,26.04887045
42095,PA,Northampton County,2000,2004.0,23.0,26.17866982,36.5,35.19136167,19.3,12.01298701,21.2,26.6169815
42097,PA,Northumberland County,2000,2004.0,16.6,19.70508594,50.2,51.2140923,22.2,15.28578997,11.1,13.79503179
42099,PA,Perry County,2000,2004.0,19.0,23.58039923,49.5,46.86343361,20.1,14.3367815,11.3,15.21938566
42101,PA,Philadelphia County,2000,2004.0,20.0,22.57256442,33.3,34.60190382,28.8,19.62864451,17.9,23.19688725
42103,PA,Pike County,2000,2004.0,26.5,33.07298815,41.2,35.93262633,13.2,8.41172801,19.0,22.58265752
42105,PA,Potter County,2000,2004.0,21.0,23.30845368,47.2,50.70582509,19.4,12.41278598,12.3,13.57293526
42107,PA,Schuylkill County,2000,2004.0,18.2,22.945957,48.3,48.92788068,22.8,14.14955739,10.7,13.97660492
42109,PA,Snyder County,2000,2004.0,14.3,20.02172479,46.3,47.181596,26.8,17.05784226,12.5,15.73883695
42111,PA,Somerset County,2000,2004.0,16.3,21.00684968,50.3,49.35817295,22.5,15.60634608,10.8,14.0286313
42113,PA,Sullivan County,2000,2004.0,19.6,24.38822066,45.6,49.50228121,22.0,13.10659477,12.8,13.00290336
42115,PA,Susquehanna County,2000,2004.0,22.1,25.0816122,47.2,46.93105789,17.5,11.8846763,13.2,16.10265361
42117,PA,Tioga County,2000,2004.0,21.6,25.57743147,44.6,44.41700292,19.5,12.01474885,14.2,17.99081675
42119,PA,Union County,2000,2004.0,16.1,21.57511799,39.0,40.6299161,26.9,15.72823807,18.0,22.06672784
42121,PA,Venango County,2000,2004.0,18.5,24.76134264,49.5,49.04280435,19.0,11.47864915,13.1,14.71720386
42123,PA,Warren County,2000,2004.0,22.1,24.78916263,48.5,47.48987317,15.2,10.52526728,14.2,17.19569693
42125,PA,Washington County,2000,2004.0,21.2,24.48452379,42.6,40.44877956,17.4,10.03414923,18.8,25.03254742
42127,PA,Wayne County,2000,2004.0,22.7,26.02175602,43.5,42.86972287,19.3,12.75835276,14.6,18.35016835
42129,PA,Westmoreland County,2000,2004.0,24.2,27.1135131,41.2,40.07634309,14.4,8.07309284,20.2,24.73705096
42131,PA,Wyoming County,2000,2004.0,23.0,24.42961907,45.3,47.15828071,16.3,10.81177429,15.4,17.60032593
42133,PA,York County,2000,2004.0,20.8,24.31171491,41.6,41.8374256,19.3,12.20268072,18.4,21.64817878
44000,RI,Rhode Island,2000,2004.0,24.6,26.51817783,27.8,27.47804301,22.0,15.24004379,25.6,30.76373536
44001,RI,Bristol County,2000,2004.0,23.0,23.3650944,23.5,22.97153341,19.3,11.50204178,34.3,42.16133041
44003,RI,Kent County,2000,2004.0,28.0,29.39303549,31.1,31.20035526,16.1,9.937326139,24.8,29.4692831
44005,RI,Newport County,2000,2004.0,25.3,26.10445191,24.1,22.60055585,12.3,7.546590735,38.3,43.74840151
44007,RI,Providence County,2000,2004.0,23.1,26.04713023,28.1,28.2561331,27.5,19.76737156,21.3,25.92936511
44009,RI,Washington County,2000,2004.0,27.1,26.31079816,26.0,23.59377408,11.4,7.394762735,35.5,42.70066503
45000,SC,South Carolina,2000,2004.0,25.9,29.17928051,30.0,30.3041466,23.7,15.95962486,20.4,24.55694803
45001,SC,Abbeville County,2000,2004.0,21.4,30.64610352,35.9,32.52716439,29.9,24.34863886,12.8,12.47809324
45003,SC,Aiken County,2000,2004.0,26.0,29.04115868,31.8,31.53909616,22.3,15.56421304,19.9,23.85553213
45005,SC,Allendale County,2000,2004.0,19.4,21.79921038,31.2,36.91483362,40.0,26.0998308,9.3,15.18612521
45007,SC,Anderson County,2000,2004.0,24.8,29.82120858,32.6,33.07009508,26.6,18.63963736,15.9,18.46905898
45009,SC,Bamberg County,2000,2004.0,21.0,31.34839151,28.3,28.68876503,35.3,22.78282976,15.4,17.18001369
45011,SC,Barnwell County,2000,2004.0,21.2,26.72691175,34.7,40.16567399,32.5,20.91462997,11.6,12.19278428
45013,SC,Beaufort County,2000,2004.0,30.4,29.04332098,24.2,24.80882537,12.2,9.161159763,33.2,36.98669389
45015,SC,Berkeley County,2000,2004.0,31.5,32.7148945,34.3,33.00852302,19.8,13.76935869,14.4,20.50722378
45017,SC,Calhoun County,2000,2004.0,23.3,30.67432662,35.4,36.15558486,27.2,15.5867395,14.2,17.58334903
45019,SC,Charleston County,2000,2004.0,27.8,27.52717219,22.9,21.861005,18.5,12.18327248,30.7,38.42855032
45021,SC,Cherokee County,2000,2004.0,18.3,24.94907229,36.7,37.24604966,33.3,25.10598469,11.8,12.69889335
45023,SC,Chester County,2000,2004.0,21.5,27.28130052,36.1,38.99766481,32.9,22.6288845,9.6,11.09215017
45025,SC,Chesterfield County,2000,2004.0,21.0,24.10835653,34.5,37.44255292,34.8,26.45802317,9.7,11.99106738
45027,SC,Clarendon County,2000,2004.0,19.4,24.95307167,34.5,37.56825939,34.7,23.65187713,11.4,13.82679181
45029,SC,Colleton County,2000,2004.0,21.1,25.7719305,37.0,37.2175981,30.4,23.3209313,11.5,13.6895401
45031,SC,Darlington County,2000,2004.0,23.3,25.44253575,32.5,36.7500872,30.7,21.76927101,13.5,16.03810603
45033,SC,Dillon County,2000,2004.0,17.9,22.94253325,33.6,39.09309516,39.3,30.07802915,9.2,7.886342445
45035,SC,Dorchester County,2000,2004.0,31.1,35.16007064,29.7,29.53042927,17.8,11.11324941,21.4,24.19625068
45037,SC,Edgefield County,2000,2004.0,23.5,27.79834956,35.4,36.56369022,28.6,18.72619551,12.5,16.91176471
45039,SC,Fairfield County,2000,2004.0,19.6,25.26565062,35.7,39.75954824,33.0,19.90406218,11.7,15.07073896
45041,SC,Florence County,2000,2004.0,23.5,27.80988009,30.9,33.68738657,26.9,17.54456283,18.7,20.9581705
45043,SC,Georgetown County,2000,2004.0,25.0,28.61456978,30.2,33.26054637,24.8,15.26435607,20.0,22.86052778
45045,SC,Greenville County,2000,2004.0,26.9,27.95065751,26.3,26.44877059,20.5,14.66110289,26.2,30.939469
45047,SC,Greenwood County,2000,2004.0,24.5,26.38160637,29.7,31.20598495,26.9,20.5875255,18.9,21.82488318
45049,SC,Hampton County,2000,2004.0,19.1,25.31285552,37.8,39.24203641,33.1,24.23208191,10.1,11.21302617
45051,SC,Horry County,2000,2004.0,30.2,32.11585382,32.2,32.99839966,18.9,12.6688879,18.7,22.21685862
45053,SC,Jasper County,2000,2004.0,20.5,24.56129434,35.9,41.08898569,34.8,22.2464219,8.7,12.10329807
45055,SC,Kershaw County,2000,2004.0,23.7,30.56951222,35.5,34.72606198,24.6,16.13577902,16.3,18.56864678
45057,SC,Lancaster County,2000,2004.0,24.0,29.48657023,35.7,33.71794628,30.2,18.32265668,10.2,18.47282681
45059,SC,Laurens County,2000,2004.0,21.1,27.50701538,35.0,35.20260411,32.3,22.91166236,11.7,14.37871815
45061,SC,Lee County,2000,2004.0,17.1,24.152179,35.1,38.559289,38.6,29.28198332,9.2,8.006548686
45063,SC,Lexington County,2000,2004.0,28.9,32.26197592,29.5,28.08641448,17.0,11.75077562,24.6,27.90083397
45065,SC,McCormick County,2000,2004.0,19.6,31.24298716,30.5,28.16357063,33.9,22.02967211,16.0,18.5637701
45067,SC,Marion County,2000,2004.0,19.3,24.32579186,38.5,44.33936652,32.0,19.28054299,10.2,12.05429864
45069,SC,Marlboro County,2000,2004.0,17.5,21.255,35.0,39.265,39.1,29.675,8.3,9.805
45071,SC,Newberry County,2000,2004.0,20.8,24.97020262,33.5,32.04211363,30.9,24.02860548,14.8,18.95907827
45073,SC,Oconee County,2000,2004.0,22.5,28.03940321,33.2,32.92081102,26.1,17.47513389,18.2,21.56465187
45075,SC,Orangeburg County,2000,2004.0,23.7,24.75408463,31.5,36.37704231,28.5,21.05739422,16.3,17.81147884
45077,SC,Pickens County,2000,2004.0,23.8,28.77981903,30.8,30.50589526,26.3,17.74609268,19.1,22.96819304
45079,SC,Richland County,2000,2004.0,29.8,31.10097883,22.8,22.24127834,14.8,10.43169079,32.5,36.22605204
45081,SC,Saluda County,2000,2004.0,18.8,23.89050496,38.6,41.0308048,30.7,22.32415902,11.9,12.75453122
45083,SC,Spartanburg County,2000,2004.0,25.0,29.53045929,29.9,30.61302927,26.9,18.99888967,18.2,20.85762176
45085,SC,Sumter County,2000,2004.0,28.8,33.05338494,29.6,30.73249105,25.7,17.68786971,15.8,18.52625429
45087,SC,Union County,2000,2004.0,20.7,27.88027675,36.4,36.64895217,33.1,23.20766068,9.8,12.2631104
45089,SC,Williamsburg County,2000,2004.0,18.9,24.00411205,35.1,40.77786345,34.5,22.92898141,11.5,12.28904309
45091,SC,York County,2000,2004.0,27.8,30.73143443,28.5,28.39801572,22.8,13.04948573,20.9,27.82106413
46000,SD,South Dakota,2000,2004.0,30.2,32.18741832,32.9,31.88653805,15.4,9.876770727,21.5,26.0492729
46003,SD,Aurora County,2000,2004.0,30.7,29.46283234,36.0,42.70211612,20.5,13.29354314,12.7,14.54150841
46005,SD,Beadle County,2000,2004.0,29.8,29.49731002,34.8,34.22158709,17.0,15.97175521,18.3,20.30934768
46007,SD,Bennett County,2000,2004.0,30.9,35.77777778,27.7,26.72222222,28.7,20.88888889,12.7,16.61111111
46009,SD,Bon Homme County,2000,2004.0,27.6,31.16631089,36.2,38.23015719,21.0,12.76926062,15.3,17.8342713
46011,SD,Brookings County,2000,2004.0,29.8,25.74096386,28.3,28.03614458,9.8,7.054216867,32.2,39.1686747
46013,SD,Brown County,2000,2004.0,30.6,31.47216495,31.6,34.04123711,14.2,8.371134021,23.6,26.11546392
46015,SD,Brule County,2000,2004.0,28.8,26.31723381,31.7,40.61470911,18.9,11.63556531,20.6,21.43249177
46017,SD,Buffalo County,2000,2004.0,24.9,28.25870647,33.6,39.40298507,36.1,23.48258706,5.4,8.855721393
46019,SD,Butte County,2000,2004.0,30.5,35.98937583,37.1,34.02685554,20.2,12.35059761,12.2,17.63317102
46021,SD,Campbell County,2000,2004.0,31.1,28.14538677,33.3,38.86300093,20.8,14.81826654,14.8,18.17334576
46023,SD,Charles Mix County,2000,2004.0,26.0,31.26956522,34.6,37.82608696,25.3,14.7826087,14.1,16.12173913
46025,SD,Clark County,2000,2004.0,25.4,31.24513619,39.8,39.02723735,23.4,11.12840467,11.4,18.59922179
46027,SD,Clay County,2000,2004.0,27.8,26.6620014,23.1,27.43177047,10.5,4.562631211,38.7,41.34359692
46029,SD,Codington County,2000,2004.0,28.4,31.30072262,38.1,36.44246804,14.7,8.771539744,18.8,23.48526959
46031,SD,Corson County,2000,2004.0,26.8,35.21929825,37.9,33.68421053,24.0,17.5877193,11.3,13.50877193
46033,SD,Custer County,2000,2004.0,31.2,37.25427006,33.2,27.94070255,11.1,6.493715759,24.4,28.31131163
46035,SD,Davison County,2000,2004.0,29.8,34.04172505,33.9,30.10275572,16.1,9.870776896,20.2,25.98474233
46037,SD,Day County,2000,2004.0,26.3,32.46150086,38.3,39.81911513,20.0,12.93082376,15.4,14.78856025
46039,SD,Deuel County,2000,2004.0,26.4,29.6742671,42.2,36.80781759,18.1,13.58306189,13.3,19.93485342
46041,SD,Dewey County,2000,2004.0,33.1,31.49339655,32.2,36.3020657,22.6,17.94784964,12.2,14.25668811
46043,SD,Douglas County,2000,2004.0,25.7,25.32956685,28.6,37.66478343,31.2,21.09227872,14.5,15.913371
46045,SD,Edmunds County,2000,2004.0,24.8,30.90143809,33.3,33.14626447,26.4,11.99579095,15.5,23.95650649
46047,SD,Fall River County,2000,2004.0,28.9,35.71695994,34.4,32.75926619,17.5,9.8839386,19.2,21.63983527
46049,SD,Faulk County,2000,2004.0,26.5,32.90598291,34.1,42.002442,26.3,11.35531136,13.1,13.73626374
46051,SD,Grant County,2000,2004.0,22.2,25.1600388,42.6,44.77206596,20.5,14.68477207,14.8,15.38312318
46053,SD,Gregory County,2000,2004.0,26.7,32.64516129,38.9,37.77419355,22.3,13.74193548,12.0,15.83870968
46055,SD,Haakon County,2000,2004.0,30.3,36.4932288,40.6,34.28367783,13.7,6.557377049,15.4,22.66571632
46057,SD,Hamlin County,2000,2004.0,24.3,29.66494143,42.7,40.94252247,20.1,12.06755652,12.8,17.32497957
46059,SD,Hand County,2000,2004.0,26.4,31.85981681,38.1,38.59020311,19.9,11.66865791,15.6,17.88132218
46061,SD,Hanson County,2000,2004.0,24.9,26.4015333,36.2,39.38667944,24.9,11.97891711,14.0,22.23287015
46063,SD,Harding County,2000,2004.0,35.6,27.80867631,34.4,31.36818687,12.2,7.897664071,17.8,32.92547275
46065,SD,Hughes County,2000,2004.0,29.9,33.31643002,27.5,25.24509804,10.5,7.040229885,32.0,34.39824206
46067,SD,Hutchinson County,2000,2004.0,28.2,25.19669929,29.3,32.89195932,28.3,16.90654385,14.1,25.00479754
46069,SD,Hyde County,2000,2004.0,27.8,25.43234995,36.7,43.23499491,19.5,14.03865717,16.0,17.29399797
46071,SD,Jackson County,2000,2004.0,32.2,41.5333701,34.3,31.49476007,17.3,11.80364038,16.2,15.16822945
46073,SD,Jerauld County,2000,2004.0,26.7,28.82352941,40.6,40.0,20.4,16.07843137,12.3,15.09803922
46075,SD,Jones County,2000,2004.0,29.0,37.60932945,39.5,39.65014577,13.8,8.60058309,17.8,14.13994169
46077,SD,Kingsbury County,2000,2004.0,24.2,29.96570826,41.9,38.85518333,17.7,10.15563176,16.2,21.02347666
46079,SD,Lake County,2000,2004.0,28.0,29.51388889,36.6,33.58707265,14.3,8.720619658,21.1,28.1784188
46081,SD,Lawrence County,2000,2004.0,31.8,29.65252875,31.7,33.20761716,12.5,6.819586991,24.0,30.3202671
46083,SD,Lincoln County,2000,2004.0,33.1,31.70026812,30.8,25.38737421,10.6,4.491799854,25.5,38.42055782
46085,SD,Lyman County,2000,2004.0,24.4,29.99139415,40.8,35.11187608,18.9,13.33907057,15.9,21.55765921
46087,SD,McCook County,2000,2004.0,27.9,34.31983385,38.7,37.30529595,17.1,7.424714434,16.3,20.95015576
46089,SD,McPherson County,2000,2004.0,20.6,28.71072589,27.5,28.76489707,41.2,24.48537378,10.7,18.03900325
46091,SD,Marshall County,2000,2004.0,26.0,32.69107258,33.4,37.09055877,24.4,12.13872832,16.2,18.07964033
46093,SD,Meade County,2000,2004.0,37.1,38.02842566,33.7,33.50340136,12.3,7.197521866,16.8,21.27065112
46095,SD,Mellette County,2000,2004.0,27.1,37.09401709,34.4,30.68376068,21.9,15.72649573,16.6,16.4957265
46097,SD,Miner County,2000,2004.0,25.7,27.29371033,40.5,40.91171379,20.4,8.828620889,13.5,22.96595499
46099,SD,Minnehaha County,2000,2004.0,31.7,32.84410626,30.8,29.3310587,11.5,9.158114219,26.0,28.66672082
46101,SD,Moody County,2000,2004.0,30.8,33.54137772,36.5,34.81276006,15.3,9.153952843,17.4,22.49190939
46102,SD,Oglala Lakota County,2000,2004.0,31.4,37.93370508,26.4,29.36802974,30.0,20.755886,12.1,11.94237918
46103,SD,Pennington County,2000,2004.0,33.5,35.01132155,29.3,28.34435497,12.2,8.836804775,25.0,27.80751871
46105,SD,Perkins County,2000,2004.0,28.5,32.39241092,37.1,34.38223045,19.7,12.86441462,14.6,20.36094401
46107,SD,Potter County,2000,2004.0,27.2,32.32954545,37.3,36.30681818,19.2,13.18181818,16.2,18.18181818
46109,SD,Roberts County,2000,2004.0,25.2,33.34358659,37.2,38.20362965,24.2,12.73454322,13.4,15.71824054
46111,SD,Sanborn County,2000,2004.0,29.0,24.72594397,38.9,46.65042631,17.3,11.69305725,14.8,16.93057247
46115,SD,Spink County,2000,2004.0,28.1,31.09715055,38.9,36.75117792,18.6,12.74399821,14.4,19.40767332
46117,SD,Stanley County,2000,2004.0,30.6,29.58607714,34.9,34.38381938,12.3,9.313264346,22.1,26.71683913
46119,SD,Sully County,2000,2004.0,30.3,23.58870968,38.1,38.91129032,15.1,9.274193548,16.4,28.22580645
46121,SD,Todd County,2000,2004.0,30.7,39.82185531,31.3,24.7447317,25.9,21.39908755,12.1,14.03432544
46123,SD,Tripp County,2000,2004.0,27.9,33.27547731,38.9,34.41606744,19.8,12.69526407,13.5,19.61319117
46125,SD,Turner County,2000,2004.0,29.0,31.17083191,37.2,39.43854844,16.8,9.346114344,17.0,20.04450531
46127,SD,Union County,2000,2004.0,28.1,30.05879968,32.8,29.74452555,12.8,8.302919708,26.3,31.89375507
46129,SD,Walworth County,2000,2004.0,25.5,28.83828045,36.8,35.18423746,21.9,13.28045036,15.8,22.69703173
46135,SD,Yankton County,2000,2004.0,29.1,29.09958638,34.0,35.18294623,13.9,9.735921094,23.0,25.98154629
46137,SD,Ziebach County,2000,2004.0,23.6,32.62508568,35.7,35.98355038,28.6,16.31254284,12.0,15.07882111
47000,TN,Tennessee,2000,2004.0,24.8,27.42002263,31.6,32.96323829,24.1,16.12344709,19.6,23.49329199
47001,TN,Anderson County,2000,2004.0,25.2,26.49133452,32.9,34.44195836,21.1,16.03777163,20.8,23.02893549
47003,TN,Bedford County,2000,2004.0,19.6,21.92517054,39.0,42.48604699,30.3,22.86915179,11.1,12.71963068
47005,TN,Benton County,2000,2004.0,17.1,21.95996664,42.4,46.24687239,34.2,21.15095913,6.3,10.64220183
47007,TN,Bledsoe County,2000,2004.0,17.8,24.28178316,41.1,40.40726472,34.0,27.37479362,7.1,7.936158503
47009,TN,Blount County,2000,2004.0,26.0,29.7776278,34.5,35.68078942,21.6,13.5832063,17.9,20.95837649
47011,TN,Bradley County,2000,2004.0,28.1,30.29255722,29.3,33.55616189,26.7,18.33712293,15.9,17.81415795
47013,TN,Campbell County,2000,2004.0,16.2,19.19396522,35.5,41.68471048,41.3,29.91548509,7.0,9.205839212
47015,TN,Cannon County,2000,2004.0,15.6,19.50915141,43.2,44.49875208,32.8,23.3985025,8.4,12.59359401
47017,TN,Carroll County,2000,2004.0,18.4,22.16428973,38.4,39.68716455,32.1,22.24096509,11.1,15.90758064
47019,TN,Carter County,2000,2004.0,22.8,25.3200148,33.5,38.13047231,30.9,21.00382291,12.8,15.54568997
47021,TN,Cheatham County,2000,2004.0,23.2,26.56208556,37.1,37.19828729,24.6,16.88454397,15.1,19.35508317
47023,TN,Chester County,2000,2004.0,23.4,28.92485119,33.1,35.80729167,32.2,19.80096726,11.2,15.46688988
47025,TN,Claiborne County,2000,2004.0,16.9,19.39811295,34.5,39.97674731,39.7,27.39793409,8.9,13.22720565
47027,TN,Clay County,2000,2004.0,13.1,17.17426563,38.6,39.57469814,41.6,29.24851325,6.8,14.00252298
47029,TN,Cocke County,2000,2004.0,16.9,20.56067407,38.1,46.19261359,38.8,24.60823687,6.2,8.638475471
47031,TN,Coffee County,2000,2004.0,23.3,24.03999664,32.9,39.19278492,26.3,18.27577514,17.5,18.4914433
47033,TN,Crockett County,2000,2004.0,18.8,22.39715592,37.3,42.86439817,34.9,22.4174708,9.1,12.32097511
47035,TN,Cumberland County,2000,2004.0,23.3,25.73506543,35.6,39.55118544,27.5,17.9573674,13.7,16.75638173
47037,TN,Davidson County,2000,2004.0,26.4,26.31232924,24.6,24.54080089,18.5,14.13768708,30.5,35.00918279
47039,TN,Decatur County,2000,2004.0,16.4,23.04373877,39.9,38.92150989,36.4,23.85859796,7.3,14.17615339
47041,TN,DeKalb County,2000,2004.0,15.8,20.71384521,37.5,39.61609621,35.4,25.85568918,11.3,13.81436941
47043,TN,Dickson County,2000,2004.0,21.5,25.61370866,39.8,42.68651341,27.4,16.7847068,11.3,14.91507112
47045,TN,Dyer County,2000,2004.0,20.7,24.26330336,33.6,40.00155709,33.7,18.05442018,12.0,17.68071937
47047,TN,Fayette County,2000,2004.0,22.9,28.16335639,34.9,36.05593989,29.4,15.5471249,12.8,20.23357881
47049,TN,Fentress County,2000,2004.0,11.8,15.696,37.1,45.112,42.7,27.624,8.3,11.568
47051,TN,Franklin County,2000,2004.0,23.0,25.68286371,35.5,37.07949971,26.2,19.51912018,15.3,17.71851639
47053,TN,Gibson County,2000,2004.0,21.4,28.14620788,39.3,38.2932492,29.1,18.12715799,10.1,15.43338493
47055,TN,Giles County,2000,2004.0,19.3,23.83992143,42.7,41.39454947,27.5,21.27178984,10.6,13.49373926
47057,TN,Grainger County,2000,2004.0,15.1,19.36577708,37.1,41.05494505,39.9,29.69544741,7.8,9.883830455
47059,TN,Greene County,2000,2004.0,19.4,23.55894882,37.5,40.71162513,30.4,20.06256045,12.8,15.6668656
47061,TN,Grundy County,2000,2004.0,12.6,16.72944131,35.5,42.99016531,44.8,29.97489014,7.1,10.30550324
47063,TN,Hamblen County,2000,2004.0,23.0,25.83070636,33.0,36.85931115,30.7,21.23525978,13.3,16.07472271
47065,TN,Hamilton County,2000,2004.0,29.6,31.10407684,27.2,27.34421475,19.3,13.75373967,23.9,27.79796875
47067,TN,Hancock County,2000,2004.0,13.8,17.08887043,32.0,43.83305648,44.1,29.21511628,10.2,9.862956811
47069,TN,Hardeman County,2000,2004.0,20.9,23.39818143,38.0,38.88242757,33.3,26.56481286,7.8,11.15457813
47071,TN,Hardin County,2000,2004.0,18.1,20.82242583,39.0,43.27552356,33.1,24.66732112,9.8,11.23472949
47073,TN,Hawkins County,2000,2004.0,20.7,24.94266627,39.6,42.23252568,29.6,20.07927012,10.0,12.74553794
47075,TN,Haywood County,2000,2004.0,17.1,23.48442154,37.5,41.86458417,34.4,22.71958779,11.1,11.93140649
47077,TN,Henderson County,2000,2004.0,20.2,27.01240017,39.8,41.51954603,30.7,19.56179067,9.3,11.90626314
47079,TN,Henry County,2000,2004.0,18.3,22.40122244,40.1,44.9596158,29.5,16.90024012,12.1,15.73892163
47081,TN,Hickman County,2000,2004.0,20.2,22.45907431,37.4,42.57449064,35.7,23.45424567,6.7,11.51218938
47083,TN,Houston County,2000,2004.0,18.6,24.08404237,41.2,47.3346067,29.9,18.90953291,10.3,9.671818024
47085,TN,Humphreys County,2000,2004.0,19.4,27.56109023,43.2,43.24874687,28.0,16.32205514,9.3,12.86810777
47087,TN,Jackson County,2000,2004.0,14.4,17.31529158,38.8,46.04239013,38.4,28.02059634,8.4,8.621721949
47089,TN,Jefferson County,2000,2004.0,22.5,28.60602952,35.7,38.73881575,29.0,19.93218214,12.8,12.72297259
47091,TN,Johnson County,2000,2004.0,17.0,20.52366118,34.5,40.49102507,41.6,28.46016911,6.9,10.52514464
47093,TN,Knox County,2000,2004.0,26.3,29.30534399,27.2,26.10576689,17.5,10.31828837,29.0,34.27060076
47095,TN,Lake County,2000,2004.0,15.3,19.59212132,35.3,44.5354715,44.0,29.78908837,5.4,6.083318808
47097,TN,Lauderdale County,2000,2004.0,16.4,19.97066333,38.2,43.61384256,37.7,25.6261205,7.7,10.78937361
47099,TN,Lawrence County,2000,2004.0,18.5,23.87450306,38.3,42.54861932,34.5,21.79363203,8.7,11.78324559
47101,TN,Lewis County,2000,2004.0,20.9,25.1422346,40.2,40.68514708,30.5,22.46701368,8.5,11.70560465
47103,TN,Lincoln County,2000,2004.0,21.0,24.07237846,36.7,41.13799869,30.4,19.93023763,11.9,14.85938522
47105,TN,Loudon County,2000,2004.0,25.4,28.98055924,33.2,33.16497841,24.4,14.72023927,17.0,23.13422307
47107,TN,McMinn County,2000,2004.0,22.3,24.58075782,36.1,40.24170524,30.7,20.72234388,10.8,14.45519306
47109,TN,McNairy County,2000,2004.0,19.5,22.52132491,40.2,43.96255677,31.5,22.89243381,8.8,10.6236845
47111,TN,Macon County,2000,2004.0,15.6,20.88320822,39.0,45.74288226,39.8,24.90701292,5.6,8.466896598
47113,TN,Madison County,2000,2004.0,26.4,27.96263865,30.8,33.77037282,21.2,14.43176977,21.5,23.83521876
47115,TN,Marion County,2000,2004.0,20.7,25.19959576,34.3,34.85598787,35.4,25.1237999,9.5,14.82061647
47117,TN,Marshall County,2000,2004.0,21.7,25.20069639,41.2,40.84050682,26.4,20.77086759,10.6,13.1879292
47119,TN,Maury County,2000,2004.0,27.9,30.48575603,36.4,37.58217677,22.1,15.16983199,13.6,16.76223521
47121,TN,Meigs County,2000,2004.0,19.8,25.67391046,36.7,40.22087638,36.5,26.27953925,7.0,7.82567391
47123,TN,Monroe County,2000,2004.0,19.5,24.10437144,37.2,41.59661148,33.3,24.21753751,10.1,10.08147957
47125,TN,Montgomery County,2000,2004.0,34.6,36.24017362,30.5,31.82348686,15.7,9.224017362,19.3,22.71232216
47127,TN,Moore County,2000,2004.0,24.8,23.28798186,40.0,43.62811791,23.4,17.64172336,11.8,15.44217687
47129,TN,Morgan County,2000,2004.0,16.8,21.66698948,40.9,51.36548518,36.2,20.84059655,6.0,6.126928788
47131,TN,Obion County,2000,2004.0,19.4,24.12855265,41.3,42.02438693,29.0,19.76791623,10.3,14.07914419
47133,TN,Overton County,2000,2004.0,12.8,21.14980289,37.9,41.1826544,41.0,26.4651774,8.3,11.20236531
47135,TN,Perry County,2000,2004.0,18.3,20.54769677,38.3,43.45302865,36.2,23.66702938,7.1,12.33224519
47137,TN,Pickett County,2000,2004.0,14.4,19.29592377,39.4,46.79724722,37.1,21.62519852,9.1,12.28163049
47139,TN,Polk County,2000,2004.0,17.1,23.9311915,37.6,40.16358884,37.8,24.95151362,7.5,10.95370605
47141,TN,Putnam County,2000,2004.0,20.2,23.09277898,32.1,37.29798478,27.4,17.88040261,20.2,21.72883363
47143,TN,Rhea County,2000,2004.0,22.0,27.49388293,34.2,38.09053266,34.7,23.18370036,9.1,11.23188406
47145,TN,Roane County,2000,2004.0,23.9,30.39554974,36.1,35.76097824,25.2,16.70383758,14.8,17.13963444
47147,TN,Robertson County,2000,2004.0,24.0,27.71751515,39.0,39.94804248,25.2,16.00884189,11.9,16.32560047
47149,TN,Rutherford County,2000,2004.0,27.0,31.63483256,31.8,29.58607483,18.2,10.8808799,22.9,27.89821271
47151,TN,Scott County,2000,2004.0,15.1,20.51282051,38.1,43.65063257,39.3,25.18774102,7.5,10.6488059
47153,TN,Sequatchie County,2000,2004.0,18.0,24.78939799,38.5,39.27470721,33.3,23.70043148,10.2,12.23546332
47155,TN,Sevier County,2000,2004.0,24.7,28.82611124,36.4,38.10549836,25.4,18.42949485,13.5,14.63889554
47157,TN,Shelby County,2000,2004.0,29.3,30.01467607,26.2,27.17820816,19.2,14.0688333,25.3,28.73828248
47159,TN,Smith County,2000,2004.0,17.7,22.50996016,40.5,44.53723567,32.5,20.68648483,9.3,12.26631934
47161,TN,Stewart County,2000,2004.0,22.1,32.01089918,42.0,39.34604905,25.7,16.90463215,10.2,11.73841962
47163,TN,Sullivan County,2000,2004.0,24.6,28.50109555,33.0,34.67608158,24.2,16.18394557,18.1,20.63887731
47165,TN,Sumner County,2000,2004.0,29.0,31.89601739,32.1,31.57130302,20.3,12.98672464,18.6,23.54595495
47167,TN,Tipton County,2000,2004.0,27.1,32.4072186,36.7,37.53058728,25.4,15.58421697,10.8,14.47797716
47169,TN,Trousdale County,2000,2004.0,17.3,20.98435712,35.2,43.57115605,38.6,22.91110263,8.9,12.5333842
47171,TN,Unicoi County,2000,2004.0,21.1,24.5716862,35.9,39.93838293,32.3,24.15088668,10.6,11.33904418
47173,TN,Union County,2000,2004.0,15.0,18.30779891,35.5,44.58387867,43.7,29.40180152,5.8,7.706520902
47175,TN,Van Buren County,2000,2004.0,11.8,12.03517588,42.4,54.87437186,38.0,23.29145729,7.8,9.798994975
47177,TN,Warren County,2000,2004.0,18.8,21.74299689,39.3,42.33733511,32.8,24.03290351,9.1,11.88676449
47179,TN,Washington County,2000,2004.0,25.3,27.71753347,29.0,29.02428004,22.8,14.32070581,22.9,28.93748068
47181,TN,Wayne County,2000,2004.0,15.3,22.0668347,38.0,45.04431255,38.7,25.17277827,8.0,7.716074478
47183,TN,Weakley County,2000,2004.0,19.1,24.54425001,35.8,38.27843012,29.7,16.61717001,15.3,20.56014986
47185,TN,White County,2000,2004.0,17.8,18.27549713,39.0,45.75836907,35.2,24.04612043,7.9,11.92001337
47187,TN,Williamson County,2000,2004.0,25.9,24.69612936,19.8,17.90766348,9.9,5.438301503,44.4,51.95790566
47189,TN,Wilson County,2000,2004.0,27.4,28.2555726,33.9,33.75404489,19.1,12.11855557,19.6,25.87182694
48000,TX,Texas,2000,2004.0,27.6,29.22562621,24.8,25.28769338,24.3,19.22727416,23.2,26.25940625
48001,TX,Anderson County,2000,2004.0,25.1,28.77141763,28.2,39.54963147,35.6,21.60907438,11.1,10.06987652
48003,TX,Andrews County,2000,2004.0,23.0,30.06571742,32.6,29.38663746,32.0,26.37458927,12.4,14.17305586
48005,TX,Angelina County,2000,2004.0,27.2,33.36403034,29.3,30.01083424,28.8,21.50595883,14.7,15.1191766
48007,TX,Aransas County,2000,2004.0,28.9,28.76736416,29.1,34.4880136,25.4,13.59826505,16.7,23.14635719
48009,TX,Archer County,2000,2004.0,29.2,29.85147707,36.0,36.8043088,18.9,14.33001469,15.9,19.01419945
48011,TX,Armstrong County,2000,2004.0,34.1,39.32759969,27.8,24.78498827,17.6,12.27521501,20.5,23.61219703
48013,TX,Atascosa County,2000,2004.0,22.8,25.02212938,32.0,35.64423043,34.8,26.2826187,10.5,13.05102149
48015,TX,Austin County,2000,2004.0,24.9,30.7574315,32.3,34.20078282,25.5,16.4709616,17.3,18.57082408
48017,TX,Bailey County,2000,2004.0,20.7,24.00398406,31.5,29.90537849,38.5,32.71912351,9.3,13.37151394
48019,TX,Bandera County,2000,2004.0,33.4,36.22103619,31.9,28.7229888,15.2,12.30148399,19.4,22.75449102
48021,TX,Bastrop County,2000,2004.0,28.2,31.96136248,31.7,32.47178444,23.1,19.07066599,17.0,16.49618709
48023,TX,Baylor County,2000,2004.0,25.3,27.24039829,32.7,34.10384068,29.9,16.92745377,12.1,21.72830725
48025,TX,Bee County,2000,2004.0,26.7,30.66985426,34.8,31.50199991,26.3,29.3503747,12.2,8.477771137
48027,TX,Bell County,2000,2004.0,37.4,38.77246735,27.4,28.87126636,15.3,10.93233715,19.8,21.42392913
48029,TX,Bexar County,2000,2004.0,30.0,31.45917994,24.3,24.49119218,23.1,18.13200942,22.7,25.91761846
48031,TX,Blanco County,2000,2004.0,28.0,31.47000659,30.4,29.50560316,19.4,11.35135135,22.2,27.67303889
48033,TX,Borden County,2000,2004.0,29.6,22.82352941,32.9,36.0,16.1,11.76470588,21.4,29.41176471
48035,TX,Bosque County,2000,2004.0,28.4,31.61707431,32.0,33.72020564,24.1,19.3565976,15.4,15.30612245
48037,TX,Bowie County,2000,2004.0,29.3,33.36676264,31.8,34.02025169,22.7,14.15030248,16.1,18.46268319
48039,TX,Brazoria County,2000,2004.0,32.7,32.89454061,27.2,25.33928554,20.5,14.94646,19.6,26.81971386
48041,TX,Brazos County,2000,2004.0,24.2,24.72797324,20.1,21.36627292,18.7,15.16363944,37.0,38.7421144
48043,TX,Brewster County,2000,2004.0,29.8,28.05152979,21.1,20.24154589,21.4,16.34460548,27.7,35.36231884
48045,TX,Briscoe County,2000,2004.0,26.8,31.45869947,30.4,31.28295255,25.2,20.03514938,17.5,17.22319859
48047,TX,Brooks County,2000,2004.0,19.6,18.18181818,23.4,33.0558598,50.1,39.29901424,6.8,9.463307777
48049,TX,Brown County,2000,2004.0,24.6,29.01178604,35.0,39.45760574,25.4,15.49528953,15.0,16.0353187
48051,TX,Burleson County,2000,2004.0,20.4,27.73882929,37.5,36.6922882,28.9,24.16589239,13.2,11.40299012
48053,TX,Burnet County,2000,2004.0,27.9,30.51253872,32.5,33.01029074,22.2,14.4469977,17.4,22.03017284
48055,TX,Caldwell County,2000,2004.0,23.3,24.74343876,34.8,38.01312248,28.7,22.33344549,13.3,14.90999327
48057,TX,Calhoun County,2000,2004.0,23.8,29.41807263,33.1,31.44123534,31.0,23.95624821,12.1,15.18444381
48059,TX,Callahan County,2000,2004.0,28.9,34.16790965,38.1,35.32921372,20.7,13.1685489,12.3,17.33432772
48061,TX,Cameron County,2000,2004.0,21.8,24.06570399,20.1,24.04152906,44.8,37.02173585,13.4,14.8710311
48063,TX,Camp County,2000,2004.0,24.7,29.88140359,32.6,28.87883604,30.5,25.85890696,12.2,15.38085341
48065,TX,Carson County,2000,2004.0,36.0,35.06462985,31.0,28.95417156,17.4,13.5840188,15.5,22.39717979
48067,TX,Cass County,2000,2004.0,24.8,31.0416372,38.2,38.29867497,25.0,17.11698967,12.0,13.54269817
48069,TX,Castro County,2000,2004.0,21.1,21.93000621,29.7,31.80782771,34.6,32.69828122,14.7,13.56388486
48071,TX,Chambers County,2000,2004.0,32.4,38.74371632,32.5,29.98958381,23.1,14.4649246,12.1,16.80177528
48073,TX,Cherokee County,2000,2004.0,25.0,27.23969466,32.0,35.98473282,31.6,23.95114504,11.4,12.82442748
48075,TX,Childress County,2000,2004.0,25.4,28.89656574,30.9,42.06462101,35.0,13.24933957,8.6,15.78947368
48077,TX,Clay County,2000,2004.0,26.9,33.37737844,39.6,36.90539112,19.6,11.66754757,13.9,18.04968288
48079,TX,Cochran County,2000,2004.0,24.3,25.09205681,28.2,29.66859548,37.3,32.61441347,10.2,12.62493425
48081,TX,Coke County,2000,2004.0,25.5,36.78113364,34.0,32.68514688,25.8,14.48076127,14.7,16.05295821
48083,TX,Coleman County,2000,2004.0,21.1,26.84773663,38.1,39.88477366,29.0,19.14403292,11.7,14.12345679
48085,TX,Collin County,2000,2004.0,29.4,28.64123307,15.1,15.49143611,8.2,6.875997409,47.3,48.99133341
48087,TX,Collingsworth County,2000,2004.0,30.5,28.96551724,25.6,29.26108374,28.7,21.5270936,15.3,20.24630542
48089,TX,Colorado County,2000,2004.0,21.3,24.37964391,33.3,39.51352867,30.9,19.66914342,14.4,16.437684
48091,TX,Comal County,2000,2004.0,29.2,31.82077059,28.4,24.98509954,16.1,10.93627899,26.2,32.25785089
48093,TX,Comanche County,2000,2004.0,22.6,24.57841484,34.6,34.70699831,29.8,22.02782462,13.0,18.68676223
48095,TX,Concho County,2000,2004.0,18.0,22.78328825,27.2,38.1725278,40.7,27.62248272,14.1,11.42170123
48097,TX,Cooke County,2000,2004.0,32.0,33.18312331,31.5,32.03461477,20.8,17.35922795,15.7,17.42303398
48099,TX,Coryell County,2000,2004.0,36.6,40.53611713,32.1,32.95218295,18.9,11.66231698,12.4,14.84938293
48101,TX,Cottle County,2000,2004.0,20.2,33.13559322,30.6,29.66101695,33.9,20.42372881,15.3,16.77966102
48103,TX,Crane County,2000,2004.0,22.9,26.90246517,33.0,30.90389425,31.3,28.29581994,12.8,13.89782065
48105,TX,Crockett County,2000,2004.0,22.8,25.87301587,29.0,26.9047619,37.9,37.61904762,10.4,9.603174603
48107,TX,Crosby County,2000,2004.0,20.7,24.03080873,30.5,32.81129653,38.2,30.08985879,10.5,13.06803594
48109,TX,Culberson County,2000,2004.0,14.7,13.33333333,27.6,34.00673401,43.9,36.22895623,13.9,16.43097643
48111,TX,Dallam County,2000,2004.0,23.3,29.73805855,32.1,31.15048793,35.0,28.42835131,9.6,10.68310221
48113,TX,Dallas County,2000,2004.0,26.3,25.86994458,21.7,23.06801195,25.0,22.92841987,27.0,28.1336236
48115,TX,Dawson County,2000,2004.0,19.9,27.32252655,34.9,33.20290665,34.8,31.30240358,10.5,8.17216322
48117,TX,Deaf Smith County,2000,2004.0,22.6,22.29066238,26.5,31.19085878,39.1,31.60149973,11.8,14.91697911
48119,TX,Delta County,2000,2004.0,25.5,30.81638339,36.1,39.1195319,24.5,14.37726386,13.9,15.68682084
48121,TX,Denton County,2000,2004.0,32.8,32.50601366,19.9,18.73328202,10.6,8.480467622,36.6,40.2802367
48123,TX,DeWitt County,2000,2004.0,23.1,27.09311287,32.9,36.81076158,32.1,23.84922581,11.8,12.24689974
48125,TX,Dickens County,2000,2004.0,23.7,26.89926843,38.5,35.45301069,29.4,24.36691052,8.4,13.28081035
48127,TX,Dimmit County,2000,2004.0,17.9,18.77166914,26.3,31.08799736,45.7,40.96087172,10.1,9.17946178
48129,TX,Donley County,2000,2004.0,35.9,34.40635452,26.5,29.84949833,21.8,16.72240803,15.8,19.02173913
48131,TX,Duval County,2000,2004.0,21.0,24.98023715,29.7,32.02898551,40.3,35.59947299,8.9,7.391304348
48133,TX,Eastland County,2000,2004.0,26.4,27.97360373,33.5,35.56253018,27.4,19.49943667,12.7,16.96442942
48135,TX,Ector County,2000,2004.0,29.2,31.42212409,26.8,28.62567636,32.0,26.76582632,12.0,13.18637323
48137,TX,Edwards County,2000,2004.0,20.4,20.76813656,29.3,27.09815078,32.9,28.80512091,17.3,23.32859175
48139,TX,Ellis County,2000,2004.0,29.9,33.25495249,30.8,29.94470392,22.2,15.96284963,17.1,20.83749396
48141,TX,El Paso County,2000,2004.0,26.6,28.91938331,22.5,24.06522058,34.2,26.74047911,16.6,20.27491701
48143,TX,Erath County,2000,2004.0,25.6,29.71674598,26.6,26.78450034,22.9,18.95309313,25.0,24.54566055
48145,TX,Falls County,2000,2004.0,22.5,26.54515327,34.1,37.5973488,33.8,24.04308202,9.6,11.81441591
48147,TX,Fannin County,2000,2004.0,24.2,28.14738997,35.6,37.325145,27.5,19.25110884,12.6,15.27635619
48149,TX,Fayette County,2000,2004.0,20.9,27.49177911,35.8,35.81471822,28.7,19.14049212,14.6,17.55301055
48151,TX,Fisher County,2000,2004.0,22.5,26.87850467,38.4,39.77570093,26.7,17.79439252,12.4,15.55140187
48153,TX,Floyd County,2000,2004.0,20.2,27.13235294,31.1,30.12254902,36.5,26.78921569,12.3,15.95588235
48155,TX,Foard County,2000,2004.0,24.4,24.78540773,35.1,26.82403433,30.0,25.0,10.5,23.39055794
48157,TX,Fort Bend County,2000,2004.0,28.0,28.78748746,19.4,18.66169326,15.7,11.7042708,36.9,40.84654848
48159,TX,Franklin County,2000,2004.0,25.6,29.68989014,35.6,31.12223613,22.6,15.9365874,16.2,23.25128633
48161,TX,Freestone County,2000,2004.0,28.2,30.90631365,37.7,35.00872854,23.2,21.15216759,10.9,12.93279022
48163,TX,Frio County,2000,2004.0,20.8,21.73913043,28.4,32.8358209,42.3,37.23926949,8.4,8.185779179
48165,TX,Gaines County,2000,2004.0,19.3,19.85692386,26.4,26.7961165,43.8,40.97087379,10.5,12.37608585
48167,TX,Galveston County,2000,2004.0,31.8,32.65599843,26.4,25.79066986,19.1,13.28801661,22.7,28.2653151
48169,TX,Garza County,2000,2004.0,21.7,25.09363296,38.4,26.11319184,29.9,38.11901789,10.0,10.6741573
48171,TX,Gillespie County,2000,2004.0,27.8,28.92103546,29.4,30.5416576,19.9,12.53534914,22.9,28.0019578
48173,TX,Glasscock County,2000,2004.0,27.0,33.62720403,24.2,27.4559194,30.1,21.41057935,18.7,17.50629723
48175,TX,Goliad County,2000,2004.0,30.5,36.45675266,29.6,33.64946889,27.6,16.27465857,12.3,13.61911988
48177,TX,Gonzales County,2000,2004.0,17.5,23.31211192,33.7,32.36658021,38.0,29.91432838,10.7,14.40697949
48179,TX,Gray County,2000,2004.0,29.8,32.83358321,33.6,34.39801838,24.7,18.85144384,11.9,13.91695457
48181,TX,Grayson County,2000,2004.0,33.0,34.42800298,30.0,32.14250187,19.8,14.16811738,17.2,19.26137777
48183,TX,Gregg County,2000,2004.0,31.9,33.84068609,27.7,27.64686188,20.9,18.3908934,19.5,20.12155863
48185,TX,Grimes County,2000,2004.0,24.3,29.24446374,32.8,37.22318715,32.7,22.52496743,10.3,11.00738168
48187,TX,Guadalupe County,2000,2004.0,28.9,32.58517414,30.1,28.72481474,21.9,13.39465398,19.1,25.29535715
48189,TX,Hale County,2000,2004.0,22.8,25.5120871,28.7,30.61450452,34.1,30.37922126,14.4,13.49418712
48191,TX,Hall County,2000,2004.0,18.6,26.25723186,32.8,32.30974633,38.3,26.74677348,10.3,14.68624833
48193,TX,Hamilton County,2000,2004.0,24.0,27.85938274,33.1,35.61643836,26.2,18.00627166,16.8,18.51790725
48195,TX,Hansford County,2000,2004.0,21.5,22.90801187,29.8,30.50445104,30.1,25.51928783,18.6,21.06824926
48197,TX,Hardeman County,2000,2004.0,24.7,26.97866483,33.3,39.12594632,29.3,16.89607708,12.8,16.99931177
48199,TX,Hardin County,2000,2004.0,26.2,31.32670953,40.3,39.7094431,20.5,13.96843951,13.0,14.99540787
48201,TX,Harris County,2000,2004.0,26.1,26.83282635,21.6,23.4459157,25.4,21.65849752,26.9,28.06276042
48203,TX,Harrison County,2000,2004.0,28.8,32.50867648,34.1,34.28149329,21.7,15.03845793,15.4,18.17137229
48205,TX,Hartley County,2000,2004.0,25.8,25.34047779,33.9,34.96316142,22.7,19.91515963,17.6,19.78120116
48207,TX,Haskell County,2000,2004.0,20.2,28.60949612,36.5,34.375,28.9,22.18992248,14.4,14.8255814
48209,TX,Hays County,2000,2004.0,30.4,31.31056255,22.9,21.19743938,15.3,11.48660499,31.3,36.00539308
48211,TX,Hemphill County,2000,2004.0,32.8,30.05640612,29.2,30.4995971,20.1,21.87751813,17.9,17.56647865
48213,TX,Henderson County,2000,2004.0,29.1,31.51204077,32.3,34.29181154,26.5,20.04525636,12.1,14.15089133
48215,TX,Hidalgo County,2000,2004.0,17.3,21.51602232,20.2,24.06075046,49.5,38.79618326,12.9,15.62704396
48217,TX,Hill County,2000,2004.0,26.0,33.95027741,33.3,30.88391004,28.2,20.53280251,12.5,14.63301004
48219,TX,Hockley County,2000,2004.0,28.4,31.23606817,26.2,24.96584454,31.8,24.94427267,13.6,18.85381463
48221,TX,Hood County,2000,2004.0,33.4,34.59622765,29.6,28.58114912,16.5,13.79929779,20.5,23.02332544
48223,TX,Hopkins County,2000,2004.0,22.9,28.82335317,35.7,35.08111116,26.4,20.93481145,15.1,15.16072422
48225,TX,Houston County,2000,2004.0,23.1,26.62507427,34.7,38.37195484,30.0,20.9506833,12.2,14.05228758
48227,TX,Howard County,2000,2004.0,28.1,34.41519973,31.4,26.56144211,29.4,27.83513879,11.1,11.18821936
48229,TX,Hudspeth County,2000,2004.0,15.8,18.96551724,20.6,24.83690587,53.9,46.55172414,9.7,9.645852749
48231,TX,Hunt County,2000,2004.0,25.8,30.05576806,34.3,34.21513602,23.1,18.43920924,16.8,17.28988668
48233,TX,Hutchinson County,2000,2004.0,31.2,35.48120041,34.0,33.28044153,20.4,16.716109,14.3,14.52224905
48235,TX,Irion County,2000,2004.0,26.3,27.10788758,31.0,43.97098821,21.2,18.76699909,21.5,10.15412511
48237,TX,Jack County,2000,2004.0,26.4,30.97359469,36.6,37.93941358,24.2,18.95350721,12.8,12.13348453
48239,TX,Jackson County,2000,2004.0,25.6,28.5668346,34.4,33.17611748,27.3,21.49212134,12.8,16.76492657
48241,TX,Jasper County,2000,2004.0,23.0,30.59022898,39.6,40.53897661,27.0,17.09514756,10.5,11.77564685
48243,TX,Jeff Davis County,2000,2004.0,20.6,23.99534071,19.0,27.43156669,25.3,17.93826441,35.1,30.63482819
48245,TX,Jefferson County,2000,2004.0,29.0,31.97176425,33.1,32.08779326,21.5,17.82898174,16.3,18.11146075
48247,TX,Jim Hogg County,2000,2004.0,20.2,17.41229482,28.3,36.30511748,42.0,36.4982298,9.5,9.784357902
48249,TX,Jim Wells County,2000,2004.0,21.5,26.47593456,32.4,32.52983482,35.2,29.06820517,10.9,11.92602545
48251,TX,Johnson County,2000,2004.0,30.6,33.34019918,33.2,33.46378439,22.4,17.35857218,13.8,15.83744426
48253,TX,Jones County,2000,2004.0,21.5,25.10992031,34.6,35.77219016,35.7,29.60978291,8.2,9.508106623
48255,TX,Karnes County,2000,2004.0,17.4,24.44957216,32.3,36.10229786,40.9,28.90106721,9.4,10.54706278
48257,TX,Kaufman County,2000,2004.0,28.4,33.70083069,33.8,31.77986807,25.5,17.13901784,12.3,17.38028341
48259,TX,Kendall County,2000,2004.0,31.0,32.29936415,23.1,19.25158962,14.6,9.632239216,31.4,38.81680701
48261,TX,Kenedy County,2000,2004.0,15.7,26.625387,21.8,22.91021672,42.1,38.39009288,20.3,12.07430341
48263,TX,Kent County,2000,2004.0,26.0,32.93718166,37.0,35.31409168,21.9,10.86587436,15.1,20.88285229
48265,TX,Kerr County,2000,2004.0,28.7,29.51943144,29.2,29.16690169,18.8,12.00011281,23.3,29.31355406
48267,TX,Kimble County,2000,2004.0,20.6,28.26149841,34.1,35.05929997,27.9,18.80242985,17.3,17.87677177
48269,TX,King County,2000,2004.0,27.6,29.59183673,25.9,39.79591837,21.9,7.142857143,24.6,23.46938776
48271,TX,Kinney County,2000,2004.0,21.8,28.93801816,27.3,27.51677852,33.1,27.51677852,17.7,16.02842479
48273,TX,Kleberg County,2000,2004.0,24.8,29.13014535,23.1,23.03894375,31.8,25.30788861,20.4,22.5230223
48275,TX,Knox County,2000,2004.0,21.2,25.65284178,33.7,39.28571429,33.2,22.50384025,11.8,12.55760369
48277,TX,Lamar County,2000,2004.0,28.7,33.18113093,33.2,33.90384034,23.7,17.10311461,14.5,15.81191412
48279,TX,Lamb County,2000,2004.0,24.2,26.94258704,28.4,31.6693567,36.3,27.61125202,11.1,13.77680424
48281,TX,Lampasas County,2000,2004.0,32.1,36.79231116,30.5,29.76422886,21.2,14.06367322,16.2,19.37978675
48283,TX,La Salle County,2000,2004.0,17.9,20.97869351,25.7,26.24678061,49.9,47.34254273,6.4,5.431983142
48285,TX,Lavaca County,2000,2004.0,20.5,24.04263139,36.7,39.23557516,31.4,21.4185961,11.4,15.30319735
48287,TX,Lee County,2000,2004.0,21.9,31.08627954,36.8,36.76497527,28.3,19.27092874,13.1,12.87781645
48289,TX,Leon County,2000,2004.0,23.8,31.42019271,37.9,35.62630917,26.2,18.81022204,12.1,14.14327608
48291,TX,Liberty County,2000,2004.0,25.3,28.72987769,36.2,37.20414352,30.4,24.87534852,8.1,9.190630279
48293,TX,Limestone County,2000,2004.0,26.3,29.91270489,29.9,36.19920869,32.6,20.66821579,11.1,13.21987063
48295,TX,Lipscomb County,2000,2004.0,26.3,27.85409758,29.4,32.59118901,25.5,19.04310753,18.9,20.51160587
48297,TX,Live Oak County,2000,2004.0,26.7,28.78148728,28.3,37.07364108,32.9,21.00759311,12.0,13.13727853
48299,TX,Llano County,2000,2004.0,29.9,32.69936603,32.6,27.80780781,16.5,13.62696029,21.0,25.86586587
48301,TX,Loving County,2000,2004.0,43.1,15.85365854,37.3,70.73170732,13.7,9.756097561,5.9,3.658536585
48303,TX,Lubbock County,2000,2004.0,28.7,30.84215168,25.3,25.70975407,21.6,16.02856163,24.4,27.41953263
48305,TX,Lynn County,2000,2004.0,20.6,24.09197805,27.9,34.43950875,38.1,23.98745754,13.4,17.48105566
48307,TX,McCulloch County,2000,2004.0,21.5,26.03225235,35.0,36.00921496,29.5,18.74889243,14.0,19.20964026
48309,TX,McLennan County,2000,2004.0,29.6,32.05720962,27.9,27.91092859,23.4,18.23627288,19.1,21.79558891
48311,TX,McMullen County,2000,2004.0,23.3,36.74242424,35.2,32.57575758,25.3,24.0530303,16.2,6.628787879
48313,TX,Madison County,2000,2004.0,17.4,29.83935285,43.9,38.58949527,27.2,21.08921044,11.5,10.48194144
48315,TX,Marion County,2000,2004.0,25.8,31.5590789,33.1,37.76267774,32.5,19.76846609,8.5,10.90977727
48317,TX,Martin County,2000,2004.0,22.6,25.53407935,31.4,34.41844693,34.2,29.29806714,11.8,10.74940658
48319,TX,Mason County,2000,2004.0,31.6,24.36250861,27.8,28.3597519,21.9,18.8835286,18.7,28.39421089
48321,TX,Matagorda County,2000,2004.0,26.6,27.33490062,31.2,36.25988459,29.7,21.02586023,12.5,15.37935456
48323,TX,Maverick County,2000,2004.0,14.2,21.29568545,18.8,22.77675155,57.9,43.455601,9.1,12.471962
48325,TX,Medina County,2000,2004.0,25.4,32.95765255,33.4,27.92264088,27.8,19.70656886,13.3,19.41313771
48327,TX,Menard County,2000,2004.0,21.2,29.61513372,31.0,30.91976517,30.6,20.80887149,17.2,18.65622962
48329,TX,Midland County,2000,2004.0,31.4,34.24047043,22.9,24.86659181,20.8,17.95598977,24.8,22.93694799
48331,TX,Milam County,2000,2004.0,22.2,26.24126405,37.0,41.57398967,29.1,18.49285931,11.6,13.69188696
48333,TX,Mills County,2000,2004.0,20.6,28.10380419,36.0,32.49778826,23.3,21.91094073,20.2,17.48746682
48335,TX,Mitchell County,2000,2004.0,20.2,37.10428305,41.0,33.53507138,28.3,22.17566729,10.4,7.184978274
48337,TX,Montague County,2000,2004.0,26.3,33.76575784,35.4,33.33333333,27.0,17.86133099,11.3,15.03957784
48339,TX,Montgomery County,2000,2004.0,28.9,31.30392934,27.4,24.390806,18.4,14.16956436,25.3,30.13570029
48341,TX,Moore County,2000,2004.0,22.6,25.64917017,28.5,29.50051616,37.9,31.6683872,11.0,13.18192647
48343,TX,Morris County,2000,2004.0,28.1,31.22055194,34.4,35.57325555,26.3,18.2970608,11.2,14.9091317
48345,TX,Motley County,2000,2004.0,25.1,29.2746114,33.6,38.21243523,26.5,12.30569948,14.7,20.20725389
48347,TX,Nacogdoches County,2000,2004.0,23.6,28.16204175,27.3,28.77808641,26.3,18.51159209,22.8,24.54827975
48349,TX,Navarro County,2000,2004.0,26.7,28.97214658,32.7,32.49565303,28.3,22.01371346,12.2,16.51848693
48351,TX,Newton County,2000,2004.0,17.8,25.0942435,45.5,46.25573102,31.3,19.33774834,5.5,9.312277127
48353,TX,Nolan County,2000,2004.0,24.7,29.74385246,32.0,33.7192623,30.1,22.81762295,13.2,13.7192623
48355,TX,Nueces County,2000,2004.0,30.6,32.77350805,25.0,26.24175237,25.6,20.97340484,18.8,20.01133473
48357,TX,Ochiltree County,2000,2004.0,25.7,22.70973963,27.4,33.06010929,30.8,30.48858888,16.1,13.7415622
48359,TX,Oldham County,2000,2004.0,34.0,31.21693122,27.0,26.07709751,19.5,18.51851852,19.4,24.18745276
48361,TX,Orange County,2000,2004.0,29.3,32.40100508,38.7,41.77686481,21.0,13.60159933,11.0,12.22053079
48363,TX,Palo Pinto County,2000,2004.0,27.4,28.4760786,31.8,35.62046134,28.8,21.29431867,12.1,14.60914139
48365,TX,Panola County,2000,2004.0,27.6,32.17576631,34.8,38.27493261,24.1,18.73001943,13.4,10.81928164
48367,TX,Parker County,2000,2004.0,31.5,36.07124352,30.4,27.40803109,19.5,12.70336788,18.6,23.81735751
48369,TX,Parmer County,2000,2004.0,21.9,24.40828402,25.4,24.60552268,39.3,37.04799474,13.4,13.93819855
48371,TX,Pecos County,2000,2004.0,20.2,20.60335629,29.4,33.40770201,37.5,34.55233291,12.9,11.43660879
48373,TX,Polk County,2000,2004.0,23.1,29.94182448,36.5,35.17452655,30.0,22.85864587,10.4,12.02500309
48375,TX,Potter County,2000,2004.0,28.3,33.46418057,29.3,27.42222104,28.9,23.87210567,13.5,15.24149272
48377,TX,Presidio County,2000,2004.0,13.1,12.62,19.9,21.56,55.3,42.0,11.7,23.82
48379,TX,Rains County,2000,2004.0,24.0,30.0332141,37.5,41.30045989,27.0,16.68369954,11.5,11.98262647
48381,TX,Randall County,2000,2004.0,37.2,37.87342361,23.4,23.52827166,10.5,8.654641307,28.9,29.94366343
48383,TX,Reagan County,2000,2004.0,24.0,18.66921972,29.9,36.76400191,37.0,36.47678315,9.2,8.089995213
48385,TX,Real County,2000,2004.0,27.5,29.68,28.2,26.36,27.0,23.08,17.3,20.88
48387,TX,Red River County,2000,2004.0,23.1,26.12387069,33.7,37.24828562,34.3,24.34962447,9.0,12.27821922
48389,TX,Reeves County,2000,2004.0,13.8,19.81607182,24.9,29.62557478,53.4,39.0081016,8.0,11.55025181
48391,TX,Refugio County,2000,2004.0,24.0,34.86164411,32.5,32.1147243,31.9,22.9852555,11.6,10.03837609
48393,TX,Roberts County,2000,2004.0,36.1,32.43647235,28.6,24.81315396,10.0,5.979073244,25.4,36.77130045
48395,TX,Robertson County,2000,2004.0,19.6,23.22827473,35.9,36.43650938,31.9,23.21005648,12.7,17.12515941
48397,TX,Rockwall County,2000,2004.0,31.2,33.0829906,22.9,22.71363573,13.3,8.875245872,32.7,35.32812779
48399,TX,Runnels County,2000,2004.0,20.6,25.18580844,35.2,38.35366709,31.1,20.85261534,13.1,15.60790913
48401,TX,Rusk County,2000,2004.0,28.3,32.12353284,33.0,34.81783623,25.9,19.92841089,12.8,13.13022004
48403,TX,Sabine County,2000,2004.0,24.1,27.48042613,37.7,40.1232191,27.5,18.30317032,10.6,14.09318444
48405,TX,San Augustine County,2000,2004.0,19.4,23.05194805,38.6,38.7012987,30.1,27.15909091,11.8,11.08766234
48407,TX,San Jacinto County,2000,2004.0,24.5,26.89766228,38.6,40.67966017,27.4,20.63412738,9.6,11.78855017
48409,TX,San Patricio County,2000,2004.0,28.6,32.84366183,29.8,29.32191847,28.6,22.42436035,13.0,15.41005934
48411,TX,San Saba County,2000,2004.0,23.0,28.27819367,31.2,36.63366337,30.0,17.9183772,15.8,17.16976576
48413,TX,Schleicher County,2000,2004.0,22.3,25.0967118,20.5,33.5589942,39.6,22.43713733,17.6,18.90715667
48415,TX,Scurry County,2000,2004.0,28.6,32.73648038,31.9,28.42286128,27.7,24.05498282,11.8,14.78567553
48417,TX,Shackelford County,2000,2004.0,25.7,30.92828861,32.6,31.67619886,20.8,14.82622085,20.8,22.56929168
48419,TX,Shelby County,2000,2004.0,21.2,25.25494532,35.5,37.0254331,31.1,24.17987468,12.2,13.5397469
48421,TX,Sherman County,2000,2004.0,25.8,26.67775929,26.9,29.00721021,26.9,24.34830837,20.4,19.96672213
48423,TX,Smith County,2000,2004.0,32.8,34.05999865,24.8,25.93640053,19.8,15.22771431,22.5,24.77588651
48425,TX,Somervell County,2000,2004.0,28.4,27.73094485,32.3,25.8166491,22.0,16.17492097,17.2,30.27748507
48427,TX,Starr County,2000,2004.0,10.9,15.74805497,16.9,20.65460399,65.3,55.12266373,6.9,8.474677318
48429,TX,Stephens County,2000,2004.0,29.6,33.76804844,29.3,33.50411427,27.7,19.57770533,13.4,13.15013197
48431,TX,Sterling County,2000,2004.0,25.3,26.23941959,27.9,32.40628779,29.6,20.55622733,17.1,20.7980653
48433,TX,Stonewall County,2000,2004.0,20.5,24.8603352,37.9,27.37430168,29.0,19.83240223,12.6,27.93296089
48435,TX,Sutton County,2000,2004.0,21.5,30.12568735,29.8,31.61822467,35.6,24.54831108,13.0,13.7077769
48437,TX,Swisher County,2000,2004.0,22.5,23.441247,31.0,36.33093525,30.3,23.34132694,16.2,16.88649081
48439,TX,Tarrant County,2000,2004.0,31.2,31.14705872,23.5,23.78108717,18.7,16.02184689,26.6,29.05000722
48441,TX,Taylor County,2000,2004.0,30.3,32.89890981,28.4,28.18260654,18.8,14.71010902,22.5,24.20837463
48443,TX,Terrell County,2000,2004.0,24.5,21.34831461,27.4,37.9525593,29.1,24.46941323,19.0,16.22971286
48445,TX,Terry County,2000,2004.0,21.2,23.48343878,31.9,28.87979159,37.5,33.02319811,9.5,14.61357152
48447,TX,Throckmorton County,2000,2004.0,25.7,28.34448161,33.5,33.11036789,22.6,19.98327759,18.2,18.56187291
48449,TX,Titus County,2000,2004.0,22.9,30.60146803,29.4,27.98753762,34.5,27.57564556,13.2,13.83534879
48451,TX,Tom Green County,2000,2004.0,28.2,29.8835481,28.6,31.10290192,23.8,17.5500368,19.5,21.46351318
48453,TX,Travis County,2000,2004.0,26.7,25.77734216,17.3,16.87608053,15.3,13.14368862,40.6,44.20288869
48455,TX,Trinity County,2000,2004.0,24.2,23.99405352,39.6,46.94747275,26.9,19.46481665,9.4,9.593657086
48457,TX,Tyler County,2000,2004.0,20.8,29.97335413,41.4,41.14512251,28.1,18.30116332,9.7,10.58036004
48459,TX,Upshur County,2000,2004.0,29.0,34.94808382,36.3,34.27978101,23.7,16.413064,11.1,14.35907117
48461,TX,Upton County,2000,2004.0,21.2,27.38374824,34.1,33.11413809,32.9,24.9882574,11.8,14.51385627
48463,TX,Uvalde County,2000,2004.0,23.4,30.40636369,22.4,21.93993957,40.4,31.43614725,13.8,16.21754949
48465,TX,Val Verde County,2000,2004.0,19.8,23.24506965,24.8,26.1377741,41.3,34.76761826,14.1,15.84953799
48467,TX,Van Zandt County,2000,2004.0,26.1,30.19910583,34.4,37.08589042,28.0,20.17716809,11.6,12.53783566
48469,TX,Victoria County,2000,2004.0,30.9,33.82795661,29.1,31.07754244,23.8,18.40853626,16.2,16.68596469
48471,TX,Walker County,2000,2004.0,23.1,30.4112879,31.6,33.14550955,26.9,18.28741658,18.3,18.15578597
48473,TX,Waller County,2000,2004.0,25.7,22.22356398,31.4,38.69097935,26.1,19.54675361,16.8,19.53870306
48475,TX,Ward County,2000,2004.0,23.2,25.78830496,34.5,33.61954108,29.9,29.04515174,12.4,11.54700222
48477,TX,Washington County,2000,2004.0,24.5,25.42938507,28.5,30.7021447,27.9,19.56483047,19.0,24.30363976
48479,TX,Webb County,2000,2004.0,21.1,26.11016384,17.9,21.1120172,47.0,35.85736526,13.9,16.9204537
48481,TX,Wharton County,2000,2004.0,26.1,25.06891213,29.3,32.8663671,30.2,26.44715478,14.3,15.61756599
48483,TX,Wheeler County,2000,2004.0,28.4,30.62213843,30.6,33.2615136,28.0,18.58335578,13.0,17.53299219
48485,TX,Wichita County,2000,2004.0,30.1,31.6452629,29.8,32.88587352,20.1,15.46886358,20.0,20.0
48487,TX,Wilbarger County,2000,2004.0,25.6,26.81082359,29.5,32.23443223,27.8,22.75788727,17.1,18.19685691
48489,TX,Willacy County,2000,2004.0,16.9,20.12793811,24.4,32.20767629,51.3,39.21451949,7.5,8.449866111
48491,TX,Williamson County,2000,2004.0,33.0,33.65669176,22.2,20.85882137,11.2,7.908206352,33.6,37.57628052
48493,TX,Wilson County,2000,2004.0,26.9,31.53089888,34.0,35.25280899,26.2,15.06320225,12.8,18.15308989
48495,TX,Winkler County,2000,2004.0,22.5,30.22242605,27.3,28.75487274,39.7,32.90529695,10.5,8.117404265
48497,TX,Wise County,2000,2004.0,28.3,30.35617847,34.8,35.84158416,23.9,17.90407612,13.0,15.89816124
48499,TX,Wood County,2000,2004.0,28.9,29.83330583,32.8,35.52401386,23.7,17.54745007,14.5,17.09523024
48501,TX,Yoakum County,2000,2004.0,22.6,22.49843326,26.5,29.83079173,40.6,31.77355337,10.2,15.89722164
48503,TX,Young County,2000,2004.0,25.6,29.20423984,32.1,35.27922797,27.9,20.07593735,14.4,15.44059484
48505,TX,Zapata County,2000,2004.0,16.7,18.85640026,27.7,26.34178038,46.9,46.31578947,8.7,8.48602989
48507,TX,Zavala County,2000,2004.0,15.5,26.09535126,20.3,24.92202584,56.6,39.15045299,7.6,9.832169909
49000,UT,Utah,2000,2004.0,37.0,36.90147217,24.6,23.87869794,12.3,9.362903108,26.1,29.85692678
49001,UT,Beaver County,2000,2004.0,32.7,39.79591837,38.4,36.65620094,16.8,8.895866039,12.1,14.65201465
49003,UT,Box Elder County,2000,2004.0,36.9,36.52158774,31.4,33.15111421,12.2,8.673398329,19.5,21.65389972
49005,UT,Cache County,2000,2004.0,35.9,34.80648444,22.7,21.24460507,9.6,8.073967508,31.9,35.87494298
49007,UT,Carbon County,2000,2004.0,37.4,44.67940999,31.4,28.53702589,18.9,13.56110777,12.3,13.22245635
49009,UT,Daggett County,2000,2004.0,36.6,28.07807808,35.3,34.08408408,16.3,19.21921922,11.9,18.61861862
49011,UT,Davis County,2000,2004.0,40.1,39.25739568,23.3,21.88947688,7.8,4.781816604,28.8,34.07131084
49013,UT,Duchesne County,2000,2004.0,30.6,34.10420993,37.7,35.99207098,19.0,13.58316028,12.7,16.32055881
49015,UT,Emery County,2000,2004.0,37.3,42.75976977,35.3,33.85337776,15.8,10.86034535,11.6,12.52650712
49017,UT,Garfield County,2000,2004.0,33.0,39.24855491,32.6,30.63583815,14.2,8.87283237,20.3,21.24277457
49019,UT,Grand County,2000,2004.0,32.8,37.25961538,26.8,24.56730769,17.5,12.51602564,22.9,25.65705128
49021,UT,Iron County,2000,2004.0,40.8,38.39907193,24.1,26.20152469,11.4,8.808418959,23.8,26.59098442
49023,UT,Juab County,2000,2004.0,35.4,39.95054751,35.4,36.48887319,17.1,10.42034617,12.2,13.14023313
49025,UT,Kane County,2000,2004.0,39.1,42.26701257,26.2,25.36419876,13.6,5.308321692,21.1,27.06046697
49027,UT,Millard County,2000,2004.0,39.3,38.0125551,30.6,29.91852544,13.3,13.02257246,16.8,19.046347
49029,UT,Morgan County,2000,2004.0,39.7,37.93039615,29.6,30.2850796,7.4,2.702702703,23.3,29.08182155
49031,UT,Piute County,2000,2004.0,34.5,29.18149466,36.7,41.45907473,14.3,12.1886121,14.4,17.17081851
49033,UT,Rich County,2000,2004.0,35.5,41.902687,34.0,37.90849673,8.5,6.681190995,22.0,13.50762527
49035,UT,Salt Lake County,2000,2004.0,35.4,34.53168574,24.0,23.39022983,13.2,11.26165977,27.4,30.81642466
49037,UT,San Juan County,2000,2004.0,32.1,28.43376433,23.6,34.15467187,30.4,18.02878751,13.9,19.38277629
49039,UT,Sanpete County,2000,2004.0,38.4,40.38869727,29.0,28.8007429,15.4,11.60122048,17.3,19.20933935
49041,UT,Sevier County,2000,2004.0,36.3,40.1788566,34.3,33.00063877,14.2,10.95496646,15.2,15.86553817
49043,UT,Summit County,2000,2004.0,29.8,26.72532422,17.2,17.98924148,7.5,6.968016346,45.5,48.31741796
49045,UT,Tooele County,2000,2004.0,36.7,39.28702908,33.0,31.74622653,14.4,9.129954596,15.9,19.83678979
49047,UT,Uintah County,2000,2004.0,30.6,32.90373906,36.0,35.95863166,20.2,14.51073986,13.2,16.62688942
49049,UT,Utah County,2000,2004.0,40.3,40.34623097,19.2,17.59544182,9.1,6.398920013,31.5,35.6594072
49051,UT,Wasatch County,2000,2004.0,37.9,37.95599305,25.0,21.16386798,10.7,9.619281992,26.3,31.26085698
49053,UT,Washington County,2000,2004.0,39.9,39.52421148,26.7,26.42041064,12.4,8.70020092,21.0,25.35517696
49055,UT,Wayne County,2000,2004.0,41.3,42.91294643,26.3,26.953125,11.5,5.747767857,20.9,24.38616071
49057,UT,Weber County,2000,2004.0,37.5,37.51912576,27.6,29.13134595,15.0,11.1955505,19.9,22.1539778
50000,VT,Vermont,2000,2004.0,24.6,25.82945032,32.4,31.21870518,13.6,8.746446206,29.4,34.20539829
50001,VT,Addison County,2000,2004.0,22.8,23.61994249,33.8,33.02417885,13.6,9.205783484,29.8,34.15009518
50003,VT,Bennington County,2000,2004.0,24.7,27.14586121,33.1,30.42248136,15.1,9.730453068,27.1,32.70120436
50005,VT,Caledonia County,2000,2004.0,22.6,27.22157638,37.6,35.2057661,17.4,10.66728668,22.5,26.90537084
50007,VT,Chittenden County,2000,2004.0,25.9,25.23738477,23.5,22.31268588,9.4,6.128034622,41.2,46.32189473
50009,VT,Essex County,2000,2004.0,18.2,24.09304311,45.9,43.76867264,25.0,16.6453265,10.8,15.49295775
50011,VT,Franklin County,2000,2004.0,24.9,27.13615599,41.1,38.62403041,17.4,11.9477573,16.6,22.29205629
50013,VT,Grand Isle County,2000,2004.0,25.4,29.40720651,33.8,34.07593956,15.8,6.954668733,25.0,29.5621852
50015,VT,Lamoille County,2000,2004.0,25.2,24.59682236,30.6,32.21239995,13.0,7.884362681,31.2,35.306415
50017,VT,Orange County,2000,2004.0,22.8,26.95470248,37.4,35.87797402,15.9,8.981657179,23.9,28.18566633
50019,VT,Orleans County,2000,2004.0,21.4,24.85145957,40.8,40.8318264,21.8,14.28054766,16.1,20.03616637
50021,VT,Rutland County,2000,2004.0,25.3,26.57111356,35.8,35.51773245,15.7,10.99779493,23.2,26.91335906
50023,VT,Washington County,2000,2004.0,24.7,26.25850992,31.5,28.64608304,11.6,7.009300988,32.2,38.08610605
50025,VT,Windham County,2000,2004.0,24.1,24.89815105,32.7,32.44750862,12.7,8.768411156,30.5,33.88592918
50027,VT,Windsor County,2000,2004.0,25.6,25.66473435,32.3,32.63785752,11.9,7.08570881,30.2,34.61169932
51000,VA,Virginia,2000,2004.0,26.0,27.02458345,26.0,25.24650565,18.5,13.05043842,29.5,34.67847248
51001,VA,Accomack County,2000,2004.0,20.3,22.66102689,34.1,38.7595276,32.1,20.9397772,13.5,17.63966831
51003,VA,Albemarle County,2000,2004.0,22.0,20.61291555,17.8,17.88001528,12.6,9.280855942,47.7,52.22621322
51005,VA,Alleghany County,2000,2004.0,24.7,30.05843991,39.2,36.80020327,22.5,17.0830863,13.6,16.05827052
51007,VA,Amelia County,2000,2004.0,22.4,26.53932584,36.1,38.57303371,31.7,20.42696629,9.8,14.46067416
51009,VA,Amherst County,2000,2004.0,24.1,28.067272,33.4,35.05837098,29.4,20.19054435,13.1,16.68381268
51011,VA,Appomattox County,2000,2004.0,21.9,29.9790954,38.3,36.81109844,29.3,19.28924363,10.5,13.92056252
51013,VA,Arlington County,2000,2004.0,15.9,12.46994577,11.7,9.068702681,12.2,7.213014119,60.2,71.24833743
51015,VA,Augusta County,2000,2004.0,22.5,21.77322877,40.2,42.4792541,21.8,15.86942899,15.4,19.87808815
51017,VA,Bath County,2000,2004.0,23.8,24.45086705,39.1,43.23699422,26.0,16.21387283,11.1,16.0982659
51019,VA,Bedford County,2000,2004.0,26.4,28.9231083,32.8,32.82684071,19.9,13.52437283,20.9,24.72567816
51021,VA,Bland County,2000,2004.0,23.6,30.25210084,38.1,42.75942935,29.1,15.73187415,9.2,11.25659566
51023,VA,Botetourt County,2000,2004.0,27.9,32.32066438,33.9,35.12563027,18.6,9.851277488,19.6,22.70242786
51025,VA,Brunswick County,2000,2004.0,21.3,25.73469053,31.0,31.88310622,36.8,30.03611886,10.8,12.34608439
51027,VA,Buchanan County,2000,2004.0,17.4,25.96855699,27.5,32.1841662,47.1,34.20550253,8.0,7.641774284
51029,VA,Buckingham County,2000,2004.0,16.2,18.44327597,38.0,38.97386871,37.2,28.88782664,8.5,13.69502868
51031,VA,Campbell County,2000,2004.0,25.5,31.35302106,33.4,35.35003861,26.6,16.84286209,14.6,16.45407824
51033,VA,Caroline County,2000,2004.0,21.6,28.40053625,37.7,37.12488398,28.7,17.76322574,12.1,16.71135403
51035,VA,Carroll County,2000,2004.0,20.9,28.04850253,33.9,33.66914346,35.7,26.143046,9.5,12.13930802
51036,VA,Charles City County,2000,2004.0,20.6,22.29617304,34.6,40.11832132,34.3,23.55333703,10.5,14.03216861
51037,VA,Charlotte County,2000,2004.0,18.1,26.14198596,34.8,34.23081349,36.8,25.00287654,10.3,14.62432401
51041,VA,Chesterfield County,2000,2004.0,30.7,29.29285139,24.8,23.88861843,11.9,10.42527245,32.6,36.39325772
51043,VA,Clarke County,2000,2004.0,25.3,29.84142716,32.9,28.25569871,17.9,10.74331021,23.9,31.15956392
51045,VA,Craig County,2000,2004.0,25.0,32.15823466,40.8,42.78794403,23.4,10.92572659,10.8,14.12809473
51047,VA,Culpeper County,2000,2004.0,22.3,27.79659934,35.7,33.43454359,26.3,16.47276911,15.7,22.29608796
51049,VA,Cumberland County,2000,2004.0,18.4,22.99954962,33.6,39.13826753,36.2,22.84942201,11.8,15.01276085
51051,VA,Dickenson County,2000,2004.0,17.3,24.66485587,34.9,34.53956015,41.1,30.8069745,6.7,9.98860948
51053,VA,Dinwiddie County,2000,2004.0,21.0,25.45770202,37.9,39.68329125,30.0,20.78598485,11.0,14.07302189
51057,VA,Essex County,2000,2004.0,21.3,26.57811678,34.8,36.95423461,26.5,21.69910573,17.4,14.76854287
51059,VA,Fairfax County,2000,2004.0,22.1,20.08283707,13.9,13.33367691,9.3,8.39342457,54.8,58.19006145
51061,VA,Fauquier County,2000,2004.0,29.5,31.10474299,27.9,27.85549889,15.5,9.039216571,27.1,32.00054154
51063,VA,Floyd County,2000,2004.0,19.3,26.8370607,38.2,35.60018257,29.9,19.36102236,12.5,18.20173437
51065,VA,Fluvanna County,2000,2004.0,23.0,28.61731083,32.5,28.40500817,20.0,14.34403919,24.5,28.63364181
51067,VA,Franklin County,2000,2004.0,24.8,29.28941506,32.6,34.99111456,27.8,17.77838961,14.8,17.94108077
51069,VA,Frederick County,2000,2004.0,24.3,28.48365692,35.7,31.41766074,21.4,13.93651814,18.6,26.16216421
51071,VA,Giles County,2000,2004.0,22.6,27.18319107,40.8,36.71208142,24.1,19.99343401,12.4,16.1112935
51073,VA,Gloucester County,2000,2004.0,32.4,34.24196729,31.7,33.03174419,18.3,11.59571589,17.6,21.13057263
51075,VA,Goochland County,2000,2004.0,20.0,23.23895243,29.4,25.92037002,21.2,13.45709107,29.4,37.38358647
51077,VA,Grayson County,2000,2004.0,18.4,24.96118682,37.7,38.35604623,35.9,25.45282042,8.0,11.22994652
51079,VA,Greene County,2000,2004.0,23.8,26.26827515,34.7,33.9298554,21.6,16.96892227,19.8,22.83294719
51081,VA,Greensville County,2000,2004.0,11.9,20.84821429,39.2,41.14955357,37.9,29.86607143,11.0,8.136160714
51083,VA,Halifax County,2000,2004.0,20.6,27.37676744,33.8,34.56761191,36.1,23.87704086,9.5,14.1785798
51085,VA,Hanover County,2000,2004.0,29.1,29.4038628,28.8,28.32323353,13.4,8.140541509,28.7,34.13236216
51087,VA,Henrico County,2000,2004.0,28.0,27.50390203,23.7,22.75087045,13.4,10.25717373,34.9,39.48805379
51089,VA,Henry County,2000,2004.0,22.8,29.17994859,32.7,35.22365039,35.1,24.36246787,9.4,11.23393316
51091,VA,Highland County,2000,2004.0,21.4,21.17280747,38.3,35.13233005,27.2,20.03113648,13.2,23.663726
51093,VA,Isle of Wight County,2000,2004.0,28.2,30.84861923,30.5,28.79258214,23.8,14.51723443,17.5,25.8415642
51095,VA,James City County,2000,2004.0,26.9,26.26873137,20.9,21.32510786,10.7,7.079885788,41.5,45.32627498
51097,VA,King and Queen County,2000,2004.0,20.7,26.41061176,37.2,42.05107899,31.8,18.94674322,10.3,12.59156603
51099,VA,King George County,2000,2004.0,24.4,29.88970828,32.4,30.77726294,19.6,8.751549958,23.6,30.58147882
51101,VA,King William County,2000,2004.0,26.1,28.29241071,38.2,40.32738095,20.9,11.65364583,14.8,19.7265625
51103,VA,Lancaster County,2000,2004.0,22.0,29.18340027,27.9,29.28380187,25.6,15.68496207,24.5,25.84783579
51105,VA,Lee County,2000,2004.0,19.3,29.48425624,31.8,32.44299674,39.4,26.02062975,9.5,12.05211726
51107,VA,Loudoun County,2000,2004.0,27.7,21.6213114,17.7,13.95341874,7.5,6.558006997,47.2,57.86726286
51109,VA,Louisa County,2000,2004.0,22.9,24.63108654,34.9,39.76185414,28.3,17.15500744,14.0,18.45205188
51111,VA,Lunenburg County,2000,2004.0,22.6,23.48550411,31.6,35.5906534,36.6,30.52791,9.2,10.3959325
51113,VA,Madison County,2000,2004.0,19.4,26.95781532,36.3,34.87408352,25.0,19.80660929,19.4,18.36149187
51115,VA,Mathews County,2000,2004.0,27.8,28.24033068,33.8,33.58429288,19.2,12.35606732,19.2,25.81930912
51117,VA,Mecklenburg County,2000,2004.0,21.6,27.58490408,34.1,34.64590068,32.2,24.02921792,12.1,13.73997733
51119,VA,Middlesex County,2000,2004.0,24.9,28.87833828,29.9,30.40949555,26.3,11.94065282,18.9,28.77151335
51121,VA,Montgomery County,2000,2004.0,23.2,24.49242668,23.7,23.65855624,17.2,10.80607477,35.9,41.04294231
51125,VA,Nelson County,2000,2004.0,21.6,22.12102083,26.6,33.99765533,31.0,19.99278564,20.8,23.88853819
51127,VA,New Kent County,2000,2004.0,29.6,31.8699681,34.7,31.86237278,19.4,13.10192921,16.3,23.16572991
51131,VA,Northampton County,2000,2004.0,22.5,21.98745461,29.2,35.85341697,32.6,22.6037196,15.7,19.55540883
51133,VA,Northumberland County,2000,2004.0,23.3,31.04415584,31.0,31.51168831,24.1,15.27272727,21.7,22.17142857
51135,VA,Nottoway County,2000,2004.0,21.5,24.25832127,31.8,37.98842258,35.6,26.62807525,11.1,11.1251809
51137,VA,Orange County,2000,2004.0,22.7,28.28487147,34.0,34.08765276,24.8,15.21281079,18.5,22.41466498
51139,VA,Page County,2000,2004.0,15.3,20.58599473,39.7,41.62320539,35.2,26.18224436,9.8,11.60855552
51141,VA,Patrick County,2000,2004.0,19.2,30.95898409,34.4,34.62268282,37.8,25.04014013,8.6,9.378192965
51143,VA,Pittsylvania County,2000,2004.0,22.8,29.29277366,35.2,34.77801501,32.7,22.05762585,9.3,13.87158548
51145,VA,Powhatan County,2000,2004.0,27.5,29.02518075,32.2,28.75093493,21.1,17.00324109,19.1,25.22064323
51147,VA,Prince Edward County,2000,2004.0,22.4,20.91208203,28.4,39.18432933,30.1,19.25166424,19.2,20.6519244
51149,VA,Prince George County,2000,2004.0,30.5,31.71741179,31.8,36.42175142,18.4,14.25234602,19.4,17.60849076
51153,VA,Prince William County,2000,2004.0,32.4,29.6567513,24.9,21.48734515,11.2,11.14006334,31.5,37.71584021
51155,VA,Pulaski County,2000,2004.0,27.9,32.54389387,33.9,31.45532579,25.8,20.58134998,12.5,15.41943036
51157,VA,Rappahannock County,2000,2004.0,23.0,21.04313301,30.1,26.94459484,24.0,17.86681104,22.9,34.14546111
51159,VA,Richmond County,2000,2004.0,18.8,25.13847465,31.2,37.73611703,40.0,26.82857549,9.9,10.29683284
51161,VA,Roanoke County,2000,2004.0,29.7,31.45194461,27.8,26.32877839,14.2,9.633928979,28.2,32.58534802
51163,VA,Rockbridge County,2000,2004.0,19.9,24.01891543,32.3,36.73156052,29.0,16.71067985,18.7,22.53884419
51165,VA,Rockingham County,2000,2004.0,19.4,20.47396671,35.3,36.6810704,27.6,19.54386033,17.6,23.30110256
51167,VA,Russell County,2000,2004.0,20.8,27.40416947,32.4,35.97367663,37.5,26.89019118,9.4,9.731962725
51169,VA,Scott County,2000,2004.0,19.8,24.41172993,36.3,38.64254464,35.6,25.86614639,8.3,11.07957905
51171,VA,Shenandoah County,2000,2004.0,22.2,25.15463224,38.4,40.40943929,24.7,16.03469141,14.7,18.40123706
51173,VA,Smyth County,2000,2004.0,22.5,25.19623234,34.4,38.5400314,32.5,22.00854701,10.6,14.25518926
51175,VA,Southampton County,2000,2004.0,25.0,28.93029572,26.5,33.6979481,36.8,25.16596258,11.7,12.2057936
51177,VA,Spotsylvania County,2000,2004.0,29.4,29.00989595,31.6,30.92675978,16.2,11.05090437,22.8,29.0124399
51179,VA,Stafford County,2000,2004.0,31.0,30.88821918,28.0,25.77623829,11.4,7.855544023,29.6,35.4799985
51181,VA,Surry County,2000,2004.0,24.6,29.1555919,32.9,35.24841546,29.6,19.93457371,12.8,15.66141893
51183,VA,Sussex County,2000,2004.0,14.4,17.84101174,33.2,39.600271,42.4,33.10749774,10.0,9.451219512
51185,VA,Tazewell County,2000,2004.0,24.0,29.91846315,32.5,33.69571932,32.5,23.0897523,11.0,13.29606523
51187,VA,Warren County,2000,2004.0,22.8,25.87948587,37.7,38.21783735,24.5,15.19201289,15.0,20.71066389
51191,VA,Washington County,2000,2004.0,25.0,28.79143629,31.2,32.32346184,27.7,17.155192,16.1,21.72990987
51193,VA,Westmoreland County,2000,2004.0,22.6,24.50856056,33.4,38.37983513,30.7,22.68547876,13.3,14.42612555
51195,VA,Wise County,2000,2004.0,21.8,26.39549524,29.9,32.31673195,37.5,28.54294908,10.8,12.74482373
51197,VA,Wythe County,2000,2004.0,25.6,32.20225258,32.4,34.12892404,29.8,19.17565301,12.1,14.49317038
51199,VA,York County,2000,2004.0,33.2,32.53497195,21.1,21.09489561,8.3,5.220771361,37.4,41.14936108
51510,VA,Alexandria city,2000,2004.0,19.9,18.54402315,12.7,12.61508399,13.2,8.348051558,54.3,60.49284131
51515,VA,Bedford city,2000,2004.0,23.3,30.39215686,32.4,33.10533516,29.1,15.23027816,15.2,21.27222982
51520,VA,Bristol city,2000,2004.0,26.1,29.50032031,29.3,30.88565022,27.6,20.37956438,17.0,19.23446509
51530,VA,Buena Vista city,2000,2004.0,24.5,21.37049942,34.0,37.32868757,31.0,26.03948897,10.5,15.26132404
51540,VA,Charlottesville city,2000,2004.0,18.6,17.58436945,21.4,20.67253351,19.2,13.66865816,40.8,48.07443888
51550,VA,Chesapeake city,2000,2004.0,32.7,35.08432441,27.8,26.10234621,14.9,10.42124328,24.7,28.39208611
51570,VA,Colonial Heights city,2000,2004.0,30.3,29.75511573,34.4,39.47500839,16.3,11.54813821,19.0,19.22173767
51580,VA,Covington city,2000,2004.0,25.2,34.77725818,39.8,34.99876938,28.6,21.75732218,6.4,8.466650258
51590,VA,Danville city,2000,2004.0,23.9,31.63203346,30.7,29.12899744,31.5,22.82080691,13.9,16.41816219
51595,VA,Emporia city,2000,2004.0,15.5,23.52194874,28.8,34.10301954,41.5,29.10428825,14.2,13.27074347
51600,VA,Fairfax city,2000,2004.0,23.4,25.68986108,19.5,13.65893519,11.4,7.454899742,45.7,53.19630398
51610,VA,Falls Church city,2000,2004.0,19.6,12.89858547,12.6,10.60896667,4.1,3.704147686,63.7,72.78830017
51620,VA,Franklin city,2000,2004.0,27.0,30.0265252,27.5,27.49778957,29.0,21.62687887,16.4,20.84880637
51630,VA,Fredericksburg city,2000,2004.0,22.1,25.77956803,27.5,29.96735884,19.8,10.94520453,30.5,33.3078686
51640,VA,Galax city,2000,2004.0,20.7,29.69048529,28.6,31.25716469,39.6,24.01604891,11.1,15.03630111
51650,VA,Hampton city,2000,2004.0,35.7,38.62215061,28.0,27.77896718,14.5,11.02234442,21.8,22.5765378
51660,VA,Harrisonburg city,2000,2004.0,22.0,20.12095836,23.6,24.93137939,23.2,19.30681554,31.2,35.64084671
51670,VA,Hopewell city,2000,2004.0,25.7,26.93769513,35.9,39.26292928,28.2,23.73422017,10.2,10.06515542
51678,VA,Lexington city,2000,2004.0,17.2,17.67619048,17.3,19.35238095,22.9,16.07619048,42.6,46.8952381
51680,VA,Lynchburg city,2000,2004.0,25.1,27.49363255,27.7,26.99341456,22.0,14.80002753,25.2,30.71292536
51683,VA,Manassas city,2000,2004.0,29.2,27.43499528,23.9,26.94585085,18.7,17.75508453,28.1,27.86406934
51685,VA,Manassas Park city,2000,2004.0,28.6,28.81145692,27.5,29.01443392,23.6,20.1511051,20.3,22.02300406
51690,VA,Martinsville city,2000,2004.0,22.6,32.32649763,29.3,28.96252147,31.5,20.77987676,16.6,17.93110415
51700,VA,Newport News city,2000,2004.0,34.5,36.52564809,30.1,29.37314547,15.5,10.1517386,19.9,23.94946785
51710,VA,Norfolk city,2000,2004.0,29.2,32.54893794,29.6,27.36706928,21.6,14.67582952,19.6,25.40816327
51720,VA,Norton city,2000,2004.0,25.6,37.41392502,26.8,22.37949503,33.5,20.00765111,14.0,20.19892884
51730,VA,Petersburg city,2000,2004.0,23.5,22.91772298,30.3,33.51924407,31.4,29.22332335,14.8,14.33970961
51735,VA,Poquoson city,2000,2004.0,29.9,31.75853018,27.1,25.54282987,11.5,7.611548556,31.6,35.08709139
51740,VA,Portsmouth city,2000,2004.0,32.0,33.86844291,29.4,29.49971248,24.8,17.65701872,13.8,18.97482589
51750,VA,Radford city,2000,2004.0,29.7,34.14778617,19.6,23.54509107,16.6,12.83873834,34.1,29.46838442
51760,VA,Richmond city,2000,2004.0,22.1,23.72821901,23.6,23.08384489,24.8,19.414344,29.5,33.7735921
51770,VA,Roanoke city,2000,2004.0,26.9,29.45291106,30.4,29.79670199,24.0,17.82950351,18.7,22.92088344
51775,VA,Salem city,2000,2004.0,30.0,28.75205155,32.2,29.34776001,18.0,11.88985472,19.8,30.01033372
51790,VA,Staunton city,2000,2004.0,24.1,24.59531574,31.2,30.67892084,24.4,14.97183516,20.4,29.75392825
51800,VA,Suffolk city,2000,2004.0,29.9,31.53873939,29.6,28.7809283,23.2,13.93353802,17.3,25.74679429
51810,VA,Virginia Beach city,2000,2004.0,36.4,37.47582694,25.9,23.33471548,9.6,6.90853087,28.1,32.28092671
51820,VA,Waynesboro city,2000,2004.0,23.4,22.86986158,33.8,37.10788064,22.1,17.7714405,20.6,22.25081728
51830,VA,Williamsburg city,2000,2004.0,23.8,23.80598125,20.8,18.58354412,10.4,8.064276149,45.0,49.54619848
51840,VA,Winchester city,2000,2004.0,25.0,23.57974389,26.7,28.81839348,24.6,18.07916182,23.7,29.52270081
53000,WA,Washington,2000,2004.0,34.4,34.81860885,24.9,23.59457159,12.9,10.01457803,27.7,31.57224154
53001,WA,Adams County,2000,2004.0,24.9,28.50753525,26.2,26.57267866,36.7,32.63004375,12.2,12.28974234
53003,WA,Asotin County,2000,2004.0,35.2,37.64512955,32.7,35.14594949,14.2,10.88225648,18.0,16.32666448
53005,WA,Benton County,2000,2004.0,34.8,36.13613435,24.0,24.16277554,14.9,11.11091271,26.3,28.5901774
53007,WA,Chelan County,2000,2004.0,31.4,30.59648978,25.7,28.77721666,20.9,16.50591936,21.9,24.1203742
53009,WA,Clallam County,2000,2004.0,37.0,39.5038597,27.8,27.41887132,14.5,8.465112793,20.8,24.61215619
53011,WA,Clark County,2000,2004.0,38.7,39.32579031,27.0,25.72038229,12.2,8.956230164,22.1,25.99759723
53013,WA,Columbia County,2000,2004.0,34.8,41.18627124,30.5,27.85738087,17.3,12.26257914,17.5,18.69376874
53015,WA,Cowlitz County,2000,2004.0,37.1,41.14522438,32.7,30.13900316,16.8,13.28252429,13.3,15.43324817
53017,WA,Douglas County,2000,2004.0,32.8,35.178824,29.5,28.45019196,21.6,19.00181855,16.2,17.36916549
53019,WA,Ferry County,2000,2004.0,34.7,37.16597667,34.4,36.84606699,17.3,12.00602183,13.5,13.98193451
53021,WA,Franklin County,2000,2004.0,26.2,29.5325779,23.8,25.26729416,36.5,30.3664443,13.6,14.83368363
53023,WA,Garfield County,2000,2004.0,37.9,41.76638177,29.5,28.49002849,15.6,5.185185185,17.0,24.55840456
53025,WA,Grant County,2000,2004.0,30.7,32.84242367,27.8,28.16901408,27.8,24.36147084,13.7,14.62709141
53027,WA,Grays Harbor County,2000,2004.0,34.1,39.44041,34.3,31.31369096,18.9,14.87425055,12.7,14.3716485
53029,WA,Island County,2000,2004.0,40.8,39.44683378,24.3,24.62255493,7.9,5.178960249,27.0,30.75165104
53031,WA,Jefferson County,2000,2004.0,36.0,35.53122772,27.2,23.14500231,8.4,6.052598465,28.4,35.27117151
53033,WA,King County,2000,2004.0,31.1,28.98875555,19.2,17.04573258,9.7,8.00397997,40.0,45.9615319
53035,WA,Kitsap County,2000,2004.0,40.0,40.83291011,25.4,23.73652072,9.2,6.575170964,25.3,28.85539821
53037,WA,Kittitas County,2000,2004.0,30.0,30.20195332,31.0,29.02251283,12.8,9.104452905,26.2,31.67108095
53039,WA,Klickitat County,2000,2004.0,31.0,35.23107379,34.3,33.45620861,18.3,12.37627142,16.4,18.93644617
53041,WA,Lewis County,2000,2004.0,34.7,38.78076149,32.9,32.12931435,19.5,14.16576381,12.9,14.92416035
53043,WA,Lincoln County,2000,2004.0,36.5,40.3529724,31.3,33.51910828,13.5,6.96656051,18.8,19.16135881
53045,WA,Mason County,2000,2004.0,35.7,39.23813012,32.5,30.83650016,16.3,11.65697541,15.6,18.2683943
53047,WA,Okanogan County,2000,2004.0,29.9,32.94159167,30.8,32.35927298,23.4,17.10605259,15.9,17.59308276
53049,WA,Pacific County,2000,2004.0,32.2,37.0990149,31.5,32.53978277,21.1,13.69032584,15.2,16.67087648
53051,WA,Pend Oreille County,2000,2004.0,35.4,39.18276845,33.3,33.53394573,19.0,10.15732235,12.3,17.12596347
53053,WA,Pierce County,2000,2004.0,36.5,37.62868655,29.8,29.17004029,13.1,9.557758695,20.6,23.64351447
53055,WA,San Juan County,2000,2004.0,35.5,32.04261748,18.7,17.66717023,5.6,5.525960086,40.2,44.76425221
53057,WA,Skagit County,2000,2004.0,36.8,39.52814206,26.3,25.14902428,16.0,11.72240698,20.8,23.60042668
53059,WA,Skamania County,2000,2004.0,35.6,36.6087401,33.4,31.40812676,14.1,9.532328137,16.8,22.45080501
53061,WA,Snohomish County,2000,2004.0,38.8,37.56554856,25.9,24.71217226,10.8,8.944526983,24.4,28.7777522
53063,WA,Spokane County,2000,2004.0,37.3,38.84542372,26.8,25.31630782,10.9,7.183489364,25.0,28.6547791
53065,WA,Stevens County,2000,2004.0,34.6,40.19047619,35.5,31.70771757,14.6,9.231527094,15.3,18.87027915
53067,WA,Thurston County,2000,2004.0,35.9,37.76736642,23.8,23.20384611,10.5,7.073176424,29.8,31.95561105
53069,WA,Wahkiakum County,2000,2004.0,37.3,42.10351692,32.2,34.50564035,15.8,6.702057067,14.8,16.68878567
53071,WA,Walla Walla County,2000,2004.0,33.7,39.58228685,24.1,22.31328486,18.9,12.37541309,23.3,25.7290152
53073,WA,Whatcom County,2000,2004.0,32.7,36.35113014,27.6,22.83637034,12.5,8.871246647,27.2,31.94125287
53075,WA,Whitman County,2000,2004.0,29.6,27.90212707,19.2,19.45409889,7.2,3.823161407,44.0,48.82061263
53077,WA,Yakima County,2000,2004.0,26.0,28.63153095,27.4,26.57423335,31.3,28.943787,15.3,15.8504487
54000,WV,West Virginia,2000,2004.0,21.0,24.5610451,39.4,40.9258408,24.8,16.60530197,14.8,17.90781212
54001,WV,Barbour County,2000,2004.0,14.8,18.28166519,46.2,47.31620903,27.3,22.68379097,11.8,11.71833481
54003,WV,Berkeley County,2000,2004.0,22.1,28.19905889,40.4,38.10352203,22.4,14.3048624,15.1,19.39255668
54005,WV,Boone County,2000,2004.0,15.8,21.48001859,41.1,44.31923792,36.0,25.66217472,7.2,8.538568773
54007,WV,Braxton County,2000,2004.0,15.8,18.42409082,42.4,47.03675197,32.7,24.04271695,9.2,10.49644025
54009,WV,Brooke County,2000,2004.0,22.6,27.54835337,43.7,44.65934832,20.3,10.79746762,13.4,16.99483069
54011,WV,Cabell County,2000,2004.0,25.1,27.81594038,33.9,33.86488393,20.0,13.16201049,20.9,25.1571652
54013,WV,Calhoun County,2000,2004.0,13.3,16.04600219,39.7,49.37933552,37.6,25.99488865,9.3,8.57977364
54015,WV,Clay County,2000,2004.0,11.9,18.42589751,44.5,42.63577785,36.3,30.65357472,7.3,8.284749923
54017,WV,Doddridge County,2000,2004.0,17.9,22.03242113,41.3,46.12166638,30.6,21.63151473,10.2,10.21439777
54019,WV,Fayette County,2000,2004.0,18.0,24.26343154,39.8,44.26099912,31.4,21.0647937,10.7,10.41077564
54021,WV,Gilmer County,2000,2004.0,16.1,26.04048583,36.9,36.4534413,30.0,22.59109312,17.1,14.91497976
54023,WV,Grant County,2000,2004.0,16.4,16.41930583,43.0,51.87565736,29.2,20.78999649,11.4,10.91504032
54025,WV,Greenbrier County,2000,2004.0,18.5,23.18587505,41.3,41.20682965,26.6,19.31703531,13.6,16.29025999
54027,WV,Hampshire County,2000,2004.0,15.8,15.97552281,44.2,55.10337452,28.7,21.05513308,11.3,7.865969582
54029,WV,Hancock County,2000,2004.0,23.8,27.79602343,47.6,43.87981537,17.1,11.82762294,11.5,16.49653826
54031,WV,Hardy County,2000,2004.0,16.2,20.95662318,44.6,47.73570898,29.7,21.05207339,9.4,10.25559444
54033,WV,Harrison County,2000,2004.0,21.7,27.38417384,40.4,40.799508,21.6,13.75153752,16.3,18.06478065
54035,WV,Jackson County,2000,2004.0,25.3,27.60473139,39.7,40.30064071,22.6,15.85510103,12.4,16.23952686
54037,WV,Jefferson County,2000,2004.0,22.8,26.50981273,34.7,31.90049695,21.0,13.76589831,21.6,27.82379201
54039,WV,Kanawha County,2000,2004.0,23.2,25.08722934,36.2,37.89924196,20.0,12.69885024,20.6,24.31467847
54041,WV,Lewis County,2000,2004.0,18.4,20.32637186,44.1,48.60065951,26.3,16.5891604,11.2,14.48380824
54043,WV,Lincoln County,2000,2004.0,14.6,19.97104692,42.2,42.48864908,37.3,29.4466013,5.9,8.093702704
54045,WV,Logan County,2000,2004.0,19.5,24.29505206,34.8,43.30014441,36.9,23.52739986,8.8,8.877403663
54047,WV,McDowell County,2000,2004.0,11.3,15.55723651,33.1,40.6265759,50.0,38.11775088,5.6,5.698436712
54049,WV,Marion County,2000,2004.0,23.9,25.29288382,39.6,40.72236149,20.5,14.00214867,16.0,19.98260603
54051,WV,Marshall County,2000,2004.0,22.5,28.11578326,46.6,46.80626949,20.3,11.54461953,10.7,13.53332772
54053,WV,Mason County,2000,2004.0,17.4,26.49686762,46.2,43.7917223,27.6,19.32833522,8.8,10.38307487
54055,WV,Mercer County,2000,2004.0,21.7,23.16509058,36.6,40.33952376,27.9,19.05890395,13.8,17.43648171
54057,WV,Mineral County,2000,2004.0,22.2,25.2809277,46.4,47.70896403,19.7,13.40756324,11.7,13.60254503
54059,WV,Mingo County,2000,2004.0,16.6,21.87266318,35.7,39.91560731,40.4,28.65078517,7.3,9.560944344
54061,WV,Monongalia County,2000,2004.0,20.7,20.71870546,30.5,31.34955712,16.4,10.65791135,32.4,37.27382606
54063,WV,Monroe County,2000,2004.0,18.7,21.47314578,46.8,46.58823529,26.3,19.64194373,8.2,12.29667519
54065,WV,Morgan County,2000,2004.0,18.6,18.99249061,46.0,48.51376721,24.2,17.45932416,11.2,15.03441802
54067,WV,Nicholas County,2000,2004.0,16.6,19.86829425,43.6,48.42060178,30.0,17.93553914,9.8,13.77556484
54069,WV,Ohio County,2000,2004.0,23.8,27.88520914,36.1,36.16627125,17.0,8.927816959,23.1,27.02070266
54071,WV,Pendleton County,2000,2004.0,18.6,22.19486458,42.5,46.48258881,28.0,19.25782624,10.8,12.06472037
54073,WV,Pleasants County,2000,2004.0,20.7,32.07443897,49.0,46.68856048,20.6,10.96515234,9.7,10.2718482
54075,WV,Pocahontas County,2000,2004.0,16.5,22.9396643,42.6,43.00619991,29.1,18.40314532,11.8,15.65099047
54077,WV,Preston County,2000,2004.0,16.2,22.02417537,47.0,48.63347675,26.0,16.69739807,10.8,12.64494981
54079,WV,Putnam County,2000,2004.0,25.3,27.77534684,38.8,37.21139739,16.2,9.984298988,19.7,25.02895678
54081,WV,Raleigh County,2000,2004.0,23.1,23.93657952,36.2,40.00823178,28.0,19.93342997,12.7,16.12175874
54083,WV,Randolph County,2000,2004.0,16.9,17.85172545,43.0,46.40690178,26.5,17.71425863,13.6,18.02711414
54085,WV,Ritchie County,2000,2004.0,22.6,27.07108498,43.6,40.37947622,26.6,20.52378407,7.1,12.02565473
54087,WV,Roane County,2000,2004.0,16.1,15.83442838,41.7,50.14079219,33.2,24.60108879,9.0,9.423690633
54089,WV,Summers County,2000,2004.0,15.1,23.41137124,40.2,41.55757286,34.6,21.49068323,10.1,13.54037267
54091,WV,Taylor County,2000,2004.0,19.4,24.27655377,44.1,45.97171983,25.3,15.33212759,11.3,14.41959882
54093,WV,Tucker County,2000,2004.0,16.4,20.67049808,48.5,48.16091954,24.5,15.1532567,10.6,16.01532567
54095,WV,Tyler County,2000,2004.0,22.1,23.57993069,44.7,49.57058912,24.6,16.84496007,8.5,10.00452011
54097,WV,Upshur County,2000,2004.0,16.4,18.49373403,44.5,48.99622825,25.4,17.08845358,13.8,15.42158413
54099,WV,Wayne County,2000,2004.0,20.2,25.91293792,38.5,40.78969552,29.5,21.24287689,11.9,12.05448967
54101,WV,Webster County,2000,2004.0,13.1,17.55262759,36.4,43.35907921,41.8,31.74314705,8.7,7.345146146
54103,WV,Wetzel County,2000,2004.0,19.7,24.37647455,47.5,46.58746208,22.4,17.32389619,10.4,11.71216717
54105,WV,Wirt County,2000,2004.0,17.5,25.31800391,45.0,48.72798434,27.6,15.80234834,9.9,10.15166341
54107,WV,Wood County,2000,2004.0,27.9,33.7122697,38.3,35.87645368,18.6,11.6163596,15.2,18.79491703
54109,WV,Wyoming County,2000,2004.0,15.3,19.43915218,41.8,45.61205049,35.7,25.4167659,7.1,9.532031436
55000,WI,Wisconsin,2000,2004.0,28.1,30.62910182,34.6,33.12767364,14.9,9.844903982,22.4,26.39832055
55001,WI,Adams County,2000,2004.0,24.8,31.18662816,41.9,42.17415351,23.3,14.8282431,10.0,11.81097524
55003,WI,Ashland County,2000,2004.0,27.1,33.12401884,40.5,34.66617416,15.9,9.068242682,16.5,23.14156432
55005,WI,Barron County,2000,2004.0,28.0,31.28017828,39.5,40.49151913,17.6,12.21988362,14.9,16.00841897
55007,WI,Bayfield County,2000,2004.0,31.2,33.7293614,34.2,32.60242858,13.1,6.901371538,21.6,26.76683847
55009,WI,Brown County,2000,2004.0,28.9,31.27253675,34.9,33.09335224,13.7,9.791968441,22.5,25.84214257
55011,WI,Buffalo County,2000,2004.0,26.3,28.45536923,43.8,43.43297573,15.9,10.71763358,14.0,17.39402146
55013,WI,Burnett County,2000,2004.0,26.1,31.99007529,42.7,39.91273101,17.2,10.62628337,14.0,17.47091034
55015,WI,Calumet County,2000,2004.0,26.0,29.01780233,40.6,36.58379374,12.7,7.940454266,20.8,26.45794966
55017,WI,Chippewa County,2000,2004.0,28.6,32.88132445,41.0,39.41997353,15.7,9.462001068,14.7,18.23670095
55019,WI,Clark County,2000,2004.0,22.4,26.37728787,42.6,43.47984846,24.6,18.57684057,10.3,11.5660231
55021,WI,Columbia County,2000,2004.0,29.8,34.15572256,39.7,36.36225613,13.8,8.565500139,16.7,20.91652117
55023,WI,Crawford County,2000,2004.0,25.6,29.19338508,42.5,44.97975025,18.7,10.12487344,13.2,15.70199123
55025,WI,Dane County,2000,2004.0,29.2,28.2703131,22.3,20.62300925,7.8,5.287059686,40.6,45.81961796
55027,WI,Dodge County,2000,2004.0,25.5,31.36767489,43.6,40.04394265,17.7,12.72091606,13.2,15.8674664
55029,WI,Door County,2000,2004.0,27.8,29.44868612,38.6,35.92205724,12.2,5.958124502,21.4,28.67113214
55031,WI,Douglas County,2000,2004.0,31.4,38.19934413,36.2,32.04478452,14.1,7.992977575,18.3,21.76289377
55033,WI,Dunn County,2000,2004.0,28.7,31.50742774,36.9,35.69152816,13.4,8.70599977,21.1,24.09504434
55035,WI,Eau Claire County,2000,2004.0,30.8,32.58052268,31.1,28.5605798,11.1,7.323394912,27.0,31.53550262
55037,WI,Florence County,2000,2004.0,27.0,30.7464455,44.3,42.41706161,16.3,11.52251185,12.4,15.31398104
55039,WI,Fond du Lac County,2000,2004.0,27.3,31.41878275,40.1,38.76749007,15.8,10.72004376,16.9,19.09368342
55041,WI,Forest County,2000,2004.0,25.8,32.24911361,42.7,42.19207646,21.5,13.48851549,10.0,12.07029444
55043,WI,Grant County,2000,2004.0,26.3,30.50626471,40.0,39.81428481,16.5,10.27475673,17.2,19.40469376
55045,WI,Green County,2000,2004.0,27.1,32.50333831,40.3,39.27813997,15.9,9.115544733,16.7,19.10297699
55047,WI,Green Lake County,2000,2004.0,25.5,29.58373525,41.9,42.5910811,18.1,12.23566076,14.5,15.58952289
55049,WI,Iowa County,2000,2004.0,28.2,34.38356999,41.8,36.56529953,11.5,7.629959169,18.5,21.42117131
55051,WI,Iron County,2000,2004.0,32.5,34.1380047,38.1,35.63341166,16.3,10.16876736,13.2,20.05981628
55053,WI,Jackson County,2000,2004.0,26.0,28.36197825,41.7,41.46615223,21.0,14.02314977,11.3,16.14871975
55055,WI,Jefferson County,2000,2004.0,28.8,31.25970883,38.5,36.40222535,15.3,9.486651494,17.4,22.85141433
55057,WI,Juneau County,2000,2004.0,25.5,31.02737554,43.0,43.23010253,21.5,14.07885002,10.0,11.66367192
55059,WI,Kenosha County,2000,2004.0,31.0,31.58302528,33.4,33.11582839,16.5,11.52962921,19.2,23.77151712
55061,WI,Kewaunee County,2000,2004.0,25.1,31.87587169,47.5,45.13249651,16.0,9.70013947,11.4,13.29149233
55063,WI,La Crosse County,2000,2004.0,32.4,34.84568242,31.9,29.52324426,10.3,6.338339223,25.4,29.2927341
55065,WI,Lafayette County,2000,2004.0,25.6,28.04054054,46.6,44.81685633,14.5,10.44630156,13.3,16.69630156
55067,WI,Langlade County,2000,2004.0,23.9,28.72142018,45.3,46.41154935,19.1,12.12267735,11.7,12.74435311
55069,WI,Lincoln County,2000,2004.0,26.6,31.43631436,41.4,41.39566396,18.4,12.11285327,13.6,15.05516841
55071,WI,Manitowoc County,2000,2004.0,26.1,30.409213,43.0,41.35842564,15.4,9.771255025,15.5,18.46110633
55073,WI,Marathon County,2000,2004.0,27.5,29.36335455,38.0,37.96926539,16.2,10.75159685,18.3,21.9157832
55075,WI,Marinette County,2000,2004.0,24.9,32.79419595,44.7,42.66839723,17.5,10.68290735,12.9,13.85449947
55077,WI,Marquette County,2000,2004.0,27.3,28.40989399,41.4,44.46996466,21.2,13.79858657,10.1,13.32155477
55078,WI,Menominee County,2000,2004.0,23.3,36.79395386,42.1,37.03261734,21.8,14.63802705,12.9,11.53540175
55079,WI,Milwaukee County,2000,2004.0,27.2,28.74796183,29.4,29.12505483,19.8,14.45219709,23.6,27.67478625
55081,WI,Monroe County,2000,2004.0,26.7,31.04235184,41.1,40.39868448,18.9,11.92361903,13.2,16.63534465
55083,WI,Oconto County,2000,2004.0,24.9,31.2770079,45.1,43.23498733,19.4,11.72329012,10.6,13.76471465
55085,WI,Oneida County,2000,2004.0,28.6,35.60779393,36.5,35.28304672,14.9,7.598346741,20.0,21.51081261
55087,WI,Outagamie County,2000,2004.0,27.9,31.328919,37.8,35.08965541,11.9,7.174143654,22.5,26.40728194
55089,WI,Ozaukee County,2000,2004.0,29.1,29.29805688,24.2,22.63665703,8.1,4.042560344,38.6,44.02272574
55091,WI,Pepin County,2000,2004.0,26.5,29.89690722,42.9,42.49713631,17.4,10.19473081,13.3,17.41122566
55093,WI,Pierce County,2000,2004.0,30.0,35.46970674,35.0,31.83209797,10.4,6.163390267,24.6,26.53480503
55095,WI,Polk County,2000,2004.0,29.2,32.81006746,41.1,39.68279709,14.1,8.108458744,15.6,19.3986767
55097,WI,Portage County,2000,2004.0,25.8,27.90151066,37.2,36.1142805,13.5,8.833462644,23.4,27.1507462
55099,WI,Price County,2000,2004.0,26.0,30.25540275,43.4,43.90494901,17.6,10.53419403,13.0,15.30545421
55101,WI,Racine County,2000,2004.0,30.1,31.60046237,32.5,33.54869824,17.1,12.01782119,20.3,22.8330182
55103,WI,Richland County,2000,2004.0,27.2,30.53839365,40.8,42.5900666,17.9,12.28436171,14.1,14.58717805
55105,WI,Rock County,2000,2004.0,28.0,31.39622216,39.3,36.35604041,16.1,12.72015472,16.7,19.52758271
55107,WI,Rusk County,2000,2004.0,24.6,27.47996948,43.4,42.9130103,20.9,14.04998092,11.2,15.5570393
55109,WI,St. Croix County,2000,2004.0,32.0,33.82895633,33.3,28.17885422,8.4,5.376016624,26.3,32.61617284
55111,WI,Sauk County,2000,2004.0,28.1,30.82246411,37.8,38.02430327,16.5,10.61508867,17.6,20.53814394
55113,WI,Sawyer County,2000,2004.0,28.3,32.60509765,39.9,35.03806687,15.3,11.05594174,16.5,21.30089374
55115,WI,Shawano County,2000,2004.0,23.1,27.49727446,45.8,46.47383483,18.5,11.07931316,12.6,14.94957754
55117,WI,Sheboygan County,2000,2004.0,26.6,30.5835776,39.9,37.45606355,15.6,9.693301356,17.9,22.26705749
55119,WI,Taylor County,2000,2004.0,22.9,26.46038377,44.4,45.54981236,21.7,14.20378107,11.0,13.7860228
55121,WI,Trempealeau County,2000,2004.0,26.8,28.52697616,40.9,41.49058971,19.1,12.88833124,13.3,17.09410289
55123,WI,Vernon County,2000,2004.0,26.4,29.99250562,38.5,37.69672745,21.1,13.6047964,14.0,18.70597052
55125,WI,Vilas County,2000,2004.0,28.1,33.99686331,39.8,34.79913138,14.6,7.715044034,17.6,23.48896127
55127,WI,Walworth County,2000,2004.0,28.9,30.80976109,33.5,33.74079817,15.8,10.25938248,21.8,25.19005826
55129,WI,Washburn County,2000,2004.0,28.8,30.69751674,39.7,39.57962539,16.3,10.24663107,15.2,19.4762268
55131,WI,Washington County,2000,2004.0,31.7,33.3388397,35.1,31.63957535,11.2,7.636227479,21.9,27.38535747
55133,WI,Waukesha County,2000,2004.0,30.2,30.78017874,27.6,25.38488694,8.0,4.399026402,34.1,39.43590792
55135,WI,Waupaca County,2000,2004.0,24.2,28.51273179,43.6,44.78834406,17.3,10.62875061,14.8,16.07017354
55137,WI,Waushara County,2000,2004.0,24.0,29.076252,43.1,43.15609298,21.2,13.58290542,11.7,14.1847496
55139,WI,Winnebago County,2000,2004.0,26.1,30.60340576,37.4,35.11034192,13.7,9.238950115,22.8,25.04730221
55141,WI,Wood County,2000,2004.0,26.8,32.28350979,41.0,39.33679233,15.2,9.695391626,16.9,18.68430625
56000,WY,Wyoming,2000,2004.0,35.0,37.27472137,31.0,30.54546532,12.1,7.918975144,21.9,24.26083817
56001,WY,Albany County,2000,2004.0,27.5,31.68316832,21.9,16.00574565,6.5,4.227158467,44.1,48.08392756
56003,WY,Big Horn County,2000,2004.0,33.1,38.27112992,34.1,30.88367321,16.8,12.03026805,15.9,18.81492882
56005,WY,Campbell County,2000,2004.0,37.3,37.41515639,35.3,35.97019103,11.7,8.389895739,15.7,18.22475684
56007,WY,Carbon County,2000,2004.0,31.3,35.49189388,35.0,36.98415623,16.5,10.18791452,17.2,17.33603537
56009,WY,Converse County,2000,2004.0,36.3,34.83808707,35.4,40.37100579,13.6,8.4173279,14.7,16.37357924
56011,WY,Crook County,2000,2004.0,30.3,32.96009772,38.0,39.65798046,14.2,6.596091205,17.5,20.78583062
56013,WY,Fremont County,2000,2004.0,31.9,40.54481745,33.2,28.33728948,15.2,9.189555782,19.7,21.92833729
56015,WY,Goshen County,2000,2004.0,32.7,36.52239939,33.4,34.42889684,15.3,10.26141664,18.6,18.78728712
56017,WY,Hot Springs County,2000,2004.0,30.1,32.54504505,36.1,34.90990991,15.8,12.78153153,17.9,19.76351351
56019,WY,Johnson County,2000,2004.0,37.0,34.20116429,30.9,32.82664942,9.9,5.740620957,22.2,27.23156533
56021,WY,Laramie County,2000,2004.0,39.2,40.17771294,26.5,28.36444415,10.9,7.305792248,23.4,24.15205066
56023,WY,Lincoln County,2000,2004.0,35.9,36.80259341,34.8,32.98925098,12.1,6.995393278,17.2,23.21276233
56025,WY,Natrona County,2000,2004.0,37.6,40.57671684,30.6,29.49716011,11.7,7.931842555,20.0,21.99428049
56027,WY,Niobrara County,2000,2004.0,33.1,42.75321768,38.9,30.83379966,12.7,9.904868495,15.3,16.50811416
56029,WY,Park County,2000,2004.0,33.6,36.36730779,30.4,27.74496441,12.4,7.430965723,23.7,28.45676208
56031,WY,Platte County,2000,2004.0,31.2,37.2184596,38.5,33.65884391,15.1,9.985824539,15.2,19.13687195
56033,WY,Sheridan County,2000,2004.0,37.2,38.43961875,28.8,30.35766925,11.6,5.895647047,22.4,25.30706495
56035,WY,Sublette County,2000,2004.0,32.1,42.11508107,35.3,24.66637968,11.0,4.67785909,21.6,28.54068015
56037,WY,Sweetwater County,2000,2004.0,35.7,37.27523202,34.7,36.00275522,12.6,9.715777262,17.0,17.0062355
56039,WY,Teton County,2000,2004.0,30.0,23.33248473,18.9,23.74618126,5.3,3.926934827,45.8,48.99439919
56041,WY,Uinta County,2000,2004.0,34.2,35.0455485,35.6,34.94603077,15.2,11.73543596,15.0,18.27298477
56043,WY,Washakie County,2000,2004.0,33.1,35.06286524,33.8,32.38887905,14.4,9.208429254,18.7,23.33982646
56045,WY,Weston County,2000,2004.0,30.5,35.73155985,40.2,37.9484079,14.8,8.827085852,14.5,17.49294639
72000,PR,Puerto Rico,2000,2004.0,19.4,21.49756614,22.3,25.71137587,40.0,30.3070004,18.3,22.48405759
72001,PR,Adjuntas Municipio,2000,2004.0,13.9,19.30486434,22.2,25.89500722,53.0,39.39637181,10.9,15.40375662
72003,PR,Aguada Municipio,2000,2004.0,16.4,17.33819969,21.5,22.48762332,49.3,40.10768619,12.8,20.0664908
72005,PR,Aguadilla Municipio,2000,2004.0,16.6,18.16301404,22.9,26.1364196,44.8,34.42748092,15.7,21.27308545
72007,PR,Aguas Buenas Municipio,2000,2004.0,18.9,18.42911671,22.9,30.1274125,45.8,36.58943068,12.4,14.85404011
72009,PR,Aibonito Municipio,2000,2004.0,19.1,19.64666825,25.9,28.0649751,40.3,29.618212,14.7,22.67014465
72011,PR,Aasco Municipio,2000,2004.0,15.5,15.12557663,25.0,32.97796002,47.3,37.22706304,12.3,14.66940031
72013,PR,Arecibo Municipio,2000,2004.0,17.7,21.93701833,25.1,26.52087291,41.4,30.86070827,15.7,20.68140048
72015,PR,Arroyo Municipio,2000,2004.0,18.4,24.54911433,27.7,27.25442834,40.4,32.17391304,13.4,16.02254428
72017,PR,Barceloneta Municipio,2000,2004.0,16.2,18.80029714,26.5,31.71969791,48.2,34.52395691,9.1,14.95604804
72019,PR,Barranquitas Municipio,2000,2004.0,17.0,23.16112084,22.8,25.47613835,45.7,33.24759194,14.4,18.11514886
72021,PR,Bayamn Municipio,2000,2004.0,23.7,28.73334431,22.0,21.54338534,32.6,24.64290061,21.7,25.08036974
72023,PR,Cabo Rojo Municipio,2000,2004.0,16.7,21.47707244,19.5,23.0604756,46.4,35.51966252,17.3,19.94278945
72025,PR,Caguas Municipio,2000,2004.0,21.9,21.91748885,20.3,25.01934021,36.7,25.74102137,21.1,27.32214957
72027,PR,Camuy Municipio,2000,2004.0,17.1,24.67296197,19.5,22.12596379,49.4,36.52430044,14.0,16.6767738
72029,PR,Canvanas Municipio,2000,2004.0,20.8,20.71779223,23.3,30.79474592,45.1,29.51439565,10.9,18.97306621
72031,PR,Carolina Municipio,2000,2004.0,26.3,27.67204873,23.8,24.98439372,28.3,19.85794065,21.5,27.48561691
72033,PR,Catao Municipio,2000,2004.0,19.5,20.308715,21.2,26.10557152,41.0,33.60937412,18.2,19.97633936
72035,PR,Cayey Municipio,2000,2004.0,17.5,15.26987739,25.1,31.99026672,42.5,31.57312603,15.0,21.16672987
72037,PR,Ceiba Municipio,2000,2004.0,25.5,24.37888199,24.3,27.15173026,34.0,28.59361136,16.3,19.8757764
72039,PR,Ciales Municipio,2000,2004.0,17.8,19.32589922,22.0,27.97853609,50.6,42.9613482,9.5,9.734216484
72041,PR,Cidra Municipio,2000,2004.0,19.0,17.50767254,25.9,33.09899365,39.3,27.7068018,15.9,21.68653201
72043,PR,Coamo Municipio,2000,2004.0,16.1,19.180366,25.5,29.68362283,43.5,32.95207816,14.9,18.183933
72045,PR,Comero Municipio,2000,2004.0,17.7,18.98772541,17.7,26.93589938,53.6,39.86967722,11.0,14.20669798
72047,PR,Corozal Municipio,2000,2004.0,19.2,22.69494485,21.4,26.70244027,47.5,34.83667646,11.8,15.76593842
72049,PR,Culebra Municipio,2000,2004.0,18.5,22.72291467,30.2,30.48897411,39.6,38.73441994,11.7,8.053691275
72051,PR,Dorado Municipio,2000,2004.0,20.4,22.1000926,23.6,26.02166123,36.9,24.23803197,19.1,27.6402142
72053,PR,Fajardo Municipio,2000,2004.0,20.4,22.62980389,26.5,30.29104384,36.8,25.77757422,16.2,21.30157805
72054,PR,Florida Municipio,2000,2004.0,18.4,20.13414483,24.8,38.09464663,46.8,32.40591231,10.0,9.365296236
72055,PR,Gunica Municipio,2000,2004.0,15.7,17.99245402,26.0,31.26866845,49.1,36.21285961,9.2,14.52601792
72057,PR,Guayama Municipio,2000,2004.0,20.4,22.38893085,27.5,30.24102177,37.3,27.13039896,14.9,20.23964842
72059,PR,Guayanilla Municipio,2000,2004.0,17.6,20.81141457,24.8,27.94552137,44.3,35.80024501,13.2,15.44281905
72061,PR,Guaynabo Municipio,2000,2004.0,19.9,19.14435665,16.5,17.72909541,27.7,21.27904234,35.9,41.8475056
72063,PR,Gurabo Municipio,2000,2004.0,20.2,23.70124369,20.2,20.93259683,38.4,24.40950219,21.2,30.95665729
72065,PR,Hatillo Municipio,2000,2004.0,16.6,21.47771894,19.8,22.38553262,48.6,37.33924133,14.9,18.79750711
72067,PR,Hormigueros Municipio,2000,2004.0,19.1,17.9911155,23.3,28.15070747,39.5,30.97235933,18.1,22.8858177
72069,PR,Humacao Municipio,2000,2004.0,18.1,20.94917884,26.6,30.85736454,40.3,28.83744989,15.0,19.35600672
72071,PR,Isabela Municipio,2000,2004.0,14.6,19.6969697,24.3,27.61707989,47.8,35.59294241,13.3,17.093008
72073,PR,Jayuya Municipio,2000,2004.0,15.6,15.01472031,25.9,33.09126595,47.6,34.70068695,10.9,17.19332679
72075,PR,Juana Daz Municipio,2000,2004.0,16.4,22.81389249,26.6,28.06623898,41.7,31.24229687,15.3,17.87757166
72077,PR,Juncos Municipio,2000,2004.0,20.4,22.68181113,22.4,27.86478524,44.0,29.29911614,13.2,20.15428749
72079,PR,Lajas Municipio,2000,2004.0,14.5,17.41864759,22.2,26.69628433,50.2,43.56104316,13.1,12.32402492
72081,PR,Lares Municipio,2000,2004.0,13.7,18.80269815,17.7,23.88651919,55.9,40.82432298,12.7,16.48645968
72083,PR,Las Maras Municipio,2000,2004.0,9.0,12.99843014,23.1,26.49921507,58.3,46.64050235,9.6,13.86185243
72085,PR,Las Piedras Municipio,2000,2004.0,19.1,20.23036732,24.8,31.56665611,43.0,30.59689677,13.1,17.6060798
72087,PR,Loza Municipio,2000,2004.0,21.4,20.61911757,28.1,34.79136064,41.4,30.68385833,9.1,13.90566346
72089,PR,Luquillo Municipio,2000,2004.0,19.5,22.41445304,22.6,31.55477302,40.2,27.71951313,17.6,18.31126081
72091,PR,Manat Municipio,2000,2004.0,17.7,20.48373064,22.8,28.10509831,44.6,32.13154689,14.9,19.27962415
72093,PR,Maricao Municipio,2000,2004.0,10.5,11.23358349,22.9,36.79643527,60.6,39.14165103,6.1,12.82833021
72095,PR,Maunabo Municipio,2000,2004.0,15.4,18.87285394,24.8,28.56431948,48.4,39.77357552,11.5,12.78925106
72097,PR,Mayagez Municipio,2000,2004.0,15.8,16.58865712,21.6,27.9121112,43.9,34.52849851,18.6,20.97073317
72099,PR,Moca Municipio,2000,2004.0,16.2,17.44452648,24.2,29.21151828,47.0,34.67920569,12.6,18.66474954
72101,PR,Morovis Municipio,2000,2004.0,19.1,20.66616579,21.8,26.76684197,47.3,39.21863261,11.8,13.34835963
72103,PR,Naguabo Municipio,2000,2004.0,16.4,19.82394366,23.2,28.62089202,48.1,33.10446009,12.3,18.45070423
72105,PR,Naranjito Municipio,2000,2004.0,18.0,23.74400989,21.0,26.52651105,49.1,36.77023754,12.0,12.95924151
72107,PR,Orocovis Municipio,2000,2004.0,12.5,15.39206196,23.9,30.81869728,52.5,38.68759508,11.1,15.10164569
72109,PR,Patillas Municipio,2000,2004.0,17.3,21.37821782,25.1,29.40990099,45.3,34.55841584,12.3,14.65346535
72111,PR,Peuelas Municipio,2000,2004.0,15.5,20.23898432,25.8,29.75762102,45.9,36.02417,12.8,13.97922466
72113,PR,Ponce Municipio,2000,2004.0,17.6,18.93988847,23.9,28.08437622,38.6,28.56370181,19.8,24.4120335
72115,PR,Quebradillas Municipio,2000,2004.0,17.1,22.71571353,25.0,24.44851854,46.7,35.43674966,11.2,17.39901827
72117,PR,Rincn Municipio,2000,2004.0,11.9,20.39018846,24.5,21.91495407,51.8,39.86172933,11.8,17.83312814
72119,PR,Ro Grande Municipio,2000,2004.0,22.5,24.10369242,23.4,27.74533864,40.5,27.60711969,13.6,20.54384926
72121,PR,Sabana Grande Municipio,2000,2004.0,17.6,20.48286604,26.2,28.12724659,42.9,32.13515457,13.3,19.25473281
72123,PR,Salinas Municipio,2000,2004.0,17.4,20.24527338,26.5,31.47164027,43.3,33.59223301,12.8,14.69085335
72125,PR,San Germn Municipio,2000,2004.0,16.2,17.80267925,24.2,27.6897801,41.3,34.01297498,18.3,20.49456568
72127,PR,San Juan Municipio,2000,2004.0,20.3,21.70416093,18.3,20.46294575,32.5,24.94143457,28.9,32.89145874
72129,PR,San Lorenzo Municipio,2000,2004.0,17.5,19.22862971,20.5,25.78527721,50.3,39.62544039,11.7,15.3606527
72131,PR,San Sebastin Municipio,2000,2004.0,15.5,17.19172549,17.5,20.91806273,54.2,44.82843395,12.7,17.06177782
72133,PR,Santa Isabel Municipio,2000,2004.0,16.5,19.68366778,29.9,29.91917503,40.6,29.52201784,13.0,20.87513935
72135,PR,Toa Alta Municipio,2000,2004.0,25.1,26.74215464,19.9,23.36245012,35.0,24.30928502,20.0,25.58611021
72137,PR,Toa Baja Municipio,2000,2004.0,23.9,26.88415104,24.0,27.95616063,35.5,25.11687644,16.6,20.04281188
72139,PR,Trujillo Alto Municipio,2000,2004.0,23.5,23.60004098,18.5,22.31533654,30.9,21.59204999,27.1,32.49257248
72141,PR,Utuado Municipio,2000,2004.0,16.5,20.57249244,20.8,24.50546893,50.8,36.13218525,11.9,18.78985339
72143,PR,Vega Alta Municipio,2000,2004.0,20.0,22.09721678,20.8,20.55272442,47.2,39.90591925,11.9,17.44413955
72145,PR,Vega Baja Municipio,2000,2004.0,21.4,23.95997621,20.6,15.0683869,43.7,43.38754298,14.4,17.58409391
72147,PR,Vieques Municipio,2000,2004.0,13.7,15.88604539,26.5,33.71962015,49.7,40.25430549,10.1,10.14002897
72149,PR,Villalba Municipio,2000,2004.0,18.0,14.34081568,25.0,35.95953209,44.2,34.49257034,12.8,15.20708188
72151,PR,Yabucoa Municipio,2000,2004.0,18.3,19.98617718,23.5,30.38988495,46.1,36.71179412,12.1,12.91214376
72153,PR,Yauco Municipio,2000,2004.0,17.8,17.75993664,22.2,27.08813364,44.2,38.35685484,15.8,16.79507488
