Age_Adjusted_Incd_Rate,Unemployment_rate_,Percent of adults completing some college or associate degree,Percent of adults who are high school graduates (or equivalent),Percent of adults who are not high school graduates,Percent of adults with a bachelor's degree or higher
1215.0,3.75,26.1,38.9,27.5,7.5
683.8,6.94,23.1,36.5,30.0,10.4
677.0,2.19,26.7,39.7,11.4,22.2
649.8,9.0,33.1,32.2,22.6,12.2
621.8,6.24,19.5,40.6,30.4,9.5
621.8,8.85,19.5,25.0,44.9,10.6
618.8,6.04,15.8,20.6,53.9,9.7
615.5,9.8,12.3,30.8,46.4,10.6
608.7,6.11,28.6,34.1,25.0,12.4
606.5,7.48,12.5,36.4,44.0,7.1
606.0,4.779999999999999,31.9,39.6,17.8,10.7
605.2,6.5200000000000005,20.7,28.6,39.6,11.1
604.7,3.01,26.5,34.1,26.3,13.1
603.7,9.12,25.4,34.7,33.0,6.9
601.3,10.37,40.6,23.1,11.2,25.0
598.4,6.55,25.1,40.8,25.7,8.4
598.0,7.32,15.4,40.8,35.4,8.4
596.5,7.62,17.2,38.9,34.3,9.6
595.2,3.88,34.1,27.8,17.6,20.5
594.3,8.290000000000001,13.1,36.5,43.9,6.5
592.8,7.23,18.0,36.7,36.7,8.5
590.7,4.5600000000000005,20.4,29.3,32.9,17.3
589.8,3.5799999999999996,34.2,37.7,14.4,13.8
588.0,7.32,12.8,32.6,45.9,8.8
588.0,7.43,21.7,29.9,38.7,9.7
587.5,2.28,29.0,39.5,13.8,17.8
587.0,6.92,28.0,38.3,24.1,9.7
586.1,5.21,25.1,48.1,13.7,13.0
585.8,3.95,20.5,37.9,29.0,12.6
585.6,4.84,17.4,42.8,31.9,7.9
585.5,6.459999999999999,21.2,33.1,37.9,7.8
583.5,2.92,29.0,38.9,17.3,14.8
583.1,4.5200000000000005,23.2,45.6,19.8,11.3
582.9,7.0200000000000005,20.7,49.0,20.6,9.7
582.4,7.31,14.6,42.2,37.3,5.9
581.9,4.63,28.8,40.4,14.1,16.6
581.9,6.709999999999999,20.5,35.3,33.4,10.8
581.5,6.4799999999999995,19.5,34.8,36.9,8.8
581.1,8.22,19.1,39.0,30.5,11.5
580.3,3.2700000000000005,27.9,38.7,17.1,16.3
580.2,6.5200000000000005,21.9,43.5,24.4,10.3
580.0,4.96,21.4,33.1,29.8,15.6
579.8,6.18,18.0,31.1,39.9,10.9
579.7,6.37,22.2,40.9,29.3,7.6
579.7,8.25,32.0,31.7,29.3,7.1
579.6,4.75,29.5,38.3,11.7,20.5
578.7,6.87,16.5,31.5,38.7,13.4
578.7,6.99,12.5,37.0,42.3,8.3
577.3,5.76,24.9,43.8,21.1,10.1
575.6,9.54,32.4,26.6,26.3,14.7
574.0,8.72,11.9,44.5,36.3,7.3
573.2,9.62,12.5,29.0,50.6,8.0
573.1,3.91,34.8,35.0,16.3,13.9
572.7,7.32,14.3,37.3,41.5,6.9
572.7,6.12,18.8,44.2,27.6,9.4
572.6,8.82,18.2,37.3,35.6,8.9
571.2,6.859999999999999,16.2,39.5,38.0,6.3
568.5,6.35,17.3,35.2,38.6,8.9
568.1,5.3,30.8,29.9,12.5,26.8
567.8,3.31,30.7,36.0,20.5,12.7
567.2,5.7700000000000005,23.1,47.5,19.3,10.1
566.8,8.76,18.0,37.1,37.2,7.7
566.8,7.05,20.5,39.2,27.8,12.4
566.6,6.0200000000000005,19.9,29.0,39.9,11.2
566.3,6.090000000000001,18.4,44.1,26.3,11.2
565.8,3.21,30.4,39.3,16.8,13.5
565.3,5.87,19.8,36.1,32.0,12.2
564.9,7.38,26.6,42.1,20.1,11.2
564.8,4.32,24.7,30.8,31.0,13.5
564.6,8.43,14.5,34.5,41.0,10.1
564.5,6.51,25.2,39.8,28.6,6.4
564.4,7.93,13.5,28.0,50.8,7.7
563.9,5.55,25.9,43.8,20.4,9.9
563.9,3.45,24.2,41.9,17.7,16.2
563.7,7.590000000000001,24.3,34.8,25.2,15.7
563.1,5.07,23.3,35.2,25.3,16.2
562.9,4.92,25.3,32.7,29.9,12.1
562.5,5.5,22.8,37.1,20.1,19.9
562.2,5.92,24.7,32.6,30.5,12.2
560.2,3.75,42.5,38.6,6.6,12.3
560.1,5.89,23.9,31.9,32.8,11.4
558.8,7.68,21.7,41.2,26.4,10.6
558.6,6.92,17.8,39.3,29.5,13.4
558.5,6.1899999999999995,22.0,27.9,25.6,24.5
558.3,5.65,25.0,44.3,21.1,9.6
558.2,6.859999999999999,28.2,38.0,16.8,16.9
558.1,8.51,18.5,33.0,41.8,6.6
557.8,8.3,17.7,50.0,20.2,12.1
557.6,9.05,18.0,36.0,35.0,11.1
557.3,5.05,32.0,34.9,20.0,13.1
557.0,4.62,18.1,42.1,17.7,22.1
556.6,6.14,26.4,43.0,15.5,15.0
556.3,7.87,13.9,40.4,39.3,6.4
556.1,5.7299999999999995,28.1,41.2,18.6,12.2
555.7,6.14,26.8,43.6,19.0,10.5
555.5,8.03,21.5,34.3,26.9,17.3
554.9,5.37,30.3,37.9,19.1,12.6
554.2,3.5799999999999996,30.4,38.8,19.4,11.4
554.2,6.43,21.8,39.0,31.4,7.8
554.2,9.02,24.5,21.5,37.8,16.2
554.1,4.55,24.5,34.0,31.0,10.5
553.7,7.52,20.4,39.8,27.6,12.2
553.3,7.81,31.1,35.9,20.9,12.1
552.9,4.88,28.5,31.0,11.9,28.6
552.9,6.470000000000001,22.5,43.1,21.0,13.4
552.8,3.86,29.6,42.7,12.5,15.2
552.0,5.85,28.0,37.7,21.5,12.7
551.2,6.279999999999999,23.8,39.7,23.6,13.0
551.0,9.17,23.4,35.7,30.8,10.1
550.9,4.81,21.3,34.8,26.5,17.4
550.9,6.18,28.9,36.9,16.7,17.4
550.8,6.51,16.1,36.2,38.6,9.1
550.8,8.05,23.4,41.9,20.1,14.7
550.6,9.08,22.6,38.4,29.8,9.2
549.9,3.6,33.8,28.2,13.3,24.7
549.1,6.07,20.7,41.6,24.2,13.5
549.1,5.58,23.0,40.8,20.6,15.6
549.1,6.540000000000001,15.6,39.0,39.8,5.6
548.9,4.87,26.8,30.4,25.2,17.5
548.2,10.79,24.9,33.6,36.1,5.4
548.1,6.82,21.7,35.1,34.8,8.4
547.9,5.790000000000001,26.0,45.3,16.6,12.2
547.3,4.779999999999999,29.7,41.5,14.4,14.4
547.3,6.040000000000001,20.9,42.6,25.8,10.6
547.1,6.26,30.0,38.9,18.1,13.1
547.1,5.54,23.2,38.7,24.6,13.5
546.9,4.4799999999999995,23.7,43.0,20.7,12.6
546.9,2.97,31.7,30.8,11.5,26.0
546.9,8.24,26.5,30.2,29.5,13.9
546.7,5.37,16.9,38.0,34.4,10.7
546.6,6.709999999999999,18.7,24.0,46.7,10.6
546.5,7.27,27.9,38.4,21.3,12.5
546.4,5.95,27.6,43.9,17.1,11.5
545.9,5.13,25.4,42.9,18.3,13.4
545.6,5.35,24.7,44.7,18.5,12.1
545.6,5.970000000000001,32.6,34.3,17.7,15.4
545.6,7.9,25.2,36.0,29.8,9.0
545.4,6.16,16.7,44.4,32.0,6.9
545.3,4.96,24.0,34.2,33.0,8.8
545.2,6.4,16.9,43.0,26.5,13.6
545.0,7.029999999999999,29.2,36.9,20.5,13.4
544.9,6.05,19.7,43.4,26.9,10.0
544.9,5.34,19.0,40.6,32.0,8.4
544.6,6.65,17.0,40.7,36.8,5.4
544.4,5.220000000000001,30.5,40.8,15.8,12.9
544.4,6.529999999999999,24.8,41.2,19.6,14.4
543.5,10.02,18.9,41.5,29.9,9.7
543.5,4.88,25.4,35.1,24.0,15.4
543.4,5.9,27.0,39.9,17.6,15.5
543.3,5.71,25.8,40.4,19.6,14.2
543.2,7.07,14.8,46.2,27.3,11.8
543.0,5.73,30.9,36.0,15.6,17.6
542.5,4.88,31.6,27.9,24.5,15.9
542.4,3.96,27.6,36.0,22.4,13.9
542.3,3.62,25.2,28.8,36.7,9.2
542.2,7.540000000000001,23.3,43.7,19.7,13.3
542.2,6.04,30.7,40.6,17.4,11.2
542.1,5.55,18.5,44.3,28.0,9.1
542.0,7.26,19.1,41.3,28.1,11.5
541.6,11.32,22.6,29.3,31.5,16.6
541.5,2.8,26.7,40.6,20.4,12.3
541.4,6.709999999999999,17.5,34.3,38.2,9.9
541.3,4.79,29.3,26.5,13.5,30.6
541.1,6.07,32.5,35.4,16.5,15.7
541.0,7.0200000000000005,23.6,38.6,29.2,8.7
541.0,6.3100000000000005,17.5,43.9,29.5,9.1
541.0,5.99,25.7,35.9,28.2,10.2
540.9,12.37,21.9,26.7,40.3,11.2
540.9,4.39,24.8,40.4,21.1,13.6
540.7,6.57,30.6,36.3,17.1,16.0
540.6,4.38,32.2,41.0,12.4,14.4
540.5,6.3,28.6,35.3,22.0,14.1
540.1,6.2,16.2,46.9,27.2,9.7
540.0,7.05,18.5,34.3,40.3,6.8
539.8,5.65,27.8,38.1,17.4,16.7
539.4,6.18,31.5,34.4,13.9,20.2
539.1,3.94,38.0,32.5,15.5,14.0
538.8,6.31,28.7,41.6,17.9,11.8
538.7,9.63,20.5,21.6,46.3,11.6
538.5,8.809999999999999,21.3,30.2,39.5,9.1
538.5,5.79,32.7,31.9,14.1,21.2
538.4,6.5200000000000005,17.0,38.5,31.2,13.3
538.3,6.04,28.1,35.3,25.3,11.4
538.2,5.61,19.1,44.5,26.6,9.8
538.2,4.5,29.7,37.0,19.8,13.4
538.2,8.82,16.1,41.7,33.2,9.0
538.2,7.470000000000001,23.5,36.3,18.1,22.0
538.2,6.2,18.0,33.3,38.0,10.7
537.9,6.08,14.4,33.2,42.4,10.0
537.7,6.17,21.2,35.9,28.9,14.1
537.7,6.69,28.9,38.0,21.7,11.4
537.6,9.6,19.2,28.8,39.4,12.6
537.6,5.91,36.7,32.8,15.7,14.8
537.6,5.86,28.2,35.8,17.2,18.8
537.6,5.61,24.0,40.3,24.6,11.1
537.5,5.89,25.7,41.1,24.0,9.2
537.4,5.34,17.2,38.0,35.3,9.4
537.0,11.86,15.6,28.2,49.9,6.3
536.9,6.1,24.0,47.7,17.9,10.5
536.8,4.86,22.0,44.5,20.5,13.0
536.6,5.91,23.2,36.3,25.0,15.6
536.3,3.69,30.3,36.1,13.8,19.9
536.1,6.970000000000001,22.6,43.6,26.6,7.1
536.0,7.9,21.9,33.8,33.7,10.6
535.9,7.32,17.2,37.4,36.3,9.1
535.8,6.67,20.3,34.8,34.4,10.5
535.5,6.58,18.2,48.3,22.8,10.7
535.4,7.859999999999999,20.3,38.4,30.8,10.6
535.2,6.83,27.5,34.7,27.6,10.2
535.0,3.93,22.4,36.1,31.7,9.8
534.9,6.790000000000001,23.0,37.0,28.7,11.3
534.6,7.82,14.8,34.6,42.2,8.4
534.6,7.0,13.9,31.6,46.5,8.0
534.5,5.58,17.6,41.2,32.1,9.1
534.3,4.85,25.4,44.3,17.8,12.6
534.3,4.09,31.8,39.9,13.4,15.0
534.2,6.49,13.7,37.6,42.0,6.6
534.0,5.39,24.5,36.4,25.2,13.9
533.8,4.55,25.1,41.5,18.3,15.1
533.6,4.59,28.3,41.4,17.8,12.4
533.5,5.89,25.5,34.0,25.8,14.7
532.8,9.38,19.9,33.4,35.7,11.0
532.7,3.3899999999999997,33.1,37.4,13.3,16.2
532.5,6.2,23.2,35.7,30.6,10.5
532.4,10.22,20.5,31.2,41.2,7.1
532.2,5.99,20.2,38.5,29.5,11.9
532.2,6.88,25.9,34.1,27.0,13.0
532.2,7.82,29.8,38.2,21.2,10.7
531.7,5.15,30.3,40.9,14.1,14.8
531.7,5.7299999999999995,31.3,28.6,16.6,23.5
531.7,6.68,21.5,37.1,29.9,11.6
531.6,5.37,23.9,30.4,28.0,17.6
531.6,9.55,14.9,31.0,47.4,6.7
531.4,4.99,28.4,24.9,14.8,32.0
531.3,5.34,25.8,37.7,17.0,19.5
531.2,6.5,18.1,35.2,34.3,12.4
531.0,8.72,17.4,46.2,27.6,8.8
531.0,5.9399999999999995,20.5,39.7,30.6,9.2
530.9,7.090000000000001,13.8,37.8,38.9,9.6
530.8,7.2,19.8,35.2,33.3,11.7
530.7,5.57,21.7,40.4,21.6,16.3
530.5,5.4799999999999995,17.2,38.5,33.1,11.2
530.4,6.62,19.7,37.9,33.5,8.8
530.2,6.85,18.0,39.8,31.4,10.7
530.2,6.24,16.1,35.1,41.8,7.0
530.1,5.470000000000001,25.4,43.0,19.6,12.0
530.1,5.8100000000000005,25.8,38.5,22.2,13.5
530.0,3.67,29.6,34.7,19.4,16.3
530.0,4.34,30.9,38.6,16.0,14.5
529.9,5.87,23.0,45.3,16.3,15.4
529.8,5.33,25.9,38.1,23.9,12.1
529.7,5.14,25.9,35.7,20.9,17.5
529.6,5.34,27.0,38.4,14.3,20.3
529.6,5.79,19.4,44.1,25.3,11.3
529.5,5.38,29.7,35.7,17.1,17.4
529.3,4.29,26.8,32.8,21.0,19.3
529.2,3.44,27.7,34.9,21.6,15.7
529.2,3.87,32.4,24.0,8.9,34.7
529.2,8.28,30.9,34.4,23.3,11.3
529.0,5.16,25.4,33.8,15.8,25.0
529.0,5.87,28.8,33.3,19.7,18.1
528.8,5.0600000000000005,25.5,36.9,15.7,22.0
528.8,8.02,13.8,32.0,44.1,10.2
528.6,4.16,27.2,38.5,20.2,14.1
528.6,8.57,20.0,36.0,35.4,8.7
528.4,5.34,16.5,37.8,37.1,8.5
528.3,6.909999999999999,25.2,38.0,23.1,13.7
528.0,3.5,31.0,38.3,13.5,17.2
527.7,4.99,30.3,37.6,18.4,13.7
527.7,7.27,32.7,38.9,13.1,15.2
527.2,6.13,19.8,41.5,28.9,9.9
527.1,4.7,25.9,27.4,12.1,34.6
527.1,4.25,21.0,37.9,30.0,11.0
527.0,7.37,16.0,38.0,36.8,9.3
526.9,5.4399999999999995,21.6,44.1,24.0,10.2
526.8,5.05,27.6,35.4,20.5,16.5
526.8,7.18,21.5,49.5,18.7,10.3
526.6,7.15,17.1,40.2,31.8,10.9
526.4,5.4399999999999995,29.0,34.6,24.3,12.2
526.4,6.15,25.3,39.2,21.9,13.6
526.3,4.08,27.7,34.4,19.0,18.9
526.3,7.25,17.8,34.4,38.2,9.6
526.1,8.040000000000001,23.0,39.6,27.0,10.5
526.1,7.109999999999999,31.4,33.4,22.8,12.5
526.0,7.159999999999999,19.4,43.2,28.0,9.3
526.0,6.0600000000000005,23.6,30.3,22.1,24.0
525.8,6.2,21.5,33.8,33.3,11.4
525.7,11.19,33.5,35.1,13.2,18.2
525.7,4.790000000000001,19.0,37.4,27.9,15.6
525.7,3.4299999999999997,27.8,33.8,19.2,19.2
525.6,4.86,23.1,45.0,19.3,12.6
525.6,4.4399999999999995,20.7,37.2,31.8,10.3
525.3,5.24,26.7,32.6,17.9,22.9
525.1,5.970000000000001,15.8,36.4,39.1,8.7
525.1,5.56,27.1,38.0,21.7,13.2
525.0,4.62,25.7,36.2,20.0,18.2
524.9,5.409999999999999,26.4,36.0,26.7,10.9
524.8,2.55,30.3,40.6,13.7,15.4
524.7,7.01,23.3,39.5,26.6,10.6
524.6,5.58,22.0,38.4,30.2,9.4
524.5,6.6,23.9,45.3,19.1,11.7
524.5,7.970000000000001,23.7,44.2,19.4,12.6
524.3,5.08,21.3,33.7,29.1,15.8
524.3,5.04,22.5,29.2,32.6,15.7
524.3,2.84,31.1,36.6,18.9,13.4
524.3,6.88,23.0,34.3,23.4,19.3
524.2,5.88,23.1,35.8,26.7,14.4
524.2,5.279999999999999,27.1,39.9,18.5,14.6
524.1,8.0,17.9,32.9,41.5,7.7
524.0,6.35,19.4,41.4,29.6,9.6
524.0,5.83,23.1,32.4,24.7,19.8
523.9,4.409999999999999,27.3,29.5,17.4,25.9
523.7,5.38,21.5,39.8,27.4,11.3
523.7,7.140000000000001,18.1,39.2,32.8,9.8
523.6,6.55,23.4,42.4,20.1,14.1
523.6,7.7,18.1,31.4,41.7,8.9
523.5,5.88,31.6,34.7,17.1,16.7
523.5,5.39,25.5,34.8,19.2,20.5
523.3,7.48,16.4,48.5,24.5,10.6
523.1,5.14,28.6,35.9,21.8,13.7
523.1,4.04,34.6,31.7,13.6,20.1
522.9,7.4,20.4,41.7,26.3,11.6
522.9,7.459999999999999,22.6,42.2,23.9,11.3
522.8,6.32,35.4,31.0,18.7,14.9
522.7,4.1899999999999995,28.2,44.1,15.0,12.7
522.6,7.35,16.6,35.7,40.4,7.3
522.4,8.23,23.7,32.1,33.8,10.4
522.4,7.8,30.2,37.0,20.9,12.0
522.3,9.08,15.5,34.0,41.5,9.1
522.3,7.35,28.8,40.4,18.7,12.2
522.2,7.359999999999999,14.8,35.8,42.2,7.2
522.2,2.82,35.2,34.8,15.9,14.2
522.0,7.2,20.4,30.2,30.1,19.3
521.8,6.92,19.4,40.6,29.7,10.2
521.8,5.89,29.7,32.5,22.8,15.0
521.7,6.7700000000000005,25.6,31.5,34.1,8.8
521.7,8.959999999999999,19.7,47.5,22.4,10.4
521.7,4.01,41.8,32.0,10.5,15.7
521.5,3.88,29.2,42.1,13.0,15.8
521.3,5.9799999999999995,21.0,39.7,26.4,12.9
521.3,4.63,33.9,28.9,13.7,23.6
521.3,5.32,31.1,33.2,18.6,17.2
521.2,6.34,15.4,30.6,44.5,9.5
521.2,5.89,27.0,34.8,26.2,12.0
521.2,7.07,17.3,44.2,31.1,7.4
521.1,5.8,25.2,38.9,24.4,11.5
521.0,5.42,26.2,34.4,12.2,27.1
521.0,9.34,19.5,30.4,40.6,9.5
521.0,5.45,28.5,29.9,17.1,24.5
520.9,5.33,23.7,29.7,24.8,21.8
520.9,3.4299999999999997,29.0,39.1,12.6,19.3
520.7,5.8100000000000005,21.2,40.1,24.7,14.0
520.7,7.709999999999999,23.5,30.3,31.4,14.8
520.6,9.94,19.2,46.6,26.8,7.4
520.3,4.7700000000000005,29.6,39.3,14.5,16.6
520.2,6.56,18.7,50.4,19.4,11.4
520.2,5.54,30.5,39.3,14.2,16.0
520.1,4.65,26.1,46.3,16.0,11.6
520.0,3.18,30.6,39.3,14.3,15.8
520.0,4.4,28.3,43.6,15.4,12.7
519.8,7.08,22.7,27.6,36.2,13.5
519.8,5.1899999999999995,34.1,33.2,16.7,16.0
519.8,5.390000000000001,23.9,39.6,20.5,16.0
519.7,5.66,34.3,33.6,13.7,18.4
519.6,4.92,26.7,38.5,18.3,16.5
519.5,5.32,27.8,36.5,18.8,16.9
519.5,6.640000000000001,18.1,41.4,33.0,7.4
519.4,5.58,29.1,32.3,26.5,12.1
519.3,6.4,20.8,49.5,17.3,12.3
519.3,5.15,27.7,36.8,22.4,13.1
519.2,7.659999999999999,16.4,39.9,36.4,7.3
519.2,5.64,33.7,38.4,13.4,14.5
519.1,6.49,20.7,34.3,35.4,9.5
519.0,3.69,30.0,37.6,18.9,13.4
519.0,4.08,28.7,42.3,14.4,14.6
519.0,5.4799999999999995,29.1,36.2,17.7,17.0
519.0,7.35,20.6,34.7,32.2,12.5
518.8,6.029999999999999,21.0,37.2,30.3,11.5
518.7,5.12,18.4,50.9,20.4,10.3
518.7,4.2,30.5,43.4,12.2,13.9
518.6,6.09,21.7,39.5,25.0,13.8
518.6,7.08,24.5,34.6,29.3,11.6
518.5,7.32,16.1,41.1,33.2,9.6
518.5,5.63,21.1,47.4,19.0,12.5
518.4,6.8,26.7,39.9,22.1,11.3
518.3,2.91,27.8,23.1,10.5,38.7
518.1,6.14,29.3,35.6,22.3,12.8
518.1,4.9,25.2,32.3,20.9,21.5
518.1,3.44,32.0,38.2,11.0,18.8
518.0,5.14,26.5,40.2,21.2,12.1
518.0,5.9399999999999995,28.0,29.1,18.2,24.8
517.9,6.220000000000001,28.4,28.2,25.3,18.1
517.7,5.7,22.8,35.3,30.9,11.1
517.7,6.16,29.8,33.5,23.2,13.6
517.6,6.43,28.7,43.6,15.1,12.6
517.6,5.6899999999999995,23.3,38.3,29.2,9.1
517.6,3.82,28.7,42.4,15.0,14.0
517.6,3.78,27.1,44.5,15.6,12.8
517.5,4.84,31.1,31.6,12.6,24.7
517.5,4.05,24.5,40.6,16.0,18.9
517.1,6.03,15.8,41.1,36.0,7.2
517.0,6.44,19.5,39.5,31.5,9.6
517.0,3.72,29.6,24.5,12.8,33.1
516.9,5.2,20.1,47.5,20.9,11.5
516.8,6.279999999999999,22.2,32.1,27.3,18.4
516.7,4.14,28.4,35.1,13.5,23.0
516.7,6.859999999999999,27.3,41.4,21.2,10.1
516.6,4.58,27.4,31.3,13.8,27.5
516.4,6.85,24.7,35.9,26.6,12.7
516.4,5.08,27.8,33.6,15.4,23.2
516.3,5.21,20.6,35.2,31.1,13.1
516.3,8.059999999999999,15.3,36.7,38.6,9.4
516.3,6.21,17.3,46.5,29.3,6.9
516.3,5.5200000000000005,29.3,33.8,17.7,19.2
516.2,3.84,33.1,30.8,18.6,17.5
516.2,4.29,28.5,35.9,18.7,17.0
516.2,6.2700000000000005,17.9,38.9,33.1,10.1
516.2,4.88,21.5,31.8,35.6,11.1
516.1,4.08,34.1,26.0,6.0,33.9
516.1,6.5200000000000005,21.3,39.9,30.2,8.6
516.1,5.39,32.2,34.3,17.3,16.2
516.1,8.73,15.6,34.3,41.3,8.9
516.0,8.75,22.2,32.4,34.5,10.9
516.0,5.57,24.1,32.1,19.7,24.0
515.9,12.49,24.9,41.8,25.2,8.2
515.9,3.81,34.9,36.8,12.0,16.3
515.9,6.04,29.4,29.1,18.4,23.1
515.8,6.21,24.0,37.2,18.4,20.4
515.7,6.38,21.0,35.4,27.4,16.2
515.7,4.54,28.6,37.5,16.3,17.6
515.7,6.49,20.9,46.9,23.8,8.4
515.5,5.89,19.6,42.7,27.1,10.6
515.5,4.33,30.3,34.4,16.3,19.0
515.5,4.64,29.2,33.4,10.2,27.2
515.4,4.17,27.5,35.0,18.6,18.9
515.2,6.58,15.1,36.9,40.6,7.4
515.2,7.32,16.9,32.1,38.1,12.8
515.2,5.779999999999999,30.7,39.3,17.5,12.6
515.2,8.629999999999999,24.8,34.1,27.8,13.3
515.1,3.12,31.3,39.9,14.5,14.3
515.0,7.1,25.9,34.9,26.5,12.7
515.0,3.5700000000000003,29.6,41.9,12.3,16.3
514.8,5.3,23.6,37.3,29.6,9.4
514.6,4.13,22.8,29.0,37.9,10.4
514.5,4.2299999999999995,25.0,44.4,17.2,13.4
514.1,5.68,27.1,38.3,22.9,11.7
514.1,5.68,36.3,37.1,11.3,15.3
513.9,7.220000000000001,24.3,38.3,27.1,10.3
513.8,5.76,25.0,32.0,31.6,11.4
513.8,4.8,28.9,33.5,15.8,21.8
513.7,4.2299999999999995,26.0,27.0,13.7,33.3
513.7,4.71,31.1,41.4,15.5,12.0
513.7,4.57,30.2,27.3,15.6,27.0
513.6,3.41,21.5,29.8,35.6,13.0
513.5,5.37,21.5,35.0,29.5,14.0
513.4,4.779999999999999,20.7,49.5,18.1,11.7
513.1,3.71,26.1,38.2,20.9,14.8
513.1,10.93,15.2,34.8,40.5,9.5
513.1,3.74,32.6,38.4,13.7,15.4
512.9,4.91,27.4,41.0,19.1,12.4
512.7,4.619999999999999,22.5,38.4,26.7,12.4
512.7,6.04,25.5,41.9,18.1,14.5
512.6,8.24,21.8,37.6,31.0,9.6
512.6,4.92,23.3,39.0,24.1,13.7
512.3,5.3100000000000005,25.7,36.5,21.4,16.4
512.2,4.11,32.5,30.3,9.4,27.7
512.2,5.17,25.1,33.9,20.0,20.9
512.1,7.55,20.1,33.8,34.5,11.7
512.1,5.05,27.5,26.1,15.1,31.2
512.1,6.01,18.8,47.4,27.5,6.2
512.0,4.46,21.6,45.6,18.2,14.5
511.9,5.470000000000001,26.6,38.0,18.5,16.9
511.9,5.779999999999999,25.6,40.7,15.3,18.4
511.9,4.4399999999999995,27.8,32.9,20.6,18.6
511.7,9.11,24.7,33.3,29.6,12.5
511.7,6.76,27.6,28.3,26.3,17.8
511.6,5.0200000000000005,30.0,37.4,15.4,17.2
511.6,5.89,23.6,34.2,27.2,15.0
511.6,7.55,23.4,46.5,18.3,11.8
511.6,4.4799999999999995,30.7,30.7,13.7,24.9
511.5,5.5,28.6,27.9,20.7,22.8
511.5,5.11,27.4,31.8,28.8,12.1
511.4,6.09,19.9,40.2,29.0,10.9
511.3,4.220000000000001,26.9,39.6,19.6,13.9
511.3,6.779999999999999,14.5,37.0,40.2,8.3
511.2,8.55,18.7,45.2,26.1,10.1
511.1,5.65,21.7,40.6,26.6,11.1
511.0,5.9399999999999995,17.9,36.1,37.0,9.0
510.9,6.68,13.3,36.8,42.6,7.4
510.9,7.68,28.1,34.4,26.3,11.2
510.7,4.05,22.7,34.0,24.8,18.5
510.6,5.85,19.6,45.6,22.0,12.8
510.5,9.27,17.0,44.4,31.4,7.2
510.3,4.220000000000001,32.6,35.3,10.8,21.3
510.3,9.7,21.3,32.1,35.3,11.3
510.1,5.15,27.6,35.9,20.9,15.5
510.0,6.21,25.4,34.7,25.3,14.5
510.0,7.6,27.7,29.6,28.6,14.2
510.0,8.07,27.7,40.4,15.8,16.0
510.0,6.68,23.3,36.8,28.4,11.5
509.9,6.2,19.8,40.1,28.3,11.8
509.7,5.82,25.8,33.6,17.4,23.2
509.7,5.92,31.0,34.0,15.7,19.2
509.6,3.99,16.5,35.6,39.5,8.4
509.5,5.529999999999999,23.4,38.8,15.4,22.3
509.5,5.720000000000001,24.0,37.5,27.0,11.5
509.5,4.3625,29.0,26.5,16.1,28.3
509.3,5.83,28.9,32.8,23.7,14.5
509.3,2.9,26.1,38.3,21.3,14.2
509.3,4.92,25.1,38.2,26.1,10.6
509.3,5.12,22.4,44.7,20.2,12.7
509.3,4.5600000000000005,23.4,33.8,22.1,20.6
509.2,4.7299999999999995,39.1,26.2,13.6,21.1
509.2,6.0200000000000005,25.5,36.1,24.5,13.9
509.0,9.79,27.5,41.6,21.7,9.2
509.0,8.540000000000001,16.0,30.1,47.5,6.3
509.0,5.21,21.4,37.4,30.7,10.6
508.8,9.54,23.1,34.2,31.9,10.7
508.8,5.7700000000000005,26.1,37.6,19.3,17.0
508.7,9.47,17.8,45.5,31.3,5.5
508.7,5.1899999999999995,30.0,38.1,15.6,16.3
508.7,7.540000000000001,24.9,40.9,22.9,11.2
508.6,5.85,20.4,47.6,21.3,10.7
508.6,5.35,24.8,35.6,26.5,13.0
508.5,3.07,31.3,40.0,15.5,13.1
508.5,4.96,26.3,35.4,27.0,11.3
508.4,5.58,23.3,45.6,20.1,11.1
508.4,6.640000000000001,23.5,44.4,20.4,11.7
508.3,4.029999999999999,28.4,29.0,11.8,30.9
508.3,8.290000000000001,22.2,31.0,35.0,11.8
508.3,8.209999999999999,25.6,44.6,20.0,9.7
508.3,5.7,22.6,35.3,31.2,10.9
508.2,5.44,22.1,44.7,21.6,11.6
508.2,8.059999999999999,17.5,45.0,27.6,9.9
508.2,8.99,18.1,38.8,33.4,9.7
508.1,4.7700000000000005,19.1,40.8,29.2,10.9
508.0,4.4399999999999995,27.4,35.7,22.4,14.6
508.0,5.7700000000000005,27.4,36.1,17.9,18.6
507.9,5.790000000000001,31.0,29.5,16.2,23.3
507.8,10.78,26.3,35.3,23.6,14.7
507.7,5.4,29.0,36.3,23.7,11.1
507.6,4.529999999999999,27.6,31.1,12.8,28.4
507.5,6.21,23.3,41.4,18.9,16.4
507.5,4.3100000000000005,29.6,32.9,16.1,21.4
507.5,5.63,44.9,25.0,12.8,17.3
507.3,7.38,27.3,31.3,28.1,13.3
507.2,5.95,31.0,33.4,16.5,19.2
507.0,4.55,32.7,28.3,17.9,21.0
507.0,3.16,28.3,39.8,15.8,16.1
506.9,5.1899999999999995,29.4,35.0,22.6,13.0
506.7,5.720000000000001,23.1,36.2,28.0,12.7
506.7,5.9399999999999995,18.0,40.4,30.5,11.1
506.6,5.12,23.2,36.2,20.0,20.6
506.6,7.220000000000001,25.7,32.0,29.7,12.5
506.5,10.84,26.0,29.5,28.6,15.9
506.5,4.6,32.1,32.3,18.0,17.6
506.4,5.83,24.4,46.6,16.9,12.1
506.4,4.65,28.7,32.5,15.1,23.7
506.3,6.25,22.6,46.6,21.3,9.5
506.2,6.58,22.3,35.9,29.2,12.6
506.1,6.92,20.2,42.1,25.8,12.0
506.0,4.720000000000001,21.2,33.7,33.2,11.8
505.9,5.2299999999999995,23.0,36.5,19.3,21.2
505.8,5.33,28.3,40.7,18.2,12.9
505.8,6.590000000000001,20.4,36.0,35.4,8.1
505.8,2.62,36.7,22.9,9.1,31.3
505.6,7.390000000000001,20.7,45.3,25.2,8.8
505.5,5.1,21.8,41.0,22.1,15.0
505.4,5.9,22.4,39.7,26.7,11.2
505.4,6.83,28.3,42.7,16.4,12.5
505.3,4.91,31.5,30.4,19.5,18.6
505.2,4.95,30.8,34.9,20.9,13.4
505.2,7.409999999999999,26.5,38.1,25.1,10.3
505.2,3.55,28.5,37.6,12.3,21.5
505.1,4.75,30.0,37.2,18.3,14.4
505.1,4.779999999999999,20.4,37.5,28.9,13.2
505.1,4.29,22.6,31.4,34.2,11.8
505.0,5.33,32.5,34.4,15.0,18.1
505.0,8.11,20.9,51.1,21.1,6.9
504.9,6.56,25.8,33.1,32.5,8.5
504.8,6.68,26.2,31.2,23.5,19.2
504.8,4.36,31.3,31.2,9.8,27.7
504.8,7.81,19.6,34.6,35.6,10.2
504.8,7.94,28.0,42.2,19.4,10.5
504.6,5.590000000000001,29.7,32.0,22.3,16.0
504.5,6.17,15.9,47.6,24.3,12.2
504.3,4.29,20.2,36.5,28.9,14.4
504.3,6.85,19.4,35.1,36.2,9.3
504.0,5.76,17.2,17.3,22.9,42.6
503.9,6.590000000000001,24.2,35.6,27.5,12.6
503.8,3.88,27.2,33.3,14.7,24.8
503.8,7.56,20.3,46.3,22.6,10.7
503.7,6.709999999999999,17.7,40.5,32.5,9.3
503.7,5.220000000000001,30.1,29.8,20.1,20.0
503.7,6.3,27.1,36.7,25.4,10.8
503.7,4.94,26.1,38.0,21.2,14.7
503.7,6.76,24.9,44.7,17.5,12.9
503.6,5.470000000000001,28.3,35.4,20.6,15.7
503.6,6.07,26.0,33.3,28.2,12.5
503.5,7.01,29.5,38.6,18.6,13.3
503.5,5.09,23.6,32.8,22.7,20.9
503.5,6.0,29.9,25.9,17.4,26.8
503.5,4.51,29.3,40.6,15.9,14.2
503.5,4.83,28.1,29.1,14.3,28.5
503.5,11.05,23.3,42.1,21.8,12.9
503.4,4.95,25.4,28.8,29.5,16.2
503.3,8.7,21.1,37.7,29.2,12.1
503.2,7.42,35.1,32.9,15.8,16.3
503.2,5.96,29.4,39.0,15.9,15.7
503.2,4.59,37.3,32.4,9.0,21.3
503.1,6.459999999999999,28.1,39.8,14.6,17.6
503.1,3.97,30.5,39.1,12.5,17.8
503.0,6.15,21.7,43.9,22.7,11.7
503.0,4.67,34.6,34.7,15.8,14.8
503.0,4.25,28.6,34.5,19.7,17.2
503.0,6.21,27.2,29.4,19.8,23.6
502.9,8.14,19.4,43.1,26.5,11.0
502.8,10.1,14.4,34.7,42.9,8.0
502.7,6.970000000000001,27.3,38.0,16.7,18.1
502.7,8.370000000000001,15.9,36.7,39.4,8.0
502.7,5.1875,26.4,36.1,20.0,17.5
502.7,4.87,27.1,34.4,21.9,16.6
502.7,4.529999999999999,26.0,41.0,20.3,12.7
502.7,6.34,22.4,38.3,28.7,10.6
502.6,4.46,19.0,35.8,32.9,12.3
502.6,4.85,25.3,38.8,16.2,19.7
502.5,5.88,18.8,40.9,29.2,11.1
502.5,7.959999999999999,16.9,41.8,32.6,8.7
502.5,4.9799999999999995,23.1,44.3,20.0,12.6
502.4,6.09,26.3,36.4,27.8,9.5
502.3,5.05,22.8,43.8,19.7,13.7
502.3,8.28,23.5,32.9,31.4,12.2
502.3,7.15,31.3,37.0,17.6,14.2
502.3,5.75,25.1,41.2,18.8,14.9
502.3,5.24,28.9,34.9,23.1,13.2
502.3,4.7299999999999995,30.1,38.5,15.2,16.2
502.3,6.33,28.0,39.3,16.1,16.7
502.3,3.72,28.1,32.8,12.8,26.3
502.2,6.279999999999999,30.1,32.5,17.1,20.3
502.2,6.5200000000000005,25.8,37.8,24.9,11.5
502.2,6.42,23.6,45.2,20.4,10.7
502.2,4.54,23.2,37.1,24.6,15.1
502.1,5.37,22.6,43.2,22.8,11.4
502.1,2.96,30.2,38.1,15.3,16.4
502.0,6.37,20.8,35.4,34.7,9.1
501.9,5.6899999999999995,32.7,30.2,26.2,10.9
501.8,5.01,32.7,31.7,18.0,17.6
501.8,7.88,28.0,34.3,27.7,10.1
501.8,8.690000000000001,17.1,37.5,34.4,11.1
501.8,6.5200000000000005,21.0,34.3,28.5,16.3
501.7,6.720000000000001,22.3,37.6,31.9,8.3
501.7,4.29,28.2,37.4,12.2,22.2
501.5,11.24,14.3,31.2,42.1,12.3
501.5,6.220000000000001,16.6,50.2,22.2,11.1
501.4,5.86,27.9,38.3,18.6,15.2
501.4,8.28,17.1,42.4,34.2,6.3
501.4,5.9399999999999995,25.8,34.7,21.9,17.6
501.4,6.15,18.4,34.8,36.1,10.6
501.4,7.090000000000001,34.7,33.3,14.4,17.6
501.4,3.89,29.2,40.6,15.8,14.4
501.3,4.63,31.7,29.1,17.3,21.9
501.2,5.39,23.4,41.7,20.4,14.5
501.2,5.87,33.5,31.8,12.8,21.9
501.2,4.37,25.7,32.7,19.0,22.6
501.1,4.67,19.8,37.2,34.6,8.4
501.1,6.99,29.5,39.6,19.6,11.3
501.0,9.68,31.0,26.8,31.5,10.7
501.0,5.7,32.4,32.5,23.1,12.1
500.9,5.3100000000000005,28.2,31.8,24.1,15.9
500.8,7.609999999999999,37.0,27.8,14.5,20.8
500.8,4.59,25.1,35.4,15.1,24.4
500.7,5.65,23.1,31.6,26.9,18.3
500.7,5.0200000000000005,23.1,42.3,25.8,8.8
500.6,9.1,16.2,34.8,42.6,6.4
500.6,4.91,29.5,32.8,14.9,22.8
500.6,5.720000000000001,24.7,38.7,16.2,20.5
500.6,6.590000000000001,20.2,47.9,21.0,11.0
500.5,6.959999999999999,23.4,36.7,27.9,12.0
500.4,4.5,29.0,26.7,19.2,25.1
500.3,6.279999999999999,21.2,48.1,19.0,11.7
500.3,5.58,26.2,39.9,19.4,14.4
500.3,4.5600000000000005,28.0,37.2,17.7,17.0
500.2,4.33,30.2,27.6,8.0,34.1
500.1,5.74,27.9,40.6,19.7,11.8
500.1,6.16,18.5,46.4,19.4,15.8
500.1,7.0200000000000005,30.9,36.5,16.1,16.6
500.1,4.21,33.7,31.0,21.0,14.4
500.1,9.53,12.8,33.4,47.1,6.8
500.0,5.85,23.6,41.9,19.4,15.1
500.0,6.109999999999999,25.3,43.4,20.8,10.5
500.0,6.57,22.5,46.6,20.3,10.7
499.9,6.07,28.9,29.1,25.4,16.7
499.9,4.63,21.9,35.9,29.3,12.9
499.9,8.78,19.6,35.4,37.5,7.5
499.8,4.4,24.6,26.8,13.3,35.4
499.8,8.35,15.1,36.5,38.6,9.8
499.7,6.640000000000001,24.9,39.5,21.9,13.7
499.6,9.36,20.4,25.7,38.1,15.9
499.6,6.970000000000001,29.1,35.8,20.2,15.0
499.5,7.43,20.4,36.3,31.5,11.7
499.5,6.16,29.4,38.3,15.4,16.9
499.4,4.71,31.7,35.1,11.2,21.9
499.3,4.99,26.1,33.7,25.2,14.9
499.3,9.62,20.3,50.0,21.2,8.4
499.3,4.3,33.7,39.6,14.0,12.7
499.3,5.1899999999999995,24.4,34.4,19.3,21.9
499.2,4.3100000000000005,20.6,46.6,20.0,12.8
499.2,5.55,31.9,27.7,20.9,19.5
499.2,6.890000000000001,16.6,40.3,35.2,7.9
499.1,7.07,20.2,49.0,20.0,10.8
499.1,6.32,30.3,32.3,20.2,17.2
498.9,6.279999999999999,33.5,28.4,19.7,18.4
498.9,6.38,23.7,48.1,17.7,10.6
498.8,6.83,22.3,36.2,30.8,10.8
498.8,6.959999999999999,15.8,42.4,32.7,9.2
498.7,4.529999999999999,33.1,36.0,17.8,13.0
498.7,7.06,24.8,38.2,25.0,12.0
498.6,5.3100000000000005,22.8,35.0,18.9,23.3
498.5,4.55,25.6,46.6,14.5,13.3
498.5,4.9,25.8,36.0,28.5,9.7
498.4,3.2299999999999995,36.7,33.4,13.7,16.2
498.4,6.65,18.2,38.3,34.1,9.4
498.3,5.43,19.6,50.3,19.9,10.1
498.3,4.8,22.2,29.6,29.5,18.7
498.0,7.720000000000001,26.8,34.2,27.1,12.0
497.9,4.9,23.5,31.4,21.2,23.8
497.9,6.24,29.0,33.2,21.7,16.1
497.8,3.86,29.1,29.5,11.7,29.7
497.8,8.59,18.4,38.4,32.1,11.1
497.8,4.24,26.3,36.2,22.6,14.8
497.7,5.46,22.7,35.0,24.6,17.6
497.7,5.66,26.4,32.2,26.1,15.2
497.7,6.17,24.7,36.4,25.4,13.5
497.6,4.61,31.4,29.7,16.0,22.9
497.6,5.8,24.6,34.3,29.5,11.6
497.6,4.68,28.9,34.3,20.2,16.6
497.5,7.840000000000001,16.5,42.6,29.1,11.8
497.4,6.19,24.5,38.6,27.4,9.6
497.4,7.13,25.5,29.5,33.0,12.0
497.4,5.459999999999999,29.4,36.8,17.2,16.6
497.4,9.98,21.0,50.5,19.4,9.1
497.4,4.62,28.9,37.2,19.6,14.2
497.3,6.12,21.7,35.7,27.1,15.5
497.3,4.14,29.1,24.2,8.1,38.6
497.3,6.779999999999999,22.0,34.2,34.7,9.1
497.3,7.33,31.3,37.1,19.6,12.0
497.2,4.84,25.6,32.1,27.9,14.4
497.2,7.23,24.6,42.9,19.8,12.6
497.2,6.909999999999999,25.3,39.7,22.6,12.4
497.1,7.0,26.9,31.8,28.3,13.0
497.0,5.290000000000001,28.4,32.7,16.2,22.7
496.8,4.42,27.8,32.0,14.0,26.2
496.7,7.06,20.9,49.6,20.4,9.0
496.7,5.41,15.0,35.5,43.7,5.8
496.7,5.41,30.3,40.2,15.0,14.5
496.7,8.91,17.1,47.6,29.3,6.0
496.7,5.92,24.4,34.9,29.8,10.9
496.7,7.8,20.9,37.4,30.1,11.6
496.5,4.5,27.5,30.9,15.2,26.3
496.5,6.76,25.9,44.6,20.1,9.4
496.5,5.8,31.5,31.9,20.2,16.4
496.4,5.0600000000000005,28.2,32.6,21.0,18.3
496.4,5.32,30.6,33.2,22.4,13.8
496.3,6.69,23.0,42.8,22.8,11.4
496.2,7.340000000000001,23.2,41.9,20.8,14.1
496.0,6.15,24.3,28.2,37.3,10.2
495.9,5.640000000000001,22.6,31.6,36.6,9.2
495.9,5.79,21.6,38.9,29.1,10.4
495.8,5.4799999999999995,33.1,28.4,10.8,27.7
495.8,6.6,21.8,39.2,30.6,8.4
495.8,5.220000000000001,23.2,33.6,26.5,16.8
495.7,5.5200000000000005,27.8,31.9,24.9,15.4
495.7,5.35,26.2,37.9,26.9,8.9
495.7,5.51,27.6,34.8,24.1,13.4
495.7,4.18,25.1,33.6,26.5,14.7
495.6,6.01,20.3,34.2,28.9,16.5
495.5,7.19,27.8,40.9,21.0,10.3
495.5,5.2,24.0,42.7,23.8,9.5
495.4,8.14,18.0,39.7,34.8,7.5
495.3,5.18,27.5,28.2,27.0,17.3
495.2,4.26,31.4,35.3,12.2,21.1
495.0,5.72,23.8,37.9,26.2,12.1
495.0,4.1,25.4,29.0,20.2,25.5
495.0,7.6,18.8,37.3,34.9,9.1
494.9,7.0200000000000005,23.8,47.6,17.1,11.5
494.9,7.640000000000001,22.2,46.2,21.6,10.0
494.7,7.590000000000001,17.8,37.6,37.1,7.5
494.7,4.7299999999999995,27.5,40.2,21.0,11.4
494.7,7.33,25.9,34.1,18.3,21.6
494.7,3.63,27.0,39.1,17.5,16.4
494.7,6.2700000000000005,29.5,31.2,25.4,13.9
494.6,6.33,24.8,34.8,19.0,21.4
494.6,7.57,20.8,41.4,28.1,9.7
494.6,3.84,25.6,40.1,25.8,8.4
494.5,5.1,27.7,37.4,15.2,19.7
494.3,6.609999999999999,24.8,41.9,23.3,10.0
494.3,5.5200000000000005,22.0,34.6,34.0,9.4
494.3,6.33,28.3,38.7,20.3,12.6
494.2,5.709999999999999,24.3,41.7,21.0,13.0
494.2,4.529999999999999,27.8,22.4,14.2,35.6
494.2,6.94,21.0,32.8,35.5,10.7
494.2,7.43,21.1,37.0,30.4,11.5
494.1,5.05,33.4,36.8,11.9,17.9
494.1,6.08,23.3,35.6,30.0,11.1
494.1,6.1,24.0,43.1,21.2,11.7
494.1,4.85,21.2,35.9,21.2,21.7
494.0,10.17,24.6,39.8,27.8,7.8
494.0,4.24,33.4,29.2,14.6,22.9
494.0,6.99,26.1,33.2,28.0,12.8
494.0,6.409999999999999,17.3,39.1,30.9,12.8
493.9,4.95,26.3,34.7,17.0,22.0
493.9,7.470000000000001,19.3,35.7,34.2,10.8
493.9,5.9799999999999995,16.4,44.5,25.4,13.8
493.8,6.04,21.2,34.1,34.1,10.6
493.8,7.06,15.3,41.8,35.7,7.1
493.8,7.93,15.3,29.7,46.0,9.0
493.8,4.12,26.9,36.1,27.6,9.4
493.8,8.41,14.5,33.2,43.4,9.0
493.7,3.729999999999999,29.5,30.4,13.6,26.4
493.7,6.68,23.4,46.3,19.1,11.1
493.7,7.140000000000001,18.4,45.3,26.2,10.2
493.7,4.779999999999999,27.1,26.0,11.4,35.5
493.6,6.74,24.3,46.3,16.9,12.5
493.6,13.15,20.9,28.1,40.3,10.6
493.6,3.99,28.2,28.1,9.8,33.9
493.6,5.909999999999999,30.4,32.9,23.0,13.7
493.6,4.3100000000000005,23.7,40.2,14.8,21.3
493.6,4.61,24.7,35.4,28.9,11.0
493.5,7.23,25.3,36.2,30.4,8.1
493.5,4.38,28.9,34.9,25.3,10.9
493.5,5.6,27.0,27.5,29.0,16.4
493.4,4.29,33.7,33.3,12.7,20.3
493.4,7.4,22.0,38.9,26.6,12.6
493.4,7.8,24.8,33.3,31.1,10.8
493.3,4.51,24.4,40.8,18.9,15.9
493.3,7.390000000000001,28.1,31.0,25.2,15.8
493.3,4.14,29.7,39.3,16.0,15.0
493.3,4.68,28.2,35.6,20.7,15.5
493.2,4.36,34.0,31.1,16.5,18.3
493.2,5.63,20.5,40.5,24.5,14.4
493.2,3.64,27.6,43.0,15.8,13.6
493.2,4.470000000000001,27.7,36.4,11.2,24.8
493.1,8.78,34.1,34.3,18.9,12.7
493.1,7.0,24.8,45.2,18.8,11.2
492.8,5.55,21.2,42.6,17.4,18.8
492.8,7.590000000000001,18.3,40.1,29.5,12.1
492.8,5.029999999999999,20.7,44.1,24.8,10.4
492.8,4.29,18.4,38.3,34.6,8.6
492.8,5.220000000000001,28.1,30.8,19.8,21.3
492.7,6.24,20.2,38.8,29.7,11.4
492.7,5.21,27.1,39.4,21.0,12.5
492.6,11.12,21.5,36.1,32.9,9.6
492.6,5.6899999999999995,26.3,38.1,18.3,17.3
492.6,5.74,18.8,38.5,31.5,11.2
492.6,4.1899999999999995,35.2,33.1,14.4,17.3
492.6,5.029999999999999,25.9,40.0,22.4,11.7
492.5,4.0,20.6,40.4,27.0,12.0
492.5,8.42,22.8,30.7,35.1,11.4
492.5,5.21,18.5,41.2,30.2,10.1
492.3,4.12,22.3,41.4,28.1,8.2
492.2,6.74,26.7,39.7,18.8,14.9
492.1,6.69,32.5,29.1,19.1,19.3
492.0,4.9399999999999995,21.1,40.5,24.1,14.2
492.0,5.41,27.1,31.9,17.3,23.7
492.0,5.71,18.5,35.4,38.9,7.2
491.9,6.09,19.9,39.5,29.3,11.3
491.9,7.55,16.8,43.1,32.4,7.6
491.9,5.32,30.1,42.0,14.0,13.9
491.9,4.11,34.8,23.5,6.8,34.9
491.8,4.45,31.2,28.2,13.3,27.3
491.8,12.61,15.5,20.3,56.6,7.6
491.8,7.05,21.7,37.2,32.7,8.4
491.7,6.45,21.3,31.0,36.8,10.8
491.7,3.4299999999999997,29.4,29.6,11.8,29.1
491.7,5.14,26.9,33.3,19.5,20.3
491.7,4.09,34.0,27.0,19.5,19.4
491.6,3.11,31.4,35.7,10.3,22.7
491.6,8.690000000000001,32.5,38.1,16.3,13.2
491.6,5.57,28.0,31.1,16.1,24.8
491.4,5.71,29.3,31.3,24.8,14.7
491.4,6.14,38.0,34.2,13.2,14.5
491.3,7.589999999999999,24.4,30.4,32.4,12.8
491.3,7.590000000000001,35.7,32.5,16.3,15.6
491.2,6.7700000000000005,21.6,33.4,33.5,11.5
491.2,7.359999999999999,26.2,38.1,28.0,7.7
491.2,5.34,23.8,36.1,17.0,23.1
491.1,5.85,25.9,34.5,26.4,13.2
491.1,6.2,27.6,37.3,17.2,17.9
491.1,4.24,27.6,23.5,14.3,34.6
490.9,6.909999999999999,16.2,35.5,41.3,7.0
490.9,4.75,25.6,36.2,16.2,22.0
490.9,3.75,31.9,38.1,14.6,15.4
490.8,7.24,32.6,32.8,17.1,17.6
490.8,4.99,26.5,39.1,19.2,15.2
490.8,5.4,26.1,44.8,13.2,15.9
490.7,4.39,31.2,37.5,14.4,16.9
490.7,6.44,29.7,36.4,16.9,17.0
490.6,6.0600000000000005,23.9,42.8,23.6,9.7
490.5,3.979999999999999,30.5,26.2,12.7,30.6
490.5,5.37,20.2,40.9,30.0,8.9
490.4,3.76,30.0,34.4,13.1,22.5
490.4,3.4200000000000004,27.9,32.6,25.2,14.4
490.3,4.33,33.6,33.5,18.2,14.7
490.3,4.88,29.2,27.1,15.6,28.1
490.3,6.959999999999999,21.1,36.8,30.5,11.6
490.2,5.8100000000000005,16.1,36.9,30.0,17.1
490.2,3.6,31.0,31.0,11.5,26.4
490.2,3.34,30.3,39.5,16.4,13.7
490.1,6.39,23.7,31.6,34.2,10.5
490.0,7.75,21.1,36.9,28.9,13.1
490.0,4.74,29.4,43.2,12.7,14.7
489.9,6.67,17.9,43.5,31.3,7.3
489.8,5.05,38.0,32.5,10.1,19.4
489.8,5.84,32.8,30.0,17.9,19.3
489.7,6.42,14.3,52.1,22.8,10.9
489.7,6.890000000000001,18.6,34.5,34.1,12.8
489.7,7.18,22.4,34.5,33.3,9.8
489.6,3.3299999999999996,32.4,31.7,18.3,17.6
489.5,3.53,26.0,34.6,25.3,14.1
489.5,7.77,19.8,36.7,36.5,7.0
489.5,8.690000000000001,24.5,29.7,26.9,18.9
489.5,6.7299999999999995,24.1,35.5,25.5,14.9
489.4,5.96,22.9,48.4,16.3,12.4
489.4,3.3200000000000003,24.8,38.5,17.0,19.7
489.4,8.040000000000001,15.4,37.8,39.4,7.4
489.3,3.9,32.4,25.0,25.0,17.6
489.3,6.7700000000000005,17.2,38.2,36.2,8.4
489.3,6.05,21.6,38.1,31.7,8.6
489.2,4.5,23.5,44.5,20.9,11.1
489.1,3.47,28.4,38.1,14.7,18.8
489.1,6.56,23.4,33.2,26.6,16.8
488.9,5.67,27.6,32.8,21.7,18.0
488.9,5.8100000000000005,26.4,43.6,16.5,13.4
488.8,6.970000000000001,19.3,37.0,31.4,12.4
488.8,4.71,30.5,34.4,13.6,21.5
488.8,4.09,26.4,28.6,11.3,33.8
488.8,6.409999999999999,24.2,45.0,19.7,11.1
488.7,6.470000000000001,40.8,24.3,7.9,27.0
488.7,6.04,17.9,51.4,19.0,11.7
488.7,8.370000000000001,21.4,39.3,29.1,10.1
488.6,4.05,27.0,41.1,13.7,18.2
488.6,3.44,31.2,31.9,19.8,17.0
488.6,5.9799999999999995,30.4,34.5,20.3,14.8
488.6,5.09,26.4,38.5,21.1,14.0
488.5,4.83,26.8,31.3,16.7,25.2
488.5,7.56,22.1,44.7,24.6,8.5
488.5,5.66,25.0,39.2,20.6,15.2
488.5,5.2,23.9,42.3,22.8,11.0
488.4,6.87,18.5,41.3,26.6,13.6
488.4,6.13,26.6,41.4,18.4,13.6
488.3,6.709999999999999,36.5,29.8,13.1,20.6
488.2,4.42,21.6,37.7,28.7,12.1
488.2,5.89,25.9,32.2,21.3,20.6
488.2,4.61,29.7,37.9,16.3,16.1
488.2,4.76,31.1,36.5,13.3,19.1
488.1,8.08,24.2,36.7,30.8,8.3
488.1,4.8100000000000005,26.8,18.3,17.0,37.9
487.8,4.42,30.5,36.8,15.8,16.9
487.8,3.65,24.2,25.5,8.5,41.8
487.8,4.67,32.0,31.5,20.8,15.7
487.7,7.790000000000001,30.2,37.6,19.2,12.9
487.6,6.26,24.8,34.6,21.8,18.7
487.6,3.729999999999999,25.8,26.7,13.3,34.2
487.6,7.609999999999999,36.1,24.3,17.7,21.8
487.6,4.55,32.1,30.5,21.2,16.2
487.5,7.05,13.1,36.4,41.8,8.7
487.5,4.75,24.2,33.4,24.9,17.4
487.5,8.6,25.6,39.9,25.0,9.6
487.5,6.11,32.0,37.4,15.7,14.9
487.4,7.290000000000001,21.6,34.1,32.2,12.1
487.4,5.88,20.0,48.2,20.4,11.4
487.4,5.56,15.6,43.2,32.8,8.4
487.3,4.86,29.7,36.9,18.3,15.1
487.3,8.540000000000001,20.3,38.1,32.3,9.2
487.3,4.33,24.8,36.4,12.5,26.2
487.3,5.8,20.2,35.1,36.7,8.0
487.2,5.470000000000001,20.8,35.5,31.9,11.7
487.2,5.92,22.9,42.1,18.2,16.7
487.2,4.8100000000000005,33.0,30.9,21.0,15.1
487.1,5.33,30.9,24.5,13.7,31.0
487.1,5.33,20.9,42.0,25.0,12.1
487.1,5.7299999999999995,35.9,23.8,10.5,29.8
487.0,5.359999999999999,30.2,38.1,16.6,15.1
487.0,5.82,40.0,25.4,9.2,25.3
487.0,4.75,21.8,45.7,19.4,13.1
486.8,5.0,18.3,41.2,30.6,9.9
486.7,6.12,28.7,33.2,23.7,14.5
486.7,5.09,25.9,39.6,20.7,13.8
486.6,6.56,16.6,43.6,30.0,9.8
486.6,5.3,29.0,40.8,16.4,13.8
486.6,4.58,22.3,25.6,18.2,34.0
486.5,6.5200000000000005,20.6,40.6,27.9,10.9
486.4,4.74,24.6,40.2,20.8,14.3
486.2,3.5,23.4,42.8,21.5,12.4
486.2,6.17,30.4,28.2,21.1,20.3
486.2,5.76,20.8,39.6,32.7,6.8
486.1,8.47,19.4,46.5,26.3,7.8
486.1,5.62,20.2,41.4,26.8,11.5
486.1,4.39,28.7,35.0,13.5,22.9
486.1,6.16,20.6,41.0,26.4,11.9
486.0,8.45,21.4,48.8,19.0,10.9
485.9,3.87,24.4,32.4,19.6,23.6
485.8,5.81,31.3,21.9,19.6,27.2
485.8,2.82,26.9,33.6,19.6,19.8
485.7,6.55,23.4,22.4,40.4,13.8
485.6,5.0600000000000005,19.1,37.1,32.5,11.3
485.6,4.93,25.7,46.2,16.4,11.7
485.6,5.04,32.4,32.5,17.0,18.1
485.6,9.83,25.5,42.2,23.2,9.1
485.6,3.16,38.3,24.7,6.7,30.2
485.4,5.970000000000001,27.5,25.1,17.0,30.3
485.4,4.49,29.5,30.1,12.9,27.4
485.4,8.83,21.2,33.1,34.6,11.1
485.4,4.5600000000000005,30.3,42.3,14.7,12.7
485.3,5.66,30.9,36.3,20.6,12.1
485.3,9.07,9.9,39.3,42.4,8.4
485.3,7.540000000000001,18.5,38.7,32.3,10.5
485.3,6.07,23.3,34.7,32.8,9.1
485.3,7.38,23.7,45.3,19.2,11.8
485.2,5.71,24.2,45.6,17.4,12.8
485.2,7.42,21.1,28.2,31.6,19.1
485.1,5.25,25.9,34.5,20.9,18.7
484.9,6.38,21.5,33.7,31.5,13.2
484.9,9.93,27.3,40.3,22.1,10.2
484.9,6.63,25.5,43.0,21.5,10.0
484.9,5.71,21.9,40.6,18.0,19.6
484.8,6.7299999999999995,26.1,44.0,16.7,13.1
484.8,10.18,17.9,33.6,39.3,9.2
484.8,7.1,26.5,33.5,25.8,14.2
484.8,4.76,22.5,31.0,30.3,16.2
484.8,6.9799999999999995,19.5,40.2,31.5,8.8
484.5,5.16,26.8,37.9,18.8,16.4
484.5,4.99,26.5,35.1,25.8,12.5
484.5,6.35,28.9,32.1,21.6,17.4
484.5,4.390000000000001,24.9,41.2,17.4,16.5
484.3,6.290000000000001,19.2,37.5,33.0,10.3
484.3,6.859999999999999,23.1,40.6,25.5,10.7
484.3,5.8,34.3,30.6,12.6,22.4
484.2,4.89,26.9,37.7,14.8,20.7
484.2,4.8,26.9,30.4,24.0,18.7
484.1,6.37,28.6,36.5,14.9,20.0
484.1,5.68,16.2,47.0,26.0,10.8
484.1,6.590000000000001,30.2,32.4,26.5,10.9
484.0,8.24,20.2,39.8,30.7,9.3
484.0,6.5200000000000005,23.3,45.7,22.8,8.1
483.9,5.2700000000000005,37.4,27.4,15.3,19.8
483.9,8.78,19.2,24.2,45.6,10.9
483.9,4.0600000000000005,28.5,30.2,15.8,25.4
483.8,6.09,26.9,42.1,16.9,14.1
483.8,4.9,29.9,33.0,14.8,22.4
483.8,10.86,22.3,31.7,31.4,14.6
483.6,6.13,37.4,29.0,14.4,19.1
483.5,8.65,24.1,39.9,25.9,10.1
483.5,5.15,24.6,46.3,17.3,11.8
483.5,6.8,21.3,33.7,27.0,18.0
483.5,4.89,32.2,35.4,18.1,14.4
483.5,3.53,25.2,34.4,13.8,26.6
483.5,7.81,17.8,51.1,21.3,9.8
483.4,9.74,20.2,36.9,34.4,8.5
483.4,6.45,28.4,35.5,23.4,12.7
483.4,5.41,26.9,39.5,17.7,15.8
483.3,8.01,24.9,33.7,31.4,10.1
483.3,6.4799999999999995,23.1,34.2,17.1,25.7
483.3,2.91,26.3,19.8,6.3,47.6
483.2,4.51,32.7,30.6,19.0,17.7
483.2,5.31,28.6,33.2,16.7,21.6
483.2,3.53,30.3,36.6,16.8,16.3
483.1,5.4799999999999995,25.4,41.2,18.0,15.4
483.0,3.4,27.0,39.0,19.3,14.7
483.0,7.83,20.9,38.0,33.3,7.8
483.0,5.88,25.1,33.5,23.6,17.8
483.0,3.91,28.7,32.5,17.4,21.4
483.0,8.32,17.0,40.7,34.2,8.1
482.9,5.89,22.0,30.3,32.1,15.6
482.8,6.55,19.0,47.4,20.0,13.7
482.8,5.119999999999999,23.4,41.6,23.1,11.9
482.8,6.49,23.9,45.6,17.7,12.8
482.8,5.09,29.4,37.5,13.6,19.5
482.8,7.06,20.4,37.8,34.0,7.8
482.7,4.15,27.2,35.8,12.0,25.0
482.6,5.83,25.4,37.3,28.7,8.6
482.6,2.97,32.5,37.9,14.2,15.3
482.6,6.119999999999999,21.7,41.6,26.9,9.8
482.6,4.41,25.9,30.7,15.6,27.8
482.5,5.84,18.5,49.5,19.0,13.1
482.5,6.840000000000001,16.0,32.4,41.1,10.4
482.5,5.95,22.1,41.7,15.4,20.9
482.5,7.75,21.1,49.4,19.8,9.7
482.4,4.37,22.3,20.5,39.6,17.6
482.3,4.71,25.6,35.6,22.6,16.2
482.2,5.3,25.9,30.0,21.4,22.7
482.2,8.2,29.5,29.1,31.9,9.6
482.2,11.44,20.7,36.4,33.1,9.8
482.2,4.14,16.9,44.4,28.8,9.9
482.1,8.0,17.1,35.9,35.0,12.0
482.1,5.71,22.6,40.8,24.1,12.4
482.1,7.33,19.2,33.3,29.9,17.6
482.0,4.84,22.6,26.5,40.6,10.2
482.0,5.17,24.6,30.8,17.0,27.6
482.0,7.33,18.8,39.3,32.8,9.1
481.9,7.85,25.2,33.8,25.0,16.0
481.8,6.68,32.4,32.1,19.0,16.5
481.8,5.39,20.6,30.0,30.9,18.4
481.7,5.81,19.9,48.2,18.8,13.1
481.7,5.4799999999999995,28.4,32.0,24.1,15.4
481.7,5.859999999999999,23.8,40.1,26.8,9.3
481.7,5.529999999999999,22.2,37.8,28.8,11.1
481.6,6.609999999999999,31.0,39.1,16.6,13.4
481.6,4.9799999999999995,22.1,40.4,22.4,15.1
481.6,4.1899999999999995,32.3,35.3,17.7,14.7
481.5,6.24,23.5,34.2,28.2,14.1
481.5,5.15,27.2,43.7,15.2,13.8
481.5,7.340000000000001,29.4,32.3,17.1,21.3
481.5,2.85,30.6,31.6,14.2,23.6
481.5,5.720000000000001,22.4,28.4,30.1,19.2
481.4,8.309999999999999,17.9,26.3,45.7,10.1
481.4,8.059999999999999,23.4,26.5,37.8,12.4
481.4,5.59,30.2,36.4,19.9,13.5
481.4,6.63,29.7,29.6,22.0,18.7
481.2,4.630000000000001,36.6,33.0,17.4,13.0
481.2,5.16,26.3,34.6,25.5,13.6
481.2,4.84,29.9,29.2,16.8,24.1
481.2,9.61,20.7,33.9,32.3,13.0
481.2,4.35,24.8,47.2,14.9,13.0
481.1,5.59,25.4,42.4,16.4,15.8
481.1,7.38,22.2,47.6,19.4,10.8
481.1,6.99,21.8,44.8,23.7,9.7
481.1,6.7700000000000005,20.4,47.0,16.7,15.9
481.1,5.16,26.7,26.4,16.1,30.8
481.1,4.5200000000000005,28.0,25.3,12.4,34.3
481.0,6.75,17.0,51.0,20.9,11.1
481.0,5.05,28.3,34.8,23.9,13.0
480.9,4.16,30.5,31.8,18.4,19.4
480.9,6.4799999999999995,20.2,37.4,35.7,6.7
480.9,3.71,33.7,37.0,10.6,18.7
480.9,5.0600000000000005,14.3,46.3,26.8,12.5
480.9,7.109999999999999,16.2,39.2,35.5,9.1
480.8,4.35,24.3,35.6,23.5,16.6
480.8,5.88,25.6,32.4,29.8,12.1
480.7,5.5600000000000005,24.4,45.1,20.2,10.3
480.7,6.81,39.8,29.7,10.4,20.2
480.7,6.3100000000000005,23.8,38.5,23.1,14.6
480.7,3.84,27.8,35.0,14.7,22.6
480.6,7.709999999999999,29.3,38.7,21.0,11.0
480.5,2.95,31.5,38.2,13.9,16.4
480.4,5.65,21.4,31.8,30.7,16.1
480.3,5.65,25.9,35.4,18.0,20.8
480.2,4.8100000000000005,26.2,27.6,15.7,30.6
480.1,4.87,29.1,34.3,14.9,21.7
480.1,5.29,21.7,45.5,24.4,8.4
480.0,5.07,26.1,41.4,21.1,11.4
479.9,5.55,31.6,37.2,15.5,15.7
479.9,5.9,24.1,46.7,15.0,14.2
479.8,7.58,19.1,37.2,34.2,9.5
479.8,4.15,23.8,39.1,26.0,11.1
479.7,5.720000000000001,29.5,33.8,21.7,15.0
479.7,3.1399999999999997,28.3,29.9,22.0,19.8
479.6,9.23,23.9,30.7,31.5,13.9
479.6,7.23,17.6,30.8,41.3,10.2
479.6,5.34,24.3,31.3,19.7,24.7
479.6,8.17,16.8,37.1,36.8,9.3
479.5,7.209999999999999,31.9,32.0,25.5,10.6
479.5,7.790000000000001,29.5,36.2,18.4,15.9
479.4,5.2,20.0,38.3,26.0,15.8
479.4,4.83,25.3,30.4,30.9,13.3
479.4,6.58,17.0,41.7,34.0,7.3
479.3,4.279999999999999,25.7,42.5,13.3,18.5
479.3,8.09,16.9,38.1,38.8,6.2
479.3,5.7,25.6,42.5,18.7,13.2
479.1,5.279999999999999,38.8,25.9,10.8,24.4
479.1,5.75,24.9,36.9,28.0,10.3
479.1,5.36,22.8,42.9,26.2,8.1
479.1,6.49,19.0,48.0,19.6,13.4
479.0,5.16,30.4,34.3,15.8,19.5
479.0,6.35,30.7,37.8,20.2,11.3
479.0,6.0,27.2,37.5,22.5,12.8
478.9,5.63,27.3,34.6,18.9,19.2
478.8,6.92,36.8,26.3,16.0,20.8
478.8,3.92,22.5,24.0,9.4,44.1
478.7,6.659999999999999,24.6,45.8,15.3,14.3
478.6,7.37,14.4,39.6,36.4,9.6
478.6,7.27,17.9,53.0,19.9,9.1
478.6,5.33,20.0,49.9,16.2,13.9
478.5,6.43,24.9,45.1,19.4,10.6
478.4,4.82,30.2,32.5,14.0,23.2
478.4,6.659999999999999,20.3,35.9,33.7,10.1
478.4,4.34,23.9,38.8,26.8,10.5
478.3,5.49,26.4,27.0,18.0,28.7
478.2,5.62,19.9,44.8,22.2,13.0
478.2,3.18,22.4,40.8,20.2,16.6
478.1,8.58,34.3,35.7,16.9,13.2
478.1,6.26,37.5,28.4,15.0,19.1
478.0,5.15,24.1,28.6,17.6,29.6
477.9,6.65,30.2,30.4,16.5,22.8
477.8,5.77,29.4,38.3,18.5,13.9
477.8,5.87,29.7,30.0,11.0,29.3
477.8,4.01,26.8,36.8,20.7,15.7
477.7,9.86,26.9,40.4,23.9,8.8
477.7,7.890000000000001,20.6,35.9,34.5,9.0
477.6,5.32,25.0,35.7,20.4,19.0
477.6,9.33,15.9,32.7,43.6,7.7
477.5,6.87,20.7,33.6,33.7,12.0
477.5,5.18,29.5,33.2,19.1,18.3
477.4,6.45,22.1,49.4,18.3,10.1
477.4,8.0,18.3,37.0,35.1,9.5
477.3,4.14,24.4,30.2,23.3,22.1
477.3,3.61,28.1,43.2,15.0,13.6
477.2,4.68,24.1,30.5,12.2,33.2
477.1,6.0200000000000005,32.3,29.1,13.1,25.5
477.0,4.75,27.4,30.6,22.3,19.7
477.0,5.2700000000000005,32.8,24.8,19.8,22.5
476.9,5.029999999999999,19.8,39.4,34.1,6.8
476.8,5.220000000000001,27.6,32.2,26.1,14.0
476.8,5.34,26.4,30.0,18.4,25.1
476.7,5.67,22.3,43.4,25.1,9.2
476.6,5.2,28.3,33.9,13.9,23.9
476.6,5.15,18.2,37.1,26.0,18.7
476.6,5.6,30.7,31.3,25.9,12.1
476.6,6.5,29.6,32.6,25.0,12.8
476.6,6.659999999999999,23.0,32.9,29.9,14.1
476.6,4.87,28.2,33.2,20.5,18.1
476.5,7.859999999999999,19.5,37.2,33.3,10.1
476.5,5.36,24.3,33.8,25.4,16.5
476.5,4.54,24.4,42.0,22.5,11.1
476.5,4.83,19.0,49.5,20.1,11.3
476.5,5.89,20.0,29.0,29.1,21.9
476.4,3.78,29.8,32.6,14.3,23.3
476.4,6.33,22.9,33.8,30.3,13.0
476.2,6.33,18.4,45.7,26.9,9.0
476.2,5.76,30.8,30.3,24.0,14.9
476.2,8.5,36.7,31.0,18.2,14.1
476.2,8.43,29.1,30.6,23.0,17.2
476.1,9.66,21.4,28.7,33.5,16.4
476.1,6.18,29.9,32.7,22.3,15.1
476.1,4.38,30.6,30.2,16.0,23.2
476.0,4.54,31.7,32.3,21.2,14.8
476.0,5.4,26.6,21.4,13.4,38.6
476.0,5.2700000000000005,26.6,29.6,18.4,25.4
476.0,7.4,20.1,43.4,28.0,8.4
475.8,5.39,34.5,30.1,10.1,25.3
475.8,11.2,27.0,41.9,20.3,10.9
475.8,11.43,29.5,37.3,19.9,13.4
475.8,7.49,21.4,36.5,32.0,10.1
475.8,4.3100000000000005,29.4,37.8,20.9,11.9
475.7,7.4,22.5,34.0,33.0,10.4
475.7,5.01,25.9,37.4,20.1,16.6
475.7,3.89,24.1,31.2,24.4,20.4
475.6,4.619999999999999,32.2,32.4,15.7,19.8
475.5,5.790000000000001,26.1,43.0,15.4,15.5
475.4,5.720000000000001,22.4,33.2,28.5,15.8
475.4,5.57,25.8,27.8,17.3,29.2
475.4,8.48,33.1,37.2,17.2,12.6
475.4,3.54,31.0,37.8,10.0,21.2
475.3,5.2299999999999995,22.1,27.5,19.8,30.5
475.3,4.18,26.4,36.2,14.3,23.1
475.2,6.11,32.2,30.2,25.2,12.4
475.2,4.76,25.1,32.9,21.0,21.1
475.2,6.44,23.1,33.6,26.9,16.4
475.1,4.16,33.2,28.4,9.0,29.4
475.1,6.7,15.5,28.8,41.5,14.2
475.0,7.31,21.8,33.0,35.2,10.0
475.0,5.54,27.8,37.3,16.6,18.4
475.0,8.6,29.4,35.9,20.0,14.7
475.0,5.96,32.7,27.6,12.5,27.2
474.9,5.0200000000000005,25.4,31.4,11.9,31.2
474.9,3.88,33.3,35.2,18.9,12.7
474.9,7.029999999999999,18.0,38.6,34.6,8.8
474.8,2.44,30.6,34.9,12.3,22.1
474.8,3.3600000000000003,20.0,29.4,21.2,29.4
474.8,8.07,21.2,34.9,33.6,10.4
474.8,6.05,17.1,44.0,32.3,6.6
474.8,4.7700000000000005,28.9,34.9,13.7,22.5
474.8,4.279999999999999,23.1,37.3,23.0,16.6
474.7,5.4125,23.7,34.2,31.3,10.8
474.7,6.45,32.6,32.4,19.4,15.6
474.6,4.75,27.2,33.8,22.4,16.6
474.6,3.71,24.1,23.3,10.8,41.7
474.6,4.63,31.7,32.0,11.3,24.9
474.4,4.04,27.9,27.9,13.6,30.6
474.4,6.26,31.3,29.3,22.1,17.3
474.3,6.6125,25.0,38.9,23.1,12.9
474.3,6.220000000000001,28.6,41.4,14.3,15.6
474.2,5.63,16.1,39.0,26.9,18.0
474.2,4.89,27.5,40.1,20.8,11.6
474.1,4.35,33.7,35.9,13.3,17.1
474.1,6.709999999999999,23.3,33.1,30.8,12.8
474.1,6.42,27.9,36.4,22.1,13.6
474.1,3.21,29.1,34.0,13.9,23.0
474.1,5.9799999999999995,26.4,39.6,16.8,17.2
474.0,5.24,28.6,24.0,12.0,35.4
474.0,3.68,30.0,32.2,18.0,19.8
473.9,5.82,30.4,36.7,19.8,13.2
473.8,7.82,34.9,27.3,21.4,16.5
473.7,5.359999999999999,28.4,38.4,12.4,20.8
473.7,5.92,28.1,40.3,20.5,11.1
473.7,12.1,19.2,30.3,40.5,10.1
473.7,7.359999999999999,22.0,46.2,22.0,9.8
473.6,3.37,26.7,38.9,22.3,12.0
473.6,6.08,27.0,33.6,14.3,25.1
473.6,5.91,29.0,30.1,21.8,19.1
473.5,4.58,30.4,37.2,11.3,21.0
473.4,5.0,27.3,40.1,15.8,16.9
473.4,7.07,18.9,38.8,31.7,10.5
473.2,6.36,26.4,45.9,15.3,12.4
473.2,4.49,30.2,28.6,9.5,31.7
473.1,8.27,20.9,40.2,30.5,8.5
473.1,9.07,29.3,39.2,20.5,10.9
473.0,4.21,26.5,28.1,13.7,31.7
472.9,5.95,23.7,43.0,22.7,10.6
472.9,5.5,20.4,38.8,31.8,9.0
472.8,2.73,23.5,37.0,28.0,11.5
472.8,5.3,31.2,34.0,20.4,14.3
472.7,4.5,27.0,31.4,14.1,27.5
472.6,6.909999999999999,33.8,38.0,16.2,12.1
472.6,8.33,25.5,33.8,29.4,11.3
472.5,5.5,32.7,33.6,14.9,18.8
472.4,4.42,25.3,35.8,15.7,23.2
472.4,4.7,24.3,46.7,15.0,14.0
472.4,5.68,27.5,45.4,13.8,13.3
472.4,5.66,26.9,26.3,20.5,26.2
472.4,7.029999999999999,25.8,42.7,21.5,10.0
472.3,4.970000000000001,14.0,51.8,25.5,8.8
472.3,8.02,28.4,42.1,16.5,12.9
472.2,4.26,31.8,39.1,15.6,13.5
472.2,4.75,27.8,30.0,20.7,21.5
472.2,10.09,13.3,39.7,37.6,9.3
472.2,5.720000000000001,25.8,34.3,23.1,16.8
472.1,10.01,23.7,31.5,28.5,16.3
472.1,5.12,26.6,31.2,13.8,28.4
472.0,3.66,28.0,34.3,24.2,13.5
472.0,5.12,28.2,32.8,18.4,20.6
472.0,6.14,20.7,39.6,29.6,10.0
472.0,6.01,31.8,26.4,19.1,22.7
472.0,2.95,26.6,36.3,17.9,19.2
472.0,2.77,26.4,38.1,19.9,15.6
471.9,6.0600000000000005,22.2,46.4,19.7,11.7
471.9,4.91,26.0,34.5,21.6,17.9
471.9,5.71,21.6,43.1,27.0,8.3
471.8,7.62,18.6,41.2,29.9,10.3
471.8,6.13,26.8,32.5,28.3,12.3
471.8,6.25,25.7,40.0,19.9,14.4
471.8,5.74,33.0,30.0,19.8,17.2
471.6,6.9,20.3,38.2,31.7,9.9
471.6,6.0600000000000005,23.4,33.1,32.2,11.2
471.6,6.45,18.7,39.4,34.4,7.5
471.6,4.2299999999999995,33.3,24.4,11.3,31.0
471.5,6.43,18.5,51.1,20.0,10.4
471.5,5.87,22.3,33.9,34.9,8.9
471.5,6.0,28.4,33.8,25.5,12.3
471.4,5.09,24.9,33.5,22.6,19.0
471.4,5.61,31.4,36.2,14.1,18.3
471.4,3.4200000000000004,40.6,27.4,16.8,15.2
471.4,5.37,20.2,39.4,22.0,18.5
471.3,8.52,23.1,29.5,36.5,10.8
471.3,4.2700000000000005,31.6,26.5,14.9,26.9
471.3,4.88,26.2,43.9,14.0,15.9
471.1,5.4399999999999995,26.4,33.5,27.4,12.7
471.0,7.109999999999999,22.6,43.7,20.3,13.4
471.0,6.63,30.6,36.7,18.2,14.6
471.0,8.25,19.4,37.5,30.4,12.8
471.0,2.56,35.7,34.6,11.7,17.9
471.0,4.95,28.1,35.7,16.9,19.3
471.0,6.35,24.2,39.6,26.9,9.4
470.8,5.15,20.6,34.6,34.3,10.5
470.7,3.5,28.5,18.9,10.9,41.7
470.7,7.24,23.6,31.3,35.1,9.9
470.7,5.71,22.2,37.0,29.1,11.6
470.7,4.93,29.0,32.1,20.3,18.6
470.6,6.970000000000001,31.4,25.7,20.9,21.9
470.6,4.82,22.9,35.7,26.4,15.1
470.5,6.29,33.0,35.0,20.6,11.4
470.5,9.58,28.5,38.0,19.8,13.7
470.5,6.640000000000001,26.5,43.7,17.9,11.9
470.4,2.73,35.5,23.7,12.1,28.7
470.4,6.970000000000001,25.3,40.4,23.7,10.6
470.4,5.7700000000000005,17.7,35.8,35.1,11.4
470.4,4.7,28.2,31.1,18.2,22.5
470.3,7.340000000000001,25.2,29.8,24.5,20.5
470.2,5.35,18.7,46.8,26.3,8.2
470.2,5.84,24.3,34.2,28.4,13.1
470.1,2.5,29.9,27.5,10.5,32.0
470.0,5.21,28.3,29.3,28.9,13.5
470.0,6.4799999999999995,26.2,40.3,20.5,13.0
470.0,5.63,26.2,33.6,16.7,23.5
470.0,3.97,26.3,37.3,15.9,20.5
469.9,2.57,42.4,38.0,9.2,10.5
469.9,6.13,23.6,43.0,17.6,15.7
469.9,4.3,20.3,41.2,24.5,14.0
469.9,2.7,30.3,40.2,16.5,13.0
469.9,5.35,25.6,34.6,23.0,16.9
469.9,5.26,33.4,29.6,16.5,20.5
469.8,4.49,23.6,33.3,18.9,24.2
469.8,6.540000000000001,24.4,38.7,28.2,8.8
469.8,4.37,28.3,28.0,16.0,27.6
469.7,8.190000000000001,17.4,38.3,34.0,10.3
469.7,2.77,24.9,38.6,20.7,15.8
469.6,5.17,20.6,46.8,21.1,11.5
469.5,5.14,24.6,33.0,24.2,18.1
469.5,5.2,24.0,39.0,25.2,11.9
469.4,4.15,22.9,34.9,28.3,14.0
469.4,5.45,32.6,29.6,17.9,19.8
469.3,4.79,26.7,41.1,18.9,13.2
469.3,6.459999999999999,26.3,34.8,26.8,12.1
469.3,5.92,23.3,19.4,16.0,41.4
469.3,5.529999999999999,28.3,33.0,25.9,12.8
469.3,5.029999999999999,29.1,30.7,12.4,27.8
469.3,3.83,32.9,28.1,12.3,26.6
469.3,7.92,29.0,36.4,14.6,20.0
469.2,6.42,28.3,25.2,20.1,26.4
469.2,6.75,27.6,27.8,32.9,11.7
469.2,5.1,17.8,36.7,32.4,13.1
469.2,6.1,26.6,39.8,17.3,16.3
469.2,4.659999999999999,30.5,35.9,13.4,20.1
469.1,9.69,15.3,38.0,38.7,8.0
469.1,3.96,27.4,29.0,10.8,32.8
469.1,4.59,22.6,37.6,17.4,22.5
469.1,5.05,26.8,40.9,19.1,13.3
469.0,5.1899999999999995,31.3,37.7,13.3,17.7
469.0,2.92,33.3,41.9,12.6,12.2
469.0,5.92,26.0,41.7,21.0,11.3
469.0,5.42,24.2,41.2,21.9,12.6
469.0,4.26,16.0,38.0,33.7,12.4
468.9,4.95,30.7,28.3,14.7,26.3
468.7,4.5200000000000005,28.2,28.6,23.8,19.5
468.6,5.26,19.7,47.1,18.3,14.8
468.6,7.720000000000001,19.4,32.5,39.0,9.0
468.6,4.41,28.3,37.7,17.7,16.4
468.6,4.41,28.9,38.1,20.7,12.3
468.5,3.54,29.5,32.2,11.8,26.5
468.5,5.8,22.4,36.7,31.0,9.9
468.5,5.08,26.1,34.4,28.0,11.6
468.5,6.5200000000000005,16.0,40.0,34.6,9.4
468.4,6.24,16.9,34.5,39.7,8.9
468.4,6.18,22.0,39.7,24.5,13.7
468.4,7.9,18.3,36.7,36.2,8.8
468.3,7.82,16.4,31.2,42.5,10.0
468.3,6.859999999999999,22.6,34.7,34.6,8.2
468.3,6.3100000000000005,18.7,48.2,18.4,14.7
468.2,6.93,15.1,37.1,39.9,7.8
468.2,8.24,21.9,29.8,36.6,11.6
468.2,8.03,36.4,35.2,14.4,14.0
468.1,7.720000000000001,16.8,29.1,45.8,8.2
468.1,7.33,16.7,40.1,38.3,4.9
468.1,8.6,18.0,35.2,36.8,10.0
468.0,3.72,36.1,25.2,19.9,18.8
468.0,4.76,28.8,31.2,23.4,16.6
467.8,3.34,24.0,29.9,37.0,9.2
467.8,6.7,23.3,35.6,27.5,13.7
467.7,7.73,23.0,45.8,20.1,11.1
467.7,5.5600000000000005,11.9,39.2,37.9,11.0
467.6,6.0,19.4,44.2,23.9,12.5
467.6,2.63,32.6,38.8,12.5,16.1
467.6,4.75,29.2,29.3,17.8,23.8
467.6,3.89,30.5,29.3,8.6,31.6
467.5,4.720000000000001,25.3,37.1,21.1,16.5
467.5,5.46,22.7,44.3,18.6,14.4
467.5,3.35,25.6,39.1,20.3,15.1
467.4,5.42,30.3,39.7,13.9,16.2
467.4,6.7,17.6,36.7,36.5,9.2
467.3,4.68,30.9,33.4,13.8,22.0
467.3,4.89,23.0,47.9,19.9,9.3
467.3,9.51,16.4,38.2,37.7,7.7
467.3,7.720000000000001,17.8,39.0,35.2,7.9
467.3,6.3100000000000005,16.3,50.3,22.5,10.8
467.2,4.6,28.7,24.2,9.0,38.0
467.2,4.0600000000000005,20.7,30.5,16.4,32.4
467.1,5.04,28.3,20.8,11.2,39.8
467.1,8.370000000000001,22.9,34.5,32.2,10.4
467.1,7.23,37.3,32.9,18.5,11.3
467.1,4.86,28.2,37.7,23.2,10.9
467.1,7.26,12.6,35.5,44.8,7.1
467.0,5.74,21.3,35.4,31.0,12.4
467.0,4.21,29.9,29.6,23.2,17.3
466.9,4.46,29.8,35.5,17.6,17.1
466.8,5.13,26.3,29.9,32.6,11.1
466.8,3.76,36.7,29.7,18.7,14.9
466.8,6.38,30.3,31.8,15.8,22.2
466.8,5.9399999999999995,29.0,22.1,10.7,38.2
466.7,7.55,22.1,37.8,30.3,9.8
466.7,8.379999999999999,28.7,37.8,18.6,14.9
466.6,5.279999999999999,18.6,46.0,24.2,11.2
466.5,5.470000000000001,31.1,29.7,17.8,21.4
466.5,6.38,22.5,35.7,29.0,12.8
466.5,6.970000000000001,21.5,36.3,31.6,10.6
466.5,7.88,20.2,31.4,37.5,10.8
466.4,8.8,31.5,35.9,17.6,15.0
466.3,4.470000000000001,26.2,38.8,22.7,12.2
466.3,4.77,30.9,29.1,23.8,16.2
466.1,6.36,24.3,32.8,32.7,10.3
466.1,7.19,22.3,36.1,30.7,10.8
466.0,3.74,33.1,27.7,9.9,29.3
465.9,7.85,13.8,30.8,49.1,6.3
465.9,4.029999999999999,25.6,40.1,18.5,15.8
465.9,4.54,30.8,36.5,15.3,17.4
465.9,6.2,28.4,32.3,25.9,13.4
465.8,5.24,23.6,38.9,26.6,10.9
465.8,6.58,27.1,40.5,15.9,16.5
465.8,5.659999999999999,25.7,31.4,26.1,16.8
465.7,5.45,23.8,42.3,20.1,13.8
465.7,6.92,16.7,47.9,24.0,11.5
465.7,4.42,22.1,26.2,13.4,38.2
465.6,5.59,29.0,32.2,22.7,16.2
465.6,8.49,27.5,34.8,26.7,11.0
465.4,5.07,19.8,33.3,34.0,12.9
465.3,4.36,25.3,22.5,14.7,37.5
465.3,8.11,26.6,31.2,29.7,12.5
465.3,9.02,16.9,31.5,36.8,14.8
465.1,5.54,23.9,36.1,25.2,14.8
465.0,4.34,17.5,33.7,38.0,10.7
465.0,6.45,36.0,27.2,8.4,28.4
465.0,5.15,21.9,38.7,22.3,17.1
464.9,4.08,25.9,32.0,14.7,27.4
464.9,5.4,19.6,39.2,31.2,10.1
464.9,5.01,24.1,33.9,13.7,28.3
464.9,4.69,26.1,37.4,13.7,22.8
464.9,5.21,20.6,27.9,38.1,13.4
464.8,5.36,23.7,38.5,29.4,8.4
464.8,3.29,29.8,34.8,17.0,18.3
464.8,4.35,21.0,23.5,15.6,39.9
464.8,4.069999999999999,22.8,34.7,21.0,21.6
464.8,5.9799999999999995,24.2,31.7,22.8,21.3
464.8,2.94,26.3,38.7,18.8,16.1
464.8,8.89,29.0,38.9,19.5,12.6
464.8,5.42,29.2,35.0,23.2,12.7
464.7,4.779999999999999,23.6,26.7,22.1,27.6
464.7,4.18,25.7,40.5,20.4,13.5
464.7,4.82,28.4,28.3,18.1,25.3
464.6,5.01,28.8,38.5,15.3,17.4
464.4,5.7,29.2,19.9,13.8,37.1
464.4,7.040000000000001,15.1,40.2,34.6,10.1
464.3,6.970000000000001,32.5,16.6,16.8,34.2
464.3,8.41,31.5,31.3,11.0,26.2
464.3,5.84,18.0,38.5,33.3,10.2
464.1,4.71,25.3,34.3,29.0,11.4
464.1,4.7,24.1,46.9,14.3,14.7
464.1,5.859999999999999,29.7,29.4,17.6,23.4
464.1,8.01,22.5,33.2,26.1,18.2
464.0,6.55,23.8,30.8,26.3,19.1
463.9,6.220000000000001,19.3,40.3,33.9,6.5
463.9,4.3100000000000005,31.8,38.6,14.2,15.4
463.9,3.26,27.5,32.2,21.1,19.1
463.8,4.970000000000001,20.6,43.9,22.4,13.0
463.7,5.68,18.1,31.5,42.0,8.4
463.7,5.9399999999999995,22.4,42.6,24.6,10.3
463.6,5.04,30.8,19.0,20.8,29.4
463.6,5.68,21.3,41.4,26.2,11.1
463.6,2.93,29.5,41.8,15.6,13.1
463.5,5.8100000000000005,21.1,29.0,37.0,12.8
463.5,5.51,21.7,35.0,33.2,10.2
463.4,6.26,23.0,33.0,30.7,13.3
463.4,5.970000000000001,27.6,34.8,11.4,26.2
463.3,4.95,25.4,33.2,24.4,17.0
463.2,5.3100000000000005,23.2,39.7,22.5,14.6
463.2,4.51,25.7,40.7,23.1,10.5
463.1,5.26,25.2,32.9,21.1,20.8
463.1,8.64,31.4,26.4,30.0,12.1
463.0,6.7700000000000005,22.2,47.5,20.4,9.9
463.0,3.88,34.7,35.5,13.7,16.1
463.0,4.7700000000000005,27.7,17.8,10.7,43.9
463.0,6.720000000000001,25.1,37.7,20.8,16.4
463.0,4.43,31.5,37.0,14.3,17.1
462.9,9.08,19.1,32.0,37.9,11.0
462.9,5.57,22.7,39.0,27.8,10.5
462.9,8.7,22.3,36.8,31.2,9.6
462.8,7.859999999999999,13.7,39.7,38.2,8.5
462.8,4.5600000000000005,25.2,32.2,11.4,31.2
462.7,3.93,21.6,22.3,8.6,47.5
462.7,2.53,33.1,30.8,10.6,25.5
462.7,3.21,27.2,37.3,19.2,16.2
462.7,3.4299999999999997,33.3,33.2,13.7,19.9
462.7,5.37,29.9,30.8,22.2,17.1
462.7,4.5,29.2,27.0,17.0,26.8
462.7,7.25,19.1,35.8,29.7,15.3
462.6,4.67,26.6,39.9,15.6,17.9
462.5,6.17,23.4,40.2,26.0,10.4
462.4,2.8600000000000003,27.7,21.3,6.5,44.5
462.4,7.3,25.0,29.9,26.9,18.2
462.4,4.909999999999999,32.0,37.3,15.3,15.4
462.3,4.970000000000001,22.9,29.4,34.5,13.2
462.3,5.58,21.7,36.6,27.9,13.8
462.2,6.93,31.6,35.6,16.8,16.0
462.2,6.7299999999999995,23.5,30.9,34.4,11.1
462.2,5.75,28.8,34.1,21.7,15.4
462.2,8.89,18.3,36.7,33.3,11.8
462.1,3.21,30.4,39.1,14.3,16.2
462.1,4.7299999999999995,28.1,37.8,16.5,17.6
462.0,6.6,26.3,41.0,16.0,16.6
461.9,3.8,20.9,40.1,31.8,7.2
461.9,6.93,22.5,49.9,16.5,11.1
461.9,9.62,11.3,33.1,50.0,5.6
461.9,7.19,29.2,29.9,23.7,17.2
461.7,8.34,29.9,30.8,23.4,15.9
461.5,6.720000000000001,19.8,36.0,34.7,9.5
461.5,4.09,20.3,15.9,12.4,51.5
461.4,7.340000000000001,17.9,36.8,33.4,11.9
461.4,8.34,27.8,39.5,18.6,14.2
461.4,4.8,17.5,35.7,35.9,10.9
461.4,5.15,29.6,27.9,23.4,19.1
461.3,5.970000000000001,19.2,49.5,21.5,9.9
461.3,4.0,28.2,40.2,16.5,15.0
461.3,4.14,34.5,31.5,14.8,19.1
461.3,8.940000000000001,15.1,33.1,41.9,10.0
461.3,10.7,24.1,37.7,27.5,10.6
461.2,5.49,24.2,43.6,17.3,14.8
461.2,6.3100000000000005,25.6,41.0,19.4,14.0
461.1,6.75,23.1,33.7,34.3,9.0
461.1,3.66,27.8,29.4,19.9,22.9
461.1,7.19,20.7,36.9,28.9,13.5
460.9,5.88,25.0,39.9,14.1,21.0
460.8,8.620000000000001,25.0,30.2,24.8,20.0
460.8,6.33,21.4,45.4,23.1,10.1
460.8,4.4,30.3,28.4,18.8,22.5
460.8,7.959999999999999,22.1,32.1,35.8,10.0
460.8,10.9,22.0,38.1,25.2,14.7
460.7,5.4,26.4,30.2,16.5,26.9
460.7,4.8,26.8,36.5,23.8,12.9
460.7,3.76,27.0,30.1,12.9,30.0
460.6,7.109999999999999,27.6,30.2,30.7,11.6
460.6,4.8,25.8,37.2,13.5,23.4
460.5,4.3100000000000005,30.4,21.2,9.4,39.1
460.4,8.93,15.3,32.6,43.8,8.4
460.4,4.82,20.4,43.0,18.7,17.9
460.4,4.2299999999999995,32.4,31.9,10.3,25.4
460.4,5.33,37.4,30.4,10.5,21.7
460.3,4.529999999999999,34.2,32.6,12.8,20.4
460.2,5.32,36.5,34.2,13.4,15.9
460.2,8.1,39.0,27.6,16.7,16.6
460.2,5.279999999999999,26.3,38.3,20.0,15.4
460.1,3.97,25.6,44.9,14.6,14.9
460.0,2.8600000000000003,27.9,39.8,16.3,16.0
459.9,4.029999999999999,29.4,27.5,13.0,30.1
459.9,4.720000000000001,29.6,27.2,19.3,23.9
459.9,7.69,23.5,30.9,26.9,18.7
459.8,7.390000000000001,29.2,32.8,18.6,19.4
459.8,4.74,26.9,33.8,21.3,18.0
459.7,7.35,28.2,36.5,16.2,19.1
459.7,6.659999999999999,31.9,23.0,14.4,30.7
459.6,6.5,20.6,40.7,28.9,9.8
459.6,4.76,24.7,33.3,29.3,12.8
459.6,5.09,28.9,35.7,17.9,17.6
459.6,6.17,38.8,30.9,17.8,12.5
459.5,10.26,26.4,40.2,22.1,11.3
459.5,4.84,35.5,18.7,5.6,40.2
459.5,5.45,19.5,42.9,24.9,12.7
459.4,6.16,19.9,48.2,19.7,12.2
459.3,4.7,22.5,37.4,16.6,23.5
459.3,4.56,29.7,30.9,15.3,24.2
459.3,9.18,27.9,38.7,18.0,15.3
459.3,4.220000000000001,24.7,31.7,21.8,21.8
459.2,4.6899999999999995,20.8,41.6,19.3,18.4
459.2,4.68,36.6,35.3,16.3,11.9
459.1,3.85,31.9,38.0,15.9,14.2
459.1,6.2700000000000005,22.4,33.5,31.6,12.6
459.1,6.76,26.5,42.6,17.5,13.4
459.1,4.45,30.9,33.6,13.7,21.8
459.1,5.61,29.3,31.8,22.7,16.1
459.1,7.279999999999999,15.2,39.4,37.6,7.8
459.0,3.08,29.4,31.6,16.2,22.8
458.9,7.209999999999999,22.3,40.9,27.8,9.0
458.7,5.93,21.9,41.2,26.9,10.0
458.7,4.65,25.0,34.1,14.9,26.0
458.6,3.4,36.0,25.9,16.3,21.8
458.5,2.62,32.3,26.6,10.8,30.2
458.4,2.67,31.7,35.4,11.5,21.3
458.4,4.41,20.6,22.1,16.4,40.9
458.4,3.5200000000000005,30.7,24.8,11.9,32.6
458.3,6.38,20.5,45.2,17.1,17.3
458.3,8.67,20.1,43.6,27.7,8.6
458.3,3.3,25.3,45.9,13.4,15.3
458.2,3.85,28.4,30.6,28.0,13.0
458.2,5.65,22.1,23.6,24.8,29.5
458.2,5.79,36.1,27.9,17.5,18.5
458.2,5.86,23.4,45.3,18.5,12.8
458.2,3.79,22.2,42.6,20.5,14.8
458.2,4.17,33.7,32.8,16.6,16.9
458.1,8.190000000000001,22.6,31.7,30.6,15.1
458.1,4.95,37.1,21.8,14.4,26.7
458.1,6.5200000000000005,18.1,34.6,39.6,7.7
458.0,4.25,32.8,38.0,12.7,16.5
458.0,6.74,28.8,39.7,16.3,15.2
457.9,9.59,26.3,33.9,23.4,16.4
457.9,5.49,23.3,32.9,26.3,17.5
457.8,3.3299999999999996,30.5,35.7,18.5,15.4
457.8,4.91,30.6,37.7,19.0,12.7
457.7,5.21,26.8,27.1,14.3,31.8
457.7,9.47,19.3,29.6,43.8,7.3
457.6,5.75,27.2,29.3,28.8,14.7
457.5,4.09,22.3,35.7,26.3,15.7
457.5,7.470000000000001,20.4,34.8,35.3,9.5
457.4,5.8,23.6,46.2,18.5,11.7
457.4,6.09,19.6,39.0,30.3,11.1
457.4,5.89,27.5,25.0,19.8,27.7
457.4,4.0600000000000005,30.4,26.6,8.6,34.3
457.3,7.3,26.5,31.3,25.2,17.0
457.3,4.5200000000000005,33.2,29.6,10.9,26.3
457.3,4.41,27.5,12.4,8.8,51.3
457.2,4.09,33.6,30.4,12.4,23.7
457.2,6.43,19.9,34.9,34.8,10.5
457.2,5.2700000000000005,29.2,26.8,32.0,12.0
457.2,6.8,23.8,35.5,31.3,9.3
457.1,8.72,19.1,37.8,33.1,10.1
457.1,5.85,21.4,40.8,21.8,16.1
457.1,9.24,25.8,43.9,20.3,10.0
457.0,7.99,11.8,37.1,42.7,8.3
457.0,5.26,29.3,43.0,15.6,12.1
456.9,6.49,22.9,34.9,29.4,12.8
456.8,3.3600000000000003,28.2,29.3,28.3,14.1
456.8,6.18,27.1,43.0,19.8,10.1
456.8,8.879999999999999,15.1,38.1,39.3,7.5
456.7,3.05,37.0,24.4,10.8,27.8
456.6,9.32,13.1,38.6,41.6,6.8
456.6,4.720000000000001,26.7,30.0,18.3,25.0
456.6,4.5,28.8,31.9,18.6,20.8
456.4,6.45,20.2,41.0,28.3,10.4
456.4,3.8,24.1,32.7,12.7,30.5
456.3,7.75,19.6,37.8,35.0,7.6
456.3,3.94,28.2,37.2,11.5,23.1
456.3,6.4,19.8,38.5,32.0,9.8
456.3,6.540000000000001,24.2,41.2,16.6,17.9
456.2,4.0,21.5,21.5,10.4,46.5
456.2,3.45,25.9,23.5,9.4,41.2
455.9,4.7299999999999995,27.4,33.9,19.1,19.6
455.9,3.2,37.2,23.4,10.5,28.9
455.8,6.279999999999999,22.3,40.2,26.1,11.4
455.8,7.98,27.3,38.8,19.6,14.2
455.7,4.5,29.8,17.2,7.5,45.5
455.7,4.5200000000000005,19.3,38.2,29.9,12.5
455.7,4.8100000000000005,26.9,34.9,18.4,19.8
455.6,3.82,20.5,36.7,31.4,11.4
455.6,3.97,33.2,34.1,18.4,14.3
455.5,6.409999999999999,35.3,27.9,10.7,26.1
455.4,4.45,34.7,32.1,13.2,20.0
455.4,3.97,28.9,34.4,17.5,19.2
455.4,10.34,34.3,27.2,28.2,10.3
455.4,3.34,25.3,27.9,29.6,17.1
455.4,5.2,21.1,38.1,29.0,11.7
455.3,5.09,36.0,20.4,15.1,28.5
455.2,6.610000000000001,18.1,34.8,36.8,10.3
455.2,6.55,36.6,32.1,18.9,12.4
455.2,13.72,19.3,38.5,32.0,10.2
455.1,5.2,32.9,34.8,15.1,17.2
455.1,3.1100000000000003,28.6,37.2,19.1,15.0
455.1,7.63,11.8,42.4,38.0,7.8
455.0,4.9399999999999995,24.0,32.6,33.1,10.3
455.0,5.09,23.2,36.8,30.2,9.8
455.0,10.27,18.0,34.5,37.8,9.8
455.0,6.24,21.7,41.5,27.2,9.5
454.8,3.09,24.0,31.0,12.3,32.7
454.8,4.79,25.1,47.5,16.0,11.4
454.8,3.7,26.0,34.8,23.2,16.0
454.7,5.65,19.3,49.8,21.3,9.6
454.6,7.01,33.9,30.2,23.9,12.1
454.6,5.1,29.8,39.7,13.8,16.7
454.6,8.01,32.2,38.4,15.6,13.7
454.5,6.4799999999999995,32.8,29.5,21.6,16.2
454.4,5.31,29.2,29.6,21.6,19.6
454.3,5.14,26.7,33.4,13.1,26.9
454.1,6.279999999999999,29.9,30.0,16.6,23.4
454.1,6.9,19.7,35.0,32.7,12.7
454.1,5.0200000000000005,27.8,20.6,10.0,41.7
454.0,8.33,28.1,43.0,16.9,12.0
454.0,5.87,23.3,45.6,19.5,11.6
454.0,6.459999999999999,16.2,35.2,38.6,10.1
453.9,4.17,26.3,27.2,17.5,29.0
453.9,4.33,36.5,23.1,9.2,31.2
453.9,3.45,29.2,22.3,7.8,40.6
453.8,4.84,26.3,40.0,16.5,17.2
453.8,9.86,18.5,38.3,34.5,8.7
453.8,7.12,29.0,36.9,26.4,7.7
453.8,5.32,17.5,39.2,34.3,9.0
453.8,2.88,29.8,33.9,16.1,20.2
453.7,3.7,24.9,29.9,26.3,18.9
453.7,6.65,31.5,31.9,19.9,16.6
453.6,4.29,26.9,24.9,7.1,41.0
453.6,5.61,22.1,47.2,17.5,13.2
453.6,3.94,27.4,32.1,14.8,25.8
453.5,6.01,18.3,33.9,38.7,9.1
453.5,4.220000000000001,39.2,26.5,10.9,23.4
453.4,3.7,27.7,28.2,9.9,34.2
453.4,5.0,25.3,40.2,20.2,14.4
453.4,3.4799999999999995,22.5,40.2,21.8,15.4
453.4,6.93,33.2,26.3,20.7,19.8
453.4,4.9799999999999995,23.6,19.2,17.0,40.1
453.4,3.2299999999999995,29.0,37.2,16.8,17.0
453.3,3.82,29.2,36.0,18.9,15.9
453.3,5.74,25.5,47.7,13.9,12.9
453.1,6.14,20.8,45.7,18.4,15.1
453.1,6.7299999999999995,21.0,47.2,19.4,12.3
453.0,4.87,27.7,38.0,11.7,22.6
453.0,3.4799999999999995,17.8,40.4,34.4,7.4
453.0,5.470000000000001,27.8,22.9,18.5,30.7
452.9,3.04,29.9,27.1,11.5,31.6
452.9,9.7,18.8,32.2,41.2,7.8
452.8,5.459999999999999,23.1,45.8,18.5,12.6
452.8,6.459999999999999,20.9,31.2,26.7,21.2
452.8,8.33,33.3,38.5,15.5,12.7
452.8,3.3299999999999996,29.7,43.3,12.8,14.2
452.7,5.61,23.0,35.5,26.2,15.3
452.7,4.4,22.9,38.6,30.9,7.7
452.7,5.01,29.8,33.6,24.7,11.9
452.6,5.5,18.8,31.2,40.0,9.9
452.6,6.220000000000001,26.1,46.3,17.6,10.0
452.6,5.46,19.6,35.9,31.9,12.7
452.6,3.97,36.3,29.8,15.1,18.8
452.6,3.770000000000001,32.5,33.4,14.2,20.0
452.4,6.95,24.0,34.4,30.3,11.2
452.4,6.2700000000000005,23.3,41.0,14.8,20.9
452.3,4.71,29.2,36.4,19.8,14.6
452.3,9.9,21.7,25.6,40.7,12.0
452.1,3.2299999999999995,29.1,42.2,15.4,13.3
452.0,9.27,17.3,35.3,35.8,11.7
451.9,6.17,27.2,37.3,19.3,16.2
451.9,4.96,22.6,33.4,30.7,13.3
451.8,5.54,37.2,24.2,9.7,28.9
451.8,6.9799999999999995,26.7,34.8,26.3,12.2
451.7,8.370000000000001,23.9,31.9,32.5,11.6
451.6,5.5200000000000005,21.1,29.7,20.7,28.5
451.6,5.26,28.4,32.3,22.0,17.2
451.4,4.96,31.2,22.0,12.7,34.1
451.4,7.94,33.6,30.8,24.3,11.3
451.3,4.66,26.3,29.6,14.5,29.5
451.2,6.15,27.4,33.4,27.1,12.1
451.1,5.9,32.7,27.2,20.5,19.6
451.1,9.53,19.4,34.5,34.7,11.4
451.1,4.93,21.6,49.7,16.0,12.7
451.1,7.45,21.2,35.9,34.8,8.1
451.0,5.5600000000000005,35.4,35.4,17.1,12.2
451.0,3.7,28.0,23.7,13.4,34.9
450.9,5.95,20.2,43.9,26.0,10.0
450.9,5.0600000000000005,31.2,35.1,19.6,14.0
450.8,4.5,25.2,30.6,13.0,31.2
450.8,5.6899999999999995,26.8,41.0,15.2,16.9
450.7,4.4,28.4,29.4,21.0,21.1
450.7,4.79,24.4,41.5,15.3,18.8
450.6,3.1100000000000003,30.1,32.7,10.5,26.8
450.6,5.109999999999999,30.3,34.7,14.5,20.5
450.6,7.26,17.3,50.7,21.7,10.2
450.6,7.390000000000001,18.1,39.0,33.1,9.8
450.5,8.78,22.8,32.8,34.9,9.6
450.5,3.5200000000000005,24.3,42.7,20.1,12.8
450.5,5.029999999999999,24.1,44.8,20.0,11.2
450.5,3.31,27.1,35.6,17.8,19.6
450.4,5.58,27.6,30.3,23.7,18.4
450.4,4.64,27.8,41.8,15.6,14.8
450.3,4.58,27.9,32.5,22.2,17.4
450.2,5.68,23.0,46.4,17.6,13.0
450.1,5.99,23.5,29.1,33.3,14.1
450.1,5.43,24.3,38.9,22.2,14.6
450.0,7.07,22.1,42.0,25.7,10.2
450.0,3.35,31.6,27.8,21.9,18.7
450.0,4.57,24.1,33.4,29.4,13.1
449.9,4.6,27.0,31.8,18.2,22.9
449.9,5.409999999999999,27.4,24.3,19.7,28.5
449.8,7.909999999999999,30.2,38.3,17.1,14.4
449.7,4.63,21.3,33.3,30.9,14.4
449.6,4.37,26.8,38.3,20.5,14.4
449.6,3.88,30.8,31.8,16.6,20.8
449.6,7.029999999999999,15.4,47.3,25.4,11.9
449.5,4.67,25.3,37.1,27.4,10.1
449.5,5.68,27.8,37.3,17.1,17.7
449.5,3.4299999999999997,28.0,36.6,14.3,21.1
449.1,7.6,24.6,36.3,29.0,10.1
449.0,4.16,31.3,32.1,23.4,13.3
448.8,5.29,24.7,39.2,22.5,13.6
448.7,5.38,22.1,48.5,15.2,14.2
448.6,5.459999999999999,28.1,41.2,20.7,10.0
448.6,3.91,29.7,34.1,15.6,20.6
448.5,5.4799999999999995,25.5,43.6,17.7,13.2
448.4,5.35,21.4,32.0,38.0,8.6
448.4,6.590000000000001,18.6,39.4,28.6,13.5
448.3,7.51,21.3,32.4,35.3,10.9
448.3,7.17,24.8,32.6,26.6,15.9
448.3,5.4399999999999995,32.0,29.4,24.8,13.8
448.0,4.46,25.4,39.8,23.4,11.4
448.0,5.0600000000000005,23.1,32.9,32.1,11.8
448.0,7.27,16.6,39.1,35.6,8.8
448.0,4.38,27.4,34.8,24.0,13.8
448.0,9.11,31.3,35.5,17.3,15.9
447.9,6.779999999999999,36.2,25.7,15.1,23.0
447.9,3.68,28.2,30.5,23.8,17.5
447.9,5.470000000000001,25.7,33.9,23.8,16.7
447.9,5.91,20.4,36.1,34.6,8.9
447.8,6.4,30.2,38.3,15.9,15.6
447.7,5.18,25.8,30.4,33.0,10.9
447.6,3.86,32.7,27.8,14.9,24.7
447.6,7.98,18.0,37.2,33.3,11.5
447.6,8.370000000000001,20.1,34.3,37.4,8.3
447.5,5.470000000000001,20.2,32.1,27.4,20.2
447.5,7.1,23.2,31.5,34.0,11.3
447.4,5.92,26.3,41.8,18.6,13.3
447.4,6.32,22.0,46.0,18.3,13.7
447.4,6.24,35.4,32.8,16.6,15.2
447.3,6.06,38.0,30.3,12.7,19.1
447.3,7.209999999999999,19.4,38.5,32.3,9.9
447.2,5.14,25.3,29.0,22.8,22.9
447.2,4.87,22.3,29.0,15.6,33.0
447.2,5.970000000000001,28.4,20.3,14.9,36.3
447.0,5.76,15.8,37.5,35.4,11.3
447.0,5.090000000000001,21.7,46.7,20.2,11.5
447.0,3.3200000000000003,25.7,32.6,20.8,20.8
447.0,5.2299999999999995,24.0,39.8,25.2,11.0
446.9,4.5200000000000005,25.0,26.5,36.8,11.7
446.8,4.66,39.9,26.7,12.4,21.0
446.8,6.4799999999999995,28.6,29.8,28.6,13.0
446.7,3.66,22.8,37.4,15.9,23.9
446.7,4.33,24.7,33.1,15.1,27.1
446.7,7.959999999999999,16.8,39.5,32.5,11.2
446.7,2.44,34.7,34.8,12.9,17.6
446.6,5.12,23.0,23.5,19.3,34.3
446.6,5.38,20.9,42.0,20.0,17.2
446.6,5.01,23.9,41.0,24.3,10.7
446.3,5.69,23.3,31.0,24.1,21.7
446.3,5.71,28.0,39.5,17.6,14.9
446.3,6.409999999999999,21.9,47.3,21.4,9.5
446.3,5.6899999999999995,27.8,29.0,12.2,31.1
446.1,4.0,24.7,31.5,11.6,32.2
446.0,6.409999999999999,20.0,42.5,28.6,8.8
446.0,4.37,30.2,25.8,12.1,32.0
446.0,5.4,29.5,32.6,17.1,20.8
445.8,5.2,23.6,38.1,29.1,9.2
445.8,4.19,28.7,25.3,21.6,24.4
445.8,3.4200000000000004,25.6,32.3,11.9,30.2
445.6,5.66,33.5,19.7,19.9,26.9
445.6,4.51,30.4,39.7,14.8,15.0
445.6,8.59,18.7,33.7,36.6,11.0
445.6,7.159999999999999,23.2,33.3,31.4,12.1
445.5,5.62,41.3,26.3,11.5,20.9
445.5,4.9799999999999995,27.9,37.8,11.9,22.5
445.5,6.32,17.1,37.6,37.8,7.5
445.3,6.640000000000001,29.4,37.5,18.1,15.1
445.2,5.220000000000001,29.7,19.6,16.6,34.1
445.2,6.65,22.5,37.4,28.1,12.1
445.1,7.2,27.8,28.5,22.8,20.9
445.1,4.39,24.1,24.2,8.7,42.9
445.1,5.62,18.7,46.4,20.9,14.0
445.0,8.790000000000001,28.8,41.8,18.8,10.6
445.0,5.8,27.8,38.6,12.2,21.4
444.9,5.4,20.5,35.1,37.1,7.3
444.9,3.86,25.9,19.8,9.9,44.4
444.9,4.43,31.1,26.0,17.5,25.4
444.9,6.9,18.1,38.6,33.1,10.2
444.8,3.34,29.1,28.8,13.4,28.7
444.8,11.55,19.6,30.5,33.9,16.0
444.8,5.87,29.3,26.2,19.2,25.3
444.7,5.76,20.3,51.9,16.4,11.5
444.6,3.75,25.2,31.8,25.1,17.9
444.5,6.25,23.8,33.1,31.0,12.1
444.5,3.46,27.9,33.9,18.6,19.6
444.4,4.9399999999999995,26.6,28.2,19.4,25.7
444.4,5.12,31.0,27.2,8.2,33.6
444.4,3.28,23.0,32.5,20.0,24.5
444.4,7.76,28.0,38.2,19.2,14.5
444.4,4.65,28.6,32.5,17.7,21.1
444.3,6.07,31.8,23.4,11.9,33.0
444.3,4.9399999999999995,27.1,40.3,15.9,16.7
444.2,4.59,24.8,32.6,27.8,14.8
444.2,4.2700000000000005,29.4,33.2,14.5,22.9
444.2,3.94,29.4,40.4,12.7,17.5
444.1,3.84,33.1,38.9,14.4,13.6
444.1,4.13,31.7,26.5,9.0,32.8
444.1,5.7700000000000005,20.3,43.5,29.1,7.1
444.1,4.32,24.0,33.1,26.2,16.8
444.1,6.83,38.6,26.3,14.9,20.2
444.0,8.9,20.6,34.5,35.4,9.6
444.0,4.11,25.5,44.8,17.5,12.3
444.0,8.09,26.9,40.4,21.3,11.4
443.9,4.71,29.3,29.6,18.0,23.1
443.9,4.2,25.0,40.8,23.4,10.8
443.9,3.4299999999999997,39.7,31.8,13.6,15.0
443.9,11.38,25.2,40.5,26.3,8.0
443.8,5.46,34.6,29.2,22.2,14.0
443.8,4.5600000000000005,23.9,34.0,28.2,13.8
443.7,4.0200000000000005,18.0,38.8,22.6,20.5
443.7,12.47,17.5,35.0,39.1,8.3
443.7,8.83,36.4,31.8,11.5,20.3
443.6,5.11,24.6,35.0,25.4,15.0
443.5,6.88,35.2,33.5,14.4,16.9
443.5,4.9799999999999995,28.3,26.9,19.8,25.0
443.5,3.63,36.4,25.9,9.6,28.1
443.5,8.76,31.5,34.1,18.5,15.9
443.4,4.79,36.7,33.0,14.4,15.9
443.4,4.0200000000000005,20.6,34.1,27.9,17.3
443.4,4.720000000000001,29.4,33.9,20.9,15.7
443.4,2.68,34.3,31.2,9.7,24.7
443.3,6.12,26.7,32.7,28.3,12.2
443.1,5.85,26.4,30.8,21.2,21.5
443.1,2.37,30.3,38.1,15.1,16.4
443.0,4.0200000000000005,22.8,37.8,11.7,27.6
443.0,6.0,26.2,31.9,23.3,18.6
442.8,7.140000000000001,38.4,29.7,15.7,16.1
442.8,5.3,26.3,38.9,16.4,18.5
442.8,6.74,16.4,43.0,29.2,11.4
442.8,5.2700000000000005,31.2,23.5,18.7,26.6
442.7,5.63,27.3,33.8,23.5,15.4
442.7,7.37,24.8,40.1,17.6,17.5
442.7,4.92,32.7,29.6,22.1,15.6
442.7,4.51,32.2,24.0,7.6,36.2
442.6,6.0200000000000005,17.9,41.3,30.6,10.2
442.6,5.4399999999999995,29.0,42.5,13.9,14.5
442.6,5.01,37.5,27.6,15.0,19.9
442.4,3.68,27.3,32.8,19.6,20.3
442.3,4.67,31.1,19.2,9.7,40.0
442.2,4.08,30.1,35.8,18.7,15.4
442.1,4.709999999999999,27.7,30.4,23.5,18.4
442.1,6.75,26.3,25.0,30.0,18.8
442.1,4.7700000000000005,27.5,38.0,16.2,18.3
442.0,3.34,33.8,35.8,16.7,13.6
441.9,5.37,31.4,34.0,17.4,17.1
441.8,8.43,25.8,42.6,21.4,10.2
441.8,3.3600000000000003,29.1,20.3,11.9,38.7
441.7,4.819999999999999,36.7,25.9,12.5,24.9
441.6,4.49,24.5,28.5,27.9,19.0
441.6,4.25,34.9,30.4,18.7,16.0
441.6,4.26,24.7,46.6,16.7,12.0
441.5,4.89,28.9,29.5,17.0,24.6
441.5,6.0600000000000005,36.5,24.1,11.1,28.4
441.5,4.61,28.4,26.2,31.8,13.6
441.5,5.7700000000000005,26.0,43.4,17.6,13.0
441.3,11.91,27.2,38.4,23.0,11.5
441.3,3.24,30.4,32.5,15.0,22.1
441.2,6.970000000000001,22.6,43.7,22.7,11.1
441.0,8.1,22.5,32.1,35.8,9.5
441.0,5.37,32.9,26.5,9.3,31.4
440.9,6.68,27.0,44.4,19.2,9.4
440.9,7.19,30.4,31.9,18.1,19.6
440.8,2.6,30.3,39.6,13.6,16.6
440.8,6.94,22.1,39.1,29.2,9.7
440.7,4.279999999999999,30.2,37.7,19.2,13.0
440.7,4.970000000000001,27.6,25.7,21.2,25.5
440.6,3.2299999999999995,22.8,34.6,32.4,10.2
440.5,4.58,26.0,40.6,12.7,20.8
440.5,6.39,20.9,27.2,24.4,27.5
440.4,5.58,20.6,37.8,29.8,11.8
440.3,6.21,39.3,25.5,8.2,27.0
440.2,2.72,30.4,32.6,21.3,15.7
440.1,4.970000000000001,24.7,32.0,30.1,13.2
440.0,4.34,25.9,45.9,16.1,12.1
440.0,5.42,22.6,47.6,16.8,12.9
439.9,6.55,23.5,35.8,28.3,12.5
439.7,3.89,31.2,15.9,9.8,43.1
439.7,5.18,30.7,37.7,18.8,12.8
439.7,5.66,26.7,37.8,21.7,13.8
439.6,5.76,23.9,35.1,29.6,11.3
439.5,4.0600000000000005,40.1,23.3,7.8,28.8
439.5,5.12,17.8,35.8,37.1,9.2
439.4,5.08,19.8,35.3,36.5,8.4
439.4,5.29,38.9,21.3,9.5,30.3
439.4,8.6,21.9,38.7,30.2,9.1
439.4,7.0200000000000005,22.2,35.6,32.8,9.4
439.4,2.68,29.8,28.3,9.8,32.2
439.4,5.18,34.6,30.5,15.7,19.3
439.3,7.95,28.4,37.2,18.8,15.5
439.3,5.96,21.5,32.4,35.2,10.9
439.3,4.71,30.4,22.9,15.3,31.3
439.2,8.25,25.4,43.8,19.5,11.3
439.2,4.1899999999999995,22.3,31.9,27.8,18.1
439.1,6.65,23.7,35.5,24.6,16.3
439.1,8.28,28.1,37.1,15.4,19.4
439.1,4.12,39.7,29.6,7.4,23.3
439.0,3.49,36.6,27.1,12.0,24.2
439.0,9.51,30.4,39.9,18.8,10.8
439.0,7.609999999999999,21.1,35.0,32.3,11.7
439.0,7.18,32.6,30.1,15.0,22.3
439.0,5.83,24.6,31.7,32.3,11.4
439.0,4.74,33.0,22.2,11.2,33.6
438.9,3.3299999999999996,35.9,22.7,9.6,31.9
438.9,7.040000000000001,24.0,33.5,30.3,12.1
438.9,4.17,19.2,43.8,20.3,16.7
438.8,4.63,30.8,34.1,14.1,20.9
438.8,4.55,24.6,32.9,29.6,12.8
438.7,4.93,25.6,34.6,28.7,11.1
438.7,10.24,27.3,40.6,18.1,13.9
438.7,4.1,27.7,38.9,18.0,15.4
438.6,3.69,28.0,39.5,14.4,18.1
438.5,4.88,31.2,22.9,13.3,32.7
438.4,4.26,24.9,41.1,17.4,16.6
438.3,4.16,25.1,36.8,23.0,15.1
438.2,5.0200000000000005,29.0,26.9,16.4,27.7
437.9,4.47,28.7,29.2,18.8,23.3
437.9,5.32,19.1,39.7,30.6,10.6
437.9,6.99,19.9,32.0,38.1,10.0
437.8,6.909999999999999,28.1,44.0,14.7,13.2
437.8,2.68,30.0,35.4,11.1,23.6
437.8,5.925,25.5,23.4,25.3,25.8
437.7,5.93,24.3,31.8,29.4,14.5
437.7,4.5200000000000005,24.5,23.9,18.4,33.2
437.6,4.58,16.2,38.0,37.2,8.5
437.4,5.5,28.1,31.4,29.4,11.1
437.1,4.779999999999999,23.9,38.5,30.6,7.0
437.1,3.55,31.5,38.4,13.2,16.9
437.0,6.67,21.0,34.7,33.4,10.9
437.0,5.21,28.4,27.9,19.1,24.6
436.9,8.15,19.2,43.2,27.5,10.1
436.9,6.7299999999999995,18.4,37.7,35.9,8.0
436.9,4.08,16.6,46.6,21.4,15.4
436.9,5.2,35.0,25.2,16.1,23.7
436.8,6.38,23.1,28.1,27.5,21.3
436.8,5.38,28.2,31.7,23.1,17.0
436.8,4.279999999999999,30.9,27.7,28.7,12.7
436.7,6.21,21.6,44.6,19.5,14.2
436.7,3.770000000000001,35.7,42.7,8.2,13.3
436.7,3.84,21.3,44.4,19.8,14.5
436.6,7.12,17.8,41.1,34.0,7.1
436.6,6.640000000000001,25.1,28.2,35.6,11.1
436.6,2.81,25.8,40.5,21.3,12.3
436.6,8.05,19.8,37.5,34.9,7.8
436.5,5.65,37.4,31.4,18.9,12.3
436.5,4.14,18.4,33.6,36.2,11.8
436.4,4.84,26.9,34.0,26.2,12.8
436.3,9.21,18.3,38.3,36.2,7.1
436.3,3.18,28.7,37.4,16.7,17.2
436.2,8.59,24.5,42.9,21.7,10.9
436.2,4.61,23.0,32.6,32.0,12.4
436.2,4.6,34.5,30.1,15.5,19.9
436.1,3.31,28.5,39.5,17.9,14.1
436.0,5.79,28.6,41.0,15.7,14.7
435.9,7.82,33.2,35.8,13.9,17.1
435.8,12.69,20.7,39.4,25.7,14.2
435.7,5.4,24.7,47.6,14.3,13.4
435.7,4.1899999999999995,27.4,22.6,9.0,41.0
435.5,7.389999999999999,29.0,33.1,21.5,16.3
435.5,7.339999999999999,24.2,31.7,26.6,17.5
435.5,6.92,33.3,31.3,17.5,17.9
435.5,4.86,15.8,44.2,28.7,11.3
435.4,3.1100000000000003,33.5,29.3,12.2,25.0
435.4,4.7700000000000005,32.2,32.3,12.4,23.1
435.3,5.45,29.9,37.7,17.5,14.9
435.3,4.38,26.8,41.6,25.7,5.8
435.3,6.99,20.0,33.3,28.8,17.9
435.2,5.4,34.9,28.3,8.6,28.2
435.2,4.09,28.5,39.7,16.1,15.7
435.0,6.14,31.0,34.8,23.5,10.7
435.0,6.7,25.5,24.2,22.3,28.0
434.8,4.26,22.5,27.3,11.5,38.7
434.8,4.970000000000001,18.2,45.9,25.0,10.8
434.8,3.47,28.8,41.6,14.7,14.9
434.7,8.620000000000001,21.0,33.3,31.8,13.8
434.5,5.37,33.6,38.9,17.7,9.8
434.5,4.68,23.9,46.5,17.5,12.2
434.5,8.16,28.8,29.6,25.7,15.8
434.5,4.4399999999999995,28.2,41.8,11.5,18.5
434.4,3.3200000000000003,25.7,34.7,24.1,15.5
434.4,8.41,22.1,24.3,34.7,18.8
434.3,6.709999999999999,28.0,31.6,28.0,12.4
434.1,7.140000000000001,24.5,33.9,24.4,17.2
434.1,5.89,26.1,32.6,20.8,20.5
434.0,5.82,33.3,27.6,11.4,27.7
434.0,3.46,25.6,19.8,5.8,48.9
434.0,4.12,28.0,30.4,19.4,22.2
433.9,5.71,21.5,34.6,35.7,8.2
433.9,6.08,19.4,41.3,29.0,10.3
433.9,4.3100000000000005,31.0,23.1,14.6,31.4
433.8,4.41,26.2,35.1,12.1,26.6
433.8,5.970000000000001,26.3,21.7,25.0,27.0
433.7,7.23,21.5,34.8,31.9,11.7
433.7,4.08,22.3,35.8,13.9,27.9
433.7,6.5200000000000005,31.2,34.2,13.1,21.6
433.7,7.43,16.8,40.9,36.2,6.0
433.7,5.8,25.4,36.2,27.4,10.9
433.6,5.25,25.4,42.8,18.8,13.0
433.5,3.76,34.4,32.0,12.7,20.9
433.5,5.14,26.8,41.6,16.4,15.2
433.4,8.83,21.9,28.3,39.5,10.3
433.3,8.34,23.3,32.5,30.7,13.5
433.1,7.81,38.6,31.3,11.9,18.3
433.1,4.34,35.1,31.1,19.4,14.4
433.1,3.2700000000000005,36.3,28.9,12.6,22.1
432.9,6.26,23.7,29.6,26.8,19.9
432.9,11.75,16.9,30.6,41.6,10.9
432.9,6.6,23.7,48.9,17.5,9.8
432.8,4.8,28.9,27.4,18.4,25.3
432.8,5.529999999999999,24.3,36.2,26.6,12.9
432.8,4.75,33.5,20.5,19.6,26.4
432.6,5.9399999999999995,23.9,24.7,19.6,31.8
432.6,4.63,26.4,24.6,18.5,30.5
432.6,5.3100000000000005,26.1,40.6,11.6,21.7
432.5,4.6899999999999995,19.6,21.6,19.0,39.8
432.5,3.75,25.7,40.8,18.6,14.9
432.4,3.96,26.4,42.2,18.1,13.3
432.3,5.74,40.3,22.2,10.9,26.5
432.3,5.82,26.5,41.2,13.2,19.0
432.3,4.6899999999999995,33.4,31.9,15.2,19.4
432.3,5.1,24.8,42.4,20.9,12.0
432.2,6.26,29.7,26.5,23.0,20.8
432.2,2.76,35.9,35.1,10.4,18.6
432.2,5.39,31.0,31.9,14.3,22.7
432.2,6.83,26.7,33.9,30.7,8.7
432.1,6.090000000000001,29.2,41.1,14.1,15.6
432.1,4.9,26.3,42.0,18.2,13.6
432.1,3.1100000000000003,32.7,37.6,12.8,17.0
431.9,3.59,37.1,30.5,17.3,15.1
431.9,3.64,31.1,21.2,6.7,41.0
431.9,5.12,35.1,32.9,10.8,21.2
431.8,6.62,20.5,41.1,27.1,11.3
431.8,4.64,22.6,33.5,15.4,28.5
431.6,9.12,35.4,29.8,22.7,12.1
431.5,5.4399999999999995,24.5,40.2,19.0,16.4
431.1,4.9799999999999995,20.5,35.8,33.8,9.9
431.1,6.029999999999999,34.3,25.8,14.5,25.3
431.0,6.540000000000001,23.1,34.7,30.0,12.2
430.9,4.55,26.3,17.1,8.5,48.1
430.9,7.32,40.0,28.6,14.3,17.1
430.9,3.37,30.0,35.0,20.6,14.3
430.7,5.04,25.1,27.7,22.0,25.2
430.7,6.32,18.8,37.1,29.7,14.4
430.7,6.470000000000001,21.7,34.9,33.0,10.4
430.6,4.99,29.6,29.3,27.7,13.4
430.5,3.61,30.8,35.5,17.8,15.9
430.4,9.33,21.1,36.0,31.6,11.2
430.0,3.69,22.8,33.8,13.6,29.8
430.0,5.409999999999999,25.3,28.1,15.4,31.3
430.0,3.68,19.9,32.3,29.0,18.7
430.0,3.31,26.9,20.9,10.7,41.5
429.9,3.71,27.8,34.6,18.5,19.1
429.9,5.6,33.4,31.5,12.6,22.5
429.9,3.54,31.4,36.2,15.3,17.2
429.9,5.2,33.2,19.9,17.4,29.5
429.9,4.59,25.5,33.4,26.6,14.6
429.8,4.39,29.1,28.4,18.0,24.5
429.8,4.3,32.3,33.3,12.9,21.5
429.7,6.63,20.7,31.8,35.9,11.6
429.7,6.4,30.2,32.2,18.9,18.7
429.7,5.18,25.0,30.5,30.6,13.9
429.7,5.390000000000001,26.2,41.0,19.7,13.1
429.6,3.28,29.7,27.8,14.2,28.2
429.6,5.720000000000001,17.4,43.9,27.2,11.5
429.4,7.1,21.0,29.7,40.3,8.9
429.4,3.17,27.8,39.4,18.8,14.0
429.4,6.15,20.4,35.7,36.8,7.1
429.1,4.05,30.5,40.2,14.8,14.5
429.1,6.4,25.8,19.8,20.2,34.1
429.0,9.94,17.3,53.2,20.6,8.9
429.0,4.58,22.6,34.6,29.8,13.0
428.8,5.75,32.8,39.3,13.2,14.7
428.8,3.7,21.6,26.6,31.0,20.8
428.8,4.2,26.3,28.2,9.3,36.2
428.8,5.08,25.6,34.4,27.3,12.8
428.7,5.7700000000000005,17.7,46.4,19.0,17.0
428.5,5.220000000000001,26.1,29.3,30.2,14.3
428.4,7.1,24.6,43.4,20.9,11.2
428.3,3.979999999999999,22.2,39.9,28.2,9.7
428.3,4.0200000000000005,36.0,31.0,17.4,15.5
428.1,6.840000000000001,21.1,35.9,32.3,10.6
428.1,5.3,22.8,29.7,22.1,25.4
428.0,4.57,27.6,26.2,18.2,27.9
427.9,8.52,21.7,34.4,32.1,11.8
427.5,4.08,23.9,22.3,32.1,21.7
427.5,5.65,41.8,26.6,8.4,23.2
427.5,4.89,35.9,26.5,21.8,15.8
427.5,6.75,25.3,33.9,26.7,14.1
427.4,6.42,32.1,37.0,20.7,10.3
427.4,7.390000000000001,20.8,33.5,30.9,14.8
427.3,8.129999999999999,19.4,34.9,35.2,10.5
427.3,4.55,32.8,19.9,10.6,36.6
427.3,5.67,22.6,45.9,20.7,10.8
427.1,5.34,37.9,30.5,14.9,16.7
427.1,4.26,31.6,32.6,10.2,25.5
427.1,11.06,19.4,31.2,40.0,9.3
427.1,6.7299999999999995,19.4,38.6,30.1,11.8
427.1,5.86,15.8,13.5,21.3,49.4
426.9,8.41,18.5,35.4,36.7,9.4
426.8,4.279999999999999,31.5,21.3,7.7,39.5
426.7,3.55,35.2,26.5,12.2,26.1
426.7,6.159999999999999,28.8,30.0,17.5,23.7
426.6,7.35,28.5,40.8,20.0,10.6
426.6,4.89,23.4,33.1,13.5,30.0
426.6,3.1,37.8,35.0,12.1,15.2
426.4,3.04,33.1,40.1,13.4,13.5
426.3,6.720000000000001,23.0,51.7,13.4,12.0
426.1,6.74,31.3,30.8,17.2,20.6
426.1,7.1,12.8,37.9,41.0,8.3
426.0,3.54,19.4,36.3,25.0,19.4
425.7,5.39,19.4,39.9,30.6,10.1
425.5,7.040000000000001,38.6,30.4,8.3,22.7
425.4,6.42,37.1,30.2,16.0,16.6
425.4,6.14,27.3,38.3,24.0,10.4
425.4,5.82,31.5,34.3,19.8,14.4
425.3,3.21,33.2,21.1,8.3,37.4
425.3,4.93,31.3,28.5,11.3,28.8
425.2,5.29,18.9,34.9,36.5,9.7
425.1,6.92,19.6,23.4,50.1,6.8
425.1,9.71,30.2,26.1,29.6,14.1
425.1,10.41,17.5,35.2,39.5,7.7
425.0,3.4,28.1,38.9,18.6,14.4
424.9,5.11,33.9,32.5,13.7,19.9
424.9,6.290000000000001,23.1,42.9,23.1,10.9
424.9,7.140000000000001,28.6,35.9,21.1,14.3
424.8,4.16,30.6,27.4,18.2,23.8
424.8,4.83,34.8,31.8,14.5,18.9
424.6,4.7299999999999995,35.7,28.0,14.5,21.8
424.6,5.82,19.1,39.2,30.9,10.7
424.6,2.79,29.8,27.8,20.1,22.3
424.4,5.21,28.6,31.9,27.7,11.8
424.4,5.09,24.7,22.7,21.5,31.1
424.2,8.690000000000001,21.4,35.9,29.9,12.8
424.2,5.17,29.9,32.6,16.5,21.0
424.1,6.14,18.6,32.8,38.3,10.3
424.0,3.76,35.1,17.7,4.7,42.5
424.0,4.63,28.9,30.1,21.9,19.1
424.0,7.9,24.7,27.5,28.7,19.1
423.7,4.18,18.1,33.8,11.8,36.3
423.6,3.729999999999999,22.4,41.2,12.9,23.6
423.6,6.01,22.8,33.5,30.9,12.8
423.6,9.29,21.0,28.3,35.3,15.4
423.5,4.42,29.9,25.8,18.2,26.1
423.4,3.1,32.9,36.9,13.4,16.8
423.3,3.61,33.4,26.7,11.9,28.0
423.2,4.6899999999999995,25.0,37.0,24.6,13.3
423.2,10.69,27.4,25.3,28.4,18.9
423.1,3.69,31.8,33.8,17.4,17.0
423.0,6.16,23.2,37.0,24.3,15.5
422.8,3.87,20.9,26.0,10.7,42.5
422.8,4.779999999999999,26.7,17.3,15.3,40.6
422.7,5.35,22.8,32.0,34.8,10.5
422.6,2.74,28.8,31.7,18.9,20.6
422.6,6.65,30.6,28.1,25.1,16.2
422.6,5.5200000000000005,31.7,25.9,11.2,31.2
422.6,4.07,25.6,29.5,27.8,17.1
422.3,4.29,31.3,35.0,16.5,17.2
422.3,5.4399999999999995,29.6,33.0,22.9,14.4
422.2,5.75,14.9,40.4,34.0,10.7
422.1,9.9,27.2,41.2,20.2,11.4
422.0,2.8600000000000003,28.9,41.2,15.5,14.5
422.0,4.72,29.2,28.4,16.1,26.2
421.7,3.61,23.5,23.4,13.3,39.8
421.7,7.7,19.3,42.7,27.5,10.6
421.6,3.9,22.8,37.7,24.5,15.0
421.6,4.8,32.7,30.3,15.0,22.0
421.6,7.55,32.3,40.4,16.6,10.8
421.4,5.9,30.5,34.7,24.8,10.0
421.4,6.04,29.7,41.8,18.7,9.7
421.3,6.24,26.1,42.7,17.2,14.0
421.3,4.76,23.7,41.5,22.6,12.1
421.3,5.7700000000000005,34.3,20.1,11.1,34.5
421.3,7.890000000000001,23.2,33.8,32.5,10.5
421.3,6.340000000000001,21.3,52.5,18.4,7.8
421.2,6.65,32.8,26.8,17.5,22.9
421.1,4.11,32.7,29.6,20.4,17.3
421.1,3.88,39.8,29.4,15.6,15.2
421.1,4.529999999999999,24.8,36.0,29.6,9.6
421.1,4.35,22.7,26.2,11.5,39.6
421.1,8.76,34.6,23.2,25.1,17.1
421.0,7.540000000000001,23.7,44.3,17.5,14.5
420.9,7.07,18.2,20.6,22.2,39.1
420.9,5.26,28.1,29.3,26.7,15.9
420.9,3.12,31.0,28.0,11.4,29.6
420.9,5.0,21.9,35.9,31.0,11.3
420.9,5.9399999999999995,23.4,21.7,20.0,34.8
420.7,7.159999999999999,36.2,27.2,11.6,25.0
420.7,9.22,31.9,30.2,23.6,14.3
420.7,6.779999999999999,30.8,36.2,22.9,10.1
420.5,6.56,27.1,43.7,16.8,12.3
420.5,6.659999999999999,16.1,40.1,30.0,13.7
420.5,7.1,23.7,48.7,16.9,10.7
420.5,5.529999999999999,32.1,19.8,13.1,35.0
420.3,5.25,27.6,26.2,26.8,19.3
420.1,3.29,23.8,34.7,21.6,19.8
420.1,6.8,19.8,24.8,41.3,14.1
420.0,5.95,22.9,44.4,21.7,11.0
419.9,6.63,25.1,36.5,26.7,11.7
419.8,3.85,19.5,36.4,31.7,12.4
419.8,5.08,22.7,43.5,19.3,14.6
419.8,6.279999999999999,22.5,34.1,33.8,9.6
419.6,6.34,29.6,37.0,15.9,17.6
419.5,8.42,35.8,30.7,18.4,15.0
419.5,7.959999999999999,16.1,33.8,41.8,8.4
419.3,7.529999999999999,22.3,32.9,36.8,8.0
419.3,5.220000000000001,26.9,31.3,32.2,9.7
419.2,4.83,31.1,31.4,15.4,22.1
419.2,5.7299999999999995,26.3,32.5,17.6,23.6
419.1,3.95,28.7,36.0,11.9,23.3
419.0,5.8,21.2,35.5,31.1,12.2
418.7,6.279999999999999,30.5,28.3,15.4,25.8
418.7,4.43,31.2,28.9,28.0,11.9
418.6,8.15,23.5,42.2,26.6,7.7
418.4,6.2700000000000005,18.1,36.6,33.7,11.6
418.3,6.18,19.2,39.2,33.7,7.9
418.2,5.1899999999999995,30.0,24.3,23.1,22.7
418.2,4.51,21.9,36.8,28.3,13.1
418.1,3.2,30.5,37.1,20.2,12.2
417.9,4.51,40.8,24.1,11.4,23.8
417.9,4.6899999999999995,37.9,25.0,10.7,26.3
417.9,4.88,28.5,34.0,19.9,17.6
417.9,3.25,30.7,40.3,14.8,14.2
417.7,4.62,26.3,43.8,15.9,14.0
417.1,5.0200000000000005,26.7,28.3,32.9,12.0
417.1,3.45,23.9,16.2,6.9,52.9
416.9,9.45,19.6,35.7,33.0,11.7
416.8,6.4799999999999995,20.9,39.7,28.6,10.8
416.7,4.84,31.6,31.4,23.9,13.1
416.6,4.970000000000001,32.0,33.3,8.4,26.3
416.5,8.77,21.4,38.0,32.6,8.0
416.5,4.3100000000000005,34.2,26.8,24.9,14.0
416.5,5.39,29.3,34.3,20.2,16.1
416.2,3.95,34.6,26.9,14.6,23.8
416.0,4.1,20.6,36.0,23.3,20.2
415.9,6.5200000000000005,34.6,26.0,19.2,20.2
415.9,2.8,27.9,43.4,14.3,14.4
415.8,2.79,25.7,28.6,31.2,14.5
415.6,4.34,35.4,24.0,13.2,27.4
415.5,8.35,35.6,33.0,18.1,13.4
415.5,5.26,18.8,38.1,33.3,9.8
415.5,4.87,29.4,15.1,8.2,47.3
415.5,6.470000000000001,21.5,35.8,25.9,16.8
415.4,8.379999999999999,21.8,25.8,37.7,14.6
415.4,4.87,34.2,29.9,11.5,24.3
415.0,7.19,17.0,45.2,29.4,8.4
415.0,4.779999999999999,24.0,32.5,31.9,11.6
414.9,4.2299999999999995,24.2,20.1,18.7,37.0
414.9,5.33,32.6,28.6,14.0,24.8
414.8,3.53,22.3,43.4,19.6,14.7
414.7,3.55,33.7,26.9,20.9,18.5
414.7,9.71,21.0,34.5,34.8,9.7
414.6,3.74,37.6,30.6,11.7,20.0
414.6,8.33,26.0,27.4,31.3,15.3
414.6,4.95,25.1,32.5,25.5,16.9
414.6,4.83,28.8,17.5,14.7,39.0
414.4,4.029999999999999,18.9,38.9,32.2,10.1
414.3,6.840000000000001,21.9,35.0,33.9,9.2
414.3,4.67,31.2,17.5,20.5,30.8
414.2,6.029999999999999,37.9,24.5,16.2,21.4
414.2,6.840000000000001,19.4,40.2,33.0,7.3
414.2,8.39,33.5,33.4,16.9,16.2
414.1,3.979999999999999,31.5,29.5,16.6,22.4
413.9,4.029999999999999,20.9,35.8,28.7,14.6
413.9,8.27,22.8,32.7,35.1,9.4
413.9,10.07,26.3,41.3,17.5,14.9
413.8,5.37,25.0,32.0,34.4,8.7
413.7,7.43,33.5,29.1,11.1,26.3
413.7,7.08,20.2,26.7,31.2,21.8
413.6,5.7,16.1,50.4,18.2,15.3
413.5,5.1,26.5,32.0,29.6,11.9
413.5,4.33,24.2,39.2,20.0,16.6
413.4,8.95,21.2,31.1,35.2,12.4
413.4,6.5200000000000005,21.0,37.8,31.5,9.6
413.4,3.25,19.4,35.3,27.6,17.6
413.4,6.13,15.3,39.7,35.2,9.8
413.4,5.0,28.9,33.1,17.6,20.4
412.9,2.9,37.3,35.3,11.7,15.7
412.9,8.3,20.4,32.5,37.6,9.5
412.8,7.23,27.5,38.3,21.4,12.7
412.8,5.529999999999999,20.7,30.5,38.2,10.5
412.6,6.67,28.3,39.9,15.3,16.5
412.4,8.95,21.2,32.7,34.9,11.2
412.3,11.43,18.9,35.1,34.5,11.5
412.3,5.8100000000000005,23.3,34.8,28.7,13.3
412.3,3.18,30.0,18.9,5.3,45.8
412.2,4.3,21.5,23.4,11.5,43.6
412.1,3.29,41.7,22.3,11.5,24.4
411.9,6.37,27.0,44.3,16.3,12.4
411.8,7.65,21.9,30.5,37.9,9.7
411.7,3.18,27.0,31.4,18.8,22.8
411.5,2.88,23.7,38.2,18.8,19.2
411.5,5.59,32.7,34.9,22.5,9.9
411.4,3.03,27.5,21.9,6.5,44.1
411.3,8.09,20.6,33.8,36.1,9.5
411.3,5.11,31.1,26.9,20.4,21.6
411.2,8.64,13.8,24.9,53.4,8.0
411.2,6.1899999999999995,17.5,33.9,39.8,8.9
411.0,4.95,27.2,40.8,17.9,14.1
410.8,5.08,25.4,33.4,27.8,13.3
410.8,6.74,27.0,39.3,20.0,13.6
410.8,5.49,17.5,29.3,43.1,10.2
410.7,8.24,31.7,36.4,14.5,17.4
410.7,3.81,24.5,30.5,20.5,24.5
410.5,4.0200000000000005,32.7,38.4,16.8,12.1
410.3,4.39,21.2,34.1,32.9,11.8
410.3,10.97,34.1,23.6,27.0,15.3
410.2,2.27,37.9,28.3,13.9,19.8
410.1,5.9799999999999995,35.6,22.9,16.7,24.8
410.1,5.91,30.9,32.7,26.3,10.1
410.0,9.06,14.4,39.4,37.1,9.1
410.0,8.15,24.5,42.3,18.5,14.7
410.0,5.35,25.6,26.8,33.5,14.0
409.9,14.8,14.2,18.8,57.9,9.1
409.9,5.92,16.6,42.1,34.9,6.4
409.8,5.970000000000001,26.6,33.0,28.1,12.3
409.7,5.1,23.6,27.3,26.3,22.8
409.7,3.5700000000000003,23.7,39.2,23.0,14.0
409.3,5.2299999999999995,25.3,24.1,12.3,38.3
409.3,5.55,26.1,21.6,25.4,26.9
409.2,5.59,40.4,23.8,9.7,26.1
409.2,5.26,24.7,42.1,18.4,14.9
409.1,5.9,20.2,31.1,36.5,12.3
409.1,6.529999999999999,20.9,33.9,35.7,9.5
409.0,4.86,33.2,29.8,23.1,13.9
408.9,7.48,13.5,36.0,43.7,6.9
408.7,6.409999999999999,27.9,33.9,25.8,12.5
408.6,2.84,23.4,19.5,11.4,45.7
408.6,4.41,32.0,29.9,23.3,14.7
408.5,3.16,32.7,25.2,9.5,32.6
408.5,5.959999999999999,23.8,41.1,20.2,14.9
408.5,10.62,22.9,33.6,29.7,13.9
408.5,7.140000000000001,27.8,37.2,20.6,14.3
408.5,3.96,39.3,30.6,13.3,16.8
408.4,7.45,31.1,31.7,23.5,13.7
408.4,5.15,23.0,31.2,30.0,15.8
408.2,3.85,22.2,38.4,24.7,14.7
407.7,3.44,28.3,41.6,16.6,13.6
407.7,4.3100000000000005,33.7,30.4,12.4,23.6
407.6,3.93,25.6,25.8,10.6,37.9
407.3,6.63,21.0,38.8,30.3,9.9
407.2,5.59,30.7,30.8,21.2,17.4
407.2,4.3100000000000005,29.2,21.9,14.6,34.3
407.2,3.770000000000001,28.2,48.4,12.2,11.2
406.9,6.279999999999999,20.7,49.2,19.8,10.3
406.8,3.49,26.5,36.2,18.7,18.7
406.8,6.32,23.8,34.1,23.6,18.5
406.7,3.34,35.3,30.4,21.2,13.1
406.6,7.42,32.2,33.1,24.2,10.5
406.6,4.5600000000000005,21.7,38.4,29.9,10.0
406.4,5.720000000000001,19.7,45.5,25.2,9.6
406.4,8.78,34.7,32.9,19.5,12.9
406.3,4.5600000000000005,31.2,38.5,15.1,15.2
406.2,7.2,15.3,35.3,44.0,5.4
406.0,5.51,31.5,32.8,22.6,13.0
405.9,10.88,22.0,30.4,37.6,10.0
405.8,6.5200000000000005,17.4,32.3,40.9,9.4
405.7,6.74,28.4,26.6,21.8,23.1
405.6,6.32,22.4,50.4,17.2,10.1
405.6,5.17,35.4,28.2,15.3,21.1
405.5,4.4,30.8,31.1,11.1,27.0
405.4,3.2,37.1,33.7,12.3,16.8
405.4,6.01,34.8,24.0,14.9,26.3
405.3,5.84,27.4,37.2,16.6,18.7
405.2,5.5600000000000005,24.2,41.2,14.4,20.2
404.9,6.34,20.8,44.1,24.8,10.2
404.6,7.77,28.7,38.5,16.6,16.3
404.6,8.15,30.7,27.8,27.8,13.7
404.6,9.27,13.7,31.0,47.4,7.8
404.5,4.0,20.6,27.5,41.2,10.7
404.3,4.220000000000001,32.0,13.1,3.0,51.9
404.1,9.55,29.6,25.4,31.5,13.5
404.0,3.62,29.2,27.8,15.2,27.9
404.0,3.71,33.5,35.0,18.2,13.2
403.9,4.75,32.7,22.6,8.2,36.5
403.9,8.18,31.0,35.1,14.0,19.8
403.7,6.959999999999999,25.3,46.2,18.1,10.4
403.7,8.02,17.0,34.5,41.6,6.9
403.5,4.8,30.5,29.6,27.6,12.3
403.5,4.38,27.6,31.2,12.0,29.1
403.4,6.359999999999999,26.1,46.4,16.5,11.0
403.4,4.62,36.9,31.4,12.2,19.5
403.3,5.3100000000000005,24.8,23.1,31.8,20.4
403.3,5.17,35.2,22.0,6.8,36.0
403.2,3.770000000000001,23.7,35.5,26.4,14.4
403.1,4.970000000000001,24.4,35.1,30.0,10.5
403.1,7.389999999999999,31.1,32.1,25.9,11.0
403.0,9.42,28.1,25.3,34.6,12.0
402.9,3.41,29.8,35.6,18.7,15.8
402.9,7.720000000000001,14.4,38.8,38.4,8.4
402.5,3.93,37.2,28.8,11.6,22.4
402.5,4.6899999999999995,26.0,35.8,25.7,12.5
402.4,3.4799999999999995,27.4,32.3,24.0,16.2
402.3,8.040000000000001,35.3,31.3,14.6,18.7
402.3,5.01,24.3,39.0,13.2,23.5
402.2,4.0600000000000005,31.4,22.9,20.8,24.8
402.2,5.26,36.0,24.6,20.5,18.8
402.1,3.17,29.9,42.7,11.8,15.7
402.0,7.409999999999999,32.4,34.0,17.9,15.7
401.8,14.34,10.9,16.9,65.3,6.9
401.7,4.2,40.3,19.2,9.1,31.5
401.7,3.2,36.6,22.6,12.7,28.1
401.6,3.0700000000000003,22.0,17.8,12.6,47.7
401.5,5.720000000000001,25.3,22.4,30.0,22.3
401.4,5.0200000000000005,26.5,42.9,17.4,13.3
401.4,5.29,23.3,45.4,21.5,9.9
401.3,5.79,24.0,38.1,19.6,18.3
401.3,5.46,25.4,30.9,35.0,8.6
401.0,6.33,32.0,31.0,18.7,18.3
400.9,5.2299999999999995,21.8,39.2,30.2,8.8
400.9,5.029999999999999,33.4,23.3,16.6,26.7
400.6,6.790000000000001,25.8,43.0,15.7,15.5
400.5,4.8100000000000005,26.0,33.4,24.4,16.2
400.4,5.33,38.4,29.0,15.4,17.3
400.4,4.029999999999999,25.0,26.7,24.6,23.7
400.4,6.459999999999999,20.8,28.4,42.3,8.4
400.3,5.66,24.4,20.0,21.1,34.5
400.1,9.06,31.5,25.2,28.8,14.5
400.0,5.59,22.3,13.9,18.8,45.0
400.0,5.64,21.2,37.9,29.3,11.6
399.8,5.85,22.3,27.7,25.6,24.3
399.6,5.67,30.7,37.6,19.6,12.1
399.5,10.62,28.9,21.1,32.5,17.5
399.5,2.42,34.5,31.4,14.8,19.4
399.5,3.82,26.3,29.4,25.5,18.9
399.4,4.2,35.3,37.5,11.9,15.3
399.1,4.4799999999999995,33.7,33.5,20.4,12.5
398.8,3.51,21.3,14.5,9.7,54.6
398.8,3.729999999999999,31.3,31.5,18.8,18.4
398.7,6.49,29.4,35.3,11.5,23.7
398.5,8.39,32.2,31.5,21.1,15.2
398.5,6.840000000000001,33.7,24.7,25.0,16.6
398.5,6.49,27.4,39.1,17.7,15.8
398.4,3.64,27.6,36.2,21.0,15.3
398.4,7.0200000000000005,29.3,32.4,22.2,16.1
398.3,6.11,23.2,33.0,31.6,12.2
398.3,5.29,19.9,25.7,21.9,32.5
398.3,6.4799999999999995,33.3,25.0,25.8,15.9
398.2,7.359999999999999,35.1,29.0,15.1,20.8
397.9,4.9399999999999995,33.1,20.5,9.3,37.0
397.5,3.61,21.5,29.8,30.1,18.6
397.4,3.16,30.5,28.9,15.1,25.5
397.4,5.95,29.8,22.8,14.8,32.5
397.3,6.2299999999999995,15.6,48.3,26.8,9.3
397.2,5.0,28.0,19.4,15.7,36.9
396.7,3.76,26.3,31.0,21.2,21.5
396.6,4.92,22.5,39.9,23.4,14.2
396.2,4.91,24.9,32.3,25.5,17.3
396.1,8.95,30.8,33.4,20.4,15.5
396.1,4.42,28.0,30.9,27.4,13.7
396.1,3.74,25.9,34.7,27.4,12.0
396.1,3.93,30.9,35.4,16.5,17.2
396.0,2.93,24.8,33.3,26.4,15.5
395.9,4.85,30.5,27.3,15.1,27.2
395.9,4.82,22.6,26.5,39.1,11.8
395.8,6.279999999999999,27.0,15.9,16.6,40.5
395.8,5.3,27.8,36.3,23.3,12.6
395.8,7.31,32.2,29.6,22.2,16.0
395.8,6.07,20.3,47.9,17.8,14.0
395.6,7.9,23.8,20.8,10.4,45.0
395.6,2.22,32.2,32.1,17.8,17.9
395.4,4.76,33.5,23.1,17.5,25.9
395.3,3.66,34.7,40.0,11.8,13.6
395.3,3.69,33.8,29.1,10.7,26.4
395.3,3.79,23.6,35.8,25.7,14.9
395.1,5.6,21.8,43.6,20.8,13.8
395.1,3.4799999999999995,23.3,32.1,35.0,9.6
394.9,3.5700000000000003,30.3,38.0,14.2,17.5
394.9,10.47,28.6,37.4,19.2,14.9
394.9,4.38,19.2,44.9,21.1,14.8
394.6,4.35,25.6,26.6,22.9,25.0
394.5,4.65,24.8,40.0,23.4,11.8
394.3,2.79,32.8,29.2,20.1,17.9
394.2,8.209999999999999,26.3,37.4,24.5,11.8
394.1,3.21,32.3,39.0,11.1,17.6
394.1,3.2,27.8,36.7,19.5,16.0
394.0,6.720000000000001,17.9,25.7,49.9,6.4
394.0,3.24,27.6,33.8,24.7,13.9
394.0,5.19,29.0,36.5,20.1,14.3
393.9,4.2700000000000005,24.8,36.2,26.5,12.4
393.7,3.87,24.0,32.2,26.8,16.9
393.6,4.26,21.4,38.3,27.2,13.2
393.4,5.08,28.6,33.4,19.3,18.7
393.3,4.46,25.3,15.1,7.2,52.4
393.0,6.890000000000001,23.8,33.0,33.5,9.7
392.8,3.69,24.3,35.7,21.4,18.6
392.5,11.38,18.9,40.4,28.0,12.7
392.3,2.83,35.1,32.9,15.9,16.1
392.1,9.15,33.0,34.7,19.0,13.3
392.1,7.23,23.2,34.7,31.5,10.6
392.1,5.26,20.2,28.3,42.0,9.5
392.0,6.2,26.8,43.0,15.5,14.7
392.0,4.4799999999999995,20.5,34.3,32.6,12.5
391.8,8.64,37.3,32.2,15.8,14.8
391.7,9.42,24.0,35.7,30.2,10.2
391.5,4.6899999999999995,29.1,24.8,15.6,30.5
391.4,9.83,15.2,40.1,36.4,8.3
391.4,4.33,31.9,26.5,8.2,33.3
391.3,6.01,23.2,34.5,29.9,12.4
391.2,3.21,27.9,38.9,19.8,13.5
391.2,5.2700000000000005,24.2,28.4,36.3,11.1
391.1,4.68,36.3,34.3,14.2,15.2
390.5,6.1,26.0,31.8,22.3,19.9
390.3,4.57,25.4,38.2,26.6,9.9
390.3,3.0,24.9,36.2,24.9,14.0
390.3,7.69,26.2,23.8,36.5,13.6
390.3,5.18,30.4,24.2,12.2,33.2
390.3,2.87,32.0,34.9,21.2,12.0
390.2,18.880000000000003,16.1,41.2,33.7,9.1
390.2,3.56,27.1,23.0,13.2,36.8
390.1,11.27,28.9,23.9,36.2,11.0
390.1,2.71,25.4,27.8,8.4,38.4
389.9,3.31,27.3,42.9,17.0,12.8
389.7,5.09,36.4,29.2,19.0,15.4
389.6,5.36,36.6,22.9,8.7,31.8
389.6,7.340000000000001,26.6,22.5,34.2,16.6
389.5,12.05,19.3,38.6,29.0,13.1
389.5,3.82,36.3,35.4,13.6,14.7
389.3,4.99,31.9,33.2,15.2,19.7
389.3,8.32,27.4,18.6,31.6,22.5
389.1,4.76,19.3,44.4,28.6,7.6
388.8,6.859999999999999,19.2,34.4,37.8,8.6
388.1,3.47,26.5,38.2,20.1,15.2
388.1,3.06,29.5,27.9,15.5,27.1
387.9,2.8,33.6,34.0,12.6,19.8
387.9,5.91,29.6,31.1,13.4,26.0
387.8,5.01,39.1,29.7,13.3,18.0
387.6,8.3,30.4,36.7,12.5,20.3
387.3,7.31,33.0,32.6,14.2,20.3
387.2,4.64,20.3,34.1,32.1,13.5
387.2,3.74,35.0,21.6,6.6,36.8
387.1,8.8,37.1,32.7,16.8,13.3
387.1,7.340000000000001,16.1,39.0,36.4,8.5
387.1,7.88,33.1,32.1,18.3,16.4
386.5,5.5600000000000005,21.2,31.9,37.5,9.5
386.5,5.529999999999999,28.6,35.6,25.4,10.4
386.5,3.75,22.6,28.5,37.9,11.0
386.2,16.75,28.2,25.7,34.2,11.8
385.9,4.01,35.2,27.9,21.6,15.3
385.9,7.48,16.7,27.7,46.9,8.7
385.7,3.81,27.0,24.2,30.1,18.7
385.5,3.41,29.1,35.1,19.0,16.8
385.4,3.15,23.0,30.1,24.0,22.9
385.3,6.62,30.0,31.0,12.8,26.2
385.0,2.73,32.8,35.9,10.9,20.4
384.9,4.33,34.1,29.7,16.7,19.4
384.8,7.65,19.3,38.3,34.3,8.0
384.7,5.3,29.1,32.3,23.9,14.8
384.7,9.1,18.4,32.9,38.0,10.8
384.6,4.5,26.4,36.6,24.2,12.8
384.4,3.8,31.9,23.1,8.6,36.4
384.2,13.51,29.2,24.1,36.0,10.6
383.9,4.25,25.5,36.8,21.9,15.8
383.8,4.7299999999999995,28.7,36.9,13.4,21.1
383.6,5.16,23.1,34.2,32.5,10.2
383.3,2.7,41.6,33.0,5.8,19.6
383.3,5.24,21.3,42.2,25.5,11.0
383.2,4.71,26.4,28.4,21.2,24.0
383.2,4.92,33.1,34.1,16.8,15.9
383.1,5.91,28.4,19.0,17.6,34.9
383.0,9.28,34.0,31.1,11.1,23.8
382.8,5.82,30.1,30.3,23.2,16.4
382.8,5.5600000000000005,19.9,38.3,30.8,11.0
382.8,6.13,24.3,45.5,18.2,12.0
382.7,3.0200000000000005,23.8,40.4,21.4,14.4
382.5,3.29,29.5,32.1,18.4,19.9
382.3,7.7,38.7,27.0,12.2,22.1
382.1,6.76,31.5,37.3,16.9,14.3
382.1,7.7,28.0,41.2,20.8,10.1
381.9,5.029999999999999,23.7,30.0,34.1,12.3
381.9,3.2700000000000005,36.9,32.0,11.6,19.5
381.3,6.58,26.2,18.8,30.1,24.9
381.2,7.090000000000001,17.5,43.7,31.8,7.0
381.0,5.83,29.6,30.7,24.3,15.4
380.8,5.79,27.6,32.8,25.3,14.3
380.8,5.279999999999999,22.8,28.7,34.1,14.4
380.5,4.55,38.5,27.4,7.5,26.6
380.0,4.99,21.9,38.3,29.3,10.5
380.0,3.96,28.8,23.2,9.6,38.4
379.8,2.5,32.1,35.3,11.0,21.6
379.8,3.5200000000000005,35.7,34.7,12.6,17.0
379.7,5.5200000000000005,30.6,25.0,25.6,18.8
379.4,9.38,42.8,27.7,12.0,17.5
379.4,4.49,23.7,29.1,27.9,19.4
379.1,5.12,38.9,23.5,6.0,31.7
378.8,3.37,28.0,39.6,18.0,14.4
378.6,7.9,21.8,20.1,44.8,13.4
378.5,3.3200000000000003,31.2,33.2,11.1,24.4
378.4,3.29,25.6,28.6,28.1,17.7
377.9,3.67,32.0,33.8,18.1,16.1
377.8,5.55,37.3,35.3,15.8,11.6
377.8,5.86,19.3,44.8,27.6,8.4
377.5,9.31,17.1,35.1,38.6,9.2
377.4,6.459999999999999,30.4,30.4,27.3,11.9
376.8,3.63,36.1,31.4,16.6,16.0
376.6,2.93,27.3,36.3,18.8,17.6
376.4,4.11,18.6,21.4,19.2,40.8
376.4,10.05,21.2,34.7,32.5,11.6
376.2,6.38,18.4,26.8,29.5,25.3
375.8,3.3299999999999996,30.1,34.3,21.5,14.0
375.6,8.42,22.7,47.8,21.4,8.1
375.4,4.04,23.2,23.7,17.2,35.9
375.1,8.040000000000001,20.6,34.7,35.0,9.6
374.7,5.83,21.5,34.0,36.2,8.3
374.4,6.65,35.2,35.1,17.5,12.2
374.2,10.73,29.5,28.9,31.2,10.4
374.0,5.91,23.2,46.6,18.6,11.6
373.8,5.91,25.2,41.2,23.0,10.7
373.7,4.38,30.6,36.0,20.2,13.2
373.5,8.68,31.2,27.7,28.8,12.3
373.3,4.529999999999999,21.1,29.7,34.6,14.7
373.1,4.13,35.9,34.8,12.1,17.2
372.8,7.73,24.6,31.8,32.0,11.7
372.7,4.83,30.5,36.8,13.7,19.1
372.7,6.2,30.3,36.7,19.5,13.5
372.3,5.0,26.5,46.5,12.7,14.3
372.1,6.16,33.7,24.1,18.9,23.3
372.1,4.1,21.4,41.4,26.4,10.8
371.7,4.92,26.0,35.0,28.0,11.0
371.6,6.2700000000000005,31.9,31.9,25.7,10.5
371.2,3.09,31.8,31.7,12.5,24.0
371.2,5.0600000000000005,20.7,31.5,38.5,9.3
370.6,8.85,17.3,20.2,49.5,12.9
370.4,5.45,19.9,46.4,21.3,12.3
369.5,6.12,30.8,34.9,12.2,22.1
369.3,4.75,27.1,34.3,25.0,13.5
369.0,2.91,27.7,17.7,7.5,47.2
368.9,5.68,32.3,29.9,20.5,17.3
368.7,3.9,22.0,23.6,23.2,31.2
368.3,4.01,27.9,19.7,15.5,36.9
368.1,2.88,27.8,31.2,13.0,28.0
367.9,5.05,20.2,30.6,33.9,15.3
367.0,6.99,32.9,31.0,14.4,21.8
366.7,2.97,27.5,33.9,18.9,19.7
366.5,7.7,25.5,45.6,15.2,13.7
366.5,4.4799999999999995,31.4,31.7,23.3,13.6
366.4,6.7299999999999995,22.8,35.2,32.7,9.3
366.3,4.2299999999999995,33.1,33.8,14.4,18.7
366.2,4.66,26.8,26.7,18.6,27.9
365.8,5.4,23.4,36.8,26.2,13.7
365.6,4.87,16.2,44.6,29.7,9.4
365.6,5.58,35.8,25.3,9.4,29.5
365.5,11.11,27.2,22.9,38.3,11.5
364.9,3.75,29.2,23.9,18.7,28.1
364.9,5.13,33.4,27.2,23.1,16.2
364.6,4.42,14.7,27.6,43.9,13.9
364.3,3.19,25.3,32.9,17.9,23.9
364.3,3.02,30.4,40.8,18.0,10.8
364.1,2.3899999999999997,34.3,31.8,17.5,16.5
363.9,6.5,37.3,26.8,10.9,25.0
363.1,3.6,29.1,33.1,26.6,11.2
363.0,18.119999999999997,26.7,22.0,41.0,10.3
362.9,4.75,31.9,34.0,17.9,16.2
362.8,8.83,20.9,49.0,25.3,4.9
362.4,4.38,21.6,33.8,35.4,9.2
362.3,4.67,36.3,26.7,6.7,30.3
362.1,10.45,16.9,24.4,51.3,7.5
362.0,2.66,23.8,12.1,3.7,60.5
362.0,4.82,33.8,34.6,19.6,12.0
361.8,6.4799999999999995,22.5,36.8,32.1,8.6
361.8,6.43,21.1,17.9,47.0,13.9
361.7,3.0,33.0,31.9,12.5,22.6
361.4,5.64,35.3,32.0,21.5,11.2
361.4,3.19,36.1,28.6,10.0,25.4
360.9,6.65,21.8,27.3,33.1,17.7
360.8,4.93,31.6,36.8,20.8,10.8
360.8,2.92,34.7,35.3,13.3,16.8
360.5,3.2,32.4,24.9,11.2,31.5
360.3,5.61,33.9,31.3,17.7,17.1
359.6,4.79,32.8,31.3,21.7,14.2
359.5,3.44,36.1,30.4,12.9,20.5
359.1,3.979999999999999,30.1,36.1,15.8,17.9
359.1,3.5200000000000005,25.7,27.4,30.8,16.1
358.9,4.74,21.2,31.0,30.6,17.2
358.6,7.26,17.5,34.1,42.2,6.1
358.5,5.76,22.9,33.0,31.3,12.8
358.4,4.35,30.5,25.6,28.7,15.3
358.3,8.82,34.8,30.5,17.3,17.5
357.7,14.11,19.5,29.9,40.2,10.4
357.4,5.6,20.2,29.4,37.5,12.9
357.4,5.66,24.3,45.0,20.0,10.7
357.4,3.01,28.6,27.5,23.6,20.3
357.3,9.29,31.0,34.3,18.3,16.4
357.0,2.99,19.9,12.7,13.2,54.3
357.0,5.3,21.8,29.9,37.5,10.8
356.7,3.5799999999999996,23.0,43.9,20.1,13.0
356.7,5.65,33.8,34.0,11.1,21.1
356.5,9.4,37.8,28.2,16.2,17.7
355.5,5.220000000000001,18.6,42.5,28.0,10.8
354.8,9.09,27.8,39.4,20.2,12.6
354.3,7.92,33.7,35.5,16.9,13.9
354.1,5.67,26.5,36.6,25.0,12.0
354.0,5.87,22.5,27.3,39.7,10.5
353.8,3.979999999999999,37.0,30.9,9.9,22.2
353.7,3.45,29.0,32.2,22.5,16.3
352.7,5.18,22.0,36.9,31.2,9.9
352.2,4.35,30.0,35.0,10.4,24.6
351.7,4.13,27.0,31.0,28.6,13.5
351.7,7.94,32.1,23.6,30.4,13.9
351.5,2.9,23.6,25.9,40.7,9.9
349.6,4.029999999999999,32.7,33.4,15.3,18.6
349.5,4.720000000000001,19.3,26.4,43.8,10.5
349.3,7.4,23.3,35.4,27.2,14.2
349.1,6.35,36.5,31.3,13.5,18.8
349.0,5.71,37.9,29.5,15.6,17.0
348.6,4.37,31.6,42.1,14.5,11.7
347.5,4.65,25.2,37.2,24.2,13.4
346.7,9.96,31.1,38.3,18.8,11.9
346.5,6.4799999999999995,31.0,29.0,21.6,18.4
346.2,6.659999999999999,22.5,34.4,32.5,10.6
346.2,4.14,33.6,28.2,15.5,22.8
346.1,9.24,33.3,33.3,15.7,17.6
345.9,4.7,21.0,36.7,30.4,11.9
345.6,3.15,30.8,32.5,20.9,15.7
345.6,3.2,28.5,37.1,19.7,14.6
345.1,5.39,29.6,37.5,15.5,17.4
345.0,3.66,25.8,33.9,22.7,17.6
345.0,6.6,23.5,35.4,28.6,12.5
344.5,8.92,37.4,29.9,11.5,21.2
344.5,2.95,22.1,13.9,9.3,54.8
344.4,14.09,13.9,22.2,53.0,10.9
344.4,4.4799999999999995,27.5,27.9,32.9,11.6
344.3,3.83,34.2,35.6,15.2,15.0
344.0,7.790000000000001,24.9,26.2,36.7,12.2
343.5,6.62,20.8,32.4,37.5,9.4
343.4,5.85,20.5,35.9,34.8,8.7
343.3,3.86,32.7,17.8,5.9,43.6
343.3,4.45,34.5,36.7,14.3,14.4
343.3,5.4399999999999995,30.2,37.8,17.0,15.1
342.8,5.67,29.9,26.4,27.4,16.2
342.6,4.34,11.1,32.2,48.5,8.3
342.5,3.2299999999999995,35.5,34.0,8.5,22.0
342.4,3.1900000000000004,34.7,30.9,17.6,16.7
342.2,9.32,35.4,33.3,19.0,12.3
342.1,6.57,18.8,38.6,30.7,11.9
341.8,8.23,31.2,38.5,14.5,15.8
341.7,3.49,24.2,45.1,16.3,14.4
340.9,9.05,35.6,33.4,14.1,16.8
340.6,10.72,24.2,43.9,20.6,11.3
340.2,5.0600000000000005,28.6,27.1,17.4,27.0
339.7,6.9799999999999995,18.9,41.8,32.1,7.1
339.2,8.370000000000001,33.2,27.5,28.4,11.0
339.0,8.41,38.1,30.9,20.4,10.7
338.8,5.470000000000001,29.3,30.0,21.9,18.8
338.7,4.1,23.6,32.7,30.9,12.8
338.0,9.76,31.5,37.3,15.5,15.7
337.4,5.220000000000001,27.1,33.1,18.9,21.0
337.3,6.5,35.7,28.7,21.8,13.9
336.9,2.83,32.5,36.4,13.9,17.2
336.5,3.62,25.8,26.9,26.9,20.4
336.5,2.96,31.9,35.9,14.7,17.4
336.3,8.57,27.3,43.5,16.2,13.0
336.1,4.8100000000000005,23.2,38.8,28.8,9.2
335.3,2.79,35.6,34.4,12.2,17.8
334.6,3.4299999999999997,30.4,36.1,17.8,15.7
334.4,5.25,26.1,30.0,27.7,16.2
334.3,4.5200000000000005,33.3,28.0,21.3,17.4
334.1,3.62,19.6,12.6,4.1,63.7
333.8,4.5200000000000005,34.8,31.4,11.6,22.2
333.7,4.14,26.0,37.0,21.9,15.1
333.7,3.81,35.7,32.0,17.7,14.6
333.6,5.029999999999999,31.5,26.8,12.7,29.0
333.0,5.0600000000000005,30.4,15.4,6.9,47.4
332.8,3.37,33.8,33.6,18.3,14.3
332.6,4.2700000000000005,33.9,30.5,20.9,14.8
332.6,3.68,18.8,32.2,36.8,12.1
332.3,6.9799999999999995,17.3,34.9,41.1,6.7
332.1,7.0,33.6,30.1,24.4,11.8
331.8,3.85,21.9,25.4,39.3,13.4
331.4,3.2,32.2,34.9,19.6,13.3
331.2,2.65,15.9,11.7,12.2,60.2
329.8,3.75,28.9,23.7,24.8,22.6
329.7,2.77,31.2,35.4,16.9,16.6
329.6,5.2299999999999995,32.2,21.6,16.2,29.9
329.4,3.28,30.0,31.6,23.0,15.4
328.9,6.67,23.6,35.7,28.6,12.0
328.9,8.9,34.6,35.5,14.6,15.3
328.5,4.0200000000000005,27.5,16.5,13.4,42.6
327.8,9.56,22.7,22.8,39.3,15.2
327.5,3.15,32.4,26.1,13.1,28.4
327.1,6.959999999999999,20.5,37.5,31.7,10.3
326.2,6.0200000000000005,18.7,35.5,35.7,10.1
326.1,5.38,38.4,20.7,12.1,28.9
325.7,8.290000000000001,29.5,30.5,29.0,11.1
325.1,7.15,29.8,29.1,20.6,20.5
324.4,5.41,32.8,30.5,23.2,13.5
323.8,4.68,21.0,44.6,23.2,11.2
323.5,5.35,24.0,32.5,32.5,11.0
322.3,6.45,27.7,44.4,11.2,16.7
322.0,4.07,28.3,10.9,3.7,57.1
321.1,3.84,27.3,17.7,6.7,48.3
320.0,4.34,30.1,15.1,6.4,48.5
319.9,5.0200000000000005,26.9,24.5,36.0,12.6
319.3,5.83,18.0,27.2,40.7,14.1
319.2,3.45,37.0,40.6,10.9,11.6
319.0,5.17,32.7,27.3,20.5,19.5
318.9,6.34,35.2,32.7,14.2,18.0
318.4,2.96,34.0,37.0,15.4,13.5
318.2,10.84,27.4,24.9,36.4,11.3
318.2,7.32,29.3,33.3,24.0,13.5
317.9,4.7,35.6,28.1,9.7,26.7
317.8,10.09,22.6,31.7,30.2,15.5
317.6,3.5,32.9,41.1,10.3,15.7
317.3,5.5200000000000005,19.3,31.8,39.4,9.5
315.7,4.55,37.3,25.6,5.9,31.2
313.9,6.15,24.5,27.4,29.1,19.0
313.2,8.95,28.1,27.3,31.8,12.8
311.9,2.8,30.1,33.8,20.5,15.5
311.7,6.279999999999999,25.4,27.8,34.8,12.0
311.3,5.42,25.0,31.2,27.7,16.1
310.3,5.779999999999999,27.7,25.6,25.5,21.2
308.1,6.529999999999999,26.6,26.6,20.9,25.9
307.5,4.7299999999999995,33.1,21.5,6.6,38.8
304.7,11.94,30.7,39.0,19.4,10.9
303.9,3.84,33.7,24.0,7.7,34.5
303.6,6.01,26.3,31.3,27.0,15.4
303.4,3.729999999999999,29.8,34.4,22.4,13.3
302.7,6.959999999999999,36.2,25.9,12.5,25.5
302.4,7.93,32.6,31.4,19.7,16.4
301.2,2.87,31.1,31.9,20.4,16.6
300.7,7.05,25.6,36.0,15.4,23.0
300.5,5.2299999999999995,28.0,34.2,19.2,18.5
299.5,3.85,31.1,33.3,20.8,14.8
298.8,4.13,29.8,21.1,21.4,27.7
298.8,3.22,30.4,35.5,20.7,13.4
296.8,6.33,17.4,27.5,47.1,8.0
294.6,13.54,13.1,19.9,55.3,11.7
294.4,3.34,23.3,29.8,34.0,12.9
292.6,9.1,39.3,28.7,14.8,17.2
292.6,7.82,32.4,32.9,15.7,19.0
292.1,10.66,34.7,34.4,17.3,13.5
291.3,6.85,23.8,33.8,27.9,14.4
288.9,5.88,30.6,35.1,22.8,11.5
288.7,3.22,27.3,31.5,23.4,17.7
288.7,5.5,30.6,36.6,24.1,8.7
287.6,7.290000000000001,31.2,34.5,22.5,11.9
287.0,3.07,34.5,38.0,13.8,13.7
284.6,4.83,32.0,28.4,8.4,31.2
284.4,7.49,25.4,35.1,22.6,17.0
279.2,4.74,25.6,35.3,28.6,10.5
278.8,3.92,34.9,36.3,14.7,14.1
278.6,5.9,26.8,37.9,24.0,11.3
278.6,4.42,18.6,37.8,34.8,8.8
277.0,8.59,35.3,29.4,22.9,12.4
274.6,11.14,35.9,29.6,19.0,15.5
271.2,6.709999999999999,25.6,24.8,30.0,19.6
270.5,5.96,33.1,34.4,21.5,11.0
256.8,2.6399999999999997,38.6,37.3,9.2,14.9
253.3,3.97,20.6,19.0,25.3,35.1
251.8,3.84,25.7,33.5,22.6,18.2
250.8,5.74,19.8,36.3,35.6,8.3
249.5,4.51,29.6,19.2,7.2,44.0
248.3,5.88,26.1,29.3,27.6,17.0
246.7,3.55,29.2,38.8,15.3,16.8
245.1,4.029999999999999,32.6,35.3,20.1,12.0
242.4,8.53,34.1,26.0,11.7,28.2
239.9,4.35,35.4,34.8,18.0,11.8
225.2,10.17,27.4,37.2,16.3,19.1
217.9,3.84,33.1,38.9,12.7,15.3
216.6,5.62,40.8,35.1,10.7,13.4
208.8,2.69,33.0,31.9,13.6,21.5
