County,FIPS,2023 Rural-Urban Continuum Codes([rural urban note]),"Age-Adjusted Incidence Rate([rate note]) - cases per 100,000","Lower 95% Confidence Interval","Upper 95% Confidence Interval","CI*Rank([rank note])","Lower CI (CI*Rank)","Upper CI (CI*Rank)",Average Annual Count,Recent Trend,"Recent 5-Year Trend ([trend note]) in Incidence Rates","Lower 95% Confidence Interval","Upper 95% Confidence Interval"
"US (SEER+NPCR)(1)",00000,N/A,18.8 ,18.7, 18.8,N/A , N/A , N/A,77545,falling,-2.1 ,-2.9, -1.6
"Union County, Florida(2)",12125,Rural,43.2 ,31, 58.9,N/A , N/A , N/A,9,stable,-0.1 ,-2.8, 3.0
"Trimble County, Kentucky(7)",21223,Rural,40.2 ,24.6, 62.5,N/A , N/A , N/A,4,*,*,*,*
"Hamilton County, New York(7)",36041,Rural,38.9 ,23.4, 67.2,N/A , N/A , N/A,4,*,*,*,*
"Piscataquis County, Maine(2)",23021,Rural,38.3 ,28.6, 51,N/A , N/A , N/A,12,stable,2.0 ,-1.0, 5.4
"Ohio County, Indiana(2)",18115,Urban,36.9 ,21.2, 62,N/A , N/A , N/A,3,*,*,*,*
"Wadena County, Minnesota(2)",27159,Rural,36.8 ,25.5, 51.9,N/A , N/A , N/A,7,stable,1.5 ,-4.0, 6.9
"Day County, South Dakota(2)",46037,Rural,36.4 ,21.7, 60.6,N/A , N/A , N/A,4,*,*,*,*
"Coos County, New Hampshire(2)",33007,Rural,35.5 ,28.7, 43.9,N/A , N/A , N/A,21,rising,6.2 ,0.3, 19.8
"Buchanan County, Iowa(7)",19019,Rural,35.2 ,25.9, 47,N/A , N/A , N/A,10,rising,2.6 ,1.2, 4.5
"Bracken County, Kentucky(7)",21023,Urban,34.6 ,20.4, 55.7,N/A , N/A , N/A,4,*,*,*,*
"Crawford County, Michigan(2)",26039,Rural,34.5 ,24.8, 48.1,N/A , N/A , N/A,9,stable,-0.5 ,-5.4, 4.6
"Jasper County, Illinois(7)",17079,Rural,34.4 ,21.1, 53.7,N/A , N/A , N/A,4,*,*,*,*
"Sullivan County, Pennsylvania(2)",42113,Rural,33.9 ,19.6, 59.7,N/A , N/A , N/A,4,*,*,*,*
"Grayson County, Kentucky(7)",21085,Rural,33.8 ,25.5, 44.3,N/A , N/A , N/A,12,stable,1.3 ,-2.1, 5.6
"Jefferson County, Washington(7)",53031,Rural,33.3 ,27.3, 40.9,N/A , N/A , N/A,27,stable,-0.1 ,-1.5, 1.5
"Grand Isle County, Vermont(2)",50013,Urban,33.2 ,18.9, 55.9,N/A , N/A , N/A,4,*,*,*,*
"Montgomery County, New York(7)",36057,Rural,33.2 ,27.2, 40.1,N/A , N/A , N/A,23,stable,1.0 ,-1.3, 3.5
"O'Brien County, Iowa(7)",19141,Rural,33.1 ,22.4, 47.6,N/A , N/A , N/A,7,stable,1.9 ,-0.1, 4.4
"Trigg County, Kentucky(7)",21221,Urban,32.9 ,22.7, 47,N/A , N/A , N/A,7,stable,-19.8 ,-39.3, 2.1
"Logan County, Kentucky(7)",21141,Rural,32.7 ,24.9, 42.4,N/A , N/A , N/A,12,rising,1.9 ,0.1, 4.2
"Lake County, Michigan(2)",26085,Rural,32.7 ,22.5, 47.3,N/A , N/A , N/A,7,stable,9.1 ,-2.1, 38.1
"Sullivan County, New Hampshire(2)",33019,Rural,32.5 ,26.7, 39.5,N/A , N/A , N/A,23,stable,0.7 ,-1.2, 2.7
"Madison County, Montana(2)",30057,Rural,32.5 ,19.9, 52,N/A , N/A , N/A,5,*,*,*,*
"Lamar County, Georgia(7)",13171,Rural,32.5 ,22.9, 45,N/A , N/A , N/A,8,stable,3.3 ,0.0, 8.4
"Pushmataha County, Oklahoma(2)",40127,Rural,32.4 ,20.9, 48.9,N/A , N/A , N/A,6,*,*,*,*
"Polk County, Texas(7)",48373,Rural,32.3 ,25.5, 40.5,N/A , N/A , N/A,20,stable,1.4 ,-0.8, 3.7
"Monona County, Iowa(7)",19133,Rural,32.2 ,19.3, 51.4,N/A , N/A , N/A,5,stable,-0.8 ,-15.6, 2.6
"Edgar County, Illinois(7)",17045,Rural,32.2 ,22.8, 44.7,N/A , N/A , N/A,9,stable,1.6 ,-1.1, 4.8
"Morgan County, Kentucky(7)",21175,Rural,32 ,20.7, 47.7,N/A , N/A , N/A,5,*,*,*,*
"Yankton County, South Dakota(2)",46135,Rural,32 ,23.9, 42.3,N/A , N/A , N/A,11,stable,25.5 ,-0.5, 50.4
"Niagara County, New York(7)",36063,Urban,32 ,29.1, 35,N/A , N/A , N/A,100,stable,0.7 ,-0.2, 1.7
"Lyon County, Iowa(7)",19119,Rural,32 ,20.5, 48,N/A , N/A , N/A,5,stable,0.5 ,-1.9, 3.0
"Schoharie County, New York(7)",36095,Urban,31.8 ,24.7, 40.7,N/A , N/A , N/A,15,stable,1.2 ,-1.1, 4.1
"Leon County, Texas(7)",48289,Rural,31.7 ,23, 43.3,N/A , N/A , N/A,9,*,*,*,*
"Cannon County, Tennessee(2)",47015,Urban,31.6 ,21.4, 45.5,N/A , N/A , N/A,6,*,*,*,*
"Union County, Illinois(7)",17181,Rural,31.6 ,22.9, 43.1,N/A , N/A , N/A,9,stable,0.7 ,-1.9, 3.8
"Greene County, New York(7)",36039,Rural,31.4 ,25.9, 38,N/A , N/A , N/A,24,stable,-1.9 ,-4.4, 0.6
"Arenac County, Michigan(2)",26011,Rural,31.4 ,21.6, 44.8,N/A , N/A , N/A,8,stable,2.6 ,-0.8, 6.5
"Clay County, Iowa(7)",19041,Rural,31.2 ,22, 43.4,N/A , N/A , N/A,8,stable,1.2 ,-0.4, 3.0
"Pennington County, Minnesota(2)",27113,Rural,31.2 ,20.8, 45.3,N/A , N/A , N/A,6,stable,-1.9 ,-5.3, 1.3
"Hughes County, South Dakota(2)",46065,Rural,31.1 ,21.7, 43.6,N/A , N/A , N/A,7,stable,2.9 ,-1.2, 8.9
"Wallowa County, Oregon(2)",41063,Rural,31 ,18.5, 51.4,N/A , N/A , N/A,4,stable,0.0 ,-4.8, 5.1
"Adams County, Ohio(2)",39001,Rural,30.9 ,23.2, 40.6,N/A , N/A , N/A,11,rising,3.6 ,1.6, 6.2
"Avery County, North Carolina(2)",37011,Rural,30.9 ,22.3, 42.4,N/A , N/A , N/A,9,stable,1.8 ,-1.9, 6.2
"Nemaha County, Nebraska(2)",31127,Rural,30.8 ,17.5, 51.9,N/A , N/A , N/A,3,stable,4.6 ,-1.1, 12.3
"Essex County, Vermont(2)",50009,Rural,30.8 ,18, 52.9,N/A , N/A , N/A,4,stable,0.0 ,-2.8, 3.0
"Yates County, New York(7)",36123,Rural,30.7 ,23, 40.3,N/A , N/A , N/A,11,stable,0.5 ,-2.3, 3.6
"Iosco County, Michigan(2)",26069,Rural,30.6 ,23.8, 39.4,N/A , N/A , N/A,15,stable,0.4 ,-2.7, 3.7
"Iron County, Missouri(2)",29093,Rural,30.5 ,18.6, 48.2,N/A , N/A , N/A,4,*,*,*,*
"Nobles County, Minnesota(2)",27105,Rural,30.4 ,21.8, 41.5,N/A , N/A , N/A,9,stable,2.6 ,-1.3, 7.4
"Decatur County, Indiana(2)",18031,Rural,30.4 ,22.6, 40.3,N/A , N/A , N/A,10,stable,1.9 ,-0.7, 5.3
"Henry County, Kentucky(7)",21103,Urban,30.4 ,20.8, 43.4,N/A , N/A , N/A,7,stable,0.9 ,-1.8, 4.3
"Benewah County, Idaho(7)",16009,Rural,30.4 ,18, 48.9,N/A , N/A , N/A,4,*,*,*,*
"Union County, Iowa(7)",19175,Rural,30.4 ,19.7, 45.4,N/A , N/A , N/A,5,stable,0.6 ,-1.6, 3.3
"Washington County, Maine(2)",23029,Rural,30.4 ,23.9, 38.5,N/A , N/A , N/A,17,stable,-0.4 ,-3.6, 10.9
"Huerfano County, Colorado(2)",08055,Rural,30.3 ,17.9, 51.7,N/A , N/A , N/A,4,*,*,*,*
"Coleman County, Texas(7)",48083,Rural,30.3 ,17.5, 50.4,N/A , N/A , N/A,4,stable,1.7 ,-1.3, 5.2
"Pickens County, Georgia(7)",13227,Urban,30.3 ,23.7, 38.3,N/A , N/A , N/A,16,stable,2.3 ,-0.1, 5.9
"Giles County, Virginia(2)",51071,Urban,30.2 ,21.1, 42.4,N/A , N/A , N/A,8,*,*,*,*
"Tipton County, Indiana(2)",18159,Urban,30.1 ,21, 42.6,N/A , N/A , N/A,7,stable,0.8 ,-2.3, 4.2
"Glades County, Florida(2)",12043,Rural,30 ,20.6, 44,N/A , N/A , N/A,7,stable,4.5 ,-0.7, 27.6
"Athens County, Ohio(2)",39009,Rural,30 ,24.1, 36.9,N/A , N/A , N/A,19,stable,1.9 ,-0.5, 4.6
"Tucker County, West Virginia(2)",54093,Rural,30 ,17.3, 51.3,N/A , N/A , N/A,4,*,*,*,*
"Emmet County, Iowa(7)",19063,Rural,29.9 ,18.7, 46.5,N/A , N/A , N/A,5,*,*,*,*
"Carter County, Kentucky(7)",21043,Urban,29.8 ,22.4, 39.1,N/A , N/A , N/A,11,stable,1.9 ,-1.0, 5.5
"Lyon County, Kentucky(7)",21143,Rural,29.8 ,18.7, 47.3,N/A , N/A , N/A,5,*,*,*,*
"Seneca County, Ohio(2)",39147,Rural,29.7 ,24.3, 36,N/A , N/A , N/A,22,stable,-0.2 ,-2.1, 1.6
"Monroe County, Missouri(2)",29137,Rural,29.7 ,18.1, 47.4,N/A , N/A , N/A,4,*,*,*,*
"Lincoln County, Maine(2)",23015,Rural,29.6 ,23.8, 36.8,N/A , N/A , N/A,20,stable,-0.8 ,-3.3, 1.8
"Wyoming County, Pennsylvania(2)",42131,Urban,29.6 ,22.4, 38.8,N/A , N/A , N/A,12,stable,-1.0 ,-3.2, 1.4
"Cayuga County, New York(7)",36011,Rural,29.5 ,25, 34.7,N/A , N/A , N/A,32,stable,1.0 ,-0.1, 2.3
"Alcona County, Michigan(2)",26001,Rural,29.5 ,18.6, 46.9,N/A , N/A , N/A,7,stable,0.6 ,-2.1, 3.5
"Lake County, Montana(2)",30047,Rural,29.4 ,22.3, 38.3,N/A , N/A , N/A,13,stable,1.0 ,-1.5, 3.8
"Chariton County, Missouri(2)",29041,Rural,29.4 ,16.7, 49.6,N/A , N/A , N/A,4,*,*,*,*
"Sagadahoc County, Maine(2)",23023,Urban,29.3 ,23.4, 36.6,N/A , N/A , N/A,18,stable,-0.3 ,-3.4, 3.3
"Yancey County, North Carolina(2)",37199,Rural,29.3 ,21.2, 40.3,N/A , N/A , N/A,9,stable,0.2 ,-4.2, 4.9
"Kittitas County, Washington(2)",53037,Rural,29.3 ,23, 37,N/A , N/A , N/A,15,rising,2.6 ,0.3, 5.4
"Breckinridge County, Kentucky(7)",21027,Rural,29.3 ,20.9, 40.4,N/A , N/A , N/A,8,rising,3.7 ,1.7, 6.4
"Parke County, Indiana(2)",18121,Rural,29.3 ,20.5, 41.2,N/A , N/A , N/A,7,rising,5.6 ,2.5, 10.1
"Aroostook County, Maine(2)",23003,Rural,29.3 ,25, 34.3,N/A , N/A , N/A,36,stable,-0.5 ,-2.1, 1.3
"Tyler County, West Virginia(2)",54095,Rural,29.2 ,16.7, 48.8,N/A , N/A , N/A,4,stable,-0.4 ,-4.0, 3.3
"Woodford County, Kentucky(7)",21239,Urban,29.2 ,21.7, 38.7,N/A , N/A , N/A,11,rising,2.7 ,0.4, 6.0
"Penobscot County, Maine(2)",23019,Urban,29.2 ,26, 32.7,N/A , N/A , N/A,64,stable,-0.1 ,-1.1, 1.1
"McLeod County, Minnesota(2)",27085,Rural,29.2 ,23, 36.7,N/A , N/A , N/A,16,stable,1.6 ,-1.6, 5.7
"Mahaska County, Iowa(7)",19123,Rural,29.1 ,20.8, 39.7,N/A , N/A , N/A,9,stable,-0.2 ,-2.2, 1.8
"Essex County, Virginia(2)",51057,Rural,29 ,18.3, 44.9,N/A , N/A , N/A,5,*,*,*,*
"Palo Alto County, Iowa(7)",19147,Rural,29 ,17.1, 47,N/A , N/A , N/A,4,*,*,*,*
"Le Sueur County, Minnesota(2)",27079,Urban,29 ,21.8, 37.9,N/A , N/A , N/A,11,stable,2.3 ,-0.2, 5.2
"Clay County, Kentucky(7)",21051,Rural,28.9 ,20.1, 40.6,N/A , N/A , N/A,7,stable,-1.0 ,-17.3, 3.7
"Henry County, Tennessee(2)",47079,Rural,28.9 ,22.8, 36.6,N/A , N/A , N/A,16,rising,3.5 ,1.9, 5.4
"Ketchikan Gateway Borough, Alaska(2)",02130,Rural,28.9 ,18, 44.2,N/A , N/A , N/A,5,*,*,*,*
"Wapello County, Iowa(7)",19179,Rural,28.9 ,22.2, 37.1,N/A , N/A , N/A,13,rising,1.4 ,0.2, 2.8
"Jefferson County, Montana(2)",30043,Urban,28.9 ,18.4, 44.2,N/A , N/A , N/A,6,stable,2.5 ,-3.4, 10.1
"Oneida County, Wisconsin(2)",55085,Rural,28.8 ,23.2, 35.7,N/A , N/A , N/A,20,stable,-1.0 ,-3.6, 1.6
"Wayne County, Illinois(7)",17191,Rural,28.7 ,19.6, 41.1,N/A , N/A , N/A,7,stable,0.8 ,-1.7, 3.6
"Rock County, Minnesota(2)",27133,Urban,28.7 ,17.5, 45.5,N/A , N/A , N/A,4,*,*,*,*
"Jefferson County, New York(7)",36045,Urban,28.7 ,24.6, 33.3,N/A , N/A , N/A,36,stable,0.2 ,-0.9, 1.5
"Converse County, Wyoming(2)",56009,Rural,28.6 ,18.2, 43,N/A , N/A , N/A,5,*,*,*,*
"Alpena County, Michigan(2)",26007,Rural,28.6 ,21.8, 37.1,N/A , N/A , N/A,14,stable,0.4 ,-2.9, 3.9
"Gallia County, Ohio(2)",39053,Rural,28.6 ,21.7, 37.1,N/A , N/A , N/A,12,stable,2.3 ,-0.9, 6.2
"Meeker County, Minnesota(2)",27093,Rural,28.5 ,21.3, 38,N/A , N/A , N/A,10,stable,2.0 ,-2.4, 7.5
"Fulton County, New York(7)",36035,Rural,28.5 ,23.3, 34.7,N/A , N/A , N/A,22,stable,-0.3 ,-1.7, 1.3
"Washington County, Ohio(2)",39167,Rural,28.5 ,23.8, 33.9,N/A , N/A , N/A,27,stable,0.0 ,-2.2, 2.5
"Cleburne County, Arkansas(2)",05023,Rural,28.4 ,21.8, 37,N/A , N/A , N/A,14,stable,-6.0 ,-15.9, 1.5
"Cass County, Illinois(7)",17017,Rural,28.4 ,18.1, 43,N/A , N/A , N/A,5,stable,1.0 ,-3.5, 6.6
"Whitley County, Kentucky(7)",21235,Rural,28.4 ,21.7, 36.7,N/A , N/A , N/A,12,stable,1.2 ,-0.7, 3.3
"Cass County, Iowa(7)",19029,Rural,28.4 ,18.6, 42.2,N/A , N/A , N/A,6,stable,1.0 ,-1.2, 3.3
"Orleans County, New York(7)",36073,Urban,28.4 ,22.4, 35.7,N/A , N/A , N/A,16,falling,-4.1 ,-10.4, -1.2
"Lawrence County, Kentucky(7)",21127,Urban,28.4 ,19, 41.2,N/A , N/A , N/A,6,*,*,*,*
"Crawford County, Ohio(2)",39033,Rural,28.4 ,22.7, 35.2,N/A , N/A , N/A,18,rising,1.9 ,0.5, 3.5
"Knox County, Maine(2)",23013,Rural,28.3 ,22.8, 35.1,N/A , N/A , N/A,20,stable,0.4 ,-2.0, 3.2
"Cumberland County, Tennessee(2)",47035,Rural,28.3 ,24, 33.4,N/A , N/A , N/A,36,stable,-0.7 ,-2.6, 1.4
"Grundy County, Iowa(7)",19075,Urban,28.3 ,18.8, 41.9,N/A , N/A , N/A,6,*,*,*,*
"Lawrence County, Arkansas(2)",05075,Rural,28.3 ,19.4, 40.3,N/A , N/A , N/A,7,stable,1.5 ,-2.1, 5.4
"Taylor County, Kentucky(7)",21217,Rural,28.3 ,20.6, 38,N/A , N/A , N/A,10,rising,2.8 ,0.5, 5.6
"Powell County, Kentucky(7)",21197,Rural,28.2 ,17.8, 43.1,N/A , N/A , N/A,5,stable,0.1 ,-3.0, 4.0
"Adams County, Wisconsin(2)",55001,Rural,28.2 ,21.2, 37.9,N/A , N/A , N/A,13,stable,-2.5 ,-22.5, 2.1
"Clay County, North Carolina(2)",37043,Rural,28.2 ,18.8, 42.6,N/A , N/A , N/A,7,stable,-1.1 ,-5.4, 3.5
"Wyoming County, New York(7)",36121,Rural,28.2 ,22.1, 35.5,N/A , N/A , N/A,16,stable,5.4 ,-4.8, 26.3
"Page County, Iowa(7)",19145,Rural,28.2 ,19.5, 40.1,N/A , N/A , N/A,7,stable,1.5 ,-0.6, 4.0
"Barbour County, West Virginia(2)",54001,Rural,28.2 ,19.2, 40.5,N/A , N/A , N/A,6,stable,8.1 ,-0.7, 29.3
"Webster County, Iowa(7)",19187,Rural,28.1 ,22.1, 35.5,N/A , N/A , N/A,16,stable,1.1 ,0.0, 2.3
"Lyon County, Nevada(2)",32019,Urban,28.1 ,23.4, 33.7,N/A , N/A , N/A,27,stable,-0.8 ,-2.7, 1.4
"Lincoln County, Wisconsin(2)",55069,Rural,28 ,21.3, 36.6,N/A , N/A , N/A,13,stable,-0.1 ,-2.5, 2.4
"Butler County, Iowa(7)",19023,Rural,28 ,19.2, 40.3,N/A , N/A , N/A,7,stable,0.8 ,-1.5, 3.4
"Cape May County, New Jersey(7)",34009,Urban,28 ,24.5, 32,N/A , N/A , N/A,51,falling,-3.4 ,-8.5, -1.6
"Franklin County, Maine(2)",23007,Rural,28 ,21.6, 36.1,N/A , N/A , N/A,14,stable,-1.1 ,-4.0, 2.0
"Brown County, Ohio(2)",39015,Urban,28 ,22.3, 34.8,N/A , N/A , N/A,17,stable,1.7 ,-0.7, 4.6
"Vilas County, Wisconsin(2)",55125,Rural,27.9 ,21.3, 36.8,N/A , N/A , N/A,13,stable,1.7 ,-1.3, 5.3
"Greenup County, Kentucky(7)",21089,Urban,27.9 ,21.8, 35.4,N/A , N/A , N/A,15,stable,0.3 ,-1.9, 2.8
"Carbon County, Pennsylvania(2)",42025,Urban,27.9 ,23.4, 33.1,N/A , N/A , N/A,29,stable,0.0 ,-1.6, 1.6
"Aransas County, Texas(7)",48007,Urban,27.9 ,21.3, 36.5,N/A , N/A , N/A,13,stable,0.0 ,-3.7, 4.5
"Lincoln County, Arkansas(2)",05079,Rural,27.8 ,17.1, 43.2,N/A , N/A , N/A,4,*,*,*,*
"Washington County, Iowa(7)",19183,Urban,27.8 ,20.1, 37.8,N/A , N/A , N/A,9,rising,2.2 ,0.7, 4.2
"Hancock County, Kentucky(7)",21091,Rural,27.8 ,15.5, 46.5,N/A , N/A , N/A,3,*,*,*,*
"Oswego County, New York(7)",36075,Urban,27.8 ,24.1, 32,N/A , N/A , N/A,42,stable,-0.9 ,-2.4, 0.7
"Montmorency County, Michigan(2)",26119,Rural,27.8 ,18.2, 43.6,N/A , N/A , N/A,6,stable,-0.1 ,-4.5, 4.4
"Bollinger County, Missouri(2)",29017,Urban,27.8 ,17.1, 43.5,N/A , N/A , N/A,4,*,*,*,*
"Cattaraugus County, New York(7)",36009,Rural,27.8 ,23.5, 32.7,N/A , N/A , N/A,31,stable,-0.4 ,-1.7, 0.9
"Fountain County, Indiana(2)",18045,Rural,27.7 ,18.9, 39.7,N/A , N/A , N/A,7,stable,1.0 ,-3.3, 5.8
"Marquette County, Wisconsin(2)",55077,Rural,27.7 ,19.1, 39.7,N/A , N/A , N/A,7,*,*,*,*
"Grant County, Oregon(2)",41023,Rural,27.7 ,15.5, 48,N/A , N/A , N/A,4,*,*,*,*
"Morgan County, Indiana(2)",18109,Urban,27.7 ,23, 33.1,N/A , N/A , N/A,26,stable,1.3 ,-0.8, 3.8
"Ogemaw County, Michigan(2)",26129,Rural,27.6 ,20.2, 37.4,N/A , N/A , N/A,11,stable,0.6 ,-2.2, 3.7
"Chenango County, New York(7)",36017,Rural,27.6 ,22.4, 33.8,N/A , N/A , N/A,21,stable,-0.6 ,-2.7, 1.6
"Androscoggin County, Maine(2)",23001,Urban,27.5 ,23.8, 31.7,N/A , N/A , N/A,42,stable,-0.6 ,-2.0, 0.7
"New Kent County, Virginia(2)",51127,Urban,27.5 ,19.2, 38.4,N/A , N/A , N/A,8,stable,25.0 ,-0.2, 48.1
"Greene County, Pennsylvania(2)",42059,Rural,27.5 ,21.4, 35.1,N/A , N/A , N/A,14,stable,1.1 ,-1.3, 3.7
"Ocean County, New Jersey(7)",34029,Urban,27.5 ,26.1, 29,N/A , N/A , N/A,285,stable,1.2 ,-1.2, 6.2
"Van Buren County, Arkansas(2)",05141,Rural,27.5 ,19.9, 38.3,N/A , N/A , N/A,9,stable,2.0 ,-2.4, 7.1
"New London County, Connecticut(7)",09011,Urban,27.5 ,25.1, 30,N/A , N/A , N/A,105,stable,0.2 ,-0.4, 0.9
"Cortland County, New York(7)",36023,Rural,27.5 ,21.7, 34.4,N/A , N/A , N/A,16,stable,-2.6 ,-15.1, 0.5
"Livingston County, New York(7)",36051,Urban,27.5 ,22.6, 33.2,N/A , N/A , N/A,24,stable,-1.1 ,-2.7, 0.7
"Windham County, Connecticut(7)",09015,Urban,27.5 ,23.8, 31.6,N/A , N/A , N/A,42,stable,0.6 ,-0.3, 1.7
"Estill County, Kentucky(7)",21065,Rural,27.4 ,17.8, 41.1,N/A , N/A , N/A,5,stable,5.3 ,-1.3, 23.5
"Sussex County, New Jersey(7)",34037,Urban,27.4 ,24.1, 31.1,N/A , N/A , N/A,54,stable,0.1 ,-0.7, 1.2
"Champaign County, Ohio(2)",39021,Rural,27.3 ,21.3, 34.8,N/A , N/A , N/A,15,stable,1.1 ,-1.7, 4.4
"Spink County, South Dakota(2)",46115,Rural,27.3 ,15.4, 47.5,N/A , N/A , N/A,3,*,*,*,*
"Marshall County, Iowa(7)",19127,Rural,27.3 ,21.4, 34.4,N/A , N/A , N/A,15,stable,1.2 ,-0.1, 2.9
"Metcalfe County, Kentucky(7)",21169,Rural,27.3 ,16.4, 43.3,N/A , N/A , N/A,4,*,*,*,*
"Wayne County, West Virginia(2)",54099,Urban,27.2 ,21.7, 34,N/A , N/A , N/A,17,stable,1.3 ,-1.4, 4.5
"Marshall County, Tennessee(2)",47117,Rural,27.2 ,20.7, 35.3,N/A , N/A , N/A,12,stable,0.5 ,-2.1, 3.6
"Franklin County, Iowa(7)",19069,Rural,27.2 ,17.1, 42.2,N/A , N/A , N/A,5,stable,1.4 ,-0.7, 4.1
"Kennebec County, Maine(2)",23011,Rural,27.1 ,23.8, 30.8,N/A , N/A , N/A,52,stable,0.7 ,-0.3, 1.7
"Amelia County, Virginia(2)",51007,Urban,27.1 ,17.4, 41.1,N/A , N/A , N/A,5,*,*,*,*
"Randolph County, Arkansas(2)",05121,Rural,27.1 ,19, 37.9,N/A , N/A , N/A,7,*,*,*,*
"Hunterdon County, New Jersey(7)",34019,Urban,27.1 ,23.8, 30.8,N/A , N/A , N/A,51,stable,0.5 ,-1.0, 2.3
"Marion County, Ohio(2)",39101,Rural,27.1 ,22.4, 32.6,N/A , N/A , N/A,24,stable,0.6 ,-1.3, 2.7
"Tama County, Iowa(7)",19171,Rural,27.1 ,18.9, 38.2,N/A , N/A , N/A,7,stable,0.6 ,-1.4, 2.9
"Lancaster County, Virginia(2)",51103,Rural,27.1 ,18.2, 41.5,N/A , N/A , N/A,7,rising,13.7 ,0.9, 48.2
"Stevens County, Minnesota(2)",27149,Rural,27.1 ,14.7, 45.9,N/A , N/A , N/A,3,stable,14.1 ,-1.2, 62.2
"Gibson County, Indiana(2)",18051,Rural,27.1 ,20.4, 35.4,N/A , N/A , N/A,12,stable,2.2 ,-1.0, 5.9
"Otsego County, New York(7)",36077,Rural,27 ,22.2, 32.7,N/A , N/A , N/A,24,stable,-1.1 ,-3.0, 0.9
"Boise County, Idaho(7)",16015,Urban,27 ,15.2, 46.8,N/A , N/A , N/A,4,*,*,*,*
"Rensselaer County, New York(7)",36083,Urban,27 ,23.9, 30.4,N/A , N/A , N/A,58,falling,-3.2 ,-13.6, -0.1
"Jackson County, Illinois(7)",17077,Rural,27 ,21.3, 33.7,N/A , N/A , N/A,17,stable,0.1 ,-2.2, 2.6
"Oneida County, New York(7)",36065,Urban,27 ,24.5, 29.7,N/A , N/A , N/A,89,stable,-0.6 ,-1.5, 0.3
"Clinton County, Pennsylvania(2)",42035,Rural,26.9 ,20.9, 34.4,N/A , N/A , N/A,14,stable,1.3 ,-1.1, 3.8
"Pike County, Ohio(2)",39131,Rural,26.9 ,19.7, 36.1,N/A , N/A , N/A,10,stable,1.0 ,-1.3, 3.4
"Hill County, Montana(2)",30041,Rural,26.9 ,17.4, 40,N/A , N/A , N/A,5,*,*,*,*
"Waldo County, Maine(2)",23027,Rural,26.9 ,21.4, 33.6,N/A , N/A , N/A,18,stable,1.1 ,-0.8, 3.3
"Keith County, Nebraska(2)",31101,Rural,26.9 ,16.3, 43.8,N/A , N/A , N/A,4,*,*,*,*
"Lamar County, Texas(7)",48277,Rural,26.8 ,21.6, 33.1,N/A , N/A , N/A,19,stable,1.7 ,-0.5, 4.3
"Isanti County, Minnesota(2)",27059,Urban,26.8 ,20.8, 34.2,N/A , N/A , N/A,14,stable,1.3 ,-1.1, 4.2
"Runnels County, Texas(7)",48399,Rural,26.8 ,16.6, 42.2,N/A , N/A , N/A,4,*,*,*,*
"York County, Maine(2)",23031,Urban,26.8 ,24.3, 29.5,N/A , N/A , N/A,89,stable,-1.6 ,-7.3, 0.6
"Crow Wing County, Minnesota(2)",27035,Rural,26.8 ,22.7, 31.6,N/A , N/A , N/A,31,stable,1.4 ,-0.4, 3.6
"Ramsey County, North Dakota(2)",38071,Rural,26.8 ,16.8, 41.4,N/A , N/A , N/A,5,stable,1.6 ,-2.5, 6.4
"Stone County, Mississippi(2)",28131,Urban,26.8 ,17.6, 39.3,N/A , N/A , N/A,6,stable,-0.1 ,-4.4, 4.7
"Strafford County, New Hampshire(2)",33017,Urban,26.8 ,23.2, 30.8,N/A , N/A , N/A,43,stable,-0.3 ,-2.0, 1.6
"Benton County, Indiana(2)",18007,Urban,26.8 ,15.2, 44.7,N/A , N/A , N/A,3,*,*,*,*
"Mercer County, Kentucky(7)",21167,Rural,26.8 ,19.2, 36.7,N/A , N/A , N/A,8,stable,3.9 ,-0.9, 18.0
"Marshall County, Kentucky(7)",21157,Rural,26.8 ,20.5, 34.7,N/A , N/A , N/A,13,stable,-1.3 ,-3.9, 1.4
"Avoyelles Parish, Louisiana(7)",22009,Rural,26.8 ,20.7, 34.1,N/A , N/A , N/A,14,stable,1.5 ,-0.6, 4.1
"Rockingham County, New Hampshire(2)",33015,Urban,26.7 ,24.6, 29,N/A , N/A , N/A,121,stable,-1.1 ,-2.0, 0.0
"Carroll County, Ohio(2)",39019,Urban,26.7 ,20, 35.4,N/A , N/A , N/A,11,stable,0.9 ,-2.3, 4.6
"Queen Annes County, Maryland(2)",24035,Urban,26.7 ,21.7, 32.7,N/A , N/A , N/A,20,stable,2.0 ,-0.2, 5.0
"Allegany County, New York(7)",36003,Rural,26.7 ,21.1, 33.4,N/A , N/A , N/A,17,stable,-0.3 ,-1.7, 1.2
"Ontario County, New York(7)",36069,Urban,26.7 ,23.3, 30.5,N/A , N/A , N/A,46,stable,1.0 ,0.0, 2.2
"Adair County, Kentucky(7)",21001,Rural,26.7 ,18, 38.4,N/A , N/A , N/A,7,stable,-1.2 ,-3.8, 1.7
"Brown County, South Dakota(2)",46013,Rural,26.7 ,20.5, 34.3,N/A , N/A , N/A,13,stable,-0.2 ,-4.4, 4.1
"Osceola County, Michigan(2)",26133,Rural,26.7 ,19.6, 35.9,N/A , N/A , N/A,10,stable,0.7 ,-1.7, 3.4
"Itawamba County, Mississippi(2)",28057,Rural,26.6 ,19.2, 36.3,N/A , N/A , N/A,8,stable,2.4 ,-1.3, 7.3
"Hart County, Kentucky(7)",21099,Rural,26.6 ,17.9, 38.4,N/A , N/A , N/A,6,*,*,*,*
"Putnam County, New York(7)",36079,Urban,26.6 ,22.8, 30.9,N/A , N/A , N/A,37,stable,-1.5 ,-8.9, 2.0
"Grand County, Colorado(2)",08049,Rural,26.6 ,15.9, 41.9,N/A , N/A , N/A,5,rising,4.3 ,0.3, 9.8
"Sibley County, Minnesota(2)",27143,Rural,26.6 ,17.3, 39.7,N/A , N/A , N/A,5,stable,2.3 ,-0.8, 5.8
"Chemung County, New York(7)",36015,Urban,26.6 ,22.6, 31.3,N/A , N/A , N/A,32,stable,-1.1 ,-2.5, 0.4
"Daviess County, Missouri(2)",29061,Rural,26.6 ,15.4, 44.2,N/A , N/A , N/A,3,*,*,*,*
"Union County, Tennessee(2)",47173,Urban,26.6 ,18.5, 37.4,N/A , N/A , N/A,8,stable,0.0 ,-3.9, 4.5
"Wayne County, Kentucky(7)",21231,Rural,26.6 ,18.5, 37.4,N/A , N/A , N/A,8,rising,3.0 ,0.2, 6.8
"Miami County, Indiana(2)",18103,Rural,26.6 ,20.5, 34.1,N/A , N/A , N/A,13,stable,-0.6 ,-2.7, 1.6
"Dorchester County, Maryland(2)",24019,Rural,26.6 ,20.6, 34.1,N/A , N/A , N/A,14,stable,3.2 ,0.0, 7.1
"Cass County, Minnesota(2)",27021,Rural,26.6 ,20.8, 34,N/A , N/A , N/A,15,stable,0.2 ,-2.7, 3.4
"Allamakee County, Iowa(7)",19005,Rural,26.6 ,17.5, 39.4,N/A , N/A , N/A,6,stable,0.2 ,-1.9, 2.6
"Abbeville County, South Carolina(2)",45001,Rural,26.5 ,19.5, 35.7,N/A , N/A , N/A,10,stable,1.8 ,-1.1, 5.3
"Larue County, Kentucky(7)",21123,Urban,26.5 ,16.6, 40.4,N/A , N/A , N/A,5,stable,1.3 ,-2.3, 5.5
"Pulaski County, Indiana(2)",18131,Rural,26.5 ,16.9, 40.4,N/A , N/A , N/A,5,stable,-1.0 ,-4.1, 2.1
"Monroe County, Arkansas(2)",05095,Rural,26.5 ,15.1, 45.7,N/A , N/A , N/A,3,*,*,*,*
"Wyoming County, West Virginia(2)",54109,Rural,26.5 ,18.7, 36.8,N/A , N/A , N/A,8,stable,0.1 ,-3.1, 3.4
"Sullivan County, New York(7)",36105,Rural,26.5 ,22.2, 31.4,N/A , N/A , N/A,28,stable,-0.6 ,-2.9, 1.9
"Knox County, Kentucky(7)",21121,Rural,26.5 ,19.8, 34.8,N/A , N/A , N/A,11,stable,0.0 ,-2.4, 2.7
"Dawson County, Nebraska(2)",31047,Rural,26.5 ,18.6, 36.6,N/A , N/A , N/A,8,stable,-2.2 ,-6.0, 1.3
"Guernsey County, Ohio(2)",39059,Rural,26.4 ,20.6, 33.5,N/A , N/A , N/A,15,stable,0.7 ,-2.4, 4.2
"Tyler County, Texas(7)",48457,Rural,26.4 ,18.8, 36.5,N/A , N/A , N/A,8,stable,-0.3 ,-3.9, 3.9
"Louisa County, Iowa(7)",19115,Rural,26.4 ,15.9, 41.9,N/A , N/A , N/A,4,*,*,*,*
"Saratoga County, New York(7)",36091,Urban,26.3 ,23.9, 29,N/A , N/A , N/A,88,stable,-1.0 ,-2.3, 0.4
"Franklin County, New York(7)",36033,Rural,26.3 ,21, 32.7,N/A , N/A , N/A,18,stable,-1.3 ,-3.2, 0.7
"Lee County, Iowa(7)",19111,Rural,26.3 ,20.2, 33.8,N/A , N/A , N/A,14,stable,-1.7 ,-19.3, 1.2
"Genesee County, New York(7)",36037,Rural,26.3 ,21.4, 32,N/A , N/A , N/A,22,stable,0.1 ,-2.5, 3.1
"Heard County, Georgia(7)",13149,Urban,26.2 ,15.8, 41.7,N/A , N/A , N/A,4,*,*,*,*
"Scott County, Missouri(2)",29201,Rural,26.2 ,20.4, 33.4,N/A , N/A , N/A,14,stable,2.8 ,-0.2, 14.8
"Elmore County, Idaho(7)",16039,Rural,26.2 ,18.7, 35.8,N/A , N/A , N/A,8,stable,-1.4 ,-3.9, 1.5
"Haywood County, Tennessee(2)",47075,Rural,26.2 ,17.4, 38.2,N/A , N/A , N/A,6,*,*,*,*
"Chautauqua County, New York(7)",36013,Rural,26.2 ,23, 29.8,N/A , N/A , N/A,51,falling,-3.9 ,-10.6, -0.8
"Keokuk County, Iowa(7)",19107,Rural,26.2 ,15.3, 42.6,N/A , N/A , N/A,4,stable,-0.5 ,-2.7, 1.6
"Menominee County, Michigan(2)",26109,Rural,26.2 ,19.5, 35.1,N/A , N/A , N/A,11,stable,1.6 ,-2.1, 6.5
"Lawrence County, Pennsylvania(2)",42073,Urban,26.2 ,22.4, 30.5,N/A , N/A , N/A,37,stable,0.6 ,-1.4, 2.5
"Seneca County, New York(7)",36099,Rural,26.2 ,20, 33.9,N/A , N/A , N/A,13,stable,-1.0 ,-2.8, 0.9
"McLean County, Kentucky(7)",21149,Urban,26.1 ,15.4, 42.7,N/A , N/A , N/A,4,*,*,*,*
"Bristol County, Rhode Island(2)",44001,Urban,26.1 ,21.1, 32.1,N/A , N/A , N/A,20,falling,-18.8 ,-27.2, -6.5
"St. Clair County, Michigan(2)",26147,Urban,26.1 ,23.2, 29.4,N/A , N/A , N/A,60,stable,3.6 ,0.0, 10.1
"Casey County, Kentucky(7)",21045,Rural,26.1 ,17.3, 38.2,N/A , N/A , N/A,6,*,*,*,*
"Mason County, West Virginia(2)",54053,Rural,26.1 ,19.3, 34.9,N/A , N/A , N/A,11,stable,0.8 ,-1.9, 3.9
"Washington County, Pennsylvania(2)",42125,Urban,26.1 ,23.6, 28.8,N/A , N/A , N/A,85,stable,0.0 ,-1.0, 1.1
"Jones County, North Carolina(2)",37103,Rural,26.1 ,15.1, 43.3,N/A , N/A , N/A,4,stable,0.1 ,-4.1, 4.7
"Orange County, Virginia(2)",51137,Rural,26 ,20.2, 33.1,N/A , N/A , N/A,14,stable,0.6 ,-2.0, 3.7
"Kitsap County, Washington(7)",53035,Urban,26 ,23.6, 28.5,N/A , N/A , N/A,97,stable,0.3 ,-0.5, 1.2
"Henderson County, Illinois(7)",17071,Rural,26 ,15.1, 45.2,N/A , N/A , N/A,3,stable,1.0 ,-3.0, 5.7
"Bay County, Michigan(2)",26017,Urban,26 ,22.5, 29.9,N/A , N/A , N/A,41,stable,-0.4 ,-1.2, 0.6
"Randolph County, West Virginia(2)",54083,Rural,26 ,19.7, 34,N/A , N/A , N/A,12,stable,-0.4 ,-2.9, 2.2
"Venango County, Pennsylvania(2)",42121,Rural,25.9 ,21, 31.9,N/A , N/A , N/A,21,stable,-1.0 ,-4.3, 2.3
"Logan County, Arkansas(2)",05083,Rural,25.9 ,18.4, 35.8,N/A , N/A , N/A,8,stable,0.8 ,-1.9, 3.7
"Pipestone County, Minnesota(2)",27117,Rural,25.9 ,15.3, 42.1,N/A , N/A , N/A,4,*,*,*,*
"Warren County, New York(7)",36113,Urban,25.9 ,21.7, 30.8,N/A , N/A , N/A,29,stable,-0.8 ,-3.0, 1.6
"St. Lawrence County, New York(7)",36089,Rural,25.9 ,22.3, 30,N/A , N/A , N/A,38,stable,-0.5 ,-1.9, 1.1
"Rabun County, Georgia(7)",13241,Rural,25.9 ,18.5, 36.2,N/A , N/A , N/A,9,*,*,*,*
"Herkimer County, New York(7)",36043,Urban,25.9 ,21.3, 31.2,N/A , N/A , N/A,24,stable,-0.7 ,-1.9, 0.6
"Fayette County, Indiana(2)",18041,Rural,25.9 ,18.5, 35.5,N/A , N/A , N/A,9,rising,3.0 ,0.1, 6.3
"Oxford County, Maine(2)",23017,Rural,25.9 ,21.5, 31,N/A , N/A , N/A,26,stable,0.2 ,-1.2, 1.7
"Lackawanna County, Pennsylvania(2)",42069,Urban,25.8 ,23.3, 28.6,N/A , N/A , N/A,82,stable,-0.3 ,-1.3, 0.6
"Jackson County, Iowa(7)",19097,Rural,25.8 ,18.5, 35.6,N/A , N/A , N/A,8,rising,1.7 ,0.2, 3.8
"De Witt County, Illinois(7)",17039,Rural,25.8 ,17, 38.1,N/A , N/A , N/A,6,stable,0.4 ,-3.1, 4.4
"Armstrong County, Pennsylvania(2)",42005,Urban,25.8 ,21.6, 30.7,N/A , N/A , N/A,28,stable,0.0 ,-1.8, 1.7
"Stephens County, Georgia(7)",13257,Rural,25.8 ,18.8, 34.7,N/A , N/A , N/A,10,stable,13.6 ,-0.4, 32.8
"Franklin County, Texas(7)",48159,Rural,25.7 ,16.2, 40.1,N/A , N/A , N/A,5,*,*,*,*
"Jefferson County, Ohio(2)",39081,Urban,25.7 ,21.5, 30.7,N/A , N/A , N/A,28,stable,1.1 ,-0.6, 2.9
"Pocahontas County, Iowa(7)",19151,Rural,25.7 ,14.4, 44.6,N/A , N/A , N/A,3,*,*,*,*
"Harrison County, Missouri(2)",29081,Rural,25.7 ,14.7, 43.2,N/A , N/A , N/A,3,*,*,*,*
"Wayne County, Georgia(7)",13305,Rural,25.7 ,18.7, 34.5,N/A , N/A , N/A,9,stable,-0.6 ,-3.6, 3.0
"Hancock County, Maine(2)",23009,Rural,25.6 ,21.4, 30.8,N/A , N/A , N/A,27,stable,-1.3 ,-4.1, 1.7
"Harrison County, West Virginia(2)",54033,Rural,25.6 ,21.3, 30.7,N/A , N/A , N/A,26,stable,-0.2 ,-2.2, 1.9
"Roane County, West Virginia(2)",54087,Rural,25.6 ,17.3, 37.7,N/A , N/A , N/A,6,stable,-1.5 ,-4.3, 1.3
"St. Charles Parish, Louisiana(7)",22089,Urban,25.6 ,19.9, 32.5,N/A , N/A , N/A,15,stable,0.8 ,-1.7, 3.9
"Columbiana County, Ohio(2)",39029,Rural,25.6 ,22.1, 29.6,N/A , N/A , N/A,40,stable,-0.4 ,-1.4, 0.6
"Berkshire County, Massachusetts(2)",25003,Urban,25.6 ,22.7, 28.9,N/A , N/A , N/A,59,stable,-0.4 ,-1.8, 1.0
"Delaware County, Indiana(2)",18035,Urban,25.6 ,22, 29.7,N/A , N/A , N/A,37,stable,0.8 ,-1.0, 2.7
"Perry County, Kentucky(7)",21193,Rural,25.6 ,18.5, 34.7,N/A , N/A , N/A,9,stable,0.2 ,-2.7, 3.5
"Mason County, Illinois(7)",17125,Rural,25.6 ,16.6, 38.6,N/A , N/A , N/A,5,stable,0.2 ,-3.3, 3.9
"Lycoming County, Pennsylvania(2)",42081,Urban,25.6 ,22.2, 29.4,N/A , N/A , N/A,43,stable,-0.3 ,-1.2, 0.6
"Schuylkill County, Pennsylvania(2)",42107,Rural,25.6 ,22.6, 28.9,N/A , N/A , N/A,56,stable,-0.5 ,-1.3, 0.4
"Watonwan County, Minnesota(2)",27165,Rural,25.6 ,15.5, 40.5,N/A , N/A , N/A,4,stable,3.2 ,-1.8, 9.1
"Marinette County, Wisconsin(2)",55075,Rural,25.6 ,20.6, 31.7,N/A , N/A , N/A,20,stable,0.7 ,-1.6, 3.3
"Franklin County, Kentucky(7)",21073,Rural,25.5 ,20.4, 31.8,N/A , N/A , N/A,17,stable,-0.3 ,-2.9, 2.8
"Washington County, Kentucky(7)",21229,Rural,25.5 ,15.8, 39.7,N/A , N/A , N/A,4,*,*,*,*
"Vermillion County, Indiana(2)",18165,Urban,25.5 ,17.1, 37.3,N/A , N/A , N/A,6,stable,-0.9 ,-4.3, 2.7
"Grays Harbor County, Washington(7)",53027,Rural,25.5 ,21.4, 30.2,N/A , N/A , N/A,30,stable,-0.2 ,-1.1, 0.8
"Craig County, Oklahoma(2)",40035,Rural,25.5 ,16.3, 38.5,N/A , N/A , N/A,5,*,*,*,*
"Marshall County, West Virginia(2)",54051,Urban,25.5 ,19.4, 33.2,N/A , N/A , N/A,13,stable,-0.2 ,-3.5, 3.3
"Franklin County, Illinois(7)",17055,Rural,25.5 ,19.7, 32.6,N/A , N/A , N/A,14,stable,0.6 ,-2.4, 4.0
"Suffolk County, New York(7)",36103,Urban,25.4 ,24.5, 26.5,N/A , N/A , N/A,515,falling,-0.8 ,-1.2, -0.4
"Crawford County, Wisconsin(2)",55023,Rural,25.4 ,17.6, 36.5,N/A , N/A , N/A,7,stable,-1.5 ,-5.2, 2.3
"St. Louis County, Minnesota(2)",27137,Urban,25.4 ,22.8, 28.3,N/A , N/A , N/A,75,stable,0.2 ,-1.0, 1.5
"Itasca County, Minnesota(2)",27061,Rural,25.4 ,20.6, 31.4,N/A , N/A , N/A,20,stable,0.5 ,-2.3, 3.6
"Wabash County, Indiana(2)",18169,Rural,25.4 ,19.2, 33.3,N/A , N/A , N/A,12,stable,-0.3 ,-3.1, 2.6
"Calumet County, Wisconsin(2)",55015,Urban,25.4 ,20, 31.9,N/A , N/A , N/A,16,stable,0.3 ,-2.3, 3.3
"Madison County, New York(7)",36053,Urban,25.4 ,20.9, 30.7,N/A , N/A , N/A,24,falling,-7.6 ,-15.6, -1.3
"Wayne County, Pennsylvania(2)",42127,Rural,25.4 ,20.9, 30.8,N/A , N/A , N/A,24,stable,0.2 ,-1.8, 2.4
"Monroe County, Ohio(2)",39111,Rural,25.4 ,17, 37.7,N/A , N/A , N/A,6,stable,2.1 ,-2.3, 7.5
"Luzerne County, Pennsylvania(2)",42079,Urban,25.4 ,23.4, 27.6,N/A , N/A , N/A,123,stable,-0.1 ,-1.2, 0.9
"Pendleton County, Kentucky(7)",21191,Urban,25.4 ,15.8, 39,N/A , N/A , N/A,5,*,*,*,*
"Roscommon County, Michigan(2)",26143,Rural,25.4 ,19.1, 34,N/A , N/A , N/A,14,stable,0.7 ,-2.3, 3.8
"Candler County, Georgia(7)",13043,Rural,25.4 ,15.1, 40.8,N/A , N/A , N/A,4,*,*,*,*
"Becker County, Minnesota(2)",27005,Rural,25.4 ,19.4, 32.8,N/A , N/A , N/A,13,stable,-0.8 ,-3.4, 1.9
"Davis County, Iowa(7)",19051,Rural,25.4 ,14.4, 42.3,N/A , N/A , N/A,3,*,*,*,*
"Erie County, New York(7)",36029,Urban,25.4 ,24.1, 26.6,N/A , N/A , N/A,335,falling,-2.0 ,-3.0, -1.3
"Mackinac County, Michigan(2)",26097,Rural,25.3 ,15.4, 40.9,N/A , N/A , N/A,5,*,*,*,*
"Owen County, Indiana(2)",18119,Urban,25.3 ,17.9, 35.2,N/A , N/A , N/A,8,stable,-2.0 ,-5.6, 1.8
"Huron County, Ohio(2)",39077,Rural,25.3 ,20.4, 31.2,N/A , N/A , N/A,19,stable,1.4 ,-1.2, 4.3
"Pulaski County, Kentucky(7)",21199,Rural,25.3 ,20.8, 30.6,N/A , N/A , N/A,23,rising,2.3 ,0.5, 4.5
"Benton County, Tennessee(2)",47005,Rural,25.3 ,17.5, 36.3,N/A , N/A , N/A,7,stable,-0.2 ,-3.6, 3.4
"Kent County, Rhode Island(2)",44003,Urban,25.3 ,22.6, 28.4,N/A , N/A , N/A,64,falling,-8.4 ,-11.9, -4.0
"Clark County, Arkansas(2)",05019,Rural,25.3 ,17.2, 36.3,N/A , N/A , N/A,6,stable,2.5 ,-1.3, 6.9
"Calhoun County, Mississippi(2)",28013,Rural,25.3 ,15.6, 39.3,N/A , N/A , N/A,4,stable,1.1 ,-4.3, 7.1
"Boone County, Iowa(7)",19015,Urban,25.3 ,18.4, 34.2,N/A , N/A , N/A,10,stable,1.0 ,-0.3, 2.6
"Erie County, Pennsylvania(2)",42049,Urban,25.3 ,23, 27.7,N/A , N/A , N/A,95,stable,0.8 ,-0.1, 1.7
"Greene County, Indiana(2)",18055,Rural,25.3 ,19.1, 33.1,N/A , N/A , N/A,12,rising,4.0 ,1.5, 13.4
"Cheshire County, New Hampshire(2)",33005,Rural,25.2 ,21.2, 29.8,N/A , N/A , N/A,30,stable,-1.2 ,-3.6, 1.2
"Barren County, Kentucky(7)",21009,Rural,25.2 ,19.8, 31.8,N/A , N/A , N/A,15,stable,-1.7 ,-10.3, 1.1
"Kendall County, Illinois(7)",17093,Urban,25.2 ,21, 29.9,N/A , N/A , N/A,28,stable,0.7 ,-1.0, 3.0
"Paulding County, Ohio(2)",39125,Rural,25.2 ,17.3, 35.9,N/A , N/A , N/A,7,stable,1.5 ,-3.8, 7.6
"Langlade County, Wisconsin(2)",55067,Rural,25.2 ,18.3, 34.6,N/A , N/A , N/A,9,stable,-1.3 ,-4.5, 1.9
"Jackson County, Arkansas(2)",05067,Rural,25.2 ,16.7, 36.8,N/A , N/A , N/A,6,stable,-1.7 ,-4.9, 1.2
"Pamlico County, North Carolina(2)",37137,Rural,25.2 ,16.6, 38.4,N/A , N/A , N/A,6,stable,-0.3 ,-3.5, 3.0
"Oldham County, Kentucky(7)",21185,Urban,25.2 ,20.1, 31.1,N/A , N/A , N/A,19,stable,1.0 ,-1.4, 4.3
"Tioga County, New York(7)",36107,Urban,25.1 ,20.2, 31.2,N/A , N/A , N/A,19,stable,-1.2 ,-2.7, 0.3
"Whiteside County, Illinois(7)",17195,Rural,25.1 ,20.5, 30.6,N/A , N/A , N/A,21,stable,0.3 ,-1.7, 2.5
"Jefferson County, West Virginia(2)",54037,Urban,25.1 ,20.1, 31.1,N/A , N/A , N/A,18,stable,-0.4 ,-2.2, 1.5
"Jasper County, Missouri(2)",29097,Urban,25.1 ,21.6, 29.1,N/A , N/A , N/A,37,rising,4.7 ,2.1, 13.3
"Pettis County, Missouri(2)",29159,Rural,25.1 ,19.3, 32.1,N/A , N/A , N/A,14,stable,0.7 ,-2.5, 4.1
"Defiance County, Ohio(2)",39039,Rural,25.1 ,19.3, 32.1,N/A , N/A , N/A,14,stable,1.2 ,-1.0, 3.7
"Comanche County, Texas(7)",48093,Rural,25.1 ,15.8, 38.4,N/A , N/A , N/A,5,stable,1.1 ,-2.0, 4.7
"Gladwin County, Michigan(2)",26051,Rural,25.1 ,18.9, 33.2,N/A , N/A , N/A,12,stable,-2.1 ,-5.0, 0.8
"Merrimack County, New Hampshire(2)",33013,Rural,25 ,22.1, 28.3,N/A , N/A , N/A,55,stable,-1.1 ,-2.5, 0.3
"Silver Bow County, Montana(2)",30093,Rural,25 ,19.2, 32.4,N/A , N/A , N/A,13,stable,-0.5 ,-2.9, 1.9
"Graham County, North Carolina(2)",37075,Rural,25 ,14.8, 41.8,N/A , N/A , N/A,4,*,*,*,*
"Bourbon County, Kentucky(7)",21017,Urban,25 ,17.5, 35.1,N/A , N/A , N/A,7,stable,1.8 ,-1.4, 6.1
"Columbia County, New York(7)",36021,Rural,25 ,20.7, 30.1,N/A , N/A , N/A,26,stable,0.9 ,-0.5, 2.5
"Montcalm County, Michigan(2)",26117,Urban,25 ,20.4, 30.4,N/A , N/A , N/A,21,stable,0.3 ,-1.9, 2.7
"Columbia County, Pennsylvania(2)",42037,Rural,25 ,20.6, 30.1,N/A , N/A , N/A,24,stable,-0.5 ,-3.1, 2.1
"Russell County, Kentucky(7)",21207,Rural,25 ,17.1, 35.6,N/A , N/A , N/A,7,stable,0.0 ,-3.7, 4.4
"Lincoln County, West Virginia(2)",54043,Rural,25 ,17.4, 35.1,N/A , N/A , N/A,8,stable,1.5 ,-1.4, 5.1
"Macoupin County, Illinois(7)",17117,Urban,24.9 ,19.8, 31.2,N/A , N/A , N/A,17,stable,-0.6 ,-2.6, 1.6
"Madison County, Arkansas(2)",05087,Urban,24.9 ,16.5, 36.6,N/A , N/A , N/A,6,stable,1.0 ,-4.3, 7.6
"Middlesex County, Connecticut(7)",09007,Urban,24.9 ,22.2, 27.9,N/A , N/A , N/A,65,stable,-0.3 ,-1.1, 0.5
"Carroll County, Illinois(7)",17015,Rural,24.9 ,16.7, 36.5,N/A , N/A , N/A,6,stable,-0.6 ,-2.8, 1.8
"Madison County, Iowa(7)",19121,Urban,24.9 ,16.3, 36.9,N/A , N/A , N/A,5,*,*,*,*
"Johnson County, Illinois(7)",17087,Rural,24.9 ,16.1, 37.7,N/A , N/A , N/A,5,*,*,*,*
"Union County, Ohio(2)",39159,Urban,24.9 ,19.5, 31.3,N/A , N/A , N/A,15,stable,-0.8 ,-3.7, 2.5
"Woodbury County, Iowa(7)",19193,Urban,24.9 ,21, 29.3,N/A , N/A , N/A,30,stable,-0.1 ,-1.3, 1.1
"Pike County, Kentucky(7)",21195,Rural,24.9 ,20.2, 30.6,N/A , N/A , N/A,20,stable,1.4 ,-0.2, 3.2
"Wilkinson County, Georgia(7)",13319,Rural,24.9 ,13.8, 42.3,N/A , N/A , N/A,3,*,*,*,*
"Black Hawk County, Iowa(7)",19013,Urban,24.9 ,21.6, 28.7,N/A , N/A , N/A,41,rising,1.1 ,0.1, 2.2
"Fulton County, Illinois(7)",17057,Rural,24.9 ,19, 32.2,N/A , N/A , N/A,13,stable,-0.2 ,-2.0, 1.5
"Dodge County, Minnesota(2)",27039,Urban,24.8 ,16.6, 35.8,N/A , N/A , N/A,6,*,*,*,*
"Transylvania County, North Carolina(2)",37175,Rural,24.8 ,19.9, 31.2,N/A , N/A , N/A,18,stable,1.2 ,-2.1, 5.2
"Kenosha County, Wisconsin(2)",55059,Urban,24.8 ,21.7, 28.3,N/A , N/A , N/A,49,stable,-0.4 ,-2.0, 1.2
"Monroe County, Pennsylvania(2)",42089,Rural,24.8 ,21.9, 28,N/A , N/A , N/A,57,stable,0.0 ,-1.5, 1.6
"Wright County, Iowa(7)",19197,Rural,24.8 ,15.7, 38,N/A , N/A , N/A,5,stable,1.5 ,-0.5, 3.9
"Muskingum County, Ohio(2)",39119,Rural,24.8 ,20.8, 29.4,N/A , N/A , N/A,28,stable,0.9 ,-1.3, 3.3
"Clay County, Alabama(2)",01027,Rural,24.8 ,16.1, 37.2,N/A , N/A , N/A,5,stable,0.9 ,-2.2, 4.4
"Mille Lacs County, Minnesota(2)",27095,Urban,24.8 ,18.1, 33.5,N/A , N/A , N/A,9,stable,-0.1 ,-3.2, 3.2
"Tillamook County, Oregon(2)",41057,Rural,24.8 ,18.5, 33,N/A , N/A , N/A,12,stable,0.2 ,-1.9, 2.5
"Roseau County, Minnesota(2)",27135,Rural,24.8 ,15.7, 37.6,N/A , N/A , N/A,5,stable,0.6 ,-1.8, 3.1
"Richland County, Ohio(2)",39139,Urban,24.8 ,21.6, 28.4,N/A , N/A , N/A,45,stable,2.5 ,-0.2, 11.6
"Cascade County, Montana(2)",30013,Urban,24.8 ,20.8, 29.4,N/A , N/A , N/A,28,stable,-0.3 ,-2.6, 2.0
"Washington County, Rhode Island(2)",44009,Urban,24.8 ,21.8, 28.2,N/A , N/A , N/A,52,stable,-0.9 ,-1.9, 0.1
"Rutland County, Vermont(2)",50021,Rural,24.8 ,20.5, 29.9,N/A , N/A , N/A,25,stable,-0.9 ,-2.3, 0.6
"Webster County, Missouri(2)",29225,Urban,24.8 ,18.7, 32.3,N/A , N/A , N/A,12,stable,1.0 ,-1.7, 4.2
"Monmouth County, New Jersey(7)",34025,Urban,24.7 ,23.3, 26.3,N/A , N/A , N/A,222,stable,-0.3 ,-1.0, 0.5
"Newton County, Georgia(7)",13217,Urban,24.7 ,20.7, 29.4,N/A , N/A , N/A,28,stable,1.0 ,-1.2, 4.0
"Lawrence County, Illinois(7)",17101,Rural,24.7 ,15.9, 37.2,N/A , N/A , N/A,5,stable,1.1 ,-3.4, 6.4
"Polk County, Georgia(7)",13233,Rural,24.7 ,18.8, 32,N/A , N/A , N/A,12,stable,-0.4 ,-3.2, 2.8
"Ohio County, West Virginia(2)",54069,Urban,24.7 ,19.5, 31.1,N/A , N/A , N/A,17,stable,-0.2 ,-2.5, 2.1
"Rock County, Wisconsin(2)",55105,Urban,24.7 ,21.7, 28,N/A , N/A , N/A,52,stable,0.3 ,-1.2, 1.9
"Plymouth County, Iowa(7)",19149,Rural,24.7 ,17.8, 33.6,N/A , N/A , N/A,9,stable,-1.1 ,-2.9, 0.8
"Cumberland County, New Jersey(7)",34011,Urban,24.7 ,21.5, 28.2,N/A , N/A , N/A,45,stable,-0.6 ,-1.8, 0.8
"Clark County, Illinois(7)",17023,Rural,24.7 ,16.2, 36.6,N/A , N/A , N/A,6,stable,-0.8 ,-3.3, 1.7
"Appanoose County, Iowa(7)",19007,Rural,24.7 ,16.2, 37.2,N/A , N/A , N/A,5,*,*,*,*
"Grand Traverse County, Michigan(2)",26055,Urban,24.7 ,21.1, 28.8,N/A , N/A , N/A,36,stable,1.0 ,-0.3, 2.5
"Covington County, Mississippi(2)",28031,Rural,24.7 ,16.2, 36.2,N/A , N/A , N/A,6,*,*,*,*
"Glenn County, California(7)",06021,Rural,24.7 ,17.6, 33.8,N/A , N/A , N/A,8,stable,-1.5 ,-3.5, 0.7
"New Haven County, Connecticut(7)",09009,Urban,24.6 ,23.4, 26,N/A , N/A , N/A,286,stable,-0.3 ,-0.6, 0.2
"Crawford County, Pennsylvania(2)",42039,Rural,24.6 ,20.8, 29.1,N/A , N/A , N/A,31,stable,-0.7 ,-2.6, 1.1
"Pickaway County, Ohio(2)",39129,Urban,24.6 ,19.8, 30.4,N/A , N/A , N/A,18,stable,1.5 ,-0.9, 4.3
"Buchanan County, Missouri(2)",29021,Urban,24.6 ,20.5, 29.4,N/A , N/A , N/A,26,rising,5.3 ,1.9, 16.7
"Clinton County, New York(7)",36019,Rural,24.6 ,20.5, 29.4,N/A , N/A , N/A,27,falling,-2.2 ,-3.4, -1.1
"Randolph County, North Carolina(2)",37151,Urban,24.6 ,21.5, 28,N/A , N/A , N/A,48,stable,0.8 ,-1.3, 3.1
"Kandiyohi County, Minnesota(2)",27067,Rural,24.6 ,19.3, 31,N/A , N/A , N/A,16,stable,0.5 ,-1.4, 2.5
"Washington County, Illinois(7)",17189,Rural,24.6 ,16, 36.9,N/A , N/A , N/A,5,stable,0.2 ,-3.7, 4.6
"Somerset County, Maine(2)",23025,Rural,24.6 ,19.8, 30.3,N/A , N/A , N/A,20,stable,-0.3 ,-2.1, 1.7
"Camp County, Texas(7)",48063,Rural,24.6 ,14.7, 38.9,N/A , N/A , N/A,4,*,*,*,*
"Geauga County, Ohio(2)",39055,Urban,24.6 ,21, 28.6,N/A , N/A , N/A,37,stable,-0.1 ,-2.0, 2.1
"Richmond County, New York(7)",36085,Urban,24.5 ,22.8, 26.4,N/A , N/A , N/A,155,stable,-0.4 ,-1.0, 0.4
"Steuben County, New York(7)",36101,Rural,24.5 ,20.9, 28.7,N/A , N/A , N/A,34,stable,-0.5 ,-1.4, 0.5
"Bucks County, Pennsylvania(2)",42017,Urban,24.5 ,23.1, 26,N/A , N/A , N/A,233,stable,-0.5 ,-1.1, 0.1
"Appling County, Georgia(7)",13001,Rural,24.5 ,16.5, 35.5,N/A , N/A , N/A,6,stable,-0.1 ,-3.8, 4.3
"Jefferson County, Illinois(7)",17081,Rural,24.5 ,18.7, 31.7,N/A , N/A , N/A,13,stable,1.8 ,-1.0, 5.2
"Logan County, Illinois(7)",17107,Rural,24.5 ,18, 32.8,N/A , N/A , N/A,10,stable,0.1 ,-2.2, 2.6
"Gloucester County, New Jersey(7)",34015,Urban,24.5 ,22.2, 26.9,N/A , N/A , N/A,91,falling,-2.6 ,-8.8, -0.7
"Bath County, Kentucky(7)",21011,Rural,24.5 ,14.7, 38.6,N/A , N/A , N/A,4,stable,-0.9 ,-4.0, 2.6
"Harrison County, Ohio(2)",39067,Rural,24.4 ,16.2, 36.4,N/A , N/A , N/A,6,stable,-0.1 ,-4.0, 4.1
"Christian County, Illinois(7)",17021,Rural,24.4 ,18.6, 31.8,N/A , N/A , N/A,12,stable,1.3 ,-0.2, 2.9
"Kankakee County, Illinois(7)",17091,Urban,24.4 ,20.9, 28.5,N/A , N/A , N/A,35,stable,-1.2 ,-2.5, 0.1
"Broome County, New York(7)",36007,Urban,24.4 ,21.9, 27.2,N/A , N/A , N/A,72,stable,0.3 ,-0.7, 1.5
"Stoddard County, Missouri(2)",29207,Rural,24.4 ,18.2, 32.4,N/A , N/A , N/A,11,stable,2.7 ,-1.0, 7.1
"Knott County, Kentucky(7)",21119,Rural,24.4 ,15.2, 37.6,N/A , N/A , N/A,5,stable,0.2 ,-3.7, 4.7
"Schenectady County, New York(7)",36093,Urban,24.4 ,21.5, 27.7,N/A , N/A , N/A,52,stable,-1.3 ,-2.5, 0.0
"Marion County, Iowa(7)",19125,Rural,24.4 ,18.4, 31.9,N/A , N/A , N/A,12,stable,0.7 ,-1.0, 2.7
"Carroll County, Arkansas(2)",05015,Rural,24.4 ,18.1, 32.5,N/A , N/A , N/A,11,falling,-18.5 ,-32.3, -0.2
"Kalkaska County, Michigan(2)",26079,Urban,24.4 ,16.5, 35.3,N/A , N/A , N/A,7,stable,-2.5 ,-6.0, 0.7
"Morgan County, Tennessee(2)",47129,Urban,24.4 ,16.8, 34.6,N/A , N/A , N/A,7,stable,0.7 ,-3.5, 5.6
"Northampton County, Pennsylvania(2)",42095,Urban,24.4 ,22.4, 26.6,N/A , N/A , N/A,111,stable,-1.0 ,-2.1, 0.1
"Irwin County, Georgia(7)",13155,Rural,24.4 ,13.7, 40.8,N/A , N/A , N/A,3,*,*,*,*
"Brookings County, South Dakota(2)",46011,Rural,24.4 ,17.1, 33.6,N/A , N/A , N/A,8,*,*,*,*
"Martinsville City, Virginia(2)",51690,Rural,24.4 ,14.9, 38,N/A , N/A , N/A,4,stable,1.8 ,-3.5, 7.6
"La Salle Parish, Louisiana(7)",22059,Rural,24.3 ,15.1, 37.4,N/A , N/A , N/A,4,stable,0.4 ,-3.8, 5.4
"Calhoun County, Michigan(2)",26025,Urban,24.3 ,21.1, 28,N/A , N/A , N/A,43,stable,-9.4 ,-21.3, 1.8
"Saline County, Missouri(2)",29195,Rural,24.3 ,17.2, 33.8,N/A , N/A , N/A,8,stable,0.9 ,-3.7, 6.0
"Adams County, Nebraska(2)",31001,Rural,24.3 ,18, 32.4,N/A , N/A , N/A,10,stable,0.1 ,-3.0, 3.5
"Terrebonne Parish, Louisiana(7)",22109,Urban,24.3 ,20.5, 28.7,N/A , N/A , N/A,30,stable,0.0 ,-1.3, 1.4
"Nye County, Nevada(2)",32023,Rural,24.3 ,20.2, 29.4,N/A , N/A , N/A,27,stable,-0.5 ,-2.5, 1.8
"New Madrid County, Missouri(2)",29143,Rural,24.3 ,16.2, 35.6,N/A , N/A , N/A,6,stable,0.9 ,-1.5, 3.4
"Hillsborough County, New Hampshire(2)",33011,Urban,24.3 ,22.4, 26.3,N/A , N/A , N/A,129,stable,-0.4 ,-1.5, 0.6
"Livingston County, Illinois(7)",17105,Rural,24.3 ,18.6, 31.4,N/A , N/A , N/A,13,stable,-0.8 ,-3.0, 1.6
"Yadkin County, North Carolina(2)",37197,Urban,24.3 ,18.9, 31,N/A , N/A , N/A,14,stable,-0.4 ,-2.9, 2.2
"Tolland County, Connecticut(7)",09013,Urban,24.3 ,21.1, 27.8,N/A , N/A , N/A,45,falling,-11.5 ,-17.2, -6.3
"Warren County, Iowa(7)",19181,Urban,24.3 ,19.1, 30.5,N/A , N/A , N/A,16,stable,-0.1 ,-1.5, 1.7
"Mississippi County, Missouri(2)",29133,Rural,24.3 ,14.9, 38,N/A , N/A , N/A,4,stable,0.7 ,-3.5, 5.5
"Albany County, New York(7)",36001,Urban,24.3 ,22.1, 26.5,N/A , N/A , N/A,100,falling,-0.9 ,-1.5, -0.4
"Caroline County, Maryland(2)",24011,Rural,24.3 ,18.1, 32,N/A , N/A , N/A,11,stable,1.9 ,-0.5, 4.9
"Clay County, Minnesota(2)",27027,Urban,24.2 ,19.2, 30.2,N/A , N/A , N/A,16,stable,-0.4 ,-2.3, 1.8
"Camden County, Missouri(2)",29029,Rural,24.2 ,19.5, 30.1,N/A , N/A , N/A,21,stable,0.3 ,-2.1, 3.0
"Lehigh County, Pennsylvania(2)",42077,Urban,24.2 ,22.3, 26.3,N/A , N/A , N/A,119,stable,-0.5 ,-1.5, 0.5
"Colonial Heights City, Virginia(2)",51570,Urban,24.2 ,16.5, 34.8,N/A , N/A , N/A,6,stable,1.4 ,-2.0, 5.4
"Juneau County, Wisconsin(2)",55057,Rural,24.2 ,17.9, 32.4,N/A , N/A , N/A,10,stable,-1.1 ,-3.4, 1.4
"Madison County, Ohio(2)",39097,Urban,24.2 ,18.6, 31,N/A , N/A , N/A,13,stable,0.7 ,-2.5, 4.3
"Wayne County, Indiana(2)",18177,Rural,24.2 ,20, 29.1,N/A , N/A , N/A,24,stable,1.7 ,-0.2, 3.7
"Mahoning County, Ohio(2)",39099,Urban,24.2 ,21.9, 26.7,N/A , N/A , N/A,87,stable,-0.6 ,-1.6, 0.4
"Platte County, Wyoming(2)",56031,Rural,24.2 ,14.2, 40.5,N/A , N/A , N/A,4,*,*,*,*
"Clinton County, Kentucky(7)",21053,Rural,24.2 ,13.8, 40.4,N/A , N/A , N/A,3,*,*,*,*
"Onondaga County, New York(7)",36067,Urban,24.2 ,22.4, 26,N/A , N/A , N/A,153,falling,-6.1 ,-9.4, -1.4
"Upson County, Georgia(7)",13293,Rural,24.2 ,17.4, 32.9,N/A , N/A , N/A,9,stable,1.5 ,-1.1, 4.7
"Jefferson County, Oregon(2)",41031,Urban,24.1 ,17, 33.5,N/A , N/A , N/A,8,stable,1.1 ,-1.7, 4.2
"Miami County, Ohio(2)",39109,Urban,24.1 ,20.6, 28.1,N/A , N/A , N/A,35,stable,1.2 ,-0.5, 3.2
"Hardin County, Kentucky(7)",21093,Urban,24.1 ,20.3, 28.4,N/A , N/A , N/A,30,stable,0.1 ,-1.8, 2.4
"Iberville Parish, Louisiana(7)",22047,Urban,24.1 ,17.5, 32.5,N/A , N/A , N/A,9,stable,0.0 ,-3.5, 4.2
"Codington County, South Dakota(2)",46029,Rural,24.1 ,17.6, 32.4,N/A , N/A , N/A,10,stable,-0.9 ,-3.4, 1.7
"Missaukee County, Michigan(2)",26113,Rural,24.1 ,15.8, 35.9,N/A , N/A , N/A,6,stable,1.1 ,-4.1, 7.5
"Josephine County, Oregon(2)",41033,Urban,24.1 ,20.6, 28.1,N/A , N/A , N/A,38,stable,-0.8 ,-2.8, 1.2
"Lewis and Clark County, Montana(2)",30049,Urban,24.1 ,19.8, 29.1,N/A , N/A , N/A,24,stable,0.1 ,-2.1, 2.5
"Indiana County, Pennsylvania(2)",42063,Rural,24.1 ,20.3, 28.5,N/A , N/A , N/A,29,stable,-1.2 ,-2.6, 0.2
"Grafton County, New Hampshire(2)",33009,Rural,24.1 ,20.6, 28.1,N/A , N/A , N/A,36,stable,-0.5 ,-2.2, 1.5
"Pope County, Minnesota(2)",27121,Rural,24 ,14.6, 38.4,N/A , N/A , N/A,4,stable,-0.5 ,-4.9, 3.6
"Kingfisher County, Oklahoma(2)",40073,Rural,24 ,14.9, 36.9,N/A , N/A , N/A,4,stable,0.3 ,-4.3, 5.3
"Northumberland County, Pennsylvania(2)",42097,Rural,24 ,20.6, 28,N/A , N/A , N/A,36,stable,0.5 ,-1.2, 2.3
"Jones County, Georgia(7)",13169,Urban,24 ,17.3, 32.7,N/A , N/A , N/A,9,stable,0.5 ,-2.5, 4.4
"St. Clair County, Missouri(2)",29185,Rural,24 ,14.5, 39.3,N/A , N/A , N/A,4,stable,1.8 ,-2.4, 6.8
"White County, Tennessee(2)",47185,Rural,24 ,17.7, 32.2,N/A , N/A , N/A,10,stable,1.0 ,-2.5, 5.3
"Jackson County, Michigan(2)",26075,Urban,24 ,21.1, 27.2,N/A , N/A , N/A,54,stable,-0.6 ,-2.5, 1.3
"Natrona County, Wyoming(2)",56025,Urban,24 ,19.6, 29.1,N/A , N/A , N/A,22,stable,0.2 ,-1.6, 2.1
"Kenai Peninsula Borough, Alaska(2)",02122,Rural,24 ,19, 29.9,N/A , N/A , N/A,18,stable,-0.3 ,-3.3, 3.2
"LaPorte County, Indiana(2)",18091,Urban,24 ,20.5, 27.9,N/A , N/A , N/A,36,stable,-1.0 ,-3.3, 1.4
"Brown County, Wisconsin(2)",55009,Urban,24 ,21.6, 26.6,N/A , N/A , N/A,75,stable,-0.6 ,-1.9, 0.8
"Pocahontas County, West Virginia(2)",54075,Rural,24 ,12.9, 42.5,N/A , N/A , N/A,3,*,*,*,*
"Presque Isle County, Michigan(2)",26141,Rural,24 ,16.8, 35.3,N/A , N/A , N/A,7,stable,-1.6 ,-4.4, 1.2
"Taney County, Missouri(2)",29213,Rural,24 ,19.3, 29.5,N/A , N/A , N/A,20,stable,0.9 ,-0.6, 2.6
"Branch County, Michigan(2)",26023,Rural,24 ,18.5, 30.6,N/A , N/A , N/A,14,stable,-0.2 ,-4.4, 4.3
"Jackson County, Georgia(7)",13157,Rural,23.9 ,19.4, 29.2,N/A , N/A , N/A,20,stable,1.6 ,0.0, 3.9
"Stark County, Ohio(2)",39151,Urban,23.9 ,22.1, 25.9,N/A , N/A , N/A,130,stable,0.5 ,-0.8, 1.8
"Grant County, South Dakota(2)",46051,Rural,23.9 ,13.5, 41.3,N/A , N/A , N/A,3,*,*,*,*
"Macon County, Illinois(7)",17115,Urban,23.9 ,20.5, 27.7,N/A , N/A , N/A,37,stable,0.0 ,-1.4, 1.4
"Union County, Mississippi(2)",28145,Rural,23.9 ,17.1, 32.6,N/A , N/A , N/A,8,stable,0.3 ,-4.2, 5.8
"Craighead County, Arkansas(2)",05031,Urban,23.9 ,20, 28.3,N/A , N/A , N/A,28,rising,2.6 ,1.1, 4.5
"Lincoln County, Nebraska(2)",31111,Rural,23.9 ,18.2, 31,N/A , N/A , N/A,12,stable,0.8 ,-2.9, 4.9
"Kanabec County, Minnesota(2)",27065,Rural,23.9 ,16.1, 34.9,N/A , N/A , N/A,6,stable,-2.6 ,-6.2, 0.7
"Madison County, Indiana(2)",18095,Urban,23.9 ,20.7, 27.4,N/A , N/A , N/A,42,stable,0.5 ,-1.6, 2.7
"Boyd County, Kentucky(7)",21019,Urban,23.9 ,18.9, 29.8,N/A , N/A , N/A,17,stable,-0.4 ,-2.2, 1.7
"Marion County, Kentucky(7)",21155,Rural,23.8 ,16.3, 34,N/A , N/A , N/A,7,*,*,*,*
"Bayfield County, Wisconsin(2)",55007,Rural,23.8 ,16.2, 34.9,N/A , N/A , N/A,8,stable,0.8 ,-3.1, 5.5
"Erie County, Ohio(2)",39043,Urban,23.8 ,19.9, 28.5,N/A , N/A , N/A,28,stable,0.5 ,-1.3, 2.3
"Polk County, Minnesota(2)",27119,Urban,23.8 ,17.8, 31.4,N/A , N/A , N/A,11,stable,-0.1 ,-2.6, 2.4
"Fayette County, West Virginia(2)",54019,Urban,23.8 ,18.5, 30.3,N/A , N/A , N/A,15,stable,0.6 ,-2.5, 3.8
"Midland County, Michigan(2)",26111,Urban,23.8 ,19.9, 28.2,N/A , N/A , N/A,28,stable,-1.2 ,-2.9, 0.4
"Cheatham County, Tennessee(2)",47021,Urban,23.8 ,17.7, 31.3,N/A , N/A , N/A,11,stable,0.3 ,-2.5, 3.6
"Adams County, Illinois(7)",17001,Rural,23.8 ,19.6, 28.7,N/A , N/A , N/A,23,stable,0.0 ,-1.6, 1.6
"Skagit County, Washington(7)",53057,Urban,23.8 ,20.7, 27.2,N/A , N/A , N/A,46,falling,-1.8 ,-4.1, -0.6
"Oconto County, Wisconsin(2)",55083,Urban,23.8 ,18.5, 30.3,N/A , N/A , N/A,15,stable,0.1 ,-2.7, 3.4
"Northampton County, Virginia(2)",51131,Rural,23.7 ,16, 35.6,N/A , N/A , N/A,6,stable,1.9 ,-3.4, 8.6
"Jasper County, Indiana(2)",18073,Urban,23.7 ,17.7, 31.4,N/A , N/A , N/A,11,stable,-0.2 ,-2.7, 2.6
"La Salle County, Illinois(7)",17099,Rural,23.7 ,20.3, 27.6,N/A , N/A , N/A,37,falling,-7.0 ,-19.6, -1.0
"Mariposa County, California(7)",06043,Rural,23.7 ,16.9, 33.5,N/A , N/A , N/A,8,*,*,*,*
"Izard County, Arkansas(2)",05065,Rural,23.7 ,15.3, 36.1,N/A , N/A , N/A,6,stable,1.9 ,-2.4, 6.9
"Hubbard County, Minnesota(2)",27057,Rural,23.7 ,16.9, 32.9,N/A , N/A , N/A,9,stable,4.4 ,-0.2, 22.4
"Kanawha County, West Virginia(2)",54039,Urban,23.7 ,21.1, 26.5,N/A , N/A , N/A,66,stable,0.0 ,-0.9, 0.8
"Whatcom County, Washington(7)",53073,Urban,23.7 ,21.2, 26.4,N/A , N/A , N/A,69,stable,-0.4 ,-1.2, 0.7
"Litchfield County, Connecticut(7)",09005,Rural,23.7 ,21.2, 26.4,N/A , N/A , N/A,73,falling,-2.8 ,-9.2, -0.6
"Grant County, Arkansas(2)",05053,Urban,23.7 ,16, 34.2,N/A , N/A , N/A,6,stable,0.5 ,-2.5, 4.1
"Stark County, North Dakota(2)",38089,Rural,23.6 ,16.6, 32.6,N/A , N/A , N/A,8,stable,-3.3 ,-31.1, 5.6
"Barry County, Michigan(2)",26015,Urban,23.6 ,19.1, 28.9,N/A , N/A , N/A,21,stable,5.4 ,-3.4, 24.5
"Orange County, Vermont(2)",50017,Rural,23.6 ,17.8, 31.2,N/A , N/A , N/A,12,stable,-0.3 ,-2.5, 2.2
"Woodford County, Illinois(7)",17203,Urban,23.6 ,18.1, 30.5,N/A , N/A , N/A,13,stable,-1.4 ,-3.3, 0.6
"Orange County, New York(7)",36071,Urban,23.6 ,21.6, 25.7,N/A , N/A , N/A,106,falling,-1.0 ,-1.8, -0.1
"Pasco County, Florida(2)",12101,Urban,23.6 ,22.2, 25.1,N/A , N/A , N/A,217,falling,-1.3 ,-1.8, -0.9
"Assumption Parish, Louisiana(7)",22007,Urban,23.6 ,16.4, 33.3,N/A , N/A , N/A,7,stable,1.0 ,-1.9, 4.9
"Rockbridge County, Virginia(2)",51163,Rural,23.6 ,16.7, 32.8,N/A , N/A , N/A,9,stable,-0.3 ,-3.9, 3.6
"Logan County, Colorado(2)",08075,Rural,23.6 ,15.9, 33.8,N/A , N/A , N/A,6,stable,-1.2 ,-4.3, 1.9
"Santa Rosa County, Florida(2)",12113,Urban,23.5 ,20.7, 26.7,N/A , N/A , N/A,54,stable,-0.1 ,-1.8, 1.9
"Des Moines County, Iowa(7)",19057,Rural,23.5 ,18.3, 30,N/A , N/A , N/A,14,stable,0.9 ,-0.4, 2.4
"Barnstable County, Massachusetts(2)",25001,Urban,23.5 ,21.6, 25.7,N/A , N/A , N/A,120,falling,-2.2 ,-3.0, -1.4
"Madison County, Kentucky(7)",21151,Rural,23.5 ,19.4, 28.3,N/A , N/A , N/A,24,stable,-0.1 ,-1.9, 1.9
"Lincoln County, Kentucky(7)",21137,Rural,23.5 ,16.3, 33,N/A , N/A , N/A,7,stable,0.6 ,-2.0, 3.6
"Huron County, Michigan(2)",26063,Rural,23.5 ,18, 30.7,N/A , N/A , N/A,13,stable,0.1 ,-2.4, 2.5
"Wayne County, New York(7)",36117,Urban,23.5 ,19.8, 27.7,N/A , N/A , N/A,31,stable,-1.6 ,-9.6, 2.2
"McMinn County, Tennessee(2)",47107,Rural,23.5 ,18.9, 29,N/A , N/A , N/A,19,stable,1.5 ,-0.4, 3.6
"Creek County, Oklahoma(2)",40037,Urban,23.5 ,19.3, 28.4,N/A , N/A , N/A,23,stable,0.0 ,-2.2, 2.3
"Wythe County, Virginia(2)",51197,Rural,23.5 ,17.4, 31.4,N/A , N/A , N/A,10,stable,1.5 ,-1.7, 5.3
"Monroe County, New York(7)",36055,Urban,23.5 ,22.1, 24.9,N/A , N/A , N/A,238,falling,-0.9 ,-1.4, -0.5
"Greene County, Mississippi(2)",28041,Rural,23.5 ,14, 37.3,N/A , N/A , N/A,4,stable,1.6 ,-1.6, 5.6
"Vinton County, Ohio(2)",39163,Rural,23.5 ,14.2, 37.2,N/A , N/A , N/A,4,*,*,*,*
"Flagler County, Florida(2)",12035,Urban,23.5 ,20.7, 26.6,N/A , N/A , N/A,60,stable,-1.0 ,-2.6, 0.8
"Dutchess County, New York(7)",36027,Urban,23.5 ,21.4, 25.7,N/A , N/A , N/A,98,stable,-0.9 ,-1.7, 0.0
"Emanuel County, Georgia(7)",13107,Rural,23.5 ,15.8, 33.7,N/A , N/A , N/A,6,stable,1.9 ,-1.1, 5.6
"Lawrence County, Tennessee(2)",47099,Rural,23.5 ,18.1, 30,N/A , N/A , N/A,14,stable,0.8 ,-3.2, 5.5
"Van Wert County, Ohio(2)",39161,Rural,23.5 ,17.1, 31.6,N/A , N/A , N/A,10,stable,0.9 ,-1.4, 3.5
"Washington County, Wisconsin(2)",55131,Urban,23.4 ,20.4, 26.8,N/A , N/A , N/A,45,stable,0.1 ,-1.1, 1.5
"Las Animas County, Colorado(2)",08071,Rural,23.4 ,14.9, 35.9,N/A , N/A , N/A,5,stable,-0.3 ,-4.8, 4.4
"Lawrence County, Alabama(2)",01079,Urban,23.4 ,17.5, 30.9,N/A , N/A , N/A,11,stable,-0.4 ,-3.9, 3.3
"Yellowstone County, Montana(2)",30111,Urban,23.4 ,20.5, 26.6,N/A , N/A , N/A,49,stable,-1.0 ,-2.0, 0.1
"Henderson County, Kentucky(7)",21101,Rural,23.4 ,18.1, 29.9,N/A , N/A , N/A,14,stable,-0.5 ,-3.1, 2.5
"Adams County, Pennsylvania(2)",42001,Urban,23.4 ,20.1, 27.2,N/A , N/A , N/A,38,stable,-0.1 ,-1.7, 1.6
"Cecil County, Maryland(2)",24015,Urban,23.4 ,19.7, 27.6,N/A , N/A , N/A,31,stable,-3.0 ,-11.6, 0.1
"Livingston County, Kentucky(7)",21139,Urban,23.4 ,13.1, 39.9,N/A , N/A , N/A,3,stable,-3.2 ,-7.1, 0.5
"Ulster County, New York(7)",36111,Urban,23.4 ,20.9, 26.1,N/A , N/A , N/A,66,stable,-0.3 ,-0.9, 0.5
"Susquehanna County, Pennsylvania(2)",42115,Rural,23.4 ,18, 30.1,N/A , N/A , N/A,15,stable,0.0 ,-2.2, 2.3
"Wexford County, Michigan(2)",26165,Rural,23.4 ,17.7, 30.6,N/A , N/A , N/A,12,stable,-0.2 ,-2.4, 2.2
"Carbon County, Montana(2)",30009,Urban,23.4 ,14.4, 37.6,N/A , N/A , N/A,5,*,*,*,*
"Cherokee County, North Carolina(2)",37039,Rural,23.4 ,18, 30.5,N/A , N/A , N/A,14,falling,-3.7 ,-13.3, -0.4
"Pike County, Missouri(2)",29163,Rural,23.3 ,15.5, 34.2,N/A , N/A , N/A,6,*,*,*,*
"Blount County, Tennessee(2)",47009,Urban,23.3 ,20.4, 26.6,N/A , N/A , N/A,48,stable,0.2 ,-1.6, 2.3
"Coryell County, Texas(7)",48099,Urban,23.3 ,18.5, 29,N/A , N/A , N/A,16,stable,1.1 ,-1.0, 3.9
"Canyon County, Idaho(7)",16027,Urban,23.3 ,20.6, 26.3,N/A , N/A , N/A,57,stable,0.3 ,-0.8, 1.8
"Haralson County, Georgia(7)",13143,Urban,23.3 ,16.7, 31.8,N/A , N/A , N/A,9,stable,-0.2 ,-3.6, 3.8
"Newaygo County, Michigan(2)",26123,Rural,23.3 ,18.5, 29.1,N/A , N/A , N/A,17,stable,-0.1 ,-2.2, 2.3
"Washington County, New York(7)",36115,Urban,23.3 ,19.1, 28.3,N/A , N/A , N/A,22,stable,-2.2 ,-15.3, 2.6
"Clay County, Indiana(2)",18021,Urban,23.3 ,16.7, 31.9,N/A , N/A , N/A,9,stable,1.6 ,-1.8, 5.6
"Saline County, Arkansas(2)",05125,Urban,23.3 ,20, 27,N/A , N/A , N/A,38,stable,1.4 ,-0.7, 4.1
"Vigo County, Indiana(2)",18167,Urban,23.3 ,19.7, 27.4,N/A , N/A , N/A,31,stable,0.3 ,-1.8, 2.5
"Graves County, Kentucky(7)",21083,Rural,23.3 ,17.6, 30.4,N/A , N/A , N/A,12,stable,1.5 ,-0.8, 4.3
"Clare County, Michigan(2)",26035,Rural,23.3 ,17.8, 30.4,N/A , N/A , N/A,13,stable,-0.7 ,-3.6, 2.4
"Oscoda County, Michigan(2)",26135,Rural,23.3 ,13.7, 39.7,N/A , N/A , N/A,4,*,*,*,*
"White County, Indiana(2)",18181,Rural,23.2 ,16.8, 31.8,N/A , N/A , N/A,9,stable,0.7 ,-2.1, 3.7
"Clearwater County, Idaho(7)",16035,Rural,23.2 ,13.9, 38.9,N/A , N/A , N/A,4,*,*,*,*
"Johnson County, Indiana(2)",18081,Urban,23.2 ,20.2, 26.6,N/A , N/A , N/A,44,stable,1.3 ,-0.4, 3.4
"Klamath County, Oregon(2)",41035,Rural,23.2 ,19, 28.1,N/A , N/A , N/A,24,stable,0.0 ,-2.3, 2.5
"Rains County, Texas(7)",48379,Rural,23.2 ,14.3, 36.5,N/A , N/A , N/A,5,*,*,*,*
"Carlton County, Minnesota(2)",27017,Urban,23.2 ,17.6, 30.2,N/A , N/A , N/A,12,stable,0.1 ,-2.8, 3.3
"Brown County, Indiana(2)",18013,Urban,23.2 ,15.6, 34.3,N/A , N/A , N/A,6,*,*,*,*
"Hot Spring County, Arkansas(2)",05059,Rural,23.2 ,17, 30.9,N/A , N/A , N/A,10,stable,3.3 ,-0.1, 7.4
"Jones County, Iowa(7)",19105,Urban,23.1 ,16.1, 32.7,N/A , N/A , N/A,7,stable,1.2 ,-0.5, 3.4
"Tipton County, Tennessee(2)",47167,Urban,23.1 ,18.2, 29,N/A , N/A , N/A,16,stable,1.3 ,-2.3, 3.3
"Jennings County, Indiana(2)",18079,Rural,23.1 ,16.4, 31.8,N/A , N/A , N/A,8,stable,0.6 ,-2.5, 4.3
"Taylor County, Wisconsin(2)",55119,Rural,23.1 ,15.8, 33.1,N/A , N/A , N/A,7,stable,0.8 ,-3.2, 5.1
"Carson City, Nevada(2)",32510,Urban,23.1 ,18.7, 28.4,N/A , N/A , N/A,20,stable,-1.3 ,-3.8, 1.2
"Fulton County, Arkansas(2)",05049,Rural,23.1 ,15.3, 35,N/A , N/A , N/A,6,stable,-0.7 ,-4.7, 3.5
"Pulaski County, Virginia(2)",51155,Urban,23.1 ,17.5, 30.2,N/A , N/A , N/A,13,stable,0.8 ,-1.6, 3.5
"Ashtabula County, Ohio(2)",39007,Urban,23.1 ,19.6, 27,N/A , N/A , N/A,33,stable,-0.9 ,-2.6, 0.8
"Crook County, Oregon(2)",41013,Urban,23.1 ,16.6, 31.7,N/A , N/A , N/A,9,stable,-0.8 ,-4.1, 2.8
"Butte County, South Dakota(2)",46019,Rural,23.1 ,12.6, 39.3,N/A , N/A , N/A,3,stable,6.9 ,-0.2, 28.3
"Mills County, Iowa(7)",19129,Urban,23.1 ,14.9, 34.9,N/A , N/A , N/A,5,*,*,*,*
"Clark County, Wisconsin(2)",55019,Rural,23.1 ,17.1, 30.5,N/A , N/A , N/A,10,stable,-0.2 ,-3.3, 2.9
"Frederick County, Virginia(2)",51069,Urban,23 ,19.4, 27.3,N/A , N/A , N/A,29,stable,-0.9 ,-2.8, 1.5
"Lewis County, New York(7)",36049,Rural,23 ,16.5, 31.5,N/A , N/A , N/A,9,stable,0.2 ,-5.9, 1.9
"Amherst County, Virginia(2)",51009,Urban,23 ,17.1, 30.6,N/A , N/A , N/A,11,stable,0.8 ,-2.2, 4.5
"Vernon County, Wisconsin(2)",55123,Urban,23 ,17.2, 30.5,N/A , N/A , N/A,11,stable,0.3 ,-2.9, 3.9
"Bedford County, Tennessee(2)",47003,Rural,23 ,17.7, 29.5,N/A , N/A , N/A,13,stable,1.4 ,-0.9, 4.2
"Starke County, Indiana(2)",18149,Rural,23 ,16.2, 32.1,N/A , N/A , N/A,8,stable,0.6 ,-1.8, 3.2
"Redwood County, Minnesota(2)",27127,Rural,23 ,15, 34.4,N/A , N/A , N/A,6,stable,3.4 ,-0.2, 7.6
"Berkeley County, West Virginia(2)",54003,Urban,23 ,19.5, 27,N/A , N/A , N/A,32,stable,-0.5 ,-1.8, 0.9
"Delaware County, New York(7)",36025,Rural,23 ,18.5, 28.6,N/A , N/A , N/A,19,falling,-1.4 ,-2.7, -0.1
"Lincoln County, Washington(2)",53043,Rural,23 ,14.3, 36.5,N/A , N/A , N/A,5,*,*,*,*
"Haywood County, North Carolina(2)",37087,Rural,23 ,19.1, 27.6,N/A , N/A , N/A,26,stable,0.6 ,-1.6, 3.1
"Gibson County, Tennessee(2)",47053,Urban,23 ,18.1, 28.9,N/A , N/A , N/A,16,stable,1.9 ,-0.5, 4.5
"Sierra County, New Mexico(7)",35051,Rural,23 ,14.1, 37.2,N/A , N/A , N/A,6,stable,1.1 ,-1.1, 3.6
"Cedar County, Iowa(7)",19031,Rural,23 ,15.5, 33.2,N/A , N/A , N/A,7,*,*,*,*
"Churchill County, Nevada(2)",32001,Rural,23 ,16.5, 31.4,N/A , N/A , N/A,9,stable,-1.5 ,-4.7, 1.9
"Minnehaha County, South Dakota(2)",46099,Urban,23 ,19.9, 26.3,N/A , N/A , N/A,44,stable,-0.2 ,-1.7, 1.4
"Stewart County, Tennessee(2)",47161,Urban,23 ,14.3, 35.6,N/A , N/A , N/A,5,*,*,*,*
"Grant County, Kentucky(7)",21081,Urban,22.9 ,15.1, 33.4,N/A , N/A , N/A,6,stable,-0.3 ,-2.5, 2.2
"Walworth County, Wisconsin(2)",55127,Rural,22.9 ,19.5, 26.9,N/A , N/A , N/A,33,falling,-4.0 ,-15.6, -0.3
"McHenry County, Illinois(7)",17111,Urban,22.9 ,20.8, 25.3,N/A , N/A , N/A,87,stable,6.2 ,-1.4, 11.9
"Warren County, Kentucky(7)",21227,Urban,22.9 ,19.4, 26.9,N/A , N/A , N/A,31,stable,0.5 ,-1.0, 2.3
"Brunswick County, North Carolina(2)",37019,Urban,22.9 ,20.3, 25.9,N/A , N/A , N/A,68,falling,-3.7 ,-8.0, -1.1
"Talbot County, Maryland(2)",24041,Rural,22.9 ,18.4, 28.6,N/A , N/A , N/A,19,stable,-15.3 ,-31.0, 1.4
"Cape Girardeau County, Missouri(2)",29031,Urban,22.9 ,18.9, 27.6,N/A , N/A , N/A,24,stable,1.2 ,-2.1, 5.1
"Twin Falls County, Idaho(7)",16083,Urban,22.9 ,19, 27.4,N/A , N/A , N/A,25,stable,0.9 ,-0.8, 3.0
"Owen County, Kentucky(7)",21187,Rural,22.9 ,13.3, 37.5,N/A , N/A , N/A,4,*,*,*,*
"Craven County, North Carolina(2)",37049,Rural,22.9 ,19.5, 26.7,N/A , N/A , N/A,34,stable,-1.2 ,-3.2, 1.0
"Anoka County, Minnesota(2)",27003,Urban,22.9 ,20.8, 25.1,N/A , N/A , N/A,94,stable,-0.5 ,-1.4, 0.5
"Douglas County, Wisconsin(2)",55031,Urban,22.9 ,17.7, 29.2,N/A , N/A , N/A,14,stable,-2.7 ,-14.9, 2.6
"Allen County, Ohio(2)",39003,Urban,22.9 ,19.4, 26.9,N/A , N/A , N/A,32,stable,1.4 ,-0.4, 3.4
"Washington County, Vermont(2)",50023,Rural,22.9 ,18.5, 28,N/A , N/A , N/A,20,stable,-1.3 ,-3.7, 1.2
"Clark County, Ohio(2)",39023,Urban,22.9 ,19.9, 26.1,N/A , N/A , N/A,45,stable,0.2 ,-1.6, 2.1
"DeKalb County, Tennessee(2)",47041,Rural,22.8 ,15.6, 32.7,N/A , N/A , N/A,7,stable,-0.1 ,-3.8, 4.2
"Moniteau County, Missouri(2)",29135,Urban,22.8 ,14, 35.3,N/A , N/A , N/A,4,*,*,*,*
"Beaver County, Pennsylvania(2)",42007,Urban,22.8 ,20.3, 25.7,N/A , N/A , N/A,61,falling,-1.4 ,-2.5, -0.3
"Knox County, Ohio(2)",39083,Rural,22.8 ,18.4, 28.1,N/A , N/A , N/A,20,stable,0.2 ,-2.5, 3.2
"Bedford City and County, Virginia(2)",51917,Urban,22.8 ,19.1, 27.1,N/A , N/A , N/A,29,stable,0.6 ,-2.2, 4.0
"Upshur County, Texas(7)",48459,Urban,22.8 ,17.4, 29.5,N/A , N/A , N/A,13,rising,2.6 ,0.1, 5.8
"Daviess County, Kentucky(7)",21059,Urban,22.8 ,19.3, 26.9,N/A , N/A , N/A,30,falling,-7.0 ,-14.3, -1.2
"Burlington County, New Jersey(7)",34005,Urban,22.8 ,21.1, 24.6,N/A , N/A , N/A,142,stable,-0.7 ,-1.7, 0.3
"St. Bernard Parish, Louisiana(7)",22087,Urban,22.8 ,16.5, 30.7,N/A , N/A , N/A,9,stable,-1.1 ,-3.1, 0.6
"Delta County, Michigan(2)",26041,Rural,22.8 ,17.6, 29.3,N/A , N/A , N/A,15,stable,0.9 ,-0.9, 2.8
"Floyd County, Iowa(7)",19067,Rural,22.8 ,14.6, 34.4,N/A , N/A , N/A,5,stable,0.7 ,-1.3, 2.9
"Chilton County, Alabama(2)",01021,Urban,22.8 ,17.4, 29.4,N/A , N/A , N/A,13,stable,0.2 ,-2.3, 2.8
"Cambria County, Pennsylvania(2)",42021,Urban,22.8 ,19.9, 26,N/A , N/A , N/A,49,falling,-3.5 ,-8.3, -2.0
"Muhlenberg County, Kentucky(7)",21177,Rural,22.8 ,17.1, 30,N/A , N/A , N/A,11,stable,-0.9 ,-3.5, 2.0
"Lorain County, Ohio(2)",39093,Urban,22.8 ,20.8, 24.9,N/A , N/A , N/A,100,stable,-0.8 ,-1.6, 0.1
"Ozaukee County, Wisconsin(2)",55089,Urban,22.8 ,19.3, 26.7,N/A , N/A , N/A,32,stable,-0.6 ,-2.3, 1.1
"Sangamon County, Illinois(7)",17167,Urban,22.8 ,20.2, 25.5,N/A , N/A , N/A,62,falling,-1.4 ,-4.6, -0.3
"Hampshire County, West Virginia(2)",54027,Urban,22.8 ,16.4, 31.4,N/A , N/A , N/A,9,stable,-1.1 ,-3.4, 1.3
"Barry County, Missouri(2)",29009,Rural,22.8 ,17.3, 29.6,N/A , N/A , N/A,12,stable,1.8 ,-1.2, 5.2
"Saginaw County, Michigan(2)",26145,Urban,22.7 ,20.2, 25.5,N/A , N/A , N/A,62,stable,-0.2 ,-1.5, 1.2
"Polk County, Missouri(2)",29167,Urban,22.7 ,16.8, 30.3,N/A , N/A , N/A,10,stable,2.2 ,-1.0, 6.0
"Juniata County, Pennsylvania(2)",42067,Rural,22.7 ,16.1, 31.6,N/A , N/A , N/A,8,stable,2.1 ,-1.1, 5.9
"Dixie County, Florida(2)",12029,Rural,22.7 ,15, 33.7,N/A , N/A , N/A,6,stable,-1.6 ,-5.4, 2.4
"Ottawa County, Oklahoma(2)",40115,Rural,22.7 ,16.6, 30.5,N/A , N/A , N/A,9,stable,-0.6 ,-3.3, 2.0
"Walton County, Georgia(7)",13297,Urban,22.7 ,19, 27,N/A , N/A , N/A,27,stable,0.7 ,-0.6, 2.4
"Payne County, Oklahoma(2)",40119,Rural,22.7 ,18.2, 28,N/A , N/A , N/A,18,stable,-0.9 ,-3.4, 1.6
"Flathead County, Montana(2)",30029,Rural,22.7 ,19.3, 26.6,N/A , N/A , N/A,34,stable,-1.2 ,-3.4, 1.2
"Caroline County, Virginia(2)",51033,Rural,22.7 ,16.2, 31,N/A , N/A , N/A,8,stable,1.0 ,-2.0, 4.8
"Habersham County, Georgia(7)",13137,Rural,22.7 ,17.7, 28.7,N/A , N/A , N/A,15,stable,0.2 ,-3.1, 4.5
"Lake County, Ohio(2)",39085,Urban,22.7 ,20.5, 25.1,N/A , N/A , N/A,80,stable,-0.3 ,-2.0, 1.4
"Amador County, California(7)",06005,Rural,22.7 ,18.1, 28.4,N/A , N/A , N/A,18,stable,-2.3 ,-4.9, 0.4
"Lawrence County, Ohio(2)",39087,Urban,22.7 ,18.2, 28,N/A , N/A , N/A,18,stable,1.8 ,-1.0, 4.8
"Macomb County, Michigan(2)",26099,Urban,22.6 ,21.4, 23.9,N/A , N/A , N/A,269,falling,-1.9 ,-5.0, -1.2
"Linn County, Oregon(2)",41043,Urban,22.6 ,19.6, 26.1,N/A , N/A , N/A,40,stable,-1.8 ,-9.3, 0.4
"Emmet County, Michigan(2)",26047,Rural,22.6 ,17.2, 29.6,N/A , N/A , N/A,12,stable,0.7 ,-2.5, 4.3
"Barrow County, Georgia(7)",13013,Urban,22.6 ,18.1, 27.9,N/A , N/A , N/A,19,stable,0.2 ,-1.3, 2.0
"Jefferson County, Pennsylvania(2)",42065,Rural,22.6 ,17.9, 28.4,N/A , N/A , N/A,16,falling,-2.2 ,-3.8, -0.8
"Belknap County, New Hampshire(2)",33001,Rural,22.6 ,18.7, 27.3,N/A , N/A , N/A,25,falling,-2.4 ,-3.8, -0.9
"Pearl River County, Mississippi(2)",28109,Rural,22.6 ,18.1, 28.1,N/A , N/A , N/A,18,stable,0.7 ,-0.7, 2.3
"Island County, Washington(7)",53029,Rural,22.6 ,19.2, 26.6,N/A , N/A , N/A,34,stable,-0.4 ,-1.5, 1.0
"Nassau County, New York(7)",36059,Urban,22.6 ,21.7, 23.6,N/A , N/A , N/A,434,falling,-1.2 ,-2.8, -0.8
"Callaway County, Missouri(2)",29027,Urban,22.6 ,17.3, 29.1,N/A , N/A , N/A,13,stable,-0.2 ,-2.6, 2.4
"Idaho County, Idaho(7)",16049,Rural,22.6 ,15.5, 32.8,N/A , N/A , N/A,7,stable,1.4 ,-1.7, 5.4
"Waukesha County, Wisconsin(2)",55133,Urban,22.6 ,20.9, 24.4,N/A , N/A , N/A,135,stable,-0.4 ,-1.1, 0.3
"Warren County, New Jersey(7)",34041,Urban,22.6 ,19.4, 26.3,N/A , N/A , N/A,37,stable,-1.1 ,-2.3, 0.3
"Kay County, Oklahoma(2)",40071,Rural,22.6 ,17.7, 28.7,N/A , N/A , N/A,15,stable,-0.6 ,-3.5, 2.4
"Surry County, North Carolina(2)",37171,Rural,22.6 ,18.7, 27.2,N/A , N/A , N/A,24,stable,0.6 ,-1.8, 3.1
"Berks County, Pennsylvania(2)",42011,Urban,22.6 ,20.8, 24.4,N/A , N/A , N/A,129,stable,-0.2 ,-1.0, 0.6
"Braxton County, West Virginia(2)",54007,Rural,22.6 ,14.1, 35.3,N/A , N/A , N/A,5,stable,0.6 ,-3.5, 4.9
"Clallam County, Washington(7)",53009,Rural,22.6 ,19.4, 26.3,N/A , N/A , N/A,39,stable,-0.9 ,-1.8, 0.0
"Portage County, Ohio(2)",39133,Urban,22.6 ,19.7, 25.7,N/A , N/A , N/A,48,stable,-0.5 ,-2.2, 1.2
"Ionia County, Michigan(2)",26067,Urban,22.5 ,17.9, 28,N/A , N/A , N/A,17,rising,2.1 ,0.3, 4.3
"Elk County, Pennsylvania(2)",42047,Rural,22.5 ,16.7, 30,N/A , N/A , N/A,11,stable,-0.2 ,-3.1, 2.5
"Randolph County, Indiana(2)",18135,Rural,22.5 ,16.1, 31,N/A , N/A , N/A,8,stable,0.2 ,-3.7, 13.3
"Clatsop County, Oregon(2)",41007,Rural,22.5 ,17.5, 28.8,N/A , N/A , N/A,15,stable,-0.9 ,-2.9, 1.2
"Hopkins County, Kentucky(7)",21107,Rural,22.5 ,17.5, 28.7,N/A , N/A , N/A,14,stable,-0.4 ,-2.4, 1.6
"Hood County, Texas(7)",48221,Rural,22.5 ,18.5, 27.2,N/A , N/A , N/A,24,stable,-0.8 ,-2.1, 0.8
"LaGrange County, Indiana(2)",18087,Rural,22.5 ,16.6, 29.9,N/A , N/A , N/A,10,stable,-0.4 ,-3.1, 2.5
"Jackson County, Oregon(2)",41029,Urban,22.5 ,20.3, 24.9,N/A , N/A , N/A,79,stable,-0.7 ,-2.0, 0.8
"Hawkins County, Tennessee(2)",47073,Urban,22.5 ,18.1, 27.7,N/A , N/A , N/A,20,stable,1.1 ,-1.3, 3.8
"Madison County, Missouri(2)",29123,Rural,22.5 ,13.8, 35.4,N/A , N/A , N/A,4,stable,-0.5 ,-4.7, 4.0
"Manitowoc County, Wisconsin(2)",55071,Rural,22.5 ,18.9, 26.7,N/A , N/A , N/A,29,stable,-1.2 ,-3.8, 1.3
"Hancock County, West Virginia(2)",54029,Urban,22.5 ,16.9, 29.7,N/A , N/A , N/A,12,stable,-1.1 ,-4.0, 1.8
"Columbia County, Wisconsin(2)",55021,Urban,22.5 ,18.1, 27.8,N/A , N/A , N/A,19,stable,0.1 ,-1.7, 2.1
"McDonald County, Missouri(2)",29119,Rural,22.5 ,15.2, 32.3,N/A , N/A , N/A,6,*,*,*,*
"Staunton City, Virginia(2)",51790,Urban,22.5 ,16.2, 30.7,N/A , N/A , N/A,9,stable,0.5 ,-2.4, 3.5
"Hancock County, Illinois(7)",17067,Rural,22.5 ,15.2, 32.6,N/A , N/A , N/A,7,stable,-0.5 ,-2.3, 1.5
"Lapeer County, Michigan(2)",26087,Urban,22.5 ,18.8, 26.7,N/A , N/A , N/A,29,stable,-0.2 ,-1.7, 1.4
"Laramie County, Wyoming(2)",56021,Urban,22.5 ,18.9, 26.6,N/A , N/A , N/A,29,stable,-1.2 ,-3.3, 0.9
"Missoula County, Montana(2)",30063,Urban,22.5 ,19, 26.4,N/A , N/A , N/A,31,stable,-0.7 ,-1.9, 0.5
"Sherburne County, Minnesota(2)",27141,Urban,22.5 ,18.2, 27.4,N/A , N/A , N/A,21,stable,-0.2 ,-2.7, 2.7
"Carroll County, Tennessee(2)",47017,Rural,22.4 ,16.3, 30.5,N/A , N/A , N/A,9,stable,0.0 ,-2.5, 2.6
"Lucas County, Ohio(2)",39095,Urban,22.4 ,20.6, 24.4,N/A , N/A , N/A,121,stable,-0.4 ,-1.1, 0.3
"New Castle County, Delaware(2)",10003,Urban,22.4 ,20.9, 24.1,N/A , N/A , N/A,155,stable,-0.3 ,-1.0, 0.5
"Ford County, Illinois(7)",17053,Urban,22.4 ,13.7, 35.2,N/A , N/A , N/A,4,stable,0.5 ,-3.5, 4.6
"Morgan County, Alabama(2)",01103,Urban,22.4 ,19.2, 26,N/A , N/A , N/A,37,stable,-1.2 ,-2.7, 0.3
"Vermilion County, Illinois(7)",17183,Rural,22.4 ,18.5, 27,N/A , N/A , N/A,24,stable,-0.2 ,-1.9, 1.5
"Bay County, Florida(2)",12005,Urban,22.4 ,19.8, 25.3,N/A , N/A , N/A,55,rising,9.8 ,0.5, 16.8
"Ste. Genevieve County, Missouri(2)",29186,Rural,22.4 ,15.2, 32.4,N/A , N/A , N/A,6,stable,-1.3 ,-4.4, 2.1
"Howard County, Iowa(7)",19089,Rural,22.4 ,13, 37.3,N/A , N/A , N/A,3,*,*,*,*
"Pierce County, Washington(7)",53053,Urban,22.4 ,21.1, 23.8,N/A , N/A , N/A,221,stable,-0.3 ,-2.7, 0.2
"Perry County, Pennsylvania(2)",42099,Urban,22.4 ,17.4, 28.6,N/A , N/A , N/A,14,stable,0.6 ,-2.1, 3.7
"Evangeline Parish, Louisiana(7)",22039,Rural,22.4 ,16.3, 30.2,N/A , N/A , N/A,9,stable,0.3 ,-2.5, 3.5
"Wright County, Minnesota(2)",27171,Urban,22.4 ,19, 26.2,N/A , N/A , N/A,32,stable,0.4 ,-1.7, 3.0
"Worcester County, Massachusetts(2)",25027,Urban,22.4 ,21.1, 23.7,N/A , N/A , N/A,241,falling,-3.0 ,-10.7, -1.4
"Stearns County, Minnesota(2)",27145,Urban,22.4 ,19.4, 25.7,N/A , N/A , N/A,41,stable,-1.0 ,-3.7, 1.7
"Vernon Parish, Louisiana(7)",22115,Rural,22.4 ,16.7, 29.4,N/A , N/A , N/A,11,stable,0.6 ,-1.1, 2.8
"Price County, Wisconsin(2)",55099,Rural,22.4 ,15.1, 33.5,N/A , N/A , N/A,6,stable,0.4 ,-2.1, 3.2
"Iowa County, Wisconsin(2)",55049,Urban,22.4 ,15.4, 31.7,N/A , N/A , N/A,7,stable,0.3 ,-4.4, 5.3
"Fayette County, Iowa(7)",19065,Rural,22.4 ,14.8, 32.7,N/A , N/A , N/A,6,stable,0.0 ,-2.0, 2.2
"Jasper County, Georgia(7)",13159,Urban,22.3 ,13.6, 34.9,N/A , N/A , N/A,4,*,*,*,*
"Sevier County, Utah(7)",49041,Rural,22.3 ,14.8, 32.5,N/A , N/A , N/A,6,*,*,*,*
"Ward County, North Dakota(2)",38101,Urban,22.3 ,17.7, 27.9,N/A , N/A , N/A,16,falling,-14.4 ,-20.9, -9.0
"Garfield County, Oklahoma(2)",40047,Urban,22.3 ,17.8, 27.8,N/A , N/A , N/A,17,stable,1.1 ,-2.0, 4.3
"Trumbull County, Ohio(2)",39155,Urban,22.3 ,20, 24.9,N/A , N/A , N/A,71,falling,-1.3 ,-2.5, -0.2
"Jersey County, Illinois(7)",17083,Urban,22.3 ,15.3, 31.8,N/A , N/A , N/A,7,stable,-2.1 ,-6.0, 1.7
"Buckingham County, Virginia(2)",51029,Rural,22.3 ,14.8, 33.1,N/A , N/A , N/A,6,*,*,*,*
"Hartford County, Connecticut(7)",09003,Urban,22.3 ,21.1, 23.6,N/A , N/A , N/A,266,stable,-0.2 ,-0.6, 0.2
"Clinton County, Ohio(2)",39027,Rural,22.3 ,17.2, 28.7,N/A , N/A , N/A,13,stable,-2.0 ,-4.7, 0.7
"Nottoway County, Virginia(2)",51135,Rural,22.3 ,14.3, 33.7,N/A , N/A , N/A,5,*,*,*,*
"Maury County, Tennessee(2)",47119,Urban,22.3 ,18.6, 26.5,N/A , N/A , N/A,28,stable,0.9 ,-1.4, 3.8
"Cumberland County, Maine(2)",23005,Urban,22.3 ,20.3, 24.5,N/A , N/A , N/A,97,falling,-1.6 ,-3.0, -0.2
"Custer County, Montana(2)",30017,Rural,22.3 ,13.3, 35.9,N/A , N/A , N/A,4,*,*,*,*
"Clark County, Kentucky(7)",21049,Urban,22.3 ,16.8, 29.2,N/A , N/A , N/A,11,stable,0.8 ,-1.6, 3.8
"Plymouth County, Massachusetts(2)",25023,Urban,22.3 ,20.8, 23.9,N/A , N/A , N/A,166,falling,-7.0 ,-11.3, -1.6
"Licking County, Ohio(2)",39089,Urban,22.3 ,19.6, 25.3,N/A , N/A , N/A,51,stable,-0.1 ,-1.4, 1.4
"Linn County, Missouri(2)",29115,Rural,22.3 ,13.1, 36.2,N/A , N/A , N/A,4,stable,2.6 ,-2.0, 7.8
"Sevier County, Tennessee(2)",47155,Rural,22.3 ,18.8, 26.3,N/A , N/A , N/A,31,stable,-1.4 ,-3.7, 1.1
"Gilmer County, Georgia(7)",13123,Rural,22.3 ,16.5, 29.8,N/A , N/A , N/A,12,stable,0.1 ,-2.9, 4.3
"Boyle County, Kentucky(7)",21021,Rural,22.3 ,16.1, 30.3,N/A , N/A , N/A,9,stable,-0.5 ,-2.9, 2.1
"Chisago County, Minnesota(2)",27025,Urban,22.3 ,17.4, 28.1,N/A , N/A , N/A,15,stable,-0.1 ,-2.1, 2.1
"Lincoln County, Oklahoma(2)",40081,Urban,22.3 ,16.5, 29.6,N/A , N/A , N/A,10,stable,1.0 ,-2.0, 4.5
"Marathon County, Wisconsin(2)",55073,Urban,22.2 ,19.3, 25.6,N/A , N/A , N/A,42,stable,-0.1 ,-1.4, 1.4
"Jefferson County, Tennessee(2)",47089,Urban,22.2 ,17.8, 27.6,N/A , N/A , N/A,18,stable,1.0 ,-1.4, 3.8
"Calhoun County, Iowa(7)",19025,Rural,22.2 ,12.6, 37.4,N/A , N/A , N/A,3,*,*,*,*
"Crawford County, Iowa(7)",19047,Rural,22.2 ,14, 33.7,N/A , N/A , N/A,5,stable,0.4 ,-1.5, 2.5
"Escambia County, Florida(2)",12033,Urban,22.2 ,20.2, 24.4,N/A , N/A , N/A,93,falling,-7.7 ,-13.4, -1.7
"Sioux County, Iowa(7)",19167,Rural,22.2 ,16.3, 29.6,N/A , N/A , N/A,10,stable,-0.9 ,-3.0, 1.2
"Iowa County, Iowa(7)",19095,Rural,22.2 ,14.6, 32.9,N/A , N/A , N/A,6,stable,-29.7 ,-54.9, 1.3
"Somerset County, Pennsylvania(2)",42111,Rural,22.2 ,18.6, 26.5,N/A , N/A , N/A,28,falling,-1.8 ,-3.6, -0.1
"Simpson County, Kentucky(7)",21213,Rural,22.2 ,14.3, 33.1,N/A , N/A , N/A,5,*,*,*,*
"DuPage County, Illinois(7)",17043,Urban,22.2 ,21, 23.5,N/A , N/A , N/A,255,stable,-0.4 ,-1.0, 0.4
"Claiborne Parish, Louisiana(7)",22027,Rural,22.2 ,14.3, 33.7,N/A , N/A , N/A,5,stable,0.2 ,-17.1, 6.3
"Mercer County, West Virginia(2)",54055,Rural,22.2 ,17.9, 27.3,N/A , N/A , N/A,20,falling,-2.1 ,-11.6, -0.2
"Uinta County, Wyoming(2)",56041,Rural,22.2 ,13.8, 33.7,N/A , N/A , N/A,5,*,*,*,*
"Belmont County, Ohio(2)",39013,Urban,22.2 ,18.1, 27,N/A , N/A , N/A,22,stable,-0.4 ,-2.6, 1.7
"Clinton County, Illinois(7)",17027,Urban,22.2 ,16.6, 29.2,N/A , N/A , N/A,11,stable,-0.2 ,-2.5, 2.5
"Greene County, Ohio(2)",39057,Urban,22.2 ,19.4, 25.2,N/A , N/A , N/A,49,stable,0.3 ,-1.5, 2.4
"King George County, Virginia(2)",51099,Rural,22.2 ,15.1, 31.5,N/A , N/A , N/A,7,*,*,*,*
"Madison County, Illinois(7)",17119,Urban,22.2 ,20, 24.5,N/A , N/A , N/A,77,stable,0.0 ,-1.0, 1.2
"Sussex County, Delaware(2)",10005,Rural,22.2 ,20.2, 24.3,N/A , N/A , N/A,103,stable,-1.4 ,-2.8, 0.1
"Kent County, Delaware(2)",10001,Urban,22.2 ,19.5, 25.1,N/A , N/A , N/A,53,falling,-2.8 ,-4.6, -1.7
"Calloway County, Kentucky(7)",21035,Rural,22.2 ,16.4, 29.5,N/A , N/A , N/A,10,stable,-0.1 ,-3.0, 3.2
"Winona County, Minnesota(2)",27169,Rural,22.1 ,17.1, 28.3,N/A , N/A , N/A,14,stable,-0.4 ,-2.7, 2.0
"Camden County, New Jersey(7)",34007,Urban,22.1 ,20.5, 23.9,N/A , N/A , N/A,141,stable,-1.0 ,-1.9, 0.0
"Carteret County, North Carolina(2)",37031,Rural,22.1 ,18.4, 26.6,N/A , N/A , N/A,27,falling,-2.0 ,-3.9, -0.1
"Gem County, Idaho(7)",16045,Urban,22.1 ,15.5, 31.3,N/A , N/A , N/A,7,*,*,*,*
"Morris County, New Jersey(7)",34027,Urban,22.1 ,20.6, 23.8,N/A , N/A , N/A,154,falling,-1.5 ,-2.0, -0.9
"Davidson County, North Carolina(2)",37057,Urban,22.1 ,19.4, 25.1,N/A , N/A , N/A,51,stable,0.3 ,-0.8, 1.5
"Fairfield County, Ohio(2)",39045,Urban,22.1 ,19.2, 25.3,N/A , N/A , N/A,44,stable,0.4 ,-0.8, 1.7
"Lenawee County, Michigan(2)",26091,Rural,22.1 ,18.7, 25.9,N/A , N/A , N/A,32,stable,0.2 ,-1.7, 2.2
"Dodge County, Wisconsin(2)",55027,Rural,22.1 ,18.4, 26.3,N/A , N/A , N/A,27,stable,0.3 ,-1.2, 2.0
"Shelby County, Indiana(2)",18145,Urban,22.1 ,17.1, 28.2,N/A , N/A , N/A,14,stable,0.2 ,-1.7, 2.4
"Platte County, Nebraska(2)",31141,Rural,22.1 ,16.3, 29.4,N/A , N/A , N/A,10,stable,-1.8 ,-5.6, 2.5
"Polk County, Tennessee(2)",47139,Urban,22.1 ,15, 32,N/A , N/A , N/A,6,*,*,*,*
"Whitley County, Indiana(2)",18183,Urban,22.1 ,16.3, 29.4,N/A , N/A , N/A,11,stable,-0.8 ,-3.8, 2.2
"Polk County, Iowa(7)",19153,Urban,22.1 ,20.2, 24,N/A , N/A , N/A,113,stable,0.1 ,-0.3, 0.6
"Shelby County, Illinois(7)",17173,Rural,22.1 ,15.8, 30.6,N/A , N/A , N/A,8,stable,-1.6 ,-3.7, 0.6
"Montgomery County, Kentucky(7)",21173,Rural,22.1 ,15.6, 30.5,N/A , N/A , N/A,8,stable,-1.2 ,-4.5, 2.4
"DeKalb County, Illinois(7)",17037,Urban,22.1 ,18.1, 26.7,N/A , N/A , N/A,22,stable,-0.4 ,-2.3, 1.8
"St. Johns County, Florida(2)",12109,Urban,22 ,20, 24.2,N/A , N/A , N/A,91,falling,-4.9 ,-9.6, -2.0
"Pike County, Georgia(7)",13231,Urban,22 ,14.3, 32.8,N/A , N/A , N/A,5,*,*,*,*
"Perry County, Missouri(2)",29157,Rural,22 ,14.6, 32.3,N/A , N/A , N/A,6,stable,-1.0 ,-5.1, 3.1
"Acadia Parish, Louisiana(7)",22001,Urban,22 ,17.3, 27.7,N/A , N/A , N/A,16,stable,1.7 ,-0.5, 4.3
"Dubuque County, Iowa(7)",19061,Urban,22 ,18.7, 25.9,N/A , N/A , N/A,31,stable,0.8 ,-0.2, 2.1
"Patrick County, Virginia(2)",51141,Rural,22 ,14.9, 32.3,N/A , N/A , N/A,7,rising,2.8 ,0.2, 5.9
"Moore County, North Carolina(2)",37125,Urban,22 ,18.9, 25.6,N/A , N/A , N/A,38,stable,-0.7 ,-1.8, 0.5
"Washington County, Tennessee(2)",47179,Urban,22 ,19, 25.4,N/A , N/A , N/A,40,stable,1.1 ,-0.5, 3.1
"Elbert County, Georgia(7)",13105,Rural,22 ,14.7, 31.9,N/A , N/A , N/A,6,stable,2.1 ,-1.1, 6.3
"Monroe County, Mississippi(2)",28095,Rural,22 ,16.5, 29,N/A , N/A , N/A,11,rising,3.2 ,0.4, 6.3
"Clinton County, Iowa(7)",19045,Rural,22 ,17.3, 27.7,N/A , N/A , N/A,15,stable,-0.3 ,-1.6, 1.2
"Pike County, Pennsylvania(2)",42103,Rural,22 ,18, 26.8,N/A , N/A , N/A,22,falling,-2.8 ,-5.4, -0.1
"Humboldt County, California(7)",06023,Rural,22 ,18.9, 25.4,N/A , N/A , N/A,39,stable,-0.3 ,-2.0, 1.4
"Jo Daviess County, Illinois(7)",17085,Rural,22 ,15.9, 30.3,N/A , N/A , N/A,9,stable,-1.2 ,-4.1, 2.0
"Calaveras County, California(7)",06009,Rural,21.9 ,17.5, 27.5,N/A , N/A , N/A,19,stable,-0.8 ,-2.9, 1.7
"Vanderburgh County, Indiana(2)",18163,Urban,21.9 ,19.3, 24.9,N/A , N/A , N/A,52,falling,-3.6 ,-7.3, -1.0
"Franklin County, Idaho(7)",16041,Urban,21.9 ,12.9, 35.1,N/A , N/A , N/A,4,*,*,*,*
"Cheboygan County, Michigan(2)",26031,Rural,21.9 ,16.4, 29.5,N/A , N/A , N/A,11,stable,-0.7 ,-2.7, 1.3
"Hernando County, Florida(2)",12053,Urban,21.9 ,19.8, 24.3,N/A , N/A , N/A,82,falling,-9.4 ,-18.4, -0.5
"Wilson County, Tennessee(2)",47189,Urban,21.9 ,18.9, 25.3,N/A , N/A , N/A,40,stable,1.0 ,-0.9, 3.4
"Baldwin County, Alabama(2)",01003,Urban,21.9 ,19.7, 24.3,N/A , N/A , N/A,77,stable,-0.1 ,-1.4, 1.4
"Lincoln County, Oregon(2)",41041,Rural,21.9 ,17.7, 27.1,N/A , N/A , N/A,22,stable,-2.3 ,-14.2, 0.7
"Brooke County, West Virginia(2)",54009,Urban,21.9 ,15.5, 30.6,N/A , N/A , N/A,8,stable,0.8 ,-3.4, 5.3
"Newton County, Texas(7)",48351,Rural,21.9 ,13, 35.3,N/A , N/A , N/A,4,stable,0.4 ,-3.3, 4.8
"Kent County, Maryland(2)",24029,Rural,21.9 ,15.7, 30.8,N/A , N/A , N/A,8,stable,0.7 ,-3.5, 5.4
"Union County, Pennsylvania(2)",42119,Rural,21.9 ,16.9, 28.1,N/A , N/A , N/A,13,stable,-0.3 ,-2.7, 2.4
"Fentress County, Tennessee(2)",47049,Rural,21.9 ,14.9, 31.7,N/A , N/A , N/A,7,*,*,*,*
"Spalding County, Georgia(7)",13255,Urban,21.9 ,17.7, 26.8,N/A , N/A , N/A,20,stable,-9.7 ,-19.4, 0.4
"Waupaca County, Wisconsin(2)",55135,Rural,21.9 ,17.4, 27.3,N/A , N/A , N/A,17,stable,-1.0 ,-3.6, 1.6
"Forsyth County, Georgia(7)",13117,Urban,21.9 ,19.2, 24.8,N/A , N/A , N/A,52,stable,-0.1 ,-1.3, 1.7
"Jefferson County, Missouri(2)",29099,Urban,21.9 ,19.4, 24.6,N/A , N/A , N/A,60,stable,0.7 ,-1.0, 2.7
"Sheboygan County, Wisconsin(2)",55117,Urban,21.9 ,18.8, 25.4,N/A , N/A , N/A,37,stable,-0.4 ,-1.7, 0.8
"Milwaukee County, Wisconsin(2)",55079,Urban,21.9 ,20.6, 23.2,N/A , N/A , N/A,217,stable,0.3 ,-0.5, 1.1
"Coos County, Oregon(2)",41011,Rural,21.9 ,18.2, 26.2,N/A , N/A , N/A,27,stable,-1.4 ,-4.0, 1.3
"Preston County, West Virginia(2)",54077,Urban,21.8 ,16.2, 29,N/A , N/A , N/A,11,stable,0.8 ,-1.4, 3.2
"Fairbanks North Star, Alaska(2)",02090,Urban,21.8 ,17.4, 27.1,N/A , N/A , N/A,19,stable,-0.4 ,-3.1, 2.8
"Dickinson County, Iowa(7)",19059,Rural,21.8 ,15.2, 31.3,N/A , N/A , N/A,7,stable,0.4 ,-1.3, 2.5
"Stillwater County, Montana(2)",30095,Urban,21.8 ,12.7, 37.2,N/A , N/A , N/A,4,*,*,*,*
"St. Marys County, Maryland(2)",24037,Urban,21.8 ,18.3, 25.9,N/A , N/A , N/A,28,stable,0.6 ,-1.4, 2.9
"Benzie County, Michigan(2)",26019,Urban,21.8 ,15.4, 31,N/A , N/A , N/A,8,stable,0.0 ,-3.0, 3.6
"Ohio County, Kentucky(7)",21183,Rural,21.8 ,15.1, 30.8,N/A , N/A , N/A,7,stable,1.1 ,-2.4, 5.2
"Rhea County, Tennessee(2)",47143,Rural,21.8 ,15.9, 29.4,N/A , N/A , N/A,9,stable,0.7 ,-3.0, 4.9
"Logan County, West Virginia(2)",54045,Rural,21.8 ,16.2, 29,N/A , N/A , N/A,11,stable,0.4 ,-1.6, 2.5
"Gaston County, North Carolina(2)",37071,Urban,21.8 ,19.4, 24.4,N/A , N/A , N/A,62,stable,-0.7 ,-2.1, 0.8
"Orange County, Indiana(2)",18117,Rural,21.8 ,14.1, 32.4,N/A , N/A , N/A,6,stable,0.4 ,-5.9, 8.2
"Gordon County, Georgia(7)",13129,Rural,21.8 ,17, 27.6,N/A , N/A , N/A,14,stable,0.2 ,-1.7, 2.4
"Boone County, Illinois(7)",17007,Urban,21.8 ,17, 27.6,N/A , N/A , N/A,14,stable,-1.2 ,-3.2, 1.1
"Lunenburg County, Virginia(2)",51111,Rural,21.8 ,13.6, 34.4,N/A , N/A , N/A,4,*,*,*,*
"Stephens County, Oklahoma(2)",40137,Rural,21.8 ,16.9, 27.8,N/A , N/A , N/A,14,stable,0.3 ,-2.1, 2.7
"Hancock County, Ohio(2)",39063,Rural,21.8 ,17.8, 26.4,N/A , N/A , N/A,22,stable,0.7 ,-2.3, 4.1
"Bristol County, Massachusetts(2)",25005,Urban,21.8 ,20.3, 23.3,N/A , N/A , N/A,166,falling,-6.2 ,-10.8, -1.2
"Paulding County, Georgia(7)",13223,Urban,21.7 ,18.4, 25.5,N/A , N/A , N/A,34,stable,-0.1 ,-1.7, 2.3
"Otter Tail County, Minnesota(2)",27111,Rural,21.7 ,17.8, 26.5,N/A , N/A , N/A,23,falling,-1.8 ,-3.5, -0.2
"Garland County, Arkansas(2)",05051,Urban,21.7 ,18.7, 25.3,N/A , N/A , N/A,37,stable,0.1 ,-1.7, 2.0
"Douglas County, Minnesota(2)",27041,Rural,21.7 ,16.8, 27.9,N/A , N/A , N/A,15,stable,-2.5 ,-5.4, 0.5
"Harrison County, Mississippi(2)",28047,Urban,21.7 ,19.2, 24.6,N/A , N/A , N/A,54,falling,-1.4 ,-2.7, -0.1
"Snohomish County, Washington(7)",53061,Urban,21.7 ,20.3, 23.2,N/A , N/A , N/A,194,falling,-1.1 ,-4.2, -0.4
"Mower County, Minnesota(2)",27099,Rural,21.7 ,16.5, 28.3,N/A , N/A , N/A,12,stable,-1.0 ,-3.3, 1.1
"Towns County, Georgia(7)",13281,Rural,21.7 ,13.4, 35,N/A , N/A , N/A,6,stable,-1.0 ,-4.1, 2.9
"Garfield County, Colorado(2)",08045,Rural,21.7 ,16.6, 27.9,N/A , N/A , N/A,13,stable,-0.3 ,-3.2, 3.1
"Grant County, Indiana(2)",18053,Rural,21.7 ,17.7, 26.5,N/A , N/A , N/A,21,stable,-2.3 ,-4.8, 0.1
"Iron County, Michigan(2)",26071,Rural,21.7 ,12.2, 36.9,N/A , N/A , N/A,4,stable,-2.0 ,-7.2, 3.0
"Antrim County, Michigan(2)",26009,Rural,21.7 ,15.9, 29.8,N/A , N/A , N/A,10,stable,-1.0 ,-3.6, 1.5
"Greenwood County, South Carolina(2)",45047,Rural,21.7 ,17.6, 26.6,N/A , N/A , N/A,20,stable,0.9 ,-1.4, 3.4
"Henderson County, Texas(7)",48213,Rural,21.7 ,18.3, 25.7,N/A , N/A , N/A,29,stable,-0.3 ,-1.7, 1.2
"Valley County, Idaho(7)",16085,Rural,21.7 ,13.2, 35,N/A , N/A , N/A,5,stable,-1.1 ,-4.0, 2.6
"Essex County, New York(7)",36031,Rural,21.7 ,16.8, 28,N/A , N/A , N/A,14,falling,-16.0 ,-29.4, -0.1
"Peoria County, Illinois(7)",17143,Urban,21.7 ,19.1, 24.6,N/A , N/A , N/A,50,stable,-1.4 ,-2.9, 0.2
"Leslie County, Kentucky(7)",21131,Rural,21.7 ,12.2, 36.7,N/A , N/A , N/A,3,*,*,*,*
"Bartholomew County, Indiana(2)",18005,Urban,21.7 ,17.8, 26.3,N/A , N/A , N/A,22,stable,-0.9 ,-3.5, 1.8
"Atlantic County, New Jersey(7)",34001,Urban,21.7 ,19.6, 23.9,N/A , N/A , N/A,85,falling,-3.4 ,-8.2, -1.5
"Aitkin County, Minnesota(2)",27001,Rural,21.7 ,15.6, 31.2,N/A , N/A , N/A,9,stable,-1.2 ,-4.3, 2.0
"Lee County, Mississippi(2)",28081,Rural,21.7 ,17.7, 26.4,N/A , N/A , N/A,21,stable,-0.4 ,-3.0, 2.1
"Marion County, West Virginia(2)",54049,Rural,21.7 ,17.3, 27,N/A , N/A , N/A,18,stable,-0.7 ,-2.7, 1.2
"Louisa County, Virginia(2)",51109,Rural,21.7 ,16.4, 28.4,N/A , N/A , N/A,12,stable,-0.8 ,-3.3, 2.2
"Caldwell County, North Carolina(2)",37027,Urban,21.7 ,18.1, 25.9,N/A , N/A , N/A,27,stable,1.5 ,-0.5, 3.7
"Preble County, Ohio(2)",39135,Rural,21.7 ,16.6, 28,N/A , N/A , N/A,13,stable,-13.3 ,-36.1, 2.6
"Clay County, South Dakota(2)",46027,Rural,21.7 ,12.3, 35.9,N/A , N/A , N/A,3,*,*,*,*
"St. Clair County, Illinois(7)",17163,Urban,21.7 ,19.4, 24.2,N/A , N/A , N/A,68,falling,-0.7 ,-1.2, -0.2
"Medina County, Ohio(2)",39103,Urban,21.7 ,19.2, 24.4,N/A , N/A , N/A,57,falling,-2.3 ,-3.2, -1.4
"Nolan County, Texas(7)",48353,Rural,21.7 ,13.2, 33.8,N/A , N/A , N/A,4,*,*,*,*
"Montague County, Texas(7)",48337,Rural,21.7 ,14.7, 31.2,N/A , N/A , N/A,7,stable,20.9 ,-1.1, 40.6
"Boone County, West Virginia(2)",54005,Urban,21.6 ,14.8, 31.1,N/A , N/A , N/A,7,falling,-6.3 ,-25.1, -0.8
"Windsor County, Vermont(2)",50027,Rural,21.6 ,17.6, 26.6,N/A , N/A , N/A,22,stable,-2.0 ,-5.2, 1.1
"Teton County, Wyoming(2)",56039,Rural,21.6 ,14.5, 31.3,N/A , N/A , N/A,6,stable,-1.4 ,-4.7, 2.5
"Polk County, Oregon(2)",41053,Urban,21.6 ,18, 25.9,N/A , N/A , N/A,26,stable,-1.0 ,-3.1, 1.3
"Appomattox County, Virginia(2)",51011,Urban,21.6 ,14.2, 32.2,N/A , N/A , N/A,5,*,*,*,*
"Warren County, Virginia(2)",51187,Urban,21.6 ,16.3, 28.4,N/A , N/A , N/A,11,stable,0.4 ,-2.8, 4.2
"Charlotte County, Florida(2)",12015,Urban,21.6 ,19.7, 23.8,N/A , N/A , N/A,114,falling,-1.1 ,-1.8, -0.4
"Putnam County, West Virginia(2)",54079,Urban,21.6 ,17.2, 26.9,N/A , N/A , N/A,17,stable,-2.0 ,-4.7, 0.8
"Racine County, Wisconsin(2)",55101,Urban,21.6 ,19.1, 24.4,N/A , N/A , N/A,56,stable,-1.3 ,-10.1, 0.9
"Door County, Wisconsin(2)",55029,Rural,21.6 ,16.7, 28.2,N/A , N/A , N/A,14,stable,0.3 ,-2.6, 3.6
"Summit County, Ohio(2)",39153,Urban,21.6 ,20.1, 23.2,N/A , N/A , N/A,163,stable,0.5 ,-0.7, 4.5
"Will County, Illinois(7)",17197,Urban,21.6 ,20.1, 23.2,N/A , N/A , N/A,159,falling,-1.2 ,-1.8, -0.4
"Greene County, Tennessee(2)",47059,Rural,21.6 ,17.8, 26.1,N/A , N/A , N/A,24,stable,-14.5 ,-29.3, 2.5
"Brevard County, Florida(2)",12009,Urban,21.6 ,20.4, 22.9,N/A , N/A , N/A,235,stable,3.8 ,-1.1, 7.4
"Suwannee County, Florida(2)",12121,Rural,21.6 ,16.8, 27.5,N/A , N/A , N/A,15,rising,3.8 ,0.1, 14.3
"Linn County, Iowa(7)",19113,Urban,21.6 ,19.2, 24.2,N/A , N/A , N/A,61,stable,-0.4 ,-0.9, 0.3
"Scott County, Minnesota(2)",27139,Urban,21.6 ,18.2, 25.4,N/A , N/A , N/A,30,stable,0.4 ,-0.9, 2.1
"San Patricio County, Texas(7)",48409,Urban,21.6 ,17.2, 26.8,N/A , N/A , N/A,17,stable,0.1 ,-1.9, 2.6
"Johnston County, North Carolina(2)",37101,Urban,21.6 ,18.9, 24.5,N/A , N/A , N/A,50,stable,0.6 ,-0.9, 2.6
"Waushara County, Wisconsin(2)",55137,Rural,21.6 ,15.6, 29.6,N/A , N/A , N/A,10,stable,0.8 ,-1.7, 3.5
"Fairfield County, Connecticut(7)",09001,Urban,21.6 ,20.4, 22.8,N/A , N/A , N/A,263,falling,-1.9 ,-4.0, -1.0
"King William County, Virginia(2)",51101,Urban,21.6 ,13.6, 32.7,N/A , N/A , N/A,5,stable,0.4 ,-3.0, 4.6
"Nodaway County, Missouri(2)",29147,Rural,21.5 ,14.1, 31.9,N/A , N/A , N/A,6,*,*,*,*
"Winchester City, Virginia(2)",51840,Urban,21.5 ,15.2, 29.8,N/A , N/A , N/A,8,stable,-0.9 ,-4.4, 2.7
"Menard County, Illinois(7)",17129,Urban,21.5 ,12.5, 35.1,N/A , N/A , N/A,4,stable,-0.7 ,-3.9, 2.8
"Yavapai County, Arizona(2)",04025,Urban,21.5 ,19.6, 23.7,N/A , N/A , N/A,109,falling,-10.8 ,-14.8, -4.8
"Newport County, Rhode Island(2)",44005,Urban,21.5 ,18.2, 25.4,N/A , N/A , N/A,32,falling,-12.5 ,-24.4, -0.4
"Pinellas County, Florida(2)",12103,Urban,21.5 ,20.6, 22.5,N/A , N/A , N/A,387,falling,-0.8 ,-1.3, -0.3
"Garvin County, Oklahoma(2)",40049,Rural,21.5 ,14.9, 30.2,N/A , N/A , N/A,7,*,*,*,*
"Stokes County, North Carolina(2)",37169,Urban,21.5 ,17, 27.2,N/A , N/A , N/A,16,stable,0.4 ,-1.6, 2.6
"Searcy County, Arkansas(2)",05129,Rural,21.5 ,12.5, 37.3,N/A , N/A , N/A,3,stable,-2.4 ,-8.6, 3.6
"Grant County, Washington(2)",53025,Rural,21.5 ,17.7, 25.9,N/A , N/A , N/A,23,stable,-0.5 ,-2.3, 1.6
"St. Francois County, Missouri(2)",29187,Rural,21.5 ,17.2, 26.6,N/A , N/A , N/A,18,falling,-10.2 ,-27.0, -1.5
"Clarion County, Pennsylvania(2)",42031,Rural,21.5 ,16.2, 28.2,N/A , N/A , N/A,12,stable,0.4 ,-3.3, 4.2
"White County, Georgia(7)",13311,Rural,21.5 ,15.9, 28.8,N/A , N/A , N/A,10,*,*,*,*
"Lincoln County, New Mexico(7)",35027,Rural,21.5 ,14.9, 30.7,N/A , N/A , N/A,8,stable,-2.1 ,-4.1, 0.1
"Wood County, Texas(7)",48499,Rural,21.5 ,17.2, 26.7,N/A , N/A , N/A,19,stable,1.4 ,-0.6, 4.0
"Sarpy County, Nebraska(2)",31153,Urban,21.5 ,18.5, 24.8,N/A , N/A , N/A,38,stable,-0.9 ,-2.4, 0.8
"Hall County, Georgia(7)",13139,Urban,21.5 ,18.9, 24.3,N/A , N/A , N/A,52,stable,0.2 ,-1.0, 1.9
"Montgomery County, Ohio(2)",39113,Urban,21.5 ,19.9, 23.1,N/A , N/A , N/A,156,falling,-6.5 ,-10.9, -1.9
"Wood County, Wisconsin(2)",55141,Rural,21.4 ,17.6, 26,N/A , N/A , N/A,23,falling,-2.0 ,-3.7, -0.3
"Fond du Lac County, Wisconsin(2)",55039,Urban,21.4 ,18.2, 25.2,N/A , N/A , N/A,32,stable,-1.0 ,-3.0, 1.1
"Campbell County, Kentucky(7)",21037,Urban,21.4 ,17.8, 25.7,N/A , N/A , N/A,25,stable,0.6 ,-1.0, 2.5
"Chelan County, Washington(2)",53007,Urban,21.4 ,17.7, 25.8,N/A , N/A , N/A,25,stable,0.2 ,-2.5, 3.2
"York County, Pennsylvania(2)",42133,Urban,21.4 ,19.8, 23.2,N/A , N/A , N/A,132,falling,-1.2 ,-1.9, -0.5
"Ottawa County, Ohio(2)",39123,Urban,21.4 ,16.7, 27.4,N/A , N/A , N/A,16,stable,-0.1 ,-3.1, 3.2
"Effingham County, Georgia(7)",13103,Urban,21.4 ,16.4, 27.5,N/A , N/A , N/A,13,stable,1.1 ,-1.4, 4.7
"Porter County, Indiana(2)",18127,Urban,21.4 ,18.7, 24.4,N/A , N/A , N/A,49,stable,-0.9 ,-2.7, 1.2
"Sebastian County, Arkansas(2)",05131,Urban,21.4 ,18.3, 25,N/A , N/A , N/A,34,stable,0.1 ,-1.7, 2.0
"Christian County, Kentucky(7)",21047,Urban,21.4 ,16.7, 27,N/A , N/A , N/A,15,stable,-0.2 ,-2.4, 2.1
"Marion County, Arkansas(2)",05089,Rural,21.4 ,14.8, 31.1,N/A , N/A , N/A,7,stable,-1.2 ,-4.6, 2.4
"Stone County, Missouri(2)",29209,Rural,21.4 ,16.6, 27.9,N/A , N/A , N/A,15,stable,-1.0 ,-3.8, 2.1
"Clay County, Illinois(7)",17025,Rural,21.4 ,13.1, 33.6,N/A , N/A , N/A,4,stable,-0.6 ,-4.0, 3.1
"Manistee County, Michigan(2)",26101,Rural,21.4 ,15.5, 29.4,N/A , N/A , N/A,10,stable,-2.4 ,-6.2, 1.3
"Green County, Wisconsin(2)",55045,Urban,21.4 ,16.1, 28.1,N/A , N/A , N/A,11,stable,-3.0 ,-16.4, 0.0
"Greene County, Illinois(7)",17061,Rural,21.4 ,13, 34.1,N/A , N/A , N/A,4,stable,-0.8 ,-3.7, 2.1
"Portage County, Wisconsin(2)",55097,Rural,21.4 ,17.3, 26.3,N/A , N/A , N/A,20,stable,5.4 ,-0.1, 18.6
"Butler County, Ohio(2)",39017,Urban,21.4 ,19.5, 23.4,N/A , N/A , N/A,96,stable,0.1 ,-1.7, 2.0
"Pointe Coupee Parish, Louisiana(7)",22077,Urban,21.4 ,14.4, 30.9,N/A , N/A , N/A,7,*,*,*,*
"Stephenson County, Illinois(7)",17177,Rural,21.4 ,16.7, 27.2,N/A , N/A , N/A,16,stable,1.2 ,-1.2, 4.1
"Tippah County, Mississippi(2)",28139,Rural,21.3 ,14.3, 31,N/A , N/A , N/A,6,*,*,*,*
"Blue Earth County, Minnesota(2)",27013,Urban,21.3 ,16.8, 26.7,N/A , N/A , N/A,16,stable,0.3 ,-2.7, 3.8
"Monongalia County, West Virginia(2)",54061,Urban,21.3 ,17.3, 26,N/A , N/A , N/A,21,stable,-0.7 ,-2.6, 1.3
"Weakley County, Tennessee(2)",47183,Rural,21.3 ,15.5, 28.9,N/A , N/A , N/A,9,rising,2.8 ,0.6, 5.4
"Mitchell County, Georgia(7)",13205,Rural,21.3 ,14.4, 30.8,N/A , N/A , N/A,6,stable,0.7 ,-2.1, 4.0
"Ross County, Ohio(2)",39141,Rural,21.3 ,17.5, 25.9,N/A , N/A , N/A,22,stable,-0.1 ,-2.8, 3.2
"Coffee County, Georgia(7)",13069,Rural,21.3 ,15.7, 28.3,N/A , N/A , N/A,10,stable,2.1 ,-1.1, 6.7
"Monroe County, Tennessee(2)",47123,Rural,21.3 ,16.8, 27,N/A , N/A , N/A,16,stable,-0.7 ,-2.8, 1.8
"Sabine County, Texas(7)",48403,Rural,21.3 ,13.4, 34.7,N/A , N/A , N/A,5,stable,2.2 ,-0.6, 5.9
"Floyd County, Kentucky(7)",21071,Rural,21.3 ,15.8, 28.4,N/A , N/A , N/A,11,stable,-1.4 ,-4.1, 1.4
"Burleigh County, North Dakota(2)",38015,Urban,21.3 ,17.8, 25.4,N/A , N/A , N/A,27,stable,-0.9 ,-4.0, 2.6
"Blackford County, Indiana(2)",18009,Rural,21.3 ,13.2, 33.7,N/A , N/A , N/A,4,stable,-2.0 ,-5.8, 1.6
"Clay County, Missouri(2)",29047,Urban,21.3 ,18.9, 23.9,N/A , N/A , N/A,62,stable,-0.7 ,-1.9, 0.6
"Snyder County, Pennsylvania(2)",42109,Rural,21.3 ,16.2, 27.6,N/A , N/A , N/A,12,stable,0.4 ,-1.8, 2.7
"Lake County, Indiana(2)",18089,Urban,21.3 ,19.7, 23,N/A , N/A , N/A,138,stable,0.1 ,-1.3, 1.5
"Brantley County, Georgia(7)",13025,Urban,21.3 ,13.7, 31.9,N/A , N/A , N/A,5,*,*,*,*
"Harrison County, Iowa(7)",19085,Urban,21.3 ,13.3, 32.9,N/A , N/A , N/A,4,stable,0.3 ,-1.7, 2.4
"Camden County, Georgia(7)",13039,Rural,21.3 ,16.1, 27.6,N/A , N/A , N/A,12,stable,-0.9 ,-3.2, 2.1
"Tippecanoe County, Indiana(2)",18157,Urban,21.3 ,18.2, 24.7,N/A , N/A , N/A,36,stable,0.2 ,-1.8, 2.5
"Cherokee County, Texas(7)",48073,Rural,21.3 ,16.5, 27,N/A , N/A , N/A,14,stable,1.3 ,-0.5, 3.5
"Independence County, Arkansas(2)",05063,Rural,21.3 ,15.8, 28.1,N/A , N/A , N/A,10,stable,1.1 ,-1.4, 4.0
"Elmore County, Alabama(2)",01051,Urban,21.2 ,17.4, 25.7,N/A , N/A , N/A,22,stable,-0.3 ,-2.4, 2.0
"Bremer County, Iowa(7)",19017,Urban,21.2 ,15.1, 29.5,N/A , N/A , N/A,8,stable,0.5 ,-1.2, 2.6
"Marion County, Missouri(2)",29127,Rural,21.2 ,15.1, 29.2,N/A , N/A , N/A,8,stable,2.3 ,-1.6, 7.0
"Tompkins County, New York(7)",36109,Urban,21.2 ,17.6, 25.5,N/A , N/A , N/A,25,stable,-1.8 ,-3.5, 0.1
"Douglas County, Nevada(2)",32005,Rural,21.2 ,17.2, 26.2,N/A , N/A , N/A,22,stable,-1.3 ,-3.4, 0.9
"Perry County, Ohio(2)",39127,Urban,21.2 ,15.7, 28.2,N/A , N/A , N/A,10,stable,0.2 ,-4.3, 5.5
"Bonneville County, Idaho(7)",16019,Urban,21.2 ,17.7, 25.2,N/A , N/A , N/A,27,stable,0.2 ,-1.2, 2.0
"Choctaw County, Oklahoma(2)",40023,Rural,21.2 ,13.3, 32.9,N/A , N/A , N/A,5,stable,0.7 ,-3.6, 5.8
"Dickson County, Tennessee(2)",47043,Urban,21.2 ,16.5, 27,N/A , N/A , N/A,14,falling,-12.8 ,-29.0, -0.3
"Carter County, Tennessee(2)",47019,Urban,21.2 ,17.2, 26.1,N/A , N/A , N/A,20,stable,1.7 ,-0.4, 4.1
"Bradford County, Pennsylvania(2)",42015,Rural,21.2 ,17.2, 25.9,N/A , N/A , N/A,21,stable,-0.9 ,-2.4, 0.6
"Jefferson County, Idaho(7)",16051,Urban,21.2 ,14.2, 30.4,N/A , N/A , N/A,6,stable,-0.6 ,-4.1, 3.8
"Prince George County, Virginia(2)",51149,Urban,21.2 ,15.3, 28.6,N/A , N/A , N/A,9,stable,-1.0 ,-5.3, 3.8
"Freestone County, Texas(7)",48161,Rural,21.2 ,14.2, 30.8,N/A , N/A , N/A,6,*,*,*,*
"Onslow County, North Carolina(2)",37133,Urban,21.2 ,17.9, 24.8,N/A , N/A , N/A,32,stable,-0.8 ,-2.8, 1.3
"McDowell County, North Carolina(2)",37111,Rural,21.2 ,16.6, 26.9,N/A , N/A , N/A,15,stable,0.0 ,-2.3, 2.4
"Muscatine County, Iowa(7)",19139,Rural,21.2 ,15.9, 27.7,N/A , N/A , N/A,11,stable,-0.1 ,-1.4, 1.4
"Clinton County, Michigan(2)",26037,Urban,21.2 ,17.4, 25.6,N/A , N/A , N/A,23,stable,1.1 ,-1.2, 3.9
"Lee County, Georgia(7)",13177,Urban,21.2 ,14.3, 30.1,N/A , N/A , N/A,7,*,*,*,*
"Lake County, Illinois(7)",17097,Urban,21.1 ,19.7, 22.6,N/A , N/A , N/A,173,falling,-1.8 ,-6.2, -0.7
"Sandusky County, Ohio(2)",39143,Rural,21.1 ,16.8, 26.3,N/A , N/A , N/A,18,stable,-1.2 ,-3.2, 0.8
"Bennington County, Vermont(2)",50003,Rural,21.1 ,16.4, 27.1,N/A , N/A , N/A,14,stable,-4.0 ,-21.7, 2.7
"Henderson County, North Carolina(2)",37089,Urban,21.1 ,18.4, 24.2,N/A , N/A , N/A,45,stable,-1.0 ,-2.2, 0.2
"Forsyth County, North Carolina(2)",37067,Urban,21.1 ,19.3, 23.1,N/A , N/A , N/A,100,stable,0.2 ,-1.1, 1.5
"Mercer County, Pennsylvania(2)",42085,Rural,21.1 ,18.2, 24.5,N/A , N/A , N/A,39,stable,-1.3 ,-2.7, 0.0
"Bryan County, Georgia(7)",13029,Urban,21.1 ,14.8, 29.2,N/A , N/A , N/A,8,stable,-0.3 ,-2.4, 2.6
"Ogle County, Illinois(7)",17141,Rural,21.1 ,16.6, 26.6,N/A , N/A , N/A,16,stable,-0.1 ,-1.5, 1.5
"Morgan County, Illinois(7)",17137,Rural,21.1 ,15.8, 27.9,N/A , N/A , N/A,11,stable,-1.7 ,-4.9, 1.6
"Cuyahoga County, Ohio(2)",39035,Urban,21.1 ,20.1, 22.1,N/A , N/A , N/A,372,stable,-0.2 ,-0.7, 0.3
"Clackamas County, Oregon(2)",41005,Urban,21.1 ,19.4, 22.9,N/A , N/A , N/A,124,stable,-0.3 ,-1.7, 1.3
"Danville City, Virginia(2)",51590,Rural,21.1 ,16.2, 27.2,N/A , N/A , N/A,13,stable,0.1 ,-3.4, 3.5
"Thurston County, Washington(7)",53067,Urban,21.1 ,19, 23.3,N/A , N/A , N/A,80,falling,-0.7 ,-1.2, -0.1
"Deschutes County, Oregon(2)",41017,Urban,21.1 ,18.7, 23.7,N/A , N/A , N/A,61,falling,-1.7 ,-2.7, -0.7
"Martin County, Florida(2)",12085,Urban,21.1 ,18.9, 23.6,N/A , N/A , N/A,78,falling,-1.8 ,-4.8, -0.8
"West Feliciana Parish, Louisiana(7)",22125,Urban,21.1 ,12.7, 33.5,N/A , N/A , N/A,4,stable,-1.9 ,-6.6, 3.1
"Benton County, Missouri(2)",29015,Rural,21.1 ,15.3, 29.6,N/A , N/A , N/A,9,stable,-1.8 ,-5.2, 1.9
"Allegheny County, Pennsylvania(2)",42003,Urban,21.1 ,20.1, 22.1,N/A , N/A , N/A,380,falling,-2.8 ,-5.0, -1.8
"Wichita County, Texas(7)",48485,Urban,21.1 ,17.9, 24.7,N/A , N/A , N/A,31,falling,-12.3 ,-20.8, -3.7
"Coshocton County, Ohio(2)",39031,Rural,21.1 ,15.8, 27.8,N/A , N/A , N/A,11,stable,-0.7 ,-3.9, 2.7
"Humphreys County, Tennessee(2)",47085,Rural,21.1 ,14, 30.9,N/A , N/A , N/A,6,stable,-1.0 ,-5.6, 3.6
"Tishomingo County, Mississippi(2)",28141,Rural,21 ,14.2, 30.6,N/A , N/A , N/A,6,stable,1.2 ,-4.0, 7.3
"Dare County, North Carolina(2)",37055,Rural,21 ,15.9, 27.6,N/A , N/A , N/A,12,stable,1.4 ,-1.8, 5.3
"Gallatin County, Montana(2)",30031,Urban,21 ,17.2, 25.4,N/A , N/A , N/A,23,stable,0.0 ,-2.3, 2.8
"New Hanover County, North Carolina(2)",37129,Urban,21 ,18.7, 23.6,N/A , N/A , N/A,63,falling,-2.2 ,-10.6, -0.1
"Otoe County, Nebraska(2)",31131,Rural,21 ,13.8, 31.5,N/A , N/A , N/A,5,stable,2.5 ,-0.8, 6.7
"Addison County, Vermont(2)",50001,Rural,21 ,15.8, 27.7,N/A , N/A , N/A,12,stable,-1.4 ,-3.9, 1.0
"Troup County, Georgia(7)",13285,Rural,21 ,16.8, 26,N/A , N/A , N/A,18,stable,-0.7 ,-6.2, 1.3
"Christian County, Missouri(2)",29043,Urban,21 ,17.2, 25.4,N/A , N/A , N/A,22,stable,-1.0 ,-4.1, 2.4
"Darke County, Ohio(2)",39037,Rural,21 ,16.6, 26.3,N/A , N/A , N/A,16,falling,-15.4 ,-27.7, -1.0
"Catawba County, North Carolina(2)",37035,Urban,21 ,18.3, 24,N/A , N/A , N/A,46,stable,-0.3 ,-2.0, 1.5
"Clermont County, Ohio(2)",39025,Urban,21 ,18.6, 23.6,N/A , N/A , N/A,58,stable,-0.2 ,-2.0, 1.9
"Vermilion Parish, Louisiana(7)",22113,Urban,21 ,16.4, 26.5,N/A , N/A , N/A,15,stable,-0.2 ,-2.7, 2.6
"Koochiching County, Minnesota(2)",27071,Rural,21 ,13.2, 33.1,N/A , N/A , N/A,5,stable,-0.8 ,-3.4, 1.9
"Fulton County, Ohio(2)",39051,Urban,20.9 ,15.9, 27.2,N/A , N/A , N/A,12,stable,-0.7 ,-3.6, 2.2
"Montgomery County, Illinois(7)",17135,Rural,20.9 ,15.3, 28.4,N/A , N/A , N/A,9,stable,-0.7 ,-2.9, 1.6
"Anderson County, South Carolina(2)",45007,Urban,20.9 ,18.5, 23.6,N/A , N/A , N/A,58,stable,0.2 ,-1.7, 2.3
"Buffalo County, Wisconsin(2)",55011,Rural,20.9 ,12.9, 33,N/A , N/A , N/A,5,stable,1.9 ,-1.9, 6.6
"Hoke County, North Carolina(2)",37093,Urban,20.9 ,14.9, 28.5,N/A , N/A , N/A,9,stable,1.4 ,-2.4, 6.5
"Clay County, Florida(2)",12019,Urban,20.9 ,18.5, 23.6,N/A , N/A , N/A,56,stable,-0.7 ,-2.1, 0.9
"Caldwell County, Kentucky(7)",21033,Rural,20.9 ,12.8, 33.1,N/A , N/A , N/A,4,stable,-0.2 ,-3.5, 3.4
"Culpeper County, Virginia(2)",51047,Urban,20.9 ,16.1, 26.8,N/A , N/A , N/A,13,stable,-1.6 ,-4.3, 1.5
"Williams County, Ohio(2)",39171,Rural,20.9 ,15.6, 27.6,N/A , N/A , N/A,11,stable,-0.8 ,-4.4, 3.1
"Granville County, North Carolina(2)",37077,Rural,20.9 ,16.6, 26.1,N/A , N/A , N/A,17,stable,-10.2 ,-25.8, 0.9
"Bradley County, Tennessee(2)",47011,Urban,20.9 ,17.6, 24.7,N/A , N/A , N/A,29,stable,0.0 ,-2.1, 2.4
"Mitchell County, North Carolina(2)",37121,Rural,20.9 ,13.4, 32.1,N/A , N/A , N/A,5,falling,-3.0 ,-5.9, -0.2
"Clearfield County, Pennsylvania(2)",42033,Rural,20.9 ,17.4, 25,N/A , N/A , N/A,26,stable,-1.4 ,-3.4, 0.5
"Sumner County, Tennessee(2)",47165,Urban,20.9 ,18.3, 23.8,N/A , N/A , N/A,49,stable,-9.8 ,-19.1, 0.2
"Sharp County, Arkansas(2)",05135,Rural,20.9 ,13.8, 31,N/A , N/A , N/A,6,stable,-2.2 ,-4.9, 0.1
"Santa Cruz County, California(7)",06087,Urban,20.9 ,18.7, 23.3,N/A , N/A , N/A,71,stable,-0.4 ,-0.8, 0.1
"Cass County, Nebraska(2)",31025,Urban,20.9 ,14.5, 29.3,N/A , N/A , N/A,8,stable,0.4 ,-2.6, 3.9
"Huntington County, Indiana(2)",18069,Rural,20.9 ,15.6, 27.6,N/A , N/A , N/A,11,stable,0.7 ,-1.5, 3.2
"Macon County, North Carolina(2)",37113,Rural,20.9 ,16.2, 26.8,N/A , N/A , N/A,15,stable,-0.6 ,-3.9, 2.8
"Pike County, Indiana(2)",18125,Rural,20.9 ,12.4, 33.8,N/A , N/A , N/A,4,*,*,*,*
"Holmes County, Ohio(2)",39075,Rural,20.9 ,15.6, 27.5,N/A , N/A , N/A,11,stable,2.4 ,-2.2, 8.4
"Muskegon County, Michigan(2)",26121,Urban,20.9 ,18.2, 23.8,N/A , N/A , N/A,48,stable,-1.4 ,-3.0, 0.1
"Benton County, Arkansas(2)",05007,Urban,20.9 ,18.6, 23.4,N/A , N/A , N/A,61,stable,0.4 ,-1.3, 2.4
"Boone County, Kentucky(7)",21015,Urban,20.9 ,17.6, 24.6,N/A , N/A , N/A,31,stable,0.9 ,-1.1, 3.5
"Lake County, California(7)",06033,Rural,20.9 ,17.1, 25.4,N/A , N/A , N/A,24,falling,-2.3 ,-3.7, -0.8
"Saline County, Illinois(7)",17165,Rural,20.9 ,14.5, 29.5,N/A , N/A , N/A,7,stable,0.2 ,-3.0, 3.8
"Hancock County, Mississippi(2)",28045,Urban,20.9 ,16.2, 26.7,N/A , N/A , N/A,15,stable,-0.9 ,-4.0, 2.5
"Eaton County, Michigan(2)",26045,Urban,20.9 ,17.7, 24.5,N/A , N/A , N/A,33,stable,-0.9 ,-3.0, 1.3
"Mohave County, Arizona(2)",04015,Urban,20.9 ,19, 23,N/A , N/A , N/A,100,falling,-10.7 ,-16.7, -4.1
"Warren County, Illinois(7)",17187,Rural,20.9 ,13.7, 31,N/A , N/A , N/A,5,stable,-1.8 ,-4.3, 0.7
"Cabarrus County, North Carolina(2)",37025,Urban,20.9 ,18.2, 23.7,N/A , N/A , N/A,48,stable,-0.5 ,-1.9, 1.2
"Rockingham County, North Carolina(2)",37157,Urban,20.8 ,17.6, 24.6,N/A , N/A , N/A,30,stable,-12.8 ,-25.5, 0.7
"Alcorn County, Mississippi(2)",28003,Rural,20.8 ,15.3, 27.9,N/A , N/A , N/A,10,stable,2.0 ,-1.3, 5.7
"Lawrence County, Missouri(2)",29109,Rural,20.8 ,15.6, 27.5,N/A , N/A , N/A,11,stable,0.6 ,-2.1, 3.6
"Manatee County, Florida(2)",12081,Urban,20.8 ,19.4, 22.4,N/A , N/A , N/A,168,stable,-0.7 ,-1.9, 0.5
"Lake County, Florida(2)",12069,Urban,20.8 ,19.4, 22.4,N/A , N/A , N/A,156,falling,-8.2 ,-14.4, -1.6
"Montrose County, Colorado(2)",08085,Rural,20.8 ,16.5, 26.3,N/A , N/A , N/A,16,stable,4.7 ,-0.9, 22.6
"Kane County, Illinois(7)",17089,Urban,20.8 ,19.2, 22.6,N/A , N/A , N/A,120,stable,-0.5 ,-1.5, 0.7
"Beltrami County, Minnesota(2)",27007,Rural,20.8 ,15.7, 27.2,N/A , N/A , N/A,12,stable,1.1 ,-1.6, 4.2
"Gage County, Nebraska(2)",31067,Rural,20.8 ,14.4, 29.6,N/A , N/A , N/A,7,stable,0.8 ,-3.1, 5.1
"Nassau County, Florida(2)",12089,Urban,20.8 ,17.5, 24.6,N/A , N/A , N/A,31,stable,-0.1 ,-2.0, 2.1
"Lebanon County, Pennsylvania(2)",42075,Urban,20.8 ,18.1, 23.9,N/A , N/A , N/A,44,falling,-1.5 ,-2.8, -0.1
"Marquette County, Michigan(2)",26103,Rural,20.8 ,16.7, 25.7,N/A , N/A , N/A,19,stable,-0.7 ,-3.0, 1.6
"Whitfield County, Georgia(7)",13313,Urban,20.8 ,17.2, 25,N/A , N/A , N/A,24,stable,0.2 ,-1.7, 2.5
"Essex County, Massachusetts(2)",25009,Urban,20.8 ,19.6, 22.1,N/A , N/A , N/A,225,falling,-4.3 ,-8.6, -2.0
"Lafayette County, Wisconsin(2)",55065,Rural,20.8 ,13.3, 31.4,N/A , N/A , N/A,5,stable,-0.2 ,-4.1, 4.4
"Mingo County, West Virginia(2)",54059,Rural,20.8 ,14.1, 29.8,N/A , N/A , N/A,7,stable,-0.3 ,-6.1, 5.7
"Kootenai County, Idaho(7)",16055,Urban,20.8 ,18.2, 23.6,N/A , N/A , N/A,51,stable,-1.0 ,-2.4, 0.7
"Lafayette County, Missouri(2)",29107,Urban,20.8 ,15.3, 27.9,N/A , N/A , N/A,10,stable,-0.5 ,-3.5, 2.6
"Meigs County, Tennessee(2)",47121,Rural,20.8 ,12.4, 33.5,N/A , N/A , N/A,4,*,*,*,*
"Warren County, Missouri(2)",29219,Urban,20.8 ,15.1, 28,N/A , N/A , N/A,9,stable,-0.5 ,-3.0, 2.4
"Providence County, Rhode Island(2)",44007,Urban,20.8 ,19.4, 22.3,N/A , N/A , N/A,167,falling,-4.0 ,-10.1, -2.1
"Mercer County, Ohio(2)",39107,Rural,20.7 ,15.6, 27.1,N/A , N/A , N/A,12,stable,-0.6 ,-3.1, 2.0
"Butler County, Kentucky(7)",21031,Urban,20.7 ,11.9, 34.2,N/A , N/A , N/A,3,*,*,*,*
"Bledsoe County, Tennessee(2)",47007,Rural,20.7 ,13.3, 31.9,N/A , N/A , N/A,5,*,*,*,*
"Plaquemines Parish, Louisiana(7)",22075,Urban,20.7 ,13.4, 30.6,N/A , N/A , N/A,5,stable,-1.4 ,-4.6, 1.9
"Tazewell County, Illinois(7)",17179,Urban,20.7 ,17.9, 23.9,N/A , N/A , N/A,40,stable,-1.2 ,-2.7, 0.5
"Cassia County, Idaho(7)",16031,Rural,20.7 ,13.6, 30.3,N/A , N/A , N/A,5,stable,0.0 ,-4.9, 5.9
"Napa County, California(7)",06055,Urban,20.7 ,18, 23.8,N/A , N/A , N/A,43,stable,-0.5 ,-2.2, 1.3
"Loudon County, Tennessee(2)",47105,Urban,20.7 ,17, 25.3,N/A , N/A , N/A,22,stable,0.9 ,-2.2, 4.8
"Alamance County, North Carolina(2)",37001,Urban,20.7 ,18.1, 23.6,N/A , N/A , N/A,46,stable,0.4 ,-1.6, 2.7
"Meade County, Kentucky(7)",21163,Urban,20.7 ,14.4, 29,N/A , N/A , N/A,7,stable,-1.7 ,-4.9, 2.0
"Marion County, Oregon(2)",41047,Urban,20.7 ,18.7, 22.8,N/A , N/A , N/A,85,stable,-0.7 ,-1.8, 0.4
"Effingham County, Illinois(7)",17049,Rural,20.7 ,15.2, 27.6,N/A , N/A , N/A,10,stable,-0.3 ,-2.6, 2.3
"Washington County, Idaho(7)",16087,Rural,20.7 ,11.5, 35.3,N/A , N/A , N/A,3,stable,-0.9 ,-5.3, 4.0
"Kosciusko County, Indiana(2)",18085,Rural,20.7 ,16.8, 25.2,N/A , N/A , N/A,21,stable,-0.7 ,-2.4, 1.1
"McCreary County, Kentucky(7)",21147,Rural,20.7 ,12.9, 31.9,N/A , N/A , N/A,4,*,*,*,*
"Scott County, Arkansas(2)",05127,Rural,20.7 ,12, 34.6,N/A , N/A , N/A,3,*,*,*,*
"St. Mary Parish, Louisiana(7)",22101,Rural,20.7 ,15.9, 26.5,N/A , N/A , N/A,13,stable,-0.8 ,-3.3, 2.0
"Park County, Montana(2)",30067,Rural,20.7 ,13.7, 30.7,N/A , N/A , N/A,6,stable,-0.6 ,-3.6, 3.1
"Douglas County, Washington(2)",53017,Urban,20.6 ,15.7, 26.8,N/A , N/A , N/A,12,stable,-1.4 ,-3.2, 0.7
"Nicollet County, Minnesota(2)",27103,Urban,20.6 ,15, 27.8,N/A , N/A , N/A,9,stable,-1.6 ,-4.9, 2.2
"Bossier Parish, Louisiana(7)",22015,Urban,20.6 ,17.4, 24.3,N/A , N/A , N/A,30,stable,-0.7 ,-2.6, 1.7
"Sweetwater County, Wyoming(2)",56037,Rural,20.6 ,14.8, 27.9,N/A , N/A , N/A,9,stable,0.1 ,-4.4, 5.4
"Cherokee County, Georgia(7)",13057,Urban,20.6 ,18.3, 23.2,N/A , N/A , N/A,62,falling,-9.1 ,-16.4, -0.5
"Wilkes County, Georgia(7)",13317,Rural,20.6 ,11.9, 34.8,N/A , N/A , N/A,3,*,*,*,*
"Teller County, Colorado(2)",08119,Urban,20.6 ,14.3, 29.3,N/A , N/A , N/A,8,stable,0.3 ,-4.6, 7.5
"Dane County, Wisconsin(2)",55025,Urban,20.6 ,18.9, 22.3,N/A , N/A , N/A,123,stable,0.7 ,-0.4, 1.9
"Franklin County, Arkansas(2)",05047,Rural,20.6 ,13.4, 30.8,N/A , N/A , N/A,5,stable,-1.2 ,-5.1, 2.6
"Benton County, Iowa(7)",19011,Urban,20.6 ,14.6, 28.5,N/A , N/A , N/A,8,stable,0.2 ,-1.3, 1.9
"Jasper County, Iowa(7)",19099,Urban,20.6 ,15.5, 26.9,N/A , N/A , N/A,12,stable,0.1 ,-1.7, 2.1
"Lincoln County, Montana(2)",30053,Rural,20.6 ,14.5, 29.3,N/A , N/A , N/A,9,stable,-3.1 ,-6.2, 0.1
"Fairfax City, Virginia(2)",51600,Urban,20.6 ,13.4, 30.2,N/A , N/A , N/A,5,stable,-0.4 ,-3.1, 2.3
"Montgomery County, North Carolina(2)",37123,Rural,20.5 ,14.6, 28.5,N/A , N/A , N/A,8,stable,-1.1 ,-3.7, 1.7
"Houston County, Georgia(7)",13153,Urban,20.5 ,17.5, 24,N/A , N/A , N/A,34,stable,-0.1 ,-1.9, 2.2
"Harrison County, Kentucky(7)",21097,Rural,20.5 ,13, 31.1,N/A , N/A , N/A,5,*,*,*,*
"Van Buren County, Michigan(2)",26159,Rural,20.5 ,16.7, 25,N/A , N/A , N/A,22,stable,-0.1 ,-3.1, 3.2
"Fayette County, Pennsylvania(2)",42051,Urban,20.5 ,17.8, 23.6,N/A , N/A , N/A,42,falling,-4.8 ,-12.3, -2.6
"McLean County, North Dakota(2)",38055,Rural,20.5 ,12, 34.4,N/A , N/A , N/A,4,falling,-12.4 ,-34.7, -4.5
"Butte County, California(7)",06007,Urban,20.5 ,18.2, 23.1,N/A , N/A , N/A,58,falling,-1.4 ,-2.7, -0.2
"Anderson County, Kentucky(7)",21005,Rural,20.5 ,13.8, 29.6,N/A , N/A , N/A,6,stable,-1.9 ,-4.4, 0.8
"Calhoun County, Alabama(2)",01015,Urban,20.5 ,17.4, 24.1,N/A , N/A , N/A,32,stable,-0.5 ,-2.2, 1.3
"Caledonia County, Vermont(2)",50005,Rural,20.5 ,15, 27.7,N/A , N/A , N/A,10,stable,-0.7 ,-3.4, 2.2
"Kent County, Michigan(2)",26081,Urban,20.5 ,19, 22.1,N/A , N/A , N/A,145,falling,-1.8 ,-6.6, -0.6
"Tuscarawas County, Ohio(2)",39157,Rural,20.5 ,17.1, 24.4,N/A , N/A , N/A,27,falling,-6.8 ,-19.6, -1.0
"Moultrie County, Illinois(7)",17139,Rural,20.5 ,12.5, 32.2,N/A , N/A , N/A,4,stable,0.7 ,-3.2, 5.5
"Franklin County, Massachusetts(2)",25011,Rural,20.5 ,16.8, 24.8,N/A , N/A , N/A,24,stable,-0.4 ,-3.1, 2.5
"Boone County, Missouri(2)",29019,Urban,20.5 ,17.6, 23.7,N/A , N/A , N/A,37,stable,0.9 ,-1.1, 3.4
"Washoe County, Nevada(2)",32031,Urban,20.5 ,18.8, 22.2,N/A , N/A , N/A,121,stable,7.4 ,-1.5, 14.3
"Bannock County, Idaho(7)",16005,Urban,20.5 ,16.4, 25.3,N/A , N/A , N/A,18,stable,-0.9 ,-3.5, 1.9
"Jessamine County, Kentucky(7)",21113,Urban,20.5 ,15.6, 26.4,N/A , N/A , N/A,12,stable,-0.5 ,-2.5, 2.0
"Washington County, Utah(7)",49053,Urban,20.5 ,18.1, 23.1,N/A , N/A , N/A,57,stable,0.7 ,-0.2, 2.1
"Fall River County, South Dakota(2)",46047,Rural,20.5 ,11.6, 37.7,N/A , N/A , N/A,3,*,*,*,*
"Tuscola County, Michigan(2)",26157,Rural,20.5 ,16.2, 25.6,N/A , N/A , N/A,17,stable,-0.9 ,-2.8, 1.2
"Mecosta County, Michigan(2)",26107,Rural,20.5 ,15.6, 26.6,N/A , N/A , N/A,12,stable,-1.2 ,-3.8, 1.5
"Okaloosa County, Florida(2)",12091,Urban,20.4 ,18, 23.2,N/A , N/A , N/A,53,falling,-1.9 ,-3.6, -0.2
"Colusa County, California(7)",06011,Rural,20.4 ,13, 30.7,N/A , N/A , N/A,5,*,*,*,*
"Fleming County, Kentucky(7)",21069,Rural,20.4 ,12.7, 31.7,N/A , N/A , N/A,4,stable,-1.6 ,-4.2, 1.3
"Wayne County, Ohio(2)",39169,Rural,20.4 ,17.3, 24,N/A , N/A , N/A,32,stable,-0.5 ,-2.3, 1.4
"Lee County, Illinois(7)",17103,Rural,20.4 ,15.2, 27.1,N/A , N/A , N/A,11,stable,-0.5 ,-2.5, 1.8
"McLean County, Illinois(7)",17113,Urban,20.4 ,17.5, 23.7,N/A , N/A , N/A,37,stable,-1.2 ,-3.1, 0.8
"Sarasota County, Florida(2)",12115,Urban,20.4 ,19.2, 21.8,N/A , N/A , N/A,242,falling,-4.0 ,-7.5, -1.9
"Augusta County, Virginia(2)",51015,Urban,20.4 ,17, 24.5,N/A , N/A , N/A,26,stable,-0.8 ,-2.5, 1.2
"Johnson County, Texas(7)",48251,Urban,20.4 ,17.6, 23.6,N/A , N/A , N/A,40,stable,-0.5 ,-1.4, 0.5
"Box Butte County, Nebraska(2)",31013,Rural,20.4 ,11.3, 34.8,N/A , N/A , N/A,3,*,*,*,*
"Poweshiek County, Iowa(7)",19157,Rural,20.4 ,13.4, 30.3,N/A , N/A , N/A,6,stable,0.0 ,-1.7, 1.9
"Yamhill County, Oregon(2)",41071,Urban,20.4 ,17.2, 24.1,N/A , N/A , N/A,29,stable,-1.2 ,-3.2, 0.9
"Waller County, Texas(7)",48473,Urban,20.4 ,15.1, 26.9,N/A , N/A , N/A,11,stable,-0.3 ,-3.1, 3.5
"Douglas County, Georgia(7)",13097,Urban,20.4 ,17, 24.3,N/A , N/A , N/A,28,stable,-0.3 ,-1.4, 1.1
"St. Tammany Parish, Louisiana(7)",22103,Urban,20.4 ,18.3, 22.7,N/A , N/A , N/A,71,falling,-8.4 ,-13.4, -1.3
"Washington County, Missouri(2)",29221,Rural,20.4 ,13.9, 29.2,N/A , N/A , N/A,7,stable,0.6 ,-2.5, 4.1
"Bullitt County, Kentucky(7)",21029,Urban,20.4 ,16.6, 24.9,N/A , N/A , N/A,21,stable,-0.8 ,-2.8, 1.7
"Bedford County, Pennsylvania(2)",42009,Rural,20.4 ,16.3, 25.5,N/A , N/A , N/A,17,stable,-1.7 ,-4.3, 1.0
"Sanilac County, Michigan(2)",26151,Rural,20.4 ,15.6, 26.4,N/A , N/A , N/A,13,stable,-1.8 ,-3.8, 0.0
"Martin County, North Carolina(2)",37117,Rural,20.4 ,14.3, 28.8,N/A , N/A , N/A,8,stable,1.9 ,-1.6, 6.2
"Carroll County, Georgia(7)",13045,Urban,20.4 ,17, 24.2,N/A , N/A , N/A,27,stable,-0.7 ,-2.2, 1.2
"Monroe County, Alabama(2)",01099,Rural,20.4 ,13.7, 29.6,N/A , N/A , N/A,6,*,*,*,*
"Lauderdale County, Tennessee(2)",47097,Rural,20.4 ,13.9, 29,N/A , N/A , N/A,7,stable,1.6 ,-1.6, 5.2
"Marshall County, Indiana(2)",18099,Rural,20.4 ,15.4, 26.5,N/A , N/A , N/A,12,falling,-2.3 ,-9.3, -0.2
"Matanuska-Susitna Borough, Alaska(2)",02170,Urban,20.4 ,16.3, 25,N/A , N/A , N/A,21,falling,-18.6 ,-30.7, -2.6
"Rowan County, Kentucky(7)",21205,Rural,20.4 ,13.1, 30.2,N/A , N/A , N/A,5,falling,-24.6 ,-44.2, -1.6
"Clinton County, Missouri(2)",29049,Urban,20.3 ,13.5, 29.7,N/A , N/A , N/A,6,*,*,*,*
"Shiawassee County, Michigan(2)",26155,Rural,20.3 ,16.5, 24.9,N/A , N/A , N/A,20,stable,-1.6 ,-3.5, 0.4
"Mason County, Washington(7)",53045,Rural,20.3 ,16.6, 24.8,N/A , N/A , N/A,23,falling,-1.4 ,-2.4, -0.3
"Glynn County, Georgia(7)",13127,Urban,20.3 ,17, 24.2,N/A , N/A , N/A,27,stable,-0.1 ,-1.7, 1.8
"Duchesne County, Utah(7)",49013,Rural,20.3 ,12.4, 31.5,N/A , N/A , N/A,4,*,*,*,*
"Dallas County, Iowa(7)",19049,Urban,20.3 ,16.4, 24.9,N/A , N/A , N/A,19,stable,-0.9 ,-2.1, 0.8
"Grainger County, Tennessee(2)",47057,Urban,20.3 ,14.1, 28.8,N/A , N/A , N/A,7,stable,0.8 ,-2.3, 4.3
"Oakland County, Michigan(2)",26125,Urban,20.3 ,19.3, 21.3,N/A , N/A , N/A,340,falling,-1.9 ,-4.4, -1.4
"Mercer County, New Jersey(7)",34021,Urban,20.3 ,18.5, 22.3,N/A , N/A , N/A,93,falling,-1.6 ,-2.5, -0.7
"Washington County, Minnesota(2)",27163,Urban,20.3 ,18.1, 22.7,N/A , N/A , N/A,66,stable,-1.3 ,-2.4, 0.0
"Union Parish, Louisiana(7)",22111,Urban,20.3 ,14.1, 28.8,N/A , N/A , N/A,7,stable,1.5 ,-0.8, 4.4
"Putnam County, Ohio(2)",39137,Rural,20.3 ,14.9, 27.2,N/A , N/A , N/A,10,stable,-0.8 ,-4.7, 3.0
"Salem County, New Jersey(7)",34033,Urban,20.3 ,16.3, 25,N/A , N/A , N/A,19,falling,-7.8 ,-21.4, -2.0
"Livingston County, Michigan(2)",26093,Urban,20.3 ,17.8, 23,N/A , N/A , N/A,53,falling,-5.5 ,-13.4, -1.6
"Benton County, Minnesota(2)",27009,Urban,20.3 ,14.8, 27.2,N/A , N/A , N/A,9,stable,-0.7 ,-3.6, 2.4
"Chittenden County, Vermont(2)",50007,Urban,20.3 ,17.5, 23.3,N/A , N/A , N/A,41,stable,-0.4 ,-1.9, 1.2
"Richmond County, North Carolina(2)",37153,Rural,20.3 ,15.3, 26.5,N/A , N/A , N/A,11,stable,0.2 ,-2.4, 2.9
"Lampasas County, Texas(7)",48281,Urban,20.3 ,13.7, 29.3,N/A , N/A , N/A,6,stable,0.2 ,-3.7, 5.0
"Orleans County, Vermont(2)",50019,Rural,20.3 ,14.8, 27.5,N/A , N/A , N/A,9,stable,-2.4 ,-5.7, 0.7
"Hancock County, Indiana(2)",18059,Urban,20.3 ,16.5, 24.7,N/A , N/A , N/A,21,stable,-0.7 ,-3.2, 2.1
"Palo Pinto County, Texas(7)",48363,Rural,20.3 ,14.4, 27.9,N/A , N/A , N/A,8,stable,-0.2 ,-3.2, 3.1
"Auglaize County, Ohio(2)",39011,Rural,20.2 ,15.5, 26.2,N/A , N/A , N/A,13,stable,-0.7 ,-2.5, 1.0
"Baxter County, Arkansas(2)",05005,Rural,20.2 ,15.9, 25.7,N/A , N/A , N/A,18,stable,-2.2 ,-4.6, 0.1
"McDonough County, Illinois(7)",17109,Rural,20.2 ,14.2, 28.4,N/A , N/A , N/A,8,stable,-0.1 ,-2.7, 2.7
"Macon County, Tennessee(2)",47111,Urban,20.2 ,13.5, 29.3,N/A , N/A , N/A,6,stable,1.3 ,-2.2, 5.5
"Miller County, Missouri(2)",29131,Rural,20.2 ,14, 28.6,N/A , N/A , N/A,7,stable,0.2 ,-2.2, 2.9
"Iron County, Utah(7)",49021,Rural,20.2 ,15, 26.6,N/A , N/A , N/A,11,stable,-0.3 ,-2.2, 2.4
"McCracken County, Kentucky(7)",21145,Urban,20.2 ,16.4, 24.8,N/A , N/A , N/A,20,stable,-0.9 ,-2.6, 0.9
"Union County, Georgia(7)",13291,Rural,20.2 ,15.1, 27.4,N/A , N/A , N/A,12,falling,-22.7 ,-37.2, -1.1
"Citrus County, Florida(2)",12017,Urban,20.2 ,18.1, 22.6,N/A , N/A , N/A,79,stable,-1.6 ,-3.7, 0.5
"Carter County, Oklahoma(2)",40019,Rural,20.2 ,15.4, 26.2,N/A , N/A , N/A,12,stable,-0.3 ,-3.0, 2.5
"Wood County, West Virginia(2)",54107,Urban,20.2 ,16.8, 24.2,N/A , N/A , N/A,26,falling,-1.8 ,-3.5, -0.2
"Grundy County, Illinois(7)",17063,Urban,20.2 ,15.3, 26.2,N/A , N/A , N/A,12,stable,-1.2 ,-3.4, 1.2
"McIntosh County, Georgia(7)",13191,Urban,20.2 ,12.1, 33.4,N/A , N/A , N/A,4,stable,0.7 ,-2.5, 5.0
"Winnebago County, Illinois(7)",17201,Urban,20.2 ,18.2, 22.4,N/A , N/A , N/A,77,stable,-0.5 ,-1.3, 0.4
"Shelby County, Texas(7)",48419,Rural,20.2 ,13.7, 29,N/A , N/A , N/A,6,*,*,*,*
"Fayette County, Illinois(7)",17051,Rural,20.2 ,13.5, 29.4,N/A , N/A , N/A,6,stable,-1.6 ,-5.3, 2.2
"Martin County, Minnesota(2)",27091,Rural,20.2 ,14, 28.9,N/A , N/A , N/A,7,stable,-1.0 ,-4.1, 2.2
"Raleigh County, West Virginia(2)",54081,Urban,20.2 ,16.6, 24.4,N/A , N/A , N/A,23,stable,-0.6 ,-2.5, 1.3
"Hendricks County, Indiana(2)",18063,Urban,20.2 ,17.4, 23.3,N/A , N/A , N/A,39,stable,-1.1 ,-2.5, 0.5
"Montgomery County, Tennessee(2)",47125,Urban,20.2 ,17.1, 23.6,N/A , N/A , N/A,34,stable,0.5 ,-1.2, 2.5
"Hamblen County, Tennessee(2)",47063,Urban,20.2 ,16.1, 25.1,N/A , N/A , N/A,17,stable,0.1 ,-2.5, 2.8
"Dallas County, Missouri(2)",29059,Urban,20.2 ,12.6, 31,N/A , N/A , N/A,5,stable,1.2 ,-1.4, 4.0
"Middlesex County, New Jersey(7)",34023,Urban,20.2 ,18.9, 21.5,N/A , N/A , N/A,205,falling,-1.3 ,-2.0, -0.6
"Rockingham County, Virginia(2)",51165,Urban,20.2 ,16.8, 24.1,N/A , N/A , N/A,26,stable,1.5 ,-1.7, 5.6
"Jay County, Indiana(2)",18075,Rural,20.2 ,13.3, 29.6,N/A , N/A , N/A,6,stable,0.2 ,-2.9, 3.6
"Hillsborough County, Florida(2)",12057,Urban,20.1 ,19.2, 21.2,N/A , N/A , N/A,331,stable,-0.6 ,-1.2, 0.0
"St. Lucie County, Florida(2)",12111,Urban,20.1 ,18.5, 21.9,N/A , N/A , N/A,118,falling,-1.8 ,-3.2, -0.3
"Rockland County, New York(7)",36087,Urban,20.1 ,18.2, 22.2,N/A , N/A , N/A,82,falling,-1.7 ,-2.6, -0.8
"Franklin County, Missouri(2)",29071,Urban,20.1 ,16.9, 23.9,N/A , N/A , N/A,29,stable,-11.6 ,-26.1, 2.0
"Sumter County, Florida(2)",12119,Urban,20.1 ,17.9, 23,N/A , N/A , N/A,99,falling,-2.8 ,-4.8, -1.7
"Bradford County, Florida(2)",12007,Rural,20.1 ,14.3, 27.9,N/A , N/A , N/A,8,stable,-1.0 ,-4.2, 2.3
"Spotsylvania County, Virginia(2)",51177,Urban,20.1 ,17, 23.6,N/A , N/A , N/A,32,stable,-1.5 ,-3.3, 0.5
"Beauregard Parish, Louisiana(7)",22011,Rural,20.1 ,14.4, 27.4,N/A , N/A , N/A,8,stable,-0.4 ,-3.0, 2.6
"Lawrence County, Indiana(2)",18093,Rural,20.1 ,15.5, 25.8,N/A , N/A , N/A,14,stable,0.2 ,-2.8, 3.3
"Montgomery County, Virginia(2)",51121,Urban,20.1 ,16.2, 24.7,N/A , N/A , N/A,19,stable,-0.5 ,-1.9, 1.1
"Placer County, California(7)",06061,Urban,20.1 ,18.5, 21.8,N/A , N/A , N/A,120,stable,-0.7 ,-1.9, 0.7
"Rogers County, Oklahoma(2)",40131,Urban,20.1 ,16.6, 24.2,N/A , N/A , N/A,24,rising,1.7 ,0.4, 3.3
"Powhatan County, Virginia(2)",51145,Urban,20.1 ,14.2, 27.9,N/A , N/A , N/A,8,stable,-1.6 ,-5.2, 2.5
"Warren County, Pennsylvania(2)",42123,Rural,20.1 ,15.5, 26,N/A , N/A , N/A,14,falling,-4.9 ,-7.5, -3.1
"Hampshire County, Massachusetts(2)",25015,Urban,20.1 ,17.4, 23.2,N/A , N/A , N/A,42,stable,-1.1 ,-2.7, 0.4
"Sac County, Iowa(7)",19161,Rural,20.1 ,11.5, 34,N/A , N/A , N/A,3,*,*,*,*
"Knox County, Illinois(7)",17095,Rural,20.1 ,15.8, 25.3,N/A , N/A , N/A,16,stable,-0.9 ,-2.8, 1.0
"Greenville County, South Carolina(2)",45045,Urban,20.1 ,18.5, 21.7,N/A , N/A , N/A,128,stable,-0.6 ,-3.9, 0.3
"Bleckley County, Georgia(7)",13023,Rural,20.1 ,11.4, 33.3,N/A , N/A , N/A,3,*,*,*,*
"Gasconade County, Missouri(2)",29073,Rural,20.1 ,13.2, 30.3,N/A , N/A , N/A,5,stable,-3.3 ,-7.7, 0.9
"Ellis County, Texas(7)",48139,Urban,20.1 ,17.2, 23.2,N/A , N/A , N/A,39,stable,0.9 ,-0.6, 2.9
"Webster Parish, Louisiana(7)",22119,Rural,20.1 ,15, 26.5,N/A , N/A , N/A,11,stable,0.6 ,-1.3, 2.7
"Franklin County, Ohio(2)",39049,Urban,20 ,18.9, 21.2,N/A , N/A , N/A,252,stable,-0.1 ,-0.8, 0.6
"Guilford County, North Carolina(2)",37081,Urban,20 ,18.5, 21.7,N/A , N/A , N/A,126,stable,-0.7 ,-1.7, 0.5
"Floyd County, Virginia(2)",51063,Urban,20 ,12.8, 30.8,N/A , N/A , N/A,5,stable,1.1 ,-3.7, 7.1
"Sabine Parish, Louisiana(7)",22085,Rural,20 ,13.3, 29.2,N/A , N/A , N/A,6,stable,0.2 ,-2.1, 2.8
"Indian River County, Florida(2)",12061,Urban,20 ,18, 22.3,N/A , N/A , N/A,79,stable,-2.0 ,-3.9, 0.2
"Jackson County, Minnesota(2)",27063,Rural,20 ,11.6, 33.7,N/A , N/A , N/A,3,*,*,*,*
"Umatilla County, Oregon(2)",41059,Rural,20 ,16.2, 24.5,N/A , N/A , N/A,19,stable,0.6 ,-1.3, 2.8
"Smith County, Texas(7)",48423,Urban,20 ,17.8, 22.5,N/A , N/A , N/A,59,stable,-0.2 ,-1.2, 1.0
"Jasper County, Texas(7)",48241,Rural,20 ,14.7, 26.9,N/A , N/A , N/A,10,stable,0.7 ,-1.7, 3.6
"Putnam County, Florida(2)",12107,Rural,20 ,16.5, 24.1,N/A , N/A , N/A,25,stable,-2.1 ,-4.2, 0.0
"Cerro Gordo County, Iowa(7)",19033,Rural,20 ,15.6, 25.5,N/A , N/A , N/A,15,stable,0.6 ,-0.9, 2.4
"Iroquois County, Illinois(7)",17075,Rural,20 ,14.4, 27.4,N/A , N/A , N/A,9,stable,-1.0 ,-3.5, 1.5
"Wayne County, Michigan(2)",26163,Urban,20 ,19.1, 20.9,N/A , N/A , N/A,433,stable,-0.6 ,-1.3, 0.0
"McNairy County, Tennessee(2)",47109,Rural,20 ,13.9, 28.1,N/A , N/A , N/A,8,stable,0.9 ,-3.3, 5.7
"Highland County, Ohio(2)",39071,Rural,20 ,15, 26.2,N/A , N/A , N/A,12,stable,-0.1 ,-2.9, 2.9
"Jackson County, West Virginia(2)",54035,Rural,20 ,14.5, 27.2,N/A , N/A , N/A,9,stable,-0.6 ,-4.3, 3.5
"Marion County, Florida(2)",12083,Urban,19.9 ,18.5, 21.5,N/A , N/A , N/A,153,falling,-6.4 ,-14.0, -2.4
"Ashland County, Wisconsin(2)",55003,Rural,19.9 ,12.4, 31,N/A , N/A , N/A,4,stable,1.3 ,-4.0, 7.4
"El Dorado County, California(7)",06017,Urban,19.9 ,17.7, 22.4,N/A , N/A , N/A,62,falling,-1.3 ,-2.2, -0.2
"Clarke County, Mississippi(2)",28023,Rural,19.9 ,12.6, 30.6,N/A , N/A , N/A,5,*,*,*,*
"Tom Green County, Texas(7)",48451,Urban,19.9 ,16.7, 23.6,N/A , N/A , N/A,28,stable,-1.1 ,-2.6, 0.6
"Dearborn County, Indiana(2)",18029,Urban,19.9 ,15.4, 25.4,N/A , N/A , N/A,14,stable,-1.0 ,-3.1, 1.3
"Marin County, California(7)",06041,Urban,19.9 ,18, 22,N/A , N/A , N/A,86,falling,-1.0 ,-1.6, -0.3
"Henry County, Ohio(2)",39069,Rural,19.9 ,14.2, 27.4,N/A , N/A , N/A,8,stable,-0.8 ,-4.2, 2.9
"Hickman County, Tennessee(2)",47081,Urban,19.9 ,13.8, 28.1,N/A , N/A , N/A,7,stable,0.0 ,-4.1, 4.9
"Union County, South Dakota(2)",46127,Urban,19.9 ,12.5, 30.6,N/A , N/A , N/A,5,stable,-1.5 ,-6.8, 4.8
"Calhoun County, Texas(7)",48057,Rural,19.9 ,12.9, 29.6,N/A , N/A , N/A,5,stable,-0.8 ,-4.3, 3.0
"Morton County, North Dakota(2)",38059,Urban,19.9 ,14, 27.5,N/A , N/A , N/A,8,stable,-0.7 ,-3.8, 2.3
"Mercer County, Illinois(7)",17131,Urban,19.9 ,12.5, 30.6,N/A , N/A , N/A,5,stable,-1.5 ,-6.3, 3.5
"Fayette County, Georgia(7)",13113,Urban,19.9 ,16.9, 23.3,N/A , N/A , N/A,32,stable,-0.4 ,-2.0, 1.6
"Steuben County, Indiana(2)",18151,Rural,19.9 ,14.7, 26.6,N/A , N/A , N/A,10,stable,-0.7 ,-3.7, 2.5
"Johnson County, Kentucky(7)",21115,Rural,19.9 ,13.6, 28.4,N/A , N/A , N/A,7,stable,-0.3 ,-3.5, 3.5
"Montgomery County, Pennsylvania(2)",42091,Urban,19.9 ,18.7, 21.1,N/A , N/A , N/A,233,falling,-2.8 ,-9.4, -1.6
"Grand Forks County, North Dakota(2)",38035,Urban,19.9 ,15.5, 25.1,N/A , N/A , N/A,15,stable,-0.3 ,-3.2, 2.9
"Brown County, Minnesota(2)",27015,Rural,19.9 ,14, 27.7,N/A , N/A , N/A,8,stable,-1.8 ,-5.1, 1.5
"Bosque County, Texas(7)",48035,Urban,19.8 ,13, 29.6,N/A , N/A , N/A,6,stable,3.3 ,-1.4, 9.2
"Hocking County, Ohio(2)",39073,Urban,19.8 ,13.8, 27.8,N/A , N/A , N/A,8,stable,0.1 ,-5.0, 5.9
"Oconee County, Georgia(7)",13219,Urban,19.8 ,14.7, 26.3,N/A , N/A , N/A,10,stable,-2.5 ,-4.9, 0.7
"Comanche County, Oklahoma(2)",40031,Urban,19.8 ,16.5, 23.7,N/A , N/A , N/A,25,stable,-0.3 ,-2.0, 1.7
"Dakota County, Minnesota(2)",27037,Urban,19.8 ,18.1, 21.7,N/A , N/A , N/A,99,stable,-0.5 ,-1.6, 0.7
"Catoosa County, Georgia(7)",13047,Urban,19.8 ,15.9, 24.5,N/A , N/A , N/A,18,stable,0.5 ,-2.0, 3.9
"Carroll County, New Hampshire(2)",33003,Rural,19.8 ,15.9, 24.7,N/A , N/A , N/A,20,falling,-11.7 ,-24.7, -4.8
"Lamb County, Texas(7)",48279,Rural,19.8 ,11.2, 32.8,N/A , N/A , N/A,3,*,*,*,*
"Warren County, Ohio(2)",39165,Urban,19.8 ,17.5, 22.4,N/A , N/A , N/A,55,stable,-1.0 ,-2.9, 1.1
"Jackson County, Mississippi(2)",28059,Urban,19.8 ,16.9, 23.1,N/A , N/A , N/A,35,stable,-1.5 ,-3.3, 0.5
"Marshall County, Alabama(2)",01095,Rural,19.8 ,16.4, 23.7,N/A , N/A , N/A,25,stable,-3.1 ,-14.4, 0.5
"Logan County, Ohio(2)",39091,Rural,19.8 ,15.2, 25.5,N/A , N/A , N/A,13,falling,-8.7 ,-26.0, -1.3
"Randolph County, Missouri(2)",29175,Rural,19.8 ,13.5, 28.3,N/A , N/A , N/A,6,stable,-1.2 ,-5.1, 2.8
"Chickasaw County, Iowa(7)",19037,Rural,19.8 ,11.5, 32.5,N/A , N/A , N/A,4,*,*,*,*
"Southampton County, Virginia(2)",51175,Rural,19.8 ,13, 29.5,N/A , N/A , N/A,6,stable,0.7 ,-2.7, 4.8
"Rutherford County, North Carolina(2)",37161,Rural,19.8 ,16, 24.3,N/A , N/A , N/A,21,stable,-0.6 ,-2.0, 0.9
"Lamoille County, Vermont(2)",50015,Rural,19.8 ,13.5, 28.2,N/A , N/A , N/A,7,falling,-3.3 ,-6.4, -0.1
"Butts County, Georgia(7)",13035,Urban,19.8 ,13.2, 28.5,N/A , N/A , N/A,6,stable,-0.7 ,-4.1, 3.3
"Tooele County, Utah(7)",49045,Urban,19.8 ,14.5, 26.2,N/A , N/A , N/A,10,stable,0.5 ,-1.4, 3.2
"Henry County, Missouri(2)",29083,Rural,19.8 ,13.7, 28.1,N/A , N/A , N/A,7,stable,-0.4 ,-6.3, 5.3
"Poinsett County, Arkansas(2)",05111,Urban,19.8 ,13.3, 28.6,N/A , N/A , N/A,6,stable,-0.3 ,-3.2, 2.7
"Multnomah County, Oregon(2)",41051,Urban,19.7 ,18.4, 21.2,N/A , N/A , N/A,167,stable,0.0 ,-0.8, 0.9
"Newton County, Mississippi(2)",28101,Rural,19.7 ,12.8, 29.3,N/A , N/A , N/A,5,stable,1.0 ,-2.3, 4.6
"Dyer County, Tennessee(2)",47045,Rural,19.7 ,14.5, 26.4,N/A , N/A , N/A,10,stable,1.2 ,-2.1, 5.1
"Toombs County, Georgia(7)",13279,Rural,19.7 ,13.5, 28,N/A , N/A , N/A,7,stable,-1.0 ,-3.1, 1.3
"Taylor County, West Virginia(2)",54091,Rural,19.7 ,12.6, 30.2,N/A , N/A , N/A,5,*,*,*,*
"Saunders County, Nebraska(2)",31155,Urban,19.7 ,13.1, 28.9,N/A , N/A , N/A,6,stable,2.0 ,-2.2, 7.2
"Blair County, Pennsylvania(2)",42013,Urban,19.7 ,16.9, 23,N/A , N/A , N/A,35,stable,-1.0 ,-2.3, 0.3
"Fayette County, Kentucky(7)",21067,Urban,19.7 ,17.6, 22,N/A , N/A , N/A,66,stable,-0.3 ,-1.4, 1.1
"Marshall County, Oklahoma(2)",40095,Rural,19.7 ,12.7, 30.1,N/A , N/A , N/A,5,stable,-2.1 ,-8.2, 3.9
"Mecklenburg County, Virginia(2)",51117,Rural,19.7 ,14.8, 26.2,N/A , N/A , N/A,11,stable,-0.6 ,-3.9, 2.8
"Hughes County, Oklahoma(2)",40063,Rural,19.7 ,11.4, 32.2,N/A , N/A , N/A,3,stable,1.2 ,-2.3, 5.0
"Cole County, Missouri(2)",29051,Urban,19.7 ,16, 24.1,N/A , N/A , N/A,20,stable,-0.4 ,-2.5, 1.8
"Burke County, North Carolina(2)",37023,Urban,19.7 ,16.4, 23.5,N/A , N/A , N/A,27,stable,-0.7 ,-2.8, 1.5
"Claiborne County, Tennessee(2)",47025,Rural,19.7 ,14.3, 26.8,N/A , N/A , N/A,9,stable,0.0 ,-2.9, 3.0
"Cherokee County, Iowa(7)",19035,Rural,19.7 ,12.2, 31.5,N/A , N/A , N/A,4,*,*,*,*
"Westmoreland County, Virginia(2)",51193,Rural,19.7 ,13.7, 28.4,N/A , N/A , N/A,7,stable,0.0 ,-4.1, 4.7
"Spencer County, Kentucky(7)",21215,Urban,19.7 ,12, 30.7,N/A , N/A , N/A,5,*,*,*,*
"Kaufman County, Texas(7)",48257,Urban,19.7 ,16.3, 23.5,N/A , N/A , N/A,26,stable,0.7 ,-1.3, 3.5
"Buena Vista County, Iowa(7)",19021,Rural,19.7 ,12.5, 29.6,N/A , N/A , N/A,5,*,*,*,*
"Phelps County, Missouri(2)",29161,Rural,19.7 ,14.7, 25.9,N/A , N/A , N/A,11,stable,1.9 ,-1.0, 12.2
"Rowan County, North Carolina(2)",37159,Urban,19.7 ,17, 22.7,N/A , N/A , N/A,39,stable,-4.3 ,-16.4, 0.2
"Worth County, Georgia(7)",13321,Urban,19.7 ,13.1, 28.8,N/A , N/A , N/A,6,*,*,*,*
"Ada County, Idaho(7)",16001,Urban,19.7 ,18, 21.4,N/A , N/A , N/A,112,falling,-7.7 ,-13.1, -1.2
"Boone County, Arkansas(2)",05009,Rural,19.7 ,14.7, 26,N/A , N/A , N/A,11,stable,-2.4 ,-5.8, 0.8
"Gratiot County, Michigan(2)",26057,Rural,19.6 ,14.7, 25.8,N/A , N/A , N/A,11,stable,0.5 ,-3.2, 4.5
"Somerset County, Maryland(2)",24039,Urban,19.6 ,13.1, 28.5,N/A , N/A , N/A,6,stable,0.3 ,-2.4, 3.2
"Benton County, Washington(2)",53005,Urban,19.6 ,17.1, 22.4,N/A , N/A , N/A,46,stable,-0.8 ,-2.3, 0.7
"Chippewa County, Michigan(2)",26033,Rural,19.6 ,14.4, 26.4,N/A , N/A , N/A,10,stable,-1.2 ,-4.6, 2.2
"Hillsdale County, Michigan(2)",26059,Rural,19.6 ,15.3, 25.1,N/A , N/A , N/A,14,stable,-0.6 ,-2.7, 1.8
"Howard County, Indiana(2)",18067,Urban,19.6 ,16.2, 23.7,N/A , N/A , N/A,23,stable,0.0 ,-2.0, 2.2
"Watauga County, North Carolina(2)",37189,Rural,19.6 ,15, 25.5,N/A , N/A , N/A,13,stable,-0.6 ,-3.8, 2.8
"Cumberland County, Pennsylvania(2)",42041,Urban,19.6 ,17.6, 21.8,N/A , N/A , N/A,71,stable,-0.8 ,-2.4, 0.9
"Warrick County, Indiana(2)",18173,Urban,19.6 ,15.6, 24.4,N/A , N/A , N/A,17,stable,-0.4 ,-2.8, 2.4
"Perry County, Illinois(7)",17145,Rural,19.6 ,13.2, 28.5,N/A , N/A , N/A,6,stable,0.5 ,-3.4, 5.1
"Bergen County, New Jersey(7)",34003,Urban,19.6 ,18.5, 20.7,N/A , N/A , N/A,256,falling,-1.7 ,-2.2, -1.2
"Hamilton County, Florida(2)",12047,Rural,19.6 ,11.6, 31.7,N/A , N/A , N/A,4,*,*,*,*
"Franklin Parish, Louisiana(7)",22041,Rural,19.6 ,12.8, 29.1,N/A , N/A , N/A,5,stable,-1.7 ,-5.3, 1.9
"DeSoto County, Florida(2)",12027,Rural,19.6 ,14.6, 26.1,N/A , N/A , N/A,11,stable,0.5 ,-3.2, 4.4
"Meigs County, Ohio(2)",39105,Rural,19.6 ,13.6, 27.9,N/A , N/A , N/A,7,stable,1.7 ,-1.3, 5.1
"Lemhi County, Idaho(7)",16059,Rural,19.6 ,10.6, 35.8,N/A , N/A , N/A,3,*,*,*,*
"Prentiss County, Mississippi(2)",28117,Rural,19.6 ,13.6, 27.7,N/A , N/A , N/A,7,stable,0.6 ,-3.1, 4.9
"Fluvanna County, Virginia(2)",51065,Urban,19.6 ,13.9, 27.2,N/A , N/A , N/A,8,stable,-3.0 ,-7.0, 1.2
"Barron County, Wisconsin(2)",55005,Rural,19.6 ,15.2, 25.1,N/A , N/A , N/A,15,stable,-1.4 ,-3.4, 0.7
"Peach County, Georgia(7)",13225,Urban,19.6 ,13.2, 28.2,N/A , N/A , N/A,6,stable,0.3 ,-3.3, 5.1
"Delta County, Colorado(2)",08029,Rural,19.6 ,14.7, 26,N/A , N/A , N/A,12,stable,0.2 ,-2.5, 3.1
"DeSoto County, Mississippi(2)",28033,Urban,19.6 ,16.8, 22.7,N/A , N/A , N/A,37,stable,0.4 ,-2.3, 3.6
"Jefferson Parish, Louisiana(7)",22051,Urban,19.6 ,17.9, 21.3,N/A , N/A , N/A,111,stable,-0.7 ,-1.4, 0.1
"Livingston County, Missouri(2)",29117,Rural,19.6 ,12.2, 30.5,N/A , N/A , N/A,4,*,*,*,*
"Centre County, Pennsylvania(2)",42027,Urban,19.6 ,16.7, 22.8,N/A , N/A , N/A,35,stable,-0.1 ,-1.5, 1.4
"Colquitt County, Georgia(7)",13071,Rural,19.5 ,14.6, 25.8,N/A , N/A , N/A,11,stable,0.0 ,-2.4, 2.8
"Colbert County, Alabama(2)",01033,Urban,19.5 ,15.5, 24.4,N/A , N/A , N/A,17,stable,0.8 ,-1.3, 3.2
"Hennepin County, Minnesota(2)",27053,Urban,19.5 ,18.5, 20.6,N/A , N/A , N/A,278,falling,-1.0 ,-1.7, -0.3
"Murray County, Minnesota(2)",27101,Rural,19.5 ,11.1, 34.4,N/A , N/A , N/A,3,*,*,*,*
"Jefferson County, Wisconsin(2)",55055,Rural,19.5 ,16, 23.7,N/A , N/A , N/A,22,falling,-3.7 ,-15.7, -1.0
"Madison County, Georgia(7)",13195,Urban,19.5 ,13.8, 27.1,N/A , N/A , N/A,8,*,*,*,*
"Bryan County, Oklahoma(2)",40013,Rural,19.5 ,14.8, 25.4,N/A , N/A , N/A,12,stable,-2.3 ,-5.2, 0.6
"Okanogan County, Washington(2)",53047,Rural,19.5 ,15, 25.2,N/A , N/A , N/A,13,stable,-0.8 ,-3.3, 1.8
"Tulsa County, Oklahoma(2)",40143,Urban,19.5 ,18.1, 21,N/A , N/A , N/A,144,stable,-1.0 ,-5.0, 0.1
"Dauphin County, Pennsylvania(2)",42043,Urban,19.5 ,17.5, 21.7,N/A , N/A , N/A,73,stable,0.9 ,0.0, 1.8
"Jefferson County, Kentucky(7)",21111,Urban,19.5 ,18.2, 20.8,N/A , N/A , N/A,188,stable,-0.4 ,-1.0, 0.2
"Crawford County, Arkansas(2)",05033,Urban,19.5 ,15.2, 24.6,N/A , N/A , N/A,15,stable,-1.2 ,-3.9, 1.7
"Pope County, Arkansas(2)",05115,Rural,19.5 ,15.3, 24.5,N/A , N/A , N/A,15,stable,0.4 ,-2.2, 3.5
"Cherokee County, Alabama(2)",01019,Rural,19.5 ,13.8, 27.2,N/A , N/A , N/A,8,stable,-1.0 ,-4.4, 2.5
"Lincoln County, North Carolina(2)",37109,Urban,19.5 ,16.1, 23.5,N/A , N/A , N/A,24,stable,-13.3 ,-26.6, 1.4
"Pennington County, South Dakota(2)",46103,Urban,19.5 ,16.3, 23.1,N/A , N/A , N/A,30,stable,-0.9 ,-2.8, 1.1
"Lumpkin County, Georgia(7)",13187,Urban,19.5 ,13.9, 26.8,N/A , N/A , N/A,8,stable,-0.3 ,-3.0, 3.2
"Monroe County, Wisconsin(2)",55081,Rural,19.5 ,14.8, 25.3,N/A , N/A , N/A,12,stable,-13.6 ,-25.7, 0.0
"Bibb County, Georgia(7)",13021,Urban,19.5 ,16.7, 22.6,N/A , N/A , N/A,36,stable,0.3 ,-1.2, 1.9
"Isabella County, Michigan(2)",26073,Rural,19.4 ,14.8, 25.1,N/A , N/A , N/A,12,falling,-3.7 ,-12.2, -1.6
"Sonoma County, California(7)",06097,Urban,19.4 ,18, 21,N/A , N/A , N/A,139,falling,-1.3 ,-2.0, -0.5
"Kewaunee County, Wisconsin(2)",55061,Urban,19.4 ,13.3, 28,N/A , N/A , N/A,7,stable,-2.0 ,-4.8, 0.8
"Genesee County, Michigan(2)",26049,Urban,19.4 ,17.8, 21.2,N/A , N/A , N/A,106,falling,-6.6 ,-11.0, -3.5
"Cedar County, Missouri(2)",29039,Rural,19.4 ,12.5, 29.8,N/A , N/A , N/A,5,stable,-0.4 ,-4.6, 4.2
"Chester County, Pennsylvania(2)",42029,Urban,19.4 ,17.9, 21,N/A , N/A , N/A,134,falling,-3.9 ,-8.6, -1.9
"Windham County, Vermont(2)",50025,Rural,19.4 ,15.2, 24.7,N/A , N/A , N/A,15,falling,-3.9 ,-15.9, -1.7
"Tangipahoa Parish, Louisiana(7)",22105,Urban,19.4 ,16.3, 23,N/A , N/A , N/A,29,stable,0.6 ,-0.7, 2.2
"Campbell County, Wyoming(2)",56005,Rural,19.4 ,13.4, 27,N/A , N/A , N/A,8,stable,-1.7 ,-5.1, 2.0
"Pike County, Illinois(7)",17149,Rural,19.4 ,11.8, 30.6,N/A , N/A , N/A,4,stable,1.0 ,-3.0, 5.6
"Wakulla County, Florida(2)",12129,Urban,19.4 ,13.7, 26.9,N/A , N/A , N/A,8,stable,-0.2 ,-4.6, 5.4
"Washburn County, Wisconsin(2)",55129,Rural,19.4 ,13.2, 28.9,N/A , N/A , N/A,6,stable,-2.4 ,-6.8, 2.0
"Norfolk County, Massachusetts(2)",25021,Urban,19.4 ,18.2, 20.7,N/A , N/A , N/A,185,falling,-1.6 ,-2.5, -0.8
"Harlan County, Kentucky(7)",21095,Rural,19.4 ,13.7, 27.1,N/A , N/A , N/A,8,stable,-0.7 ,-3.7, 2.4
"Angelina County, Texas(7)",48005,Rural,19.4 ,15.8, 23.6,N/A , N/A , N/A,21,stable,-1.3 ,-9.7, 2.5
"Williamson County, Illinois(7)",17199,Rural,19.4 ,15.6, 23.9,N/A , N/A , N/A,19,falling,-2.0 ,-3.8, -0.1
"Ramsey County, Minnesota(2)",27123,Urban,19.4 ,17.8, 21,N/A , N/A , N/A,119,stable,-0.4 ,-1.3, 0.6
"Clay County, Arkansas(2)",05021,Rural,19.4 ,12.2, 30,N/A , N/A , N/A,5,stable,2.9 ,-2.1, 8.8
"Morrison County, Minnesota(2)",27097,Rural,19.4 ,14.2, 26,N/A , N/A , N/A,10,stable,-1.8 ,-4.4, 0.6
"Oconee County, South Carolina(2)",45073,Rural,19.4 ,16.2, 23.2,N/A , N/A , N/A,27,stable,-1.0 ,-3.9, 2.1
"Allen Parish, Louisiana(7)",22003,Rural,19.4 ,12.6, 28.7,N/A , N/A , N/A,5,stable,0.7 ,-2.7, 4.4
"Custer County, Nebraska(2)",31041,Rural,19.4 ,10.8, 33.1,N/A , N/A , N/A,3,*,*,*,*
"Freeborn County, Minnesota(2)",27047,Rural,19.3 ,14.2, 26.1,N/A , N/A , N/A,10,stable,-0.9 ,-4.7, 3.0
"Isle of Wight County, Virginia(2)",51093,Urban,19.3 ,14.4, 25.6,N/A , N/A , N/A,11,stable,9.8 ,-3.1, 26.2
"Morgan County, Georgia(7)",13211,Urban,19.3 ,12.9, 28.2,N/A , N/A , N/A,6,stable,1.3 ,-0.7, 4.5
"Shelby County, Ohio(2)",39149,Rural,19.3 ,14.6, 25.1,N/A , N/A , N/A,12,stable,-7.5 ,-27.0, 0.5
"Mesa County, Colorado(2)",08077,Urban,19.3 ,16.8, 22.2,N/A , N/A , N/A,44,stable,0.6 ,-2.1, 10.2
"Johnson County, Iowa(7)",19103,Urban,19.3 ,16.1, 23,N/A , N/A , N/A,27,stable,-0.2 ,-1.1, 0.9
"Highlands County, Florida(2)",12055,Urban,19.3 ,16.9, 22.2,N/A , N/A , N/A,52,stable,0.7 ,-1.7, 3.5
"Marion County, Alabama(2)",01093,Rural,19.3 ,13.9, 26.4,N/A , N/A , N/A,9,stable,1.1 ,-3.4, 6.2
"Hall County, Nebraska(2)",31079,Urban,19.3 ,15, 24.4,N/A , N/A , N/A,14,stable,-1.2 ,-3.4, 0.9
"Marion County, Indiana(2)",18097,Urban,19.3 ,18, 20.6,N/A , N/A , N/A,182,falling,-9.0 ,-13.3, -3.8
"Callahan County, Texas(7)",48059,Urban,19.3 ,11, 31.8,N/A , N/A , N/A,4,stable,0.0 ,-3.3, 3.6
"Greene County, Missouri(2)",29077,Urban,19.3 ,17.3, 21.4,N/A , N/A , N/A,72,stable,0.6 ,-0.4, 1.5
"Columbia County, Florida(2)",12023,Rural,19.3 ,15.4, 23.8,N/A , N/A , N/A,19,stable,-1.3 ,-3.3, 0.8
"Delaware County, Pennsylvania(2)",42045,Urban,19.2 ,17.8, 20.8,N/A , N/A , N/A,143,falling,-9.1 ,-14.3, -3.3
"Lewis County, Kentucky(7)",21135,Rural,19.2 ,11.1, 31.7,N/A , N/A , N/A,3,*,*,*,*
"Somerset County, New Jersey(7)",34035,Urban,19.2 ,17.4, 21.2,N/A , N/A , N/A,85,falling,-1.3 ,-2.3, -0.2
"Putnam County, Tennessee(2)",47141,Rural,19.2 ,15.5, 23.7,N/A , N/A , N/A,19,stable,-0.8 ,-2.4, 0.8
"Duval County, Florida(2)",12031,Urban,19.2 ,18.1, 20.4,N/A , N/A , N/A,217,stable,0.9 ,-2.0, 4.3
"Gunnison County, Colorado(2)",08051,Rural,19.2 ,10.4, 32.4,N/A , N/A , N/A,3,*,*,*,*
"Smith County, Mississippi(2)",28129,Rural,19.2 ,11.6, 30.6,N/A , N/A , N/A,4,*,*,*,*
"Lamar County, Mississippi(2)",28073,Urban,19.2 ,14.8, 24.5,N/A , N/A , N/A,13,stable,0.7 ,-2.5, 4.8
"Levy County, Florida(2)",12075,Urban,19.2 ,15, 24.6,N/A , N/A , N/A,15,stable,-2.5 ,-5.1, 0.2
"Cullman County, Alabama(2)",01043,Rural,19.2 ,15.8, 23.1,N/A , N/A , N/A,24,stable,0.4 ,-1.2, 2.1
"Mathews County, Virginia(2)",51115,Urban,19.2 ,11.7, 33.6,N/A , N/A , N/A,4,stable,-0.1 ,-2.8, 2.8
"Ripley County, Indiana(2)",18137,Rural,19.2 ,13.4, 26.8,N/A , N/A , N/A,8,stable,-0.4 ,-4.1, 3.6
"Crawford County, Georgia(7)",13079,Urban,19.2 ,10.8, 32.4,N/A , N/A , N/A,3,*,*,*,*
"La Crosse County, Wisconsin(2)",55063,Urban,19.2 ,16.2, 22.7,N/A , N/A , N/A,30,stable,-0.9 ,-2.7, 0.9
"Logan County, Oklahoma(2)",40083,Urban,19.2 ,14.5, 25,N/A , N/A , N/A,12,falling,-16.9 ,-28.1, -1.0
"Hamilton County, Iowa(7)",19079,Rural,19.2 ,11.7, 30.3,N/A , N/A , N/A,4,stable,-0.7 ,-2.8, 1.4
"Cleveland County, Oklahoma(2)",40027,Urban,19.2 ,17.1, 21.5,N/A , N/A , N/A,61,stable,0.0 ,-1.0, 1.3
"Pawnee County, Oklahoma(2)",40117,Urban,19.2 ,11.9, 29.8,N/A , N/A , N/A,4,stable,1.0 ,-3.8, 6.7
"Middlesex County, Massachusetts(2)",25017,Urban,19.2 ,18.3, 20.1,N/A , N/A , N/A,377,falling,-5.6 ,-9.3, -1.8
"Hardin County, Iowa(7)",19083,Rural,19.2 ,12.5, 28.9,N/A , N/A , N/A,6,stable,-0.9 ,-2.8, 1.0
"Harnett County, North Carolina(2)",37085,Rural,19.2 ,16, 22.8,N/A , N/A , N/A,26,stable,1.7 ,-0.4, 4.5
"Buncombe County, North Carolina(2)",37021,Urban,19.2 ,17.3, 21.2,N/A , N/A , N/A,77,stable,-1.2 ,-2.3, 0.0
"Elbert County, Colorado(2)",08039,Urban,19.2 ,13, 27.6,N/A , N/A , N/A,7,stable,-0.2 ,-4.8, 6.7
"Beaufort County, North Carolina(2)",37013,Rural,19.2 ,14.9, 24.5,N/A , N/A , N/A,15,stable,0.1 ,-3.7, 4.3
"Ray County, Missouri(2)",29177,Urban,19.1 ,13.2, 27.3,N/A , N/A , N/A,7,stable,-1.7 ,-6.3, 3.2
"Mason County, Michigan(2)",26105,Rural,19.1 ,13.8, 26.2,N/A , N/A , N/A,9,stable,-0.4 ,-3.8, 3.1
"Dawson County, Georgia(7)",13085,Urban,19.1 ,13.2, 27.1,N/A , N/A , N/A,8,stable,-0.2 ,-3.0, 3.8
"Virginia Beach City, Virginia(2)",51810,Urban,19.1 ,17.4, 20.9,N/A , N/A , N/A,101,falling,-14.2 ,-23.0, -4.9
"Shawano County, Wisconsin(2)",55115,Rural,19.1 ,14.6, 24.8,N/A , N/A , N/A,13,stable,0.0 ,-1.7, 1.7
"LaFourche Parish, Louisiana(7)",22057,Urban,19.1 ,15.6, 23.1,N/A , N/A , N/A,22,stable,-0.8 ,-2.4, 1.1
"Hardee County, Florida(2)",12049,Rural,19.1 ,12.8, 27.6,N/A , N/A , N/A,6,rising,4.6 ,1.7, 14.4
"Garrard County, Kentucky(7)",21079,Rural,19.1 ,12.2, 29,N/A , N/A , N/A,5,stable,-0.9 ,-3.1, 1.5
"Frederick County, Maryland(2)",24021,Urban,19.1 ,16.9, 21.4,N/A , N/A , N/A,59,stable,-0.8 ,-2.1, 0.6
"Union County, Oregon(2)",41061,Rural,19.1 ,13.4, 26.8,N/A , N/A , N/A,8,stable,-1.5 ,-4.4, 1.5
"Roanoke County, Virginia(2)",51161,Urban,19.1 ,16, 22.6,N/A , N/A , N/A,29,stable,0.2 ,-1.9, 2.5
"Ripley County, Missouri(2)",29181,Rural,19.1 ,11.1, 31.9,N/A , N/A , N/A,3,stable,-0.2 ,-4.6, 4.0
"DeKalb County, Missouri(2)",29063,Urban,19.1 ,10.8, 32.1,N/A , N/A , N/A,3,*,*,*,*
"Robertson County, Tennessee(2)",47147,Urban,19.1 ,14.9, 24.1,N/A , N/A , N/A,15,stable,-0.6 ,-2.7, 1.8
"Calhoun County, South Carolina(2)",45017,Urban,19.1 ,11.3, 30.9,N/A , N/A , N/A,4,stable,2.8 ,-0.9, 7.4
"Forrest County, Mississippi(2)",28035,Urban,19.1 ,14.9, 24,N/A , N/A , N/A,15,stable,-0.9 ,-9.6, 3.2
"Carroll County, Virginia(2)",51035,Rural,19 ,14.2, 25.5,N/A , N/A , N/A,11,stable,0.2 ,-3.4, 4.5
"Letcher County, Kentucky(7)",21133,Rural,19 ,12.8, 27.7,N/A , N/A , N/A,6,*,*,*,*
"Wilkes County, North Carolina(2)",37193,Rural,19 ,15.4, 23.5,N/A , N/A , N/A,20,stable,-0.8 ,-3.0, 1.3
"Prince Edward County, Virginia(2)",51147,Rural,19 ,12.1, 28.8,N/A , N/A , N/A,5,falling,-2.8 ,-5.5, -0.2
"Worcester County, Maryland(2)",24047,Rural,19 ,15.2, 23.8,N/A , N/A , N/A,19,stable,0.7 ,-1.5, 3.1
"Broomfield County, Colorado(2)",08014,Urban,19 ,15, 23.9,N/A , N/A , N/A,15,stable,-1.0 ,-3.6, 2.4
"Jackson County, Ohio(2)",39079,Rural,19 ,13.5, 26.2,N/A , N/A , N/A,8,stable,3.7 ,-0.6, 9.3
"Bingham County, Idaho(7)",16011,Rural,19 ,14, 25.3,N/A , N/A , N/A,10,stable,-0.2 ,-2.6, 2.7
"Wise County, Texas(7)",48497,Urban,19 ,15, 23.9,N/A , N/A , N/A,16,stable,0.9 ,-1.5, 4.2
"Jefferson County, Indiana(2)",18077,Rural,19 ,13.5, 26.2,N/A , N/A , N/A,8,stable,-0.4 ,-4.4, 4.0
"Hamilton County, Indiana(2)",18057,Urban,19 ,17, 21.2,N/A , N/A , N/A,66,stable,-0.1 ,-1.5, 1.7
"Potter County, Pennsylvania(2)",42105,Rural,19 ,12.2, 29.1,N/A , N/A , N/A,5,stable,-2.5 ,-5.3, 0.3
"Floyd County, Georgia(7)",13115,Urban,19 ,15.7, 22.8,N/A , N/A , N/A,24,falling,-15.8 ,-28.2, -0.6
"Palm Beach County, Florida(2)",12099,Urban,19 ,18.3, 19.8,N/A , N/A , N/A,530,falling,-1.9 ,-2.8, -0.9
"Drew County, Arkansas(2)",05043,Rural,19 ,12, 29.1,N/A , N/A , N/A,5,stable,-1.2 ,-3.9, 1.6
"Anne Arundel County, Maryland(2)",24003,Urban,19 ,17.5, 20.5,N/A , N/A , N/A,130,stable,-0.8 ,-2.2, 0.7
"Allegan County, Michigan(2)",26005,Rural,19 ,16, 22.5,N/A , N/A , N/A,30,stable,0.0 ,-1.3, 1.4
"Rice County, Minnesota(2)",27131,Rural,19 ,14.8, 24,N/A , N/A , N/A,15,stable,-1.7 ,-3.8, 0.6
"Winnebago County, Iowa(7)",19189,Rural,19 ,10.9, 31.9,N/A , N/A , N/A,3,*,*,*,*
"Delaware County, Ohio(2)",39041,Urban,19 ,16.5, 21.7,N/A , N/A , N/A,45,stable,-1.3 ,-2.5, 0.1
"Polk County, Wisconsin(2)",55095,Rural,19 ,14.7, 24.4,N/A , N/A , N/A,14,stable,0.3 ,-3.1, 4.4
"Carbon County, Wyoming(2)",56007,Rural,19 ,11, 30.9,N/A , N/A , N/A,4,*,*,*,*
"Winnebago County, Wisconsin(2)",55139,Urban,19 ,16.4, 21.8,N/A , N/A , N/A,41,falling,-6.3 ,-13.2, -3.2
"Hays County, Texas(7)",48209,Urban,19 ,16.3, 21.9,N/A , N/A , N/A,40,stable,0.5 ,-1.6, 3.7
"Andrew County, Missouri(2)",29003,Urban,19 ,12.3, 28.5,N/A , N/A , N/A,5,*,*,*,*
"Steele County, Minnesota(2)",27147,Rural,18.9 ,13.8, 25.5,N/A , N/A , N/A,10,stable,-1.7 ,-5.2, 1.9
"Attala County, Mississippi(2)",28007,Rural,18.9 ,11.9, 29.1,N/A , N/A , N/A,5,rising,4.1 ,0.4, 8.7
"Ashland County, Ohio(2)",39005,Rural,18.9 ,14.8, 24,N/A , N/A , N/A,15,stable,-1.2 ,-4.2, 1.9
"Burnett County, Wisconsin(2)",55013,Rural,18.9 ,12.2, 29.3,N/A , N/A , N/A,6,stable,-0.2 ,-4.0, 3.8
"Green Lake County, Wisconsin(2)",55047,Rural,18.9 ,12.8, 27.7,N/A , N/A , N/A,6,stable,-0.7 ,-3.6, 2.4
"Tuolumne County, California(7)",06109,Rural,18.9 ,15.1, 23.6,N/A , N/A , N/A,19,stable,-0.9 ,-2.8, 1.1
"Hill County, Texas(7)",48217,Rural,18.9 ,14.2, 25,N/A , N/A , N/A,11,stable,1.2 ,-0.7, 3.6
"St. Martin Parish, Louisiana(7)",22099,Urban,18.9 ,14.3, 24.6,N/A , N/A , N/A,12,stable,0.0 ,-2.1, 2.5
"Madison County, North Carolina(2)",37115,Urban,18.9 ,12.6, 27.8,N/A , N/A , N/A,6,stable,-0.4 ,-4.5, 4.1
"El Paso County, Colorado(2)",08041,Urban,18.9 ,17.5, 20.4,N/A , N/A , N/A,141,stable,-0.8 ,-1.7, 0.1
"Washington County, Alabama(2)",01129,Rural,18.9 ,11.6, 29.7,N/A , N/A , N/A,4,stable,-1.8 ,-6.0, 2.6
"Sullivan County, Tennessee(2)",47163,Urban,18.9 ,16.5, 21.5,N/A , N/A , N/A,49,stable,0.5 ,-0.7, 1.7
"Mifflin County, Pennsylvania(2)",42087,Rural,18.9 ,14.5, 24.2,N/A , N/A , N/A,14,falling,-4.7 ,-15.4, -1.6
"Kenton County, Kentucky(7)",21117,Urban,18.8 ,16.1, 21.9,N/A , N/A , N/A,37,falling,-1.9 ,-5.2, -0.4
"Lewis County, Washington(2)",53041,Rural,18.8 ,15.4, 22.9,N/A , N/A , N/A,23,stable,-0.1 ,-2.8, 2.9
"Faulkner County, Arkansas(2)",05045,Urban,18.8 ,15.6, 22.6,N/A , N/A , N/A,24,stable,-0.7 ,-3.1, 2.1
"Scotland County, North Carolina(2)",37165,Rural,18.8 ,13.4, 25.9,N/A , N/A , N/A,8,stable,-3.3 ,-13.1, 0.1
"Weld County, Colorado(2)",08123,Urban,18.8 ,16.7, 21.2,N/A , N/A , N/A,59,stable,-6.4 ,-12.0, 0.1
"Clayton County, Iowa(7)",19043,Rural,18.8 ,12, 28.7,N/A , N/A , N/A,5,stable,0.0 ,-2.3, 2.5
"St. Joseph County, Indiana(2)",18141,Urban,18.8 ,16.7, 21.1,N/A , N/A , N/A,63,falling,-1.5 ,-2.6, -0.5
"Franklin County, Virginia(2)",51067,Urban,18.8 ,14.9, 23.6,N/A , N/A , N/A,18,stable,-1.2 ,-4.1, 1.9
"Chester County, South Carolina(2)",45023,Urban,18.8 ,13.4, 25.9,N/A , N/A , N/A,8,stable,-0.8 ,-4.8, 3.1
"Wyandot County, Ohio(2)",39175,Rural,18.8 ,12.9, 27,N/A , N/A , N/A,7,stable,0.2 ,-5.2, 6.3
"James City County, Virginia(2)",51095,Urban,18.8 ,15.8, 22.4,N/A , N/A , N/A,28,stable,-1.3 ,-3.0, 0.6
"Lyon County, Minnesota(2)",27083,Rural,18.8 ,12.4, 27.4,N/A , N/A , N/A,6,falling,-6.6 ,-22.6, -2.3
"Lowndes County, Georgia(7)",13185,Urban,18.8 ,15.4, 22.7,N/A , N/A , N/A,22,stable,-0.3 ,-2.1, 2.0
"Nelson County, Virginia(2)",51125,Urban,18.8 ,11.8, 29.5,N/A , N/A , N/A,5,stable,0.4 ,-6.2, 8.2
"Coles County, Illinois(7)",17029,Rural,18.8 ,14.2, 24.5,N/A , N/A , N/A,12,stable,-1.2 ,-3.8, 1.6
"Nelson County, Kentucky(7)",21179,Urban,18.8 ,13.9, 24.9,N/A , N/A , N/A,10,rising,25.9 ,10.5, 46.5
"Allen County, Kentucky(7)",21003,Urban,18.8 ,12.2, 28,N/A , N/A , N/A,5,stable,0.0 ,-4.2, 5.5
"Ingham County, Michigan(2)",26065,Urban,18.8 ,16.6, 21.2,N/A , N/A , N/A,56,stable,-1.1 ,-2.0, 0.0
"Fremont County, Wyoming(2)",56013,Rural,18.8 ,13.7, 25.1,N/A , N/A , N/A,10,stable,-1.4 ,-3.7, 1.0
"Jefferson County, Arkansas(2)",05069,Rural,18.7 ,14.8, 23.5,N/A , N/A , N/A,17,stable,-0.5 ,-2.9, 1.9
"McDuffie County, Georgia(7)",13189,Urban,18.7 ,12.3, 27.6,N/A , N/A , N/A,6,*,*,*,*
"Shoshone County, Idaho(7)",16079,Rural,18.7 ,11.5, 29.9,N/A , N/A , N/A,4,stable,-1.3 ,-6.3, 3.9
"Warren County, Tennessee(2)",47177,Rural,18.7 ,13.8, 24.9,N/A , N/A , N/A,10,stable,0.7 ,-1.7, 3.3
"Marion County, Illinois(7)",17121,Rural,18.7 ,13.9, 24.8,N/A , N/A , N/A,11,stable,-1.6 ,-3.6, 0.4
"Montgomery County, Indiana(2)",18107,Rural,18.7 ,13.8, 25,N/A , N/A , N/A,10,stable,0.0 ,-2.1, 2.2
"Scotts Bluff County, Nebraska(2)",31157,Rural,18.7 ,13.9, 24.8,N/A , N/A , N/A,11,stable,-0.5 ,-3.6, 2.8
"Douglas County, Nebraska(2)",31055,Urban,18.7 ,17.2, 20.3,N/A , N/A , N/A,114,falling,-8.0 ,-15.0, -1.4
"Banks County, Georgia(7)",13011,Rural,18.7 ,11.7, 28.8,N/A , N/A , N/A,5,*,*,*,*
"Hopewell City, Virginia(2)",51670,Urban,18.7 ,12, 27.9,N/A , N/A , N/A,5,stable,-0.8 ,-5.3, 3.3
"Florence County, South Carolina(2)",45041,Urban,18.7 ,15.9, 21.9,N/A , N/A , N/A,33,stable,0.0 ,-2.1, 2.3
"Putnam County, Indiana(2)",18133,Rural,18.7 ,13.5, 25.4,N/A , N/A , N/A,9,stable,-1.0 ,-4.5, 2.5
"Madison County, Alabama(2)",01089,Urban,18.7 ,16.9, 20.6,N/A , N/A , N/A,86,stable,0.1 ,-1.1, 1.5
"Pottawatomie County, Oklahoma(2)",40125,Rural,18.7 ,14.8, 23.3,N/A , N/A , N/A,17,stable,0.3 ,-2.7, 3.6
"Harris County, Georgia(7)",13145,Urban,18.7 ,13.4, 25.6,N/A , N/A , N/A,9,stable,0.1 ,-4.3, 5.6
"Seminole County, Florida(2)",12117,Urban,18.7 ,17.1, 20.4,N/A , N/A , N/A,106,falling,-1.3 ,-2.3, -0.3
"Boone County, Indiana(2)",18011,Urban,18.7 ,14.5, 23.7,N/A , N/A , N/A,14,falling,-13.2 ,-20.2, -3.1
"Allen County, Indiana(2)",18003,Urban,18.7 ,16.9, 20.6,N/A , N/A , N/A,82,falling,-1.6 ,-8.6, -0.2
"Knox County, Tennessee(2)",47093,Urban,18.7 ,17.1, 20.3,N/A , N/A , N/A,106,stable,-0.1 ,-1.0, 0.9
"York County, South Carolina(2)",45091,Urban,18.7 ,16.5, 21,N/A , N/A , N/A,57,stable,-1.2 ,-2.6, 0.4
"Pine County, Minnesota(2)",27115,Rural,18.7 ,13.1, 26.1,N/A , N/A , N/A,8,stable,-2.4 ,-5.7, 0.7
"Washington County, Oregon(2)",41067,Urban,18.6 ,17.1, 20.2,N/A , N/A , N/A,119,falling,-6.2 ,-10.9, -0.8
"Canadian County, Oklahoma(2)",40017,Urban,18.6 ,15.7, 22,N/A , N/A , N/A,30,stable,-1.5 ,-4.2, 1.4
"Columbia County, Oregon(2)",41009,Urban,18.6 ,14.5, 23.7,N/A , N/A , N/A,15,stable,-0.2 ,-2.4, 2.3
"Huntingdon County, Pennsylvania(2)",42061,Rural,18.6 ,14.3, 24.1,N/A , N/A , N/A,13,stable,-0.5 ,-3.4, 2.6
"Ravalli County, Montana(2)",30081,Rural,18.6 ,14.3, 24.1,N/A , N/A , N/A,14,stable,-1.8 ,-4.1, 0.7
"Cass County, Texas(7)",48067,Rural,18.6 ,13.4, 25.6,N/A , N/A , N/A,9,stable,0.6 ,-1.3, 2.6
"Polk County, Arkansas(2)",05113,Rural,18.6 ,12.6, 27.3,N/A , N/A , N/A,6,stable,1.3 ,-1.9, 5.0
"Cocke County, Tennessee(2)",47029,Rural,18.6 ,13.5, 25.2,N/A , N/A , N/A,10,stable,-1.4 ,-4.6, 2.0
"Shelby County, Kentucky(7)",21211,Urban,18.6 ,13.8, 24.6,N/A , N/A , N/A,11,stable,0.6 ,-1.3, 3.0
"Greene County, Arkansas(2)",05055,Rural,18.6 ,13.9, 24.4,N/A , N/A , N/A,11,stable,0.8 ,-2.7, 4.9
"Henry County, Indiana(2)",18065,Rural,18.6 ,14.3, 24,N/A , N/A , N/A,13,stable,-27.5 ,-47.8, 0.4
"Wayne County, North Carolina(2)",37191,Urban,18.6 ,15.6, 22,N/A , N/A , N/A,28,stable,1.0 ,-2.0, 4.5
"Obion County, Tennessee(2)",47131,Rural,18.6 ,13.2, 25.7,N/A , N/A , N/A,8,stable,-1.5 ,-4.5, 1.3
"Yuba County, California(7)",06115,Urban,18.6 ,14.5, 23.5,N/A , N/A , N/A,15,stable,-0.4 ,-1.8, 1.2
"Sequoyah County, Oklahoma(2)",40135,Urban,18.6 ,13.7, 24.8,N/A , N/A , N/A,10,stable,2.0 ,-0.7, 5.2
"Collier County, Florida(2)",12021,Urban,18.6 ,17.3, 20,N/A , N/A , N/A,170,falling,-1.9 ,-3.2, -0.7
"Mayes County, Oklahoma(2)",40097,Rural,18.6 ,13.7, 24.8,N/A , N/A , N/A,10,stable,-1.4 ,-4.0, 1.2
"Chesapeake City, Virginia(2)",51550,Urban,18.6 ,16.2, 21.2,N/A , N/A , N/A,48,stable,-0.4 ,-2.0, 1.3
"White County, Illinois(7)",17193,Rural,18.6 ,11.4, 29.5,N/A , N/A , N/A,4,*,*,*,*
"Murray County, Georgia(7)",13213,Urban,18.6 ,13.5, 25.1,N/A , N/A , N/A,9,stable,0.2 ,-2.4, 3.8
"Richland County, North Dakota(2)",38077,Rural,18.6 ,11.2, 29.3,N/A , N/A , N/A,4,stable,-3.1 ,-6.9, 0.2
"Cobb County, Georgia(7)",13067,Urban,18.6 ,17.2, 20,N/A , N/A , N/A,141,stable,-0.7 ,-1.3, 0.1
"Hardin County, Texas(7)",48199,Urban,18.6 ,14.2, 23.9,N/A , N/A , N/A,13,stable,-1.4 ,-4.2, 1.7
"Petersburg City, Virginia(2)",51730,Urban,18.6 ,12.9, 25.9,N/A , N/A , N/A,8,stable,-1.2 ,-6.1, 3.5
"Talladega County, Alabama(2)",01121,Rural,18.6 ,15.1, 22.7,N/A , N/A , N/A,20,stable,1.8 ,-1.2, 5.1
"Scioto County, Ohio(2)",39145,Rural,18.6 ,15, 22.8,N/A , N/A , N/A,19,stable,-1.8 ,-4.0, 0.2
"San Luis Obispo County, California(7)",06079,Urban,18.5 ,16.7, 20.6,N/A , N/A , N/A,78,stable,0.3 ,-0.9, 1.6
"Mobile County, Alabama(2)",01097,Urban,18.5 ,16.9, 20.3,N/A , N/A , N/A,97,stable,0.3 ,-0.5, 1.1
"Shasta County, California(7)",06089,Urban,18.5 ,16.3, 21.1,N/A , N/A , N/A,51,falling,-6.7 ,-18.4, -1.2
"Minidoka County, Idaho(7)",16067,Rural,18.5 ,11.8, 27.9,N/A , N/A , N/A,5,*,*,*,*
"Grayson County, Texas(7)",48181,Urban,18.5 ,15.8, 21.7,N/A , N/A , N/A,33,stable,-0.4 ,-1.8, 1.1
"Etowah County, Alabama(2)",01055,Urban,18.5 ,15.5, 22.1,N/A , N/A , N/A,27,stable,0.4 ,-2.0, 2.9
"Rockdale County, Georgia(7)",13247,Urban,18.5 ,14.9, 22.8,N/A , N/A , N/A,20,stable,-1.7 ,-3.7, 0.7
"Carbon County, Utah(7)",49007,Rural,18.5 ,11.8, 28,N/A , N/A , N/A,5,stable,-0.4 ,-2.1, 1.5
"Blount County, Alabama(2)",01009,Urban,18.5 ,14.5, 23.4,N/A , N/A , N/A,15,stable,-1.2 ,-3.2, 0.8
"Volusia County, Florida(2)",12127,Urban,18.5 ,17.3, 19.8,N/A , N/A , N/A,188,stable,-0.9 ,-2.0, 0.2
"Cherokee County, South Carolina(2)",45021,Rural,18.5 ,14.3, 23.7,N/A , N/A , N/A,13,stable,0.4 ,-2.2, 3.3
"Hardy County, West Virginia(2)",54031,Rural,18.5 ,11.2, 29.6,N/A , N/A , N/A,4,stable,-0.5 ,-5.0, 4.9
"Tallapoosa County, Alabama(2)",01123,Rural,18.5 ,14.1, 24.1,N/A , N/A , N/A,13,stable,1.0 ,-1.6, 3.9
"Iredell County, North Carolina(2)",37097,Urban,18.5 ,16.1, 21.1,N/A , N/A , N/A,45,stable,0.6 ,-1.3, 2.7
"De Soto Parish, Louisiana(7)",22031,Urban,18.5 ,12.8, 26.1,N/A , N/A , N/A,7,stable,-0.4 ,-2.7, 2.3
"Jackson County, Indiana(2)",18071,Rural,18.5 ,13.7, 24.4,N/A , N/A , N/A,10,stable,-1.7 ,-4.4, 0.9
"DeKalb County, Alabama(2)",01049,Rural,18.5 ,14.7, 22.9,N/A , N/A , N/A,17,stable,-0.8 ,-4.6, 3.2
"Johnson County, Tennessee(2)",47091,Rural,18.5 ,12.3, 27.5,N/A , N/A , N/A,6,stable,-0.7 ,-4.7, 3.6
"Oglethorpe County, Georgia(7)",13221,Urban,18.4 ,10.9, 29.7,N/A , N/A , N/A,4,stable,-1.3 ,-4.5, 2.3
"Van Zandt County, Texas(7)",48467,Rural,18.4 ,14.6, 23.1,N/A , N/A , N/A,16,stable,-0.9 ,-3.2, 1.6
"Wayne County, Tennessee(2)",47181,Rural,18.4 ,11.3, 29.1,N/A , N/A , N/A,4,stable,-0.5 ,-3.9, 3.1
"Rutherford County, Tennessee(2)",47149,Urban,18.4 ,16.2, 20.8,N/A , N/A , N/A,55,stable,-0.6 ,-2.0, 1.0
"Conway County, Arkansas(2)",05029,Rural,18.4 ,12.4, 26.9,N/A , N/A , N/A,6,stable,-0.9 ,-4.7, 3.1
"Schuyler County, New York(7)",36097,Rural,18.4 ,12.1, 27.6,N/A , N/A , N/A,6,stable,0.1 ,-2.5, 3.3
"Parker County, Texas(7)",48367,Urban,18.4 ,15.6, 21.6,N/A , N/A , N/A,33,stable,-1.1 ,-2.4, 0.5
"Cleveland County, North Carolina(2)",37045,Rural,18.4 ,15.2, 22.1,N/A , N/A , N/A,25,stable,-0.8 ,-2.5, 0.9
"Fannin County, Georgia(7)",13111,Rural,18.4 ,13.1, 25.8,N/A , N/A , N/A,9,stable,0.0 ,-2.8, 3.5
"Weber County, Utah(7)",49057,Urban,18.4 ,16, 21,N/A , N/A , N/A,44,stable,-0.1 ,-0.8, 0.8
"Westchester County, New York(7)",36119,Urban,18.4 ,17.4, 19.5,N/A , N/A , N/A,249,falling,-8.2 ,-11.9, -3.5
"Pickens County, South Carolina(2)",45077,Urban,18.4 ,15.5, 21.7,N/A , N/A , N/A,30,stable,-1.3 ,-3.4, 0.9
"Pender County, North Carolina(2)",37141,Urban,18.4 ,14.4, 23.2,N/A , N/A , N/A,15,stable,-1.4 ,-3.0, 0.4
"Leelanau County, Michigan(2)",26089,Urban,18.4 ,13.2, 26,N/A , N/A , N/A,9,stable,-1.4 ,-5.5, 2.9
"Houston County, Alabama(2)",01069,Urban,18.4 ,15.4, 21.9,N/A , N/A , N/A,27,stable,-4.4 ,-12.0, 3.2
"Audrain County, Missouri(2)",29007,Rural,18.4 ,12.4, 26.5,N/A , N/A , N/A,6,stable,0.6 ,-2.3, 3.8
"Suffolk City, Virginia(2)",51800,Urban,18.4 ,14.8, 22.5,N/A , N/A , N/A,20,stable,0.9 ,-1.8, 4.1
"Red River County, Texas(7)",48387,Rural,18.4 ,11.2, 29.9,N/A , N/A , N/A,4,*,*,*,*
"King County, Washington(7)",53033,Urban,18.4 ,17.6, 19.2,N/A , N/A , N/A,435,falling,-1.2 ,-2.3, -0.8
"Hamilton County, Ohio(2)",39061,Urban,18.3 ,17.1, 19.6,N/A , N/A , N/A,183,stable,-0.5 ,-1.4, 0.5
"Pulaski County, Missouri(2)",29169,Rural,18.3 ,12.8, 25.4,N/A , N/A , N/A,7,stable,-0.4 ,-3.6, 3.1
"Laurel County, Kentucky(7)",21125,Rural,18.3 ,14.3, 23.2,N/A , N/A , N/A,15,stable,-1.0 ,-3.0, 1.4
"Morgan County, West Virginia(2)",54065,Urban,18.3 ,12.2, 27.5,N/A , N/A , N/A,6,stable,-1.2 ,-5.1, 3.0
"Cooke County, Texas(7)",48097,Rural,18.3 ,13.7, 24.2,N/A , N/A , N/A,11,stable,-1.2 ,-4.2, 2.1
"York County, Virginia(2)",51199,Urban,18.3 ,14.5, 22.9,N/A , N/A , N/A,16,stable,-0.6 ,-2.6, 1.6
"Grady County, Oklahoma(2)",40051,Urban,18.3 ,14, 23.7,N/A , N/A , N/A,13,stable,-0.3 ,-2.9, 2.7
"Tift County, Georgia(7)",13277,Rural,18.3 ,13.3, 24.7,N/A , N/A , N/A,9,stable,-0.6 ,-3.5, 2.9
"Fannin County, Texas(7)",48147,Rural,18.3 ,13.4, 24.7,N/A , N/A , N/A,9,stable,-0.2 ,-2.8, 2.7
"Hopkins County, Texas(7)",48223,Rural,18.3 ,13.3, 24.7,N/A , N/A , N/A,9,stable,-0.7 ,-3.6, 2.6
"Osage County, Missouri(2)",29151,Urban,18.3 ,10.6, 30.1,N/A , N/A , N/A,3,*,*,*,*
"Wasatch County, Utah(7)",49051,Rural,18.3 ,11.9, 26.8,N/A , N/A , N/A,6,*,*,*,*
"Orange County, Texas(7)",48361,Urban,18.3 ,14.7, 22.5,N/A , N/A , N/A,19,stable,-1.2 ,-2.9, 0.6
"Passaic County, New Jersey(7)",34031,Urban,18.3 ,16.8, 19.9,N/A , N/A , N/A,112,falling,-1.4 ,-2.5, -0.4
"Cochise County, Arizona(2)",04003,Urban,18.3 ,15.7, 21.2,N/A , N/A , N/A,38,stable,-0.6 ,-2.6, 1.6
"Phillips County, Arkansas(2)",05107,Rural,18.3 ,10.7, 29.4,N/A , N/A , N/A,4,stable,2.3 ,-2.4, 7.3
"Carver County, Minnesota(2)",27019,Urban,18.3 ,14.8, 22.3,N/A , N/A , N/A,21,stable,-0.7 ,-2.7, 1.7
"Sequatchie County, Tennessee(2)",47153,Urban,18.3 ,11.6, 28.1,N/A , N/A , N/A,5,stable,1.4 ,-3.3, 7.5
"Walsh County, North Dakota(2)",38099,Rural,18.2 ,10.5, 30.9,N/A , N/A , N/A,3,*,*,*,*
"Tioga County, Pennsylvania(2)",42117,Rural,18.2 ,14, 23.6,N/A , N/A , N/A,13,stable,-2.2 ,-4.9, 0.4
"Clinton County, Indiana(2)",18023,Rural,18.2 ,12.9, 25.2,N/A , N/A , N/A,8,falling,-19.5 ,-28.9, -10.8
"Coffee County, Tennessee(2)",47031,Rural,18.2 ,14.2, 23.2,N/A , N/A , N/A,14,stable,-1.0 ,-3.2, 1.3
"Williamson County, Texas(7)",48491,Urban,18.2 ,16.7, 19.9,N/A , N/A , N/A,107,stable,0.0 ,-1.5, 2.2
"Hardin County, Ohio(2)",39065,Rural,18.2 ,12.6, 25.8,N/A , N/A , N/A,7,stable,0.8 ,-1.6, 3.3
"Marion County, Tennessee(2)",47115,Urban,18.2 ,13, 25.3,N/A , N/A , N/A,8,stable,1.2 ,-1.8, 4.8
"Union County, North Carolina(2)",37179,Urban,18.2 ,15.8, 20.9,N/A , N/A , N/A,44,stable,-1.7 ,-3.5, 0.2
"Knox County, Indiana(2)",18083,Rural,18.2 ,13.4, 24.5,N/A , N/A , N/A,10,stable,-0.7 ,-3.7, 2.3
"Johnson County, Arkansas(2)",05071,Rural,18.2 ,12.2, 26.4,N/A , N/A , N/A,6,stable,-1.1 ,-4.3, 2.1
"Wasco County, Oregon(2)",41065,Rural,18.2 ,12.6, 25.7,N/A , N/A , N/A,8,stable,-0.4 ,-5.6, 5.6
"Lonoke County, Arkansas(2)",05085,Urban,18.2 ,14.3, 22.9,N/A , N/A , N/A,15,stable,0.6 ,-2.4, 4.4
"Polk County, Florida(2)",12105,Urban,18.2 ,17.1, 19.4,N/A , N/A , N/A,196,falling,-1.7 ,-2.3, -1.1
"Cass County, North Dakota(2)",38017,Urban,18.2 ,15.4, 21.3,N/A , N/A , N/A,33,falling,-3.0 ,-4.7, -1.2
"Calvert County, Maryland(2)",24009,Urban,18.2 ,14.8, 22.1,N/A , N/A , N/A,22,stable,-1.8 ,-4.2, 0.6
"Lauderdale County, Alabama(2)",01077,Urban,18.2 ,15.1, 21.8,N/A , N/A , N/A,26,stable,-0.6 ,-6.8, 0.8
"DeKalb County, Indiana(2)",18033,Rural,18.2 ,13.4, 24.2,N/A , N/A , N/A,10,falling,-3.0 ,-5.2, -1.0
"Bowie County, Texas(7)",48037,Urban,18.2 ,14.9, 22,N/A , N/A , N/A,22,stable,-0.1 ,-2.0, 1.9
"Westmoreland County, Pennsylvania(2)",42129,Urban,18.2 ,16.7, 19.8,N/A , N/A , N/A,111,falling,-12.6 ,-22.3, -6.2
"Washington County, North Carolina(2)",37187,Rural,18.2 ,10.1, 31.5,N/A , N/A , N/A,3,*,*,*,*
"Kalamazoo County, Michigan(2)",26077,Urban,18.1 ,16, 20.5,N/A , N/A , N/A,54,falling,-2.1 ,-3.5, -0.7
"Rockwall County, Texas(7)",48397,Urban,18.1 ,14.6, 22.3,N/A , N/A , N/A,19,stable,-1.2 ,-3.1, 1.3
"Fayette County, Alabama(2)",01057,Rural,18.1 ,11, 28.6,N/A , N/A , N/A,4,*,*,*,*
"Titus County, Texas(7)",48449,Rural,18.1 ,12.3, 25.8,N/A , N/A , N/A,6,stable,0.9 ,-2.0, 4.5
"St. Joseph County, Michigan(2)",26149,Rural,18.1 ,14.2, 22.8,N/A , N/A , N/A,16,stable,0.6 ,-2.5, 4.1
"Hunt County, Texas(7)",48231,Urban,18.1 ,14.8, 21.9,N/A , N/A , N/A,22,stable,-0.6 ,-2.1, 1.2
"Routt County, Colorado(2)",08107,Rural,18.1 ,11.4, 27.4,N/A , N/A , N/A,5,stable,-2.4 ,-5.7, 1.5
"Washington County, Arkansas(2)",05143,Urban,18.1 ,15.7, 20.8,N/A , N/A , N/A,41,falling,-5.8 ,-14.2, -1.9
"Walker County, Texas(7)",48471,Rural,18.1 ,14.1, 22.9,N/A , N/A , N/A,15,stable,-0.7 ,-2.5, 1.5
"Clarke County, Virginia(2)",51043,Urban,18.1 ,11, 28.9,N/A , N/A , N/A,4,stable,-1.3 ,-5.9, 3.9
"Limestone County, Alabama(2)",01083,Urban,18 ,14.8, 21.8,N/A , N/A , N/A,23,stable,-0.7 ,-2.8, 1.8
"Nez Perce County, Idaho(7)",16069,Urban,18 ,13.5, 23.7,N/A , N/A , N/A,11,stable,-2.5 ,-5.0, 0.1
"Henry County, Illinois(7)",17073,Urban,18 ,14.1, 22.9,N/A , N/A , N/A,15,falling,-6.2 ,-17.3, -2.7
"Rock Island County, Illinois(7)",17161,Urban,18 ,15.5, 20.9,N/A , N/A , N/A,38,falling,-7.3 ,-15.7, -3.1
"Lancaster County, Pennsylvania(2)",42071,Urban,18 ,16.7, 19.4,N/A , N/A , N/A,140,falling,-2.2 ,-2.9, -1.5
"Beadle County, South Dakota(2)",46005,Rural,18 ,11.4, 27.4,N/A , N/A , N/A,5,stable,-2.3 ,-5.2, 0.4
"Bonner County, Idaho(7)",16017,Rural,18 ,13.9, 23.2,N/A , N/A , N/A,15,stable,-1.0 ,-3.3, 1.6
"Wabasha County, Minnesota(2)",27157,Urban,18 ,12.1, 26.3,N/A , N/A , N/A,6,stable,-0.9 ,-4.2, 2.7
"Posey County, Indiana(2)",18129,Urban,18 ,12.2, 26,N/A , N/A , N/A,6,stable,0.1 ,-3.9, 4.4
"Chatham County, North Carolina(2)",37037,Urban,18 ,15, 21.6,N/A , N/A , N/A,25,stable,-0.1 ,-1.2, 1.2
"Grant County, West Virginia(2)",54023,Rural,18 ,10.6, 30.1,N/A , N/A , N/A,4,stable,-1.8 ,-6.1, 3.2
"Washtenaw County, Michigan(2)",26161,Urban,18 ,16.1, 20,N/A , N/A , N/A,73,stable,-1.3 ,-2.6, 0.0
"St. Croix County, Wisconsin(2)",55109,Urban,18 ,14.4, 22.1,N/A , N/A , N/A,19,stable,0.7 ,-1.4, 3.3
"Montour County, Pennsylvania(2)",42093,Rural,18 ,11.7, 27,N/A , N/A , N/A,5,stable,-1.1 ,-5.8, 3.7
"White County, Arkansas(2)",05145,Rural,17.9 ,14.3, 22.3,N/A , N/A , N/A,17,stable,-1.1 ,-2.9, 0.8
"Caddo Parish, Louisiana(7)",22017,Urban,17.9 ,15.8, 20.3,N/A , N/A , N/A,55,stable,1.8 ,-0.4, 7.9
"Spokane County, Washington(2)",53063,Urban,17.9 ,16.5, 19.5,N/A , N/A , N/A,119,falling,-1.8 ,-3.0, -0.6
"Montgomery County, Missouri(2)",29139,Rural,17.9 ,10.1, 30.5,N/A , N/A , N/A,3,stable,-2.3 ,-7.2, 2.3
"Alexander County, North Carolina(2)",37003,Urban,17.9 ,13.2, 24,N/A , N/A , N/A,10,stable,-3.0 ,-28.9, 4.6
"Decatur County, Tennessee(2)",47039,Rural,17.9 ,10.3, 30.3,N/A , N/A , N/A,3,*,*,*,*
"McCurtain County, Oklahoma(2)",40089,Rural,17.9 ,12.6, 24.9,N/A , N/A , N/A,8,falling,-31.1 ,-45.2, -22.7
"Franklin County, North Carolina(2)",37069,Urban,17.9 ,14.2, 22.4,N/A , N/A , N/A,17,stable,0.7 ,-1.2, 2.9
"Muskogee County, Oklahoma(2)",40101,Rural,17.9 ,14.1, 22.5,N/A , N/A , N/A,15,stable,-0.5 ,-2.3, 1.3
"Lancaster County, Nebraska(2)",31109,Urban,17.9 ,15.9, 20.1,N/A , N/A , N/A,61,stable,-0.2 ,-1.6, 1.1
"Walton County, Florida(2)",12131,Urban,17.9 ,14.5, 22,N/A , N/A , N/A,21,stable,-0.3 ,-2.5, 2.5
"Osage County, Oklahoma(2)",40113,Urban,17.9 ,13.6, 23.4,N/A , N/A , N/A,12,stable,-0.8 ,-19.4, 5.8
"Pima County, Arizona(2)",04019,Urban,17.9 ,17, 18.9,N/A , N/A , N/A,284,stable,-0.5 ,-1.1, 1.0
"Wilson County, North Carolina(2)",37195,Rural,17.9 ,14.4, 22,N/A , N/A , N/A,19,stable,0.5 ,-2.1, 3.3
"Gloucester County, Virginia(2)",51073,Urban,17.9 ,13.3, 23.8,N/A , N/A , N/A,11,stable,0.4 ,-2.3, 3.6
"McCormick County, South Carolina(2)",45065,Rural,17.9 ,10.6, 32.5,N/A , N/A , N/A,4,*,*,*,*
"Goochland County, Virginia(2)",51075,Urban,17.9 ,12.5, 25.5,N/A , N/A , N/A,8,stable,-0.9 ,-4.3, 3.2
"Taylor County, Texas(7)",48441,Urban,17.9 ,15, 21.1,N/A , N/A , N/A,29,stable,0.1 ,-1.6, 2.0
"Delaware County, Iowa(7)",19055,Rural,17.9 ,11.5, 27.2,N/A , N/A , N/A,5,stable,-1.3 ,-21.4, 1.6
"Berrien County, Michigan(2)",26021,Urban,17.9 ,15.5, 20.6,N/A , N/A , N/A,42,falling,-2.5 ,-4.0, -1.2
"Unicoi County, Tennessee(2)",47171,Urban,17.9 ,11.8, 26.9,N/A , N/A , N/A,6,stable,2.0 ,-1.1, 6.0
"Williamson County, Tennessee(2)",47187,Urban,17.9 ,15.6, 20.4,N/A , N/A , N/A,48,stable,-0.9 ,-2.4, 1.0
"Scott County, Indiana(2)",18143,Rural,17.8 ,11.8, 26.1,N/A , N/A , N/A,6,falling,-16.5 ,-29.7, -4.6
"Rapides Parish, Louisiana(7)",22079,Urban,17.8 ,15, 21.1,N/A , N/A , N/A,29,stable,-1.3 ,-3.0, 0.4
"Sandoval County, New Mexico(7)",35043,Urban,17.8 ,15.3, 20.8,N/A , N/A , N/A,36,stable,-0.8 ,-2.0, 1.0
"Franklin County, Indiana(2)",18047,Urban,17.8 ,11.9, 26.1,N/A , N/A , N/A,6,*,*,*,*
"Greenbrier County, West Virginia(2)",54025,Rural,17.8 ,13.1, 24,N/A , N/A , N/A,10,stable,-1.3 ,-5.3, 2.6
"Comal County, Texas(7)",48091,Urban,17.8 ,15.3, 20.6,N/A , N/A , N/A,40,stable,-1.6 ,-3.1, 0.2
"Hendry County, Florida(2)",12051,Rural,17.8 ,12.6, 24.4,N/A , N/A , N/A,8,stable,0.3 ,-3.1, 4.0
"Big Horn County, Wyoming(2)",56003,Rural,17.8 ,10.2, 30,N/A , N/A , N/A,3,stable,0.5 ,-5.6, 7.8
"Wake County, North Carolina(2)",37183,Urban,17.8 ,16.6, 19,N/A , N/A , N/A,189,falling,-3.5 ,-8.6, -1.1
"Pitt County, North Carolina(2)",37147,Urban,17.8 ,15.1, 20.8,N/A , N/A , N/A,31,stable,-0.7 ,-2.3, 1.1
"Iberia Parish, Louisiana(7)",22045,Rural,17.8 ,13.8, 22.6,N/A , N/A , N/A,14,stable,0.2 ,-1.7, 2.2
"Fulton County, Indiana(2)",18049,Rural,17.8 ,11.6, 26.5,N/A , N/A , N/A,5,falling,-3.6 ,-7.0, -0.7
"Rusk County, Wisconsin(2)",55107,Rural,17.8 ,11, 28.3,N/A , N/A , N/A,4,*,*,*,*
"Adair County, Oklahoma(2)",40001,Rural,17.7 ,10.6, 28,N/A , N/A , N/A,4,*,*,*,*
"Morgan County, Ohio(2)",39115,Rural,17.7 ,10.9, 28.4,N/A , N/A , N/A,4,stable,-0.8 ,-5.5, 3.8
"Ashe County, North Carolina(2)",37009,Rural,17.7 ,13, 24.4,N/A , N/A , N/A,9,falling,-12.4 ,-30.7, -0.7
"Kershaw County, South Carolina(2)",45055,Urban,17.7 ,13.9, 22.4,N/A , N/A , N/A,15,falling,-9.7 ,-20.7, -4.8
"Davie County, North Carolina(2)",37059,Urban,17.7 ,13.5, 23.2,N/A , N/A , N/A,12,falling,-7.8 ,-15.4, -4.0
"Eau Claire County, Wisconsin(2)",55035,Urban,17.7 ,14.5, 21.5,N/A , N/A , N/A,22,stable,-0.4 ,-2.7, 2.1
"Grayson County, Virginia(2)",51077,Rural,17.7 ,11, 28,N/A , N/A , N/A,5,*,*,*,*
"Dale County, Alabama(2)",01045,Rural,17.7 ,13.2, 23.3,N/A , N/A , N/A,11,stable,0.0 ,-3.5, 4.0
"Norfolk City, Virginia(2)",51710,Urban,17.7 ,15.3, 20.4,N/A , N/A , N/A,41,stable,0.0 ,-2.1, 2.3
"Pinal County, Arizona(2)",04021,Urban,17.7 ,16.2, 19.3,N/A , N/A , N/A,117,stable,-5.8 ,-12.8, 0.1
"Ascension Parish, Louisiana(7)",22005,Urban,17.7 ,14.4, 21.5,N/A , N/A , N/A,22,falling,-1.8 ,-3.1, -0.2
"Edmonson County, Kentucky(7)",21061,Urban,17.7 ,10.2, 29.7,N/A , N/A , N/A,3,stable,-1.5 ,-5.8, 3.2
"Franklin County, Vermont(2)",50011,Urban,17.7 ,13.2, 23.2,N/A , N/A , N/A,11,stable,-1.1 ,-4.4, 2.5
"Clark County, Washington(2)",53011,Urban,17.7 ,16.1, 19.3,N/A , N/A , N/A,104,stable,-1.1 ,-2.4, 0.2
"Portsmouth City, Virginia(2)",51740,Urban,17.7 ,14.2, 21.7,N/A , N/A , N/A,19,stable,2.1 ,-0.2, 4.7
"Dent County, Missouri(2)",29065,Rural,17.7 ,10.6, 28.4,N/A , N/A , N/A,4,*,*,*,*
"Pueblo County, Colorado(2)",08101,Urban,17.7 ,15.3, 20.3,N/A , N/A , N/A,42,stable,-13.8 ,-27.2, 1.2
"Salem City, Virginia(2)",51775,Urban,17.7 ,12, 25.4,N/A , N/A , N/A,6,rising,2.9 ,0.2, 6.1
"Livingston Parish, Louisiana(7)",22063,Urban,17.6 ,14.7, 21,N/A , N/A , N/A,27,stable,-1.4 ,-3.5, 1.0
"Fayette County, Tennessee(2)",47047,Urban,17.6 ,13.4, 23.1,N/A , N/A , N/A,12,stable,0.8 ,-2.8, 5.4
"Panola County, Texas(7)",48365,Rural,17.6 ,11.6, 26.1,N/A , N/A , N/A,6,stable,-17.9 ,-33.3, 0.3
"Caddo County, Oklahoma(2)",40015,Rural,17.6 ,11.7, 25.7,N/A , N/A , N/A,6,stable,-0.3 ,-3.3, 2.8
"Cass County, Indiana(2)",18017,Rural,17.6 ,12.9, 23.7,N/A , N/A , N/A,10,falling,-2.6 ,-5.0, -0.4
"Mendocino County, California(7)",06045,Rural,17.6 ,14.6, 21.2,N/A , N/A , N/A,26,falling,-2.3 ,-4.4, -0.3
"Pierce County, Georgia(7)",13229,Rural,17.6 ,10.9, 27.2,N/A , N/A , N/A,4,falling,-7.5 ,-36.7, -0.4
"Walker County, Georgia(7)",13295,Urban,17.6 ,14, 21.9,N/A , N/A , N/A,17,stable,-0.3 ,-3.4, 3.3
"Grant County, Wisconsin(2)",55043,Rural,17.6 ,13.4, 22.9,N/A , N/A , N/A,12,stable,0.6 ,-2.2, 3.5
"Botetourt County, Virginia(2)",51023,Urban,17.6 ,13.1, 23.6,N/A , N/A , N/A,10,stable,-0.4 ,-3.3, 2.9
"Calhoun County, Florida(2)",12013,Rural,17.6 ,10.4, 28.7,N/A , N/A , N/A,4,*,*,*,*
"Hardin County, Tennessee(2)",47071,Rural,17.6 ,12.6, 24.4,N/A , N/A , N/A,8,stable,0.1 ,-3.1, 3.7
"Monroe County, Kentucky(7)",21171,Rural,17.6 ,10, 29.8,N/A , N/A , N/A,3,*,*,*,*
"Kossuth County, Iowa(7)",19109,Rural,17.6 ,10.4, 28.4,N/A , N/A , N/A,4,stable,0.0 ,-2.4, 2.6
"Goodhue County, Minnesota(2)",27049,Rural,17.6 ,13.5, 22.7,N/A , N/A , N/A,13,stable,-0.6 ,-2.7, 1.7
"Davison County, South Dakota(2)",46035,Rural,17.6 ,11.2, 26.6,N/A , N/A , N/A,5,stable,-0.1 ,-4.0, 15.7
"Daviess County, Indiana(2)",18027,Rural,17.5 ,12, 24.8,N/A , N/A , N/A,7,stable,-1.0 ,-4.7, 2.4
"Denton County, Texas(7)",48121,Urban,17.5 ,16.2, 19,N/A , N/A , N/A,132,stable,-1.1 ,-2.1, 0.2
"Stafford County, Virginia(2)",51179,Urban,17.5 ,14.5, 21,N/A , N/A , N/A,25,stable,-1.8 ,-3.5, 0.1
"Morrow County, Ohio(2)",39117,Urban,17.5 ,12.5, 24.1,N/A , N/A , N/A,9,*,*,*,*
"Wood County, Ohio(2)",39173,Urban,17.5 ,14.7, 20.8,N/A , N/A , N/A,28,stable,-1.0 ,-2.8, 0.8
"Berrien County, Georgia(7)",13019,Rural,17.5 ,10.7, 27.3,N/A , N/A , N/A,4,*,*,*,*
"Lowndes County, Mississippi(2)",28087,Rural,17.5 ,13.4, 22.5,N/A , N/A , N/A,13,stable,-0.5 ,-3.2, 2.4
"Maricopa County, Arizona(2)",04013,Urban,17.5 ,17, 18,N/A , N/A , N/A,923,falling,-3.7 ,-5.8, -1.4
"Platte County, Missouri(2)",29165,Urban,17.5 ,14.3, 21.1,N/A , N/A , N/A,22,stable,-2.0 ,-4.0, 0.0
"St. Louis County, Missouri(2)",29189,Urban,17.5 ,16.5, 18.5,N/A , N/A , N/A,241,falling,-1.3 ,-2.1, -0.6
"Fergus County, Montana(2)",30027,Rural,17.5 ,10.4, 29,N/A , N/A , N/A,4,stable,-3.1 ,-7.5, 0.9
"Georgetown County, South Carolina(2)",45043,Rural,17.5 ,14.2, 21.5,N/A , N/A , N/A,22,stable,-0.4 ,-2.4, 1.9
"Monroe County, Florida(2)",12087,Rural,17.4 ,14.4, 21.1,N/A , N/A , N/A,24,stable,-0.4 ,-2.3, 1.6
"Brazos County, Texas(7)",48041,Urban,17.4 ,14.7, 20.5,N/A , N/A , N/A,30,stable,-1.3 ,-3.0, 0.9
"Johnson County, Missouri(2)",29101,Rural,17.4 ,12.7, 23.4,N/A , N/A , N/A,9,stable,-0.7 ,-3.3, 1.9
"Crawford County, Illinois(7)",17033,Rural,17.4 ,11.2, 26.4,N/A , N/A , N/A,5,stable,-1.4 ,-4.9, 2.3
"Brunswick County, Virginia(2)",51025,Rural,17.4 ,10.9, 27.3,N/A , N/A , N/A,5,*,*,*,*
"Columbia County, Georgia(7)",13073,Urban,17.4 ,14.7, 20.6,N/A , N/A , N/A,29,stable,-0.9 ,-2.4, 0.9
"Wilson County, Texas(7)",48493,Urban,17.4 ,13.1, 22.8,N/A , N/A , N/A,11,stable,-0.4 ,-3.7, 4.1
"Chester County, Tennessee(2)",47023,Urban,17.4 ,10.3, 27.9,N/A , N/A , N/A,4,*,*,*,*
"Jackson County, Wisconsin(2)",55053,Rural,17.4 ,11.3, 26.1,N/A , N/A , N/A,5,stable,-3.2 ,-6.7, 0.1
"Harrison County, Texas(7)",48203,Urban,17.4 ,13.6, 21.9,N/A , N/A , N/A,16,stable,-1.0 ,-6.8, 0.6
"Wagoner County, Oklahoma(2)",40145,Urban,17.4 ,13.9, 21.6,N/A , N/A , N/A,18,stable,-0.9 ,-4.1, 1.2
"Cabell County, West Virginia(2)",54011,Urban,17.4 ,14.3, 21,N/A , N/A , N/A,23,stable,-1.0 ,-3.2, 1.1
"Lexington County, South Carolina(2)",45063,Urban,17.4 ,15.5, 19.4,N/A , N/A , N/A,65,stable,-1.0 ,-2.5, 0.6
"Page County, Virginia(2)",51139,Rural,17.4 ,12, 24.9,N/A , N/A , N/A,7,stable,0.0 ,-2.8, 3.0
"Cache County, Utah(7)",49005,Urban,17.4 ,13.9, 21.4,N/A , N/A , N/A,17,stable,-0.1 ,-1.2, 1.2
"Gregg County, Texas(7)",48183,Urban,17.4 ,14.4, 20.7,N/A , N/A , N/A,26,stable,-0.8 ,-2.2, 0.7
"Stanislaus County, California(7)",06099,Urban,17.4 ,15.8, 19,N/A , N/A , N/A,97,stable,-0.4 ,-1.1, 0.5
"Bartow County, Georgia(7)",13015,Urban,17.3 ,14.1, 21.1,N/A , N/A , N/A,21,falling,-8.1 ,-21.6, -0.2
"Jackson County, North Carolina(2)",37099,Rural,17.3 ,12.8, 23.2,N/A , N/A , N/A,10,stable,-1.3 ,-4.7, 2.2
"Chesterfield County, Virginia(2)",51041,Urban,17.3 ,15.5, 19.3,N/A , N/A , N/A,71,rising,12.3 ,0.9, 19.7
"Jefferson Davis Parish, Louisiana(7)",22053,Urban,17.3 ,12, 24.3,N/A , N/A , N/A,7,stable,0.3 ,-2.7, 4.0
"Ventura County, California(7)",06111,Urban,17.3 ,16.2, 18.5,N/A , N/A , N/A,182,falling,-1.4 ,-2.0, -0.8
"Champaign County, Illinois(7)",17019,Urban,17.3 ,14.8, 20.1,N/A , N/A , N/A,36,stable,-1.4 ,-3.5, 0.8
"Washington County, Nebraska(2)",31177,Urban,17.3 ,11.4, 25.8,N/A , N/A , N/A,6,stable,-1.4 ,-5.5, 3.1
"Rusk County, Texas(7)",48401,Urban,17.3 ,13.1, 22.6,N/A , N/A , N/A,12,stable,-0.5 ,-3.6, 3.0
"Winn Parish, Louisiana(7)",22127,Rural,17.3 ,10, 28.5,N/A , N/A , N/A,3,*,*,*,*
"Santa Barbara County, California(7)",06083,Urban,17.3 ,15.7, 19,N/A , N/A , N/A,93,falling,-1.2 ,-2.0, -0.4
"Beaufort County, South Carolina(2)",45013,Urban,17.3 ,15.3, 19.5,N/A , N/A , N/A,62,stable,-1.0 ,-2.7, 0.8
"Ouachita County, Arkansas(2)",05103,Rural,17.3 ,11.4, 25.6,N/A , N/A , N/A,6,stable,0.0 ,-3.5, 3.4
"Navarro County, Texas(7)",48349,Rural,17.3 ,13, 22.6,N/A , N/A , N/A,11,stable,-0.8 ,-3.3, 2.0
"Yolo County, California(7)",06113,Urban,17.3 ,14.8, 20,N/A , N/A , N/A,37,stable,-1.5 ,-2.9, 0.1
"Burleson County, Texas(7)",48051,Urban,17.3 ,11.2, 26.2,N/A , N/A , N/A,5,*,*,*,*
"Okmulgee County, Oklahoma(2)",40111,Urban,17.3 ,12.6, 23.4,N/A , N/A , N/A,9,stable,-1.7 ,-4.1, 0.6
"Outagamie County, Wisconsin(2)",55087,Urban,17.3 ,14.9, 19.9,N/A , N/A , N/A,39,falling,-11.3 ,-17.1, -4.1
"Benton County, Oregon(2)",41003,Urban,17.3 ,14, 21.1,N/A , N/A , N/A,20,stable,-0.8 ,-2.7, 1.3
"Randolph County, Alabama(2)",01111,Rural,17.3 ,11.5, 25.4,N/A , N/A , N/A,6,stable,-0.2 ,-4.4, 4.2
"Arapahoe County, Colorado(2)",08005,Urban,17.2 ,15.8, 18.7,N/A , N/A , N/A,117,falling,-1.0 ,-1.6, -0.2
"Nevada County, California(7)",06057,Rural,17.2 ,14.6, 20.3,N/A , N/A , N/A,35,falling,-2.3 ,-3.7, -0.9
"Lewis County, Tennessee(2)",47101,Rural,17.2 ,9.7, 29.1,N/A , N/A , N/A,3,*,*,*,*
"Fremont County, Colorado(2)",08043,Rural,17.2 ,13.3, 22.3,N/A , N/A , N/A,14,falling,-11.3 ,-29.5, -1.8
"Dodge County, Nebraska(2)",31053,Rural,17.2 ,12.6, 23.2,N/A , N/A , N/A,9,stable,-1.7 ,-4.5, 1.1
"Le Flore County, Oklahoma(2)",40079,Rural,17.2 ,12.9, 22.7,N/A , N/A , N/A,11,stable,0.6 ,-2.3, 4.0
"Charlottesville City, Virginia(2)",51540,Urban,17.2 ,11.8, 24.3,N/A , N/A , N/A,7,stable,-2.4 ,-5.4, 0.3
"Franklin County, Tennessee(2)",47051,Rural,17.2 ,12.8, 22.8,N/A , N/A , N/A,11,stable,-2.4 ,-5.2, 0.4
"Pulaski County, Arkansas(2)",05119,Urban,17.2 ,15.5, 19,N/A , N/A , N/A,82,stable,-0.8 ,-6.1, 0.7
"Yakima County, Washington(2)",53077,Urban,17.2 ,15, 19.6,N/A , N/A , N/A,46,stable,-1.3 ,-3.1, 0.5
"Concordia Parish, Louisiana(7)",22029,Rural,17.2 ,10.8, 26.4,N/A , N/A , N/A,5,*,*,*,*
"Otero County, New Mexico(7)",35035,Rural,17.2 ,13.4, 21.7,N/A , N/A , N/A,15,stable,-0.4 ,-1.8, 1.3
"Marion County, Mississippi(2)",28091,Rural,17.2 ,11.4, 25.2,N/A , N/A , N/A,6,stable,3.1 ,-1.3, 8.7
"Barton County, Missouri(2)",29011,Rural,17.2 ,9.8, 29.1,N/A , N/A , N/A,3,*,*,*,*
"Howell County, Missouri(2)",29091,Rural,17.2 ,12.7, 22.8,N/A , N/A , N/A,10,stable,-0.6 ,-4.4, 3.3
"Piatt County, Illinois(7)",17147,Urban,17.1 ,10.7, 26.7,N/A , N/A , N/A,4,stable,-1.3 ,-6.5, 3.9
"Union County, New Jersey(7)",34039,Urban,17.1 ,15.7, 18.6,N/A , N/A , N/A,112,falling,-2.3 ,-3.2, -1.4
"Cass County, Michigan(2)",26027,Urban,17.1 ,13.1, 22.1,N/A , N/A , N/A,13,falling,-3.2 ,-5.7, -0.9
"Lincoln County, Missouri(2)",29113,Urban,17.1 ,12.8, 22.5,N/A , N/A , N/A,11,falling,-3.5 ,-5.9, -1.2
"Orange County, North Carolina(2)",37135,Urban,17.1 ,14.3, 20.3,N/A , N/A , N/A,27,stable,-0.8 ,-2.7, 1.2
"Ottawa County, Michigan(2)",26139,Urban,17.1 ,15.2, 19.2,N/A , N/A , N/A,60,falling,-6.0 ,-14.2, -1.4
"St. Charles County, Missouri(2)",29183,Urban,17.1 ,15.5, 18.9,N/A , N/A , N/A,85,falling,-10.5 ,-19.9, -3.4
"Franklin County, Pennsylvania(2)",42055,Urban,17.1 ,14.7, 19.7,N/A , N/A , N/A,39,falling,-20.9 ,-29.0, -14.6
"Putnam County, Georgia(7)",13237,Rural,17.1 ,11.7, 24.8,N/A , N/A , N/A,7,stable,0.2 ,-1.9, 3.1
"Jackson Parish, Louisiana(7)",22049,Rural,17.1 ,10.4, 27.2,N/A , N/A , N/A,4,*,*,*,*
"Liberty County, Georgia(7)",13179,Urban,17.1 ,11.8, 23.7,N/A , N/A , N/A,8,stable,-0.5 ,-4.0, 4.2
"Horry County, South Carolina(2)",45051,Urban,17.1 ,15.5, 18.7,N/A , N/A , N/A,104,falling,-6.1 ,-24.3, -1.0
"Lee County, North Carolina(2)",37105,Rural,17.1 ,13.2, 21.7,N/A , N/A , N/A,14,stable,-2.0 ,-4.5, 0.6
"Galveston County, Texas(7)",48167,Urban,17 ,15.3, 19,N/A , N/A , N/A,70,stable,-1.2 ,-2.5, 0.2
"Leake County, Mississippi(2)",28079,Rural,17 ,10.7, 26,N/A , N/A , N/A,5,stable,-1.4 ,-6.5, 3.9
"Monroe County, Michigan(2)",26115,Urban,17 ,14.6, 19.8,N/A , N/A , N/A,38,stable,-0.9 ,-3.0, 1.2
"Essex County, New Jersey(7)",34013,Urban,17 ,15.8, 18.3,N/A , N/A , N/A,157,falling,-1.3 ,-2.0, -0.6
"Madison County, Mississippi(2)",28089,Urban,17 ,13.8, 20.7,N/A , N/A , N/A,21,stable,1.3 ,-1.3, 4.3
"Thomas County, Georgia(7)",13275,Rural,17 ,12.7, 22.5,N/A , N/A , N/A,11,stable,1.5 ,-1.2, 4.7
"Wright County, Missouri(2)",29229,Rural,17 ,10.6, 26.4,N/A , N/A , N/A,5,stable,-1.2 ,-5.8, 3.7
"Morgan County, Missouri(2)",29141,Rural,17 ,11.7, 24.7,N/A , N/A , N/A,7,stable,-1.3 ,-5.3, 2.6
"Giles County, Tennessee(2)",47055,Rural,17 ,11.9, 23.9,N/A , N/A , N/A,8,stable,-0.7 ,-16.4, 6.7
"Chippewa County, Wisconsin(2)",55017,Urban,17 ,13.3, 21.5,N/A , N/A , N/A,15,falling,-10.7 ,-26.6, -3.9
"Colleton County, South Carolina(2)",45029,Rural,17 ,12.3, 23.1,N/A , N/A , N/A,9,stable,0.5 ,-2.5, 3.8
"Olmsted County, Minnesota(2)",27109,Urban,17 ,14.5, 19.8,N/A , N/A , N/A,33,falling,-3.2 ,-4.8, -1.6
"Warren County, North Carolina(2)",37185,Rural,17 ,10.9, 25.9,N/A , N/A , N/A,6,stable,1.8 ,-3.0, 7.8
"Crockett County, Tennessee(2)",47033,Urban,17 ,9.8, 28,N/A , N/A , N/A,3,*,*,*,*
"Eastland County, Texas(7)",48133,Rural,17 ,10.9, 25.8,N/A , N/A , N/A,5,stable,-2.7 ,-6.3, 0.9
"Stanly County, North Carolina(2)",37167,Rural,17 ,13.2, 21.5,N/A , N/A , N/A,15,stable,-0.4 ,-3.2, 2.6
"Cook County, Illinois(7)",17031,Urban,17 ,16.5, 17.4,N/A , N/A , N/A,1028,falling,-1.2 ,-1.6, -0.8
"Dorchester County, South Carolina(2)",45035,Urban,16.9 ,14.2, 20,N/A , N/A , N/A,29,stable,-0.3 ,-2.4, 2.3
"Henry County, Alabama(2)",01067,Urban,16.9 ,10.8, 26,N/A , N/A , N/A,5,*,*,*,*
"Custer County, South Dakota(2)",46033,Urban,16.9 ,9.4, 32.1,N/A , N/A , N/A,3,*,*,*,*
"Calcasieu Parish, Louisiana(7)",22019,Urban,16.9 ,14.7, 19.5,N/A , N/A , N/A,42,stable,-0.2 ,-1.5, 1.2
"Shelby County, Alabama(2)",01117,Urban,16.9 ,14.8, 19.4,N/A , N/A , N/A,45,stable,-1.2 ,-2.5, 0.1
"Marion County, Texas(7)",48315,Rural,16.9 ,9.5, 30.2,N/A , N/A , N/A,3,*,*,*,*
"San Mateo County, California(7)",06081,Urban,16.9 ,15.8, 18.2,N/A , N/A , N/A,163,falling,-0.5 ,-0.9, -0.1
"Otsego County, Michigan(2)",26137,Rural,16.9 ,11.6, 24.3,N/A , N/A , N/A,7,stable,-1.9 ,-5.3, 1.7
"Cross County, Arkansas(2)",05037,Rural,16.9 ,10.3, 26.7,N/A , N/A , N/A,4,*,*,*,*
"Adams County, Colorado(2)",08001,Urban,16.9 ,15.2, 18.8,N/A , N/A , N/A,76,falling,-1.5 ,-2.4, -0.6
"George County, Mississippi(2)",28039,Rural,16.9 ,10.7, 25.6,N/A , N/A , N/A,5,*,*,*,*
"Geneva County, Alabama(2)",01061,Urban,16.9 ,11.6, 24.1,N/A , N/A , N/A,7,stable,-0.9 ,-4.3, 2.5
"Wells County, Indiana(2)",18179,Urban,16.9 ,11.5, 24.1,N/A , N/A , N/A,7,falling,-2.6 ,-5.3, -0.2
"Henry County, Georgia(7)",13151,Urban,16.9 ,14.5, 19.6,N/A , N/A , N/A,40,falling,-2.6 ,-4.1, -0.8
"Hampden County, Massachusetts(2)",25013,Urban,16.9 ,15.4, 18.5,N/A , N/A , N/A,104,falling,-1.9 ,-3.2, -0.7
"Sutter County, California(7)",06101,Urban,16.9 ,13.7, 20.6,N/A , N/A , N/A,20,stable,-0.3 ,-1.6, 1.3
"Carroll County, Maryland(2)",24013,Urban,16.9 ,14.6, 19.5,N/A , N/A , N/A,40,stable,-1.4 ,-3.6, 1.1
"Swain County, North Carolina(2)",37173,Rural,16.9 ,9.8, 27.9,N/A , N/A , N/A,3,stable,-3.1 ,-7.3, 0.9
"Boulder County, Colorado(2)",08013,Urban,16.9 ,15, 18.9,N/A , N/A , N/A,63,stable,-0.8 ,-2.0, 0.5
"Pacific County, Washington(2)",53049,Rural,16.9 ,12.1, 23.9,N/A , N/A , N/A,9,stable,-2.1 ,-4.9, 0.7
"Spartanburg County, South Carolina(2)",45083,Urban,16.9 ,15.1, 18.8,N/A , N/A , N/A,67,stable,-5.6 ,-24.2, 0.1
"Waseca County, Minnesota(2)",27161,Rural,16.9 ,10.2, 26.6,N/A , N/A , N/A,4,*,*,*,*
"DeWitt County, Texas(7)",48123,Rural,16.9 ,10.6, 25.8,N/A , N/A , N/A,5,*,*,*,*
"Sullivan County, Indiana(2)",18153,Urban,16.8 ,10.6, 25.8,N/A , N/A , N/A,5,stable,-2.0 ,-6.0, 1.7
"Pottawattamie County, Iowa(7)",19155,Urban,16.8 ,13.7, 20.5,N/A , N/A , N/A,21,stable,-1.1 ,-2.3, 0.3
"Los Alamos County, New Mexico(7)",35028,Rural,16.8 ,10.5, 26,N/A , N/A , N/A,4,*,*,*,*
"Panola County, Mississippi(2)",28107,Rural,16.8 ,11.7, 23.6,N/A , N/A , N/A,7,stable,-0.2 ,-2.9, 2.6
"Grant Parish, Louisiana(7)",22043,Urban,16.8 ,10.4, 25.9,N/A , N/A , N/A,4,*,*,*,*
"Oktibbeha County, Mississippi(2)",28105,Rural,16.8 ,12, 23,N/A , N/A , N/A,8,stable,0.6 ,-2.5, 4.3
"Gwinnett County, Georgia(7)",13135,Urban,16.8 ,15.5, 18.2,N/A , N/A , N/A,133,stable,-0.6 ,-1.1, 0.0
"Larimer County, Colorado(2)",08069,Urban,16.8 ,15, 18.7,N/A , N/A , N/A,71,falling,-4.5 ,-8.3, -2.6
"St. James Parish, Louisiana(7)",22093,Urban,16.8 ,10.5, 25.8,N/A , N/A , N/A,5,stable,-2.0 ,-4.2, 0.6
"Jerome County, Idaho(7)",16053,Urban,16.8 ,10.1, 26.2,N/A , N/A , N/A,4,stable,-2.1 ,-6.2, 2.2
"Dade County, Georgia(7)",13083,Urban,16.8 ,9.9, 27.1,N/A , N/A , N/A,4,*,*,*,*
"Bienville Parish, Louisiana(7)",22013,Rural,16.8 ,9.5, 28.1,N/A , N/A , N/A,3,stable,1.1 ,-3.0, 5.8
"Jackson County, Oklahoma(2)",40065,Rural,16.8 ,10.9, 24.9,N/A , N/A , N/A,5,stable,-0.7 ,-4.3, 2.9
"Broward County, Florida(2)",12011,Urban,16.7 ,16, 17.5,N/A , N/A , N/A,431,stable,2.5 ,-2.7, 6.8
"Douglas County, Oregon(2)",41019,Rural,16.7 ,14.2, 19.7,N/A , N/A , N/A,34,stable,-0.3 ,-2.7, 2.1
"Beckham County, Oklahoma(2)",40009,Rural,16.7 ,10.4, 25.7,N/A , N/A , N/A,4,stable,-2.2 ,-5.5, 0.9
"Manassas City, Virginia(2)",51683,Urban,16.7 ,10.8, 24.5,N/A , N/A , N/A,6,*,*,*,*
"Middlesex County, Virginia(2)",51119,Rural,16.7 ,9.1, 30.2,N/A , N/A , N/A,3,*,*,*,*
"Douglas County, Illinois(7)",17041,Rural,16.7 ,10.6, 25.5,N/A , N/A , N/A,5,falling,-4.7 ,-26.3, -1.6
"Hamilton County, Tennessee(2)",47065,Urban,16.7 ,15.1, 18.4,N/A , N/A , N/A,81,falling,-6.9 ,-10.3, -4.5
"Washington Parish, Louisiana(7)",22117,Rural,16.7 ,12.3, 22.2,N/A , N/A , N/A,10,stable,-1.1 ,-3.2, 1.2
"Brooks County, Georgia(7)",13027,Urban,16.7 ,10.4, 26.1,N/A , N/A , N/A,4,stable,0.4 ,-2.6, 4.0
"Franklin County, Washington(2)",53021,Urban,16.6 ,12.5, 21.6,N/A , N/A , N/A,12,stable,-2.3 ,-5.7, 1.5
"Roanoke City, Virginia(2)",51770,Urban,16.6 ,13.6, 20.2,N/A , N/A , N/A,22,falling,-2.1 ,-4.1, -0.3
"Butler County, Pennsylvania(2)",42019,Urban,16.6 ,14.5, 19,N/A , N/A , N/A,47,falling,-16.7 ,-30.5, -2.9
"Liberty County, Texas(7)",48291,Urban,16.6 ,12.9, 21,N/A , N/A , N/A,15,stable,-0.6 ,-3.4, 2.6
"Lenoir County, North Carolina(2)",37107,Rural,16.6 ,12.9, 21.2,N/A , N/A , N/A,14,stable,-2.4 ,-5.3, 0.5
"Clark County, Nevada(2)",32003,Urban,16.6 ,15.9, 17.4,N/A , N/A , N/A,428,falling,-3.3 ,-4.4, -2.8
"Coahoma County, Mississippi(2)",28027,Rural,16.6 ,10.1, 26,N/A , N/A , N/A,4,*,*,*,*
"Monroe County, West Virginia(2)",54063,Rural,16.6 ,9.6, 28.1,N/A , N/A , N/A,4,stable,-3.3 ,-8.3, 1.5
"Rankin County, Mississippi(2)",28121,Urban,16.6 ,14.1, 19.5,N/A , N/A , N/A,31,stable,0.8 ,-1.9, 3.9
"Davidson County, Tennessee(2)",47037,Urban,16.6 ,15.2, 18.1,N/A , N/A , N/A,113,stable,0.0 ,-1.2, 1.3
"Renville County, Minnesota(2)",27129,Rural,16.6 ,9.6, 27.4,N/A , N/A , N/A,4,stable,0.8 ,-4.9, 6.3
"Latah County, Idaho(7)",16057,Rural,16.6 ,11.4, 23.4,N/A , N/A , N/A,7,stable,-1.1 ,-3.5, 1.6
"Ouachita Parish, Louisiana(7)",22073,Urban,16.6 ,14, 19.5,N/A , N/A , N/A,30,stable,-0.3 ,-1.8, 1.3
"Person County, North Carolina(2)",37145,Urban,16.6 ,12.1, 22.4,N/A , N/A , N/A,9,stable,-1.2 ,-3.7, 1.4
"Todd County, Minnesota(2)",27153,Rural,16.6 ,11.2, 24,N/A , N/A , N/A,7,falling,-21.8 ,-35.7, -12.1
"Mecklenburg County, North Carolina(2)",37119,Urban,16.6 ,15.4, 17.8,N/A , N/A , N/A,166,stable,-1.3 ,-6.1, 0.6
"Sacramento County, California(7)",06067,Urban,16.6 ,15.7, 17.5,N/A , N/A , N/A,286,falling,-1.2 ,-1.8, -0.4
"Wicomico County, Maryland(2)",24045,Urban,16.6 ,13.5, 20.2,N/A , N/A , N/A,21,falling,-7.1 ,-22.1, -1.0
"St. Landry Parish, Louisiana(7)",22097,Rural,16.6 ,13.2, 20.6,N/A , N/A , N/A,17,stable,-0.8 ,-2.7, 1.2
"Limestone County, Texas(7)",48293,Rural,16.6 ,10.6, 24.9,N/A , N/A , N/A,5,*,*,*,*
"Roane County, Tennessee(2)",47145,Urban,16.5 ,13, 21,N/A , N/A , N/A,15,stable,-0.9 ,-3.3, 1.7
"Lake County, Minnesota(2)",27075,Rural,16.5 ,8.9, 29.5,N/A , N/A , N/A,3,falling,-20.7 ,-38.3, -7.6
"Tehama County, California(7)",06103,Rural,16.5 ,13, 20.9,N/A , N/A , N/A,16,falling,-10.2 ,-20.7, -4.1
"Bee County, Texas(7)",48025,Rural,16.5 ,10.6, 24.5,N/A , N/A , N/A,5,stable,-0.1 ,-3.3, 3.3
"Carroll County, Iowa(7)",19027,Rural,16.5 ,10.8, 24.6,N/A , N/A , N/A,6,stable,-0.6 ,-2.1, 1.0
"Lynchburg City, Virginia(2)",51680,Urban,16.5 ,12.9, 20.9,N/A , N/A , N/A,15,stable,-2.5 ,-19.5, 2.2
"Dubois County, Indiana(2)",18037,Rural,16.5 ,12, 22.3,N/A , N/A , N/A,9,stable,1.5 ,-2.7, 6.8
"Jefferson County, Colorado(2)",08059,Urban,16.5 ,15.2, 17.9,N/A , N/A , N/A,121,stable,-1.6 ,-3.0, 0.0
"Waynesboro City, Virginia(2)",51820,Urban,16.5 ,10.7, 24.6,N/A , N/A , N/A,5,stable,-2.7 ,-7.6, 1.9
"Bell County, Kentucky(7)",21013,Rural,16.5 ,11, 24.2,N/A , N/A , N/A,6,stable,-2.1 ,-5.0, 0.6
"Park County, Wyoming(2)",56029,Rural,16.5 ,11.8, 22.8,N/A , N/A , N/A,8,stable,-1.5 ,-4.2, 1.2
"Okeechobee County, Florida(2)",12093,Rural,16.5 ,12.2, 22,N/A , N/A , N/A,10,stable,-2.7 ,-5.7, 0.2
"Bell County, Texas(7)",48027,Urban,16.5 ,14.5, 18.6,N/A , N/A , N/A,55,stable,-0.7 ,-1.8, 0.6
"Marion County, South Carolina(2)",45067,Rural,16.5 ,11.3, 23.4,N/A , N/A , N/A,7,stable,-0.8 ,-5.9, 4.8
"Sheridan County, Wyoming(2)",56033,Rural,16.4 ,11.7, 22.8,N/A , N/A , N/A,8,falling,-3.7 ,-7.2, -0.6
"East Baton Rouge Parish, Louisiana(7)",22033,Urban,16.4 ,14.8, 18.2,N/A , N/A , N/A,79,falling,-1.2 ,-2.1, -0.3
"Philadelphia County, Pennsylvania(2)",42101,Urban,16.4 ,15.6, 17.3,N/A , N/A , N/A,283,falling,-3.4 ,-6.2, -2.3
"Bulloch County, Georgia(7)",13031,Rural,16.4 ,12.5, 21.1,N/A , N/A , N/A,13,stable,-0.4 ,-3.0, 2.7
"Clarke County, Georgia(7)",13059,Urban,16.4 ,13.2, 20.2,N/A , N/A , N/A,19,stable,0.4 ,-1.5, 2.7
"Henry County, Virginia(2)",51089,Rural,16.4 ,12.8, 20.9,N/A , N/A , N/A,15,stable,-2.0 ,-5.0, 1.0
"Coweta County, Georgia(7)",13077,Urban,16.4 ,13.6, 19.6,N/A , N/A , N/A,26,stable,-1.5 ,-2.9, 0.2
"Douglas County, Colorado(2)",08035,Urban,16.4 ,14.5, 18.5,N/A , N/A , N/A,57,falling,-2.2 ,-3.4, -0.6
"Nicholas County, West Virginia(2)",54067,Rural,16.4 ,11.1, 23.9,N/A , N/A , N/A,7,stable,-1.7 ,-5.3, 1.8
"Collin County, Texas(7)",48085,Urban,16.4 ,15.2, 17.6,N/A , N/A , N/A,154,stable,-0.9 ,-1.5, 0.0
"Vance County, North Carolina(2)",37181,Rural,16.4 ,12.1, 21.9,N/A , N/A , N/A,10,stable,-0.8 ,-3.6, 2.2
"Yalobusha County, Mississippi(2)",28161,Rural,16.4 ,9.2, 27.8,N/A , N/A , N/A,3,stable,-30.2 ,-60.2, 7.1
"Fulton County, Pennsylvania(2)",42057,Rural,16.4 ,9.9, 26.4,N/A , N/A , N/A,4,stable,-1.9 ,-6.5, 3.1
"Fulton County, Georgia(7)",13121,Urban,16.4 ,15.2, 17.6,N/A , N/A , N/A,165,stable,-0.3 ,-0.7, 0.1
"Muscogee County, Georgia(7)",13215,Urban,16.4 ,14, 19,N/A , N/A , N/A,36,stable,-1.1 ,-2.9, 0.8
"Cumberland County, North Carolina(2)",37051,Urban,16.3 ,14.4, 18.5,N/A , N/A , N/A,53,stable,-0.3 ,-2.1, 1.7
"Arkansas County, Arkansas(2)",05001,Rural,16.3 ,9.7, 26.3,N/A , N/A , N/A,4,stable,-1.4 ,-4.5, 1.5
"Anderson County, Tennessee(2)",47001,Urban,16.3 ,13.2, 20.1,N/A , N/A , N/A,19,falling,-2.3 ,-4.6, -0.2
"Adams County, Indiana(2)",18001,Rural,16.3 ,11.2, 23,N/A , N/A , N/A,7,falling,-12.9 ,-20.7, -7.6
"Navajo County, Arizona(2)",04017,Rural,16.3 ,13.4, 19.7,N/A , N/A , N/A,23,stable,1.5 ,-0.3, 3.8
"Dona Ana County, New Mexico(7)",35013,Urban,16.3 ,14.2, 18.7,N/A , N/A , N/A,43,stable,0.1 ,-0.8, 1.1
"Cass County, Missouri(2)",29037,Urban,16.3 ,13.4, 19.6,N/A , N/A , N/A,23,stable,-1.7 ,-3.9, 0.7
"Contra Costa County, California(7)",06013,Urban,16.3 ,15.4, 17.3,N/A , N/A , N/A,234,falling,-2.3 ,-3.9, -1.5
"Ben Hill County, Georgia(7)",13017,Rural,16.3 ,9.7, 26.1,N/A , N/A , N/A,4,stable,2.2 ,-2.8, 8.9
"Wayne County, Missouri(2)",29223,Rural,16.3 ,9.2, 28.3,N/A , N/A , N/A,3,stable,0.3 ,-3.1, 4.0
"Overton County, Tennessee(2)",47133,Rural,16.3 ,10.8, 24,N/A , N/A , N/A,6,stable,-1.9 ,-5.2, 1.4
"Buffalo County, Nebraska(2)",31019,Rural,16.3 ,11.9, 21.8,N/A , N/A , N/A,10,falling,-11.7 ,-28.6, -0.6
"Robertson County, Texas(7)",48395,Urban,16.3 ,10, 25.6,N/A , N/A , N/A,4,stable,1.7 ,-0.8, 4.9
"Shenandoah County, Virginia(2)",51171,Rural,16.3 ,12.2, 21.5,N/A , N/A , N/A,11,stable,-2.4 ,-5.4, 0.6
"Duplin County, North Carolina(2)",37061,Rural,16.2 ,12.2, 21.3,N/A , N/A , N/A,11,stable,1.9 ,-1.7, 6.0
"Yazoo County, Mississippi(2)",28163,Urban,16.2 ,10.1, 24.7,N/A , N/A , N/A,4,stable,1.0 ,-3.5, 6.1
"Lafayette Parish, Louisiana(7)",22055,Urban,16.2 ,14.1, 18.6,N/A , N/A , N/A,43,stable,-1.7 ,-8.1, 1.6
"McClain County, Oklahoma(2)",40087,Urban,16.2 ,11.3, 22.6,N/A , N/A , N/A,7,stable,-2.3 ,-6.1, 1.7
"San Diego County, California(7)",06073,Urban,16.2 ,15.6, 16.8,N/A , N/A , N/A,598,falling,-1.3 ,-1.8, -0.7
"St. Clair County, Alabama(2)",01115,Urban,16.2 ,13.1, 19.9,N/A , N/A , N/A,19,stable,-1.3 ,-3.5, 1.1
"Greene County, Georgia(7)",13133,Rural,16.2 ,10.5, 24.8,N/A , N/A , N/A,5,*,*,*,*
"Halifax County, North Carolina(2)",37083,Rural,16.2 ,12.2, 21.2,N/A , N/A , N/A,12,stable,-1.2 ,-4.2, 1.7
"Jackson County, Missouri(2)",29095,Urban,16.2 ,15, 17.5,N/A , N/A , N/A,137,stable,-1.0 ,-2.1, 0.1
"Rush County, Indiana(2)",18139,Rural,16.2 ,9.8, 25.8,N/A , N/A , N/A,4,*,*,*,*
"Berkeley County, South Carolina(2)",45015,Urban,16.2 ,13.9, 18.7,N/A , N/A , N/A,39,stable,-0.5 ,-2.7, 2.1
"Summers County, West Virginia(2)",54089,Rural,16.2 ,9.6, 27.4,N/A , N/A , N/A,4,*,*,*,*
"Fayette County, Ohio(2)",39047,Rural,16.2 ,10.7, 23.6,N/A , N/A , N/A,6,stable,-0.4 ,-5.2, 4.6
"Baltimore County, Maryland(2)",24005,Urban,16.2 ,15.1, 17.3,N/A , N/A , N/A,182,stable,-1.5 ,-3.4, 0.3
"Kern County, California(7)",06029,Urban,16.2 ,14.9, 17.5,N/A , N/A , N/A,128,falling,-0.9 ,-1.5, -0.2
"Harford County, Maryland(2)",24025,Urban,16.1 ,14.2, 18.3,N/A , N/A , N/A,54,falling,-8.9 ,-18.2, -4.1
"Laclede County, Missouri(2)",29105,Rural,16.1 ,11.4, 22.3,N/A , N/A , N/A,8,falling,-3.6 ,-7.2, -0.4
"Pemiscot County, Missouri(2)",29155,Rural,16.1 ,9.3, 26.5,N/A , N/A , N/A,3,*,*,*,*
"San Juan County, Washington(7)",53055,Rural,16.1 ,11, 24.5,N/A , N/A , N/A,7,stable,-0.9 ,-3.4, 2.4
"Lewis County, West Virginia(2)",54041,Rural,16.1 ,9.8, 25.6,N/A , N/A , N/A,4,stable,-1.9 ,-5.1, 1.3
"Chickasaw County, Mississippi(2)",28017,Rural,16.1 ,9.8, 25.5,N/A , N/A , N/A,4,falling,-8.3 ,-22.0, -2.3
"East Feliciana Parish, Louisiana(7)",22037,Urban,16.1 ,10, 25.1,N/A , N/A , N/A,5,stable,-1.9 ,-4.7, 1.3
"Jefferson County, Iowa(7)",19101,Rural,16.1 ,9.9, 25.7,N/A , N/A , N/A,4,stable,-1.1 ,-3.0, 1.1
"Cowlitz County, Washington(2)",53015,Urban,16.1 ,13.4, 19.3,N/A , N/A , N/A,25,falling,-3.5 ,-4.9, -2.1
"Solano County, California(7)",06095,Urban,16.1 ,14.6, 17.7,N/A , N/A , N/A,89,falling,-1.0 ,-1.5, -0.4
"Lee County, Florida(2)",12071,Urban,16.1 ,15.2, 17.1,N/A , N/A , N/A,256,falling,-8.1 ,-19.2, -3.6
"Brown County, Texas(7)",48049,Rural,16.1 ,11.8, 21.7,N/A , N/A , N/A,10,stable,-0.8 ,-2.9, 1.3
"Pontotoc County, Oklahoma(2)",40123,Rural,16.1 ,11.4, 22.1,N/A , N/A , N/A,8,stable,0.0 ,-3.3, 3.7
"Currituck County, North Carolina(2)",37053,Urban,16.1 ,10.5, 23.8,N/A , N/A , N/A,6,stable,-1.8 ,-6.5, 3.4
"Tarrant County, Texas(7)",48439,Urban,16.1 ,15.3, 16.9,N/A , N/A , N/A,312,falling,-2.0 ,-5.6, -0.8
"Russell County, Virginia(2)",51167,Rural,16.1 ,10.8, 23.5,N/A , N/A , N/A,7,stable,-1.7 ,-5.8, 2.4
"Gillespie County, Texas(7)",48171,Rural,16.1 ,11.9, 22,N/A , N/A , N/A,10,stable,-0.3 ,-3.6, 3.6
"Richmond City, Virginia(2)",51760,Urban,16 ,13.8, 18.6,N/A , N/A , N/A,38,stable,8.1 ,-0.6, 22.0
"Campbell County, Virginia(2)",51031,Urban,16 ,12.2, 20.7,N/A , N/A , N/A,13,stable,-1.5 ,-4.1, 1.2
"Plumas County, California(7)",06063,Rural,16 ,9.9, 25.1,N/A , N/A , N/A,5,stable,0.0 ,-2.7, 3.1
"Oklahoma County, Oklahoma(2)",40109,Urban,16 ,14.8, 17.3,N/A , N/A , N/A,134,stable,-1.0 ,-1.9, 0.0
"Fauquier County, Virginia(2)",51061,Urban,16 ,12.5, 20.2,N/A , N/A , N/A,15,stable,-1.5 ,-4.7, 2.0
"Monroe County, Indiana(2)",18105,Urban,16 ,13.2, 19.3,N/A , N/A , N/A,23,stable,2.2 ,-1.7, 14.6
"Jackson County, Alabama(2)",01071,Rural,16 ,12.2, 20.7,N/A , N/A , N/A,13,stable,0.1 ,-1.4, 1.7
"Bibb County, Alabama(2)",01007,Urban,16 ,10.2, 24.2,N/A , N/A , N/A,5,*,*,*,*
"Dunn County, Wisconsin(2)",55033,Rural,16 ,11.5, 21.7,N/A , N/A , N/A,9,falling,-8.1 ,-18.7, -3.5
"Santa Clara County, California(7)",06085,Urban,16 ,15.2, 16.8,N/A , N/A , N/A,338,falling,-0.9 ,-1.2, -0.6
"Blaine County, Idaho(7)",16013,Rural,16 ,10.6, 23.7,N/A , N/A , N/A,6,stable,-3.0 ,-5.9, 0.7
"Dakota County, Nebraska(2)",31043,Urban,16 ,9.1, 26,N/A , N/A , N/A,3,*,*,*,*
"Prince William County, Virginia(2)",51153,Urban,16 ,14.2, 17.9,N/A , N/A , N/A,63,stable,-0.6 ,-1.9, 0.8
"McIntosh County, Oklahoma(2)",40091,Rural,16 ,10.8, 23.8,N/A , N/A , N/A,6,stable,-2.0 ,-6.3, 2.0
"Mason County, Kentucky(7)",21161,Rural,16 ,9.7, 25.4,N/A , N/A , N/A,4,stable,-3.6 ,-26.9, 4.6
"Floyd County, Indiana(2)",18043,Urban,16 ,12.6, 20,N/A , N/A , N/A,16,falling,-34.5 ,-50.2, -20.4
"Jackson County, Texas(7)",48239,Rural,16 ,9.4, 25.9,N/A , N/A , N/A,4,*,*,*,*
"Butler County, Missouri(2)",29023,Rural,16 ,11.7, 21.4,N/A , N/A , N/A,10,stable,-16.6 ,-44.2, 2.6
"Natchitoches Parish, Louisiana(7)",22069,Rural,16 ,11, 22.5,N/A , N/A , N/A,7,stable,-0.5 ,-2.7, 1.9
"Franklin County, Alabama(2)",01059,Rural,15.9 ,11, 22.5,N/A , N/A , N/A,7,falling,-6.0 ,-22.0, -0.2
"Meriwether County, Georgia(7)",13199,Urban,15.9 ,10.4, 23.9,N/A , N/A , N/A,5,stable,-0.2 ,-3.6, 3.8
"Oceana County, Michigan(2)",26127,Rural,15.9 ,11, 22.7,N/A , N/A , N/A,7,falling,-5.4 ,-9.3, -2.3
"Decatur County, Georgia(7)",13087,Rural,15.9 ,10.6, 23,N/A , N/A , N/A,6,*,*,*,*
"Montgomery County, Texas(7)",48339,Urban,15.9 ,14.5, 17.4,N/A , N/A , N/A,102,stable,-1.4 ,-2.3, 1.8
"Noble County, Indiana(2)",18113,Rural,15.9 ,11.6, 21.4,N/A , N/A , N/A,9,stable,-2.1 ,-4.6, 0.4
"Story County, Iowa(7)",19169,Urban,15.9 ,12.4, 20.1,N/A , N/A , N/A,15,falling,-11.1 ,-25.4, -4.5
"Curry County, Oregon(2)",41015,Rural,15.9 ,11.2, 23,N/A , N/A , N/A,9,stable,-2.4 ,-5.3, 0.5
"Jefferson County, Georgia(7)",13163,Rural,15.9 ,9, 26.5,N/A , N/A , N/A,3,stable,0.1 ,-2.2, 2.6
"Allegany County, Maryland(2)",24001,Rural,15.9 ,12.6, 19.8,N/A , N/A , N/A,17,stable,-0.6 ,-4.2, 2.8
"Scott County, Iowa(7)",19163,Urban,15.8 ,13.5, 18.4,N/A , N/A , N/A,35,falling,-2.7 ,-9.5, -1.3
"Davis County, Utah(7)",49011,Urban,15.8 ,13.8, 18,N/A , N/A , N/A,47,stable,0.1 ,-0.6, 1.0
"Siskiyou County, California(7)",06093,Rural,15.8 ,11.8, 21.1,N/A , N/A , N/A,12,falling,-3.6 ,-6.0, -1.5
"Trinity County, Texas(7)",48455,Rural,15.8 ,9.9, 25.5,N/A , N/A , N/A,4,stable,-0.4 ,-2.7, 2.2
"New York County, New York(7)",36061,Urban,15.8 ,15, 16.6,N/A , N/A , N/A,341,falling,-0.6 ,-1.1, -0.1
"Sauk County, Wisconsin(2)",55111,Rural,15.8 ,12.3, 20,N/A , N/A , N/A,15,falling,-5.4 ,-20.6, -1.3
"Alleghany County, North Carolina(2)",37005,Rural,15.8 ,9.3, 27.3,N/A , N/A , N/A,4,stable,-0.7 ,-5.6, 4.7
"Lincoln County, South Dakota(2)",46083,Urban,15.8 ,11.8, 20.6,N/A , N/A , N/A,11,stable,-1.5 ,-4.6, 2.7
"Milam County, Texas(7)",48331,Rural,15.8 ,10.5, 23.1,N/A , N/A , N/A,6,stable,0.0 ,-3.5, 3.9
"Hart County, Georgia(7)",13147,Rural,15.8 ,10.9, 22.5,N/A , N/A , N/A,7,stable,-1.5 ,-4.5, 2.0
"Salt Lake County, Utah(7)",49035,Urban,15.8 ,14.7, 16.9,N/A , N/A , N/A,160,stable,-0.4 ,-0.8, 0.1
"Jefferson County, Texas(7)",48245,Urban,15.8 ,13.7, 18,N/A , N/A , N/A,46,falling,-1.4 ,-2.5, -0.3
"Del Norte County, California(7)",06015,Rural,15.8 ,10.4, 23.1,N/A , N/A , N/A,6,falling,-3.2 ,-6.0, -0.4
"Bureau County, Illinois(7)",17011,Rural,15.7 ,11.2, 21.8,N/A , N/A , N/A,8,stable,-0.1 ,-3.0, 3.0
"Chattooga County, Georgia(7)",13055,Rural,15.7 ,10.4, 23.2,N/A , N/A , N/A,6,*,*,*,*
"Osceola County, Florida(2)",12097,Urban,15.7 ,14, 17.6,N/A , N/A , N/A,64,falling,-1.9 ,-3.3, -0.3
"Kerr County, Texas(7)",48265,Rural,15.7 ,12.6, 19.7,N/A , N/A , N/A,18,stable,-0.8 ,-2.8, 1.5
"Washington County, Oklahoma(2)",40147,Rural,15.7 ,12, 20.4,N/A , N/A , N/A,12,falling,-2.7 ,-5.5, -0.1
"Monroe County, Georgia(7)",13207,Urban,15.7 ,10.4, 23,N/A , N/A , N/A,6,stable,1.2 ,-2.3, 6.0
"Campbell County, Tennessee(2)",47013,Urban,15.7 ,11.4, 21.3,N/A , N/A , N/A,9,stable,-0.9 ,-4.3, 2.6
"Crawford County, Missouri(2)",29055,Rural,15.7 ,10.2, 23.5,N/A , N/A , N/A,5,falling,-5.7 ,-14.6, -2.5
"Laurens County, South Carolina(2)",45059,Urban,15.7 ,12.2, 19.9,N/A , N/A , N/A,14,falling,-3.2 ,-20.8, -0.3
"Upshur County, West Virginia(2)",54097,Rural,15.6 ,10.4, 23.1,N/A , N/A , N/A,6,stable,-0.7 ,-3.7, 2.5
"Autauga County, Alabama(2)",01001,Urban,15.6 ,11.8, 20.5,N/A , N/A , N/A,11,stable,-1.5 ,-5.0, 2.1
"Bond County, Illinois(7)",17005,Urban,15.6 ,9.2, 25.4,N/A , N/A , N/A,4,falling,-16.1 ,-28.7, -8.2
"Lancaster County, South Carolina(2)",45057,Urban,15.6 ,12.9, 18.9,N/A , N/A , N/A,24,falling,-9.6 ,-21.3, -1.8
"Suffolk County, Massachusetts(2)",25025,Urban,15.6 ,14.4, 17,N/A , N/A , N/A,120,falling,-2.0 ,-3.0, -1.0
"Clay County, Mississippi(2)",28025,Rural,15.6 ,9.5, 24.7,N/A , N/A , N/A,4,*,*,*,*
"Cooper County, Missouri(2)",29053,Urban,15.6 ,9.3, 25.1,N/A , N/A , N/A,4,*,*,*,*
"Rockcastle County, Kentucky(7)",21203,Rural,15.6 ,9.2, 25.5,N/A , N/A , N/A,4,*,*,*,*
"Erath County, Texas(7)",48143,Rural,15.6 ,10.9, 21.8,N/A , N/A , N/A,7,stable,0.7 ,-2.9, 5.0
"Goshen County, Wyoming(2)",56015,Rural,15.6 ,9.2, 26,N/A , N/A , N/A,4,*,*,*,*
"Brazoria County, Texas(7)",48039,Urban,15.6 ,13.7, 17.6,N/A , N/A , N/A,56,falling,-1.9 ,-3.0, -0.5
"San Joaquin County, California(7)",06077,Urban,15.6 ,14.3, 16.9,N/A , N/A , N/A,123,falling,-4.9 ,-12.3, -1.1
"Dillon County, South Carolina(2)",45033,Rural,15.5 ,10.3, 22.7,N/A , N/A , N/A,6,stable,-0.2 ,-4.0, 4.2
"Gulf County, Florida(2)",12045,Rural,15.5 ,9.3, 25.5,N/A , N/A , N/A,4,stable,-0.5 ,-5.7, 4.9
"Greene County, North Carolina(2)",37079,Rural,15.5 ,9.3, 24.5,N/A , N/A , N/A,4,stable,-2.1 ,-6.7, 2.3
"Sunflower County, Mississippi(2)",28133,Rural,15.5 ,9.6, 23.8,N/A , N/A , N/A,4,*,*,*,*
"Guadalupe County, Texas(7)",48187,Urban,15.5 ,13.1, 18.2,N/A , N/A , N/A,30,falling,-1.8 ,-3.1, -0.3
"Conecuh County, Alabama(2)",01035,Rural,15.5 ,8.7, 26.9,N/A , N/A , N/A,3,*,*,*,*
"Colorado County, Texas(7)",48089,Rural,15.5 ,10.1, 23.3,N/A , N/A , N/A,5,stable,-3.3 ,-7.3, 0.5
"Riverside County, California(7)",06065,Urban,15.5 ,14.8, 16.2,N/A , N/A , N/A,429,falling,-4.5 ,-6.6, -3.3
"Loudoun County, Virginia(2)",51107,Urban,15.5 ,13.6, 17.5,N/A , N/A , N/A,54,stable,-1.1 ,-2.8, 1.0
"Albemarle County, Virginia(2)",51003,Urban,15.4 ,12.8, 18.5,N/A , N/A , N/A,25,falling,-2.2 ,-4.0, -0.3
"Dunklin County, Missouri(2)",29069,Rural,15.4 ,10.4, 22.3,N/A , N/A , N/A,6,stable,-2.4 ,-6.5, 1.3
"Sawyer County, Wisconsin(2)",55113,Rural,15.4 ,10, 23.9,N/A , N/A , N/A,5,falling,-38.8 ,-63.0, -4.5
"Simpson County, Mississippi(2)",28127,Urban,15.4 ,10, 23,N/A , N/A , N/A,5,stable,-0.1 ,-4.0, 4.2
"Edgecombe County, North Carolina(2)",37065,Urban,15.4 ,11.6, 20.2,N/A , N/A , N/A,11,stable,-0.6 ,-3.0, 1.9
"Sampson County, North Carolina(2)",37163,Rural,15.4 ,11.8, 19.9,N/A , N/A , N/A,13,stable,0.1 ,-3.5, 4.0
"Seminole County, Oklahoma(2)",40133,Rural,15.4 ,9.9, 23.2,N/A , N/A , N/A,5,stable,-1.8 ,-4.7, 0.9
"Hawaii County, Hawaii(7)",15001,Rural,15.4 ,13.4, 17.6,N/A , N/A , N/A,50,falling,-1.4 ,-2.5, -0.1
"San Jacinto County, Texas(7)",48407,Urban,15.4 ,10.6, 22,N/A , N/A , N/A,7,stable,-1.9 ,-4.8, 1.1
"Miami-Dade County, Florida(2)",12086,Urban,15.4 ,14.8, 16,N/A , N/A , N/A,536,falling,-0.8 ,-1.3, -0.3
"Jones County, Mississippi(2)",28067,Rural,15.4 ,11.7, 19.8,N/A , N/A , N/A,13,stable,-0.2 ,-3.3, 3.0
"Faribault County, Minnesota(2)",27043,Rural,15.4 ,8.4, 26.5,N/A , N/A , N/A,3,stable,-2.2 ,-8.1, 3.1
"Utah County, Utah(7)",49049,Urban,15.3 ,13.6, 17.2,N/A , N/A , N/A,61,stable,-0.1 ,-0.8, 0.9
"Dougherty County, Georgia(7)",13095,Urban,15.3 ,12.1, 19.2,N/A , N/A , N/A,16,stable,-1.0 ,-3.2, 1.4
"Elkhart County, Indiana(2)",18039,Urban,15.3 ,13.1, 17.8,N/A , N/A , N/A,36,falling,-10.6 ,-20.9, -2.5
"Taylor County, Florida(2)",12123,Rural,15.3 ,10, 23.1,N/A , N/A , N/A,5,stable,2.1 ,-2.3, 7.6
"Newport News City, Virginia(2)",51700,Urban,15.3 ,12.9, 18,N/A , N/A , N/A,29,stable,-0.5 ,-2.4, 1.4
"Union County, South Carolina(2)",45087,Urban,15.3 ,10.5, 21.9,N/A , N/A , N/A,7,stable,-1.8 ,-5.8, 2.2
"Massac County, Illinois(7)",17127,Urban,15.3 ,9, 25.2,N/A , N/A , N/A,4,stable,-1.0 ,-3.4, 1.5
"Alachua County, Florida(2)",12001,Urban,15.3 ,13.3, 17.4,N/A , N/A , N/A,47,falling,-2.1 ,-3.6, -0.6
"Charlevoix County, Michigan(2)",26029,Rural,15.3 ,10.5, 22.1,N/A , N/A , N/A,7,stable,-0.3 ,-4.3, 3.9
"Walker County, Alabama(2)",01127,Urban,15.3 ,11.9, 19.4,N/A , N/A , N/A,15,stable,-1.2 ,-4.4, 1.9
"Orange County, California(7)",06059,Urban,15.3 ,14.7, 15.8,N/A , N/A , N/A,572,falling,-1.7 ,-2.1, -1.2
"Otero County, Colorado(2)",08089,Rural,15.3 ,9.3, 24,N/A , N/A , N/A,4,stable,-1.0 ,-4.0, 2.1
"Cook County, Georgia(7)",13075,Rural,15.3 ,8.8, 25,N/A , N/A , N/A,3,stable,-2.9 ,-6.6, 0.9
"Travis County, Texas(7)",48453,Urban,15.2 ,14.2, 16.4,N/A , N/A , N/A,158,rising,2.5 ,0.2, 7.9
"Jefferson County, Florida(2)",12065,Urban,15.2 ,8.8, 25.6,N/A , N/A , N/A,4,stable,4.2 ,-0.2, 23.7
"Durham County, North Carolina(2)",37063,Urban,15.2 ,13.4, 17.3,N/A , N/A , N/A,51,stable,-8.6 ,-15.7, 0.4
"Charleston County, South Carolina(2)",45019,Urban,15.2 ,13.7, 16.9,N/A , N/A , N/A,76,rising,5.7 ,1.1, 12.8
"Hampton City, Virginia(2)",51650,Urban,15.2 ,12.6, 18.2,N/A , N/A , N/A,26,stable,-0.8 ,-2.7, 1.1
"Newberry County, South Carolina(2)",45071,Rural,15.2 ,10.9, 20.9,N/A , N/A , N/A,9,falling,-4.3 ,-17.9, -1.0
"Vernon County, Missouri(2)",29217,Rural,15.2 ,9.4, 23.8,N/A , N/A , N/A,4,stable,0.5 ,-2.9, 4.1
"Jones County, Texas(7)",48253,Urban,15.2 ,9, 24.4,N/A , N/A , N/A,4,stable,1.4 ,-3.1, 6.5
"Monroe County, Illinois(7)",17133,Urban,15.2 ,10.7, 21.2,N/A , N/A , N/A,8,falling,-3.0 ,-5.7, -0.2
"Lavaca County, Texas(7)",48285,Rural,15.2 ,9.8, 23,N/A , N/A , N/A,5,stable,0.4 ,-3.9, 5.2
"Union County, Arkansas(2)",05139,Rural,15.2 ,10.7, 21,N/A , N/A , N/A,8,stable,-0.3 ,-5.6, 5.1
"Burke County, Georgia(7)",13033,Urban,15.2 ,9.2, 23.7,N/A , N/A , N/A,4,stable,-0.7 ,-5.6, 4.5
"Monterey County, California(7)",06053,Urban,15.1 ,13.6, 16.8,N/A , N/A , N/A,70,falling,-2.5 ,-6.2, -1.7
"Fillmore County, Minnesota(2)",27045,Urban,15.1 ,9.7, 23,N/A , N/A , N/A,5,stable,-3.0 ,-7.5, 1.2
"Lamar County, Alabama(2)",01075,Rural,15.1 ,9, 25,N/A , N/A , N/A,4,stable,0.8 ,-3.3, 5.8
"Butler County, Alabama(2)",01013,Rural,15.1 ,9.2, 23.9,N/A , N/A , N/A,4,falling,-4.4 ,-10.6, -0.3
"Macon County, Missouri(2)",29121,Rural,15.1 ,9, 24.6,N/A , N/A , N/A,4,*,*,*,*
"Jasper County, Mississippi(2)",28061,Rural,15.1 ,9, 24.4,N/A , N/A , N/A,4,*,*,*,*
"Summit County, Utah(7)",49043,Rural,15.1 ,10.3, 21.5,N/A , N/A , N/A,7,*,*,*,*
"San Bernardino County, California(7)",06071,Urban,15.1 ,14.3, 15.9,N/A , N/A , N/A,306,falling,-1.7 ,-2.1, -1.2
"Marengo County, Alabama(2)",01091,Rural,15.1 ,9.2, 23.7,N/A , N/A , N/A,4,stable,-2.3 ,-6.3, 1.5
"Baltimore City, Maryland(2)",24510,Urban,15 ,13.7, 16.5,N/A , N/A , N/A,97,stable,-7.5 ,-15.3, 0.3
"Sumter County, Georgia(7)",13261,Rural,15 ,9.8, 22.1,N/A , N/A , N/A,5,stable,0.3 ,-2.2, 3.4
"Anchorage Borough, Alaska(2)",02020,Urban,15 ,12.9, 17.3,N/A , N/A , N/A,41,falling,-2.6 ,-4.5, -0.6
"Chatham County, Georgia(7)",13051,Urban,15 ,13.2, 17,N/A , N/A , N/A,52,stable,-0.9 ,-1.8, 0.1
"Chaves County, New Mexico(7)",35005,Rural,15 ,11.4, 19.4,N/A , N/A , N/A,12,stable,-1.1 ,-2.4, 0.2
"Arlington County, Virginia(2)",51013,Urban,15 ,12.6, 17.6,N/A , N/A , N/A,30,falling,-2.3 ,-10.2, -0.4
"Albany County, Wyoming(2)",56001,Rural,15 ,9.6, 22.3,N/A , N/A , N/A,5,stable,-2.3 ,-5.5, 1.0
"Jefferson County, Alabama(2)",01073,Urban,15 ,13.8, 16.2,N/A , N/A , N/A,121,falling,-3.6 ,-6.4, -1.8
"Burnet County, Texas(7)",48053,Rural,15 ,11.3, 19.7,N/A , N/A , N/A,12,stable,-1.9 ,-4.0, 0.4
"Grady County, Georgia(7)",13131,Rural,15 ,9.9, 22.1,N/A , N/A , N/A,6,stable,-2.2 ,-6.1, 2.1
"Smith County, Tennessee(2)",47159,Urban,15 ,9, 23.8,N/A , N/A , N/A,4,*,*,*,*
"Washington County, Indiana(2)",18175,Urban,15 ,9.8, 22.1,N/A , N/A , N/A,6,stable,-2.7 ,-5.8, 0.2
"Denver County, Colorado(2)",08031,Urban,15 ,13.6, 16.4,N/A , N/A , N/A,99,falling,-9.4 ,-15.8, -2.2
"DeKalb County, Georgia(7)",13089,Urban,14.9 ,13.6, 16.2,N/A , N/A , N/A,111,stable,-0.6 ,-1.2, 0.0
"Coffee County, Alabama(2)",01031,Rural,14.9 ,11, 19.7,N/A , N/A , N/A,10,stable,-0.8 ,-3.8, 2.3
"Lincoln County, Mississippi(2)",28085,Rural,14.9 ,10.2, 21.2,N/A , N/A , N/A,7,stable,-1.8 ,-6.5, 2.8
"Wharton County, Texas(7)",48481,Rural,14.9 ,10.5, 20.5,N/A , N/A , N/A,8,stable,-0.5 ,-3.6, 2.9
"Lee County, Texas(7)",48287,Rural,14.9 ,8.7, 24.1,N/A , N/A , N/A,4,stable,0.8 ,-3.3, 5.9
"Stone County, Arkansas(2)",05137,Rural,14.8 ,8.3, 25.9,N/A , N/A , N/A,4,*,*,*,*
"Socorro County, New Mexico(7)",35053,Rural,14.8 ,8.6, 24.3,N/A , N/A , N/A,4,stable,-0.4 ,-1.9, 1.5
"Henrico County, Virginia(2)",51087,Urban,14.8 ,13.2, 16.6,N/A , N/A , N/A,60,stable,-1.7 ,-3.6, 0.1
"San Benito County, California(7)",06069,Urban,14.8 ,10.9, 19.7,N/A , N/A , N/A,10,stable,-0.8 ,-2.4, 1.2
"Orange County, Florida(2)",12095,Urban,14.8 ,13.9, 15.7,N/A , N/A , N/A,204,falling,-3.7 ,-7.1, -2.3
"Randall County, Texas(7)",48381,Urban,14.8 ,12.2, 17.7,N/A , N/A , N/A,24,falling,-3.1 ,-4.8, -1.4
"Pontotoc County, Mississippi(2)",28115,Rural,14.8 ,9.6, 21.9,N/A , N/A , N/A,5,*,*,*,*
"Orangeburg County, South Carolina(2)",45075,Rural,14.8 ,11.8, 18.4,N/A , N/A , N/A,18,stable,0.3 ,-2.4, 3.3
"Elko County, Nevada(2)",32007,Rural,14.8 ,10.4, 20.3,N/A , N/A , N/A,8,stable,-1.9 ,-5.5, 2.2
"Henderson County, Tennessee(2)",47077,Rural,14.8 ,9.7, 21.8,N/A , N/A , N/A,6,falling,-7.3 ,-28.0, -2.9
"Merced County, California(7)",06047,Urban,14.8 ,12.7, 17.1,N/A , N/A , N/A,37,falling,-2.5 ,-3.7, -1.2
"Meade County, South Dakota(2)",46093,Urban,14.8 ,9.4, 22.2,N/A , N/A , N/A,5,stable,-2.1 ,-6.4, 2.1
"Madison County, Tennessee(2)",47113,Urban,14.7 ,11.9, 18.1,N/A , N/A , N/A,19,stable,-1.0 ,-13.2, 4.5
"McLennan County, Texas(7)",48309,Urban,14.7 ,12.8, 16.9,N/A , N/A , N/A,43,stable,-1.0 ,-2.3, 0.3
"Lauderdale County, Mississippi(2)",28075,Rural,14.7 ,11.4, 18.7,N/A , N/A , N/A,14,stable,1.4 ,-1.6, 4.4
"Box Elder County, Utah(7)",49003,Rural,14.7 ,10.5, 20,N/A , N/A , N/A,8,stable,-0.8 ,-2.4, 1.2
"Delaware County, Oklahoma(2)",40041,Rural,14.7 ,10.9, 19.7,N/A , N/A , N/A,11,falling,-2.8 ,-4.7, -0.9
"Accomack County, Virginia(2)",51001,Rural,14.7 ,10.4, 20.5,N/A , N/A , N/A,8,stable,-3.0 ,-8.1, 1.8
"Clarke County, Alabama(2)",01025,Rural,14.7 ,9.6, 21.9,N/A , N/A , N/A,5,stable,-0.6 ,-3.6, 2.5
"Hockley County, Texas(7)",48219,Urban,14.7 ,8.7, 23.3,N/A , N/A , N/A,4,stable,0.2 ,-3.8, 4.9
"Stevens County, Washington(2)",53065,Urban,14.7 ,11, 19.4,N/A , N/A , N/A,12,stable,-1.3 ,-3.5, 1.2
"Clarendon County, South Carolina(2)",45027,Rural,14.7 ,10.5, 20.5,N/A , N/A , N/A,8,stable,-0.2 ,-3.3, 3.1
"Richland County, South Carolina(2)",45079,Urban,14.6 ,13, 16.4,N/A , N/A , N/A,63,stable,-1.2 ,-2.8, 0.4
"Newton County, Missouri(2)",29145,Urban,14.6 ,11.1, 19,N/A , N/A , N/A,12,stable,2.2 ,-0.5, 5.4
"Harrison County, Indiana(2)",18061,Urban,14.6 ,10.2, 20.4,N/A , N/A , N/A,7,falling,-25.3 ,-41.8, -6.5
"Potter County, Texas(7)",48375,Urban,14.6 ,11.7, 17.9,N/A , N/A , N/A,19,falling,-2.3 ,-4.3, -0.3
"Lawrence County, South Dakota(2)",46081,Rural,14.6 ,9.7, 21.6,N/A , N/A , N/A,6,stable,-1.4 ,-6.7, 23.9
"Darlington County, South Carolina(2)",45031,Urban,14.6 ,11.1, 18.9,N/A , N/A , N/A,12,stable,0.0 ,-1.9, 2.1
"Caswell County, North Carolina(2)",37033,Rural,14.5 ,9.7, 21.6,N/A , N/A , N/A,6,stable,1.6 ,-1.4, 5.3
"St. John the Baptist Parish, Louisiana(7)",22095,Urban,14.5 ,9.9, 20.7,N/A , N/A , N/A,7,stable,-1.2 ,-3.7, 1.8
"Juneau Borough, Alaska(2)",02110,Rural,14.5 ,9.3, 21.7,N/A , N/A , N/A,5,stable,-3.1 ,-7.3, 1.5
"Scott County, Mississippi(2)",28123,Urban,14.5 ,9.2, 21.9,N/A , N/A , N/A,5,stable,-0.2 ,-5.7, 5.7
"Richland County, Illinois(7)",17159,Rural,14.5 ,8.4, 24,N/A , N/A , N/A,4,stable,-1.9 ,-5.6, 1.8
"Baldwin County, Georgia(7)",13009,Rural,14.5 ,10.3, 20,N/A , N/A , N/A,8,stable,-1.0 ,-3.7, 2.1
"Lubbock County, Texas(7)",48303,Urban,14.5 ,12.6, 16.5,N/A , N/A , N/A,45,stable,-1.0 ,-2.6, 0.8
"Kendall County, Texas(7)",48259,Urban,14.5 ,10.6, 19.5,N/A , N/A , N/A,9,stable,-2.4 ,-6.7, 2.5
"Fairfax County, Virginia(2)",51059,Urban,14.5 ,13.5, 15.5,N/A , N/A , N/A,180,falling,-1.6 ,-2.4, -0.8
"Chaffee County, Colorado(2)",08015,Rural,14.5 ,9.1, 22.7,N/A , N/A , N/A,5,stable,-2.9 ,-8.3, 2.2
"Walla Walla County, Washington(2)",53071,Urban,14.4 ,11, 18.7,N/A , N/A , N/A,12,falling,-11.6 ,-23.5, -6.6
"Eddy County, New Mexico(7)",35015,Rural,14.4 ,10.7, 19.1,N/A , N/A , N/A,10,stable,-1.5 ,-3.1, 0.2
"Hampton County, South Carolina(2)",45049,Rural,14.4 ,8.5, 23.3,N/A , N/A , N/A,4,*,*,*,*
"Covington County, Alabama(2)",01039,Rural,14.4 ,10.3, 19.8,N/A , N/A , N/A,9,stable,-1.7 ,-4.8, 1.2
"Pasquotank County, North Carolina(2)",37139,Rural,14.4 ,10.2, 19.9,N/A , N/A , N/A,8,stable,-0.9 ,-3.6, 1.8
"Charles County, Maryland(2)",24017,Urban,14.4 ,11.9, 17.2,N/A , N/A , N/A,25,rising,14.7 ,4.7, 28.1
"Gila County, Arizona(2)",04007,Rural,14.3 ,11.4, 18.2,N/A , N/A , N/A,17,stable,-1.9 ,-4.6, 0.8
"Fresno County, California(7)",06019,Urban,14.3 ,13.3, 15.5,N/A , N/A , N/A,137,falling,-1.2 ,-2.0, -0.4
"Dinwiddie County, Virginia(2)",51053,Urban,14.3 ,9.6, 21,N/A , N/A , N/A,6,stable,-3.8 ,-7.9, 0.2
"Baker County, Florida(2)",12003,Urban,14.3 ,8.8, 22.1,N/A , N/A , N/A,4,stable,-2.0 ,-6.0, 2.2
"Chambers County, Alabama(2)",01017,Rural,14.3 ,10.1, 19.9,N/A , N/A , N/A,8,stable,-0.2 ,-4.1, 4.0
"Dallas County, Texas(7)",48113,Urban,14.2 ,13.5, 15,N/A , N/A , N/A,324,falling,-4.3 ,-6.7, -1.3
"Randolph County, Illinois(7)",17157,Rural,14.2 ,9.8, 20.4,N/A , N/A , N/A,7,stable,-0.9 ,-4.1, 2.6
"Woodward County, Oklahoma(2)",40153,Rural,14.2 ,8.5, 22.6,N/A , N/A , N/A,4,stable,-2.2 ,-4.9, 0.4
"San Francisco County, California(7)",06075,Urban,14.2 ,13.2, 15.3,N/A , N/A , N/A,153,falling,-0.8 ,-1.2, -0.4
"Bastrop County, Texas(7)",48021,Urban,14.2 ,11.2, 17.9,N/A , N/A , N/A,16,stable,-1.7 ,-3.4, 0.5
"Cherokee County, Oklahoma(2)",40021,Rural,14.2 ,10.2, 19.4,N/A , N/A , N/A,9,falling,-3.5 ,-5.8, -1.3
"Harris County, Texas(7)",48201,Urban,14.2 ,13.6, 14.7,N/A , N/A , N/A,578,stable,0.7 ,-1.6, 4.9
"Kings County, California(7)",06031,Urban,14.2 ,11.3, 17.4,N/A , N/A , N/A,18,stable,-0.9 ,-2.7, 1.2
"Yell County, Arkansas(2)",05149,Rural,14.2 ,8.5, 22.6,N/A , N/A , N/A,4,stable,0.4 ,-4.6, 5.9
"Aiken County, South Carolina(2)",45003,Urban,14.2 ,12.1, 16.5,N/A , N/A , N/A,36,stable,-0.9 ,-2.9, 1.4
"Nueces County, Texas(7)",48355,Urban,14.2 ,12.5, 15.9,N/A , N/A , N/A,57,falling,-1.5 ,-2.8, -0.1
"Madison County, Nebraska(2)",31119,Rural,14.1 ,9.5, 20.3,N/A , N/A , N/A,6,stable,-2.1 ,-6.2, 1.7
"Bandera County, Texas(7)",48019,Urban,14.1 ,9.2, 21.7,N/A , N/A , N/A,6,*,*,*,*
"Kings County, New York(7)",36047,Urban,14.1 ,13.5, 14.8,N/A , N/A , N/A,424,falling,-1.1 ,-1.7, -0.6
"Alexandria City, Virginia(2)",51510,Urban,14.1 ,11.5, 17.2,N/A , N/A , N/A,21,stable,-1.9 ,-3.9, 0.0
"Alameda County, California(7)",06001,Urban,14.1 ,13.3, 14.9,N/A , N/A , N/A,259,falling,-0.6 ,-0.9, -0.3
"Sanders County, Montana(2)",30089,Rural,14.1 ,8.7, 24,N/A , N/A , N/A,4,stable,-2.1 ,-5.8, 2.4
"Valencia County, New Mexico(7)",35061,Urban,14.1 ,11, 17.8,N/A , N/A , N/A,15,stable,-1.0 ,-2.5, 1.1
"St. Louis City, Missouri(2)",29510,Urban,14 ,12.2, 16,N/A , N/A , N/A,47,stable,-0.9 ,-2.0, 0.1
"Newton County, Indiana(2)",18111,Urban,14 ,7.9, 23.9,N/A , N/A , N/A,3,falling,-3.8 ,-7.1, -0.8
"Payette County, Idaho(7)",16075,Rural,14 ,8.9, 21.3,N/A , N/A , N/A,5,falling,-13.8 ,-32.0, -4.0
"Pickens County, Alabama(2)",01107,Urban,14 ,8.4, 22.5,N/A , N/A , N/A,4,*,*,*,*
"Perry County, Indiana(2)",18123,Rural,14 ,8.5, 22.3,N/A , N/A , N/A,4,stable,-2.3 ,-7.4, 2.4
"Medina County, Texas(7)",48325,Urban,14 ,10.2, 18.8,N/A , N/A , N/A,9,stable,-2.1 ,-4.3, 0.2
"Austin County, Texas(7)",48015,Urban,14 ,9.4, 20.3,N/A , N/A , N/A,6,falling,-3.4 ,-5.8, -0.9
"Young County, Texas(7)",48503,Rural,14 ,8.5, 22.3,N/A , N/A , N/A,4,*,*,*,*
"Harrisonburg City, Virginia(2)",51660,Urban,13.9 ,9.2, 20.2,N/A , N/A , N/A,6,stable,-0.2 ,-4.0, 4.0
"Queens County, New York(7)",36081,Urban,13.9 ,13.3, 14.5,N/A , N/A , N/A,420,falling,-2.5 ,-3.3, -2.0
"Matagorda County, Texas(7)",48321,Rural,13.9 ,9.5, 19.8,N/A , N/A , N/A,7,stable,-1.3 ,-4.8, 2.6
"St. Francis County, Arkansas(2)",05123,Rural,13.9 ,8.1, 22.2,N/A , N/A , N/A,4,stable,0.3 ,-6.6, 7.8
"Sumter County, South Carolina(2)",45085,Urban,13.9 ,11.1, 17.1,N/A , N/A , N/A,19,stable,-0.2 ,-4.4, 4.4
"West Baton Rouge Parish, Louisiana(7)",22121,Urban,13.8 ,8.5, 21.3,N/A , N/A , N/A,4,*,*,*,*
"Winston County, Alabama(2)",01133,Rural,13.8 ,9, 20.8,N/A , N/A , N/A,5,stable,-2.1 ,-7.1, 3.0
"Montgomery County, Maryland(2)",24031,Urban,13.8 ,12.9, 14.8,N/A , N/A , N/A,181,falling,-3.9 ,-8.5, -1.9
"Tate County, Mississippi(2)",28137,Urban,13.8 ,8.8, 20.8,N/A , N/A , N/A,5,*,*,*,*
"Chambers County, Texas(7)",48071,Urban,13.8 ,9.2, 19.9,N/A , N/A , N/A,6,stable,-1.6 ,-4.7, 2.2
"Fort Bend County, Texas(7)",48157,Urban,13.8 ,12.6, 15.1,N/A , N/A , N/A,102,stable,-1.0 ,-1.9, 0.2
"Pierce County, Wisconsin(2)",55093,Urban,13.8 ,9.3, 19.7,N/A , N/A , N/A,6,falling,-3.0 ,-15.4, -0.3
"Maui County, Hawaii(7)",15009,Urban,13.8 ,11.7, 16.2,N/A , N/A , N/A,33,stable,0.0 ,-1.5, 1.8
"Luna County, New Mexico(7)",35029,Rural,13.8 ,8.7, 21,N/A , N/A , N/A,5,falling,-6.3 ,-20.6, -1.9
"Santa Fe County, New Mexico(7)",35049,Urban,13.8 ,11.8, 16,N/A , N/A , N/A,39,stable,-0.9 ,-2.1, 0.6
"Garrett County, Maryland(2)",24023,Rural,13.7 ,9.3, 20.1,N/A , N/A , N/A,6,stable,-2.7 ,-6.1, 0.4
"Eagle County, Colorado(2)",08037,Rural,13.7 ,9.3, 19.5,N/A , N/A , N/A,7,stable,2.3 ,-3.5, 9.9
"Chesterfield County, South Carolina(2)",45025,Rural,13.7 ,9.8, 18.9,N/A , N/A , N/A,8,stable,0.8 ,-3.1, 5.3
"District of Columbia(2)",11001,Urban,13.7 ,12.4, 15,N/A , N/A , N/A,89,stable,-1.0 ,-2.7, 0.6
"Gonzales County, Texas(7)",48177,Rural,13.7 ,7.8, 22.5,N/A , N/A , N/A,3,*,*,*,*
"Pend Oreille County, Washington(2)",53051,Rural,13.7 ,8.3, 23,N/A , N/A , N/A,4,stable,-2.6 ,-6.6, 1.8
"Hinds County, Mississippi(2)",28049,Urban,13.7 ,11.7, 15.9,N/A , N/A , N/A,35,stable,-1.0 ,-2.5, 0.5
"Gilchrist County, Florida(2)",12041,Urban,13.7 ,8.1, 22.2,N/A , N/A , N/A,4,falling,-5.2 ,-9.2, -1.8
"Dickinson County, Michigan(2)",26043,Rural,13.6 ,8.7, 20.7,N/A , N/A , N/A,5,stable,-2.9 ,-6.0, 0.0
"Shelby County, Tennessee(2)",47157,Urban,13.6 ,12.6, 14.7,N/A , N/A , N/A,138,falling,-1.9 ,-4.1, -0.6
"Los Angeles County, California(7)",06037,Urban,13.6 ,13.3, 13.9,N/A , N/A , N/A,1505,falling,-2.0 ,-2.5, -1.7
"Texas County, Missouri(2)",29215,Rural,13.6 ,8.9, 20.5,N/A , N/A , N/A,5,falling,-8.0 ,-33.7, -1.1
"Northumberland County, Virginia(2)",51133,Rural,13.6 ,8.4, 24.2,N/A , N/A , N/A,4,stable,-1.6 ,-6.8, 4.3
"Custer County, Oklahoma(2)",40039,Rural,13.6 ,8.5, 20.8,N/A , N/A , N/A,4,stable,0.1 ,-4.3, 4.9
"Pittsburg County, Oklahoma(2)",40121,Rural,13.6 ,9.8, 18.5,N/A , N/A , N/A,9,falling,-3.2 ,-5.6, -1.0
"Dallas County, Alabama(2)",01047,Rural,13.6 ,9.3, 19.2,N/A , N/A , N/A,7,stable,2.0 ,-1.9, 6.3
"Copiah County, Mississippi(2)",28029,Urban,13.5 ,8.8, 20.2,N/A , N/A , N/A,5,*,*,*,*
"Scott County, Kentucky(7)",21209,Urban,13.5 ,9.3, 18.9,N/A , N/A , N/A,7,stable,-1.2 ,-4.0, 2.1
"Madera County, California(7)",06039,Urban,13.5 ,11.1, 16.3,N/A , N/A , N/A,23,falling,-5.2 ,-9.7, -1.9
"Imperial County, California(7)",06025,Urban,13.5 ,11.2, 16.1,N/A , N/A , N/A,24,stable,-0.3 ,-2.0, 1.7
"Ware County, Georgia(7)",13299,Rural,13.5 ,9.2, 19.3,N/A , N/A , N/A,6,stable,-0.4 ,-4.6, 4.1
"Marlboro County, South Carolina(2)",45069,Rural,13.5 ,8.5, 20.5,N/A , N/A , N/A,5,stable,-1.3 ,-4.2, 1.8
"Grimes County, Texas(7)",48185,Rural,13.4 ,8.8, 19.9,N/A , N/A , N/A,6,stable,-24.9 ,-44.8, 0.5
"Henry County, Iowa(7)",19087,Rural,13.4 ,8, 21.6,N/A , N/A , N/A,4,falling,-31.4 ,-58.6, -8.4
"Trempealeau County, Wisconsin(2)",55121,Rural,13.4 ,8.9, 19.7,N/A , N/A , N/A,6,stable,-1.2 ,-4.7, 2.4
"Washington County, Virginia(2)",51191,Urban,13.4 ,10.1, 17.7,N/A , N/A , N/A,12,stable,-2.5 ,-5.4, 0.2
"Houston County, Minnesota(2)",27055,Urban,13.4 ,8.2, 21.4,N/A , N/A , N/A,4,*,*,*,*
"Hood River County, Oregon(2)",41027,Rural,13.4 ,8.2, 20.8,N/A , N/A , N/A,4,*,*,*,*
"Chowan County, North Carolina(2)",37041,Rural,13.4 ,7.9, 22.6,N/A , N/A , N/A,4,stable,-3.0 ,-8.4, 2.0
"Tuscaloosa County, Alabama(2)",01125,Urban,13.3 ,11.2, 15.7,N/A , N/A , N/A,30,falling,-12.6 ,-22.2, -1.9
"Hudson County, New Jersey(7)",34017,Urban,13.3 ,12.1, 14.6,N/A , N/A , N/A,90,falling,-2.2 ,-3.2, -1.3
"Howard County, Maryland(2)",24027,Urban,13.3 ,11.7, 15.1,N/A , N/A , N/A,49,falling,-5.8 ,-17.8, -2.3
"Pike County, Mississippi(2)",28113,Rural,13.3 ,9.1, 18.9,N/A , N/A , N/A,7,stable,-0.8 ,-4.1, 2.5
"Halifax County with South Boston City, Virginia(2)",51083,Rural,13.3 ,9.6, 18.5,N/A , N/A , N/A,8,stable,-0.6 ,-3.1, 2.0
"Lassen County, California(7)",06035,Rural,13.3 ,8.1, 20.6,N/A , N/A , N/A,4,stable,-1.0 ,-4.4, 2.7
"Fredericksburg City, Virginia(2)",51630,Urban,13.3 ,7.5, 21.7,N/A , N/A , N/A,3,stable,-1.5 ,-6.3, 3.3
"Uvalde County, Texas(7)",48463,Rural,13.3 ,8, 20.8,N/A , N/A , N/A,4,stable,-2.3 ,-7.2, 2.5
"Torrance County, New Mexico(7)",35057,Urban,13.3 ,7.4, 22.8,N/A , N/A , N/A,3,*,*,*,*
"Noble County, Ohio(2)",39121,Rural,13.3 ,8.1, 22.4,N/A , N/A , N/A,4,*,*,*,*
"Fairfield County, South Carolina(2)",45039,Urban,13.3 ,8.2, 21,N/A , N/A , N/A,5,stable,-1.3 ,-4.0, 1.4
"Crisp County, Georgia(7)",13081,Rural,13.2 ,7.6, 21.7,N/A , N/A , N/A,4,stable,-1.8 ,-5.6, 2.2
"Hanover County, Virginia(2)",51085,Urban,13.2 ,10.8, 16.2,N/A , N/A , N/A,20,falling,-3.8 ,-6.3, -1.3
"Crittenden County, Arkansas(2)",05035,Urban,13.2 ,9.2, 18.5,N/A , N/A , N/A,7,stable,-31.8 ,-58.5, 3.2
"Lincoln County, Wyoming(2)",56023,Rural,13.2 ,7.7, 21.6,N/A , N/A , N/A,4,stable,-2.9 ,-7.4, 1.4
"Coconino County, Arizona(2)",04005,Urban,13.2 ,10.6, 16.2,N/A , N/A , N/A,19,stable,-0.9 ,-2.8, 1.3
"Graham County, Arizona(2)",04009,Rural,13.2 ,8.6, 19.3,N/A , N/A , N/A,5,*,*,*,*
"Ector County, Texas(7)",48135,Urban,13.2 ,10.5, 16.3,N/A , N/A , N/A,17,stable,-1.7 ,-3.5, 0.1
"Bexar County, Texas(7)",48029,Urban,13.2 ,12.4, 13.9,N/A , N/A , N/A,255,falling,-1.5 ,-2.2, -0.8
"Bertie County, North Carolina(2)",37015,Rural,13.1 ,8, 21.2,N/A , N/A , N/A,4,stable,-1.6 ,-5.7, 2.5
"Mississippi County, Arkansas(2)",05093,Rural,13.1 ,8.7, 18.9,N/A , N/A , N/A,6,stable,1.0 ,-3.5, 5.8
"Anson County, North Carolina(2)",37007,Urban,13.1 ,8.1, 20.4,N/A , N/A , N/A,4,stable,-1.1 ,-5.5, 3.1
"Sanpete County, Utah(7)",49039,Rural,13.1 ,7.6, 20.9,N/A , N/A , N/A,4,*,*,*,*
"Lea County, New Mexico(7)",35025,Rural,13 ,9.4, 17.6,N/A , N/A , N/A,9,falling,-2.1 ,-3.8, -0.6
"Winneshiek County, Iowa(7)",19191,Rural,13 ,8, 20.8,N/A , N/A , N/A,4,falling,-10.0 ,-30.6, -2.7
"Montezuma County, Colorado(2)",08083,Rural,13 ,8.5, 19.6,N/A , N/A , N/A,6,stable,-0.9 ,-3.7, 2.0
"Houston County, Texas(7)",48225,Rural,13 ,7.9, 20.6,N/A , N/A , N/A,4,*,*,*,*
"Dodge County, Georgia(7)",13091,Rural,13 ,7.6, 21.1,N/A , N/A , N/A,4,*,*,*,*
"Leon County, Florida(2)",12073,Urban,13 ,11.2, 15,N/A , N/A , N/A,40,stable,2.0 ,-0.5, 5.2
"Washington County, Florida(2)",12133,Urban,13 ,8.3, 19.8,N/A , N/A , N/A,5,stable,-0.4 ,-5.3, 5.0
"Columbus County, North Carolina(2)",37047,Rural,13 ,9.5, 17.5,N/A , N/A , N/A,10,falling,-10.4 ,-25.5, -2.0
"Lee County, Alabama(2)",01081,Urban,13 ,10.6, 15.7,N/A , N/A , N/A,22,stable,-0.7 ,-2.2, 1.1
"Richland Parish, Louisiana(7)",22083,Urban,13 ,7.5, 21.1,N/A , N/A , N/A,4,stable,-2.4 ,-6.4, 1.5
"Winston County, Mississippi(2)",28159,Rural,12.9 ,7.4, 21.5,N/A , N/A , N/A,3,*,*,*,*
"Morgan County, Colorado(2)",08087,Rural,12.9 ,8.1, 19.7,N/A , N/A , N/A,5,stable,-2.9 ,-7.2, 1.2
"Colfax County, New Mexico(7)",35007,Rural,12.9 ,7.4, 22.7,N/A , N/A , N/A,3,*,*,*,*
"Kauai County, Hawaii(7)",15007,Rural,12.9 ,10.1, 16.4,N/A , N/A , N/A,15,stable,0.7 ,-1.0, 2.9
"Miller County, Arkansas(2)",05091,Urban,12.9 ,9, 18,N/A , N/A , N/A,7,stable,-2.6 ,-6.1, 1.0
"Houghton County, Michigan(2)",26061,Rural,12.8 ,8.7, 18.5,N/A , N/A , N/A,6,stable,-3.0 ,-7.0, 0.6
"Bernalillo County, New Mexico(7)",35001,Urban,12.8 ,11.8, 14,N/A , N/A , N/A,112,falling,-5.6 ,-12.4, -1.5
"Orleans Parish, Louisiana(7)",22071,Urban,12.8 ,11.3, 14.4,N/A , N/A , N/A,58,falling,-1.2 ,-2.2, -0.2
"Columbia County, Arkansas(2)",05027,Rural,12.8 ,7.6, 20.4,N/A , N/A , N/A,4,falling,-8.1 ,-34.1, -0.4
"Northampton County, North Carolina(2)",37131,Rural,12.7 ,7.2, 21.7,N/A , N/A , N/A,4,stable,-0.3 ,-2.8, 2.0
"Tulare County, California(7)",06107,Urban,12.7 ,11.2, 14.4,N/A , N/A , N/A,53,falling,-1.9 ,-3.1, -0.6
"Dukes County, Massachusetts(2)",25007,Rural,12.7 ,8.2, 19.7,N/A , N/A , N/A,5,stable,-3.0 ,-8.2, 3.2
"Bronx County, New York(7)",36005,Urban,12.7 ,11.9, 13.5,N/A , N/A , N/A,197,falling,-1.0 ,-1.4, -0.4
"Robeson County, North Carolina(2)",37155,Rural,12.7 ,10, 15.8,N/A , N/A , N/A,17,stable,-0.8 ,-3.6, 2.2
"Lincoln County, Tennessee(2)",47103,Rural,12.6 ,8.7, 18,N/A , N/A , N/A,7,stable,2.2 ,-1.5, 6.6
"Nacogdoches County, Texas(7)",48347,Rural,12.6 ,9.2, 17,N/A , N/A , N/A,9,stable,-5.1 ,-10.5, 5.7
"Gadsden County, Florida(2)",12039,Urban,12.6 ,8.9, 17.5,N/A , N/A , N/A,8,stable,-0.1 ,-3.2, 3.4
"Yuma County, Arizona(2)",04027,Urban,12.6 ,10.8, 14.6,N/A , N/A , N/A,38,falling,-5.0 ,-14.4, -1.5
"Archuleta County, Colorado(2)",08007,Rural,12.6 ,6.8, 22.8,N/A , N/A , N/A,3,*,*,*,*
"Spencer County, Indiana(2)",18147,Rural,12.6 ,7.6, 20.2,N/A , N/A , N/A,4,falling,-2.9 ,-5.8, -0.1
"Wetzel County, West Virginia(2)",54103,Rural,12.6 ,7.2, 21.6,N/A , N/A , N/A,3,*,*,*,*
"San Miguel County, New Mexico(7)",35047,Rural,12.5 ,8.3, 18.7,N/A , N/A , N/A,6,stable,-0.4 ,-2.2, 1.9
"Nash County, North Carolina(2)",37127,Urban,12.5 ,9.9, 15.7,N/A , N/A , N/A,17,stable,-1.5 ,-4.4, 1.5
"Kleberg County, Texas(7)",48273,Rural,12.5 ,7.5, 19.6,N/A , N/A , N/A,4,falling,-19.7 ,-32.0, -1.1
"Honolulu County, Hawaii(7)",15003,Urban,12.5 ,11.6, 13.4,N/A , N/A , N/A,176,falling,-1.4 ,-3.2, -0.6
"Pittsylvania County, Virginia(2)",51143,Rural,12.5 ,9.5, 16.3,N/A , N/A , N/A,13,falling,-2.4 ,-4.5, -0.4
"Anderson County, Texas(7)",48001,Rural,12.5 ,8.9, 17.1,N/A , N/A , N/A,8,stable,-2.2 ,-5.2, 0.8
"Hale County, Texas(7)",48189,Rural,12.4 ,7.7, 19,N/A , N/A , N/A,4,stable,-0.6 ,-5.1, 3.7
"Barbour County, Alabama(2)",01005,Rural,12.4 ,7.6, 19.4,N/A , N/A , N/A,4,stable,-1.4 ,-5.2, 2.4
"Baker County, Oregon(2)",41001,Rural,12.4 ,7.6, 20.2,N/A , N/A , N/A,4,stable,-3.3 ,-7.7, 0.6
"Ashley County, Arkansas(2)",05003,Rural,12.3 ,6.7, 21,N/A , N/A , N/A,3,stable,-0.6 ,-4.0, 2.7
"Hutchinson County, Texas(7)",48233,Rural,12.3 ,7.1, 20.2,N/A , N/A , N/A,3,stable,-0.7 ,-4.6, 3.2
"Clayton County, Georgia(7)",13063,Urban,12.3 ,10.2, 14.6,N/A , N/A , N/A,30,falling,-1.5 ,-2.5, -0.4
"Caldwell County, Texas(7)",48055,Urban,12.2 ,8.4, 17.4,N/A , N/A , N/A,7,stable,-0.7 ,-3.5, 2.5
"La Plata County, Colorado(2)",08067,Rural,12.2 ,8.8, 16.7,N/A , N/A , N/A,9,falling,-3.0 ,-5.8, -0.1
"Llano County, Texas(7)",48299,Rural,12.2 ,8.5, 18.5,N/A , N/A , N/A,7,stable,-3.2 ,-7.0, 0.7
"Richmond County, Georgia(7)",13245,Urban,12.2 ,10.2, 14.5,N/A , N/A , N/A,27,stable,2.3 ,-1.6, 8.2
"La Paz County, Arizona(2)",04012,Rural,12.1 ,8, 19.7,N/A , N/A , N/A,6,stable,-0.1 ,-5.1, 5.0
"Washington County, Maryland(2)",24043,Urban,12.1 ,10, 14.5,N/A , N/A , N/A,25,falling,-10.9 ,-26.7, -5.1
"Wise County, Virginia(2)",51195,Rural,12.1 ,8.1, 17.5,N/A , N/A , N/A,6,falling,-4.2 ,-7.2, -1.7
"Hardeman County, Tennessee(2)",47069,Rural,12 ,7.4, 18.9,N/A , N/A , N/A,4,stable,-1.3 ,-7.1, 4.3
"Hempstead County, Arkansas(2)",05057,Rural,12 ,7.1, 19.6,N/A , N/A , N/A,4,stable,-1.0 ,-5.2, 3.4
"Uintah County, Utah(7)",49047,Rural,12 ,7.2, 18.7,N/A , N/A , N/A,4,stable,-1.8 ,-4.6, 1.4
"Lane County, Oregon(2)",41039,Urban,12 ,10.7, 13.4,N/A , N/A , N/A,66,falling,-3.0 ,-5.1, -1.1
"Lafayette County, Mississippi(2)",28071,Rural,12 ,8.2, 16.9,N/A , N/A , N/A,7,*,*,*,*
"Mineral County, West Virginia(2)",54057,Rural,11.9 ,7.9, 17.9,N/A , N/A , N/A,6,stable,-2.7 ,-6.7, 1.1
"Bolivar County, Mississippi(2)",28011,Rural,11.9 ,7.4, 18.4,N/A , N/A , N/A,4,*,*,*,*
"Washington County, Texas(7)",48477,Rural,11.9 ,8.2, 17,N/A , N/A , N/A,7,falling,-4.0 ,-6.4, -1.6
"Klickitat County, Washington(2)",53039,Rural,11.9 ,7.5, 18.5,N/A , N/A , N/A,5,stable,-1.2 ,-5.0, 3.2
"Santa Cruz County, Arizona(2)",04023,Rural,11.9 ,8.4, 16.4,N/A , N/A , N/A,8,stable,1.0 ,-21.6, 23.4
"Bladen County, North Carolina(2)",37017,Rural,11.8 ,7.7, 17.8,N/A , N/A , N/A,5,stable,-2.2 ,-5.8, 1.4
"Neshoba County, Mississippi(2)",28099,Rural,11.8 ,7.1, 18.6,N/A , N/A , N/A,4,stable,-0.6 ,-4.3, 3.2
"Gogebic County, Michigan(2)",26053,Rural,11.8 ,6.8, 20.6,N/A , N/A , N/A,3,stable,-2.8 ,-7.5, 1.7
"Laurens County, Georgia(7)",13175,Rural,11.8 ,8.3, 16.3,N/A , N/A , N/A,8,stable,-1.9 ,-4.4, 0.7
"Marshall County, Mississippi(2)",28093,Urban,11.8 ,7.8, 17.3,N/A , N/A , N/A,6,stable,-2.1 ,-7.3, 3.3
"Carroll County, Indiana(2)",18015,Urban,11.7 ,6.8, 19.1,N/A , N/A , N/A,4,stable,-3.8 ,-8.2, 0.1
"Curry County, New Mexico(7)",35009,Rural,11.6 ,7.7, 16.8,N/A , N/A , N/A,6,falling,-1.7 ,-3.1, -0.3
"Inyo County, California(7)",06027,Rural,11.6 ,6.8, 19.1,N/A , N/A , N/A,4,falling,-4.5 ,-7.9, -1.6
"Victoria County, Texas(7)",48469,Urban,11.5 ,8.9, 14.8,N/A , N/A , N/A,13,falling,-2.0 ,-3.8, -0.1
"San Juan County, New Mexico(7)",35045,Urban,11.5 ,9.2, 14.3,N/A , N/A , N/A,17,stable,-0.1 ,-1.2, 1.2
"Adams County, Mississippi(2)",28001,Rural,11.5 ,7.5, 17.2,N/A , N/A , N/A,5,stable,-1.2 ,-6.5, 4.2
"Howard County, Texas(7)",48227,Rural,11.5 ,6.9, 17.9,N/A , N/A , N/A,4,stable,-1.5 ,-5.9, 2.7
"Scott County, Tennessee(2)",47151,Rural,11.5 ,6.5, 19.1,N/A , N/A , N/A,3,stable,-2.7 ,-6.7, 1.0
"Franklin County, Georgia(7)",13119,Rural,11.5 ,6.8, 18.5,N/A , N/A , N/A,4,falling,-3.5 ,-10.2, -0.3
"Rio Arriba County, New Mexico(7)",35039,Rural,11.5 ,7.9, 16.3,N/A , N/A , N/A,7,stable,-1.1 ,-2.9, 1.1
"Montgomery County, Alabama(2)",01101,Urban,11.4 ,9.7, 13.4,N/A , N/A , N/A,31,stable,-0.8 ,-3.1, 1.5
"Prince Georges County, Maryland(2)",24033,Urban,11.4 ,10.4, 12.4,N/A , N/A , N/A,115,stable,-1.0 ,-2.3, 0.4
"Richland County, Wisconsin(2)",55103,Rural,11.4 ,6.6, 19.2,N/A , N/A , N/A,4,*,*,*,*
"Edgefield County, South Carolina(2)",45037,Urban,11.3 ,6.8, 18,N/A , N/A , N/A,4,stable,0.8 ,-2.9, 5.1
"Smyth County, Virginia(2)",51173,Rural,11.3 ,7.5, 16.8,N/A , N/A , N/A,6,stable,2.0 ,-1.9, 6.7
"Cameron County, Texas(7)",48061,Urban,11.3 ,9.9, 12.8,N/A , N/A , N/A,49,stable,-0.5 ,-1.8, 1.1
"Greene County, Virginia(2)",51079,Urban,11.2 ,6.3, 18.9,N/A , N/A , N/A,3,falling,-6.8 ,-11.0, -3.1
"Hidalgo County, Texas(7)",48215,Urban,11.1 ,10.1, 12.3,N/A , N/A , N/A,86,stable,-0.7 ,-1.6, 0.4
"Grant County, New Mexico(7)",35017,Rural,11.1 ,7.1, 17.2,N/A , N/A , N/A,6,stable,-2.0 ,-4.0, 0.1
"McKean County, Pennsylvania(2)",42083,Rural,11.1 ,7.6, 16,N/A , N/A , N/A,7,falling,-4.0 ,-7.0, -1.6
"Escambia County, Alabama(2)",01053,Rural,11.1 ,7.4, 16.2,N/A , N/A , N/A,6,stable,-1.0 ,-6.2, 4.3
"Warren County, Mississippi(2)",28149,Rural,11.1 ,7.6, 15.8,N/A , N/A , N/A,7,stable,-2.3 ,-5.1, 0.6
"Washington County, Mississippi(2)",28151,Rural,11 ,7.5, 15.9,N/A , N/A , N/A,7,stable,-2.5 ,-5.6, 0.4
"McDowell County, West Virginia(2)",54047,Rural,11 ,6.4, 18.4,N/A , N/A , N/A,4,falling,-17.2 ,-43.5, -6.3
"Midland County, Texas(7)",48329,Urban,11 ,8.7, 13.8,N/A , N/A , N/A,16,stable,-2.6 ,-5.2, 0.1
"Lincoln Parish, Louisiana(7)",22061,Rural,11 ,7.3, 16,N/A , N/A , N/A,6,stable,-0.2 ,-3.9, 4.0
"Clark County, Indiana(2)",18019,Urban,11 ,8.7, 13.7,N/A , N/A , N/A,17,falling,-16.6 ,-24.6, -11.9
"Tazewell County, Virginia(2)",51185,Rural,11 ,7.7, 15.4,N/A , N/A , N/A,8,stable,-1.5 ,-4.5, 1.6
"Jasper County, South Carolina(2)",45053,Urban,10.9 ,6.8, 17,N/A , N/A , N/A,5,*,*,*,*
"Adair County, Missouri(2)",29001,Rural,10.9 ,6.2, 18.1,N/A , N/A , N/A,3,stable,-3.2 ,-7.9, 1.5
"El Paso County, Texas(7)",48141,Urban,10.8 ,9.9, 11.9,N/A , N/A , N/A,91,falling,-1.7 ,-2.8, -0.6
"Atascosa County, Texas(7)",48013,Urban,10.8 ,7.3, 15.5,N/A , N/A , N/A,6,stable,-0.1 ,-3.1, 3.4
"Jim Wells County, Texas(7)",48249,Rural,10.7 ,6.8, 16.1,N/A , N/A , N/A,5,stable,-1.1 ,-4.0, 2.0
"Webb County, Texas(7)",48479,Urban,10.7 ,8.8, 12.9,N/A , N/A , N/A,22,stable,1.2 ,-0.8, 3.7
"Val Verde County, Texas(7)",48465,Rural,10.7 ,7, 15.6,N/A , N/A , N/A,5,falling,-4.0 ,-6.5, -1.8
"Tattnall County, Georgia(7)",13267,Rural,10.6 ,6, 17.7,N/A , N/A , N/A,3,stable,-3.4 ,-8.5, 1.7
"Stutsman County, North Dakota(2)",38093,Rural,10.6 ,5.9, 18,N/A , N/A , N/A,3,falling,-5.1 ,-10.4, -0.8
"Williams County, North Dakota(2)",38105,Rural,10.5 ,5.8, 17.2,N/A , N/A , N/A,3,falling,-5.8 ,-11.5, -1.6
"Buchanan County, Virginia(2)",51027,Rural,10.4 ,6.2, 17.3,N/A , N/A , N/A,4,*,*,*,*
"Grenada County, Mississippi(2)",28043,Rural,10.4 ,6, 17.3,N/A , N/A , N/A,3,stable,-2.2 ,-6.7, 2.3
"Russell County, Alabama(2)",01113,Urban,10.3 ,7.1, 14.5,N/A , N/A , N/A,7,falling,-2.9 ,-5.8, -0.2
"Polk County, North Carolina(2)",37149,Rural,10.1 ,6.6, 16.6,N/A , N/A , N/A,5,stable,-2.3 ,-5.3, 0.9
"Morehouse Parish, Louisiana(7)",22067,Urban,10 ,5.9, 16.3,N/A , N/A , N/A,4,stable,-2.5 ,-5.8, 0.3
"Pike County, Alabama(2)",01109,Rural,10 ,6, 15.9,N/A , N/A , N/A,4,stable,-25.7 ,-50.9, 3.6
"Malheur County, Oregon(2)",41045,Rural,9.9 ,6, 15.5,N/A , N/A , N/A,4,falling,-6.3 ,-9.7, -3.7
"Williamsburg County, South Carolina(2)",45089,Rural,9.7 ,6, 15.1,N/A , N/A , N/A,4,*,*,*,*
"Puerto Rico(2)",72001,Urban,9.6 ,9.2, 10,N/A , N/A , N/A,507,falling,-0.9 ,-2.9, -0.4
"Fayette County, Texas(7)",48149,Rural,9.6 ,6.1, 15,N/A , N/A , N/A,5,falling,-3.0 ,-5.3, -0.7
"Jackson County, Florida(2)",12063,Rural,9.2 ,6.2, 13.4,N/A , N/A , N/A,6,stable,-0.7 ,-3.9, 2.7
"Hertford County, North Carolina(2)",37091,Rural,9.2 ,5.2, 15.9,N/A , N/A , N/A,3,falling,-4.3 ,-8.7, -0.5
"Taos County, New Mexico(7)",35055,Rural,8.9 ,5.9, 13.4,N/A , N/A , N/A,6,*,*,*,*
"Scott County, Virginia(2)",51169,Urban,8.7 ,5, 15,N/A , N/A , N/A,3,*,*,*,*
"Lee County, Virginia(2)",51105,Rural,8.5 ,4.8, 14.6,N/A , N/A , N/A,3,*,*,*,*
"Apache County, Arizona(2)",04001,Rural,8.1 ,5.5, 11.5,N/A , N/A , N/A,7,stable,0.1 ,-3.5, 4.4
"Maverick County, Texas(7)",48323,Urban,7.9 ,4.7, 12.3,N/A , N/A , N/A,4,stable,-1.1 ,-5.6, 4.1
"McKinley County, New Mexico(7)",35031,Rural,6.6 ,4.1, 10,N/A , N/A , N/A,5,*,*,*,*
"Starr County, Texas(7)",48427,Rural,6.5 ,3.9, 10.2,N/A , N/A , N/A,4,stable,-1.7 ,-5.8, 2.9
"Adair County, Iowa(7)",19001,Rural,* ,*, *,* , * , *,3 or fewer,*,*,*,*
"Adams County, Idaho(7)",16003,Rural,* ,*, *,* , * , *,3 or fewer,*,*,*,*
"Adams County, Iowa(7)",19003,Rural,* ,*, *,* , * , *,3 or fewer,*,*,*,*
"Adams County, North Dakota(2)",38001,Rural,* ,*, *,* , * , *,3 or fewer,*,*,*,*
"Adams County, Washington(2)",53001,Rural,* ,*, *,* , * , *,3 or fewer,*,*,*,*
"Alamosa County, Colorado(2)",08003,Rural,* ,*, *,* , * , *,3 or fewer,*,*,*,*
"Aleutians East Borough, Alaska(2)",02013,Rural,* ,*, *,* , * , *,3 or fewer,*,*,*,*
"Aleutians West Census Area, Alaska(2)",02016,Rural,* ,*, *,* , * , *,3 or fewer,*,*,*,*
"Alexander County, Illinois(7)",17003,Urban,* ,*, *,* , * , *,3 or fewer,*,*,*,*
"Alfalfa County, Oklahoma(2)",40003,Rural,* ,*, *,* , * , *,3 or fewer,*,*,*,*
"Alger County, Michigan(2)",26003,Rural,* ,*, *,* , * , *,3 or fewer,*,*,*,*
"Alleghany County and Clifton Forge City, Virginia(2)",51005,Rural,* ,*, *,* , * , *,3 or fewer,*,*,*,*
"Allendale County, South Carolina(2)",45005,Rural,* ,*, *,* , * , *,3 or fewer,*,*,*,*
"Alpine County, California(7)",06003,Rural,* ,*, *,* , * , *,3 or fewer,*,*,*,*
"Amite County, Mississippi(2)",28005,Rural,* ,*, *,* , * , *,3 or fewer,*,*,*,*
"Andrews County, Texas(7)",48003,Rural,* ,*, *,* , * , *,3 or fewer,*,*,*,*
"Antelope County, Nebraska(2)",31003,Rural,* ,*, *,* , * , *,3 or fewer,*,*,*,*
"Archer County, Texas(7)",48009,Urban,* ,*, *,* , * , *,3 or fewer,*,*,*,*
"Armstrong County, Texas(7)",48011,Urban,* ,*, *,* , * , *,3 or fewer,*,*,*,*
"Arthur County, Nebraska(2)",31005,Rural,* ,*, *,* , * , *,3 or fewer,*,*,*,*
"Asotin County, Washington(2)",53003,Urban,* ,*, *,* , * , *,3 or fewer,*,*,*,*
"Atchison County, Missouri(2)",29005,Rural,* ,*, *,* , * , *,3 or fewer,*,*,*,*
"Atkinson County, Georgia(7)",13003,Rural,* ,*, *,* , * , *,3 or fewer,*,*,*,*
"Atoka County, Oklahoma(2)",40005,Rural,* ,*, *,* , * , *,3 or fewer,*,*,*,*
"Audubon County, Iowa(7)",19009,Rural,* ,*, *,* , * , *,3 or fewer,*,*,*,*
"Aurora County, South Dakota(2)",46003,Rural,* ,*, *,* , * , *,3 or fewer,*,*,*,*
"Baca County, Colorado(2)",08009,Rural,* ,*, *,* , * , *,3 or fewer,*,*,*,*
"Bacon County, Georgia(7)",13005,Rural,* ,*, *,* , * , *,3 or fewer,*,*,*,*
"Bailey County, Texas(7)",48017,Rural,* ,*, *,* , * , *,3 or fewer,*,*,*,*
"Baker County, Georgia(7)",13007,Rural,* ,*, *,* , * , *,3 or fewer,*,*,*,*
"Ballard County, Kentucky(7)",21007,Urban,* ,*, *,* , * , *,3 or fewer,*,*,*,*
"Bamberg County, South Carolina(2)",45009,Rural,* ,*, *,* , * , *,3 or fewer,*,*,*,*
"Banner County, Nebraska(2)",31007,Rural,* ,*, *,* , * , *,3 or fewer,*,*,*,*
"Baraga County, Michigan(2)",26013,Rural,* ,*, *,* , * , *,3 or fewer,*,*,*,*
"Barnes County, North Dakota(2)",38003,Rural,* ,*, *,* , * , *,3 or fewer,*,*,*,*
"Barnwell County, South Carolina(2)",45011,Rural,* ,*, *,* , * , *,3 or fewer,*,*,*,*
"Bates County, Missouri(2)",29013,Urban,* ,*, *,* , * , *,3 or fewer,*,*,*,*
"Bath County, Virginia(2)",51017,Rural,* ,*, *,* , * , *,3 or fewer,*,*,*,*
"Baylor County, Texas(7)",48023,Rural,* ,*, *,* , * , *,3 or fewer,*,*,*,*
"Bear Lake County, Idaho(7)",16007,Rural,* ,*, *,* , * , *,3 or fewer,*,*,*,*
"Beaver County, Oklahoma(2)",40007,Rural,* ,*, *,* , * , *,3 or fewer,*,*,*,*
"Beaver County, Utah(7)",49001,Rural,* ,*, *,* , * , *,3 or fewer,*,*,*,*
"Beaverhead County, Montana(2)",30001,Rural,* ,*, *,* , * , *,3 or fewer,*,*,*,*
"Bennett County, South Dakota(2)",46007,Rural,* ,*, *,* , * , *,3 or fewer,*,*,*,*
"Benson County, North Dakota(2)",38005,Rural,* ,*, *,* , * , *,3 or fewer,*,*,*,*
"Bent County, Colorado(2)",08011,Rural,* ,*, *,* , * , *,3 or fewer,*,*,*,*
"Benton County, Mississippi(2)",28009,Urban,* ,*, *,* , * , *,3 or fewer,*,*,*,*
"Bethel Census Area, Alaska(2)",02050,Rural,* ,*, *,* , * , *,3 or fewer,*,*,*,*
"Big Horn County, Montana(2)",30003,Rural,* ,*, *,* , * , *,3 or fewer,*,*,*,*
"Big Stone County, Minnesota(2)",27011,Rural,* ,*, *,* , * , *,3 or fewer,*,*,*,*
"Billings County, North Dakota(2)",38007,Rural,* ,*, *,* , * , *,3 or fewer,*,*,*,*
"Blaine County, Montana(2)",30005,Rural,* ,*, *,* , * , *,3 or fewer,*,*,*,*
"Blaine County, Nebraska(2)",31009,Rural,* ,*, *,* , * , *,3 or fewer,*,*,*,*
"Blaine County, Oklahoma(2)",40011,Rural,* ,*, *,* , * , *,3 or fewer,*,*,*,*
"Blanco County, Texas(7)",48031,Rural,* ,*, *,* , * , *,3 or fewer,*,*,*,*
"Bland County, Virginia(2)",51021,Rural,* ,*, *,* , * , *,3 or fewer,*,*,*,*
"Bon Homme County, South Dakota(2)",46009,Rural,* ,*, *,* , * , *,3 or fewer,*,*,*,*
"Boone County, Nebraska(2)",31011,Rural,* ,*, *,* , * , *,3 or fewer,*,*,*,*
"Borden County, Texas(7)",48033,Rural,* ,*, *,* , * , *,3 or fewer,*,*,*,*
"Bottineau County, North Dakota(2)",38009,Rural,* ,*, *,* , * , *,3 or fewer,*,*,*,*
"Boundary County, Idaho(7)",16021,Rural,* ,*, *,* , * , *,3 or fewer,*,*,*,*
"Bowman County, North Dakota(2)",38011,Rural,* ,*, *,* , * , *,3 or fewer,*,*,*,*
"Boyd County, Nebraska(2)",31015,Rural,* ,*, *,* , * , *,3 or fewer,*,*,*,*
"Bradley County, Arkansas(2)",05011,Rural,* ,*, *,* , * , *,3 or fewer,*,*,*,*
"Breathitt County, Kentucky(7)",21025,Rural,* ,*, *,* , * , *,3 or fewer,*,*,*,*
"Brewster County, Texas(7)",48043,Rural,* ,*, *,* , * , *,3 or fewer,*,*,*,*
"Briscoe County, Texas(7)",48045,Rural,* ,*, *,* , * , *,3 or fewer,*,*,*,*
"Bristol Bay Borough, Alaska(2)",02060,Rural,* ,*, *,* , * , *,3 or fewer,*,*,*,*
"Bristol City, Virginia(2)",51520,Urban,* ,*, *,* , * , *,3 or fewer,*,*,*,*
"Broadwater County, Montana(2)",30007,Urban,* ,*, *,* , * , *,3 or fewer,*,*,*,*
"Brooks County, Texas(7)",48047,Rural,* ,*, *,* , * , *,3 or fewer,*,*,*,*
"Brown County, Illinois(7)",17009,Rural,* ,*, *,* , * , *,3 or fewer,*,*,*,*
"Brown County, Nebraska(2)",31017,Rural,* ,*, *,* , * , *,3 or fewer,*,*,*,*
"Brule County, South Dakota(2)",46015,Rural,* ,*, *,* , * , *,3 or fewer,*,*,*,*
"Buena Vista City, Virginia(2)",51530,Rural,* ,*, *,* , * , *,3 or fewer,*,*,*,*
"Buffalo County, South Dakota(2)",46017,Rural,* ,*, *,* , * , *,3 or fewer,*,*,*,*
"Bullock County, Alabama(2)",01011,Rural,* ,*, *,* , * , *,3 or fewer,*,*,*,*
"Burke County, North Dakota(2)",38013,Rural,* ,*, *,* , * , *,3 or fewer,*,*,*,*
"Burt County, Nebraska(2)",31021,Rural,* ,*, *,* , * , *,3 or fewer,*,*,*,*
"Butler County, Nebraska(2)",31023,Rural,* ,*, *,* , * , *,3 or fewer,*,*,*,*
"Butte County, Idaho(7)",16023,Urban,* ,*, *,* , * , *,3 or fewer,*,*,*,*
"Caldwell County, Missouri(2)",29025,Urban,* ,*, *,* , * , *,3 or fewer,*,*,*,*
"Caldwell Parish, Louisiana(7)",22021,Rural,* ,*, *,* , * , *,3 or fewer,*,*,*,*
"Calhoun County, Arkansas(2)",05013,Rural,* ,*, *,* , * , *,3 or fewer,*,*,*,*
"Calhoun County, Georgia(7)",13037,Rural,* ,*, *,* , * , *,3 or fewer,*,*,*,*
"Calhoun County, Illinois(7)",17013,Urban,* ,*, *,* , * , *,3 or fewer,*,*,*,*
"Calhoun County, West Virginia(2)",54013,Rural,* ,*, *,* , * , *,3 or fewer,*,*,*,*
"Camas County, Idaho(7)",16025,Rural,* ,*, *,* , * , *,3 or fewer,*,*,*,*
"Camden County, North Carolina(2)",37029,Urban,* ,*, *,* , * , *,3 or fewer,*,*,*,*
"Cameron County, Pennsylvania(2)",42023,Rural,* ,*, *,* , * , *,3 or fewer,*,*,*,*
"Cameron Parish, Louisiana(7)",22023,Urban,* ,*, *,* , * , *,3 or fewer,*,*,*,*
"Campbell County, South Dakota(2)",46021,Rural,* ,*, *,* , * , *,3 or fewer,*,*,*,*
"Caribou County, Idaho(7)",16029,Rural,* ,*, *,* , * , *,3 or fewer,*,*,*,*
"Carlisle County, Kentucky(7)",21039,Urban,* ,*, *,* , * , *,3 or fewer,*,*,*,*
"Carroll County, Kentucky(7)",21041,Rural,* ,*, *,* , * , *,3 or fewer,*,*,*,*
"Carroll County, Mississippi(2)",28015,Rural,* ,*, *,* , * , *,3 or fewer,*,*,*,*
"Carroll County, Missouri(2)",29033,Rural,* ,*, *,* , * , *,3 or fewer,*,*,*,*
"Carson County, Texas(7)",48065,Urban,* ,*, *,* , * , *,3 or fewer,*,*,*,*
"Carter County, Missouri(2)",29035,Rural,* ,*, *,* , * , *,3 or fewer,*,*,*,*
"Carter County, Montana(2)",30011,Rural,* ,*, *,* , * , *,3 or fewer,*,*,*,*
"Castro County, Texas(7)",48069,Rural,* ,*, *,* , * , *,3 or fewer,*,*,*,*
"Catahoula Parish, Louisiana(7)",22025,Rural,* ,*, *,* , * , *,3 or fewer,*,*,*,*
"Catron County, New Mexico(7)",35003,Rural,* ,*, *,* , * , *,3 or fewer,*,*,*,*
"Cavalier County, North Dakota(2)",38019,Rural,* ,*, *,* , * , *,3 or fewer,*,*,*,*
"Cedar County, Nebraska(2)",31027,Rural,* ,*, *,* , * , *,3 or fewer,*,*,*,*
"Charles City County, Virginia(2)",51036,Urban,* ,*, *,* , * , *,3 or fewer,*,*,*,*
"Charles Mix County, South Dakota(2)",46023,Rural,* ,*, *,* , * , *,3 or fewer,*,*,*,*
"Charlotte County, Virginia(2)",51037,Rural,* ,*, *,* , * , *,3 or fewer,*,*,*,*
"Charlton County, Georgia(7)",13049,Rural,* ,*, *,* , * , *,3 or fewer,*,*,*,*
"Chase County, Nebraska(2)",31029,Rural,* ,*, *,* , * , *,3 or fewer,*,*,*,*
"Chattahoochee County, Georgia(7)",13053,Urban,* ,*, *,* , * , *,3 or fewer,*,*,*,*
"Cherry County, Nebraska(2)",31031,Rural,* ,*, *,* , * , *,3 or fewer,*,*,*,*
"Cheyenne County, Colorado(2)",08017,Rural,* ,*, *,* , * , *,3 or fewer,*,*,*,*
"Cheyenne County, Nebraska(2)",31033,Rural,* ,*, *,* , * , *,3 or fewer,*,*,*,*
"Chicot County, Arkansas(2)",05017,Rural,* ,*, *,* , * , *,3 or fewer,*,*,*,*
"Childress County, Texas(7)",48075,Rural,* ,*, *,* , * , *,3 or fewer,*,*,*,*
"Chippewa County, Minnesota(2)",27023,Rural,* ,*, *,* , * , *,3 or fewer,*,*,*,*
"Choctaw County, Alabama(2)",01023,Rural,* ,*, *,* , * , *,3 or fewer,*,*,*,*
"Choctaw County, Mississippi(2)",28019,Rural,* ,*, *,* , * , *,3 or fewer,*,*,*,*
"Chouteau County, Montana(2)",30015,Rural,* ,*, *,* , * , *,3 or fewer,*,*,*,*
"Cibola County, New Mexico(7)",35006,Rural,* ,*, *,* , * , *,3 or fewer,*,*,*,*
"Cimarron County, Oklahoma(2)",40025,Rural,* ,*, *,* , * , *,3 or fewer,*,*,*,*
"Claiborne County, Mississippi(2)",28021,Rural,* ,*, *,* , * , *,3 or fewer,*,*,*,*
"Clark County, Idaho(7)",16033,Rural,* ,*, *,* , * , *,3 or fewer,*,*,*,*
"Clark County, Missouri(2)",29045,Rural,* ,*, *,* , * , *,3 or fewer,*,*,*,*
"Clark County, South Dakota(2)",46025,Rural,* ,*, *,* , * , *,3 or fewer,*,*,*,*
"Clarke County, Iowa(7)",19039,Rural,* ,*, *,* , * , *,3 or fewer,*,*,*,*
"Clay County, Georgia(7)",13061,Rural,* ,*, *,* , * , *,3 or fewer,*,*,*,*
"Clay County, Nebraska(2)",31035,Rural,* ,*, *,* , * , *,3 or fewer,*,*,*,*
"Clay County, Tennessee(2)",47027,Rural,* ,*, *,* , * , *,3 or fewer,*,*,*,*
"Clay County, Texas(7)",48077,Urban,* ,*, *,* , * , *,3 or fewer,*,*,*,*
"Clay County, West Virginia(2)",54015,Urban,* ,*, *,* , * , *,3 or fewer,*,*,*,*
"Clear Creek County, Colorado(2)",08019,Urban,* ,*, *,* , * , *,3 or fewer,*,*,*,*
"Clearwater County, Minnesota(2)",27029,Rural,* ,*, *,* , * , *,3 or fewer,*,*,*,*
"Cleburne County, Alabama(2)",01029,Rural,* ,*, *,* , * , *,3 or fewer,*,*,*,*
"Cleveland County, Arkansas(2)",05025,Rural,* ,*, *,* , * , *,3 or fewer,*,*,*,*
"Clinch County, Georgia(7)",13065,Rural,* ,*, *,* , * , *,3 or fewer,*,*,*,*
"Coal County, Oklahoma(2)",40029,Rural,* ,*, *,* , * , *,3 or fewer,*,*,*,*
"Cochran County, Texas(7)",48079,Urban,* ,*, *,* , * , *,3 or fewer,*,*,*,*
"Coke County, Texas(7)",48081,Rural,* ,*, *,* , * , *,3 or fewer,*,*,*,*
"Colfax County, Nebraska(2)",31037,Rural,* ,*, *,* , * , *,3 or fewer,*,*,*,*
"Collingsworth County, Texas(7)",48087,Rural,* ,*, *,* , * , *,3 or fewer,*,*,*,*
"Columbia County, Washington(2)",53013,Rural,* ,*, *,* , * , *,3 or fewer,*,*,*,*
"Concho County, Texas(7)",48095,Rural,* ,*, *,* , * , *,3 or fewer,*,*,*,*
"Conejos County, Colorado(2)",08021,Rural,* ,*, *,* , * , *,3 or fewer,*,*,*,*
"Cook County, Minnesota(2)",27031,Rural,* ,*, *,* , * , *,3 or fewer,*,*,*,*
"Coosa County, Alabama(2)",01037,Rural,* ,*, *,* , * , *,3 or fewer,*,*,*,*
"Corson County, South Dakota(2)",46031,Rural,* ,*, *,* , * , *,3 or fewer,*,*,*,*
"Costilla County, Colorado(2)",08023,Rural,* ,*, *,* , * , *,3 or fewer,*,*,*,*
"Cottle County, Texas(7)",48101,Rural,* ,*, *,* , * , *,3 or fewer,*,*,*,*
"Cotton County, Oklahoma(2)",40033,Urban,* ,*, *,* , * , *,3 or fewer,*,*,*,*
"Cottonwood County, Minnesota(2)",27033,Rural,* ,*, *,* , * , *,3 or fewer,*,*,*,*
"Covington City, Virginia(2)",51580,Rural,* ,*, *,* , * , *,3 or fewer,*,*,*,*
"Craig County, Virginia(2)",51045,Urban,* ,*, *,* , * , *,3 or fewer,*,*,*,*
"Crane County, Texas(7)",48103,Rural,* ,*, *,* , * , *,3 or fewer,*,*,*,*
"Crawford County, Indiana(2)",18025,Rural,* ,*, *,* , * , *,3 or fewer,*,*,*,*
"Crenshaw County, Alabama(2)",01041,Rural,* ,*, *,* , * , *,3 or fewer,*,*,*,*
"Crittenden County, Kentucky(7)",21055,Rural,* ,*, *,* , * , *,3 or fewer,*,*,*,*
"Crockett County, Texas(7)",48105,Rural,* ,*, *,* , * , *,3 or fewer,*,*,*,*
"Crook County, Wyoming(2)",56011,Rural,* ,*, *,* , * , *,3 or fewer,*,*,*,*
"Crosby County, Texas(7)",48107,Urban,* ,*, *,* , * , *,3 or fewer,*,*,*,*
"Crowley County, Colorado(2)",08025,Rural,* ,*, *,* , * , *,3 or fewer,*,*,*,*
"Culberson County, Texas(7)",48109,Rural,* ,*, *,* , * , *,3 or fewer,*,*,*,*
"Cumberland County, Illinois(7)",17035,Rural,* ,*, *,* , * , *,3 or fewer,*,*,*,*
"Cumberland County, Kentucky(7)",21057,Rural,* ,*, *,* , * , *,3 or fewer,*,*,*,*
"Cumberland County, Virginia(2)",51049,Rural,* ,*, *,* , * , *,3 or fewer,*,*,*,*
"Cuming County, Nebraska(2)",31039,Rural,* ,*, *,* , * , *,3 or fewer,*,*,*,*
"Custer County, Colorado(2)",08027,Rural,* ,*, *,* , * , *,3 or fewer,*,*,*,*
"Custer County, Idaho(7)",16037,Rural,* ,*, *,* , * , *,3 or fewer,*,*,*,*
"Dade County, Missouri(2)",29057,Rural,* ,*, *,* , * , *,3 or fewer,*,*,*,*
"Daggett County, Utah(7)",49009,Rural,* ,*, *,* , * , *,3 or fewer,*,*,*,*
"Dallam County, Texas(7)",48111,Rural,* ,*, *,* , * , *,3 or fewer,*,*,*,*
"Dallas County, Arkansas(2)",05039,Rural,* ,*, *,* , * , *,3 or fewer,*,*,*,*
"Daniels County, Montana(2)",30019,Rural,* ,*, *,* , * , *,3 or fewer,*,*,*,*
"Dawes County, Nebraska(2)",31045,Rural,* ,*, *,* , * , *,3 or fewer,*,*,*,*
"Dawson County, Montana(2)",30021,Rural,* ,*, *,* , * , *,3 or fewer,*,*,*,*
"Dawson County, Texas(7)",48115,Rural,* ,*, *,* , * , *,3 or fewer,*,*,*,*
"DeBaca County, New Mexico(7)",35011,Rural,* ,*, *,* , * , *,3 or fewer,*,*,*,*
"Deaf Smith County, Texas(7)",48117,Rural,* ,*, *,* , * , *,3 or fewer,*,*,*,*
"Decatur County, Iowa(7)",19053,Rural,* ,*, *,* , * , *,3 or fewer,*,*,*,*
"Deer Lodge County, Montana(2)",30023,Rural,* ,*, *,* , * , *,3 or fewer,*,*,*,*
"Delta County, Texas(7)",48119,Rural,* ,*, *,* , * , *,3 or fewer,*,*,*,*
"Denali, Alaska(2)",02068,Rural,* ,*, *,* , * , *,3 or fewer,*,*,*,*
"Desha County, Arkansas(2)",05041,Rural,* ,*, *,* , * , *,3 or fewer,*,*,*,*
"Deuel County, Nebraska(2)",31049,Rural,* ,*, *,* , * , *,3 or fewer,*,*,*,*
"Deuel County, South Dakota(2)",46039,Rural,* ,*, *,* , * , *,3 or fewer,*,*,*,*
"Dewey County, Oklahoma(2)",40043,Rural,* ,*, *,* , * , *,3 or fewer,*,*,*,*
"Dewey County, South Dakota(2)",46041,Rural,* ,*, *,* , * , *,3 or fewer,*,*,*,*
"Dickens County, Texas(7)",48125,Rural,* ,*, *,* , * , *,3 or fewer,*,*,*,*
"Dickenson County, Virginia(2)",51051,Rural,* ,*, *,* , * , *,3 or fewer,*,*,*,*
"Dickey County, North Dakota(2)",38021,Rural,* ,*, *,* , * , *,3 or fewer,*,*,*,*
"Dillingham Census Area, Alaska(2)",02070,Rural,* ,*, *,* , * , *,3 or fewer,*,*,*,*
"Dimmit County, Texas(7)",48127,Rural,* ,*, *,* , * , *,3 or fewer,*,*,*,*
"Divide County, North Dakota(2)",38023,Rural,* ,*, *,* , * , *,3 or fewer,*,*,*,*
"Dixon County, Nebraska(2)",31051,Rural,* ,*, *,* , * , *,3 or fewer,*,*,*,*
"Doddridge County, West Virginia(2)",54017,Rural,* ,*, *,* , * , *,3 or fewer,*,*,*,*
"Dolores County, Colorado(2)",08033,Rural,* ,*, *,* , * , *,3 or fewer,*,*,*,*
"Donley County, Texas(7)",48129,Rural,* ,*, *,* , * , *,3 or fewer,*,*,*,*
"Dooly County, Georgia(7)",13093,Rural,* ,*, *,* , * , *,3 or fewer,*,*,*,*
"Douglas County, Missouri(2)",29067,Rural,* ,*, *,* , * , *,3 or fewer,*,*,*,*
"Douglas County, South Dakota(2)",46043,Rural,* ,*, *,* , * , *,3 or fewer,*,*,*,*
"Dundy County, Nebraska(2)",31057,Rural,* ,*, *,* , * , *,3 or fewer,*,*,*,*
"Dunn County, North Dakota(2)",38025,Rural,* ,*, *,* , * , *,3 or fewer,*,*,*,*
"Duval County, Texas(7)",48131,Rural,* ,*, *,* , * , *,3 or fewer,*,*,*,*
"Early County, Georgia(7)",13099,Rural,* ,*, *,* , * , *,3 or fewer,*,*,*,*
"East Carroll Parish, Louisiana(7)",22035,Rural,* ,*, *,* , * , *,3 or fewer,*,*,*,*
"Echols County, Georgia(7)",13101,Urban,* ,*, *,* , * , *,3 or fewer,*,*,*,*
"Eddy County, North Dakota(2)",38027,Rural,* ,*, *,* , * , *,3 or fewer,*,*,*,*
"Edmunds County, South Dakota(2)",46045,Rural,* ,*, *,* , * , *,3 or fewer,*,*,*,*
"Edwards County, Illinois(7)",17047,Rural,* ,*, *,* , * , *,3 or fewer,*,*,*,*
"Edwards County, Texas(7)",48137,Rural,* ,*, *,* , * , *,3 or fewer,*,*,*,*
"Elliott County, Kentucky(7)",21063,Rural,* ,*, *,* , * , *,3 or fewer,*,*,*,*
"Ellis County, Oklahoma(2)",40045,Rural,* ,*, *,* , * , *,3 or fewer,*,*,*,*
"Emery County, Utah(7)",49015,Rural,* ,*, *,* , * , *,3 or fewer,*,*,*,*
"Emmons County, North Dakota(2)",38029,Rural,* ,*, *,* , * , *,3 or fewer,*,*,*,*
"Emporia City, Virginia(2)",51595,Rural,* ,*, *,* , * , *,3 or fewer,*,*,*,*
"Esmeralda County, Nevada(2)",32009,Rural,* ,*, *,* , * , *,3 or fewer,*,*,*,*
"Eureka County, Nevada(2)",32011,Rural,* ,*, *,* , * , *,3 or fewer,*,*,*,*
"Evans County, Georgia(7)",13109,Rural,* ,*, *,* , * , *,3 or fewer,*,*,*,*
"Fallon County, Montana(2)",30025,Rural,* ,*, *,* , * , *,3 or fewer,*,*,*,*
"Falls Church City, Virginia(2)",51610,Urban,* ,*, *,* , * , *,3 or fewer,*,*,*,*
"Falls County, Texas(7)",48145,Urban,* ,*, *,* , * , *,3 or fewer,*,*,*,*
"Faulk County, South Dakota(2)",46049,Rural,* ,*, *,* , * , *,3 or fewer,*,*,*,*
"Ferry County, Washington(2)",53019,Rural,* ,*, *,* , * , *,3 or fewer,*,*,*,*
"Fillmore County, Nebraska(2)",31059,Rural,* ,*, *,* , * , *,3 or fewer,*,*,*,*
"Fisher County, Texas(7)",48151,Rural,* ,*, *,* , * , *,3 or fewer,*,*,*,*
"Florence County, Wisconsin(2)",55037,Rural,* ,*, *,* , * , *,3 or fewer,*,*,*,*
"Floyd County, Texas(7)",48153,Rural,* ,*, *,* , * , *,3 or fewer,*,*,*,*
"Foard County, Texas(7)",48155,Rural,* ,*, *,* , * , *,3 or fewer,*,*,*,*
"Forest County, Pennsylvania(2)",42053,Rural,* ,*, *,* , * , *,3 or fewer,*,*,*,*
"Forest County, Wisconsin(2)",55041,Rural,* ,*, *,* , * , *,3 or fewer,*,*,*,*
"Foster County, North Dakota(2)",38031,Rural,* ,*, *,* , * , *,3 or fewer,*,*,*,*
"Franklin City, Virginia(2)",51620,Rural,* ,*, *,* , * , *,3 or fewer,*,*,*,*
"Franklin County, Florida(2)",12037,Rural,* ,*, *,* , * , *,3 or fewer,*,*,*,*
"Franklin County, Mississippi(2)",28037,Rural,* ,*, *,* , * , *,3 or fewer,*,*,*,*
"Franklin County, Nebraska(2)",31061,Rural,* ,*, *,* , * , *,3 or fewer,*,*,*,*
"Fremont County, Idaho(7)",16043,Rural,* ,*, *,* , * , *,3 or fewer,*,*,*,*
"Fremont County, Iowa(7)",19071,Rural,* ,*, *,* , * , *,3 or fewer,*,*,*,*
"Frio County, Texas(7)",48163,Rural,* ,*, *,* , * , *,3 or fewer,*,*,*,*
"Frontier County, Nebraska(2)",31063,Rural,* ,*, *,* , * , *,3 or fewer,*,*,*,*
"Fulton County, Kentucky(7)",21075,Rural,* ,*, *,* , * , *,3 or fewer,*,*,*,*
"Furnas County, Nebraska(2)",31065,Rural,* ,*, *,* , * , *,3 or fewer,*,*,*,*
"Gaines County, Texas(7)",48165,Rural,* ,*, *,* , * , *,3 or fewer,*,*,*,*
"Galax City, Virginia(2)",51640,Rural,* ,*, *,* , * , *,3 or fewer,*,*,*,*
"Gallatin County, Illinois(7)",17059,Rural,* ,*, *,* , * , *,3 or fewer,*,*,*,*
"Gallatin County, Kentucky(7)",21077,Urban,* ,*, *,* , * , *,3 or fewer,*,*,*,*
"Garden County, Nebraska(2)",31069,Rural,* ,*, *,* , * , *,3 or fewer,*,*,*,*
"Garfield County, Montana(2)",30033,Rural,* ,*, *,* , * , *,3 or fewer,*,*,*,*
"Garfield County, Nebraska(2)",31071,Rural,* ,*, *,* , * , *,3 or fewer,*,*,*,*
"Garfield County, Utah(7)",49017,Rural,* ,*, *,* , * , *,3 or fewer,*,*,*,*
"Garfield County, Washington(2)",53023,Rural,* ,*, *,* , * , *,3 or fewer,*,*,*,*
"Garza County, Texas(7)",48169,Urban,* ,*, *,* , * , *,3 or fewer,*,*,*,*
"Gates County, North Carolina(2)",37073,Urban,* ,*, *,* , * , *,3 or fewer,*,*,*,*
"Gentry County, Missouri(2)",29075,Rural,* ,*, *,* , * , *,3 or fewer,*,*,*,*
"Gilliam County, Oregon(2)",41021,Rural,* ,*, *,* , * , *,3 or fewer,*,*,*,*
"Gilmer County, West Virginia(2)",54021,Rural,* ,*, *,* , * , *,3 or fewer,*,*,*,*
"Gilpin County, Colorado(2)",08047,Urban,* ,*, *,* , * , *,3 or fewer,*,*,*,*
"Glacier County, Montana(2)",30035,Rural,* ,*, *,* , * , *,3 or fewer,*,*,*,*
"Glascock County, Georgia(7)",13125,Rural,* ,*, *,* , * , *,3 or fewer,*,*,*,*
"Glasscock County, Texas(7)",48173,Rural,* ,*, *,* , * , *,3 or fewer,*,*,*,*
"Golden Valley County, Montana(2)",30037,Rural,* ,*, *,* , * , *,3 or fewer,*,*,*,*
"Golden Valley County, North Dakota(2)",38033,Rural,* ,*, *,* , * , *,3 or fewer,*,*,*,*
"Goliad County, Texas(7)",48175,Urban,* ,*, *,* , * , *,3 or fewer,*,*,*,*
"Gooding County, Idaho(7)",16047,Rural,* ,*, *,* , * , *,3 or fewer,*,*,*,*
"Gosper County, Nebraska(2)",31073,Rural,* ,*, *,* , * , *,3 or fewer,*,*,*,*
"Grand County, Utah(7)",49019,Rural,* ,*, *,* , * , *,3 or fewer,*,*,*,*
"Granite County, Montana(2)",30039,Rural,* ,*, *,* , * , *,3 or fewer,*,*,*,*
"Grant County, Minnesota(2)",27051,Rural,* ,*, *,* , * , *,3 or fewer,*,*,*,*
"Grant County, Nebraska(2)",31075,Rural,* ,*, *,* , * , *,3 or fewer,*,*,*,*
"Grant County, North Dakota(2)",38037,Rural,* ,*, *,* , * , *,3 or fewer,*,*,*,*
"Grant County, Oklahoma(2)",40053,Rural,* ,*, *,* , * , *,3 or fewer,*,*,*,*
"Gray County, Texas(7)",48179,Rural,* ,*, *,* , * , *,3 or fewer,*,*,*,*
"Greeley County, Nebraska(2)",31077,Rural,* ,*, *,* , * , *,3 or fewer,*,*,*,*
"Green County, Kentucky(7)",21087,Rural,* ,*, *,* , * , *,3 or fewer,*,*,*,*
"Greene County, Alabama(2)",01063,Urban,* ,*, *,* , * , *,3 or fewer,*,*,*,*
"Greene County, Iowa(7)",19073,Rural,* ,*, *,* , * , *,3 or fewer,*,*,*,*
"Greenlee County, Arizona(2)",04011,Rural,* ,*, *,* , * , *,3 or fewer,*,*,*,*
"Greensville County, Virginia(2)",51081,Rural,* ,*, *,* , * , *,3 or fewer,*,*,*,*
"Greer County, Oklahoma(2)",40055,Rural,* ,*, *,* , * , *,3 or fewer,*,*,*,*
"Gregory County, South Dakota(2)",46053,Rural,* ,*, *,* , * , *,3 or fewer,*,*,*,*
"Griggs County, North Dakota(2)",38039,Rural,* ,*, *,* , * , *,3 or fewer,*,*,*,*
"Grundy County, Missouri(2)",29079,Rural,* ,*, *,* , * , *,3 or fewer,*,*,*,*
"Grundy County, Tennessee(2)",47061,Rural,* ,*, *,* , * , *,3 or fewer,*,*,*,*
"Guadalupe County, New Mexico(7)",35019,Rural,* ,*, *,* , * , *,3 or fewer,*,*,*,*
"Guthrie County, Iowa(7)",19077,Urban,* ,*, *,* , * , *,3 or fewer,*,*,*,*
"Haakon County, South Dakota(2)",46055,Rural,* ,*, *,* , * , *,3 or fewer,*,*,*,*
"Haines Borough, Alaska(2)",02100,Rural,* ,*, *,* , * , *,3 or fewer,*,*,*,*
"Hale County, Alabama(2)",01065,Urban,* ,*, *,* , * , *,3 or fewer,*,*,*,*
"Hall County, Texas(7)",48191,Rural,* ,*, *,* , * , *,3 or fewer,*,*,*,*
"Hamilton County, Illinois(7)",17065,Rural,* ,*, *,* , * , *,3 or fewer,*,*,*,*
"Hamilton County, Nebraska(2)",31081,Rural,* ,*, *,* , * , *,3 or fewer,*,*,*,*
"Hamilton County, Texas(7)",48193,Rural,* ,*, *,* , * , *,3 or fewer,*,*,*,*
"Hamlin County, South Dakota(2)",46057,Rural,* ,*, *,* , * , *,3 or fewer,*,*,*,*
"Hancock County, Georgia(7)",13141,Rural,* ,*, *,* , * , *,3 or fewer,*,*,*,*
"Hancock County, Iowa(7)",19081,Rural,* ,*, *,* , * , *,3 or fewer,*,*,*,*
"Hancock County, Tennessee(2)",47067,Rural,* ,*, *,* , * , *,3 or fewer,*,*,*,*
"Hand County, South Dakota(2)",46059,Rural,* ,*, *,* , * , *,3 or fewer,*,*,*,*
"Hansford County, Texas(7)",48195,Rural,* ,*, *,* , * , *,3 or fewer,*,*,*,*
"Hanson County, South Dakota(2)",46061,Rural,* ,*, *,* , * , *,3 or fewer,*,*,*,*
"Hardeman County, Texas(7)",48197,Rural,* ,*, *,* , * , *,3 or fewer,*,*,*,*
"Hardin County, Illinois(7)",17069,Rural,* ,*, *,* , * , *,3 or fewer,*,*,*,*
"Harding County, New Mexico(7)",35021,Rural,* ,*, *,* , * , *,3 or fewer,*,*,*,*
"Harding County, South Dakota(2)",46063,Rural,* ,*, *,* , * , *,3 or fewer,*,*,*,*
"Harlan County, Nebraska(2)",31083,Rural,* ,*, *,* , * , *,3 or fewer,*,*,*,*
"Harmon County, Oklahoma(2)",40057,Rural,* ,*, *,* , * , *,3 or fewer,*,*,*,*
"Harney County, Oregon(2)",41025,Rural,* ,*, *,* , * , *,3 or fewer,*,*,*,*
"Harper County, Oklahoma(2)",40059,Rural,* ,*, *,* , * , *,3 or fewer,*,*,*,*
"Hartley County, Texas(7)",48205,Rural,* ,*, *,* , * , *,3 or fewer,*,*,*,*
"Haskell County, Oklahoma(2)",40061,Rural,* ,*, *,* , * , *,3 or fewer,*,*,*,*
"Haskell County, Texas(7)",48207,Rural,* ,*, *,* , * , *,3 or fewer,*,*,*,*
"Hayes County, Nebraska(2)",31085,Rural,* ,*, *,* , * , *,3 or fewer,*,*,*,*
"Hemphill County, Texas(7)",48211,Rural,* ,*, *,* , * , *,3 or fewer,*,*,*,*
"Hettinger County, North Dakota(2)",38041,Rural,* ,*, *,* , * , *,3 or fewer,*,*,*,*
"Hickman County, Kentucky(7)",21105,Rural,* ,*, *,* , * , *,3 or fewer,*,*,*,*
"Hickory County, Missouri(2)",29085,Rural,* ,*, *,* , * , *,3 or fewer,*,*,*,*
"Hidalgo County, New Mexico(7)",35023,Rural,* ,*, *,* , * , *,3 or fewer,*,*,*,*
"Highland County, Virginia(2)",51091,Rural,* ,*, *,* , * , *,3 or fewer,*,*,*,*
"Hinsdale County, Colorado(2)",08053,Rural,* ,*, *,* , * , *,3 or fewer,*,*,*,*
"Hitchcock County, Nebraska(2)",31087,Rural,* ,*, *,* , * , *,3 or fewer,*,*,*,*
"Holmes County, Florida(2)",12059,Rural,* ,*, *,* , * , *,3 or fewer,*,*,*,*
"Holmes County, Mississippi(2)",28051,Urban,* ,*, *,* , * , *,3 or fewer,*,*,*,*
"Holt County, Missouri(2)",29087,Rural,* ,*, *,* , * , *,3 or fewer,*,*,*,*
"Holt County, Nebraska(2)",31089,Rural,* ,*, *,* , * , *,3 or fewer,*,*,*,*
"Hooker County, Nebraska(2)",31091,Rural,* ,*, *,* , * , *,3 or fewer,*,*,*,*
"Hoonah-Angoon Census Area, Alaska(2)",02105,Rural,* ,*, *,* , * , *,3 or fewer,*,*,*,*
"Hot Springs County, Wyoming(2)",56017,Rural,* ,*, *,* , * , *,3 or fewer,*,*,*,*
"Houston County, Tennessee(2)",47083,Rural,* ,*, *,* , * , *,3 or fewer,*,*,*,*
"Howard County, Arkansas(2)",05061,Rural,* ,*, *,* , * , *,3 or fewer,*,*,*,*
"Howard County, Missouri(2)",29089,Urban,* ,*, *,* , * , *,3 or fewer,*,*,*,*
"Howard County, Nebraska(2)",31093,Urban,* ,*, *,* , * , *,3 or fewer,*,*,*,*
"Hudspeth County, Texas(7)",48229,Urban,* ,*, *,* , * , *,3 or fewer,*,*,*,*
"Humboldt County, Iowa(7)",19091,Rural,* ,*, *,* , * , *,3 or fewer,*,*,*,*
"Humboldt County, Nevada(2)",32013,Rural,* ,*, *,* , * , *,3 or fewer,*,*,*,*
"Humphreys County, Mississippi(2)",28053,Rural,* ,*, *,* , * , *,3 or fewer,*,*,*,*
"Hutchinson County, South Dakota(2)",46067,Rural,* ,*, *,* , * , *,3 or fewer,*,*,*,*
"Hyde County, North Carolina(2)",37095,Rural,* ,*, *,* , * , *,3 or fewer,*,*,*,*
"Hyde County, South Dakota(2)",46069,Rural,* ,*, *,* , * , *,3 or fewer,*,*,*,*
"Ida County, Iowa(7)",19093,Rural,* ,*, *,* , * , *,3 or fewer,*,*,*,*
"Irion County, Texas(7)",48235,Urban,* ,*, *,* , * , *,3 or fewer,*,*,*,*
"Iron County, Wisconsin(2)",55051,Rural,* ,*, *,* , * , *,3 or fewer,*,*,*,*
"Issaquena County, Mississippi(2)",28055,Rural,* ,*, *,* , * , *,3 or fewer,*,*,*,*
"Jack County, Texas(7)",48237,Rural,* ,*, *,* , * , *,3 or fewer,*,*,*,*
"Jackson County, Colorado(2)",08057,Rural,* ,*, *,* , * , *,3 or fewer,*,*,*,*
"Jackson County, Kentucky(7)",21109,Rural,* ,*, *,* , * , *,3 or fewer,*,*,*,*
"Jackson County, South Dakota(2)",46071,Rural,* ,*, *,* , * , *,3 or fewer,*,*,*,*
"Jackson County, Tennessee(2)",47087,Rural,* ,*, *,* , * , *,3 or fewer,*,*,*,*
"Jeff Davis County, Georgia(7)",13161,Rural,* ,*, *,* , * , *,3 or fewer,*,*,*,*
"Jeff Davis County, Texas(7)",48243,Rural,* ,*, *,* , * , *,3 or fewer,*,*,*,*
"Jefferson County, Mississippi(2)",28063,Rural,* ,*, *,* , * , *,3 or fewer,*,*,*,*
"Jefferson County, Nebraska(2)",31095,Rural,* ,*, *,* , * , *,3 or fewer,*,*,*,*
"Jefferson County, Oklahoma(2)",40067,Rural,* ,*, *,* , * , *,3 or fewer,*,*,*,*
"Jefferson Davis County, Mississippi(2)",28065,Rural,* ,*, *,* , * , *,3 or fewer,*,*,*,*
"Jenkins County, Georgia(7)",13165,Rural,* ,*, *,* , * , *,3 or fewer,*,*,*,*
"Jerauld County, South Dakota(2)",46073,Rural,* ,*, *,* , * , *,3 or fewer,*,*,*,*
"Jim Hogg County, Texas(7)",48247,Rural,* ,*, *,* , * , *,3 or fewer,*,*,*,*
"Johnson County, Georgia(7)",13167,Rural,* ,*, *,* , * , *,3 or fewer,*,*,*,*
"Johnson County, Nebraska(2)",31097,Rural,* ,*, *,* , * , *,3 or fewer,*,*,*,*
"Johnson County, Wyoming(2)",56019,Rural,* ,*, *,* , * , *,3 or fewer,*,*,*,*
"Johnston County, Oklahoma(2)",40069,Rural,* ,*, *,* , * , *,3 or fewer,*,*,*,*
"Jones County, South Dakota(2)",46075,Rural,* ,*, *,* , * , *,3 or fewer,*,*,*,*
"Juab County, Utah(7)",49023,Urban,* ,*, *,* , * , *,3 or fewer,*,*,*,*
"Judith Basin County, Montana(2)",30045,Rural,* ,*, *,* , * , *,3 or fewer,*,*,*,*
"Kalawao County, Hawaii(7)",15005,Urban,* ,*, *,* , * , *,3 or fewer,*,*,*,*
"Kane County, Utah(7)",49025,Rural,* ,*, *,* , * , *,3 or fewer,*,*,*,*
"Karnes County, Texas(7)",48255,Rural,* ,*, *,* , * , *,3 or fewer,*,*,*,*
"Kearney County, Nebraska(2)",31099,Rural,* ,*, *,* , * , *,3 or fewer,*,*,*,*
"Kemper County, Mississippi(2)",28069,Rural,* ,*, *,* , * , *,3 or fewer,*,*,*,*
"Kenedy County, Texas(7)",48261,Rural,* ,*, *,* , * , *,3 or fewer,*,*,*,*
"Kent County, Texas(7)",48263,Rural,* ,*, *,* , * , *,3 or fewer,*,*,*,*
"Keweenaw County, Michigan(2)",26083,Rural,* ,*, *,* , * , *,3 or fewer,*,*,*,*
"Keya Paha County, Nebraska(2)",31103,Rural,* ,*, *,* , * , *,3 or fewer,*,*,*,*
"Kidder County, North Dakota(2)",38043,Rural,* ,*, *,* , * , *,3 or fewer,*,*,*,*
"Kimball County, Nebraska(2)",31105,Rural,* ,*, *,* , * , *,3 or fewer,*,*,*,*
"Kimble County, Texas(7)",48267,Rural,* ,*, *,* , * , *,3 or fewer,*,*,*,*
"King County, Texas(7)",48269,Rural,* ,*, *,* , * , *,3 or fewer,*,*,*,*
"King and Queen County, Virginia(2)",51097,Urban,* ,*, *,* , * , *,3 or fewer,*,*,*,*
"Kingsbury County, South Dakota(2)",46077,Rural,* ,*, *,* , * , *,3 or fewer,*,*,*,*
"Kinney County, Texas(7)",48271,Rural,* ,*, *,* , * , *,3 or fewer,*,*,*,*
"Kiowa County, Colorado(2)",08061,Rural,* ,*, *,* , * , *,3 or fewer,*,*,*,*
"Kiowa County, Oklahoma(2)",40075,Rural,* ,*, *,* , * , *,3 or fewer,*,*,*,*
"Kit Carson County, Colorado(2)",08063,Rural,* ,*, *,* , * , *,3 or fewer,*,*,*,*
"Kittson County, Minnesota(2)",27069,Rural,* ,*, *,* , * , *,3 or fewer,*,*,*,*
"Knox County, Missouri(2)",29103,Rural,* ,*, *,* , * , *,3 or fewer,*,*,*,*
"Knox County, Nebraska(2)",31107,Rural,* ,*, *,* , * , *,3 or fewer,*,*,*,*
"Knox County, Texas(7)",48275,Rural,* ,*, *,* , * , *,3 or fewer,*,*,*,*
"Kodiak Island Borough, Alaska(2)",02150,Rural,* ,*, *,* , * , *,3 or fewer,*,*,*,*
"Kusilvak Census Area, Alaska(2)",02158,Rural,* ,*, *,* , * , *,3 or fewer,*,*,*,*
"La Salle County, Texas(7)",48283,Rural,* ,*, *,* , * , *,3 or fewer,*,*,*,*
"LaMoure County, North Dakota(2)",38045,Rural,* ,*, *,* , * , *,3 or fewer,*,*,*,*
"Lac qui Parle County, Minnesota(2)",27073,Rural,* ,*, *,* , * , *,3 or fewer,*,*,*,*
"Lafayette County, Arkansas(2)",05073,Rural,* ,*, *,* , * , *,3 or fewer,*,*,*,*
"Lafayette County, Florida(2)",12067,Rural,* ,*, *,* , * , *,3 or fewer,*,*,*,*
"Lake County, Colorado(2)",08065,Rural,* ,*, *,* , * , *,3 or fewer,*,*,*,*
"Lake County, Oregon(2)",41037,Rural,* ,*, *,* , * , *,3 or fewer,*,*,*,*
"Lake County, South Dakota(2)",46079,Rural,* ,*, *,* , * , *,3 or fewer,*,*,*,*
"Lake County, Tennessee(2)",47095,Rural,* ,*, *,* , * , *,3 or fewer,*,*,*,*
"Lake and Peninsula Borough, Alaska(2)",02164,Rural,* ,*, *,* , * , *,3 or fewer,*,*,*,*
"Lake of the Woods County, Minnesota(2)",27077,Rural,* ,*, *,* , * , *,3 or fewer,*,*,*,*
"Lander County, Nevada(2)",32015,Rural,* ,*, *,* , * , *,3 or fewer,*,*,*,*
"Lanier County, Georgia(7)",13173,Urban,* ,*, *,* , * , *,3 or fewer,*,*,*,*
"Latimer County, Oklahoma(2)",40077,Rural,* ,*, *,* , * , *,3 or fewer,*,*,*,*
"Lawrence County, Mississippi(2)",28077,Rural,* ,*, *,* , * , *,3 or fewer,*,*,*,*
"Lee County, Arkansas(2)",05077,Rural,* ,*, *,* , * , *,3 or fewer,*,*,*,*
"Lee County, Kentucky(7)",21129,Rural,* ,*, *,* , * , *,3 or fewer,*,*,*,*
"Lee County, South Carolina(2)",45061,Rural,* ,*, *,* , * , *,3 or fewer,*,*,*,*
"Leflore County, Mississippi(2)",28083,Rural,* ,*, *,* , * , *,3 or fewer,*,*,*,*
"Lewis County, Idaho(7)",16061,Rural,* ,*, *,* , * , *,3 or fewer,*,*,*,*
"Lewis County, Missouri(2)",29111,Rural,* ,*, *,* , * , *,3 or fewer,*,*,*,*
"Lexington City, Virginia(2)",51678,Rural,* ,*, *,* , * , *,3 or fewer,*,*,*,*
"Liberty County, Florida(2)",12077,Rural,* ,*, *,* , * , *,3 or fewer,*,*,*,*
"Liberty County, Montana(2)",30051,Rural,* ,*, *,* , * , *,3 or fewer,*,*,*,*
"Lincoln County, Colorado(2)",08073,Rural,* ,*, *,* , * , *,3 or fewer,*,*,*,*
"Lincoln County, Georgia(7)",13181,Urban,* ,*, *,* , * , *,3 or fewer,*,*,*,*
"Lincoln County, Idaho(7)",16063,Rural,* ,*, *,* , * , *,3 or fewer,*,*,*,*
"Lincoln County, Minnesota(2)",27081,Rural,* ,*, *,* , * , *,3 or fewer,*,*,*,*
"Lincoln County, Nevada(2)",32017,Rural,* ,*, *,* , * , *,3 or fewer,*,*,*,*
"Lipscomb County, Texas(7)",48295,Rural,* ,*, *,* , * , *,3 or fewer,*,*,*,*
"Little River County, Arkansas(2)",05081,Urban,* ,*, *,* , * , *,3 or fewer,*,*,*,*
"Live Oak County, Texas(7)",48297,Rural,* ,*, *,* , * , *,3 or fewer,*,*,*,*
"Logan County, Nebraska(2)",31113,Rural,* ,*, *,* , * , *,3 or fewer,*,*,*,*
"Logan County, North Dakota(2)",38047,Rural,* ,*, *,* , * , *,3 or fewer,*,*,*,*
"Long County, Georgia(7)",13183,Urban,* ,*, *,* , * , *,3 or fewer,*,*,*,*
"Loup County, Nebraska(2)",31115,Rural,* ,*, *,* , * , *,3 or fewer,*,*,*,*
"Love County, Oklahoma(2)",40085,Rural,* ,*, *,* , * , *,3 or fewer,*,*,*,*
"Loving County, Texas(7)",48301,Rural,* ,*, *,* , * , *,3 or fewer,*,*,*,*
"Lowndes County, Alabama(2)",01085,Urban,* ,*, *,* , * , *,3 or fewer,*,*,*,*
"Lucas County, Iowa(7)",19117,Rural,* ,*, *,* , * , *,3 or fewer,*,*,*,*
"Luce County, Michigan(2)",26095,Rural,* ,*, *,* , * , *,3 or fewer,*,*,*,*
"Lyman County, South Dakota(2)",46085,Rural,* ,*, *,* , * , *,3 or fewer,*,*,*,*
"Lynn County, Texas(7)",48305,Urban,* ,*, *,* , * , *,3 or fewer,*,*,*,*
"Macon County, Alabama(2)",01087,Urban,* ,*, *,* , * , *,3 or fewer,*,*,*,*
"Macon County, Georgia(7)",13193,Rural,* ,*, *,* , * , *,3 or fewer,*,*,*,*
"Madison County, Florida(2)",12079,Rural,* ,*, *,* , * , *,3 or fewer,*,*,*,*
"Madison County, Idaho(7)",16065,Rural,* ,*, *,* , * , *,3 or fewer,*,*,*,*
"Madison County, Texas(7)",48313,Rural,* ,*, *,* , * , *,3 or fewer,*,*,*,*
"Madison County, Virginia(2)",51113,Rural,* ,*, *,* , * , *,3 or fewer,*,*,*,*
"Madison Parish, Louisiana(7)",22065,Rural,* ,*, *,* , * , *,3 or fewer,*,*,*,*
"Magoffin County, Kentucky(7)",21153,Rural,* ,*, *,* , * , *,3 or fewer,*,*,*,*
"Mahnomen County, Minnesota(2)",27087,Rural,* ,*, *,* , * , *,3 or fewer,*,*,*,*
"Major County, Oklahoma(2)",40093,Rural,* ,*, *,* , * , *,3 or fewer,*,*,*,*
"Manassas Park City, Virginia(2)",51685,Urban,* ,*, *,* , * , *,3 or fewer,*,*,*,*
"Maries County, Missouri(2)",29125,Rural,* ,*, *,* , * , *,3 or fewer,*,*,*,*
"Marion County, Georgia(7)",13197,Urban,* ,*, *,* , * , *,3 or fewer,*,*,*,*
"Marshall County, Illinois(7)",17123,Urban,* ,*, *,* , * , *,3 or fewer,*,*,*,*
"Marshall County, Minnesota(2)",27089,Rural,* ,*, *,* , * , *,3 or fewer,*,*,*,*
"Marshall County, South Dakota(2)",46091,Rural,* ,*, *,* , * , *,3 or fewer,*,*,*,*
"Martin County, Indiana(2)",18101,Rural,* ,*, *,* , * , *,3 or fewer,*,*,*,*
"Martin County, Kentucky(7)",21159,Rural,* ,*, *,* , * , *,3 or fewer,*,*,*,*
"Martin County, Texas(7)",48317,Urban,* ,*, *,* , * , *,3 or fewer,*,*,*,*
"Mason County, Texas(7)",48319,Rural,* ,*, *,* , * , *,3 or fewer,*,*,*,*
"McCone County, Montana(2)",30055,Rural,* ,*, *,* , * , *,3 or fewer,*,*,*,*
"McCook County, South Dakota(2)",46087,Urban,* ,*, *,* , * , *,3 or fewer,*,*,*,*
"McCulloch County, Texas(7)",48307,Rural,* ,*, *,* , * , *,3 or fewer,*,*,*,*
"McHenry County, North Dakota(2)",38049,Urban,* ,*, *,* , * , *,3 or fewer,*,*,*,*
"McIntosh County, North Dakota(2)",38051,Rural,* ,*, *,* , * , *,3 or fewer,*,*,*,*
"McKenzie County, North Dakota(2)",38053,Rural,* ,*, *,* , * , *,3 or fewer,*,*,*,*
"McMullen County, Texas(7)",48311,Rural,* ,*, *,* , * , *,3 or fewer,*,*,*,*
"McPherson County, Nebraska(2)",31117,Rural,* ,*, *,* , * , *,3 or fewer,*,*,*,*
"McPherson County, South Dakota(2)",46089,Rural,* ,*, *,* , * , *,3 or fewer,*,*,*,*
"Meagher County, Montana(2)",30059,Rural,* ,*, *,* , * , *,3 or fewer,*,*,*,*
"Mellette County, South Dakota(2)",46095,Rural,* ,*, *,* , * , *,3 or fewer,*,*,*,*
"Menard County, Texas(7)",48327,Rural,* ,*, *,* , * , *,3 or fewer,*,*,*,*
"Menifee County, Kentucky(7)",21165,Rural,* ,*, *,* , * , *,3 or fewer,*,*,*,*
"Menominee County, Wisconsin(2)",55078,Rural,* ,*, *,* , * , *,3 or fewer,*,*,*,*
"Mercer County, Missouri(2)",29129,Rural,* ,*, *,* , * , *,3 or fewer,*,*,*,*
"Mercer County, North Dakota(2)",38057,Rural,* ,*, *,* , * , *,3 or fewer,*,*,*,*
"Merrick County, Nebraska(2)",31121,Urban,* ,*, *,* , * , *,3 or fewer,*,*,*,*
"Millard County, Utah(7)",49027,Rural,* ,*, *,* , * , *,3 or fewer,*,*,*,*
"Miller County, Georgia(7)",13201,Rural,* ,*, *,* , * , *,3 or fewer,*,*,*,*
"Mills County, Texas(7)",48333,Rural,* ,*, *,* , * , *,3 or fewer,*,*,*,*
"Miner County, South Dakota(2)",46097,Rural,* ,*, *,* , * , *,3 or fewer,*,*,*,*
"Mineral County, Colorado(2)",08079,Rural,* ,*, *,* , * , *,3 or fewer,*,*,*,*
"Mineral County, Montana(2)",30061,Urban,* ,*, *,* , * , *,3 or fewer,*,*,*,*
"Mineral County, Nevada(2)",32021,Rural,* ,*, *,* , * , *,3 or fewer,*,*,*,*
"Mitchell County, Iowa(7)",19131,Rural,* ,*, *,* , * , *,3 or fewer,*,*,*,*
"Mitchell County, Texas(7)",48335,Rural,* ,*, *,* , * , *,3 or fewer,*,*,*,*
"Modoc County, California(7)",06049,Rural,* ,*, *,* , * , *,3 or fewer,*,*,*,*
"Moffat County, Colorado(2)",08081,Rural,* ,*, *,* , * , *,3 or fewer,*,*,*,*
"Mono County, California(7)",06051,Rural,* ,*, *,* , * , *,3 or fewer,*,*,*,*
"Monroe County, Iowa(7)",19135,Rural,* ,*, *,* , * , *,3 or fewer,*,*,*,*
"Montgomery County, Arkansas(2)",05097,Rural,* ,*, *,* , * , *,3 or fewer,*,*,*,*
"Montgomery County, Georgia(7)",13209,Rural,* ,*, *,* , * , *,3 or fewer,*,*,*,*
"Montgomery County, Iowa(7)",19137,Rural,* ,*, *,* , * , *,3 or fewer,*,*,*,*
"Montgomery County, Mississippi(2)",28097,Rural,* ,*, *,* , * , *,3 or fewer,*,*,*,*
"Moody County, South Dakota(2)",46101,Rural,* ,*, *,* , * , *,3 or fewer,*,*,*,*
"Moore County, Tennessee(2)",47127,Rural,* ,*, *,* , * , *,3 or fewer,*,*,*,*
"Moore County, Texas(7)",48341,Rural,* ,*, *,* , * , *,3 or fewer,*,*,*,*
"Mora County, New Mexico(7)",35033,Rural,* ,*, *,* , * , *,3 or fewer,*,*,*,*
"Morgan County, Utah(7)",49029,Urban,* ,*, *,* , * , *,3 or fewer,*,*,*,*
"Morrill County, Nebraska(2)",31123,Rural,* ,*, *,* , * , *,3 or fewer,*,*,*,*
"Morris County, Texas(7)",48343,Rural,* ,*, *,* , * , *,3 or fewer,*,*,*,*
"Morrow County, Oregon(2)",41049,Rural,* ,*, *,* , * , *,3 or fewer,*,*,*,*
"Motley County, Texas(7)",48345,Rural,* ,*, *,* , * , *,3 or fewer,*,*,*,*
"Mountrail County, North Dakota(2)",38061,Rural,* ,*, *,* , * , *,3 or fewer,*,*,*,*
"Murray County, Oklahoma(2)",40099,Rural,* ,*, *,* , * , *,3 or fewer,*,*,*,*
"Musselshell County, Montana(2)",30065,Rural,* ,*, *,* , * , *,3 or fewer,*,*,*,*
"Nance County, Nebraska(2)",31125,Rural,* ,*, *,* , * , *,3 or fewer,*,*,*,*
"Nantucket County, Massachusetts(2)",25019,Rural,* ,*, *,* , * , *,3 or fewer,*,*,*,*
"Nelson County, North Dakota(2)",38063,Rural,* ,*, *,* , * , *,3 or fewer,*,*,*,*
"Nevada County, Arkansas(2)",05099,Rural,* ,*, *,* , * , *,3 or fewer,*,*,*,*
"Newton County, Arkansas(2)",05101,Rural,* ,*, *,* , * , *,3 or fewer,*,*,*,*
"Nicholas County, Kentucky(7)",21181,Rural,* ,*, *,* , * , *,3 or fewer,*,*,*,*
"Niobrara County, Wyoming(2)",56027,Rural,* ,*, *,* , * , *,3 or fewer,*,*,*,*
"Noble County, Oklahoma(2)",40103,Rural,* ,*, *,* , * , *,3 or fewer,*,*,*,*
"Nome Census Area, Alaska(2)",02180,Rural,* ,*, *,* , * , *,3 or fewer,*,*,*,*
"Norman County, Minnesota(2)",27107,Rural,* ,*, *,* , * , *,3 or fewer,*,*,*,*
"North Slope Borough, Alaska(2)",02185,Rural,* ,*, *,* , * , *,3 or fewer,*,*,*,*
"Northwest Arctic Borough, Alaska(2)",02188,Rural,* ,*, *,* , * , *,3 or fewer,*,*,*,*
"Norton City, Virginia(2)",51720,Rural,* ,*, *,* , * , *,3 or fewer,*,*,*,*
"Nowata County, Oklahoma(2)",40105,Rural,* ,*, *,* , * , *,3 or fewer,*,*,*,*
"Noxubee County, Mississippi(2)",28103,Rural,* ,*, *,* , * , *,3 or fewer,*,*,*,*
"Nuckolls County, Nebraska(2)",31129,Rural,* ,*, *,* , * , *,3 or fewer,*,*,*,*
"Ochiltree County, Texas(7)",48357,Rural,* ,*, *,* , * , *,3 or fewer,*,*,*,*
"Oglala Lakota, South Dakota(2)",46102,Rural,* ,*, *,* , * , *,3 or fewer,*,*,*,*
"Okfuskee County, Oklahoma(2)",40107,Rural,* ,*, *,* , * , *,3 or fewer,*,*,*,*
"Oldham County, Texas(7)",48359,Urban,* ,*, *,* , * , *,3 or fewer,*,*,*,*
"Oliver County, North Dakota(2)",38065,Urban,* ,*, *,* , * , *,3 or fewer,*,*,*,*
"Oneida County, Idaho(7)",16071,Rural,* ,*, *,* , * , *,3 or fewer,*,*,*,*
"Ontonagon County, Michigan(2)",26131,Rural,* ,*, *,* , * , *,3 or fewer,*,*,*,*
"Oregon County, Missouri(2)",29149,Rural,* ,*, *,* , * , *,3 or fewer,*,*,*,*
"Osceola County, Iowa(7)",19143,Rural,* ,*, *,* , * , *,3 or fewer,*,*,*,*
"Ouray County, Colorado(2)",08091,Rural,* ,*, *,* , * , *,3 or fewer,*,*,*,*
"Owsley County, Kentucky(7)",21189,Rural,* ,*, *,* , * , *,3 or fewer,*,*,*,*
"Owyhee County, Idaho(7)",16073,Urban,* ,*, *,* , * , *,3 or fewer,*,*,*,*
"Ozark County, Missouri(2)",29153,Rural,* ,*, *,* , * , *,3 or fewer,*,*,*,*
"Park County, Colorado(2)",08093,Urban,* ,*, *,* , * , *,3 or fewer,*,*,*,*
"Parmer County, Texas(7)",48369,Rural,* ,*, *,* , * , *,3 or fewer,*,*,*,*
"Pawnee County, Nebraska(2)",31133,Rural,* ,*, *,* , * , *,3 or fewer,*,*,*,*
"Pecos County, Texas(7)",48371,Rural,* ,*, *,* , * , *,3 or fewer,*,*,*,*
"Pembina County, North Dakota(2)",38067,Rural,* ,*, *,* , * , *,3 or fewer,*,*,*,*
"Pendleton County, West Virginia(2)",54071,Rural,* ,*, *,* , * , *,3 or fewer,*,*,*,*
"Pepin County, Wisconsin(2)",55091,Rural,* ,*, *,* , * , *,3 or fewer,*,*,*,*
"Perkins County, Nebraska(2)",31135,Rural,* ,*, *,* , * , *,3 or fewer,*,*,*,*
"Perkins County, South Dakota(2)",46105,Rural,* ,*, *,* , * , *,3 or fewer,*,*,*,*
"Perquimans County, North Carolina(2)",37143,Rural,* ,*, *,* , * , *,3 or fewer,*,*,*,*
"Perry County, Alabama(2)",01105,Rural,* ,*, *,* , * , *,3 or fewer,*,*,*,*
"Perry County, Arkansas(2)",05105,Urban,* ,*, *,* , * , *,3 or fewer,*,*,*,*
"Perry County, Mississippi(2)",28111,Urban,* ,*, *,* , * , *,3 or fewer,*,*,*,*
"Perry County, Tennessee(2)",47135,Rural,* ,*, *,* , * , *,3 or fewer,*,*,*,*
"Pershing County, Nevada(2)",32027,Rural,* ,*, *,* , * , *,3 or fewer,*,*,*,*
"Petersburg Census Area, Alaska(2)",02195,Rural,* ,*, *,* , * , *,3 or fewer,*,*,*,*
"Petroleum County, Montana(2)",30069,Rural,* ,*, *,* , * , *,3 or fewer,*,*,*,*
"Phelps County, Nebraska(2)",31137,Rural,* ,*, *,* , * , *,3 or fewer,*,*,*,*
"Phillips County, Colorado(2)",08095,Rural,* ,*, *,* , * , *,3 or fewer,*,*,*,*
"Phillips County, Montana(2)",30071,Rural,* ,*, *,* , * , *,3 or fewer,*,*,*,*
"Pickett County, Tennessee(2)",47137,Rural,* ,*, *,* , * , *,3 or fewer,*,*,*,*
"Pierce County, Nebraska(2)",31139,Rural,* ,*, *,* , * , *,3 or fewer,*,*,*,*
"Pierce County, North Dakota(2)",38069,Rural,* ,*, *,* , * , *,3 or fewer,*,*,*,*
"Pike County, Arkansas(2)",05109,Rural,* ,*, *,* , * , *,3 or fewer,*,*,*,*
"Pitkin County, Colorado(2)",08097,Rural,* ,*, *,* , * , *,3 or fewer,*,*,*,*
"Piute County, Utah(7)",49031,Rural,* ,*, *,* , * , *,3 or fewer,*,*,*,*
"Pleasants County, West Virginia(2)",54073,Rural,* ,*, *,* , * , *,3 or fewer,*,*,*,*
"Polk County, Nebraska(2)",31143,Rural,* ,*, *,* , * , *,3 or fewer,*,*,*,*
"Pondera County, Montana(2)",30073,Rural,* ,*, *,* , * , *,3 or fewer,*,*,*,*
"Pope County, Illinois(7)",17151,Rural,* ,*, *,* , * , *,3 or fewer,*,*,*,*
"Poquoson City, Virginia(2)",51735,Urban,* ,*, *,* , * , *,3 or fewer,*,*,*,*
"Potter County, South Dakota(2)",46107,Rural,* ,*, *,* , * , *,3 or fewer,*,*,*,*
"Powder River County, Montana(2)",30075,Rural,* ,*, *,* , * , *,3 or fewer,*,*,*,*
"Powell County, Montana(2)",30077,Rural,* ,*, *,* , * , *,3 or fewer,*,*,*,*
"Power County, Idaho(7)",16077,Rural,* ,*, *,* , * , *,3 or fewer,*,*,*,*
"Prairie County, Arkansas(2)",05117,Rural,* ,*, *,* , * , *,3 or fewer,*,*,*,*
"Prairie County, Montana(2)",30079,Rural,* ,*, *,* , * , *,3 or fewer,*,*,*,*
"Presidio County, Texas(7)",48377,Rural,* ,*, *,* , * , *,3 or fewer,*,*,*,*
"Prince of Wales-Hyder Census Area, Alaska(2)",02198,Rural,* ,*, *,* , * , *,3 or fewer,*,*,*,*
"Prowers County, Colorado(2)",08099,Rural,* ,*, *,* , * , *,3 or fewer,*,*,*,*
"Pulaski County, Georgia(7)",13235,Rural,* ,*, *,* , * , *,3 or fewer,*,*,*,*
"Pulaski County, Illinois(7)",17153,Rural,* ,*, *,* , * , *,3 or fewer,*,*,*,*
"Putnam County, Illinois(7)",17155,Rural,* ,*, *,* , * , *,3 or fewer,*,*,*,*
"Putnam County, Missouri(2)",29171,Rural,* ,*, *,* , * , *,3 or fewer,*,*,*,*
"Quay County, New Mexico(7)",35037,Rural,* ,*, *,* , * , *,3 or fewer,*,*,*,*
"Quitman County, Georgia(7)",13239,Rural,* ,*, *,* , * , *,3 or fewer,*,*,*,*
"Quitman County, Mississippi(2)",28119,Rural,* ,*, *,* , * , *,3 or fewer,*,*,*,*
"Radford City, Virginia(2)",51750,Urban,* ,*, *,* , * , *,3 or fewer,*,*,*,*
"Ralls County, Missouri(2)",29173,Rural,* ,*, *,* , * , *,3 or fewer,*,*,*,*
"Randolph County, Georgia(7)",13243,Rural,* ,*, *,* , * , *,3 or fewer,*,*,*,*
"Ransom County, North Dakota(2)",38073,Rural,* ,*, *,* , * , *,3 or fewer,*,*,*,*
"Rappahannock County, Virginia(2)",51157,Urban,* ,*, *,* , * , *,3 or fewer,*,*,*,*
"Reagan County, Texas(7)",48383,Rural,* ,*, *,* , * , *,3 or fewer,*,*,*,*
"Real County, Texas(7)",48385,Rural,* ,*, *,* , * , *,3 or fewer,*,*,*,*
"Red Lake County, Minnesota(2)",27125,Rural,* ,*, *,* , * , *,3 or fewer,*,*,*,*
"Red River Parish, Louisiana(7)",22081,Rural,* ,*, *,* , * , *,3 or fewer,*,*,*,*
"Red Willow County, Nebraska(2)",31145,Rural,* ,*, *,* , * , *,3 or fewer,*,*,*,*
"Reeves County, Texas(7)",48389,Rural,* ,*, *,* , * , *,3 or fewer,*,*,*,*
"Refugio County, Texas(7)",48391,Rural,* ,*, *,* , * , *,3 or fewer,*,*,*,*
"Renville County, North Dakota(2)",38075,Urban,* ,*, *,* , * , *,3 or fewer,*,*,*,*
"Reynolds County, Missouri(2)",29179,Rural,* ,*, *,* , * , *,3 or fewer,*,*,*,*
"Rich County, Utah(7)",49033,Rural,* ,*, *,* , * , *,3 or fewer,*,*,*,*
"Richardson County, Nebraska(2)",31147,Rural,* ,*, *,* , * , *,3 or fewer,*,*,*,*
"Richland County, Montana(2)",30083,Rural,* ,*, *,* , * , *,3 or fewer,*,*,*,*
"Richmond County, Virginia(2)",51159,Rural,* ,*, *,* , * , *,3 or fewer,*,*,*,*
"Ringgold County, Iowa(7)",19159,Rural,* ,*, *,* , * , *,3 or fewer,*,*,*,*
"Rio Blanco County, Colorado(2)",08103,Rural,* ,*, *,* , * , *,3 or fewer,*,*,*,*
"Rio Grande County, Colorado(2)",08105,Rural,* ,*, *,* , * , *,3 or fewer,*,*,*,*
"Ritchie County, West Virginia(2)",54085,Rural,* ,*, *,* , * , *,3 or fewer,*,*,*,*
"Roberts County, South Dakota(2)",46109,Rural,* ,*, *,* , * , *,3 or fewer,*,*,*,*
"Roberts County, Texas(7)",48393,Rural,* ,*, *,* , * , *,3 or fewer,*,*,*,*
"Robertson County, Kentucky(7)",21201,Rural,* ,*, *,* , * , *,3 or fewer,*,*,*,*
"Rock County, Nebraska(2)",31149,Rural,* ,*, *,* , * , *,3 or fewer,*,*,*,*
"Roger Mills County, Oklahoma(2)",40129,Rural,* ,*, *,* , * , *,3 or fewer,*,*,*,*
"Rolette County, North Dakota(2)",38079,Rural,* ,*, *,* , * , *,3 or fewer,*,*,*,*
"Roosevelt County, Montana(2)",30085,Rural,* ,*, *,* , * , *,3 or fewer,*,*,*,*
"Roosevelt County, New Mexico(7)",35041,Rural,* ,*, *,* , * , *,3 or fewer,*,*,*,*
"Rosebud County, Montana(2)",30087,Rural,* ,*, *,* , * , *,3 or fewer,*,*,*,*
"Saguache County, Colorado(2)",08109,Rural,* ,*, *,* , * , *,3 or fewer,*,*,*,*
"Saline County, Nebraska(2)",31151,Rural,* ,*, *,* , * , *,3 or fewer,*,*,*,*
"Saluda County, South Carolina(2)",45081,Urban,* ,*, *,* , * , *,3 or fewer,*,*,*,*
"San Augustine County, Texas(7)",48405,Rural,* ,*, *,* , * , *,3 or fewer,*,*,*,*
"San Juan County, Colorado(2)",08111,Rural,* ,*, *,* , * , *,3 or fewer,*,*,*,*
"San Juan County, Utah(7)",49037,Rural,* ,*, *,* , * , *,3 or fewer,*,*,*,*
"San Miguel County, Colorado(2)",08113,Rural,* ,*, *,* , * , *,3 or fewer,*,*,*,*
"San Saba County, Texas(7)",48411,Rural,* ,*, *,* , * , *,3 or fewer,*,*,*,*
"Sanborn County, South Dakota(2)",46111,Rural,* ,*, *,* , * , *,3 or fewer,*,*,*,*
"Sargent County, North Dakota(2)",38081,Rural,* ,*, *,* , * , *,3 or fewer,*,*,*,*
"Schleicher County, Texas(7)",48413,Rural,* ,*, *,* , * , *,3 or fewer,*,*,*,*
"Schley County, Georgia(7)",13249,Rural,* ,*, *,* , * , *,3 or fewer,*,*,*,*
"Schoolcraft County, Michigan(2)",26153,Rural,* ,*, *,* , * , *,3 or fewer,*,*,*,*
"Schuyler County, Illinois(7)",17169,Rural,* ,*, *,* , * , *,3 or fewer,*,*,*,*
"Schuyler County, Missouri(2)",29197,Rural,* ,*, *,* , * , *,3 or fewer,*,*,*,*
"Scotland County, Missouri(2)",29199,Rural,* ,*, *,* , * , *,3 or fewer,*,*,*,*
"Scott County, Illinois(7)",17171,Rural,* ,*, *,* , * , *,3 or fewer,*,*,*,*
"Screven County, Georgia(7)",13251,Rural,* ,*, *,* , * , *,3 or fewer,*,*,*,*
"Scurry County, Texas(7)",48415,Rural,* ,*, *,* , * , *,3 or fewer,*,*,*,*
"Sedgwick County, Colorado(2)",08115,Rural,* ,*, *,* , * , *,3 or fewer,*,*,*,*
"Seminole County, Georgia(7)",13253,Rural,* ,*, *,* , * , *,3 or fewer,*,*,*,*
"Sevier County, Arkansas(2)",05133,Rural,* ,*, *,* , * , *,3 or fewer,*,*,*,*
"Seward County, Nebraska(2)",31159,Urban,* ,*, *,* , * , *,3 or fewer,*,*,*,*
"Shackelford County, Texas(7)",48417,Rural,* ,*, *,* , * , *,3 or fewer,*,*,*,*
"Shannon County, Missouri(2)",29203,Rural,* ,*, *,* , * , *,3 or fewer,*,*,*,*
"Sharkey County, Mississippi(2)",28125,Rural,* ,*, *,* , * , *,3 or fewer,*,*,*,*
"Shelby County, Iowa(7)",19165,Rural,* ,*, *,* , * , *,3 or fewer,*,*,*,*
"Shelby County, Missouri(2)",29205,Rural,* ,*, *,* , * , *,3 or fewer,*,*,*,*
"Sheridan County, Montana(2)",30091,Rural,* ,*, *,* , * , *,3 or fewer,*,*,*,*
"Sheridan County, Nebraska(2)",31161,Rural,* ,*, *,* , * , *,3 or fewer,*,*,*,*
"Sheridan County, North Dakota(2)",38083,Rural,* ,*, *,* , * , *,3 or fewer,*,*,*,*
"Sherman County, Nebraska(2)",31163,Rural,* ,*, *,* , * , *,3 or fewer,*,*,*,*
"Sherman County, Oregon(2)",41055,Rural,* ,*, *,* , * , *,3 or fewer,*,*,*,*
"Sherman County, Texas(7)",48421,Rural,* ,*, *,* , * , *,3 or fewer,*,*,*,*
"Sierra County, California(7)",06091,Rural,* ,*, *,* , * , *,3 or fewer,*,*,*,*
"Sioux County, Nebraska(2)",31165,Rural,* ,*, *,* , * , *,3 or fewer,*,*,*,*
"Sioux County, North Dakota(2)",38085,Rural,* ,*, *,* , * , *,3 or fewer,*,*,*,*
"Sitka Borough, Alaska(2)",02220,Rural,* ,*, *,* , * , *,3 or fewer,*,*,*,*
"Skagway Municipality, Alaska(2)",02230,Rural,* ,*, *,* , * , *,3 or fewer,*,*,*,*
"Skamania County, Washington(2)",53059,Urban,* ,*, *,* , * , *,3 or fewer,*,*,*,*
"Slope County, North Dakota(2)",38087,Rural,* ,*, *,* , * , *,3 or fewer,*,*,*,*
"Somervell County, Texas(7)",48425,Rural,* ,*, *,* , * , *,3 or fewer,*,*,*,*
"Southeast Fairbanks Census Area, Alaska(2)",02240,Rural,* ,*, *,* , * , *,3 or fewer,*,*,*,*
"St. Helena Parish, Louisiana(7)",22091,Urban,* ,*, *,* , * , *,3 or fewer,*,*,*,*
"Stanley County, South Dakota(2)",46117,Rural,* ,*, *,* , * , *,3 or fewer,*,*,*,*
"Stanton County, Nebraska(2)",31167,Rural,* ,*, *,* , * , *,3 or fewer,*,*,*,*
"Stark County, Illinois(7)",17175,Urban,* ,*, *,* , * , *,3 or fewer,*,*,*,*
"Steele County, North Dakota(2)",38091,Rural,* ,*, *,* , * , *,3 or fewer,*,*,*,*
"Stephens County, Texas(7)",48429,Rural,* ,*, *,* , * , *,3 or fewer,*,*,*,*
"Sterling County, Texas(7)",48431,Rural,* ,*, *,* , * , *,3 or fewer,*,*,*,*
"Stewart County, Georgia(7)",13259,Urban,* ,*, *,* , * , *,3 or fewer,*,*,*,*
"Stonewall County, Texas(7)",48433,Rural,* ,*, *,* , * , *,3 or fewer,*,*,*,*
"Storey County, Nevada(2)",32029,Urban,* ,*, *,* , * , *,3 or fewer,*,*,*,*
"Sublette County, Wyoming(2)",56035,Rural,* ,*, *,* , * , *,3 or fewer,*,*,*,*
"Sullivan County, Missouri(2)",29211,Rural,* ,*, *,* , * , *,3 or fewer,*,*,*,*
"Sully County, South Dakota(2)",46119,Rural,* ,*, *,* , * , *,3 or fewer,*,*,*,*
"Summit County, Colorado(2)",08117,Rural,* ,*, *,* , * , *,3 or fewer,*,*,*,*
"Sumter County, Alabama(2)",01119,Rural,* ,*, *,* , * , *,3 or fewer,*,*,*,*
"Surry County, Virginia(2)",51181,Urban,* ,*, *,* , * , *,3 or fewer,*,*,*,*
"Sussex County, Virginia(2)",51183,Urban,* ,*, *,* , * , *,3 or fewer,*,*,*,*
"Sutton County, Texas(7)",48435,Rural,* ,*, *,* , * , *,3 or fewer,*,*,*,*
"Sweet Grass County, Montana(2)",30097,Rural,* ,*, *,* , * , *,3 or fewer,*,*,*,*
"Swift County, Minnesota(2)",27151,Rural,* ,*, *,* , * , *,3 or fewer,*,*,*,*
"Swisher County, Texas(7)",48437,Rural,* ,*, *,* , * , *,3 or fewer,*,*,*,*
"Switzerland County, Indiana(2)",18155,Rural,* ,*, *,* , * , *,3 or fewer,*,*,*,*
"Talbot County, Georgia(7)",13263,Urban,* ,*, *,* , * , *,3 or fewer,*,*,*,*
"Taliaferro County, Georgia(7)",13265,Rural,* ,*, *,* , * , *,3 or fewer,*,*,*,*
"Tallahatchie County, Mississippi(2)",28135,Rural,* ,*, *,* , * , *,3 or fewer,*,*,*,*
"Taylor County, Georgia(7)",13269,Rural,* ,*, *,* , * , *,3 or fewer,*,*,*,*
"Taylor County, Iowa(7)",19173,Rural,* ,*, *,* , * , *,3 or fewer,*,*,*,*
"Telfair County, Georgia(7)",13271,Rural,* ,*, *,* , * , *,3 or fewer,*,*,*,*
"Tensas Parish, Louisiana(7)",22107,Rural,* ,*, *,* , * , *,3 or fewer,*,*,*,*
"Terrell County, Georgia(7)",13273,Urban,* ,*, *,* , * , *,3 or fewer,*,*,*,*
"Terrell County, Texas(7)",48443,Rural,* ,*, *,* , * , *,3 or fewer,*,*,*,*
"Terry County, Texas(7)",48445,Rural,* ,*, *,* , * , *,3 or fewer,*,*,*,*
"Teton County, Idaho(7)",16081,Rural,* ,*, *,* , * , *,3 or fewer,*,*,*,*
"Teton County, Montana(2)",30099,Rural,* ,*, *,* , * , *,3 or fewer,*,*,*,*
"Texas County, Oklahoma(2)",40139,Rural,* ,*, *,* , * , *,3 or fewer,*,*,*,*
"Thayer County, Nebraska(2)",31169,Rural,* ,*, *,* , * , *,3 or fewer,*,*,*,*
"Thomas County, Nebraska(2)",31171,Rural,* ,*, *,* , * , *,3 or fewer,*,*,*,*
"Throckmorton County, Texas(7)",48447,Rural,* ,*, *,* , * , *,3 or fewer,*,*,*,*
"Thurston County, Nebraska(2)",31173,Rural,* ,*, *,* , * , *,3 or fewer,*,*,*,*
"Tillman County, Oklahoma(2)",40141,Rural,* ,*, *,* , * , *,3 or fewer,*,*,*,*
"Todd County, Kentucky(7)",21219,Rural,* ,*, *,* , * , *,3 or fewer,*,*,*,*
"Todd County, South Dakota(2)",46121,Rural,* ,*, *,* , * , *,3 or fewer,*,*,*,*
"Toole County, Montana(2)",30101,Rural,* ,*, *,* , * , *,3 or fewer,*,*,*,*
"Towner County, North Dakota(2)",38095,Rural,* ,*, *,* , * , *,3 or fewer,*,*,*,*
"Traill County, North Dakota(2)",38097,Rural,* ,*, *,* , * , *,3 or fewer,*,*,*,*
"Traverse County, Minnesota(2)",27155,Rural,* ,*, *,* , * , *,3 or fewer,*,*,*,*
"Treasure County, Montana(2)",30103,Rural,* ,*, *,* , * , *,3 or fewer,*,*,*,*
"Treutlen County, Georgia(7)",13283,Rural,* ,*, *,* , * , *,3 or fewer,*,*,*,*
"Trinity County, California(7)",06105,Rural,* ,*, *,* , * , *,3 or fewer,*,*,*,*
"Tripp County, South Dakota(2)",46123,Rural,* ,*, *,* , * , *,3 or fewer,*,*,*,*
"Trousdale County, Tennessee(2)",47169,Urban,* ,*, *,* , * , *,3 or fewer,*,*,*,*
"Tunica County, Mississippi(2)",28143,Urban,* ,*, *,* , * , *,3 or fewer,*,*,*,*
"Turner County, Georgia(7)",13287,Rural,* ,*, *,* , * , *,3 or fewer,*,*,*,*
"Turner County, South Dakota(2)",46125,Urban,* ,*, *,* , * , *,3 or fewer,*,*,*,*
"Twiggs County, Georgia(7)",13289,Urban,* ,*, *,* , * , *,3 or fewer,*,*,*,*
"Tyrrell County, North Carolina(2)",37177,Rural,* ,*, *,* , * , *,3 or fewer,*,*,*,*
"Union County, Indiana(2)",18161,Rural,* ,*, *,* , * , *,3 or fewer,*,*,*,*
"Union County, Kentucky(7)",21225,Rural,* ,*, *,* , * , *,3 or fewer,*,*,*,*
"Union County, New Mexico(7)",35059,Rural,* ,*, *,* , * , *,3 or fewer,*,*,*,*
"Upton County, Texas(7)",48461,Rural,* ,*, *,* , * , *,3 or fewer,*,*,*,*
"Valdez-Cordova Census Area, Alaska(2)",02261,Rural,* ,*, *,* , * , *,3 or fewer,*,*,*,*
"Valley County, Montana(2)",30105,Rural,* ,*, *,* , * , *,3 or fewer,*,*,*,*
"Valley County, Nebraska(2)",31175,Rural,* ,*, *,* , * , *,3 or fewer,*,*,*,*
"Van Buren County, Iowa(7)",19177,Rural,* ,*, *,* , * , *,3 or fewer,*,*,*,*
"Van Buren County, Tennessee(2)",47175,Rural,* ,*, *,* , * , *,3 or fewer,*,*,*,*
"Wabash County, Illinois(7)",17185,Rural,* ,*, *,* , * , *,3 or fewer,*,*,*,*
"Wahkiakum County, Washington(2)",53069,Rural,* ,*, *,* , * , *,3 or fewer,*,*,*,*
"Walthall County, Mississippi(2)",28147,Rural,* ,*, *,* , * , *,3 or fewer,*,*,*,*
"Walworth County, South Dakota(2)",46129,Rural,* ,*, *,* , * , *,3 or fewer,*,*,*,*
"Ward County, Texas(7)",48475,Rural,* ,*, *,* , * , *,3 or fewer,*,*,*,*
"Warren County, Georgia(7)",13301,Rural,* ,*, *,* , * , *,3 or fewer,*,*,*,*
"Warren County, Indiana(2)",18171,Urban,* ,*, *,* , * , *,3 or fewer,*,*,*,*
"Washakie County, Wyoming(2)",56043,Rural,* ,*, *,* , * , *,3 or fewer,*,*,*,*
"Washington County, Colorado(2)",08121,Rural,* ,*, *,* , * , *,3 or fewer,*,*,*,*
"Washington County, Georgia(7)",13303,Rural,* ,*, *,* , * , *,3 or fewer,*,*,*,*
"Washita County, Oklahoma(2)",40149,Rural,* ,*, *,* , * , *,3 or fewer,*,*,*,*
"Wayne County, Iowa(7)",19185,Rural,* ,*, *,* , * , *,3 or fewer,*,*,*,*
"Wayne County, Mississippi(2)",28153,Rural,* ,*, *,* , * , *,3 or fewer,*,*,*,*
"Wayne County, Nebraska(2)",31179,Rural,* ,*, *,* , * , *,3 or fewer,*,*,*,*
"Wayne County, Utah(7)",49055,Rural,* ,*, *,* , * , *,3 or fewer,*,*,*,*
"Webster County, Georgia(7)",13307,Rural,* ,*, *,* , * , *,3 or fewer,*,*,*,*
"Webster County, Kentucky(7)",21233,Rural,* ,*, *,* , * , *,3 or fewer,*,*,*,*
"Webster County, Mississippi(2)",28155,Rural,* ,*, *,* , * , *,3 or fewer,*,*,*,*
"Webster County, Nebraska(2)",31181,Rural,* ,*, *,* , * , *,3 or fewer,*,*,*,*
"Webster County, West Virginia(2)",54101,Rural,* ,*, *,* , * , *,3 or fewer,*,*,*,*
"Wells County, North Dakota(2)",38103,Rural,* ,*, *,* , * , *,3 or fewer,*,*,*,*
"West Carroll Parish, Louisiana(7)",22123,Rural,* ,*, *,* , * , *,3 or fewer,*,*,*,*
"Weston County, Wyoming(2)",56045,Rural,* ,*, *,* , * , *,3 or fewer,*,*,*,*
"Wheatland County, Montana(2)",30107,Rural,* ,*, *,* , * , *,3 or fewer,*,*,*,*
"Wheeler County, Georgia(7)",13309,Rural,* ,*, *,* , * , *,3 or fewer,*,*,*,*
"Wheeler County, Nebraska(2)",31183,Rural,* ,*, *,* , * , *,3 or fewer,*,*,*,*
"Wheeler County, Oregon(2)",41069,Rural,* ,*, *,* , * , *,3 or fewer,*,*,*,*
"Wheeler County, Texas(7)",48483,Rural,* ,*, *,* , * , *,3 or fewer,*,*,*,*
"White Pine County, Nevada(2)",32033,Rural,* ,*, *,* , * , *,3 or fewer,*,*,*,*
"Whitman County, Washington(2)",53075,Rural,* ,*, *,* , * , *,3 or fewer,*,*,*,*
"Wibaux County, Montana(2)",30109,Rural,* ,*, *,* , * , *,3 or fewer,*,*,*,*
"Wilbarger County, Texas(7)",48487,Rural,* ,*, *,* , * , *,3 or fewer,*,*,*,*
"Wilcox County, Alabama(2)",01131,Rural,* ,*, *,* , * , *,3 or fewer,*,*,*,*
"Wilcox County, Georgia(7)",13315,Rural,* ,*, *,* , * , *,3 or fewer,*,*,*,*
"Wilkin County, Minnesota(2)",27167,Rural,* ,*, *,* , * , *,3 or fewer,*,*,*,*
"Wilkinson County, Mississippi(2)",28157,Rural,* ,*, *,* , * , *,3 or fewer,*,*,*,*
"Willacy County, Texas(7)",48489,Rural,* ,*, *,* , * , *,3 or fewer,*,*,*,*
"Williamsburg City, Virginia(2)",51830,Urban,* ,*, *,* , * , *,3 or fewer,*,*,*,*
"Winkler County, Texas(7)",48495,Rural,* ,*, *,* , * , *,3 or fewer,*,*,*,*
"Wirt County, West Virginia(2)",54105,Urban,* ,*, *,* , * , *,3 or fewer,*,*,*,*
"Wolfe County, Kentucky(7)",21237,Rural,* ,*, *,* , * , *,3 or fewer,*,*,*,*
"Woodruff County, Arkansas(2)",05147,Rural,* ,*, *,* , * , *,3 or fewer,*,*,*,*
"Woods County, Oklahoma(2)",40151,Rural,* ,*, *,* , * , *,3 or fewer,*,*,*,*
"Worth County, Iowa(7)",19195,Rural,* ,*, *,* , * , *,3 or fewer,*,*,*,*
"Worth County, Missouri(2)",29227,Rural,* ,*, *,* , * , *,3 or fewer,*,*,*,*
"Wrangell Borough, Alaska(2)",02275,Rural,* ,*, *,* , * , *,3 or fewer,*,*,*,*
"Yakutat City and Borough, Alaska(2)",02282,Rural,* ,*, *,* , * , *,3 or fewer,*,*,*,*
"Yellow Medicine County, Minnesota(2)",27173,Rural,* ,*, *,* , * , *,3 or fewer,*,*,*,*
"Yoakum County, Texas(7)",48501,Rural,* ,*, *,* , * , *,3 or fewer,*,*,*,*
"York County, Nebraska(2)",31185,Rural,* ,*, *,* , * , *,3 or fewer,*,*,*,*
"Yukon-Koyukuk Census Area, Alaska(2)",02290,Rural,* ,*, *,* , * , *,3 or fewer,*,*,*,*
"Yuma County, Colorado(2)",08125,Rural,* ,*, *,* , * , *,3 or fewer,*,*,*,*
"Zapata County, Texas(7)",48505,Rural,* ,*, *,* , * , *,3 or fewer,*,*,*,*
"Zavala County, Texas(7)",48507,Rural,* ,*, *,* , * , *,3 or fewer,*,*,*,*
"Ziebach County, South Dakota(2)",46137,Rural,* ,*, *,* , * , *,3 or fewer,*,*,*,*
"Allen County, Kansas(2)",20001,Rural,[P1 note] ,[P1 note], [P1 note],&para; , &para; , &para;,[P1 note],[P1 note],[P1 note],[P1 note],[P1 note]
"Anderson County, Kansas(2)",20003,Rural,[P1 note] ,[P1 note], [P1 note],&para; , &para; , &para;,[P1 note],[P1 note],[P1 note],[P1 note],[P1 note]
"Atchison County, Kansas(2)",20005,Rural,[P1 note] ,[P1 note], [P1 note],&para; , &para; , &para;,[P1 note],[P1 note],[P1 note],[P1 note],[P1 note]
"Barber County, Kansas(2)",20007,Rural,[P1 note] ,[P1 note], [P1 note],&para; , &para; , &para;,[P1 note],[P1 note],[P1 note],[P1 note],[P1 note]
"Barton County, Kansas(2)",20009,Rural,[P1 note] ,[P1 note], [P1 note],&para; , &para; , &para;,[P1 note],[P1 note],[P1 note],[P1 note],[P1 note]
"Bourbon County, Kansas(2)",20011,Rural,[P1 note] ,[P1 note], [P1 note],&para; , &para; , &para;,[P1 note],[P1 note],[P1 note],[P1 note],[P1 note]
"Brown County, Kansas(2)",20013,Rural,[P1 note] ,[P1 note], [P1 note],&para; , &para; , &para;,[P1 note],[P1 note],[P1 note],[P1 note],[P1 note]
"Butler County, Kansas(2)",20015,Urban,[P1 note] ,[P1 note], [P1 note],&para; , &para; , &para;,[P1 note],[P1 note],[P1 note],[P1 note],[P1 note]
"Chase County, Kansas(2)",20017,Rural,[P1 note] ,[P1 note], [P1 note],&para; , &para; , &para;,[P1 note],[P1 note],[P1 note],[P1 note],[P1 note]
"Chautauqua County, Kansas(2)",20019,Rural,[P1 note] ,[P1 note], [P1 note],&para; , &para; , &para;,[P1 note],[P1 note],[P1 note],[P1 note],[P1 note]
"Cherokee County, Kansas(2)",20021,Urban,[P1 note] ,[P1 note], [P1 note],&para; , &para; , &para;,[P1 note],[P1 note],[P1 note],[P1 note],[P1 note]
"Cheyenne County, Kansas(2)",20023,Rural,[P1 note] ,[P1 note], [P1 note],&para; , &para; , &para;,[P1 note],[P1 note],[P1 note],[P1 note],[P1 note]
"Clark County, Kansas(2)",20025,Rural,[P1 note] ,[P1 note], [P1 note],&para; , &para; , &para;,[P1 note],[P1 note],[P1 note],[P1 note],[P1 note]
"Clay County, Kansas(2)",20027,Rural,[P1 note] ,[P1 note], [P1 note],&para; , &para; , &para;,[P1 note],[P1 note],[P1 note],[P1 note],[P1 note]
"Cloud County, Kansas(2)",20029,Rural,[P1 note] ,[P1 note], [P1 note],&para; , &para; , &para;,[P1 note],[P1 note],[P1 note],[P1 note],[P1 note]
"Coffey County, Kansas(2)",20031,Rural,[P1 note] ,[P1 note], [P1 note],&para; , &para; , &para;,[P1 note],[P1 note],[P1 note],[P1 note],[P1 note]
"Comanche County, Kansas(2)",20033,Rural,[P1 note] ,[P1 note], [P1 note],&para; , &para; , &para;,[P1 note],[P1 note],[P1 note],[P1 note],[P1 note]
"Cowley County, Kansas(2)",20035,Rural,[P1 note] ,[P1 note], [P1 note],&para; , &para; , &para;,[P1 note],[P1 note],[P1 note],[P1 note],[P1 note]
"Crawford County, Kansas(2)",20037,Rural,[P1 note] ,[P1 note], [P1 note],&para; , &para; , &para;,[P1 note],[P1 note],[P1 note],[P1 note],[P1 note]
"Decatur County, Kansas(2)",20039,Rural,[P1 note] ,[P1 note], [P1 note],&para; , &para; , &para;,[P1 note],[P1 note],[P1 note],[P1 note],[P1 note]
"Dickinson County, Kansas(2)",20041,Rural,[P1 note] ,[P1 note], [P1 note],&para; , &para; , &para;,[P1 note],[P1 note],[P1 note],[P1 note],[P1 note]
"Doniphan County, Kansas(2)",20043,Urban,[P1 note] ,[P1 note], [P1 note],&para; , &para; , &para;,[P1 note],[P1 note],[P1 note],[P1 note],[P1 note]
"Douglas County, Kansas(2)",20045,Urban,[P1 note] ,[P1 note], [P1 note],&para; , &para; , &para;,[P1 note],[P1 note],[P1 note],[P1 note],[P1 note]
"Edwards County, Kansas(2)",20047,Rural,[P1 note] ,[P1 note], [P1 note],&para; , &para; , &para;,[P1 note],[P1 note],[P1 note],[P1 note],[P1 note]
"Elk County, Kansas(2)",20049,Rural,[P1 note] ,[P1 note], [P1 note],&para; , &para; , &para;,[P1 note],[P1 note],[P1 note],[P1 note],[P1 note]
"Ellis County, Kansas(2)",20051,Rural,[P1 note] ,[P1 note], [P1 note],&para; , &para; , &para;,[P1 note],[P1 note],[P1 note],[P1 note],[P1 note]
"Ellsworth County, Kansas(2)",20053,Rural,[P1 note] ,[P1 note], [P1 note],&para; , &para; , &para;,[P1 note],[P1 note],[P1 note],[P1 note],[P1 note]
"Finney County, Kansas(2)",20055,Rural,[P1 note] ,[P1 note], [P1 note],&para; , &para; , &para;,[P1 note],[P1 note],[P1 note],[P1 note],[P1 note]
"Ford County, Kansas(2)",20057,Rural,[P1 note] ,[P1 note], [P1 note],&para; , &para; , &para;,[P1 note],[P1 note],[P1 note],[P1 note],[P1 note]
"Franklin County, Kansas(2)",20059,Rural,[P1 note] ,[P1 note], [P1 note],&para; , &para; , &para;,[P1 note],[P1 note],[P1 note],[P1 note],[P1 note]
"Geary County, Kansas(2)",20061,Urban,[P1 note] ,[P1 note], [P1 note],&para; , &para; , &para;,[P1 note],[P1 note],[P1 note],[P1 note],[P1 note]
"Gove County, Kansas(2)",20063,Rural,[P1 note] ,[P1 note], [P1 note],&para; , &para; , &para;,[P1 note],[P1 note],[P1 note],[P1 note],[P1 note]
"Graham County, Kansas(2)",20065,Rural,[P1 note] ,[P1 note], [P1 note],&para; , &para; , &para;,[P1 note],[P1 note],[P1 note],[P1 note],[P1 note]
"Grant County, Kansas(2)",20067,Rural,[P1 note] ,[P1 note], [P1 note],&para; , &para; , &para;,[P1 note],[P1 note],[P1 note],[P1 note],[P1 note]
"Gray County, Kansas(2)",20069,Rural,[P1 note] ,[P1 note], [P1 note],&para; , &para; , &para;,[P1 note],[P1 note],[P1 note],[P1 note],[P1 note]
"Greeley County, Kansas(2)",20071,Rural,[P1 note] ,[P1 note], [P1 note],&para; , &para; , &para;,[P1 note],[P1 note],[P1 note],[P1 note],[P1 note]
"Greenwood County, Kansas(2)",20073,Rural,[P1 note] ,[P1 note], [P1 note],&para; , &para; , &para;,[P1 note],[P1 note],[P1 note],[P1 note],[P1 note]
"Hamilton County, Kansas(2)",20075,Rural,[P1 note] ,[P1 note], [P1 note],&para; , &para; , &para;,[P1 note],[P1 note],[P1 note],[P1 note],[P1 note]
"Harper County, Kansas(2)",20077,Rural,[P1 note] ,[P1 note], [P1 note],&para; , &para; , &para;,[P1 note],[P1 note],[P1 note],[P1 note],[P1 note]
"Harvey County, Kansas(2)",20079,Urban,[P1 note] ,[P1 note], [P1 note],&para; , &para; , &para;,[P1 note],[P1 note],[P1 note],[P1 note],[P1 note]
"Haskell County, Kansas(2)",20081,Rural,[P1 note] ,[P1 note], [P1 note],&para; , &para; , &para;,[P1 note],[P1 note],[P1 note],[P1 note],[P1 note]
"Hodgeman County, Kansas(2)",20083,Rural,[P1 note] ,[P1 note], [P1 note],&para; , &para; , &para;,[P1 note],[P1 note],[P1 note],[P1 note],[P1 note]
"Jackson County, Kansas(2)",20085,Urban,[P1 note] ,[P1 note], [P1 note],&para; , &para; , &para;,[P1 note],[P1 note],[P1 note],[P1 note],[P1 note]
"Jefferson County, Kansas(2)",20087,Urban,[P1 note] ,[P1 note], [P1 note],&para; , &para; , &para;,[P1 note],[P1 note],[P1 note],[P1 note],[P1 note]
"Jewell County, Kansas(2)",20089,Rural,[P1 note] ,[P1 note], [P1 note],&para; , &para; , &para;,[P1 note],[P1 note],[P1 note],[P1 note],[P1 note]
"Johnson County, Kansas(2)",20091,Urban,[P1 note] ,[P1 note], [P1 note],&para; , &para; , &para;,[P1 note],[P1 note],[P1 note],[P1 note],[P1 note]
"Kearny County, Kansas(2)",20093,Rural,[P1 note] ,[P1 note], [P1 note],&para; , &para; , &para;,[P1 note],[P1 note],[P1 note],[P1 note],[P1 note]
"Kingman County, Kansas(2)",20095,Rural,[P1 note] ,[P1 note], [P1 note],&para; , &para; , &para;,[P1 note],[P1 note],[P1 note],[P1 note],[P1 note]
"Kiowa County, Kansas(2)",20097,Rural,[P1 note] ,[P1 note], [P1 note],&para; , &para; , &para;,[P1 note],[P1 note],[P1 note],[P1 note],[P1 note]
"Labette County, Kansas(2)",20099,Rural,[P1 note] ,[P1 note], [P1 note],&para; , &para; , &para;,[P1 note],[P1 note],[P1 note],[P1 note],[P1 note]
"Lane County, Kansas(2)",20101,Rural,[P1 note] ,[P1 note], [P1 note],&para; , &para; , &para;,[P1 note],[P1 note],[P1 note],[P1 note],[P1 note]
"Leavenworth County, Kansas(2)",20103,Urban,[P1 note] ,[P1 note], [P1 note],&para; , &para; , &para;,[P1 note],[P1 note],[P1 note],[P1 note],[P1 note]
"Lincoln County, Kansas(2)",20105,Rural,[P1 note] ,[P1 note], [P1 note],&para; , &para; , &para;,[P1 note],[P1 note],[P1 note],[P1 note],[P1 note]
"Linn County, Kansas(2)",20107,Urban,[P1 note] ,[P1 note], [P1 note],&para; , &para; , &para;,[P1 note],[P1 note],[P1 note],[P1 note],[P1 note]
"Logan County, Kansas(2)",20109,Rural,[P1 note] ,[P1 note], [P1 note],&para; , &para; , &para;,[P1 note],[P1 note],[P1 note],[P1 note],[P1 note]
"Lyon County, Kansas(2)",20111,Rural,[P1 note] ,[P1 note], [P1 note],&para; , &para; , &para;,[P1 note],[P1 note],[P1 note],[P1 note],[P1 note]
"Marion County, Kansas(2)",20115,Rural,[P1 note] ,[P1 note], [P1 note],&para; , &para; , &para;,[P1 note],[P1 note],[P1 note],[P1 note],[P1 note]
"Marshall County, Kansas(2)",20117,Rural,[P1 note] ,[P1 note], [P1 note],&para; , &para; , &para;,[P1 note],[P1 note],[P1 note],[P1 note],[P1 note]
"McPherson County, Kansas(2)",20113,Rural,[P1 note] ,[P1 note], [P1 note],&para; , &para; , &para;,[P1 note],[P1 note],[P1 note],[P1 note],[P1 note]
"Meade County, Kansas(2)",20119,Rural,[P1 note] ,[P1 note], [P1 note],&para; , &para; , &para;,[P1 note],[P1 note],[P1 note],[P1 note],[P1 note]
"Miami County, Kansas(2)",20121,Urban,[P1 note] ,[P1 note], [P1 note],&para; , &para; , &para;,[P1 note],[P1 note],[P1 note],[P1 note],[P1 note]
"Mitchell County, Kansas(2)",20123,Rural,[P1 note] ,[P1 note], [P1 note],&para; , &para; , &para;,[P1 note],[P1 note],[P1 note],[P1 note],[P1 note]
"Montgomery County, Kansas(2)",20125,Rural,[P1 note] ,[P1 note], [P1 note],&para; , &para; , &para;,[P1 note],[P1 note],[P1 note],[P1 note],[P1 note]
"Morris County, Kansas(2)",20127,Rural,[P1 note] ,[P1 note], [P1 note],&para; , &para; , &para;,[P1 note],[P1 note],[P1 note],[P1 note],[P1 note]
"Morton County, Kansas(2)",20129,Rural,[P1 note] ,[P1 note], [P1 note],&para; , &para; , &para;,[P1 note],[P1 note],[P1 note],[P1 note],[P1 note]
"Nemaha County, Kansas(2)",20131,Rural,[P1 note] ,[P1 note], [P1 note],&para; , &para; , &para;,[P1 note],[P1 note],[P1 note],[P1 note],[P1 note]
"Neosho County, Kansas(2)",20133,Rural,[P1 note] ,[P1 note], [P1 note],&para; , &para; , &para;,[P1 note],[P1 note],[P1 note],[P1 note],[P1 note]
"Ness County, Kansas(2)",20135,Rural,[P1 note] ,[P1 note], [P1 note],&para; , &para; , &para;,[P1 note],[P1 note],[P1 note],[P1 note],[P1 note]
"Norton County, Kansas(2)",20137,Rural,[P1 note] ,[P1 note], [P1 note],&para; , &para; , &para;,[P1 note],[P1 note],[P1 note],[P1 note],[P1 note]
"Osage County, Kansas(2)",20139,Urban,[P1 note] ,[P1 note], [P1 note],&para; , &para; , &para;,[P1 note],[P1 note],[P1 note],[P1 note],[P1 note]
"Osborne County, Kansas(2)",20141,Rural,[P1 note] ,[P1 note], [P1 note],&para; , &para; , &para;,[P1 note],[P1 note],[P1 note],[P1 note],[P1 note]
"Ottawa County, Kansas(2)",20143,Rural,[P1 note] ,[P1 note], [P1 note],&para; , &para; , &para;,[P1 note],[P1 note],[P1 note],[P1 note],[P1 note]
"Pawnee County, Kansas(2)",20145,Rural,[P1 note] ,[P1 note], [P1 note],&para; , &para; , &para;,[P1 note],[P1 note],[P1 note],[P1 note],[P1 note]
"Phillips County, Kansas(2)",20147,Rural,[P1 note] ,[P1 note], [P1 note],&para; , &para; , &para;,[P1 note],[P1 note],[P1 note],[P1 note],[P1 note]
"Pottawatomie County, Kansas(2)",20149,Urban,[P1 note] ,[P1 note], [P1 note],&para; , &para; , &para;,[P1 note],[P1 note],[P1 note],[P1 note],[P1 note]
"Pratt County, Kansas(2)",20151,Rural,[P1 note] ,[P1 note], [P1 note],&para; , &para; , &para;,[P1 note],[P1 note],[P1 note],[P1 note],[P1 note]
"Rawlins County, Kansas(2)",20153,Rural,[P1 note] ,[P1 note], [P1 note],&para; , &para; , &para;,[P1 note],[P1 note],[P1 note],[P1 note],[P1 note]
"Reno County, Kansas(2)",20155,Rural,[P1 note] ,[P1 note], [P1 note],&para; , &para; , &para;,[P1 note],[P1 note],[P1 note],[P1 note],[P1 note]
"Republic County, Kansas(2)",20157,Rural,[P1 note] ,[P1 note], [P1 note],&para; , &para; , &para;,[P1 note],[P1 note],[P1 note],[P1 note],[P1 note]
"Rice County, Kansas(2)",20159,Rural,[P1 note] ,[P1 note], [P1 note],&para; , &para; , &para;,[P1 note],[P1 note],[P1 note],[P1 note],[P1 note]
"Riley County, Kansas(2)",20161,Urban,[P1 note] ,[P1 note], [P1 note],&para; , &para; , &para;,[P1 note],[P1 note],[P1 note],[P1 note],[P1 note]
"Rooks County, Kansas(2)",20163,Rural,[P1 note] ,[P1 note], [P1 note],&para; , &para; , &para;,[P1 note],[P1 note],[P1 note],[P1 note],[P1 note]
"Rush County, Kansas(2)",20165,Rural,[P1 note] ,[P1 note], [P1 note],&para; , &para; , &para;,[P1 note],[P1 note],[P1 note],[P1 note],[P1 note]
"Russell County, Kansas(2)",20167,Rural,[P1 note] ,[P1 note], [P1 note],&para; , &para; , &para;,[P1 note],[P1 note],[P1 note],[P1 note],[P1 note]
"Saline County, Kansas(2)",20169,Rural,[P1 note] ,[P1 note], [P1 note],&para; , &para; , &para;,[P1 note],[P1 note],[P1 note],[P1 note],[P1 note]
"Scott County, Kansas(2)",20171,Rural,[P1 note] ,[P1 note], [P1 note],&para; , &para; , &para;,[P1 note],[P1 note],[P1 note],[P1 note],[P1 note]
"Sedgwick County, Kansas(2)",20173,Urban,[P1 note] ,[P1 note], [P1 note],&para; , &para; , &para;,[P1 note],[P1 note],[P1 note],[P1 note],[P1 note]
"Seward County, Kansas(2)",20175,Rural,[P1 note] ,[P1 note], [P1 note],&para; , &para; , &para;,[P1 note],[P1 note],[P1 note],[P1 note],[P1 note]
"Shawnee County, Kansas(2)",20177,Urban,[P1 note] ,[P1 note], [P1 note],&para; , &para; , &para;,[P1 note],[P1 note],[P1 note],[P1 note],[P1 note]
"Sheridan County, Kansas(2)",20179,Rural,[P1 note] ,[P1 note], [P1 note],&para; , &para; , &para;,[P1 note],[P1 note],[P1 note],[P1 note],[P1 note]
"Sherman County, Kansas(2)",20181,Rural,[P1 note] ,[P1 note], [P1 note],&para; , &para; , &para;,[P1 note],[P1 note],[P1 note],[P1 note],[P1 note]
"Smith County, Kansas(2)",20183,Rural,[P1 note] ,[P1 note], [P1 note],&para; , &para; , &para;,[P1 note],[P1 note],[P1 note],[P1 note],[P1 note]
"Stafford County, Kansas(2)",20185,Rural,[P1 note] ,[P1 note], [P1 note],&para; , &para; , &para;,[P1 note],[P1 note],[P1 note],[P1 note],[P1 note]
"Stanton County, Kansas(2)",20187,Rural,[P1 note] ,[P1 note], [P1 note],&para; , &para; , &para;,[P1 note],[P1 note],[P1 note],[P1 note],[P1 note]
"Stevens County, Kansas(2)",20189,Rural,[P1 note] ,[P1 note], [P1 note],&para; , &para; , &para;,[P1 note],[P1 note],[P1 note],[P1 note],[P1 note]
"Sumner County, Kansas(2)",20191,Urban,[P1 note] ,[P1 note], [P1 note],&para; , &para; , &para;,[P1 note],[P1 note],[P1 note],[P1 note],[P1 note]
"Thomas County, Kansas(2)",20193,Rural,[P1 note] ,[P1 note], [P1 note],&para; , &para; , &para;,[P1 note],[P1 note],[P1 note],[P1 note],[P1 note]
"Trego County, Kansas(2)",20195,Rural,[P1 note] ,[P1 note], [P1 note],&para; , &para; , &para;,[P1 note],[P1 note],[P1 note],[P1 note],[P1 note]
"Wabaunsee County, Kansas(2)",20197,Urban,[P1 note] ,[P1 note], [P1 note],&para; , &para; , &para;,[P1 note],[P1 note],[P1 note],[P1 note],[P1 note]
"Wallace County, Kansas(2)",20199,Rural,[P1 note] ,[P1 note], [P1 note],&para; , &para; , &para;,[P1 note],[P1 note],[P1 note],[P1 note],[P1 note]
"Washington County, Kansas(2)",20201,Rural,[P1 note] ,[P1 note], [P1 note],&para; , &para; , &para;,[P1 note],[P1 note],[P1 note],[P1 note],[P1 note]
"Wichita County, Kansas(2)",20203,Rural,[P1 note] ,[P1 note], [P1 note],&para; , &para; , &para;,[P1 note],[P1 note],[P1 note],[P1 note],[P1 note]
"Wilson County, Kansas(2)",20205,Rural,[P1 note] ,[P1 note], [P1 note],&para; , &para; , &para;,[P1 note],[P1 note],[P1 note],[P1 note],[P1 note]
"Woodson County, Kansas(2)",20207,Rural,[P1 note] ,[P1 note], [P1 note],&para; , &para; , &para;,[P1 note],[P1 note],[P1 note],[P1 note],[P1 note]
"Wyandotte County, Kansas(2)",20209,Urban,[P1 note] ,[P1 note], [P1 note],&para; , &para; , &para;,[P1 note],[P1 note],[P1 note],[P1 note],[P1 note]