County,FIPS,2023 Rural-Urban Continuum Codes([rural urban note]),"Age-Adjusted Incidence Rate([rate note]) - cases per 100,000","Lower 95% Confidence Interval","Upper 95% Confidence Interval","CI*Rank([rank note])","Lower CI (CI*Rank)","Upper CI (CI*Rank)",Average Annual Count,Recent Trend,"Recent 5-Year Trend ([trend note]) in Incidence Rates","Lower 95% Confidence Interval","Upper 95% Confidence Interval"
"US (SEER+NPCR)(1)",00000,N/A,131.3 ,131.1, 131.6,N/A , N/A , N/A,270245,rising,0.6 ,0.5, 0.8
"Aurora County, South Dakota(2)",46003,Rural,288.8 ,176.1, 447.8,N/A , N/A , N/A,5,stable,2.9 ,-2.4, 8.3
"Armstrong County, Texas(7)",48011,Urban,271.9 ,144.5, 467.4,N/A , N/A , N/A,3,*,*,*,*
"Haakon County, South Dakota(2)",46055,Rural,236.6 ,122.7, 418.7,N/A , N/A , N/A,3,*,*,*,*
"Stanley County, South Dakota(2)",46117,Rural,235.8 ,135.6, 380.6,N/A , N/A , N/A,4,*,*,*,*
"McCook County, South Dakota(2)",46087,Urban,230.2 ,159.2, 322.5,N/A , N/A , N/A,8,rising,7.9 ,3.1, 28.0
"Webster County, Georgia(7)",13307,Rural,212.5 ,115.3, 362.5,N/A , N/A , N/A,3,*,*,*,*
"Hoonah-Angoon Census Area, Alaska(2)",02105,Rural,211.2 ,108.8, 378.4,N/A , N/A , N/A,3,*,*,*,*
"Dewey County, South Dakota(2)",46041,Rural,205.6 ,129.4, 308.9,N/A , N/A , N/A,5,*,*,*,*
"Wirt County, West Virginia(2)",54105,Urban,203.9 ,140, 290.1,N/A , N/A , N/A,8,*,*,*,*
"Chattahoochee County, Georgia(7)",13053,Urban,201.7 ,123.9, 307.2,N/A , N/A , N/A,4,*,*,*,*
"Cameron Parish, Louisiana(7)",22023,Urban,198.2 ,129.5, 290.3,N/A , N/A , N/A,6,*,*,*,*
"Calhoun County, Illinois(7)",17013,Urban,197.5 ,136.5, 282.4,N/A , N/A , N/A,7,stable,2.8 ,-0.6, 7.3
"Humphreys County, Mississippi(2)",28053,Rural,196.7 ,142.7, 264.9,N/A , N/A , N/A,10,rising,3.6 ,0.1, 7.8
"Lipscomb County, Texas(7)",48295,Rural,196.1 ,107.3, 329,N/A , N/A , N/A,3,*,*,*,*
"Essex County, Virginia(2)",51057,Rural,195 ,152.6, 247.1,N/A , N/A , N/A,17,rising,4.4 ,2.2, 7.2
"Lewis County, Idaho(7)",16061,Rural,189.5 ,111.9, 303.2,N/A , N/A , N/A,5,*,*,*,*
"Hitchcock County, Nebraska(2)",31087,Rural,189.2 ,102.3, 325.9,N/A , N/A , N/A,3,*,*,*,*
"Martin County, North Carolina(2)",37117,Rural,188.8 ,158.4, 223.9,N/A , N/A , N/A,33,stable,1.6 ,-0.2, 3.4
"Stillwater County, Montana(2)",30095,Urban,186.9 ,138, 249,N/A , N/A , N/A,12,stable,1.5 ,-1.5, 4.9
"Green Lake County, Wisconsin(2)",55047,Rural,185.4 ,152.6, 223.9,N/A , N/A , N/A,27,rising,3.1 ,1.0, 5.6
"Benson County, North Dakota(2)",38005,Rural,185.4 ,119.1, 274.8,N/A , N/A , N/A,5,rising,13.2 ,0.1, 53.2
"Johnson County, Nebraska(2)",31097,Rural,184.1 ,111.2, 287.8,N/A , N/A , N/A,5,stable,1.1 ,-5.0, 7.7
"Tucker County, West Virginia(2)",54093,Rural,182.4 ,129, 253.7,N/A , N/A , N/A,9,stable,1.3 ,-3.9, 6.6
"Polk County, Texas(7)",48373,Rural,181.1 ,158.1, 206.6,N/A , N/A , N/A,55,rising,1.9 ,0.6, 3.5
"Kingsbury County, South Dakota(2)",46077,Rural,181 ,118.3, 266.9,N/A , N/A , N/A,6,stable,1.7 ,-2.1, 6.2
"Quitman County, Mississippi(2)",28119,Rural,180.9 ,127.9, 250.8,N/A , N/A , N/A,8,rising,5.0 ,1.3, 9.8
"Tama County, Iowa(7)",19171,Rural,180.6 ,142.9, 225.2,N/A , N/A , N/A,19,stable,1.4 ,-0.1, 3.0
"Grand Isle County, Vermont(2)",50013,Urban,179.2 ,129.4, 244.9,N/A , N/A , N/A,10,stable,1.3 ,-1.3, 4.3
"Mahnomen County, Minnesota(2)",27087,Rural,179.1 ,111.5, 271.6,N/A , N/A , N/A,5,rising,7.3 ,3.9, 13.3
"Tishomingo County, Mississippi(2)",28141,Rural,177.7 ,145, 216.1,N/A , N/A , N/A,24,stable,-12.7 ,-25.0, 4.1
"Grant County, Minnesota(2)",27051,Rural,177.7 ,122.3, 251.8,N/A , N/A , N/A,8,stable,1.5 ,-3.8, 7.2
"Lexington City, Virginia(2)",51678,Rural,177.4 ,112.4, 266.7,N/A , N/A , N/A,6,stable,2.3 ,-1.2, 6.4
"Martinsville City, Virginia(2)",51690,Rural,176.8 ,139.3, 221.8,N/A , N/A , N/A,17,stable,0.5 ,-1.7, 2.7
"Clay County, South Dakota(2)",46027,Rural,174.6 ,126.9, 233.7,N/A , N/A , N/A,10,stable,3.4 ,-0.6, 8.2
"Calhoun County, West Virginia(2)",54013,Rural,174.3 ,117, 251.5,N/A , N/A , N/A,7,rising,3.5 ,0.2, 7.3
"Washington County, Iowa(7)",19183,Urban,174 ,142.9, 209.9,N/A , N/A , N/A,25,rising,1.4 ,0.3, 2.8
"King and Queen County, Virginia(2)",51097,Urban,173.9 ,120.6, 245.3,N/A , N/A , N/A,9,rising,4.3 ,0.6, 8.6
"Pleasants County, West Virginia(2)",54073,Rural,173.7 ,120.9, 243.2,N/A , N/A , N/A,8,stable,3.7 ,-0.7, 9.1
"Jefferson County, Nebraska(2)",31095,Rural,173.2 ,122.9, 239.1,N/A , N/A , N/A,9,rising,5.7 ,2.3, 16.3
"Baker County, Georgia(7)",13007,Rural,172.8 ,102.6, 281.3,N/A , N/A , N/A,4,rising,3.9 ,0.7, 8.2
"Harrison County, Iowa(7)",19085,Urban,172.6 ,135.8, 216.9,N/A , N/A , N/A,17,rising,1.4 ,0.3, 2.6
"Hancock County, Kentucky(7)",21091,Rural,171.7 ,124.3, 231.8,N/A , N/A , N/A,9,*,*,*,*
"Clarke County, Alabama(2)",01025,Rural,171.3 ,142.3, 204.7,N/A , N/A , N/A,28,rising,1.7 ,0.3, 3.3
"Oldham County, Kentucky(7)",21185,Urban,170.9 ,152.4, 191,N/A , N/A , N/A,66,stable,1.7 ,-3.1, 7.7
"Ripley County, Missouri(2)",29181,Rural,170.8 ,128.2, 223.8,N/A , N/A , N/A,12,stable,1.2 ,-4.0, 2.8
"Coke County, Texas(7)",48081,Rural,170.6 ,99.4, 277.6,N/A , N/A , N/A,4,*,*,*,*
"Southeast Fairbanks Census Area, Alaska(2)",02240,Rural,170.6 ,110.6, 251.7,N/A , N/A , N/A,6,rising,33.3 ,3.2, 55.3
"Clay County, Nebraska(2)",31035,Rural,170.4 ,117.2, 242.1,N/A , N/A , N/A,7,rising,5.4 ,1.8, 9.8
"Nance County, Nebraska(2)",31125,Rural,170.4 ,96.2, 282,N/A , N/A , N/A,4,*,*,*,*
"Greene County, North Carolina(2)",37079,Rural,169.5 ,135.2, 210.2,N/A , N/A , N/A,20,rising,12.9 ,3.0, 37.0
"Clay County, Texas(7)",48077,Urban,169.3 ,125.7, 224.3,N/A , N/A , N/A,12,stable,3.1 ,-0.1, 6.9
"Hood River County, Oregon(2)",41027,Rural,169.3 ,140.6, 202.5,N/A , N/A , N/A,26,stable,1.1 ,-2.0, 4.8
"Harlan County, Nebraska(2)",31083,Rural,169.1 ,91, 290.7,N/A , N/A , N/A,3,*,*,*,*
"Presque Isle County, Michigan(2)",26141,Rural,168.6 ,128, 219.3,N/A , N/A , N/A,17,stable,-11.8 ,-26.5, 2.6
"Henry County, Indiana(2)",18065,Rural,168.6 ,147.8, 191.6,N/A , N/A , N/A,54,rising,6.2 ,1.6, 19.4
"Washington County, Nebraska(2)",31177,Urban,168.5 ,137.7, 204.6,N/A , N/A , N/A,23,rising,2.2 ,0.3, 4.5
"Cherokee County, Iowa(7)",19035,Rural,168.2 ,126.6, 219.8,N/A , N/A , N/A,14,stable,9.6 ,-0.1, 34.8
"Lake County, Montana(2)",30047,Rural,168.2 ,143.3, 196.5,N/A , N/A , N/A,39,stable,1.3 ,-1.3, 4.2
"Hamilton County, New York(7)",36041,Rural,168 ,103.2, 262.1,N/A , N/A , N/A,6,*,*,*,*
"Bracken County, Kentucky(7)",21023,Urban,168 ,121.1, 228.1,N/A , N/A , N/A,9,stable,0.5 ,-2.5, 3.9
"Marion County, Texas(7)",48315,Rural,167.7 ,123.4, 224.1,N/A , N/A , N/A,12,rising,18.2 ,3.7, 42.7
"Grundy County, Missouri(2)",29079,Rural,167.6 ,120.4, 227.3,N/A , N/A , N/A,11,stable,2.2 ,-2.5, 7.6
"Hopewell City, Virginia(2)",51670,Urban,167.1 ,138, 200.7,N/A , N/A , N/A,25,rising,2.0 ,0.4, 3.8
"Holt County, Missouri(2)",29087,Rural,167 ,101.8, 261.2,N/A , N/A , N/A,5,*,*,*,*
"Oregon County, Missouri(2)",29149,Rural,166.8 ,117.6, 230.1,N/A , N/A , N/A,9,rising,18.2 ,4.2, 45.9
"Covington County, Mississippi(2)",28031,Rural,166.2 ,133.8, 204.4,N/A , N/A , N/A,19,rising,4.2 ,1.2, 7.9
"Monroe County, Illinois(7)",17133,Urban,166.1 ,142.2, 193.2,N/A , N/A , N/A,38,rising,1.7 ,0.2, 3.5
"Marengo County, Alabama(2)",01091,Rural,166.1 ,134.1, 203.6,N/A , N/A , N/A,21,rising,3.0 ,1.4, 4.9
"Prowers County, Colorado(2)",08099,Rural,166 ,123.6, 218.4,N/A , N/A , N/A,12,stable,0.7 ,-3.7, 5.3
"Clearwater County, Minnesota(2)",27029,Rural,166 ,117.7, 228.1,N/A , N/A , N/A,9,stable,1.4 ,-2.9, 5.7
"Pitt County, North Carolina(2)",37147,Urban,165.8 ,154.2, 178,N/A , N/A , N/A,161,stable,1.1 ,0.0, 2.4
"Redwood County, Minnesota(2)",27127,Rural,165.5 ,129, 209.6,N/A , N/A , N/A,17,stable,-0.1 ,-2.6, 2.3
"New Kent County, Virginia(2)",51127,Urban,165.3 ,136.2, 199.3,N/A , N/A , N/A,26,stable,1.0 ,-1.4, 3.9
"Hale County, Alabama(2)",01065,Urban,165 ,131, 205.9,N/A , N/A , N/A,18,rising,19.5 ,2.8, 33.8
"Owsley County, Kentucky(7)",21189,Rural,165 ,102.2, 254.8,N/A , N/A , N/A,5,*,*,*,*
"Morrison County, Minnesota(2)",27097,Rural,164.8 ,139.8, 193.2,N/A , N/A , N/A,36,stable,1.4 ,0.0, 2.9
"Chippewa County, Minnesota(2)",27023,Rural,164.6 ,124.6, 213.8,N/A , N/A , N/A,14,stable,1.6 ,-1.5, 4.8
"Baylor County, Texas(7)",48023,Rural,164.5 ,99.5, 261.5,N/A , N/A , N/A,4,*,*,*,*
"Pickens County, Alabama(2)",01107,Urban,164.4 ,133.6, 200.9,N/A , N/A , N/A,22,stable,-13.4 ,-32.4, 1.1
"Shelby County, Missouri(2)",29205,Rural,164.4 ,107, 242,N/A , N/A , N/A,6,rising,3.2 ,0.1, 6.4
"Florence County, Wisconsin(2)",55037,Rural,164.3 ,95.7, 266.5,N/A , N/A , N/A,5,*,*,*,*
"Yellowstone County, Montana(2)",30111,Urban,164.2 ,153, 176.2,N/A , N/A , N/A,172,rising,2.0 ,0.5, 3.7
"Galax City, Virginia(2)",51640,Rural,164.1 ,116.1, 227.2,N/A , N/A , N/A,8,stable,2.8 ,-0.5, 6.8
"Lynn County, Texas(7)",48305,Urban,163.9 ,104.9, 244.6,N/A , N/A , N/A,5,*,*,*,*
"Ozaukee County, Wisconsin(2)",55089,Urban,163.7 ,148.7, 179.9,N/A , N/A , N/A,101,stable,0.4 ,-0.6, 1.5
"Covington City, Virginia(2)",51580,Rural,163.5 ,110.9, 234.7,N/A , N/A , N/A,7,rising,3.6 ,0.9, 7.1
"Union County, Indiana(2)",18161,Rural,163.5 ,111.4, 232.5,N/A , N/A , N/A,7,*,*,*,*
"Pocahontas County, Iowa(7)",19151,Rural,163.4 ,112.5, 230.8,N/A , N/A , N/A,8,stable,0.5 ,-1.0, 2.1
"Sampson County, North Carolina(2)",37163,Rural,163.3 ,144.5, 184,N/A , N/A , N/A,61,rising,2.8 ,1.8, 3.9
"Bryan County, Georgia(7)",13029,Urban,163.2 ,139.9, 189.2,N/A , N/A , N/A,36,stable,4.1 ,0.0, 15.7
"Hamilton County, Iowa(7)",19079,Rural,163 ,125, 209,N/A , N/A , N/A,15,stable,0.9 ,-0.6, 2.6
"Kemper County, Mississippi(2)",28069,Rural,162.9 ,112.4, 228.2,N/A , N/A , N/A,8,stable,4.6 ,-1.3, 11.4
"Poquoson City, Virginia(2)",51735,Urban,162.8 ,125.1, 209.2,N/A , N/A , N/A,14,stable,0.6 ,-2.3, 3.7
"Hunterdon County, New Jersey(7)",34019,Urban,162.7 ,150.5, 175.8,N/A , N/A , N/A,148,stable,0.8 ,-0.3, 2.0
"Washington County, Minnesota(2)",27163,Urban,162.5 ,153.7, 171.8,N/A , N/A , N/A,267,rising,1.1 ,0.4, 1.9
"Carter County, Missouri(2)",29035,Rural,162.4 ,105.7, 240.3,N/A , N/A , N/A,6,stable,1.5 ,-5.5, 8.7
"Woodford County, Illinois(7)",17203,Urban,162.3 ,139.8, 187.6,N/A , N/A , N/A,41,stable,0.6 ,-0.8, 2.2
"Lewis County, Missouri(2)",29111,Rural,162.1 ,115.7, 221.1,N/A , N/A , N/A,9,stable,1.1 ,-8.5, 5.0
"Monroe County, Missouri(2)",29137,Rural,162 ,116.1, 221.5,N/A , N/A , N/A,10,stable,2.1 ,-1.5, 6.1
"Renville County, Minnesota(2)",27129,Rural,161.8 ,123.8, 207.9,N/A , N/A , N/A,15,stable,1.6 ,-0.8, 3.8
"Lafayette County, Florida(2)",12067,Rural,161.4 ,106.9, 233.9,N/A , N/A , N/A,6,*,*,*,*
"Clay County, Alabama(2)",01027,Rural,161.3 ,127, 202.9,N/A , N/A , N/A,17,rising,7.0 ,0.7, 24.5
"Johnston County, North Carolina(2)",37101,Urban,161.2 ,151.3, 171.6,N/A , N/A , N/A,205,rising,4.1 ,2.7, 9.2
"Pulaski County, Illinois(7)",17153,Rural,161.2 ,99.9, 246.8,N/A , N/A , N/A,5,stable,3.0 ,-1.0, 7.3
"Butler County, Alabama(2)",01013,Rural,161.1 ,130.5, 197.2,N/A , N/A , N/A,22,rising,2.4 ,0.4, 4.5
"Grundy County, Iowa(7)",19075,Urban,161.1 ,122.5, 208.6,N/A , N/A , N/A,14,stable,0.7 ,-0.6, 2.1
"Northampton County, Virginia(2)",51131,Rural,161 ,121.5, 210.3,N/A , N/A , N/A,17,stable,0.8 ,-2.3, 3.7
"San Juan County, Washington(7)",53055,Rural,160.8 ,130.9, 197.2,N/A , N/A , N/A,29,stable,0.1 ,-1.4, 1.9
"Red Willow County, Nebraska(2)",31145,Rural,160.8 ,116.7, 216.2,N/A , N/A , N/A,11,stable,1.9 ,-1.3, 5.1
"Calhoun County, Georgia(7)",13037,Rural,160.7 ,97.6, 251.3,N/A , N/A , N/A,5,stable,-0.3 ,-4.6, 4.3
"Fairfax City, Virginia(2)",51600,Urban,160.7 ,132.2, 193.7,N/A , N/A , N/A,23,stable,2.5 ,0.0, 5.3
"Howard County, Iowa(7)",19089,Rural,160.6 ,114.2, 219.7,N/A , N/A , N/A,10,stable,0.4 ,-1.6, 2.4
"Fairbanks North Star, Alaska(2)",02090,Urban,160.6 ,143.6, 179.1,N/A , N/A , N/A,70,stable,1.1 ,-0.9, 3.4
"Butte County, South Dakota(2)",46019,Rural,160.6 ,119.4, 212.5,N/A , N/A , N/A,12,stable,2.5 ,-0.8, 6.4
"Putnam County, New York(7)",36079,Urban,160.5 ,146.4, 175.8,N/A , N/A , N/A,105,rising,1.9 ,0.5, 5.5
"Gallatin County, Illinois(7)",17059,Rural,160.5 ,101.5, 243.6,N/A , N/A , N/A,6,stable,1.7 ,-1.7, 5.5
"Schuyler County, New York(7)",36097,Rural,160.3 ,129.3, 197.3,N/A , N/A , N/A,21,rising,6.7 ,0.9, 23.0
"Clay County, Missouri(2)",29047,Urban,160.1 ,150.9, 169.7,N/A , N/A , N/A,239,rising,1.3 ,0.5, 2.3
"Madison County, Mississippi(2)",28089,Urban,160.1 ,146.4, 174.8,N/A , N/A , N/A,106,stable,1.6 ,-1.1, 7.8
"Nicollet County, Minnesota(2)",27103,Urban,160 ,134.8, 188.7,N/A , N/A , N/A,31,stable,1.6 ,0.0, 3.4
"Hancock County, Indiana(2)",18059,Urban,159.9 ,144.2, 176.8,N/A , N/A , N/A,82,rising,1.8 ,0.7, 3.1
"Caldwell County, Missouri(2)",29025,Urban,159.8 ,113.9, 219,N/A , N/A , N/A,9,rising,4.1 ,1.4, 7.2
"Staunton City, Virginia(2)",51790,Urban,159.6 ,133.6, 189.5,N/A , N/A , N/A,31,rising,2.7 ,0.6, 5.1
"Nantucket County, Massachusetts(2)",25019,Rural,159.6 ,122.4, 205,N/A , N/A , N/A,13,stable,-0.3 ,-2.6, 2.4
"Mountrail County, North Dakota(2)",38061,Rural,159.4 ,110.1, 222.9,N/A , N/A , N/A,7,stable,2.4 ,-1.4, 7.1
"Person County, North Carolina(2)",37145,Urban,159.3 ,137.7, 183.5,N/A , N/A , N/A,45,rising,2.5 ,0.3, 5.1
"Emmet County, Michigan(2)",26047,Rural,159.2 ,135.1, 186.7,N/A , N/A , N/A,38,stable,0.3 ,-2.2, 2.7
"Scott County, Illinois(7)",17171,Rural,159.2 ,103.1, 237.9,N/A , N/A , N/A,6,stable,0.9 ,-3.9, 7.2
"Kent County, Rhode Island(2)",44003,Urban,159.2 ,148.7, 170.2,N/A , N/A , N/A,195,rising,1.0 ,0.3, 1.7
"Rosebud County, Montana(2)",30087,Rural,159 ,107, 227.1,N/A , N/A , N/A,7,stable,3.2 ,-0.3, 7.4
"Prince George County, Virginia(2)",51149,Urban,158.9 ,133.9, 187.2,N/A , N/A , N/A,31,stable,11.9 ,-0.6, 21.5
"Trimble County, Kentucky(7)",21223,Rural,158.9 ,113.2, 217.9,N/A , N/A , N/A,9,rising,2.6 ,0.6, 5.4
"Nelson County, North Dakota(2)",38063,Rural,158.7 ,90.1, 269.3,N/A , N/A , N/A,4,stable,3.7 ,-0.6, 8.9
"Cedar County, Iowa(7)",19031,Rural,158.6 ,127.5, 195.6,N/A , N/A , N/A,20,stable,1.1 ,-0.3, 2.8
"Union County, North Carolina(2)",37179,Urban,158.5 ,149.1, 168.4,N/A , N/A , N/A,218,rising,2.0 ,1.3, 3.0
"Lake County, Oregon(2)",41037,Rural,158.5 ,111, 221.2,N/A , N/A , N/A,9,stable,2.1 ,-1.4, 6.0
"Pender County, North Carolina(2)",37141,Urban,158.4 ,140.7, 177.9,N/A , N/A , N/A,63,stable,1.7 ,-0.3, 4.1
"McCormick County, South Carolina(2)",45065,Rural,158.2 ,111.6, 221.9,N/A , N/A , N/A,14,stable,1.6 ,-0.9, 4.3
"Olmsted County, Minnesota(2)",27109,Urban,158.2 ,146.7, 170.3,N/A , N/A , N/A,151,stable,0.8 ,-0.1, 1.8
"DeKalb County, Illinois(7)",17037,Urban,158 ,142.5, 174.8,N/A , N/A , N/A,81,rising,1.7 ,0.8, 3.4
"Chickasaw County, Iowa(7)",19037,Rural,158 ,116.9, 209.1,N/A , N/A , N/A,12,stable,0.8 ,-0.7, 2.3
"Natchitoches Parish, Louisiana(7)",22069,Rural,157.9 ,133.8, 185.1,N/A , N/A , N/A,34,rising,3.3 ,2.0, 4.8
"Johnson County, Iowa(7)",19103,Urban,157.9 ,144.8, 171.8,N/A , N/A , N/A,114,rising,0.6 ,0.1, 1.2
"Franklin City, Virginia(2)",51620,Rural,157.5 ,111.8, 216.3,N/A , N/A , N/A,9,stable,0.4 ,-2.2, 3.0
"Davis County, Iowa(7)",19051,Rural,157.3 ,111.3, 216.2,N/A , N/A , N/A,9,stable,0.7 ,-1.6, 3.3
"Sumter County, Georgia(7)",13261,Rural,157.3 ,131.7, 186.5,N/A , N/A , N/A,30,stable,1.5 ,-0.1, 3.2
"Washington County, Wisconsin(2)",55131,Urban,157.3 ,145.5, 169.8,N/A , N/A , N/A,146,rising,1.5 ,0.6, 2.4
"McHenry County, Illinois(7)",17111,Urban,157.3 ,149.1, 165.7,N/A , N/A , N/A,303,rising,1.1 ,0.5, 1.9
"Monroe County, Mississippi(2)",28095,Rural,157 ,133.9, 183.2,N/A , N/A , N/A,37,rising,3.1 ,0.8, 5.7
"Madison County, Georgia(7)",13195,Urban,157 ,131.6, 186,N/A , N/A , N/A,29,stable,1.4 ,-0.2, 3.3
"Waukesha County, Wisconsin(2)",55133,Urban,157 ,150.1, 164.1,N/A , N/A , N/A,437,rising,0.7 ,0.3, 1.1
"Morgan County, Illinois(7)",17137,Rural,156.8 ,133.2, 183.7,N/A , N/A , N/A,36,stable,1.1 ,-0.2, 2.5
"Beltrami County, Minnesota(2)",27007,Rural,156.8 ,134.8, 181.3,N/A , N/A , N/A,41,stable,1.6 ,-0.4, 3.8
"Tolland County, Connecticut(7)",09013,Urban,156.7 ,144.7, 169.5,N/A , N/A , N/A,141,rising,0.6 ,0.1, 1.1
"Richmond County, North Carolina(2)",37153,Rural,156.7 ,136.5, 179.3,N/A , N/A , N/A,46,stable,1.5 ,-0.5, 3.7
"Henderson County, North Carolina(2)",37089,Urban,156.6 ,144.5, 169.5,N/A , N/A , N/A,152,rising,1.6 ,0.6, 2.7
"Wake County, North Carolina(2)",37183,Urban,156.5 ,152.1, 161,N/A , N/A , N/A,985,rising,1.1 ,0.7, 1.5
"Morrill County, Nebraska(2)",31123,Rural,156.4 ,95.3, 244.2,N/A , N/A , N/A,5,stable,1.5 ,-4.0, 7.1
"Ritchie County, West Virginia(2)",54085,Rural,156.4 ,113.7, 211.9,N/A , N/A , N/A,10,rising,4.8 ,1.2, 8.9
"Charlotte County, Virginia(2)",51037,Rural,156.3 ,118.8, 203.2,N/A , N/A , N/A,14,stable,2.0 ,-0.5, 4.7
"Larimer County, Colorado(2)",08069,Urban,156.3 ,148.5, 164.5,N/A , N/A , N/A,328,rising,1.3 ,0.5, 2.2
"Pickens County, Georgia(7)",13227,Urban,156.3 ,133.7, 182.1,N/A , N/A , N/A,39,rising,3.9 ,1.9, 10.2
"Woodford County, Kentucky(7)",21239,Urban,156.3 ,130.3, 186.2,N/A , N/A , N/A,29,stable,0.9 ,-0.4, 2.3
"Pike County, Alabama(2)",01109,Rural,156.2 ,130.5, 185.7,N/A , N/A , N/A,28,rising,2.8 ,1.0, 4.8
"Marshall County, Tennessee(2)",47117,Rural,156.2 ,132.9, 182.6,N/A , N/A , N/A,34,rising,1.7 ,0.2, 3.5
"Montgomery County, Mississippi(2)",28097,Rural,156.1 ,115.9, 207.1,N/A , N/A , N/A,11,rising,3.0 ,0.1, 6.1
"Polk County, North Carolina(2)",37149,Rural,156.1 ,126.9, 191.2,N/A , N/A , N/A,28,stable,0.5 ,-2.5, 3.5
"Valley County, Nebraska(2)",31175,Rural,155.8 ,94.9, 244.8,N/A , N/A , N/A,5,stable,2.8 ,-1.4, 8.1
"Charles City County, Virginia(2)",51036,Urban,155.8 ,109.2, 219.8,N/A , N/A , N/A,9,stable,0.4 ,-4.2, 5.7
"Missoula County, Montana(2)",30063,Urban,155.7 ,142.1, 170.4,N/A , N/A , N/A,104,rising,1.4 ,0.3, 2.7
"Colonial Heights City, Virginia(2)",51570,Urban,155.6 ,124.6, 192.4,N/A , N/A , N/A,20,stable,2.0 ,-0.6, 4.8
"Faribault County, Minnesota(2)",27043,Rural,155.6 ,120.5, 198.7,N/A , N/A , N/A,16,stable,0.6 ,-16.9, 6.2
"Hamilton County, Indiana(2)",18057,Urban,155.6 ,147.8, 163.7,N/A , N/A , N/A,307,falling,-6.4 ,-10.3, -3.5
"Lafayette Parish, Louisiana(7)",22055,Urban,155.4 ,146.1, 165.2,N/A , N/A , N/A,220,rising,1.4 ,0.2, 5.1
"Buncombe County, North Carolina(2)",37021,Urban,155.3 ,147.1, 163.9,N/A , N/A , N/A,298,rising,0.9 ,0.2, 1.6
"Knox County, Missouri(2)",29103,Rural,155.2 ,87.4, 256.5,N/A , N/A , N/A,4,stable,2.0 ,-4.2, 8.7
"New Madrid County, Missouri(2)",29143,Rural,155 ,122.9, 193.6,N/A , N/A , N/A,18,stable,1.5 ,-1.1, 4.2
"Washington County, Maine(2)",23029,Rural,154.9 ,131.7, 181.6,N/A , N/A , N/A,39,stable,1.4 ,-0.4, 3.2
"Livingston County, New York(7)",36051,Urban,154.9 ,136.7, 175,N/A , N/A , N/A,62,stable,0.9 ,-0.2, 2.0
"Jones County, North Carolina(2)",37103,Rural,154.9 ,112.8, 209.2,N/A , N/A , N/A,11,stable,2.4 ,-0.5, 5.8
"St. Louis County, Missouri(2)",29189,Urban,154.8 ,150.4, 159.3,N/A , N/A , N/A,1052,rising,0.8 ,0.6, 1.1
"Anson County, North Carolina(2)",37007,Urban,154.7 ,127.2, 187.1,N/A , N/A , N/A,25,stable,2.7 ,-0.5, 6.2
"Monmouth County, New Jersey(7)",34025,Urban,154.7 ,149.2, 160.3,N/A , N/A , N/A,678,rising,1.4 ,0.4, 3.6
"Emmons County, North Dakota(2)",38029,Rural,154.7 ,93.4, 252.3,N/A , N/A , N/A,5,*,*,*,*
"Iron County, Wisconsin(2)",55051,Rural,154.7 ,105.6, 224.3,N/A , N/A , N/A,9,stable,3.3 ,-0.2, 7.8
"Sharkey County, Mississippi(2)",28125,Rural,154.5 ,91.8, 247.2,N/A , N/A , N/A,4,rising,38.9 ,8.2, 72.4
"Middlesex County, Connecticut(7)",09007,Urban,154.3 ,143.8, 165.5,N/A , N/A , N/A,186,stable,0.4 ,0.0, 0.9
"Appanoose County, Iowa(7)",19007,Rural,154.2 ,116.1, 201.4,N/A , N/A , N/A,14,stable,0.7 ,-1.3, 2.7
"Boise County, Idaho(7)",16015,Urban,154.2 ,106.3, 218.7,N/A , N/A , N/A,9,stable,3.5 ,-0.1, 8.5
"Marion County, Iowa(7)",19125,Rural,154.1 ,130.4, 181.1,N/A , N/A , N/A,33,stable,0.4 ,-0.7, 1.6
"Talbot County, Maryland(2)",24041,Rural,154.1 ,132.5, 178.5,N/A , N/A , N/A,50,stable,0.8 ,-1.0, 2.6
"Charleston County, South Carolina(2)",45019,Urban,154.1 ,147.1, 161.3,N/A , N/A , N/A,398,rising,3.4 ,1.1, 6.6
"Camden County, Georgia(7)",13039,Rural,154 ,134, 176.2,N/A , N/A , N/A,47,rising,1.7 ,0.2, 3.7
"Mahaska County, Iowa(7)",19123,Rural,154 ,124.9, 188.1,N/A , N/A , N/A,22,stable,5.8 ,-0.6, 21.3
"Amelia County, Virginia(2)",51007,Urban,153.9 ,118, 198.3,N/A , N/A , N/A,14,stable,1.7 ,-1.6, 5.3
"Brunswick County, Virginia(2)",51025,Rural,153.9 ,120.8, 194.4,N/A , N/A , N/A,18,rising,2.6 ,1.2, 4.2
"St. Martin Parish, Louisiana(7)",22099,Urban,153.8 ,134.7, 175,N/A , N/A , N/A,51,rising,5.6 ,0.6, 16.4
"Mercer County, North Dakota(2)",38057,Rural,153.8 ,103.3, 220.3,N/A , N/A , N/A,7,*,*,*,*
"Cook County, Georgia(7)",13075,Rural,153.7 ,121.8, 191.9,N/A , N/A , N/A,17,stable,1.8 ,-0.2, 4.2
"Monroe County, Wisconsin(2)",55081,Rural,153.7 ,132.9, 176.9,N/A , N/A , N/A,43,stable,2.9 ,-1.6, 14.3
"Summit County, Colorado(2)",08117,Rural,153.7 ,126.3, 185.6,N/A , N/A , N/A,25,rising,11.4 ,1.3, 34.4
"Dillingham Census Area, Alaska(2)",02070,Rural,153.6 ,84.7, 255.1,N/A , N/A , N/A,3,*,*,*,*
"Wayne County, New York(7)",36117,Urban,153.5 ,139.1, 169.1,N/A , N/A , N/A,95,stable,0.8 ,-0.2, 2.0
"Foster County, North Dakota(2)",38031,Rural,153.1 ,87.5, 253.7,N/A , N/A , N/A,4,stable,5.0 ,-2.4, 14.7
"Brunswick County, North Carolina(2)",37019,Urban,153 ,141.8, 165,N/A , N/A , N/A,206,rising,1.3 ,0.2, 2.6
"Douglas County, Colorado(2)",08035,Urban,153 ,145.4, 160.8,N/A , N/A , N/A,321,rising,1.1 ,0.4, 1.9
"Pennington County, Minnesota(2)",27113,Rural,152.9 ,116.6, 197.4,N/A , N/A , N/A,13,*,*,*,*
"Cleveland County, Arkansas(2)",05025,Rural,152.9 ,108.2, 211.9,N/A , N/A , N/A,9,stable,2.7 ,-0.5, 6.4
"Monroe County, New York(7)",36055,Urban,152.9 ,147.9, 158.1,N/A , N/A , N/A,764,rising,0.6 ,0.2, 1.1
"Putnam County, Ohio(2)",39137,Rural,152.9 ,129.2, 179.8,N/A , N/A , N/A,33,stable,0.9 ,-0.3, 2.2
"Marion County, Georgia(7)",13197,Urban,152.9 ,106.2, 214.6,N/A , N/A , N/A,8,stable,0.7 ,-3.1, 5.0
"Boulder County, Colorado(2)",08013,Urban,152.8 ,144.9, 161.1,N/A , N/A , N/A,292,rising,3.4 ,0.9, 6.9
"Christian County, Kentucky(7)",21047,Urban,152.7 ,134.3, 172.8,N/A , N/A , N/A,54,rising,5.7 ,2.4, 12.9
"Pipestone County, Minnesota(2)",27117,Rural,152.7 ,108.6, 209.2,N/A , N/A , N/A,9,stable,-0.5 ,-4.1, 2.9
"Harris County, Georgia(7)",13145,Urban,152.6 ,129.8, 178.5,N/A , N/A , N/A,36,stable,0.5 ,-0.9, 2.2
"Union County, South Carolina(2)",45087,Urban,152.6 ,127.7, 181.2,N/A , N/A , N/A,31,rising,2.8 ,0.5, 5.3
"Chittenden County, Vermont(2)",50007,Urban,152.5 ,141.3, 164.4,N/A , N/A , N/A,149,stable,0.3 ,-0.7, 1.3
"Washington County, Idaho(7)",16087,Rural,152.4 ,113.4, 201.8,N/A , N/A , N/A,13,stable,0.4 ,-1.7, 2.8
"Martin County, Minnesota(2)",27091,Rural,152.4 ,121.9, 188.6,N/A , N/A , N/A,22,stable,0.6 ,-1.8, 3.1
"Sangamon County, Illinois(7)",17167,Urban,152.4 ,142.7, 162.6,N/A , N/A , N/A,204,rising,1.5 ,0.5, 5.2
"Sargent County, North Dakota(2)",38081,Rural,152.3 ,89.5, 247.4,N/A , N/A , N/A,4,*,*,*,*
"Snohomish County, Washington(7)",53061,Urban,152.3 ,147.2, 157.4,N/A , N/A , N/A,728,rising,1.6 ,0.7, 4.1
"Eaton County, Michigan(2)",26045,Urban,152.3 ,139.3, 166.2,N/A , N/A , N/A,114,rising,2.2 ,1.1, 5.6
"Wayne County, North Carolina(2)",37191,Urban,152.2 ,139.2, 166.2,N/A , N/A , N/A,111,rising,1.6 ,0.3, 2.9
"Alleghany County and Clifton Forge City, Virginia(2)",51005,Rural,152.2 ,119, 192.7,N/A , N/A , N/A,18,stable,1.0 ,-2.1, 4.2
"Wallowa County, Oregon(2)",41063,Rural,152.2 ,106.2, 213.9,N/A , N/A , N/A,9,stable,0.7 ,-3.5, 5.4
"Mecosta County, Michigan(2)",26107,Rural,152.2 ,130.2, 176.9,N/A , N/A , N/A,41,rising,8.3 ,2.9, 21.9
"Le Sueur County, Minnesota(2)",27079,Urban,152.1 ,126.5, 181.6,N/A , N/A , N/A,27,stable,1.3 ,-1.3, 4.2
"Fredericksburg City, Virginia(2)",51630,Urban,152.1 ,123.7, 184.9,N/A , N/A , N/A,21,stable,0.5 ,-2.3, 3.5
"Kankakee County, Illinois(7)",17091,Urban,152 ,138.6, 166.4,N/A , N/A , N/A,103,stable,-2.1 ,-7.8, 1.2
"Towns County, Georgia(7)",13281,Rural,152 ,114.6, 199.4,N/A , N/A , N/A,18,stable,2.0 ,-0.8, 5.3
"Chisago County, Minnesota(2)",27025,Urban,152 ,133, 172.9,N/A , N/A , N/A,50,stable,0.4 ,-0.7, 1.7
"Warren County, Iowa(7)",19181,Urban,151.9 ,133.1, 172.8,N/A , N/A , N/A,50,rising,1.4 ,0.5, 2.4
"Carroll County, Maryland(2)",24013,Urban,151.8 ,141.5, 162.7,N/A , N/A , N/A,175,stable,0.8 ,-0.2, 1.8
"Mecklenburg County, Virginia(2)",51117,Rural,151.7 ,127.9, 179,N/A , N/A , N/A,37,stable,1.0 ,-0.4, 2.5
"Acadia Parish, Louisiana(7)",22001,Urban,151.6 ,133.7, 171.4,N/A , N/A , N/A,56,rising,10.2 ,1.4, 21.5
"Washington County, Oklahoma(2)",40147,Rural,151.5 ,132.8, 172.2,N/A , N/A , N/A,54,stable,0.6 ,-1.1, 2.2
"Union County, Florida(2)",12125,Rural,151.5 ,110.1, 203.2,N/A , N/A , N/A,10,stable,-0.5 ,-3.2, 2.2
"Claiborne Parish, Louisiana(7)",22027,Rural,151.4 ,115.2, 196.2,N/A , N/A , N/A,14,stable,1.5 ,-0.7, 3.9
"Dare County, North Carolina(2)",37055,Rural,151.4 ,130, 175.8,N/A , N/A , N/A,43,stable,0.3 ,-1.3, 1.9
"Lake County, Michigan(2)",26085,Rural,151.4 ,113.4, 200.1,N/A , N/A , N/A,14,stable,2.6 ,-2.8, 14.6
"Day County, South Dakota(2)",46037,Rural,151.4 ,94.9, 231.1,N/A , N/A , N/A,6,stable,0.0 ,-5.6, 5.5
"Scott County, Minnesota(2)",27139,Urban,151.3 ,139.2, 164.1,N/A , N/A , N/A,121,rising,6.4 ,0.9, 10.5
"Dawson County, Montana(2)",30021,Rural,151.2 ,105.6, 210.7,N/A , N/A , N/A,8,stable,-2.0 ,-5.9, 1.5
"Baldwin County, Georgia(7)",13009,Rural,151.2 ,129.3, 175.9,N/A , N/A , N/A,38,stable,0.9 ,-0.6, 2.5
"St. Johns County, Florida(2)",12109,Urban,151.2 ,143.3, 159.4,N/A , N/A , N/A,305,rising,1.8 ,0.6, 5.6
"Guilford County, North Carolina(2)",37081,Urban,151.1 ,145.1, 157.4,N/A , N/A , N/A,502,stable,-1.7 ,-5.3, 1.1
"Keokuk County, Iowa(7)",19107,Rural,151.1 ,108.2, 205.9,N/A , N/A , N/A,10,stable,1.4 ,-0.5, 3.6
"Dinwiddie County, Virginia(2)",51053,Urban,151.1 ,125.9, 180.2,N/A , N/A , N/A,29,rising,2.5 ,0.1, 5.3
"Boone County, Missouri(2)",29019,Urban,151.1 ,139.7, 163.1,N/A , N/A , N/A,139,stable,0.5 ,-0.8, 2.0
"Montour County, Pennsylvania(2)",42093,Rural,151 ,121.1, 186.9,N/A , N/A , N/A,21,stable,1.0 ,-0.5, 2.5
"Orleans County, New York(7)",36073,Urban,151 ,129.6, 175.1,N/A , N/A , N/A,40,stable,0.7 ,-0.8, 2.3
"Palo Pinto County, Texas(7)",48363,Rural,150.9 ,126.3, 179.3,N/A , N/A , N/A,30,rising,1.9 ,0.2, 3.8
"Lewis County, West Virginia(2)",54041,Rural,150.9 ,118.8, 189.6,N/A , N/A , N/A,17,stable,0.5 ,-1.6, 2.6
"Lenoir County, North Carolina(2)",37107,Rural,150.8 ,133, 170.6,N/A , N/A , N/A,60,stable,0.6 ,-0.6, 1.8
"Park County, Wyoming(2)",56029,Rural,150.7 ,124.6, 180.8,N/A , N/A , N/A,29,stable,1.4 ,-1.4, 4.3
"Lynchburg City, Virginia(2)",51680,Urban,150.7 ,133.7, 169.2,N/A , N/A , N/A,64,stable,1.3 ,-0.2, 2.8
"Huerfano County, Colorado(2)",08055,Rural,150.7 ,93.5, 230.7,N/A , N/A , N/A,6,stable,5.1 ,-1.2, 11.8
"Marin County, California(7)",06041,Urban,150.6 ,142.5, 159.2,N/A , N/A , N/A,298,stable,1.0 ,-0.6, 5.4
"Lake of the Woods County, Minnesota(2)",27077,Rural,150.6 ,83.5, 253.9,N/A , N/A , N/A,4,stable,1.2 ,-4.9, 7.0
"St. Tammany Parish, Louisiana(7)",22103,Urban,150.6 ,142.3, 159.4,N/A , N/A , N/A,264,stable,0.6 ,0.0, 1.5
"Black Hawk County, Iowa(7)",19013,Urban,150.6 ,137.9, 164.2,N/A , N/A , N/A,116,rising,2.1 ,0.9, 6.2
"Scott County, Iowa(7)",19163,Urban,150.6 ,140, 161.7,N/A , N/A , N/A,163,stable,0.1 ,-0.5, 0.8
"Dickinson County, Iowa(7)",19059,Rural,150.6 ,119.2, 188.2,N/A , N/A , N/A,21,rising,1.0 ,0.2, 1.9
"Orange County, North Carolina(2)",37135,Urban,150.5 ,138.8, 163.1,N/A , N/A , N/A,129,stable,0.8 ,-0.4, 2.1
"Upshur County, West Virginia(2)",54097,Rural,150.5 ,123.1, 182.5,N/A , N/A , N/A,25,stable,1.2 ,-0.9, 3.4
"West Baton Rouge Parish, Louisiana(7)",22121,Urban,150.5 ,123.8, 181.3,N/A , N/A , N/A,24,stable,0.5 ,-1.2, 2.7
"New Hanover County, North Carolina(2)",37129,Urban,150.5 ,141.6, 159.8,N/A , N/A , N/A,236,stable,1.1 ,0.0, 2.3
"Montmorency County, Michigan(2)",26119,Rural,150.5 ,105.6, 210.1,N/A , N/A , N/A,12,rising,6.4 ,2.8, 13.4
"Madison County, Iowa(7)",19121,Urban,150.4 ,118.5, 188.8,N/A , N/A , N/A,16,stable,0.2 ,-1.4, 2.1
"Custer County, Montana(2)",30017,Rural,150.3 ,113.5, 196.3,N/A , N/A , N/A,13,rising,3.9 ,0.1, 17.3
"Taylor County, Florida(2)",12123,Rural,150.3 ,118.8, 187.8,N/A , N/A , N/A,19,stable,1.1 ,-1.1, 3.3
"Barnstable County, Massachusetts(2)",25001,Urban,150.2 ,141.3, 159.7,N/A , N/A , N/A,318,stable,0.0 ,-0.8, 0.7
"Danville City, Virginia(2)",51590,Rural,150.2 ,130, 172.8,N/A , N/A , N/A,48,stable,1.2 ,-0.1, 2.5
"Beaufort County, North Carolina(2)",37013,Rural,150.1 ,130.9, 171.7,N/A , N/A , N/A,54,stable,1.3 ,0.0, 2.6
"Nassau County, New York(7)",36059,Urban,150.1 ,146.4, 153.9,N/A , N/A , N/A,1378,stable,0.3 ,0.0, 0.6
"Spencer County, Kentucky(7)",21215,Urban,150 ,119.7, 186.3,N/A , N/A , N/A,18,falling,-12.7 ,-20.9, -3.9
"Mecklenburg County, North Carolina(2)",37119,Urban,150 ,145.6, 154.6,N/A , N/A , N/A,898,rising,1.0 ,0.5, 1.6
"Lincoln County, Minnesota(2)",27081,Rural,149.9 ,96.2, 225.1,N/A , N/A , N/A,6,stable,1.1 ,-2.9, 5.4
"Saratoga County, New York(7)",36091,Urban,149.9 ,141.2, 159.1,N/A , N/A , N/A,243,stable,0.3 ,-0.4, 1.1
"Hall County, Texas(7)",48191,Rural,149.9 ,78.8, 263.7,N/A , N/A , N/A,3,*,*,*,*
"Gloucester County, New Jersey(7)",34015,Urban,149.9 ,142, 158.1,N/A , N/A , N/A,292,rising,1.6 ,0.3, 5.6
"Cass County, Missouri(2)",29037,Urban,149.9 ,136.8, 163.9,N/A , N/A , N/A,105,rising,1.2 ,0.2, 2.3
"Nassau County, Florida(2)",12089,Urban,149.8 ,136.2, 164.6,N/A , N/A , N/A,104,stable,1.0 ,0.0, 2.3
"Franklin County, Idaho(7)",16041,Urban,149.7 ,111.7, 196.5,N/A , N/A , N/A,11,stable,0.7 ,-2.2, 4.3
"Henry County, Tennessee(2)",47079,Rural,149.7 ,127.2, 175.5,N/A , N/A , N/A,38,stable,1.5 ,-0.8, 4.0
"Jasper County, Iowa(7)",19099,Urban,149.7 ,127.5, 174.8,N/A , N/A , N/A,37,stable,0.7 ,-0.1, 1.6
"Brooks County, Georgia(7)",13027,Urban,149.7 ,116, 190.3,N/A , N/A , N/A,16,stable,2.2 ,-0.7, 5.6
"Skagit County, Washington(7)",53057,Urban,149.6 ,137.6, 162.5,N/A , N/A , N/A,133,rising,1.1 ,0.3, 3.0
"Lafayette County, Wisconsin(2)",55065,Rural,149.6 ,115.2, 191.3,N/A , N/A , N/A,15,stable,2.1 ,-0.8, 5.1
"Pope County, Minnesota(2)",27121,Rural,149.6 ,109.6, 200.4,N/A , N/A , N/A,12,rising,2.9 ,0.1, 6.2
"Johnson County, Missouri(2)",29101,Rural,149.5 ,128.6, 172.9,N/A , N/A , N/A,39,rising,3.6 ,1.6, 11.2
"Nuckolls County, Nebraska(2)",31129,Rural,149.5 ,90.6, 237.6,N/A , N/A , N/A,5,stable,-1.3 ,-5.1, 2.4
"Mason County, Michigan(2)",26105,Rural,149.5 ,125, 177.7,N/A , N/A , N/A,33,stable,7.4 ,-4.2, 20.7
"Durham County, North Carolina(2)",37063,Urban,149.4 ,141.5, 157.7,N/A , N/A , N/A,281,stable,-1.2 ,-6.0, 0.5
"Saline County, Nebraska(2)",31151,Rural,149.4 ,113.1, 193.8,N/A , N/A , N/A,12,stable,-0.5 ,-3.0, 2.2
"Hartford County, Connecticut(7)",09003,Urban,149.3 ,144.8, 154,N/A , N/A , N/A,886,rising,0.9 ,0.4, 1.9
"Lavaca County, Texas(7)",48285,Rural,149.3 ,119.9, 184.1,N/A , N/A , N/A,22,stable,1.7 ,-1.1, 4.8
"Litchfield County, Connecticut(7)",09005,Rural,149.3 ,139.6, 159.6,N/A , N/A , N/A,207,rising,2.0 ,0.2, 7.2
"Jasper County, Georgia(7)",13159,Urban,149.3 ,116.5, 189.1,N/A , N/A , N/A,15,rising,1.9 ,0.4, 4.1
"Dakota County, Minnesota(2)",27037,Urban,149.2 ,142.5, 156.2,N/A , N/A , N/A,391,rising,0.8 ,0.2, 1.5
"Centre County, Pennsylvania(2)",42027,Urban,149.2 ,137, 162.2,N/A , N/A , N/A,122,rising,1.8 ,0.7, 2.9
"Bond County, Illinois(7)",17005,Urban,149.2 ,115.7, 189.8,N/A , N/A , N/A,15,stable,-0.3 ,-2.4, 1.9
"Josephine County, Oregon(2)",41033,Urban,149.2 ,135.2, 164.4,N/A , N/A , N/A,107,stable,0.8 ,-0.2, 1.9
"Grenada County, Mississippi(2)",28043,Rural,149.1 ,120.5, 182.7,N/A , N/A , N/A,21,stable,0.8 ,-1.4, 3.1
"Carroll County, Arkansas(2)",05015,Rural,149.1 ,123.9, 178.2,N/A , N/A , N/A,30,rising,2.3 ,0.1, 4.8
"Lamar County, Georgia(7)",13171,Rural,149.1 ,117.7, 186.5,N/A , N/A , N/A,17,stable,-0.1 ,-1.8, 1.7
"Lowndes County, Alabama(2)",01085,Urban,149 ,109.7, 198.9,N/A , N/A , N/A,11,stable,2.7 ,0.0, 5.7
"New Castle County, Delaware(2)",10003,Urban,149 ,143.2, 154.9,N/A , N/A , N/A,541,rising,1.0 ,0.4, 1.7
"Barbour County, West Virginia(2)",54001,Rural,149 ,116.8, 188.1,N/A , N/A , N/A,16,stable,2.8 ,-0.2, 6.1
"Attala County, Mississippi(2)",28007,Rural,148.9 ,118, 185.7,N/A , N/A , N/A,18,rising,10.4 ,0.6, 25.8
"Clay County, Minnesota(2)",27027,Urban,148.8 ,130.4, 169.2,N/A , N/A , N/A,50,stable,1.3 ,0.0, 2.8
"Washington County, Rhode Island(2)",44009,Urban,148.8 ,136.9, 161.6,N/A , N/A , N/A,143,stable,0.6 ,-0.3, 1.4
"Blue Earth County, Minnesota(2)",27013,Urban,148.8 ,130.5, 168.9,N/A , N/A , N/A,52,stable,1.3 ,0.0, 2.7
"Appling County, Georgia(7)",13001,Rural,148.8 ,118.3, 185,N/A , N/A , N/A,18,rising,2.0 ,0.3, 4.0
"Morris County, New Jersey(7)",34027,Urban,148.7 ,142.8, 154.9,N/A , N/A , N/A,504,stable,0.2 ,-0.2, 0.6
"Houston County, Minnesota(2)",27055,Urban,148.7 ,118.1, 185.5,N/A , N/A , N/A,19,stable,0.3 ,-2.2, 2.9
"Wyoming County, New York(7)",36121,Rural,148.7 ,127.7, 172.4,N/A , N/A , N/A,41,stable,1.0 ,0.0, 2.2
"Bristol County, Rhode Island(2)",44001,Urban,148.6 ,130.3, 169.1,N/A , N/A , N/A,54,stable,0.2 ,-1.1, 1.6
"Mason County, Illinois(7)",17125,Rural,148.6 ,113.9, 191.3,N/A , N/A , N/A,14,stable,19.7 ,-0.2, 34.4
"Middlesex County, Virginia(2)",51119,Rural,148.6 ,108.5, 200.6,N/A , N/A , N/A,14,stable,1.4 ,-0.6, 3.3
"Burlington County, New Jersey(7)",34005,Urban,148.5 ,142.2, 155,N/A , N/A , N/A,460,rising,1.1 ,0.6, 2.6
"Lewis County, New York(7)",36049,Rural,148.4 ,122.5, 178.5,N/A , N/A , N/A,26,rising,2.4 ,0.2, 5.0
"Licking County, Ohio(2)",39089,Urban,148.4 ,138.3, 159.1,N/A , N/A , N/A,173,stable,1.1 ,-0.1, 2.4
"Iowa County, Iowa(7)",19095,Rural,148.4 ,116.6, 186.8,N/A , N/A , N/A,17,stable,0.4 ,-0.9, 1.9
"Cobb County, Georgia(7)",13067,Urban,148.4 ,143.3, 153.7,N/A , N/A , N/A,653,rising,1.3 ,0.9, 2.0
"Tyrrell County, North Carolina(2)",37177,Rural,148.4 ,79.3, 256.6,N/A , N/A , N/A,3,stable,2.8 ,-2.0, 8.1
"St. Landry Parish, Louisiana(7)",22097,Rural,148.4 ,133.2, 164.9,N/A , N/A , N/A,76,stable,0.9 ,0.0, 2.0
"Stewart County, Georgia(7)",13259,Urban,148.4 ,80.4, 252.9,N/A , N/A , N/A,3,stable,2.1 ,-2.2, 6.9
"Goochland County, Virginia(2)",51075,Urban,148.3 ,123.5, 177.4,N/A , N/A , N/A,30,stable,1.1 ,-1.5, 4.3
"Cooper County, Missouri(2)",29053,Urban,148.3 ,116.7, 186.3,N/A , N/A , N/A,17,stable,1.0 ,-1.7, 3.9
"King County, Washington(7)",53033,Urban,148.2 ,145.2, 151.3,N/A , N/A , N/A,1842,rising,0.4 ,0.2, 0.8
"Henrico County, Virginia(2)",51087,Urban,148.2 ,140.9, 155.8,N/A , N/A , N/A,326,stable,0.6 ,0.0, 1.3
"Midland County, Michigan(2)",26111,Urban,148.1 ,133.5, 164,N/A , N/A , N/A,84,stable,0.6 ,-0.7, 2.1
"DeWitt County, Texas(7)",48123,Rural,148.1 ,115.9, 186.6,N/A , N/A , N/A,17,stable,-0.5 ,-2.9, 2.0
"Powell County, Montana(2)",30077,Rural,148.1 ,96.2, 222.1,N/A , N/A , N/A,6,stable,-0.1 ,-4.4, 4.2
"Torrance County, New Mexico(7)",35057,Urban,148.1 ,114.8, 188.8,N/A , N/A , N/A,16,rising,2.4 ,0.6, 4.8
"Sibley County, Minnesota(2)",27143,Rural,148 ,112.8, 191.2,N/A , N/A , N/A,14,stable,1.4 ,-1.0, 4.0
"Rowan County, North Carolina(2)",37159,Urban,148 ,137, 159.8,N/A , N/A , N/A,144,stable,-4.5 ,-9.5, 0.6
"Somerset County, New Jersey(7)",34035,Urban,148 ,140.7, 155.5,N/A , N/A , N/A,336,stable,0.4 ,-0.1, 1.0
"Greenville County, South Carolina(2)",45045,Urban,147.9 ,141.9, 154.1,N/A , N/A , N/A,489,rising,1.6 ,1.0, 3.0
"Mitchell County, North Carolina(2)",37121,Rural,147.9 ,115.6, 187.6,N/A , N/A , N/A,17,stable,2.4 ,-0.3, 5.4
"Oconto County, Wisconsin(2)",55083,Urban,147.8 ,126.2, 172.4,N/A , N/A , N/A,39,rising,2.9 ,1.4, 6.7
"Dallas County, Alabama(2)",01047,Rural,147.8 ,126.6, 171.6,N/A , N/A , N/A,40,stable,1.1 ,-0.3, 2.6
"Chester County, Pennsylvania(2)",42029,Urban,147.7 ,141.8, 153.9,N/A , N/A , N/A,498,rising,0.7 ,0.2, 1.3
"Grimes County, Texas(7)",48185,Rural,147.7 ,121.3, 178.2,N/A , N/A , N/A,25,rising,2.8 ,1.7, 4.3
"Norfolk County, Massachusetts(2)",25021,Urban,147.7 ,142.6, 152.9,N/A , N/A , N/A,702,rising,0.7 ,0.3, 1.2
"Lexington County, South Carolina(2)",45063,Urban,147.6 ,139.8, 155.9,N/A , N/A , N/A,280,rising,0.9 ,0.2, 1.6
"Warren County, Ohio(2)",39165,Urban,147.6 ,138.8, 156.9,N/A , N/A , N/A,221,rising,0.9 ,0.1, 1.8
"Chesterfield County, Virginia(2)",51041,Urban,147.6 ,140.4, 155,N/A , N/A , N/A,338,stable,0.5 ,-0.5, 1.7
"Payette County, Idaho(7)",16075,Rural,147.5 ,121, 178.4,N/A , N/A , N/A,24,stable,0.5 ,-1.5, 2.9
"Grundy County, Illinois(7)",17063,Urban,147.5 ,128.4, 168.6,N/A , N/A , N/A,45,stable,-1.8 ,-6.7, 0.7
"Williamson County, Tennessee(2)",47187,Urban,147.4 ,138.6, 156.6,N/A , N/A , N/A,219,stable,0.8 ,0.0, 1.8
"Petersburg City, Virginia(2)",51730,Urban,147.4 ,124.7, 173.2,N/A , N/A , N/A,34,stable,0.8 ,-1.3, 3.1
"Fairfield County, Connecticut(7)",09001,Urban,147.3 ,142.9, 151.9,N/A , N/A , N/A,901,stable,0.1 ,0.0, 0.4
"Geauga County, Ohio(2)",39055,Urban,147.3 ,133.8, 161.9,N/A , N/A , N/A,101,stable,1.0 ,0.0, 2.0
"Cherokee County, Georgia(7)",13057,Urban,147.3 ,138.9, 156.1,N/A , N/A , N/A,242,rising,2.0 ,0.6, 6.9
"Alamance County, North Carolina(2)",37001,Urban,147.3 ,137.1, 158.1,N/A , N/A , N/A,165,stable,1.0 ,-0.2, 1.8
"Desha County, Arkansas(2)",05041,Rural,147.3 ,107.3, 197.5,N/A , N/A , N/A,10,stable,1.3 ,-1.6, 4.2
"DuPage County, Illinois(7)",17043,Urban,147.3 ,142.8, 151.9,N/A , N/A , N/A,872,stable,0.7 ,-2.7, 3.5
"Early County, Georgia(7)",13099,Rural,147.3 ,109.1, 195,N/A , N/A , N/A,11,stable,2.1 ,-0.4, 5.3
"Santa Cruz County, California(7)",06087,Urban,147.3 ,138.7, 156.2,N/A , N/A , N/A,246,rising,1.3 ,0.6, 2.7
"Cumberland County, Maine(2)",23005,Urban,147.2 ,139.5, 155.2,N/A , N/A , N/A,307,rising,3.6 ,0.7, 6.6
"Latimer County, Oklahoma(2)",40077,Rural,147.2 ,104.7, 201.8,N/A , N/A , N/A,9,stable,2.8 ,-0.6, 6.4
"Ottawa County, Ohio(2)",39123,Urban,147.1 ,126.8, 170.2,N/A , N/A , N/A,48,stable,0.5 ,-0.7, 1.8
"Washington County, Alabama(2)",01129,Rural,147.1 ,114.5, 186.7,N/A , N/A , N/A,16,stable,-0.4 ,-4.0, 3.0
"Wayne County, Kentucky(7)",21231,Rural,147.1 ,117.4, 182.4,N/A , N/A , N/A,20,stable,1.0 ,-0.9, 3.1
"Jersey County, Illinois(7)",17083,Urban,147.1 ,119.2, 179.9,N/A , N/A , N/A,22,stable,0.8 ,-1.3, 3.3
"Kandiyohi County, Minnesota(2)",27067,Rural,147.1 ,126.7, 169.9,N/A , N/A , N/A,43,stable,0.6 ,-1.5, 2.8
"Bullock County, Alabama(2)",01011,Rural,147 ,104.8, 201.5,N/A , N/A , N/A,9,stable,1.3 ,-1.5, 4.2
"Spotsylvania County, Virginia(2)",51177,Urban,147 ,135.3, 159.4,N/A , N/A , N/A,125,stable,1.1 ,-0.3, 2.8
"Jackson County, Iowa(7)",19097,Rural,147 ,116.9, 182.9,N/A , N/A , N/A,19,stable,0.2 ,-1.2, 1.8
"Mifflin County, Pennsylvania(2)",42087,Rural,146.9 ,127.4, 168.8,N/A , N/A , N/A,48,rising,1.6 ,0.4, 2.9
"Hennepin County, Minnesota(2)",27053,Urban,146.9 ,142.9, 151,N/A , N/A , N/A,1076,rising,0.7 ,0.1, 1.3
"Hertford County, North Carolina(2)",37091,Rural,146.9 ,118.9, 180.1,N/A , N/A , N/A,23,stable,0.9 ,-0.9, 2.9
"Hampton County, South Carolina(2)",45049,Rural,146.9 ,115, 185.2,N/A , N/A , N/A,17,stable,2.2 ,-0.3, 4.8
"Harford County, Maryland(2)",24025,Urban,146.9 ,138.5, 155.6,N/A , N/A , N/A,251,rising,1.4 ,0.6, 2.3
"Minnehaha County, South Dakota(2)",46099,Urban,146.8 ,136.1, 158.2,N/A , N/A , N/A,149,stable,0.0 ,-1.2, 1.3
"Summit County, Utah(7)",49043,Rural,146.8 ,124.8, 171.7,N/A , N/A , N/A,36,stable,0.8 ,-0.4, 2.6
"Randolph County, West Virginia(2)",54083,Rural,146.7 ,122.1, 175.3,N/A , N/A , N/A,29,stable,2.0 ,-0.4, 4.7
"Delaware County, Ohio(2)",39041,Urban,146.6 ,137.1, 156.5,N/A , N/A , N/A,184,stable,0.4 ,-0.2, 1.2
"Perry County, Arkansas(2)",05105,Urban,146.6 ,106.8, 197.5,N/A , N/A , N/A,10,rising,4.7 ,0.5, 18.6
"Dougherty County, Georgia(7)",13095,Urban,146.5 ,131.8, 162.3,N/A , N/A , N/A,80,rising,2.4 ,1.2, 7.0
"Linn County, Iowa(7)",19113,Urban,146.5 ,137.3, 156,N/A , N/A , N/A,206,rising,0.6 ,0.1, 1.1
"Kiowa County, Oklahoma(2)",40075,Rural,146.4 ,100.6, 206.4,N/A , N/A , N/A,8,stable,1.1 ,-3.5, 5.4
"Albany County, New York(7)",36001,Urban,146.4 ,138.5, 154.5,N/A , N/A , N/A,291,stable,1.2 ,-2.4, 4.4
"Winneshiek County, Iowa(7)",19191,Rural,146.3 ,116.7, 181.7,N/A , N/A , N/A,20,stable,0.5 ,-0.8, 1.9
"Paulding County, Georgia(7)",13223,Urban,146.3 ,135.3, 158,N/A , N/A , N/A,136,rising,1.2 ,0.1, 2.6
"Yancey County, North Carolina(2)",37199,Rural,146.3 ,117.4, 180.9,N/A , N/A , N/A,22,stable,1.0 ,-0.7, 2.7
"Dearborn County, Indiana(2)",18029,Urban,146.3 ,127.6, 167,N/A , N/A , N/A,49,stable,1.8 ,-0.1, 3.9
"Strafford County, New Hampshire(2)",33017,Urban,146.2 ,134, 159.4,N/A , N/A , N/A,116,stable,0.6 ,-0.5, 1.8
"Jo Daviess County, Illinois(7)",17085,Rural,146.2 ,117.4, 180.6,N/A , N/A , N/A,24,stable,0.4 ,-1.4, 2.3
"Fayette County, Georgia(7)",13113,Urban,146.2 ,134.3, 159,N/A , N/A , N/A,123,stable,0.5 ,-0.4, 1.5
"McLean County, North Dakota(2)",38055,Rural,146.2 ,102.7, 202.7,N/A , N/A , N/A,9,stable,1.0 ,-3.3, 5.5
"Owyhee County, Idaho(7)",16073,Urban,146.2 ,107.9, 194.2,N/A , N/A , N/A,11,stable,2.5 ,-0.3, 6.5
"Anderson County, Kentucky(7)",21005,Rural,146.2 ,119.5, 177.3,N/A , N/A , N/A,22,stable,0.1 ,-1.9, 2.5
"Osage County, Missouri(2)",29151,Urban,146.1 ,109.8, 191.2,N/A , N/A , N/A,12,stable,0.9 ,-2.2, 4.5
"McIntosh County, Georgia(7)",13191,Urban,146.1 ,110.2, 192,N/A , N/A , N/A,14,rising,2.5 ,0.3, 5.1
"Ada County, Idaho(7)",16001,Urban,146.1 ,139.8, 152.6,N/A , N/A , N/A,424,rising,1.1 ,0.5, 2.3
"Bergen County, New Jersey(7)",34003,Urban,146.1 ,141.7, 150.5,N/A , N/A , N/A,926,rising,0.9 ,0.4, 2.0
"Stewart County, Tennessee(2)",47161,Urban,146.1 ,110.6, 189.9,N/A , N/A , N/A,14,stable,1.8 ,-0.6, 4.4
"St. James Parish, Louisiana(7)",22093,Urban,146 ,116.8, 180.6,N/A , N/A , N/A,19,rising,2.5 ,0.9, 4.4
"Rockingham County, New Hampshire(2)",33015,Urban,146 ,138.5, 153.8,N/A , N/A , N/A,325,stable,0.5 ,-0.2, 1.2
"Effingham County, Georgia(7)",13103,Urban,145.9 ,128.3, 165.3,N/A , N/A , N/A,52,stable,0.3 ,-0.7, 1.6
"Middlesex County, Massachusetts(2)",25017,Urban,145.9 ,142.5, 149.4,N/A , N/A , N/A,1449,stable,0.3 ,0.0, 0.7
"Belknap County, New Hampshire(2)",33001,Rural,145.9 ,129.9, 163.6,N/A , N/A , N/A,72,stable,0.1 ,-1.0, 1.2
"Big Stone County, Minnesota(2)",27011,Rural,145.8 ,92.6, 222.1,N/A , N/A , N/A,6,falling,-24.2 ,-40.5, -0.3
"Vance County, North Carolina(2)",37181,Rural,145.8 ,126, 168,N/A , N/A , N/A,44,rising,2.4 ,1.1, 3.9
"Wright County, Minnesota(2)",27171,Urban,145.8 ,133.7, 158.6,N/A , N/A , N/A,111,rising,2.4 ,1.4, 6.1
"Latah County, Idaho(7)",16057,Rural,145.7 ,121.7, 173.1,N/A , N/A , N/A,28,stable,6.4 ,-1.1, 17.6
"Richmond County, Virginia(2)",51159,Rural,145.7 ,98.6, 208.6,N/A , N/A , N/A,8,stable,0.1 ,-3.2, 3.5
"White County, Georgia(7)",13311,Rural,145.7 ,120.9, 174.3,N/A , N/A , N/A,30,stable,1.1 ,-0.1, 2.5
"Carroll County, Missouri(2)",29033,Rural,145.7 ,103.3, 201,N/A , N/A , N/A,9,stable,2.9 ,-0.9, 7.3
"Fayette County, Kentucky(7)",21067,Urban,145.7 ,137.6, 154.1,N/A , N/A , N/A,260,stable,0.1 ,-0.4, 0.7
"Bertie County, North Carolina(2)",37015,Rural,145.6 ,114.8, 182.9,N/A , N/A , N/A,20,stable,1.6 ,-0.7, 3.9
"Houston County, Georgia(7)",13153,Urban,145.5 ,134.6, 157.2,N/A , N/A , N/A,135,rising,2.0 ,1.3, 4.0
"Sumter County, Florida(2)",12119,Urban,145.5 ,130.7, 161.8,N/A , N/A , N/A,239,stable,0.0 ,-1.3, 1.3
"Clay County, Mississippi(2)",28025,Rural,145.5 ,115.8, 180.7,N/A , N/A , N/A,19,rising,3.5 ,1.1, 6.0
"Becker County, Minnesota(2)",27005,Rural,145.4 ,122.8, 171.2,N/A , N/A , N/A,34,rising,2.4 ,0.9, 4.2
"Merrimack County, New Hampshire(2)",33013,Rural,145.4 ,134.6, 156.9,N/A , N/A , N/A,151,stable,0.7 ,-0.3, 1.8
"Barton County, Missouri(2)",29011,Rural,145.4 ,108, 192.3,N/A , N/A , N/A,12,stable,14.6 ,-0.7, 36.2
"Cumberland County, Illinois(7)",17035,Rural,145.4 ,106, 195.3,N/A , N/A , N/A,10,stable,0.9 ,-2.5, 4.6
"Montgomery County, Pennsylvania(2)",42091,Urban,145.4 ,140.8, 150.1,N/A , N/A , N/A,831,stable,0.5 ,0.0, 1.0
"Franklin County, Georgia(7)",13119,Rural,145.3 ,118.4, 176.7,N/A , N/A , N/A,23,rising,2.6 ,0.5, 5.2
"Boone County, Indiana(2)",18011,Urban,145.3 ,128.9, 163.2,N/A , N/A , N/A,59,stable,0.6 ,-0.8, 2.3
"Kershaw County, South Carolina(2)",45055,Urban,145.2 ,129, 163,N/A , N/A , N/A,65,rising,1.6 ,0.3, 3.1
"Osceola County, Iowa(7)",19143,Rural,145.2 ,95.7, 213.4,N/A , N/A , N/A,7,stable,-0.2 ,-2.3, 2.0
"Watonwan County, Minnesota(2)",27165,Rural,145.2 ,107.1, 193.2,N/A , N/A , N/A,11,rising,9.0 ,0.2, 33.1
"Alpena County, Michigan(2)",26007,Rural,145.1 ,121.2, 172.9,N/A , N/A , N/A,32,stable,0.8 ,-0.8, 2.4
"Barrow County, Georgia(7)",13013,Urban,145.1 ,129.9, 161.6,N/A , N/A , N/A,69,rising,3.6 ,2.1, 7.1
"Robeson County, North Carolina(2)",37155,Rural,145 ,132.4, 158.5,N/A , N/A , N/A,105,rising,4.8 ,2.1, 12.8
"Leflore County, Mississippi(2)",28083,Rural,145 ,119.4, 174.5,N/A , N/A , N/A,24,stable,1.9 ,-0.2, 4.2
"Nash County, North Carolina(2)",37127,Urban,145 ,131.4, 159.7,N/A , N/A , N/A,93,stable,0.4 ,-0.8, 1.6
"Lake County, Illinois(7)",17097,Urban,145 ,139.8, 150.3,N/A , N/A , N/A,621,stable,0.3 ,-0.2, 0.8
"Nottoway County, Virginia(2)",51135,Rural,144.9 ,112.1, 185.2,N/A , N/A , N/A,15,stable,-1.0 ,-3.5, 1.5
"Baltimore County, Maryland(2)",24005,Urban,144.9 ,140.3, 149.6,N/A , N/A , N/A,827,rising,0.9 ,0.3, 2.9
"Jefferson County, Kentucky(7)",21111,Urban,144.8 ,139.9, 149.9,N/A , N/A , N/A,715,rising,0.5 ,0.2, 0.7
"Cavalier County, North Dakota(2)",38019,Rural,144.8 ,73.4, 256,N/A , N/A , N/A,3,stable,0.1 ,-4.6, 3.7
"Beaver County, Pennsylvania(2)",42007,Urban,144.8 ,134.5, 155.6,N/A , N/A , N/A,177,stable,1.0 ,-0.1, 2.0
"Jasper County, Illinois(7)",17079,Rural,144.8 ,101.6, 200.5,N/A , N/A , N/A,9,stable,1.2 ,-1.9, 4.6
"Richland County, South Carolina(2)",45079,Urban,144.8 ,137.8, 152,N/A , N/A , N/A,340,stable,0.2 ,-0.2, 0.7
"Hardeman County, Tennessee(2)",47069,Rural,144.8 ,117.4, 176.9,N/A , N/A , N/A,23,stable,1.7 ,-1.1, 4.7
"Westchester County, New York(7)",36119,Urban,144.7 ,140.5, 149.1,N/A , N/A , N/A,951,rising,0.4 ,0.1, 0.7
"Logan County, Illinois(7)",17107,Rural,144.7 ,119.7, 173.6,N/A , N/A , N/A,26,stable,0.4 ,-1.7, 2.7
"Dillon County, South Carolina(2)",45033,Rural,144.7 ,119.8, 173.4,N/A , N/A , N/A,26,stable,1.4 ,-0.6, 3.5
"Ogle County, Illinois(7)",17141,Rural,144.7 ,125.9, 165.5,N/A , N/A , N/A,48,rising,10.7 ,3.4, 15.4
"Livingston County, Missouri(2)",29117,Rural,144.7 ,113.9, 182.1,N/A , N/A , N/A,16,stable,1.0 ,-2.1, 4.3
"Fleming County, Kentucky(7)",21069,Rural,144.7 ,112.5, 183.7,N/A , N/A , N/A,15,stable,1.0 ,-1.2, 3.7
"West Feliciana Parish, Louisiana(7)",22125,Urban,144.7 ,105.8, 193.9,N/A , N/A , N/A,10,stable,0.8 ,-1.3, 3.5
"Ingham County, Michigan(2)",26065,Urban,144.6 ,136, 153.7,N/A , N/A , N/A,223,rising,2.9 ,1.4, 7.3
"Pinellas County, Florida(2)",12103,Urban,144.6 ,140.5, 148.8,N/A , N/A , N/A,1136,rising,1.0 ,0.6, 1.4
"Augusta County, Virginia(2)",51015,Urban,144.6 ,129.9, 160.7,N/A , N/A , N/A,81,rising,1.6 ,0.6, 2.7
"Chatham County, North Carolina(2)",37037,Urban,144.6 ,130.4, 160,N/A , N/A , N/A,90,stable,0.8 ,-0.4, 2.1
"Chesapeake City, Virginia(2)",51550,Urban,144.5 ,135.8, 153.7,N/A , N/A , N/A,215,stable,0.9 ,0.0, 1.9
"Jefferson County, Indiana(2)",18077,Rural,144.5 ,122, 170.2,N/A , N/A , N/A,32,rising,5.2 ,1.2, 18.4
"Chemung County, New York(7)",36015,Urban,144.5 ,129.8, 160.5,N/A , N/A , N/A,81,stable,0.6 ,-0.7, 1.9
"Clackamas County, Oregon(2)",41005,Urban,144.5 ,138.1, 151.2,N/A , N/A , N/A,411,stable,0.1 ,-0.7, 0.9
"Walworth County, Wisconsin(2)",55127,Rural,144.5 ,131.2, 158.7,N/A , N/A , N/A,99,rising,1.2 ,0.3, 2.2
"Suffolk County, New York(7)",36103,Urban,144.4 ,141, 148,N/A , N/A , N/A,1441,stable,1.8 ,0.0, 3.8
"Jones County, Georgia(7)",13169,Urban,144.4 ,120.3, 172.3,N/A , N/A , N/A,27,rising,1.8 ,0.3, 3.7
"Elk County, Pennsylvania(2)",42047,Rural,144.4 ,121.2, 171.2,N/A , N/A , N/A,33,stable,1.9 ,-0.4, 4.4
"Perry County, Missouri(2)",29157,Rural,144.4 ,116.1, 178.2,N/A , N/A , N/A,20,stable,0.7 ,-2.1, 3.7
"Bullitt County, Kentucky(7)",21029,Urban,144.3 ,129.7, 160.3,N/A , N/A , N/A,76,stable,0.5 ,-0.6, 1.9
"Kendall County, Illinois(7)",17093,Urban,144.3 ,131.7, 157.9,N/A , N/A , N/A,98,stable,0.3 ,-0.6, 1.5
"Oconee County, Georgia(7)",13219,Urban,144.3 ,124, 167.3,N/A , N/A , N/A,37,stable,0.4 ,-1.0, 2.1
"St. Charles County, Missouri(2)",29183,Urban,144.3 ,137.5, 151.3,N/A , N/A , N/A,363,stable,0.8 ,-0.1, 1.8
"Ontario County, New York(7)",36069,Urban,144.3 ,132, 157.5,N/A , N/A , N/A,118,stable,-2.1 ,-6.3, 1.0
"Sagadahoc County, Maine(2)",23023,Urban,144.2 ,123.7, 167.5,N/A , N/A , N/A,42,stable,-0.1 ,-1.7, 1.5
"Holmes County, Mississippi(2)",28051,Urban,144.2 ,112.3, 182.6,N/A , N/A , N/A,15,stable,0.9 ,-3.3, 5.2
"York County, South Carolina(2)",45091,Urban,144.2 ,136.1, 152.7,N/A , N/A , N/A,247,rising,1.1 ,0.2, 2.1
"Clarendon County, South Carolina(2)",45027,Rural,144.2 ,122.2, 169.5,N/A , N/A , N/A,37,falling,-14.3 ,-24.9, -6.8
"Sonoma County, California(7)",06097,Urban,144.1 ,138.2, 150.3,N/A , N/A , N/A,497,rising,3.3 ,0.1, 7.7
"Warren County, New Jersey(7)",34041,Urban,144.1 ,131.7, 157.4,N/A , N/A , N/A,112,rising,4.3 ,0.1, 10.9
"Plymouth County, Massachusetts(2)",25023,Urban,144.1 ,138.3, 150,N/A , N/A , N/A,531,rising,0.8 ,0.2, 1.5
"Dallas County, Iowa(7)",19049,Urban,144.1 ,129.8, 159.5,N/A , N/A , N/A,76,stable,0.0 ,-0.4, 0.6
"Moore County, North Carolina(2)",37125,Urban,144 ,131.1, 158,N/A , N/A , N/A,109,stable,0.1 ,-0.8, 1.0
"Will County, Illinois(7)",17197,Urban,144 ,138.7, 149.4,N/A , N/A , N/A,583,rising,1.3 ,0.8, 2.9
"Warren County, North Carolina(2)",37185,Rural,144 ,115.7, 178.1,N/A , N/A , N/A,23,stable,0.0 ,-2.7, 2.7
"Anne Arundel County, Maryland(2)",24003,Urban,144 ,138.3, 149.8,N/A , N/A , N/A,522,stable,0.7 ,-0.1, 1.5
"Livingston County, Kentucky(7)",21139,Urban,144 ,102.4, 198.1,N/A , N/A , N/A,9,stable,-0.7 ,-3.7, 2.6
"Polk County, Iowa(7)",19153,Urban,143.9 ,137.5, 150.6,N/A , N/A , N/A,394,stable,0.1 ,-0.2, 0.5
"Ringgold County, Iowa(7)",19159,Rural,143.9 ,85.4, 228.9,N/A , N/A , N/A,5,stable,0.6 ,-1.2, 2.6
"Clark County, Arkansas(2)",05019,Rural,143.9 ,114.1, 179.3,N/A , N/A , N/A,18,stable,3.6 ,-1.2, 17.9
"Broome County, New York(7)",36007,Urban,143.9 ,134.1, 154.3,N/A , N/A , N/A,188,rising,1.1 ,0.6, 1.6
"Hardin County, Ohio(2)",39065,Rural,143.9 ,119.3, 172.2,N/A , N/A , N/A,26,rising,2.2 ,0.2, 4.3
"Sarpy County, Nebraska(2)",31153,Urban,143.9 ,133.4, 155,N/A , N/A , N/A,145,stable,0.4 ,-0.4, 1.5
"De Soto Parish, Louisiana(7)",22031,Urban,143.9 ,118.3, 173.5,N/A , N/A , N/A,25,stable,0.3 ,-1.5, 2.4
"Sussex County, New Jersey(7)",34037,Urban,143.9 ,133, 155.5,N/A , N/A , N/A,145,stable,0.7 ,-0.3, 3.9
"Monongalia County, West Virginia(2)",54061,Urban,143.8 ,129.2, 159.7,N/A , N/A , N/A,75,stable,1.0 ,-0.3, 2.4
"Putnam County, Illinois(7)",17155,Rural,143.8 ,91.4, 217.5,N/A , N/A , N/A,6,stable,1.6 ,-2.4, 16.6
"Lorain County, Ohio(2)",39093,Urban,143.8 ,136.2, 151.7,N/A , N/A , N/A,301,rising,2.0 ,1.3, 4.4
"Island County, Washington(7)",53029,Rural,143.8 ,129.5, 159.3,N/A , N/A , N/A,97,stable,-0.5 ,-1.2, 0.4
"Deschutes County, Oregon(2)",41017,Urban,143.8 ,134.4, 153.6,N/A , N/A , N/A,197,stable,0.8 ,-0.3, 2.1
"Graham County, North Carolina(2)",37075,Rural,143.8 ,101.5, 200,N/A , N/A , N/A,9,stable,0.3 ,-5.0, 3.6
"Richmond County, New York(7)",36085,Urban,143.8 ,137.7, 150,N/A , N/A , N/A,457,rising,3.0 ,0.4, 4.7
"Yolo County, California(7)",06113,Urban,143.8 ,133.7, 154.4,N/A , N/A , N/A,159,stable,-0.1 ,-1.0, 1.0
"Brevard County, Florida(2)",12009,Urban,143.7 ,138.4, 149.2,N/A , N/A , N/A,681,rising,2.3 ,0.8, 7.2
"Butler County, Missouri(2)",29023,Rural,143.6 ,123.9, 165.8,N/A , N/A , N/A,42,stable,0.5 ,-1.8, 2.8
"Chelan County, Washington(2)",53007,Urban,143.6 ,128.5, 160.2,N/A , N/A , N/A,75,rising,1.1 ,0.1, 2.3
"Pembina County, North Dakota(2)",38067,Rural,143.6 ,94.2, 211.7,N/A , N/A , N/A,6,stable,3.8 ,-0.2, 8.3
"Douglas County, Minnesota(2)",27041,Rural,143.6 ,122.8, 167.1,N/A , N/A , N/A,41,rising,1.3 ,0.1, 2.5
"Bucks County, Pennsylvania(2)",42017,Urban,143.5 ,138.4, 148.9,N/A , N/A , N/A,655,rising,0.7 ,0.2, 1.2
"Kane County, Illinois(7)",17089,Urban,143.5 ,137.4, 149.9,N/A , N/A , N/A,431,rising,3.0 ,0.9, 6.8
"Calvert County, Maryland(2)",24009,Urban,143.5 ,129.6, 158.5,N/A , N/A , N/A,85,stable,0.6 ,-0.5, 1.9
"La Plata County, Colorado(2)",08067,Rural,143.5 ,126.1, 162.8,N/A , N/A , N/A,56,stable,0.9 ,-0.4, 2.5
"Lincoln County, Wisconsin(2)",55069,Rural,143.4 ,119.5, 171.3,N/A , N/A , N/A,30,stable,0.6 ,-1.3, 2.6
"La Salle County, Illinois(7)",17099,Rural,143.4 ,130.5, 157.3,N/A , N/A , N/A,103,stable,-0.1 ,-1.6, 1.4
"Washburn County, Wisconsin(2)",55129,Rural,143.4 ,110.8, 183.4,N/A , N/A , N/A,18,stable,0.6 ,-2.1, 3.5
"Madison County, North Carolina(2)",37115,Urban,143.4 ,117.5, 174.1,N/A , N/A , N/A,25,stable,0.6 ,-1.6, 3.1
"Kane County, Utah(7)",49025,Rural,143.3 ,99.5, 201.9,N/A , N/A , N/A,8,*,*,*,*
"Lancaster County, Virginia(2)",51103,Rural,143.3 ,105.8, 192.3,N/A , N/A , N/A,16,stable,1.5 ,-1.0, 4.0
"Smith County, Mississippi(2)",28129,Rural,143.3 ,110.3, 183.6,N/A , N/A , N/A,14,rising,3.8 ,0.6, 7.6
"Butts County, Georgia(7)",13035,Urban,143.3 ,116.6, 174.5,N/A , N/A , N/A,22,stable,0.2 ,-1.5, 2.2
"Green County, Kentucky(7)",21087,Rural,143.2 ,103.9, 193,N/A , N/A , N/A,10,stable,0.9 ,-1.6, 3.8
"Windham County, Connecticut(7)",09015,Urban,143.2 ,131.1, 156.2,N/A , N/A , N/A,113,rising,9.3 ,0.3, 15.1
"Emporia City, Virginia(2)",51595,Rural,143.2 ,89.6, 217,N/A , N/A , N/A,5,*,*,*,*
"Wilson County, North Carolina(2)",37195,Rural,143.1 ,128.8, 158.7,N/A , N/A , N/A,80,stable,0.6 ,-0.4, 1.7
"Moultrie County, Illinois(7)",17139,Rural,143.1 ,108.8, 185.2,N/A , N/A , N/A,13,stable,-0.2 ,-2.3, 2.0
"Jefferson County, Missouri(2)",29099,Urban,143.1 ,134.2, 152.5,N/A , N/A , N/A,208,rising,1.2 ,0.4, 2.2
"Columbia County, New York(7)",36021,Rural,143 ,126.8, 161,N/A , N/A , N/A,68,rising,3.4 ,1.1, 10.4
"Milwaukee County, Wisconsin(2)",55079,Urban,143 ,138.4, 147.8,N/A , N/A , N/A,754,rising,0.9 ,0.6, 1.3
"King William County, Virginia(2)",51101,Urban,143 ,112.3, 179.9,N/A , N/A , N/A,16,stable,0.9 ,-2.0, 4.1
"Wilkinson County, Georgia(7)",13319,Rural,142.9 ,103.6, 193.9,N/A , N/A , N/A,10,stable,2.1 ,-0.4, 5.2
"Chowan County, North Carolina(2)",37041,Rural,142.8 ,109.8, 183.7,N/A , N/A , N/A,16,stable,1.5 ,-1.9, 5.1
"Kent County, Delaware(2)",10001,Urban,142.8 ,133, 153.3,N/A , N/A , N/A,171,stable,1.1 ,0.0, 2.3
"Tioga County, New York(7)",36107,Urban,142.8 ,124.2, 163.7,N/A , N/A , N/A,49,stable,1.0 ,-0.1, 2.3
"Queen Annes County, Maryland(2)",24035,Urban,142.8 ,124.7, 162.9,N/A , N/A , N/A,50,rising,1.8 ,0.1, 3.7
"Traill County, North Dakota(2)",38097,Rural,142.7 ,98.1, 202,N/A , N/A , N/A,8,stable,1.6 ,-2.8, 6.5
"Medina County, Ohio(2)",39103,Urban,142.7 ,133, 152.9,N/A , N/A , N/A,177,stable,0.6 ,-0.1, 1.4
"Hanover County, Virginia(2)",51085,Urban,142.7 ,130.5, 155.8,N/A , N/A , N/A,110,stable,0.6 ,-0.7, 1.9
"San Mateo County, California(7)",06081,Urban,142.7 ,137.8, 147.7,N/A , N/A , N/A,684,rising,0.6 ,0.2, 1.7
"Thurston County, Washington(7)",53067,Urban,142.6 ,134.9, 150.7,N/A , N/A , N/A,279,stable,0.0 ,-0.4, 0.4
"Craven County, North Carolina(2)",37049,Rural,142.6 ,129.2, 157.2,N/A , N/A , N/A,97,stable,0.7 ,-0.3, 1.6
"Delta County, Michigan(2)",26041,Rural,142.6 ,121.3, 167,N/A , N/A , N/A,40,stable,1.4 ,-0.8, 3.8
"La Crosse County, Wisconsin(2)",55063,Urban,142.6 ,129.9, 156.3,N/A , N/A , N/A,104,stable,-0.1 ,-1.1, 1.0
"Shelby County, Alabama(2)",01117,Urban,142.6 ,133.6, 152,N/A , N/A , N/A,198,rising,3.6 ,0.4, 9.2
"Independence County, Arkansas(2)",05063,Rural,142.6 ,121.1, 166.9,N/A , N/A , N/A,34,rising,8.4 ,3.1, 20.4
"Macomb County, Michigan(2)",26099,Urban,142.6 ,138.1, 147.2,N/A , N/A , N/A,840,rising,1.7 ,0.9, 4.1
"Allegheny County, Pennsylvania(2)",42003,Urban,142.6 ,138.7, 146.5,N/A , N/A , N/A,1214,rising,0.7 ,0.4, 1.0
"Pierce County, Washington(7)",53053,Urban,142.5 ,137.8, 147.3,N/A , N/A , N/A,743,stable,0.1 ,-0.2, 0.5
"Warren County, Georgia(7)",13301,Rural,142.5 ,92.7, 212.6,N/A , N/A , N/A,6,stable,-16.4 ,-37.1, 0.5
"Cortland County, New York(7)",36023,Rural,142.5 ,122.9, 164.4,N/A , N/A , N/A,42,stable,0.4 ,-1.3, 2.3
"Winnebago County, Wisconsin(2)",55139,Urban,142.5 ,131.9, 153.7,N/A , N/A , N/A,148,stable,0.7 ,-0.3, 1.7
"Canyon County, Idaho(7)",16027,Urban,142.5 ,133.1, 152.2,N/A , N/A , N/A,183,rising,1.9 ,1.2, 3.0
"Coweta County, Georgia(7)",13077,Urban,142.4 ,131.3, 154.3,N/A , N/A , N/A,127,stable,0.9 ,0.0, 2.0
"Williamsburg City, Virginia(2)",51830,Urban,142.3 ,101.7, 193.9,N/A , N/A , N/A,11,falling,-15.4 ,-35.7, -4.2
"Coos County, New Hampshire(2)",33007,Rural,142.3 ,120.8, 167.3,N/A , N/A , N/A,37,stable,0.6 ,-1.1, 2.4
"Tompkins County, New York(7)",36109,Urban,142.3 ,128, 157.9,N/A , N/A , N/A,80,stable,0.4 ,-0.6, 1.6
"Bureau County, Illinois(7)",17011,Rural,142.3 ,119.5, 168.4,N/A , N/A , N/A,33,stable,0.7 ,-1.4, 2.9
"Douglas County, Georgia(7)",13097,Urban,142.3 ,130.6, 154.7,N/A , N/A , N/A,116,rising,1.0 ,0.1, 2.1
"Carlisle County, Kentucky(7)",21039,Urban,142.2 ,87.6, 220.3,N/A , N/A , N/A,5,stable,0.3 ,-3.8, 4.4
"Oakland County, Michigan(2)",26125,Urban,142.2 ,138.5, 146,N/A , N/A , N/A,1199,rising,0.8 ,0.3, 2.6
"Boone County, Arkansas(2)",05009,Rural,142.2 ,121.6, 165.6,N/A , N/A , N/A,38,rising,1.8 ,0.1, 3.8
"Jackson County, Oregon(2)",41029,Urban,142.2 ,133.5, 151.3,N/A , N/A , N/A,234,stable,0.4 ,-0.4, 1.3
"Clay County, Illinois(7)",17025,Rural,142.2 ,107.5, 185.1,N/A , N/A , N/A,13,stable,1.1 ,-0.9, 3.3
"Maury County, Tennessee(2)",47119,Urban,142.2 ,129, 156.4,N/A , N/A , N/A,93,stable,0.6 ,-0.8, 2.2
"Lee County, Mississippi(2)",28081,Rural,142.1 ,127.7, 157.9,N/A , N/A , N/A,74,stable,0.6 ,-0.5, 1.8
"Young County, Texas(7)",48503,Rural,142.1 ,111.2, 179.3,N/A , N/A , N/A,16,rising,25.8 ,7.0, 44.3
"Charles County, Maryland(2)",24017,Urban,142.1 ,131.6, 153.2,N/A , N/A , N/A,143,rising,1.1 ,0.3, 2.1
"Lee County, Georgia(7)",13177,Urban,142.1 ,118.4, 169.3,N/A , N/A , N/A,26,stable,0.9 ,-1.3, 3.8
"Washtenaw County, Michigan(2)",26161,Urban,142.1 ,134.6, 149.8,N/A , N/A , N/A,291,stable,0.2 ,-0.7, 1.1
"Hamilton County, Ohio(2)",39061,Urban,142 ,137.2, 147,N/A , N/A , N/A,719,rising,0.7 ,0.2, 1.2
"Iberia Parish, Louisiana(7)",22045,Rural,142 ,125.8, 159.8,N/A , N/A , N/A,60,stable,0.0 ,-1.3, 1.4
"Dodge County, Nebraska(2)",31053,Rural,142 ,119.3, 167.8,N/A , N/A , N/A,32,stable,-0.7 ,-3.1, 1.7
"Somervell County, Texas(7)",48425,Rural,142 ,102.4, 193.2,N/A , N/A , N/A,9,*,*,*,*
"Racine County, Wisconsin(2)",55101,Urban,142 ,132.5, 152,N/A , N/A , N/A,183,stable,0.7 ,-0.6, 5.2
"Peoria County, Illinois(7)",17143,Urban,141.9 ,131.9, 152.5,N/A , N/A , N/A,164,stable,0.2 ,-0.7, 1.2
"Fulton County, Georgia(7)",13121,Urban,141.9 ,137.6, 146.4,N/A , N/A , N/A,832,rising,1.9 ,0.1, 3.7
"Lunenburg County, Virginia(2)",51111,Rural,141.9 ,106.4, 187,N/A , N/A , N/A,13,stable,1.1 ,-1.3, 3.6
"Moore County, Tennessee(2)",47127,Rural,141.9 ,92.1, 210.2,N/A , N/A , N/A,6,stable,0.7 ,-3.7, 5.4
"Murray County, Minnesota(2)",27101,Rural,141.9 ,99, 198.8,N/A , N/A , N/A,9,rising,2.5 ,0.1, 5.0
"Pierce County, North Dakota(2)",38069,Rural,141.9 ,80.7, 234.4,N/A , N/A , N/A,4,*,*,*,*
"Macon County, Missouri(2)",29121,Rural,141.8 ,109.1, 181.9,N/A , N/A , N/A,15,stable,0.4 ,-1.5, 2.4
"Clay County, Florida(2)",12019,Urban,141.8 ,133, 151.1,N/A , N/A , N/A,204,rising,2.9 ,0.6, 7.8
"Jasper County, Missouri(2)",29097,Urban,141.8 ,129.6, 154.9,N/A , N/A , N/A,106,rising,3.4 ,1.5, 9.3
"Meade County, South Dakota(2)",46093,Urban,141.7 ,115.7, 171.9,N/A , N/A , N/A,23,stable,2.1 ,-0.1, 4.5
"Union County, South Dakota(2)",46127,Urban,141.7 ,109.4, 180.9,N/A , N/A , N/A,14,stable,0.7 ,-3.4, 5.2
"Hancock County, Maine(2)",23009,Rural,141.6 ,124.6, 160.4,N/A , N/A , N/A,63,stable,0.7 ,-1.0, 2.5
"Santa Barbara County, California(7)",06083,Urban,141.5 ,134.7, 148.6,N/A , N/A , N/A,353,stable,0.3 ,-0.2, 1.0
"Whatcom County, Washington(7)",53073,Urban,141.5 ,132.4, 151.1,N/A , N/A , N/A,199,stable,0.1 ,-0.2, 0.4
"Multnomah County, Oregon(2)",41051,Urban,141.5 ,136.6, 146.5,N/A , N/A , N/A,657,stable,0.1 ,-0.3, 0.5
"Pontotoc County, Mississippi(2)",28115,Rural,141.5 ,117.5, 169,N/A , N/A , N/A,26,stable,0.5 ,-1.8, 3.0
"Washington County, Oregon(2)",41067,Urban,141.4 ,135.8, 147.3,N/A , N/A , N/A,485,stable,0.1 ,-0.3, 0.7
"Montgomery County, Ohio(2)",39113,Urban,141.4 ,135.7, 147.3,N/A , N/A , N/A,508,falling,-5.9 ,-9.1, -2.6
"Botetourt County, Virginia(2)",51023,Urban,141.4 ,119.9, 166.2,N/A , N/A , N/A,36,stable,1.6 ,-0.5, 4.0
"Champaign County, Illinois(7)",17019,Urban,141.4 ,131.1, 152.3,N/A , N/A , N/A,149,stable,0.2 ,-0.5, 0.9
"Cleveland County, North Carolina(2)",37045,Rural,141.4 ,128.4, 155.4,N/A , N/A , N/A,97,stable,1.0 ,-0.2, 2.4
"Lafayette County, Missouri(2)",29107,Urban,141.4 ,119.2, 166.7,N/A , N/A , N/A,32,rising,1.9 ,0.1, 3.9
"Lowndes County, Georgia(7)",13185,Urban,141.3 ,127.8, 155.9,N/A , N/A , N/A,84,rising,1.1 ,0.4, 2.1
"Warren County, Missouri(2)",29219,Urban,141.3 ,119.4, 166.3,N/A , N/A , N/A,33,rising,1.9 ,0.7, 3.3
"Forsyth County, North Carolina(2)",37067,Urban,141.3 ,134.5, 148.4,N/A , N/A , N/A,346,stable,0.5 ,-0.2, 1.3
"Frederick County, Maryland(2)",24021,Urban,141.3 ,133.1, 149.9,N/A , N/A , N/A,233,rising,4.9 ,0.7, 10.3
"Jefferson County, Arkansas(2)",05069,Rural,141.2 ,125.1, 159,N/A , N/A , N/A,62,stable,0.8 ,-0.7, 2.3
"Glynn County, Georgia(7)",13127,Urban,141.2 ,127.9, 155.7,N/A , N/A , N/A,94,stable,0.2 ,-1.0, 1.5
"Burt County, Nebraska(2)",31021,Rural,141.2 ,95.1, 204.4,N/A , N/A , N/A,7,stable,1.7 ,-1.2, 4.6
"Montgomery County, Alabama(2)",01101,Urban,141.2 ,132.3, 150.5,N/A , N/A , N/A,202,rising,0.7 ,0.1, 1.4
"Waushara County, Wisconsin(2)",55137,Rural,141.1 ,113.6, 173.8,N/A , N/A , N/A,24,stable,1.1 ,-1.6, 3.9
"Leelanau County, Michigan(2)",26089,Urban,141.1 ,113.7, 174,N/A , N/A , N/A,27,stable,0.4 ,-1.9, 2.8
"Duval County, Florida(2)",12031,Urban,141.1 ,136.8, 145.6,N/A , N/A , N/A,851,rising,0.5 ,0.1, 1.0
"El Dorado County, California(7)",06017,Urban,141 ,131.6, 151,N/A , N/A , N/A,195,rising,3.5 ,2.1, 6.0
"Pike County, Arkansas(2)",05109,Rural,141 ,101.6, 191.5,N/A , N/A , N/A,10,stable,1.9 ,-1.4, 5.5
"Lafayette County, Mississippi(2)",28071,Rural,141 ,121.5, 162.7,N/A , N/A , N/A,39,stable,0.8 ,-1.0, 2.8
"Flagler County, Florida(2)",12035,Urban,141 ,129.5, 153.3,N/A , N/A , N/A,150,rising,3.3 ,0.2, 9.0
"Craig County, Oklahoma(2)",40035,Rural,141 ,107.7, 182,N/A , N/A , N/A,14,stable,0.0 ,-2.9, 2.9
"Valley County, Idaho(7)",16085,Rural,141 ,105.1, 186.8,N/A , N/A , N/A,12,stable,-1.3 ,-3.1, 0.8
"Adams County, Illinois(7)",17001,Rural,140.9 ,124.5, 159,N/A , N/A , N/A,61,rising,1.4 ,0.3, 2.7
"Napa County, California(7)",06055,Urban,140.9 ,129.8, 152.7,N/A , N/A , N/A,132,stable,0.8 ,-0.6, 5.6
"Campbell County, Kentucky(7)",21037,Urban,140.8 ,127.2, 155.6,N/A , N/A , N/A,85,rising,0.6 ,0.1, 1.2
"Camden County, New Jersey(7)",34007,Urban,140.8 ,135, 146.9,N/A , N/A , N/A,466,rising,0.5 ,0.1, 1.1
"Jefferson Parish, Louisiana(7)",22051,Urban,140.8 ,134.5, 147.4,N/A , N/A , N/A,406,rising,0.8 ,0.4, 1.3
"Franklin County, Nebraska(2)",31061,Rural,140.8 ,79.8, 240.8,N/A , N/A , N/A,4,*,*,*,*
"Montgomery County, Maryland(2)",24031,Urban,140.8 ,136.7, 145,N/A , N/A , N/A,945,rising,3.0 ,0.6, 6.8
"Washington County, Maryland(2)",24043,Urban,140.7 ,129.9, 152.2,N/A , N/A , N/A,139,rising,1.0 ,0.3, 1.7
"Roanoke City, Virginia(2)",51770,Urban,140.7 ,127.4, 155,N/A , N/A , N/A,91,stable,0.5 ,-0.6, 1.7
"Clatsop County, Oregon(2)",41007,Rural,140.7 ,120.9, 163.1,N/A , N/A , N/A,44,stable,0.1 ,-1.8, 2.0
"Martin County, Indiana(2)",18101,Rural,140.7 ,98.2, 195.6,N/A , N/A , N/A,9,stable,-0.1 ,-3.9, 3.7
"Worth County, Iowa(7)",19195,Rural,140.6 ,96.8, 199.2,N/A , N/A , N/A,8,stable,0.5 ,-1.5, 2.7
"York County, Maine(2)",23031,Urban,140.5 ,131.7, 149.8,N/A , N/A , N/A,221,stable,0.3 ,-0.2, 0.8
"Laramie County, Wyoming(2)",56021,Urban,140.5 ,126.8, 155.2,N/A , N/A , N/A,85,rising,8.0 ,0.4, 15.8
"Sheridan County, Nebraska(2)",31161,Rural,140.4 ,87.2, 217.3,N/A , N/A , N/A,6,stable,1.3 ,-3.3, 6.4
"Madison County, Illinois(7)",17119,Urban,140.4 ,132.3, 148.8,N/A , N/A , N/A,248,rising,1.0 ,0.4, 1.7
"Monroe County, Georgia(7)",13207,Urban,140.4 ,116.7, 167.8,N/A , N/A , N/A,27,stable,1.0 ,-1.2, 3.8
"Trousdale County, Tennessee(2)",47169,Urban,140.4 ,98.3, 194.8,N/A , N/A , N/A,8,stable,2.4 ,-0.5, 5.9
"Madison County, Alabama(2)",01089,Urban,140.3 ,133.5, 147.5,N/A , N/A , N/A,336,stable,0.6 ,0.0, 1.3
"Jefferson County, Pennsylvania(2)",42065,Rural,140.3 ,121.3, 161.7,N/A , N/A , N/A,45,stable,1.2 ,-0.4, 2.9
"Greene County, Alabama(2)",01063,Urban,140.3 ,95.8, 199.4,N/A , N/A , N/A,8,stable,1.9 ,-0.3, 4.1
"Honolulu County, Hawaii(7)",15003,Urban,140.3 ,135.9, 144.7,N/A , N/A , N/A,881,rising,0.8 ,0.4, 1.2
"Muskingum County, Ohio(2)",39119,Rural,140.3 ,126.1, 155.7,N/A , N/A , N/A,79,stable,1.5 ,-0.1, 3.1
"Hancock County, West Virginia(2)",54029,Urban,140.2 ,117.8, 166.2,N/A , N/A , N/A,32,stable,0.3 ,-1.9, 2.6
"Houston County, Tennessee(2)",47083,Rural,140.2 ,96.2, 198.2,N/A , N/A , N/A,7,stable,1.0 ,-6.7, 4.0
"New Haven County, Connecticut(7)",09009,Urban,140.2 ,135.7, 144.8,N/A , N/A , N/A,806,stable,0.0 ,-0.3, 0.3
"Brown County, Minnesota(2)",27015,Rural,140.2 ,114.3, 170.4,N/A , N/A , N/A,24,stable,1.6 ,-1.3, 4.5
"Schenectady County, New York(7)",36093,Urban,140.2 ,129.7, 151.3,N/A , N/A , N/A,145,stable,0.3 ,-0.3, 0.9
"Essex County, Massachusetts(2)",25009,Urban,140.1 ,135.5, 144.9,N/A , N/A , N/A,753,rising,0.6 ,0.1, 1.2
"Yamhill County, Oregon(2)",41071,Urban,140.1 ,127.5, 153.8,N/A , N/A , N/A,98,stable,-0.1 ,-1.1, 1.0
"Flathead County, Montana(2)",30029,Rural,140.1 ,127.4, 153.8,N/A , N/A , N/A,101,stable,0.2 ,-0.7, 1.3
"Lincoln County, Georgia(7)",13181,Urban,140.1 ,93.2, 202.9,N/A , N/A , N/A,7,stable,0.4 ,-3.0, 4.1
"Butler County, Nebraska(2)",31023,Rural,140.1 ,97.6, 196.2,N/A , N/A , N/A,8,stable,2.5 ,-1.3, 6.7
"Burleigh County, North Dakota(2)",38015,Urban,140.1 ,126.3, 155,N/A , N/A , N/A,84,stable,0.8 ,-0.5, 2.2
"Douglas County, Nebraska(2)",31055,Urban,140.1 ,134.1, 146.2,N/A , N/A , N/A,444,stable,0.7 ,0.0, 1.4
"Jefferson County, Colorado(2)",08059,Urban,140 ,134.5, 145.7,N/A , N/A , N/A,524,rising,1.8 ,0.5, 5.1
"Dickson County, Tennessee(2)",47043,Urban,140 ,122.4, 159.5,N/A , N/A , N/A,49,stable,1.1 ,-0.2, 2.7
"Cumberland County, Virginia(2)",51049,Rural,140 ,102, 189,N/A , N/A , N/A,11,stable,2.1 ,-0.8, 5.4
"Greene County, Ohio(2)",39057,Urban,140 ,129.6, 151,N/A , N/A , N/A,150,stable,-0.2 ,-1.6, 1.3
"Pulaski County, Arkansas(2)",05119,Urban,139.9 ,133.2, 147,N/A , N/A , N/A,345,rising,4.0 ,0.7, 9.2
"Butler County, Ohio(2)",39017,Urban,139.9 ,133, 147.2,N/A , N/A , N/A,325,rising,0.9 ,0.3, 1.5
"Oglethorpe County, Georgia(7)",13221,Urban,139.9 ,107.7, 179.4,N/A , N/A , N/A,14,stable,0.4 ,-2.0, 3.2
"Cape Girardeau County, Missouri(2)",29031,Urban,139.9 ,124.8, 156.5,N/A , N/A , N/A,69,stable,1.3 ,0.0, 2.6
"Lincoln County, North Carolina(2)",37109,Urban,139.9 ,126.4, 154.6,N/A , N/A , N/A,85,rising,1.0 ,0.2, 1.9
"Burleson County, Texas(7)",48051,Urban,139.9 ,109, 177.1,N/A , N/A , N/A,17,stable,2.2 ,0.0, 4.9
"Jackson County, Minnesota(2)",27063,Rural,139.9 ,102.4, 188.4,N/A , N/A , N/A,11,rising,3.7 ,0.7, 7.1
"Franklin County, Ohio(2)",39049,Urban,139.9 ,135.9, 143.9,N/A , N/A , N/A,990,rising,0.7 ,0.3, 1.0
"Rensselaer County, New York(7)",36083,Urban,139.9 ,129.4, 151,N/A , N/A , N/A,145,rising,6.2 ,0.6, 9.8
"Marion County, Missouri(2)",29127,Rural,139.8 ,114.8, 168.9,N/A , N/A , N/A,24,stable,1.7 ,-0.6, 4.1
"Williamson County, Texas(7)",48491,Urban,139.8 ,134.2, 145.7,N/A , N/A , N/A,470,falling,-4.9 ,-8.0, -1.7
"Randolph County, North Carolina(2)",37151,Urban,139.8 ,128.9, 151.5,N/A , N/A , N/A,133,rising,1.0 ,0.1, 2.1
"Boone County, Kentucky(7)",21015,Urban,139.7 ,128, 152.2,N/A , N/A , N/A,110,stable,0.6 ,-0.2, 1.6
"Columbia County, Georgia(7)",13073,Urban,139.7 ,128.9, 151.1,N/A , N/A , N/A,129,stable,0.4 ,-0.4, 1.5
"Northampton County, Pennsylvania(2)",42095,Urban,139.7 ,132.2, 147.4,N/A , N/A , N/A,298,rising,0.9 ,0.3, 1.5
"Parker County, Texas(7)",48367,Urban,139.7 ,128.7, 151.4,N/A , N/A , N/A,127,rising,0.8 ,0.1, 1.7
"Fannin County, Georgia(7)",13111,Rural,139.7 ,114.6, 169.2,N/A , N/A , N/A,31,rising,3.7 ,2.4, 7.0
"Putnam County, West Virginia(2)",54079,Urban,139.6 ,123, 158,N/A , N/A , N/A,56,stable,0.6 ,-1.0, 2.3
"St. Marys County, Maryland(2)",24037,Urban,139.6 ,126.5, 153.7,N/A , N/A , N/A,88,rising,1.7 ,0.6, 3.0
"Ashland County, Wisconsin(2)",55003,Rural,139.6 ,107.2, 179.2,N/A , N/A , N/A,15,stable,0.9 ,-2.7, 4.5
"St. Croix County, Wisconsin(2)",55109,Urban,139.6 ,125.8, 154.6,N/A , N/A , N/A,79,rising,3.6 ,1.5, 6.5
"Platte County, Wyoming(2)",56031,Rural,139.6 ,97.9, 194.9,N/A , N/A , N/A,9,stable,1.1 ,-2.3, 4.9
"Sioux County, Iowa(7)",19167,Rural,139.5 ,115.7, 166.9,N/A , N/A , N/A,27,stable,0.2 ,-0.6, 1.2
"Lincoln County, Missouri(2)",29113,Urban,139.5 ,121.9, 159.2,N/A , N/A , N/A,48,rising,1.6 ,0.1, 3.5
"Cedar County, Nebraska(2)",31027,Rural,139.5 ,98.6, 193.8,N/A , N/A , N/A,9,stable,1.8 ,-1.8, 5.9
"Forsyth County, Georgia(7)",13117,Urban,139.5 ,130.8, 148.6,N/A , N/A , N/A,197,rising,4.9 ,0.9, 9.1
"Treutlen County, Georgia(7)",13283,Rural,139.5 ,89.2, 208.3,N/A , N/A , N/A,5,stable,-0.1 ,-3.5, 3.3
"Platte County, Missouri(2)",29165,Urban,139.4 ,126.5, 153.4,N/A , N/A , N/A,89,stable,-5.5 ,-10.1, 1.5
"Lehigh County, Pennsylvania(2)",42077,Urban,139.4 ,132.6, 146.6,N/A , N/A , N/A,334,stable,0.7 ,0.0, 1.4
"Contra Costa County, California(7)",06013,Urban,139.4 ,135.6, 143.4,N/A , N/A , N/A,1033,stable,2.2 ,-0.1, 5.5
"Yell County, Arkansas(2)",05149,Rural,139.4 ,110.8, 173.5,N/A , N/A , N/A,18,stable,1.3 ,-2.0, 4.8
"New London County, Connecticut(7)",09011,Urban,139.4 ,131.3, 148,N/A , N/A , N/A,247,stable,-0.2 ,-0.6, 0.3
"Anoka County, Minnesota(2)",27003,Urban,139.4 ,132.2, 146.9,N/A , N/A , N/A,297,rising,0.8 ,0.1, 1.5
"Marion County, Oregon(2)",41047,Urban,139.4 ,132.1, 147,N/A , N/A , N/A,291,rising,1.9 ,0.3, 7.2
"Otsego County, New York(7)",36077,Rural,139.4 ,121.6, 159.1,N/A , N/A , N/A,55,stable,0.7 ,-0.8, 2.3
"Sauk County, Wisconsin(2)",55111,Rural,139.4 ,123.4, 157,N/A , N/A , N/A,62,stable,0.0 ,-1.1, 1.2
"Taylor County, West Virginia(2)",54091,Rural,139.4 ,109, 176.4,N/A , N/A , N/A,16,rising,6.9 ,3.4, 17.5
"Whitley County, Kentucky(7)",21235,Rural,139.3 ,117.5, 164.1,N/A , N/A , N/A,31,rising,5.8 ,0.6, 15.5
"Haywood County, North Carolina(2)",37087,Rural,139.3 ,123.4, 157,N/A , N/A , N/A,69,stable,1.2 ,-0.4, 2.8
"Cumberland County, North Carolina(2)",37051,Urban,139.3 ,131.5, 147.5,N/A , N/A , N/A,248,rising,0.9 ,0.2, 1.6
"Dane County, Wisconsin(2)",55025,Urban,139.3 ,133.3, 145.5,N/A , N/A , N/A,428,stable,0.6 ,0.0, 1.2
"Carver County, Minnesota(2)",27019,Urban,139.3 ,126, 153.6,N/A , N/A , N/A,85,stable,0.6 ,-0.7, 2.2
"Van Buren County, Michigan(2)",26159,Rural,139.2 ,124.2, 155.6,N/A , N/A , N/A,70,rising,2.2 ,0.5, 7.7
"Warren County, New York(7)",36113,Urban,139.2 ,123.8, 156.2,N/A , N/A , N/A,71,stable,0.9 ,-0.7, 2.6
"Ventura County, California(7)",06111,Urban,139.2 ,134.6, 143.9,N/A , N/A , N/A,732,stable,0.3 ,-0.1, 0.7
"Ocean County, New Jersey(7)",34029,Urban,139.2 ,134, 144.5,N/A , N/A , N/A,664,rising,1.2 ,0.3, 3.7
"Campbell County, Virginia(2)",51031,Urban,139.2 ,122.3, 157.9,N/A , N/A , N/A,56,rising,1.7 ,0.1, 3.6
"Washington County, Vermont(2)",50023,Rural,139.2 ,122.7, 157.4,N/A , N/A , N/A,58,stable,0.0 ,-1.1, 1.2
"Franklin County, Texas(7)",48159,Rural,139.1 ,99.3, 190.1,N/A , N/A , N/A,10,stable,-0.7 ,-4.1, 2.8
"Howard County, Maryland(2)",24027,Urban,139.1 ,131.7, 146.7,N/A , N/A , N/A,276,stable,0.1 ,-0.5, 0.9
"Cass County, North Dakota(2)",38017,Urban,139 ,128.1, 150.7,N/A , N/A , N/A,125,stable,0.4 ,-0.5, 1.5
"Sherburne County, Minnesota(2)",27141,Urban,139 ,124.5, 154.8,N/A , N/A , N/A,70,stable,0.7 ,-0.3, 1.9
"Halifax County, North Carolina(2)",37083,Rural,139 ,120.7, 159.5,N/A , N/A , N/A,50,stable,0.1 ,-1.2, 1.4
"Sussex County, Delaware(2)",10005,Rural,139 ,130.5, 148,N/A , N/A , N/A,283,stable,0.7 ,-0.4, 1.9
"Blaine County, Idaho(7)",16013,Rural,139 ,113.5, 169.1,N/A , N/A , N/A,24,stable,0.5 ,-1.6, 3.3
"Hubbard County, Minnesota(2)",27057,Rural,139 ,111.8, 171.5,N/A , N/A , N/A,22,stable,0.8 ,-0.9, 2.5
"Wood County, West Virginia(2)",54107,Urban,139 ,125.3, 153.9,N/A , N/A , N/A,86,rising,2.8 ,0.3, 9.9
"Rockwall County, Texas(7)",48397,Urban,139 ,125.9, 153,N/A , N/A , N/A,86,stable,0.6 ,-0.3, 1.7
"Rice County, Minnesota(2)",27131,Rural,138.9 ,121.8, 157.9,N/A , N/A , N/A,52,stable,0.4 ,-0.9, 1.8
"Logan County, Arkansas(2)",05083,Rural,138.9 ,112.9, 169.8,N/A , N/A , N/A,22,stable,0.8 ,-1.9, 3.7
"Iredell County, North Carolina(2)",37097,Urban,138.9 ,129.2, 149.1,N/A , N/A , N/A,164,stable,0.9 ,0.0, 2.0
"Weston County, Wyoming(2)",56045,Rural,138.9 ,92.7, 203.1,N/A , N/A , N/A,7,stable,0.6 ,-3.9, 5.6
"Denton County, Texas(7)",48121,Urban,138.9 ,134.1, 143.7,N/A , N/A , N/A,672,rising,0.6 ,0.1, 2.3
"Douglas County, Illinois(7)",17041,Rural,138.9 ,109.9, 173.4,N/A , N/A , N/A,18,stable,-0.9 ,-2.9, 1.2
"Carson County, Texas(7)",48065,Urban,138.9 ,87.5, 210.9,N/A , N/A , N/A,5,*,*,*,*
"Lanier County, Georgia(7)",13173,Urban,138.8 ,97.8, 191.8,N/A , N/A , N/A,8,stable,2.9 ,-0.3, 7.6
"Carteret County, North Carolina(2)",37031,Rural,138.8 ,124, 155.2,N/A , N/A , N/A,79,falling,-12.6 ,-18.3, -7.8
"Adams County, Nebraska(2)",31001,Rural,138.8 ,114.9, 166.4,N/A , N/A , N/A,27,stable,0.4 ,-1.1, 1.9
"Hamlin County, South Dakota(2)",46057,Rural,138.8 ,84.9, 214.2,N/A , N/A , N/A,4,stable,2.8 ,-1.8, 8.2
"Gibson County, Indiana(2)",18051,Rural,138.8 ,116.1, 164.7,N/A , N/A , N/A,29,stable,1.0 ,-1.2, 3.2
"Rockingham County, North Carolina(2)",37157,Urban,138.7 ,125.9, 152.7,N/A , N/A , N/A,97,rising,1.1 ,0.1, 2.2
"Custer County, South Dakota(2)",46033,Urban,138.7 ,99.6, 192.6,N/A , N/A , N/A,11,rising,6.4 ,1.4, 26.4
"Aransas County, Texas(7)",48007,Urban,138.7 ,111.9, 170.4,N/A , N/A , N/A,26,stable,0.2 ,-1.9, 2.5
"Coahoma County, Mississippi(2)",28027,Rural,138.7 ,111.4, 170.9,N/A , N/A , N/A,19,rising,2.8 ,0.3, 5.5
"Penobscot County, Maine(2)",23019,Urban,138.7 ,128.2, 149.8,N/A , N/A , N/A,147,stable,-0.2 ,-1.1, 0.7
"Baldwin County, Alabama(2)",01003,Urban,138.6 ,130.2, 147.3,N/A , N/A , N/A,232,rising,7.1 ,2.3, 10.4
"Johnston County, Oklahoma(2)",40069,Rural,138.6 ,96.7, 192.4,N/A , N/A , N/A,8,stable,2.0 ,-0.8, 4.9
"Clermont County, Ohio(2)",39025,Urban,138.5 ,129.5, 148,N/A , N/A , N/A,192,stable,0.7 ,-0.3, 1.9
"Hinds County, Mississippi(2)",28049,Urban,138.5 ,129.6, 147.8,N/A , N/A , N/A,195,rising,2.2 ,0.9, 4.9
"Powhatan County, Virginia(2)",51145,Urban,138.4 ,115.4, 165.1,N/A , N/A , N/A,28,stable,-0.3 ,-2.8, 2.5
"Walla Walla County, Washington(2)",53071,Urban,138.3 ,120.8, 157.8,N/A , N/A , N/A,52,stable,-0.7 ,-2.4, 1.0
"Marion County, Florida(2)",12083,Urban,138.3 ,131.9, 145.1,N/A , N/A , N/A,456,stable,0.6 ,0.0, 1.3
"Spartanburg County, South Carolina(2)",45083,Urban,138.3 ,131, 146,N/A , N/A , N/A,287,rising,0.8 ,0.1, 1.6
"Red River Parish, Louisiana(7)",22081,Rural,138.3 ,95, 195.8,N/A , N/A , N/A,8,rising,4.0 ,1.6, 7.0
"Erie County, New York(7)",36029,Urban,138.3 ,134, 142.7,N/A , N/A , N/A,891,stable,-0.3 ,-1.7, 0.3
"Benton County, Arkansas(2)",05007,Urban,138.3 ,130, 146.9,N/A , N/A , N/A,215,rising,1.4 ,0.2, 2.9
"Ascension Parish, Louisiana(7)",22005,Urban,138.3 ,125.8, 151.7,N/A , N/A , N/A,93,stable,-3.7 ,-8.6, 2.1
"Jackson County, Missouri(2)",29095,Urban,138.3 ,133.2, 143.5,N/A , N/A , N/A,601,rising,0.7 ,0.3, 1.2
"Cumberland County, Kentucky(7)",21057,Rural,138.3 ,87, 209.5,N/A , N/A , N/A,5,*,*,*,*
"Big Horn County, Montana(2)",30003,Rural,138.3 ,100.5, 185.6,N/A , N/A , N/A,10,stable,1.8 ,-2.7, 7.1
"Brown County, Wisconsin(2)",55009,Urban,138.3 ,129.9, 147,N/A , N/A , N/A,219,stable,0.1 ,-0.8, 1.0
"Delaware County, Indiana(2)",18035,Urban,138.2 ,125.4, 152.1,N/A , N/A , N/A,96,stable,9.8 ,-0.4, 22.8
"Hopkins County, Kentucky(7)",21107,Rural,138.2 ,119.2, 159.6,N/A , N/A , N/A,42,stable,0.6 ,-0.8, 2.1
"Klamath County, Oregon(2)",41035,Rural,138.2 ,122.6, 155.4,N/A , N/A , N/A,67,rising,5.6 ,1.6, 13.1
"Volusia County, Florida(2)",12127,Urban,138.2 ,132.9, 143.8,N/A , N/A , N/A,617,rising,1.9 ,1.2, 4.0
"Pondera County, Montana(2)",30073,Rural,138.2 ,85.2, 212.3,N/A , N/A , N/A,5,stable,-0.6 ,-3.8, 2.3
"Owen County, Kentucky(7)",21187,Rural,138.2 ,101.1, 185.2,N/A , N/A , N/A,10,stable,0.0 ,-2.8, 3.2
"Pulaski County, Missouri(2)",29169,Rural,138.2 ,116.4, 162.8,N/A , N/A , N/A,29,stable,0.9 ,-1.8, 3.8
"Leon County, Florida(2)",12073,Urban,138.2 ,129.8, 146.9,N/A , N/A , N/A,220,rising,4.9 ,1.3, 11.0
"York County, Virginia(2)",51199,Urban,138.2 ,122.7, 155.2,N/A , N/A , N/A,62,stable,0.7 ,-0.6, 2.0
"Clay County, Tennessee(2)",47027,Rural,138.2 ,91.8, 200.8,N/A , N/A , N/A,7,*,*,*,*
"Waseca County, Minnesota(2)",27161,Rural,138.2 ,110, 171.8,N/A , N/A , N/A,18,stable,0.4 ,-2.4, 3.5
"Miami County, Ohio(2)",39109,Urban,138.2 ,125.6, 151.7,N/A , N/A , N/A,99,stable,1.0 ,-0.3, 2.3
"Pottawatomie County, Oklahoma(2)",40125,Rural,138.1 ,122.9, 154.9,N/A , N/A , N/A,63,stable,1.2 ,-0.3, 2.8
"St. Francois County, Missouri(2)",29187,Rural,138.1 ,122, 155.9,N/A , N/A , N/A,57,rising,1.4 ,0.1, 2.7
"Seminole County, Florida(2)",12117,Urban,138.1 ,132.1, 144.3,N/A , N/A , N/A,420,rising,0.8 ,0.3, 1.4
"Payne County, Oklahoma(2)",40119,Rural,138.1 ,121, 157,N/A , N/A , N/A,51,stable,-0.2 ,-1.9, 1.4
"Pawnee County, Oklahoma(2)",40117,Urban,138.1 ,105.9, 177.5,N/A , N/A , N/A,14,stable,1.9 ,-0.9, 4.9
"Hillsborough County, New Hampshire(2)",33011,Urban,138.1 ,131.7, 144.8,N/A , N/A , N/A,374,stable,0.3 ,-0.4, 1.1
"Grafton County, New Hampshire(2)",33009,Rural,138.1 ,124.3, 153.1,N/A , N/A , N/A,87,stable,0.8 ,-0.2, 1.9
"Bottineau County, North Dakota(2)",38009,Rural,138.1 ,87.1, 209.2,N/A , N/A , N/A,6,stable,0.8 ,-2.6, 4.2
"Anchorage Borough, Alaska(2)",02020,Urban,138 ,129.5, 147,N/A , N/A , N/A,206,stable,0.1 ,-0.5, 0.8
"Montgomery County, New York(7)",36057,Rural,138 ,119.7, 158.5,N/A , N/A , N/A,45,stable,0.3 ,-0.9, 1.5
"Onondaga County, New York(7)",36067,Urban,138 ,131.9, 144.4,N/A , N/A , N/A,424,stable,0.1 ,-0.5, 0.8
"Placer County, California(7)",06061,Urban,138 ,131.6, 144.5,N/A , N/A , N/A,392,stable,-0.1 ,-0.4, 0.4
"Sullivan County, New Hampshire(2)",33019,Rural,138 ,118.9, 159.6,N/A , N/A , N/A,44,stable,0.9 ,-0.4, 2.2
"Franklin County, Missouri(2)",29071,Urban,137.9 ,125.1, 151.7,N/A , N/A , N/A,96,rising,1.4 ,0.4, 2.4
"Jefferson County, New York(7)",36045,Urban,137.9 ,124.5, 152.3,N/A , N/A , N/A,84,stable,0.7 ,-0.2, 1.8
"Santa Fe County, New Mexico(7)",35049,Urban,137.8 ,127.7, 148.6,N/A , N/A , N/A,176,stable,0.0 ,-0.5, 0.7
"Phillips County, Montana(2)",30071,Rural,137.8 ,77.9, 228.2,N/A , N/A , N/A,4,stable,0.9 ,-4.0, 6.3
"Edwards County, Illinois(7)",17047,Rural,137.8 ,88.6, 205.5,N/A , N/A , N/A,6,stable,1.1 ,-1.5, 10.2
"Ramsey County, Minnesota(2)",27123,Urban,137.7 ,131.8, 143.8,N/A , N/A , N/A,443,stable,0.4 ,-0.4, 1.1
"Greene County, New York(7)",36039,Rural,137.7 ,119.5, 158.2,N/A , N/A , N/A,49,stable,-0.3 ,-1.8, 1.4
"Richmond County, Georgia(7)",13245,Urban,137.7 ,128.3, 147.7,N/A , N/A , N/A,171,stable,-0.1 ,-0.6, 0.4
"Simpson County, Mississippi(2)",28127,Urban,137.7 ,113.2, 166.2,N/A , N/A , N/A,24,stable,1.9 ,-0.5, 4.5
"San Saba County, Texas(7)",48411,Rural,137.7 ,82.3, 217.1,N/A , N/A , N/A,5,stable,2.6 ,-0.9, 6.5
"Calaveras County, California(7)",06009,Rural,137.7 ,118.4, 159.4,N/A , N/A , N/A,50,rising,5.5 ,0.5, 18.5
"Preston County, West Virginia(2)",54077,Urban,137.7 ,115.6, 163,N/A , N/A , N/A,31,rising,1.7 ,0.3, 3.1
"Delaware County, Pennsylvania(2)",42045,Urban,137.6 ,132.1, 143.4,N/A , N/A , N/A,504,stable,0.2 ,-0.3, 0.8
"Putnam County, Missouri(2)",29171,Rural,137.6 ,78.7, 224.3,N/A , N/A , N/A,4,stable,1.3 ,-4.3, 6.4
"Lackawanna County, Pennsylvania(2)",42069,Urban,137.6 ,128.6, 147,N/A , N/A , N/A,203,rising,1.1 ,0.3, 1.9
"San Luis Obispo County, California(7)",06079,Urban,137.6 ,129.5, 146.1,N/A , N/A , N/A,261,stable,0.6 ,-0.1, 1.3
"Waupaca County, Wisconsin(2)",55135,Rural,137.6 ,120.2, 157,N/A , N/A , N/A,51,stable,0.3 ,-1.2, 1.8
"McLean County, Kentucky(7)",21149,Urban,137.6 ,98.4, 188.5,N/A , N/A , N/A,9,stable,2.4 ,-0.2, 5.7
"Orangeburg County, South Carolina(2)",45075,Rural,137.5 ,123.6, 152.6,N/A , N/A , N/A,83,rising,1.3 ,0.3, 2.3
"Granville County, North Carolina(2)",37077,Rural,137.5 ,120.9, 156,N/A , N/A , N/A,54,stable,1.2 ,-0.6, 3.2
"Jones County, Iowa(7)",19105,Urban,137.5 ,109.4, 171.1,N/A , N/A , N/A,19,stable,0.4 ,-0.6, 1.6
"Marion County, Ohio(2)",39101,Rural,137.5 ,121, 155.7,N/A , N/A , N/A,57,stable,1.0 ,-0.1, 2.2
"DeKalb County, Missouri(2)",29063,Urban,137.5 ,96.2, 191.1,N/A , N/A , N/A,8,stable,0.3 ,-3.0, 3.6
"Berkshire County, Massachusetts(2)",25003,Urban,137.4 ,126.1, 149.7,N/A , N/A , N/A,135,rising,7.2 ,0.4, 12.0
"Cabarrus County, North Carolina(2)",37025,Urban,137.4 ,128.4, 146.9,N/A , N/A , N/A,178,stable,0.9 ,0.0, 2.0
"District of Columbia(2)",11001,Urban,137.4 ,131.9, 143.1,N/A , N/A , N/A,492,stable,-0.2 ,-1.1, 0.6
"Broomfield County, Colorado(2)",08014,Urban,137.4 ,122, 154.3,N/A , N/A , N/A,59,rising,1.6 ,0.3, 3.2
"Stark County, North Dakota(2)",38089,Rural,137.4 ,111.9, 166.8,N/A , N/A , N/A,22,stable,3.7 ,-5.4, 17.8
"Story County, Iowa(7)",19169,Urban,137.4 ,121.4, 154.8,N/A , N/A , N/A,59,stable,0.1 ,-0.6, 0.8
"Deuel County, South Dakota(2)",46039,Rural,137.4 ,81, 221.6,N/A , N/A , N/A,4,stable,1.6 ,-1.9, 5.3
"Allegany County, Maryland(2)",24001,Rural,137.3 ,121.5, 154.8,N/A , N/A , N/A,65,stable,1.1 ,-0.8, 2.9
"Cambria County, Pennsylvania(2)",42021,Urban,137.3 ,126.4, 149,N/A , N/A , N/A,142,stable,0.9 ,-0.2, 2.0
"Howard County, Indiana(2)",18067,Urban,137.3 ,123.6, 152.3,N/A , N/A , N/A,81,stable,0.5 ,-1.0, 2.0
"Greenwood County, South Carolina(2)",45047,Rural,137.3 ,121.9, 154.2,N/A , N/A , N/A,64,stable,-0.3 ,-1.6, 1.1
"Kitsap County, Washington(7)",53035,Urban,137.3 ,129.3, 145.6,N/A , N/A , N/A,248,stable,-0.1 ,-0.5, 0.3
"Harrison County, Missouri(2)",29081,Rural,137.3 ,96.5, 191.3,N/A , N/A , N/A,9,stable,1.3 ,-2.1, 4.8
"Clark County, Ohio(2)",39023,Urban,137.2 ,126.3, 148.9,N/A , N/A , N/A,131,rising,1.2 ,0.2, 2.1
"Gillespie County, Texas(7)",48171,Rural,137.2 ,112.7, 165.9,N/A , N/A , N/A,30,stable,0.9 ,-0.9, 7.6
"New York County, New York(7)",36061,Urban,137.2 ,133.9, 140.6,N/A , N/A , N/A,1437,rising,0.6 ,0.1, 1.7
"Clinton County, Iowa(7)",19045,Rural,137.2 ,118.8, 157.8,N/A , N/A , N/A,45,stable,0.2 ,-0.6, 0.9
"Pike County, Missouri(2)",29163,Rural,137.2 ,107.1, 173.8,N/A , N/A , N/A,16,stable,0.2 ,-1.5, 1.9
"York County, Pennsylvania(2)",42133,Urban,137.2 ,131, 143.5,N/A , N/A , N/A,415,rising,0.7 ,0.1, 1.2
"Otter Tail County, Minnesota(2)",27111,Rural,137.1 ,119.8, 156.4,N/A , N/A , N/A,58,rising,1.8 ,0.9, 2.6
"Ohio County, Indiana(2)",18115,Urban,137.1 ,87, 207.5,N/A , N/A , N/A,6,stable,1.2 ,-4.1, 6.9
"Outagamie County, Wisconsin(2)",55087,Urban,137.1 ,127.3, 147.4,N/A , N/A , N/A,158,stable,0.1 ,-0.6, 0.9
"Preble County, Ohio(2)",39135,Rural,137.1 ,118, 158.7,N/A , N/A , N/A,41,stable,0.0 ,-2.1, 2.2
"Escambia County, Florida(2)",12033,Urban,137.1 ,129.6, 144.8,N/A , N/A , N/A,285,stable,0.5 ,-0.4, 1.4
"Clark County, Kentucky(7)",21049,Urban,137 ,116.4, 160.5,N/A , N/A , N/A,34,stable,0.5 ,-1.3, 2.6
"Stafford County, Virginia(2)",51179,Urban,137 ,125.7, 149.1,N/A , N/A , N/A,112,stable,1.0 ,-0.1, 2.3
"Barnes County, North Dakota(2)",38003,Rural,137 ,99.4, 185.2,N/A , N/A , N/A,11,stable,-1.4 ,-4.3, 1.2
"Menard County, Illinois(7)",17129,Urban,137 ,102.6, 180.1,N/A , N/A , N/A,12,stable,-0.6 ,-2.4, 1.3
"Pike County, Ohio(2)",39131,Rural,137 ,112, 166.1,N/A , N/A , N/A,23,rising,2.6 ,1.0, 4.4
"Tulsa County, Oklahoma(2)",40143,Urban,136.9 ,131.7, 142.4,N/A , N/A , N/A,534,stable,0.4 ,-0.2, 1.1
"Kent County, Michigan(2)",26081,Urban,136.9 ,131.5, 142.6,N/A , N/A , N/A,506,stable,-0.1 ,-0.7, 0.6
"Ravalli County, Montana(2)",30081,Rural,136.9 ,117.8, 158.6,N/A , N/A , N/A,47,stable,1.3 ,-0.6, 3.3
"Carter County, Kentucky(7)",21043,Urban,136.9 ,113.6, 164.1,N/A , N/A , N/A,26,stable,1.3 ,-0.5, 3.4
"Yellow Medicine County, Minnesota(2)",27173,Rural,136.9 ,98.3, 187.1,N/A , N/A , N/A,10,stable,0.7 ,-3.2, 4.7
"Dorchester County, South Carolina(2)",45035,Urban,136.9 ,126.3, 148.1,N/A , N/A , N/A,131,stable,0.5 ,-0.3, 1.5
"Hawaii County, Hawaii(7)",15001,Rural,136.9 ,127.7, 146.6,N/A , N/A , N/A,193,stable,0.4 ,-0.6, 1.5
"Bremer County, Iowa(7)",19017,Urban,136.9 ,111.7, 166.3,N/A , N/A , N/A,23,stable,-0.3 ,-1.3, 0.8
"Noble County, Oklahoma(2)",40103,Rural,136.8 ,98.6, 185.6,N/A , N/A , N/A,10,stable,-0.1 ,-3.1, 2.9
"Panola County, Texas(7)",48365,Rural,136.8 ,109.9, 168.5,N/A , N/A , N/A,20,stable,1.3 ,-1.1, 4.2
"Worcester County, Massachusetts(2)",25027,Urban,136.8 ,132.2, 141.4,N/A , N/A , N/A,743,rising,0.7 ,0.2, 1.2
"Maui County, Hawaii(7)",15009,Urban,136.8 ,126.7, 147.4,N/A , N/A , N/A,152,rising,1.1 ,0.3, 2.0
"Saunders County, Nebraska(2)",31155,Urban,136.7 ,108.8, 169.9,N/A , N/A , N/A,18,stable,0.3 ,-2.4, 3.0
"Westmoreland County, Virginia(2)",51193,Rural,136.7 ,107.3, 172.2,N/A , N/A , N/A,20,stable,0.7 ,-0.9, 2.4
"Fulton County, Kentucky(7)",21075,Rural,136.6 ,90.5, 200.2,N/A , N/A , N/A,6,stable,-1.3 ,-3.9, 1.2
"Onslow County, North Carolina(2)",37133,Urban,136.6 ,125.3, 148.7,N/A , N/A , N/A,112,stable,0.8 ,-0.2, 1.9
"Cass County, Iowa(7)",19029,Rural,136.6 ,103.4, 177.9,N/A , N/A , N/A,14,stable,-0.5 ,-1.7, 0.6
"Oklahoma County, Oklahoma(2)",40109,Urban,136.6 ,131.7, 141.6,N/A , N/A , N/A,614,rising,1.5 ,0.4, 3.8
"Kenosha County, Wisconsin(2)",55059,Urban,136.5 ,126.2, 147.5,N/A , N/A , N/A,139,rising,1.1 ,0.4, 1.7
"Chaffee County, Colorado(2)",08015,Rural,136.5 ,107.8, 171.6,N/A , N/A , N/A,20,stable,1.4 ,-0.9, 4.0
"Southampton County, Virginia(2)",51175,Rural,136.4 ,106.8, 172.5,N/A , N/A , N/A,17,stable,2.1 ,0.0, 4.4
"Crook County, Oregon(2)",41013,Urban,136.4 ,111.8, 165.3,N/A , N/A , N/A,26,stable,0.8 ,-1.3, 3.2
"Stanly County, North Carolina(2)",37167,Rural,136.3 ,120, 154.4,N/A , N/A , N/A,56,stable,1.0 ,-0.2, 2.3
"Osage County, Oklahoma(2)",40113,Urban,136.3 ,117.6, 157.4,N/A , N/A , N/A,44,stable,1.1 ,-1.1, 3.5
"Oconee County, South Carolina(2)",45073,Rural,136.3 ,122.2, 151.7,N/A , N/A , N/A,83,rising,1.0 ,0.2, 2.0
"Tallapoosa County, Alabama(2)",01123,Rural,136.2 ,117.1, 157.9,N/A , N/A , N/A,43,rising,14.3 ,3.0, 21.6
"Union County, New Jersey(7)",34039,Urban,136.2 ,130.7, 142,N/A , N/A , N/A,472,stable,0.5 ,0.0, 2.1
"Duplin County, North Carolina(2)",37061,Rural,136.2 ,117.9, 156.7,N/A , N/A , N/A,45,stable,1.3 ,-0.6, 3.2
"Christian County, Illinois(7)",17021,Rural,136.2 ,113.9, 161.9,N/A , N/A , N/A,30,stable,-0.2 ,-1.4, 1.1
"Hughes County, South Dakota(2)",46065,Rural,136.2 ,105.7, 173,N/A , N/A , N/A,15,stable,-0.5 ,-3.3, 2.4
"Crenshaw County, Alabama(2)",01041,Rural,136.2 ,102.3, 178.4,N/A , N/A , N/A,13,rising,3.9 ,1.0, 14.2
"Burnett County, Wisconsin(2)",55013,Rural,136.2 ,108.1, 171,N/A , N/A , N/A,21,stable,1.6 ,-1.5, 4.9
"Loudon County, Tennessee(2)",47105,Urban,136.1 ,119.9, 154.2,N/A , N/A , N/A,64,rising,1.5 ,0.1, 3.0
"Norfolk City, Virginia(2)",51710,Urban,136.1 ,126.6, 146.1,N/A , N/A , N/A,165,stable,0.0 ,-8.4, 1.7
"Delaware County, New York(7)",36025,Rural,136 ,117.2, 157.4,N/A , N/A , N/A,46,stable,-0.1 ,-2.0, 2.0
"Cuyahoga County, Ohio(2)",39035,Urban,136 ,132.4, 139.8,N/A , N/A , N/A,1180,rising,0.6 ,0.3, 0.9
"Boyd County, Kentucky(7)",21019,Urban,136 ,117.9, 156.3,N/A , N/A , N/A,46,stable,0.8 ,-0.5, 2.2
"Cedar County, Missouri(2)",29039,Rural,136 ,104.4, 175.1,N/A , N/A , N/A,15,stable,0.6 ,-3.1, 4.3
"White County, Indiana(2)",18181,Rural,136 ,111.6, 164.7,N/A , N/A , N/A,24,stable,1.2 ,-1.3, 3.9
"Essex County, Vermont(2)",50009,Rural,136 ,89.7, 202,N/A , N/A , N/A,7,stable,-1.3 ,-6.1, 3.4
"St. Clair County, Illinois(7)",17163,Urban,136 ,127.9, 144.5,N/A , N/A , N/A,228,stable,0.3 ,-0.2, 0.9
"Orange County, Virginia(2)",51137,Rural,136 ,116.5, 158.2,N/A , N/A , N/A,38,stable,0.7 ,-0.6, 2.1
"Wakulla County, Florida(2)",12129,Urban,136 ,113.5, 161.9,N/A , N/A , N/A,28,stable,1.3 ,-0.4, 3.3
"Clinton County, Michigan(2)",26037,Urban,135.9 ,121.3, 151.9,N/A , N/A , N/A,69,rising,1.7 ,0.1, 3.6
"Lake County, Ohio(2)",39085,Urban,135.9 ,127.6, 144.7,N/A , N/A , N/A,230,stable,0.5 ,-0.4, 1.4
"Chautauqua County, New York(7)",36013,Rural,135.9 ,124.6, 147.9,N/A , N/A , N/A,124,stable,0.4 ,-0.3, 2.9
"Stearns County, Minnesota(2)",27145,Urban,135.9 ,124.8, 147.7,N/A , N/A , N/A,120,stable,-0.1 ,-1.1, 1.0
"Carbon County, Wyoming(2)",56007,Rural,135.9 ,100.7, 179.7,N/A , N/A , N/A,11,stable,1.6 ,-0.8, 4.1
"Sevier County, Tennessee(2)",47155,Rural,135.9 ,123.2, 149.5,N/A , N/A , N/A,96,stable,1.2 ,-0.1, 2.5
"Gaston County, North Carolina(2)",37071,Urban,135.8 ,127.4, 144.7,N/A , N/A , N/A,204,stable,1.0 ,0.0, 2.0
"Arapahoe County, Colorado(2)",08005,Urban,135.8 ,130.5, 141.3,N/A , N/A , N/A,507,rising,0.9 ,0.5, 2.1
"Blount County, Tennessee(2)",47009,Urban,135.8 ,125.1, 147.3,N/A , N/A , N/A,134,stable,0.5 ,-3.3, 1.4
"Cerro Gordo County, Iowa(7)",19033,Rural,135.8 ,116.3, 157.8,N/A , N/A , N/A,43,stable,-0.3 ,-1.1, 0.7
"Waynesboro City, Virginia(2)",51820,Urban,135.8 ,110, 166.1,N/A , N/A , N/A,21,stable,0.1 ,-1.5, 1.7
"Bonner County, Idaho(7)",16017,Rural,135.7 ,117.3, 156.5,N/A , N/A , N/A,50,stable,-0.1 ,-1.1, 1.1
"Roanoke County, Virginia(2)",51161,Urban,135.7 ,123.3, 149.2,N/A , N/A , N/A,100,stable,0.5 ,-0.4, 1.5
"Minidoka County, Idaho(7)",16067,Rural,135.7 ,106.3, 170.7,N/A , N/A , N/A,16,stable,0.0 ,-2.1, 2.1
"Weakley County, Tennessee(2)",47183,Rural,135.7 ,112.8, 162,N/A , N/A , N/A,28,stable,1.7 ,0.0, 3.4
"Clarke County, Virginia(2)",51043,Urban,135.7 ,103.8, 175.1,N/A , N/A , N/A,15,stable,-0.8 ,-3.6, 2.0
"Ellis County, Texas(7)",48139,Urban,135.7 ,125.9, 146,N/A , N/A , N/A,148,rising,0.8 ,0.1, 1.6
"Steuben County, New York(7)",36101,Rural,135.6 ,122.3, 150.1,N/A , N/A , N/A,86,rising,2.5 ,0.3, 9.0
"Washington County, Mississippi(2)",28151,Rural,135.6 ,116.6, 156.8,N/A , N/A , N/A,41,rising,2.0 ,0.6, 3.4
"Uvalde County, Texas(7)",48463,Rural,135.6 ,108.6, 167.1,N/A , N/A , N/A,19,stable,0.9 ,-0.8, 2.8
"Okanogan County, Washington(2)",53047,Rural,135.6 ,115.5, 158.3,N/A , N/A , N/A,39,stable,0.8 ,-0.8, 2.4
"McClain County, Oklahoma(2)",40087,Urban,135.5 ,115.1, 158.7,N/A , N/A , N/A,33,stable,-0.1 ,-2.2, 2.4
"Mower County, Minnesota(2)",27099,Rural,135.5 ,114.6, 159.2,N/A , N/A , N/A,34,stable,0.4 ,-1.3, 2.0
"Rutherford County, North Carolina(2)",37161,Rural,135.5 ,120.6, 151.9,N/A , N/A , N/A,69,stable,0.3 ,-0.5, 1.1
"Newberry County, South Carolina(2)",45071,Rural,135.5 ,115, 158.7,N/A , N/A , N/A,35,stable,-0.2 ,-1.9, 1.5
"Highlands County, Florida(2)",12055,Urban,135.4 ,122.9, 149.1,N/A , N/A , N/A,130,rising,2.3 ,1.1, 3.7
"Niagara County, New York(7)",36063,Urban,135.4 ,126.7, 144.7,N/A , N/A , N/A,204,stable,0.1 ,-0.6, 0.9
"Grant County, Wisconsin(2)",55043,Rural,135.4 ,116.1, 157.1,N/A , N/A , N/A,41,stable,0.6 ,-4.7, 2.2
"Union County, Ohio(2)",39159,Urban,135.4 ,118.7, 153.9,N/A , N/A , N/A,48,stable,0.1 ,-1.3, 1.8
"Walton County, Georgia(7)",13297,Urban,135.4 ,122.3, 149.5,N/A , N/A , N/A,83,stable,0.5 ,-0.6, 1.7
"Calhoun County, Iowa(7)",19025,Rural,135.4 ,98.3, 183.7,N/A , N/A , N/A,10,stable,0.6 ,-1.1, 2.3
"Georgetown County, South Carolina(2)",45043,Rural,135.4 ,119.9, 152.5,N/A , N/A , N/A,76,stable,0.0 ,-2.5, 0.8
"Nome Census Area, Alaska(2)",02180,Rural,135.3 ,82.3, 207.6,N/A , N/A , N/A,4,*,*,*,*
"Armstrong County, Pennsylvania(2)",42005,Urban,135.3 ,120.2, 152.1,N/A , N/A , N/A,67,rising,1.4 ,0.1, 2.7
"Meeker County, Minnesota(2)",27093,Rural,135.3 ,108.9, 166.5,N/A , N/A , N/A,20,stable,1.6 ,-0.7, 4.2
"Mariposa County, California(7)",06043,Rural,135.3 ,106.7, 170.4,N/A , N/A , N/A,21,stable,-0.4 ,-2.4, 1.8
"McDowell County, North Carolina(2)",37111,Rural,135.3 ,116.8, 156.1,N/A , N/A , N/A,44,stable,0.2 ,-1.6, 2.1
"Thomas County, Georgia(7)",13275,Rural,135.3 ,116.7, 156,N/A , N/A , N/A,42,stable,1.1 ,0.0, 2.5
"Florence County, South Carolina(2)",45041,Urban,135.3 ,124.5, 146.8,N/A , N/A , N/A,126,stable,0.9 ,-0.1, 1.9
"Kay County, Oklahoma(2)",40071,Rural,135.2 ,115.7, 157.2,N/A , N/A , N/A,39,stable,0.5 ,-1.3, 2.3
"Ste. Genevieve County, Missouri(2)",29186,Rural,135.2 ,106.3, 170.3,N/A , N/A , N/A,17,rising,2.1 ,0.1, 4.3
"Huron County, Michigan(2)",26063,Rural,135.2 ,111.2, 163,N/A , N/A , N/A,30,stable,1.6 ,-3.9, 11.2
"Dyer County, Tennessee(2)",47045,Rural,135.1 ,114.7, 158.3,N/A , N/A , N/A,34,stable,1.2 ,-0.7, 3.3
"Natrona County, Wyoming(2)",56025,Urban,135.1 ,120.2, 151.5,N/A , N/A , N/A,64,stable,0.1 ,-1.5, 1.8
"Dutchess County, New York(7)",36027,Urban,135.1 ,127.6, 143,N/A , N/A , N/A,270,stable,-0.1 ,-0.8, 0.6
"Langlade County, Wisconsin(2)",55067,Rural,135.1 ,107.2, 168.7,N/A , N/A , N/A,20,rising,2.9 ,0.1, 6.0
"Wahkiakum County, Washington(2)",53069,Rural,135.1 ,86.2, 211.5,N/A , N/A , N/A,6,*,*,*,*
"Terrell County, Georgia(7)",13273,Urban,135.1 ,94.2, 188.3,N/A , N/A , N/A,9,stable,1.4 ,-1.1, 4.1
"Custer County, Oklahoma(2)",40039,Rural,135.1 ,108.7, 165.8,N/A , N/A , N/A,20,rising,11.0 ,1.9, 29.6
"Davie County, North Carolina(2)",37059,Urban,135 ,115.9, 156.7,N/A , N/A , N/A,41,rising,2.2 ,0.4, 4.2
"Kenton County, Kentucky(7)",21117,Urban,135 ,124.8, 145.9,N/A , N/A , N/A,137,stable,0.7 ,-0.1, 1.6
"Jackson County, Georgia(7)",13157,Rural,135 ,120.1, 151.4,N/A , N/A , N/A,62,stable,0.7 ,-0.3, 2.0
"Columbia County, Oregon(2)",41009,Urban,135 ,117.6, 154.4,N/A , N/A , N/A,48,stable,-0.2 ,-2.0, 1.7
"Cheshire County, New Hampshire(2)",33005,Rural,135 ,120.1, 151.3,N/A , N/A , N/A,72,stable,0.2 ,-0.8, 1.2
"Wood County, Wisconsin(2)",55141,Rural,135 ,120, 151.4,N/A , N/A , N/A,71,stable,-0.8 ,-2.7, 1.0
"Henderson County, Texas(7)",48213,Rural,134.9 ,121.4, 149.7,N/A , N/A , N/A,84,rising,4.4 ,2.3, 9.4
"Evans County, Georgia(7)",13109,Rural,134.9 ,99.1, 180.5,N/A , N/A , N/A,10,stable,0.4 ,-2.4, 3.6
"Juniata County, Pennsylvania(2)",42067,Rural,134.9 ,109, 165.6,N/A , N/A , N/A,22,stable,1.6 ,-0.3, 3.7
"Yates County, New York(7)",36123,Rural,134.9 ,109.1, 165.3,N/A , N/A , N/A,23,stable,-0.9 ,-2.0, 0.2
"Lawrence County, Pennsylvania(2)",42073,Urban,134.9 ,121.3, 149.8,N/A , N/A , N/A,87,rising,7.1 ,0.2, 12.3
"LaFourche Parish, Louisiana(7)",22057,Urban,134.9 ,121.5, 149.4,N/A , N/A , N/A,80,stable,0.4 ,-0.7, 1.6
"Louisa County, Iowa(7)",19115,Rural,134.9 ,98.1, 182,N/A , N/A , N/A,10,stable,-0.2 ,-1.7, 1.5
"Mason County, Texas(7)",48319,Rural,134.9 ,82.7, 216.7,N/A , N/A , N/A,5,stable,2.5 ,-1.4, 7.1
"Bladen County, North Carolina(2)",37017,Rural,134.9 ,113.3, 159.9,N/A , N/A , N/A,32,stable,1.0 ,-1.6, 3.8
"Kalamazoo County, Michigan(2)",26077,Urban,134.8 ,126.3, 143.9,N/A , N/A , N/A,199,stable,-0.2 ,-1.5, 1.2
"Marshall County, Minnesota(2)",27089,Rural,134.8 ,91.1, 192.6,N/A , N/A , N/A,8,stable,1.0 ,-1.5, 3.4
"Providence County, Rhode Island(2)",44007,Urban,134.8 ,129.6, 140.2,N/A , N/A , N/A,544,stable,0.6 ,0.0, 1.2
"Lawrence County, Ohio(2)",39087,Urban,134.8 ,118.7, 152.7,N/A , N/A , N/A,55,stable,-0.5 ,-1.8, 0.8
"McLean County, Illinois(7)",17113,Urban,134.8 ,124.2, 146,N/A , N/A , N/A,127,stable,0.3 ,-0.9, 1.6
"Nowata County, Oklahoma(2)",40105,Rural,134.8 ,96.2, 184.9,N/A , N/A , N/A,9,stable,0.9 ,-2.6, 4.8
"DeKalb County, Georgia(7)",13089,Urban,134.7 ,129.9, 139.8,N/A , N/A , N/A,600,stable,0.0 ,-0.2, 0.2
"Alexandria City, Virginia(2)",51510,Urban,134.7 ,123.9, 146.2,N/A , N/A , N/A,119,stable,0.4 ,-0.7, 1.5
"Lincoln County, Nevada(2)",32017,Rural,134.7 ,74.2, 226.2,N/A , N/A , N/A,3,*,*,*,*
"Routt County, Colorado(2)",08107,Rural,134.6 ,108.4, 165.7,N/A , N/A , N/A,20,stable,1.4 ,-0.1, 3.3
"Lewis County, Tennessee(2)",47101,Rural,134.6 ,101.5, 176.1,N/A , N/A , N/A,12,rising,13.1 ,4.5, 30.8
"Wapello County, Iowa(7)",19179,Rural,134.6 ,113.2, 158.9,N/A , N/A , N/A,32,stable,0.1 ,-0.6, 0.9
"White County, Arkansas(2)",05145,Rural,134.5 ,120, 150.5,N/A , N/A , N/A,66,stable,0.6 ,-1.1, 2.5
"St. Bernard Parish, Louisiana(7)",22087,Urban,134.5 ,113.9, 157.8,N/A , N/A , N/A,32,stable,0.4 ,-1.2, 1.9
"Audubon County, Iowa(7)",19009,Rural,134.5 ,83.8, 206,N/A , N/A , N/A,6,stable,-0.9 ,-3.3, 1.3
"Fayette County, Ohio(2)",39047,Rural,134.4 ,111.5, 161,N/A , N/A , N/A,26,stable,1.9 ,-0.1, 4.3
"Stephens County, Georgia(7)",13257,Rural,134.4 ,110.2, 162.6,N/A , N/A , N/A,25,stable,1.2 ,-0.9, 3.5
"Rockland County, New York(7)",36087,Urban,134.4 ,126.8, 142.3,N/A , N/A , N/A,258,stable,0.3 ,-0.1, 0.8
"Pike County, Illinois(7)",17149,Rural,134.4 ,103.8, 171.9,N/A , N/A , N/A,15,stable,0.7 ,-1.0, 2.7
"Hickory County, Missouri(2)",29085,Rural,134.3 ,91.5, 192.5,N/A , N/A , N/A,9,stable,3.0 ,-1.6, 7.8
"Teton County, Wyoming(2)",56039,Rural,134.3 ,107.9, 165.8,N/A , N/A , N/A,19,stable,0.0 ,-2.5, 2.9
"Macon County, Alabama(2)",01087,Urban,134.3 ,105.8, 168.7,N/A , N/A , N/A,18,stable,2.5 ,-0.6, 5.9
"Hamilton County, Florida(2)",12047,Rural,134.3 ,98.4, 179.8,N/A , N/A , N/A,11,stable,2.4 ,-1.6, 7.3
"Knox County, Tennessee(2)",47093,Urban,134.3 ,128.3, 140.5,N/A , N/A , N/A,400,rising,0.6 ,0.1, 1.1
"Bollinger County, Missouri(2)",29017,Urban,134.3 ,99.9, 178.3,N/A , N/A , N/A,11,stable,2.7 ,-0.5, 6.4
"Red Lake County, Minnesota(2)",27125,Rural,134.2 ,78.5, 219.4,N/A , N/A , N/A,4,*,*,*,*
"Silver Bow County, Montana(2)",30093,Rural,134.2 ,111.9, 159.8,N/A , N/A , N/A,30,stable,0.6 ,-1.9, 3.1
"Washington County, North Carolina(2)",37187,Rural,134.2 ,101.4, 176.2,N/A , N/A , N/A,13,stable,0.8 ,-1.7, 3.4
"Yavapai County, Arizona(2)",04025,Urban,134.2 ,126, 142.9,N/A , N/A , N/A,302,stable,0.5 ,-0.3, 1.4
"Bedford City and County, Virginia(2)",51917,Urban,134.2 ,120.4, 149.2,N/A , N/A , N/A,81,stable,1.7 ,0.0, 6.2
"Lucas County, Ohio(2)",39095,Urban,134.2 ,127.8, 140.8,N/A , N/A , N/A,365,rising,0.9 ,0.2, 1.6
"Caroline County, Virginia(2)",51033,Rural,134.1 ,111.7, 160,N/A , N/A , N/A,27,rising,1.9 ,0.4, 3.7
"Polk County, Wisconsin(2)",55095,Rural,134.1 ,115.6, 155.2,N/A , N/A , N/A,43,rising,2.4 ,0.9, 4.2
"Davidson County, North Carolina(2)",37057,Urban,134.1 ,124.4, 144.4,N/A , N/A , N/A,155,rising,1.3 ,0.4, 2.4
"Gallatin County, Montana(2)",30031,Urban,134.1 ,120.5, 148.9,N/A , N/A , N/A,75,stable,-0.6 ,-1.6, 0.6
"Bee County, Texas(7)",48025,Rural,134.1 ,107.2, 165.9,N/A , N/A , N/A,18,rising,2.7 ,0.6, 5.2
"Brookings County, South Dakota(2)",46011,Rural,134.1 ,108.2, 164.2,N/A , N/A , N/A,21,stable,1.4 ,-1.2, 4.3
"Caldwell County, North Carolina(2)",37027,Urban,134.1 ,120.6, 148.8,N/A , N/A , N/A,80,stable,0.8 ,-0.9, 2.6
"Snyder County, Pennsylvania(2)",42109,Rural,134.1 ,114.4, 156.4,N/A , N/A , N/A,37,stable,0.4 ,-0.8, 1.7
"Scott County, Tennessee(2)",47151,Rural,134 ,107.4, 165.6,N/A , N/A , N/A,19,stable,0.7 ,-1.3, 2.8
"Alexander County, Illinois(7)",17003,Urban,134 ,80.1, 211.5,N/A , N/A , N/A,5,stable,0.4 ,-2.1, 2.6
"Franklin County, North Carolina(2)",37069,Urban,134 ,118.7, 150.8,N/A , N/A , N/A,61,stable,1.0 ,-0.2, 2.5
"Lamoille County, Vermont(2)",50015,Rural,134 ,109.4, 162.7,N/A , N/A , N/A,23,stable,-0.1 ,-2.1, 2.1
"Bay County, Michigan(2)",26017,Urban,134 ,121.9, 147,N/A , N/A , N/A,104,rising,1.4 ,0.4, 2.5
"Benewah County, Idaho(7)",16009,Rural,133.9 ,94.4, 185.9,N/A , N/A , N/A,9,stable,-1.2 ,-4.9, 2.6
"Newton County, Georgia(7)",13217,Urban,133.9 ,121.6, 147.2,N/A , N/A , N/A,91,falling,-3.0 ,-6.7, -1.1
"Spencer County, Indiana(2)",18147,Rural,133.9 ,105.2, 168.5,N/A , N/A , N/A,17,stable,1.3 ,-0.8, 3.5
"Stevens County, Minnesota(2)",27149,Rural,133.9 ,89.8, 192,N/A , N/A , N/A,7,stable,0.5 ,-4.1, 4.8
"Rockbridge County, Virginia(2)",51163,Rural,133.9 ,108.4, 164.3,N/A , N/A , N/A,24,stable,0.3 ,-1.3, 1.9
"Hampden County, Massachusetts(2)",25013,Urban,133.9 ,127.9, 140.1,N/A , N/A , N/A,412,stable,0.2 ,-0.3, 0.7
"Caldwell County, Kentucky(7)",21033,Rural,133.8 ,99.3, 177,N/A , N/A , N/A,12,stable,-0.1 ,-2.4, 2.2
"Gloucester County, Virginia(2)",51073,Urban,133.8 ,114.8, 155.5,N/A , N/A , N/A,40,stable,0.6 ,-1.3, 2.6
"Logan County, Oklahoma(2)",40083,Urban,133.8 ,115.5, 154.3,N/A , N/A , N/A,42,stable,-0.3 ,-2.0, 1.5
"Isanti County, Minnesota(2)",27059,Urban,133.8 ,114.4, 155.8,N/A , N/A , N/A,36,stable,0.5 ,-1.4, 2.7
"Conway County, Arkansas(2)",05029,Rural,133.8 ,106.7, 166.2,N/A , N/A , N/A,19,stable,-0.4 ,-2.5, 1.6
"Scotts Bluff County, Nebraska(2)",31157,Rural,133.8 ,112.8, 157.8,N/A , N/A , N/A,33,stable,-4.4 ,-10.6, 0.8
"O'Brien County, Iowa(7)",19141,Rural,133.8 ,98.4, 177.7,N/A , N/A , N/A,12,stable,-0.7 ,-2.3, 0.8
"Real County, Texas(7)",48385,Rural,133.8 ,74.9, 234.9,N/A , N/A , N/A,4,*,*,*,*
"Waldo County, Maine(2)",23027,Rural,133.7 ,115.2, 154.9,N/A , N/A , N/A,44,stable,0.6 ,-0.2, 1.5
"Summit County, Ohio(2)",39153,Urban,133.7 ,128.2, 139.5,N/A , N/A , N/A,492,rising,0.9 ,0.3, 1.5
"Texas County, Missouri(2)",29215,Rural,133.7 ,107.7, 164.6,N/A , N/A , N/A,22,stable,0.9 ,-2.0, 3.8
"Loudoun County, Virginia(2)",51107,Urban,133.7 ,126.9, 140.9,N/A , N/A , N/A,291,stable,0.1 ,-0.8, 1.1
"Codington County, South Dakota(2)",46029,Rural,133.7 ,110.3, 161,N/A , N/A , N/A,26,stable,1.0 ,-1.7, 4.1
"Ulster County, New York(7)",36111,Urban,133.7 ,124.2, 143.9,N/A , N/A , N/A,168,stable,-0.2 ,-1.1, 0.8
"Fayette County, Tennessee(2)",47047,Urban,133.7 ,114.4, 155.6,N/A , N/A , N/A,41,stable,-0.9 ,-7.2, 1.0
"Assumption Parish, Louisiana(7)",22007,Urban,133.7 ,106.4, 166.2,N/A , N/A , N/A,18,stable,-0.8 ,-3.3, 1.7
"Hoke County, North Carolina(2)",37093,Urban,133.7 ,114, 155.8,N/A , N/A , N/A,35,rising,1.6 ,0.1, 3.5
"Clarke County, Georgia(7)",13059,Urban,133.7 ,120.7, 147.7,N/A , N/A , N/A,82,stable,-0.3 ,-1.1, 0.6
"Walthall County, Mississippi(2)",28147,Rural,133.6 ,101, 174,N/A , N/A , N/A,13,rising,3.8 ,1.5, 6.4
"Clark County, Missouri(2)",29045,Rural,133.6 ,84.9, 201.1,N/A , N/A , N/A,6,stable,2.0 ,-2.1, 6.5
"Martin County, Texas(7)",48317,Urban,133.6 ,75.2, 218.8,N/A , N/A , N/A,3,*,*,*,*
"Clinton County, Illinois(7)",17027,Urban,133.5 ,112.3, 157.8,N/A , N/A , N/A,31,stable,-1.8 ,-8.8, 0.8
"Chickasaw County, Mississippi(2)",28017,Rural,133.5 ,103.7, 169.7,N/A , N/A , N/A,15,stable,1.0 ,-2.0, 4.2
"Franklin County, Iowa(7)",19069,Rural,133.5 ,95.9, 182.2,N/A , N/A , N/A,10,stable,0.6 ,-1.1, 2.5
"Cayuga County, New York(7)",36011,Rural,133.5 ,118.9, 149.5,N/A , N/A , N/A,70,stable,0.2 ,-1.2, 1.5
"Knox County, Indiana(2)",18083,Rural,133.5 ,112.4, 157.5,N/A , N/A , N/A,32,stable,0.9 ,-0.9, 2.8
"Collin County, Texas(7)",48085,Urban,133.5 ,129.2, 137.8,N/A , N/A , N/A,769,rising,0.8 ,0.1, 2.7
"Hillsborough County, Florida(2)",12057,Urban,133.4 ,130, 137,N/A , N/A , N/A,1167,rising,0.6 ,0.2, 0.9
"Jefferson County, Alabama(2)",01073,Urban,133.4 ,128.4, 138.6,N/A , N/A , N/A,573,rising,0.4 ,0.1, 0.8
"Polk County, Oregon(2)",41053,Urban,133.3 ,119.5, 148.4,N/A , N/A , N/A,75,stable,-0.4 ,-1.8, 1.1
"Hart County, Georgia(7)",13147,Rural,133.3 ,110, 160.7,N/A , N/A , N/A,27,stable,0.4 ,-1.2, 2.2
"Poinsett County, Arkansas(2)",05111,Urban,133.3 ,106.9, 164.5,N/A , N/A , N/A,20,stable,-0.1 ,-2.6, 2.4
"Chippewa County, Wisconsin(2)",55017,Urban,133.3 ,117.3, 151,N/A , N/A , N/A,57,stable,1.9 ,0.0, 8.5
"St. Clair County, Alabama(2)",01115,Urban,133.3 ,120.2, 147.5,N/A , N/A , N/A,82,rising,2.2 ,0.7, 4.0
"Dubuque County, Iowa(7)",19061,Urban,133.3 ,119.8, 147.8,N/A , N/A , N/A,83,stable,0.7 ,0.0, 2.8
"Lee County, Arkansas(2)",05077,Rural,133.3 ,87.5, 195.5,N/A , N/A , N/A,7,stable,-10.7 ,-32.2, 0.6
"Morrow County, Oregon(2)",41049,Rural,133.3 ,96.9, 179.3,N/A , N/A , N/A,10,stable,1.6 ,-1.6, 5.7
"Lake County, Indiana(2)",18089,Urban,133.2 ,127.5, 139.2,N/A , N/A , N/A,432,rising,0.7 ,0.2, 1.3
"Houston County, Alabama(2)",01069,Urban,133.2 ,121.1, 146.4,N/A , N/A , N/A,95,stable,0.7 ,-0.5, 1.9
"Anderson County, Texas(7)",48001,Rural,133.2 ,114.7, 154.1,N/A , N/A , N/A,41,rising,3.2 ,0.2, 14.6
"Saginaw County, Michigan(2)",26145,Urban,133.2 ,124, 143,N/A , N/A , N/A,176,stable,0.5 ,-0.4, 1.5
"Fulton County, Illinois(7)",17057,Rural,133.2 ,112.2, 157.4,N/A , N/A , N/A,32,stable,0.8 ,-0.7, 2.4
"Venango County, Pennsylvania(2)",42121,Rural,133.2 ,116.1, 152.4,N/A , N/A , N/A,53,stable,0.6 ,-0.7, 1.9
"East Baton Rouge Parish, Louisiana(7)",22033,Urban,133.2 ,126.8, 139.8,N/A , N/A , N/A,349,stable,0.2 ,-0.4, 0.8
"Pierce County, Nebraska(2)",31139,Rural,133.1 ,88, 194.4,N/A , N/A , N/A,6,*,*,*,*
"Calumet County, Wisconsin(2)",55015,Urban,133.1 ,115.4, 152.9,N/A , N/A , N/A,43,stable,1.3 ,-0.1, 3.0
"Miller County, Missouri(2)",29131,Rural,133.1 ,107.8, 162.9,N/A , N/A , N/A,22,stable,2.3 ,-0.2, 5.2
"Tyler County, West Virginia(2)",54095,Rural,133.1 ,95.2, 183.9,N/A , N/A , N/A,9,stable,-0.6 ,-3.2, 2.0
"Oswego County, New York(7)",36075,Urban,133.1 ,121, 146.1,N/A , N/A , N/A,99,stable,-3.1 ,-9.4, 1.2
"Tarrant County, Texas(7)",48439,Urban,133.1 ,130, 136.2,N/A , N/A , N/A,1490,rising,0.6 ,0.2, 1.2
"Otoe County, Nebraska(2)",31131,Rural,133.1 ,101.3, 172.1,N/A , N/A , N/A,14,stable,1.0 ,-2.2, 4.3
"Schuylkill County, Pennsylvania(2)",42107,Rural,133 ,122.6, 144.3,N/A , N/A , N/A,137,stable,0.8 ,-0.4, 2.1
"Wyoming County, Pennsylvania(2)",42131,Urban,133 ,109, 161.2,N/A , N/A , N/A,26,stable,-0.4 ,-2.4, 1.4
"Hancock County, Mississippi(2)",28045,Urban,133 ,115.1, 153.2,N/A , N/A , N/A,45,stable,1.2 ,-0.3, 2.9
"Gordon County, Georgia(7)",13129,Rural,133 ,116.4, 151.5,N/A , N/A , N/A,48,stable,0.2 ,-0.9, 1.6
"Emmet County, Iowa(7)",19063,Rural,133 ,93.5, 184.6,N/A , N/A , N/A,9,stable,0.3 ,-1.6, 2.3
"Vermilion County, Illinois(7)",17183,Rural,133 ,118, 149.5,N/A , N/A , N/A,65,stable,-0.8 ,-2.3, 0.7
"Clallam County, Washington(7)",53009,Rural,133 ,119.6, 147.7,N/A , N/A , N/A,99,stable,-0.4 ,-1.0, 0.2
"Sebastian County, Arkansas(2)",05131,Urban,133 ,121.5, 145.2,N/A , N/A , N/A,107,rising,1.2 ,0.3, 2.1
"Wright County, Iowa(7)",19197,Rural,133 ,96.8, 178.4,N/A , N/A , N/A,11,stable,-1.5 ,-3.2, 0.0
"Liberty County, Georgia(7)",13179,Urban,132.9 ,114, 154,N/A , N/A , N/A,38,rising,3.3 ,0.2, 13.1
"Pasco County, Florida(2)",12101,Urban,132.9 ,127.7, 138.3,N/A , N/A , N/A,555,rising,1.1 ,0.7, 1.5
"Floyd County, Georgia(7)",13115,Urban,132.9 ,119.8, 147.2,N/A , N/A , N/A,81,stable,0.7 ,-0.2, 1.7
"Galveston County, Texas(7)",48167,Urban,132.9 ,125.8, 140.3,N/A , N/A , N/A,280,rising,2.4 ,1.0, 5.7
"Carbon County, Montana(2)",30009,Urban,132.8 ,94.8, 182.7,N/A , N/A , N/A,10,stable,0.9 ,-2.5, 4.8
"Crawford County, Georgia(7)",13079,Urban,132.8 ,99.4, 175.3,N/A , N/A , N/A,12,stable,0.1 ,-1.6, 2.1
"Erie County, Pennsylvania(2)",42049,Urban,132.8 ,124.9, 141.1,N/A , N/A , N/A,239,stable,0.5 ,-0.2, 1.2
"Cannon County, Tennessee(2)",47015,Urban,132.8 ,101.8, 171.1,N/A , N/A , N/A,13,stable,2.6 ,0.0, 5.7
"Tazewell County, Illinois(7)",17179,Urban,132.8 ,121.9, 144.4,N/A , N/A , N/A,121,stable,0.9 ,-0.2, 2.0
"Manassas Park City, Virginia(2)",51685,Urban,132.8 ,97.9, 175.8,N/A , N/A , N/A,10,rising,2.8 ,0.1, 6.6
"Hill County, Texas(7)",48217,Rural,132.7 ,111.5, 157,N/A , N/A , N/A,32,stable,0.9 ,-1.6, 3.6
"Crawford County, Missouri(2)",29055,Rural,132.7 ,107.4, 162.7,N/A , N/A , N/A,22,stable,1.3 ,-1.2, 3.9
"Dent County, Missouri(2)",29065,Rural,132.7 ,101.9, 170.9,N/A , N/A , N/A,15,rising,5.2 ,0.5, 23.2
"Worcester County, Maryland(2)",24047,Rural,132.7 ,116, 151.4,N/A , N/A , N/A,60,falling,-6.7 ,-10.5, -2.7
"Sheridan County, Wyoming(2)",56033,Rural,132.7 ,110.3, 158.7,N/A , N/A , N/A,29,stable,-0.7 ,-2.9, 1.7
"Terrebonne Parish, Louisiana(7)",22109,Urban,132.7 ,120.1, 146.3,N/A , N/A , N/A,86,stable,0.9 ,-0.5, 2.7
"Huntington County, Indiana(2)",18069,Rural,132.7 ,111.6, 156.7,N/A , N/A , N/A,32,stable,0.8 ,-1.2, 2.8
"Poweshiek County, Iowa(7)",19157,Rural,132.7 ,103.5, 167.9,N/A , N/A , N/A,17,stable,0.8 ,-0.9, 2.6
"Tipton County, Indiana(2)",18159,Urban,132.6 ,102, 170.4,N/A , N/A , N/A,15,stable,-0.6 ,-10.8, 4.0
"Rogers County, Oklahoma(2)",40131,Urban,132.6 ,119.2, 147.2,N/A , N/A , N/A,77,stable,1.1 ,-0.1, 2.4
"Lincoln County, Kentucky(7)",21137,Rural,132.6 ,107.1, 162.5,N/A , N/A , N/A,21,stable,1.2 ,-0.6, 3.4
"Gray County, Texas(7)",48179,Rural,132.6 ,103.7, 167.2,N/A , N/A , N/A,16,stable,0.8 ,-1.1, 2.7
"Franklin County, Illinois(7)",17055,Rural,132.6 ,112.6, 155.4,N/A , N/A , N/A,35,stable,1.2 ,-0.4, 3.1
"Wetzel County, West Virginia(2)",54103,Rural,132.6 ,104, 167.9,N/A , N/A , N/A,16,stable,1.9 ,-0.8, 4.9
"Henry County, Georgia(7)",13151,Urban,132.5 ,123.9, 141.7,N/A , N/A , N/A,184,stable,0.1 ,-0.6, 0.9
"Bleckley County, Georgia(7)",13023,Rural,132.5 ,98.3, 175.4,N/A , N/A , N/A,11,stable,0.9 ,-2.0, 4.5
"Boyle County, Kentucky(7)",21021,Rural,132.5 ,110, 158.5,N/A , N/A , N/A,27,stable,-0.8 ,-4.4, 1.6
"El Paso County, Colorado(2)",08041,Urban,132.5 ,127.3, 137.8,N/A , N/A , N/A,519,stable,0.6 ,-0.1, 1.3
"Jefferson County, Wisconsin(2)",55055,Rural,132.5 ,118.6, 147.6,N/A , N/A , N/A,73,rising,1.1 ,0.3, 2.0
"Hancock County, Georgia(7)",13141,Rural,132.4 ,89.4, 191.5,N/A , N/A , N/A,8,stable,0.0 ,-1.4, 1.6
"Shelby County, Kentucky(7)",21211,Urban,132.4 ,114.3, 152.7,N/A , N/A , N/A,41,stable,0.9 ,-0.1, 2.2
"Grand Forks County, North Dakota(2)",38035,Urban,132.4 ,115.1, 151.5,N/A , N/A , N/A,47,stable,-0.4 ,-2.1, 1.3
"Fort Bend County, Texas(7)",48157,Urban,132.4 ,127.6, 137.4,N/A , N/A , N/A,599,rising,2.2 ,0.8, 4.9
"Blanco County, Texas(7)",48031,Rural,132.4 ,100.5, 173.6,N/A , N/A , N/A,14,stable,0.3 ,-3.0, 4.7
"Tuolumne County, California(7)",06109,Rural,132.3 ,115.3, 151.4,N/A , N/A , N/A,58,rising,3.7 ,0.2, 11.1
"Posey County, Indiana(2)",18129,Urban,132.3 ,107.4, 161.7,N/A , N/A , N/A,22,stable,0.5 ,-1.4, 2.4
"Berrien County, Georgia(7)",13019,Rural,132.3 ,103.2, 167.5,N/A , N/A , N/A,15,stable,1.6 ,-0.4, 4.1
"Orange County, California(7)",06059,Urban,132.3 ,130, 134.7,N/A , N/A , N/A,2549,rising,0.5 ,0.2, 1.0
"Cuming County, Nebraska(2)",31039,Rural,132.3 ,87.5, 191.4,N/A , N/A , N/A,7,rising,4.2 ,0.1, 16.9
"Tunica County, Mississippi(2)",28143,Urban,132.3 ,90.6, 186.4,N/A , N/A , N/A,7,stable,-0.5 ,-3.8, 2.7
"Washington County, Pennsylvania(2)",42125,Urban,132.3 ,123.7, 141.3,N/A , N/A , N/A,203,stable,0.4 ,-0.5, 1.3
"Lake County, Florida(2)",12069,Urban,132.2 ,126, 138.7,N/A , N/A , N/A,421,stable,0.5 ,-0.2, 1.3
"Gem County, Idaho(7)",16045,Urban,132.2 ,105.4, 164.6,N/A , N/A , N/A,19,stable,0.4 ,-2.4, 3.5
"Jefferson County, Iowa(7)",19101,Rural,132.2 ,101.1, 170.8,N/A , N/A , N/A,16,stable,0.5 ,-1.1, 2.3
"Fall River County, South Dakota(2)",46047,Rural,132.2 ,86.9, 195.8,N/A , N/A , N/A,8,stable,-1.3 ,-6.8, 4.1
"Juab County, Utah(7)",49023,Urban,132.2 ,90.4, 186,N/A , N/A , N/A,7,stable,0.9 ,-0.6, 3.0
"Haywood County, Tennessee(2)",47075,Rural,132.2 ,103.5, 166.8,N/A , N/A , N/A,16,stable,2.2 ,-0.3, 5.1
"Johnson County, Indiana(2)",18081,Urban,132.2 ,121.9, 143.2,N/A , N/A , N/A,127,stable,0.8 ,-0.1, 1.9
"Troup County, Georgia(7)",13285,Rural,132.2 ,117, 148.8,N/A , N/A , N/A,58,stable,0.2 ,-0.8, 1.4
"Ketchikan Gateway Borough, Alaska(2)",02130,Rural,132.1 ,98.2, 174.7,N/A , N/A , N/A,11,stable,0.2 ,-2.6, 3.2
"Arlington County, Virginia(2)",51013,Urban,132.1 ,122.9, 141.9,N/A , N/A , N/A,154,stable,-0.3 ,-1.4, 0.9
"Scott County, Kentucky(7)",21209,Urban,132.1 ,114.2, 152.1,N/A , N/A , N/A,40,falling,-10.7 ,-20.2, -0.3
"Elmore County, Alabama(2)",01051,Urban,132.1 ,118.6, 146.8,N/A , N/A , N/A,73,stable,0.4 ,-0.8, 1.7
"Martin County, Florida(2)",12085,Urban,132.1 ,122.2, 142.7,N/A , N/A , N/A,186,stable,0.4 ,-1.0, 1.8
"Hamilton County, Tennessee(2)",47065,Urban,132.1 ,125.4, 139,N/A , N/A , N/A,321,stable,0.3 ,-0.5, 1.1
"Lancaster County, Pennsylvania(2)",42071,Urban,132.1 ,126.5, 137.8,N/A , N/A , N/A,475,stable,0.6 ,-0.2, 1.4
"Smith County, Texas(7)",48423,Urban,132 ,123.5, 140.9,N/A , N/A , N/A,195,stable,-0.2 ,-0.8, 0.5
"Benton County, Oregon(2)",41003,Urban,132 ,117.9, 147.5,N/A , N/A , N/A,72,stable,0.4 ,-1.2, 2.1
"Cumberland County, New Jersey(7)",34011,Urban,132 ,121.5, 143.2,N/A , N/A , N/A,124,rising,7.3 ,1.3, 11.8
"Charlton County, Georgia(7)",13049,Rural,132 ,92.9, 182.8,N/A , N/A , N/A,8,stable,2.3 ,-1.0, 6.5
"Gasconade County, Missouri(2)",29073,Rural,132 ,102.2, 168.9,N/A , N/A , N/A,15,stable,0.3 ,-2.2, 3.0
"Giles County, Virginia(2)",51071,Urban,131.9 ,104.1, 165.8,N/A , N/A , N/A,17,stable,4.0 ,-0.4, 21.5
"Lyon County, Iowa(7)",19119,Rural,131.8 ,94.8, 178.7,N/A , N/A , N/A,9,rising,31.5 ,2.3, 61.3
"Muskogee County, Oklahoma(2)",40101,Rural,131.8 ,116.1, 149.1,N/A , N/A , N/A,55,rising,12.0 ,2.0, 18.4
"Jefferson County, Idaho(7)",16051,Urban,131.8 ,106.4, 161.4,N/A , N/A , N/A,20,stable,1.4 ,-0.5, 4.1
"Mingo County, West Virginia(2)",54059,Rural,131.8 ,106.4, 161.8,N/A , N/A , N/A,21,stable,1.9 ,-1.0, 4.9
"Washington County, Illinois(7)",17189,Rural,131.7 ,98.7, 172.9,N/A , N/A , N/A,12,stable,-0.2 ,-2.1, 2.0
"Murray County, Georgia(7)",13213,Urban,131.7 ,111.8, 154.4,N/A , N/A , N/A,33,stable,0.9 ,-0.7, 2.9
"Lincoln County, South Dakota(2)",46083,Urban,131.7 ,114.9, 150.2,N/A , N/A , N/A,46,stable,0.7 ,-0.8, 2.8
"Wayne County, Michigan(2)",26163,Urban,131.7 ,128.6, 134.9,N/A , N/A , N/A,1472,stable,0.3 ,-0.1, 0.6
"Indian River County, Florida(2)",12061,Urban,131.7 ,121.9, 142.2,N/A , N/A , N/A,200,stable,0.9 ,-0.7, 2.5
"Tangipahoa Parish, Louisiana(7)",22105,Urban,131.7 ,120.2, 144,N/A , N/A , N/A,103,stable,0.5 ,-0.4, 1.6
"Marathon County, Wisconsin(2)",55073,Urban,131.7 ,120.6, 143.5,N/A , N/A , N/A,116,stable,-0.2 ,-1.3, 0.9
"Crow Wing County, Minnesota(2)",27035,Rural,131.7 ,116.2, 148.8,N/A , N/A , N/A,63,stable,0.9 ,-0.1, 1.9
"Porter County, Indiana(2)",18127,Urban,131.7 ,121.9, 142,N/A , N/A , N/A,147,stable,0.3 ,-0.8, 1.5
"Collier County, Florida(2)",12021,Urban,131.6 ,125.1, 138.5,N/A , N/A , N/A,429,rising,6.2 ,1.5, 11.4
"Price County, Wisconsin(2)",55099,Rural,131.6 ,97.4, 175,N/A , N/A , N/A,14,stable,1.3 ,-2.2, 5.1
"Bulloch County, Georgia(7)",13031,Rural,131.6 ,115.5, 149.2,N/A , N/A , N/A,51,stable,0.2 ,-0.8, 1.4
"Humphreys County, Tennessee(2)",47085,Rural,131.6 ,105.1, 163.5,N/A , N/A , N/A,19,falling,-3.6 ,-6.9, -0.7
"Cabell County, West Virginia(2)",54011,Urban,131.6 ,118.3, 146,N/A , N/A , N/A,81,stable,0.6 ,-0.5, 1.7
"Alachua County, Florida(2)",12001,Urban,131.5 ,123.1, 140.4,N/A , N/A , N/A,199,stable,-0.2 ,-1.2, 0.8
"Lemhi County, Idaho(7)",16059,Rural,131.5 ,86.7, 192.8,N/A , N/A , N/A,8,stable,1.9 ,-0.9, 5.3
"Hendricks County, Indiana(2)",18063,Urban,131.5 ,121.6, 142,N/A , N/A , N/A,136,stable,-0.1 ,-1.4, 1.4
"Somerset County, Maine(2)",23025,Rural,131.5 ,114.3, 150.8,N/A , N/A , N/A,49,rising,6.6 ,0.8, 19.6
"Benton County, Tennessee(2)",47005,Rural,131.5 ,102, 167.8,N/A , N/A , N/A,16,stable,1.5 ,-1.6, 4.8
"Sandoval County, New Mexico(7)",35043,Urban,131.5 ,121.3, 142.3,N/A , N/A , N/A,137,stable,0.1 ,-0.5, 0.9
"Sumner County, Tennessee(2)",47165,Urban,131.4 ,122.4, 141,N/A , N/A , N/A,166,stable,0.5 ,-0.3, 1.4
"Jackson County, Wisconsin(2)",55053,Rural,131.4 ,104.6, 163.6,N/A , N/A , N/A,19,stable,0.1 ,-2.5, 2.7
"Marquette County, Wisconsin(2)",55077,Rural,131.4 ,100.2, 170.2,N/A , N/A , N/A,16,stable,0.4 ,-3.0, 4.0
"Bibb County, Georgia(7)",13021,Urban,131.3 ,121.1, 142.3,N/A , N/A , N/A,131,stable,-0.2 ,-0.9, 0.6
"Pulaski County, Georgia(7)",13235,Rural,131.3 ,96.8, 175.6,N/A , N/A , N/A,10,stable,2.5 ,-1.1, 7.1
"Osceola County, Michigan(2)",26133,Rural,131.3 ,105.7, 161.7,N/A , N/A , N/A,22,rising,15.0 ,1.1, 33.0
"Pottawattamie County, Iowa(7)",19155,Urban,131.2 ,118.3, 145.3,N/A , N/A , N/A,83,stable,-0.1 ,-0.7, 0.6
"Rock County, Wisconsin(2)",55105,Urban,131.2 ,121.3, 141.8,N/A , N/A , N/A,139,stable,1.1 ,0.0, 2.2
"Hamilton County, Nebraska(2)",31081,Rural,131.2 ,92.2, 182.3,N/A , N/A , N/A,8,stable,-0.1 ,-4.9, 4.8
"Catoosa County, Georgia(7)",13047,Urban,131.2 ,116.5, 147.4,N/A , N/A , N/A,62,stable,1.1 ,-0.6, 3.2
"Pine County, Minnesota(2)",27115,Rural,131.2 ,108, 158.4,N/A , N/A , N/A,26,stable,-0.4 ,-2.5, 1.8
"Darke County, Ohio(2)",39037,Rural,131.2 ,113.7, 150.7,N/A , N/A , N/A,47,stable,0.7 ,-0.7, 2.1
"Gladwin County, Michigan(2)",26051,Rural,131.2 ,107.6, 159.1,N/A , N/A , N/A,28,stable,1.4 ,-0.5, 3.5
"Teller County, Colorado(2)",08119,Urban,131.1 ,106.2, 161,N/A , N/A , N/A,24,stable,-0.7 ,-2.9, 1.6
"Salt Lake County, Utah(7)",49035,Urban,131.1 ,126.8, 135.5,N/A , N/A , N/A,738,rising,3.6 ,1.2, 6.0
"Spokane County, Washington(2)",53063,Urban,131.1 ,125.4, 136.9,N/A , N/A , N/A,434,stable,-0.2 ,-1.0, 0.6
"Fairfield County, Ohio(2)",39045,Urban,131.1 ,120.9, 141.9,N/A , N/A , N/A,131,stable,0.1 ,-0.8, 1.0
"Mercer County, New Jersey(7)",34021,Urban,131 ,124.4, 137.9,N/A , N/A , N/A,310,stable,0.1 ,-0.4, 0.5
"Huntingdon County, Pennsylvania(2)",42061,Rural,131 ,111.8, 152.8,N/A , N/A , N/A,39,stable,1.6 ,-0.7, 4.0
"Cook County, Illinois(7)",17031,Urban,131 ,129.2, 132.8,N/A , N/A , N/A,4138,rising,0.6 ,0.4, 1.3
"Iberville Parish, Louisiana(7)",22047,Urban,131 ,108.2, 157.3,N/A , N/A , N/A,25,stable,0.0 ,-1.7, 1.8
"McNairy County, Tennessee(2)",47109,Rural,131 ,106.5, 159.6,N/A , N/A , N/A,23,rising,5.3 ,0.9, 18.6
"Catahoula Parish, Louisiana(7)",22025,Rural,130.9 ,89.9, 185.4,N/A , N/A , N/A,7,stable,1.0 ,-1.5, 3.8
"Johnson County, Texas(7)",48251,Urban,130.9 ,121.1, 141.4,N/A , N/A , N/A,137,rising,2.0 ,0.6, 7.4
"Jefferson County, Montana(2)",30043,Urban,130.9 ,96.3, 175.3,N/A , N/A , N/A,12,stable,1.4 ,-0.9, 4.0
"Beaufort County, South Carolina(2)",45013,Urban,130.9 ,121.8, 140.5,N/A , N/A , N/A,203,falling,-2.1 ,-5.7, -0.3
"Copiah County, Mississippi(2)",28029,Urban,130.9 ,107.3, 158.3,N/A , N/A , N/A,24,stable,0.5 ,-1.6, 2.5
"Kingfisher County, Oklahoma(2)",40073,Rural,130.9 ,97.6, 172,N/A , N/A , N/A,11,stable,-0.4 ,-2.8, 2.1
"Harney County, Oregon(2)",41025,Rural,130.9 ,87.8, 189.7,N/A , N/A , N/A,7,stable,-0.1 ,-3.8, 3.7
"Fulton County, New York(7)",36035,Rural,130.9 ,114.5, 149.2,N/A , N/A , N/A,51,stable,-0.3 ,-1.7, 1.2
"Somerset County, Pennsylvania(2)",42111,Rural,130.9 ,115.9, 147.4,N/A , N/A , N/A,68,stable,0.9 ,-0.1, 2.0
"Clinton County, Pennsylvania(2)",42035,Rural,130.8 ,110.6, 154,N/A , N/A , N/A,34,stable,0.6 ,-2.1, 3.3
"Wood County, Ohio(2)",39173,Urban,130.8 ,119.1, 143.4,N/A , N/A , N/A,101,stable,0.4 ,-0.8, 1.8
"Lycoming County, Pennsylvania(2)",42081,Urban,130.8 ,119.2, 143.4,N/A , N/A , N/A,105,stable,1.0 ,-0.1, 2.2
"Mercer County, Pennsylvania(2)",42085,Rural,130.8 ,119, 143.5,N/A , N/A , N/A,108,stable,0.7 ,-0.5, 1.9
"Atlantic County, New Jersey(7)",34001,Urban,130.8 ,123.1, 138.8,N/A , N/A , N/A,247,stable,0.2 ,-0.2, 0.6
"Lowndes County, Mississippi(2)",28087,Rural,130.8 ,114.4, 148.9,N/A , N/A , N/A,50,stable,0.4 ,-1.5, 2.4
"Idaho County, Idaho(7)",16049,Rural,130.7 ,99.9, 168.9,N/A , N/A , N/A,16,rising,2.3 ,0.6, 4.3
"Randolph County, Illinois(7)",17157,Rural,130.7 ,107.8, 157.4,N/A , N/A , N/A,27,stable,1.1 ,-0.5, 2.7
"Luce County, Michigan(2)",26095,Rural,130.7 ,83.4, 199.6,N/A , N/A , N/A,6,stable,0.4 ,-4.2, 4.8
"Surry County, Virginia(2)",51181,Urban,130.7 ,89.1, 189.3,N/A , N/A , N/A,8,stable,0.4 ,-18.2, 4.5
"Linn County, Missouri(2)",29115,Rural,130.7 ,96.3, 174.3,N/A , N/A , N/A,11,stable,28.6 ,-2.3, 56.4
"Douglas County, Nevada(2)",32005,Rural,130.7 ,113.5, 150.2,N/A , N/A , N/A,57,stable,1.1 ,-0.4, 2.8
"Talladega County, Alabama(2)",01121,Rural,130.7 ,116.8, 145.9,N/A , N/A , N/A,71,stable,0.8 ,-1.0, 2.7
"St. John the Baptist Parish, Louisiana(7)",22095,Urban,130.7 ,111.3, 152.6,N/A , N/A , N/A,35,stable,0.4 ,-0.5, 1.4
"Garvin County, Oklahoma(2)",40049,Rural,130.7 ,105.7, 159.9,N/A , N/A , N/A,21,stable,0.1 ,-3.0, 3.1
"Pennington County, South Dakota(2)",46103,Urban,130.6 ,118.2, 144.1,N/A , N/A , N/A,94,stable,-0.5 ,-1.5, 0.6
"Cape May County, New Jersey(7)",34009,Urban,130.6 ,118.1, 144.3,N/A , N/A , N/A,107,stable,-0.3 ,-1.1, 0.5
"Decatur County, Indiana(2)",18031,Rural,130.6 ,107.1, 158.2,N/A , N/A , N/A,23,rising,3.2 ,1.1, 5.6
"Bowie County, Texas(7)",48037,Urban,130.6 ,117.1, 145.2,N/A , N/A , N/A,75,stable,0.6 ,-0.5, 4.8
"McLennan County, Texas(7)",48309,Urban,130.6 ,122.1, 139.5,N/A , N/A , N/A,190,rising,2.4 ,0.4, 7.2
"Virginia Beach City, Virginia(2)",51810,Urban,130.6 ,124.4, 136.9,N/A , N/A , N/A,362,falling,-2.7 ,-5.8, -1.0
"Surry County, North Carolina(2)",37171,Rural,130.5 ,116.5, 146,N/A , N/A , N/A,70,stable,0.8 ,-0.5, 2.3
"San Francisco County, California(7)",06075,Urban,130.5 ,126, 135.2,N/A , N/A , N/A,652,rising,5.3 ,0.5, 7.8
"Anderson County, Tennessee(2)",47001,Urban,130.5 ,116.4, 146,N/A , N/A , N/A,71,stable,0.6 ,-0.7, 1.9
"Meriwether County, Georgia(7)",13199,Urban,130.5 ,103.7, 162.5,N/A , N/A , N/A,19,stable,0.9 ,-1.5, 3.6
"Steele County, Minnesota(2)",27147,Rural,130.5 ,110.5, 153.3,N/A , N/A , N/A,33,stable,-3.2 ,-15.8, 0.9
"Fillmore County, Minnesota(2)",27045,Urban,130.5 ,104.3, 161.8,N/A , N/A , N/A,20,stable,-1.2 ,-3.0, 0.5
"Northampton County, North Carolina(2)",37131,Rural,130.5 ,102.8, 164.5,N/A , N/A , N/A,21,stable,0.6 ,-1.7, 3.0
"Sweet Grass County, Montana(2)",30097,Rural,130.5 ,76.5, 217.2,N/A , N/A , N/A,4,*,*,*,*
"Habersham County, Georgia(7)",13137,Rural,130.5 ,112.5, 150.6,N/A , N/A , N/A,41,stable,-0.2 ,-1.1, 0.8
"Denver County, Colorado(2)",08031,Urban,130.5 ,125.1, 136,N/A , N/A , N/A,463,stable,0.2 ,-0.2, 0.7
"Randall County, Texas(7)",48381,Urban,130.4 ,119.3, 142.4,N/A , N/A , N/A,107,stable,-0.5 ,-1.7, 0.8
"Butte County, California(7)",06007,Urban,130.4 ,121.3, 140.1,N/A , N/A , N/A,172,stable,-0.2 ,-0.9, 0.4
"Gwinnett County, Georgia(7)",13135,Urban,130.4 ,125.9, 135.1,N/A , N/A , N/A,660,stable,0.2 ,-0.1, 0.5
"Genesee County, New York(7)",36037,Rural,130.4 ,114.2, 148.4,N/A , N/A , N/A,53,stable,-0.8 ,-1.8, 0.3
"Whitfield County, Georgia(7)",13313,Urban,130.4 ,117.5, 144.4,N/A , N/A , N/A,77,rising,3.6 ,0.7, 12.3
"Suffolk City, Virginia(2)",51800,Urban,130.4 ,117.2, 144.7,N/A , N/A , N/A,76,stable,0.9 ,-1.1, 3.3
"Wayne County, Mississippi(2)",28153,Rural,130.4 ,102.4, 163.8,N/A , N/A , N/A,16,stable,2.5 ,-0.2, 5.5
"Lincoln County, Nebraska(2)",31111,Rural,130.3 ,109, 154.8,N/A , N/A , N/A,30,stable,-0.1 ,-2.8, 2.6
"Grand County, Utah(7)",49019,Rural,130.3 ,91.6, 180.6,N/A , N/A , N/A,8,stable,1.4 ,-0.4, 3.9
"Windsor County, Vermont(2)",50027,Rural,130.3 ,114.1, 148.4,N/A , N/A , N/A,57,falling,-5.2 ,-11.5, -2.1
"Santa Rosa County, Florida(2)",12113,Urban,130.3 ,120.9, 140.2,N/A , N/A , N/A,155,stable,0.6 ,-0.4, 1.7
"Lampasas County, Texas(7)",48281,Urban,130.3 ,105, 160.4,N/A , N/A , N/A,21,rising,3.3 ,1.0, 13.4
"McLeod County, Minnesota(2)",27085,Rural,130.3 ,110.5, 152.9,N/A , N/A , N/A,34,stable,0.8 ,-0.8, 2.6
"Smith County, Tennessee(2)",47159,Urban,130.3 ,103, 163,N/A , N/A , N/A,17,stable,0.3 ,-2.3, 3.0
"San Diego County, California(7)",06073,Urban,130.3 ,127.9, 132.6,N/A , N/A , N/A,2452,stable,-0.1 ,-0.3, 0.2
"Marion County, Indiana(2)",18097,Urban,130.2 ,125.8, 134.8,N/A , N/A , N/A,694,falling,-3.4 ,-6.3, -0.1
"Wagoner County, Oklahoma(2)",40145,Urban,130.2 ,116, 145.7,N/A , N/A , N/A,65,stable,0.8 ,-0.6, 2.3
"Dooly County, Georgia(7)",13093,Rural,130.2 ,93, 178.7,N/A , N/A , N/A,10,rising,12.6 ,1.5, 40.4
"Richland County, Ohio(2)",39139,Urban,130.1 ,118.6, 142.5,N/A , N/A , N/A,108,stable,0.3 ,-0.9, 1.5
"Hays County, Texas(7)",48209,Urban,130.1 ,121, 139.8,N/A , N/A , N/A,158,rising,0.8 ,0.1, 2.7
"Hardin County, Kentucky(7)",21093,Urban,130.1 ,117.8, 143.4,N/A , N/A , N/A,87,stable,0.3 ,-0.5, 1.4
"Passaic County, New Jersey(7)",34031,Urban,130.1 ,124.3, 136.1,N/A , N/A , N/A,405,rising,1.1 ,0.2, 3.7
"Berks County, Pennsylvania(2)",42011,Urban,130.1 ,123.8, 136.6,N/A , N/A , N/A,356,stable,0.4 ,-0.1, 0.9
"Rusk County, Wisconsin(2)",55107,Rural,130.1 ,97.6, 171,N/A , N/A , N/A,14,stable,0.8 ,-2.5, 4.3
"Bernalillo County, New Mexico(7)",35001,Urban,130.1 ,125.1, 135.2,N/A , N/A , N/A,565,stable,0.9 ,-1.1, 2.2
"Middlesex County, New Jersey(7)",34023,Urban,130.1 ,125.6, 134.6,N/A , N/A , N/A,687,stable,0.0 ,-0.4, 0.5
"Allegany County, New York(7)",36003,Rural,130 ,110.5, 152.1,N/A , N/A , N/A,37,stable,0.2 ,-1.0, 1.5
"Nez Perce County, Idaho(7)",16069,Urban,130 ,111.2, 151.3,N/A , N/A , N/A,38,stable,0.4 ,-0.8, 1.9
"Starr County, Texas(7)",48427,Rural,130 ,112.4, 149.4,N/A , N/A , N/A,40,rising,2.3 ,0.7, 4.4
"Nevada County, California(7)",06057,Rural,129.9 ,117.6, 143.3,N/A , N/A , N/A,109,stable,-0.6 ,-1.5, 0.3
"Comal County, Texas(7)",48091,Urban,129.9 ,120.1, 140.4,N/A , N/A , N/A,143,stable,0.3 ,-0.2, 0.9
"Brown County, South Dakota(2)",46013,Rural,129.9 ,109.1, 153.6,N/A , N/A , N/A,32,stable,0.1 ,-1.7, 2.0
"Barbour County, Alabama(2)",01005,Rural,129.9 ,105, 159.3,N/A , N/A , N/A,22,rising,19.6 ,1.9, 33.8
"Tuscaloosa County, Alabama(2)",01125,Urban,129.8 ,120.8, 139.4,N/A , N/A , N/A,162,stable,-0.2 ,-1.2, 0.8
"Canadian County, Oklahoma(2)",40017,Urban,129.8 ,119.1, 141.3,N/A , N/A , N/A,112,stable,-0.5 ,-1.5, 0.7
"Grayson County, Kentucky(7)",21085,Rural,129.8 ,106, 157.8,N/A , N/A , N/A,23,stable,1.7 ,-0.4, 4.2
"Fairfax County, Virginia(2)",51059,Urban,129.8 ,125.9, 133.8,N/A , N/A , N/A,869,rising,4.0 ,0.3, 7.3
"Lincoln County, Oklahoma(2)",40081,Urban,129.8 ,108.9, 153.8,N/A , N/A , N/A,30,rising,5.9 ,0.3, 22.1
"Yukon-Koyukuk Census Area, Alaska(2)",02290,Rural,129.8 ,72.4, 214.1,N/A , N/A , N/A,3,*,*,*,*
"Dunn County, Wisconsin(2)",55033,Rural,129.8 ,110, 152.1,N/A , N/A , N/A,33,stable,0.8 ,-0.4, 2.2
"Monroe County, Pennsylvania(2)",42089,Rural,129.8 ,120.2, 139.9,N/A , N/A , N/A,152,stable,0.3 ,-0.5, 1.1
"Hernando County, Florida(2)",12053,Urban,129.7 ,121.2, 138.8,N/A , N/A , N/A,212,stable,2.0 ,-2.2, 7.4
"Carroll County, New Hampshire(2)",33003,Rural,129.7 ,112.7, 149.1,N/A , N/A , N/A,58,stable,0.7 ,-0.4, 1.7
"Upshur County, Texas(7)",48459,Urban,129.7 ,110.2, 151.9,N/A , N/A , N/A,35,rising,3.2 ,0.3, 14.0
"Montgomery County, Texas(7)",48339,Urban,129.7 ,124.3, 135.3,N/A , N/A , N/A,456,stable,3.3 ,-0.4, 8.7
"Sumter County, South Carolina(2)",45085,Urban,129.7 ,117.2, 143.2,N/A , N/A , N/A,86,stable,0.5 ,-0.5, 1.6
"Mercer County, Ohio(2)",39107,Rural,129.7 ,109.6, 152.4,N/A , N/A , N/A,34,stable,1.1 ,-0.1, 2.5
"Allamakee County, Iowa(7)",19005,Rural,129.7 ,97, 170.4,N/A , N/A , N/A,13,stable,0.8 ,-0.7, 2.4
"Sabine Parish, Louisiana(7)",22085,Rural,129.7 ,103.3, 160.9,N/A , N/A , N/A,19,stable,0.2 ,-2.4, 3.1
"Prince Georges County, Maryland(2)",24033,Urban,129.6 ,125.5, 133.9,N/A , N/A , N/A,771,stable,0.4 ,-0.1, 1.0
"Jefferson County, Ohio(2)",39081,Urban,129.6 ,114.7, 146.2,N/A , N/A , N/A,64,stable,0.5 ,-0.8, 1.8
"Morgan County, Kentucky(7)",21175,Rural,129.6 ,95.5, 173,N/A , N/A , N/A,11,stable,2.3 ,-0.8, 6.4
"Greene County, Tennessee(2)",47059,Rural,129.6 ,115.1, 145.5,N/A , N/A , N/A,67,stable,0.3 ,-1.3, 2.0
"Inyo County, California(7)",06027,Rural,129.6 ,101.9, 163,N/A , N/A , N/A,19,stable,0.3 ,-2.4, 3.1
"Ogemaw County, Michigan(2)",26129,Rural,129.6 ,101.9, 163,N/A , N/A , N/A,20,stable,2.1 ,-0.7, 5.2
"Salem City, Virginia(2)",51775,Urban,129.6 ,105.8, 157.5,N/A , N/A , N/A,23,stable,-0.3 ,-2.3, 1.7
"Door County, Wisconsin(2)",55029,Rural,129.5 ,107.1, 155.9,N/A , N/A , N/A,34,stable,-1.6 ,-3.1, 4.3
"Garland County, Arkansas(2)",05051,Urban,129.5 ,117.5, 142.6,N/A , N/A , N/A,102,stable,1.0 ,-0.1, 2.1
"Wayne County, Indiana(2)",18177,Rural,129.5 ,114.8, 145.8,N/A , N/A , N/A,62,stable,1.2 ,-0.5, 2.9
"Washington County, Ohio(2)",39167,Rural,129.5 ,114, 146.8,N/A , N/A , N/A,58,stable,0.9 ,-0.3, 2.2
"Orange County, New York(7)",36071,Urban,129.5 ,122.8, 136.5,N/A , N/A , N/A,297,stable,0.1 ,-0.4, 0.6
"Anderson County, South Carolina(2)",45007,Urban,129.5 ,120.8, 138.8,N/A , N/A , N/A,178,stable,0.7 ,-0.3, 1.7
"Culpeper County, Virginia(2)",51047,Urban,129.5 ,112, 149.1,N/A , N/A , N/A,42,stable,0.4 ,-1.4, 2.3
"Chambers County, Texas(7)",48071,Urban,129.5 ,109.8, 151.8,N/A , N/A , N/A,31,stable,0.6 ,-1.0, 2.8
"Shasta County, California(7)",06089,Urban,129.4 ,120.2, 139.2,N/A , N/A , N/A,169,stable,0.3 ,-0.4, 1.1
"Hancock County, Tennessee(2)",47067,Rural,129.3 ,85.4, 189.8,N/A , N/A , N/A,7,stable,-0.5 ,-3.4, 2.6
"Carroll County, Kentucky(7)",21041,Rural,129.3 ,90.8, 178.7,N/A , N/A , N/A,8,stable,0.1 ,-2.5, 3.0
"Albemarle County, Virginia(2)",51003,Urban,129.3 ,117.2, 142.3,N/A , N/A , N/A,96,stable,-0.7 ,-2.5, 1.2
"Kennebec County, Maine(2)",23011,Rural,129.3 ,118.3, 141.1,N/A , N/A , N/A,116,stable,-0.4 ,-1.2, 0.5
"Luzerne County, Pennsylvania(2)",42079,Urban,129.3 ,122.3, 136.5,N/A , N/A , N/A,294,stable,0.5 ,0.0, 1.0
"Twiggs County, Georgia(7)",13289,Urban,129.2 ,86.9, 186.5,N/A , N/A , N/A,8,stable,2.0 ,-1.4, 6.2
"Hampshire County, Massachusetts(2)",25015,Urban,129.2 ,119, 140.2,N/A , N/A , N/A,136,stable,-0.1 ,-1.3, 1.1
"Pickens County, South Carolina(2)",45077,Urban,129.2 ,117.6, 141.8,N/A , N/A , N/A,100,rising,1.0 ,0.5, 1.5
"Jackson County, Kentucky(7)",21109,Rural,129.2 ,95.9, 171.1,N/A , N/A , N/A,11,stable,-0.3 ,-2.7, 2.4
"Polk County, Florida(2)",12105,Urban,129.2 ,124.5, 134,N/A , N/A , N/A,638,stable,1.1 ,-0.1, 5.2
"Dallas County, Texas(7)",48113,Urban,129.2 ,126.4, 132,N/A , N/A , N/A,1711,rising,1.6 ,0.2, 4.7
"Adams County, Colorado(2)",08001,Urban,129.2 ,122.9, 135.7,N/A , N/A , N/A,329,rising,1.0 ,0.2, 1.8
"Washington County, New York(7)",36115,Urban,129.2 ,113.2, 146.9,N/A , N/A , N/A,55,stable,-0.8 ,-2.7, 1.2
"Fremont County, Wyoming(2)",56013,Rural,129.1 ,108.7, 152.4,N/A , N/A , N/A,33,stable,1.2 ,-0.8, 3.3
"Elkhart County, Indiana(2)",18039,Urban,129.1 ,119.8, 138.9,N/A , N/A , N/A,152,rising,1.0 ,0.1, 2.0
"Elmore County, Idaho(7)",16039,Rural,129.1 ,103.3, 159.4,N/A , N/A , N/A,19,stable,0.5 ,-1.6, 2.8
"Sarasota County, Florida(2)",12115,Urban,129.1 ,123.2, 135.2,N/A , N/A , N/A,562,stable,0.6 ,-0.2, 1.4
"Putnam County, Indiana(2)",18133,Rural,129.1 ,108.1, 153.1,N/A , N/A , N/A,29,stable,1.6 ,-0.4, 8.3
"Whitley County, Indiana(2)",18183,Urban,129 ,107.8, 153.5,N/A , N/A , N/A,28,stable,-0.5 ,-2.6, 1.6
"Seward County, Nebraska(2)",31159,Urban,129 ,97.6, 167.5,N/A , N/A , N/A,13,stable,0.6 ,-17.1, 18.6
"Shiawassee County, Michigan(2)",26155,Rural,129 ,113.7, 145.9,N/A , N/A , N/A,59,stable,1.0 ,-1.0, 7.3
"Banks County, Georgia(7)",13011,Rural,129 ,101.9, 161.8,N/A , N/A , N/A,17,stable,0.4 ,-2.0, 3.3
"Bath County, Kentucky(7)",21011,Rural,129 ,94, 172.9,N/A , N/A , N/A,10,stable,-1.1 ,-4.0, 1.9
"Mason County, Kentucky(7)",21161,Rural,128.9 ,100.7, 163.3,N/A , N/A , N/A,16,stable,0.8 ,-1.0, 2.9
"Jay County, Indiana(2)",18075,Rural,128.9 ,101.4, 161.9,N/A , N/A , N/A,17,stable,0.8 ,-2.0, 3.5
"Harrison County, West Virginia(2)",54033,Rural,128.9 ,113.9, 145.5,N/A , N/A , N/A,60,stable,0.3 ,-1.0, 1.6
"Yazoo County, Mississippi(2)",28163,Urban,128.9 ,102.7, 160,N/A , N/A , N/A,18,stable,-0.1 ,-2.3, 2.2
"Montgomery County, Illinois(7)",17135,Rural,128.9 ,105.1, 156.7,N/A , N/A , N/A,25,stable,-0.5 ,-2.3, 1.4
"Portage County, Ohio(2)",39133,Urban,128.9 ,118.6, 139.9,N/A , N/A , N/A,129,stable,0.7 ,-0.2, 1.7
"McCracken County, Kentucky(7)",21145,Urban,128.9 ,114, 145.2,N/A , N/A , N/A,62,stable,0.4 ,-0.6, 1.4
"Clay County, Kentucky(7)",21051,Rural,128.9 ,102, 161.2,N/A , N/A , N/A,17,stable,1.5 ,-0.1, 3.3
"Livingston County, Michigan(2)",26093,Urban,128.8 ,119.8, 138.4,N/A , N/A , N/A,169,stable,0.2 ,-0.5, 1.1
"Franklin County, Virginia(2)",51067,Urban,128.8 ,112.8, 146.8,N/A , N/A , N/A,56,stable,0.5 ,-1.3, 2.3
"Butler County, Iowa(7)",19023,Rural,128.8 ,98.5, 166.5,N/A , N/A , N/A,14,stable,0.7 ,-0.4, 1.9
"Bradford County, Pennsylvania(2)",42015,Rural,128.8 ,112.9, 146.6,N/A , N/A , N/A,55,falling,-6.9 ,-12.3, -2.4
"Duchesne County, Utah(7)",49013,Rural,128.8 ,97.6, 166.7,N/A , N/A , N/A,12,rising,9.0 ,1.4, 25.2
"Columbia County, Florida(2)",12023,Rural,128.8 ,113.6, 145.6,N/A , N/A , N/A,59,rising,1.9 ,1.0, 2.9
"Tillamook County, Oregon(2)",41057,Rural,128.8 ,105.4, 156.4,N/A , N/A , N/A,27,stable,12.0 ,0.0, 21.4
"Isle of Wight County, Virginia(2)",51093,Urban,128.8 ,109.8, 150.4,N/A , N/A , N/A,37,stable,0.4 ,-1.1, 2.0
"Morgan County, West Virginia(2)",54065,Urban,128.8 ,101.3, 162.6,N/A , N/A , N/A,18,stable,1.8 ,-1.3, 5.4
"Weld County, Colorado(2)",08123,Urban,128.8 ,121.1, 136.8,N/A , N/A , N/A,219,stable,0.7 ,0.0, 1.4
"Muscogee County, Georgia(7)",13215,Urban,128.7 ,119.7, 138.3,N/A , N/A , N/A,157,stable,0.4 ,-0.4, 1.2
"Musselshell County, Montana(2)",30065,Rural,128.7 ,81, 200.8,N/A , N/A , N/A,6,stable,4.0 ,-0.1, 9.1
"Adams County, Mississippi(2)",28001,Rural,128.7 ,104.9, 156.6,N/A , N/A , N/A,25,stable,0.7 ,-1.6, 2.8
"Monroe County, Alabama(2)",01099,Rural,128.7 ,102.2, 160.6,N/A , N/A , N/A,19,stable,0.6 ,-2.2, 3.4
"Richmond City, Virginia(2)",51760,Urban,128.7 ,119.6, 138.4,N/A , N/A , N/A,162,stable,0.0 ,-0.6, 0.6
"Indiana County, Pennsylvania(2)",42063,Rural,128.7 ,114.6, 144.2,N/A , N/A , N/A,71,stable,0.2 ,-1.7, 2.0
"Warren County, Mississippi(2)",28149,Rural,128.7 ,110, 149.8,N/A , N/A , N/A,37,stable,-0.4 ,-2.5, 1.7
"Reeves County, Texas(7)",48389,Rural,128.7 ,89.8, 178.5,N/A , N/A , N/A,7,stable,2.1 ,-1.6, 6.3
"Greensville County, Virginia(2)",51081,Rural,128.7 ,87.7, 183.4,N/A , N/A , N/A,7,stable,0.3 ,-2.6, 3.3
"Union Parish, Louisiana(7)",22111,Urban,128.7 ,102, 160.5,N/A , N/A , N/A,19,stable,0.4 ,-1.5, 2.4
"Chesterfield County, South Carolina(2)",45025,Rural,128.6 ,110.1, 149.6,N/A , N/A , N/A,38,rising,1.7 ,0.4, 3.1
"Perquimans County, North Carolina(2)",37143,Rural,128.6 ,96.3, 169.6,N/A , N/A , N/A,14,stable,-0.8 ,-4.2, 2.6
"Greene County, Missouri(2)",29077,Urban,128.6 ,121.1, 136.5,N/A , N/A , N/A,238,stable,0.2 ,-0.3, 0.7
"Tift County, Georgia(7)",13277,Rural,128.6 ,109.1, 150.8,N/A , N/A , N/A,33,rising,1.8 ,0.1, 3.9
"Madison County, Indiana(2)",18095,Urban,128.6 ,117.6, 140.4,N/A , N/A , N/A,112,stable,0.9 ,-0.1, 1.9
"Ramsey County, North Dakota(2)",38071,Rural,128.5 ,91.1, 176.5,N/A , N/A , N/A,9,stable,0.3 ,-2.6, 3.2
"Jefferson County, Mississippi(2)",28063,Rural,128.5 ,87.1, 184.9,N/A , N/A , N/A,7,stable,-0.4 ,-5.7, 6.0
"Caddo Parish, Louisiana(7)",22017,Urban,128.5 ,120.4, 137,N/A , N/A , N/A,206,rising,1.1 ,0.4, 3.5
"Floyd County, Indiana(2)",18043,Urban,128.5 ,114.7, 143.6,N/A , N/A , N/A,68,stable,0.5 ,-0.9, 2.1
"Vilas County, Wisconsin(2)",55125,Rural,128.5 ,102.1, 160.4,N/A , N/A , N/A,25,stable,0.1 ,-2.3, 2.4
"Somerset County, Maryland(2)",24039,Urban,128.5 ,102.2, 159.8,N/A , N/A , N/A,19,stable,0.5 ,-2.6, 3.5
"Benton County, Washington(2)",53005,Urban,128.5 ,119.2, 138.2,N/A , N/A , N/A,153,stable,-0.3 ,-1.2, 0.7
"Vermilion Parish, Louisiana(7)",22113,Urban,128.4 ,111.7, 147,N/A , N/A , N/A,46,stable,1.1 ,0.0, 2.2
"Valley County, Montana(2)",30105,Rural,128.4 ,82.2, 191.6,N/A , N/A , N/A,6,stable,2.4 ,-0.3, 5.3
"Cleburne County, Arkansas(2)",05023,Rural,128.4 ,104.5, 156.7,N/A , N/A , N/A,26,stable,0.7 ,-1.4, 2.8
"Clinton County, Ohio(2)",39027,Rural,128.4 ,109.4, 149.8,N/A , N/A , N/A,36,stable,0.4 ,-1.5, 2.4
"Mississippi County, Arkansas(2)",05093,Rural,128.4 ,108, 151.4,N/A , N/A , N/A,30,stable,0.2 ,-1.6, 2.0
"Cole County, Missouri(2)",29051,Urban,128.3 ,113.9, 144.2,N/A , N/A , N/A,63,stable,-0.2 ,-1.4, 1.1
"Schoharie County, New York(7)",36095,Urban,128.3 ,107, 153.1,N/A , N/A , N/A,30,stable,0.1 ,-1.8, 2.1
"Caddo County, Oklahoma(2)",40015,Rural,128.3 ,102.8, 158.4,N/A , N/A , N/A,20,falling,-10.0 ,-16.8, -5.3
"Shelby County, Illinois(7)",17173,Rural,128.3 ,103.2, 158.2,N/A , N/A , N/A,21,rising,2.8 ,1.2, 4.8
"Walker County, Texas(7)",48471,Rural,128.2 ,111.2, 147.3,N/A , N/A , N/A,44,rising,1.6 ,0.4, 3.1
"Johnson County, Wyoming(2)",56019,Rural,128.2 ,90.9, 178.3,N/A , N/A , N/A,9,stable,1.7 ,-1.9, 6.1
"Hall County, Georgia(7)",13139,Urban,128.2 ,119.2, 137.8,N/A , N/A , N/A,159,stable,-0.2 ,-0.7, 0.4
"Travis County, Texas(7)",48453,Urban,128.2 ,124.2, 132.4,N/A , N/A , N/A,802,stable,-0.2 ,-0.8, 0.5
"Van Zandt County, Texas(7)",48467,Rural,128.2 ,112.3, 145.8,N/A , N/A , N/A,53,stable,0.7 ,-0.3, 1.9
"Stanislaus County, California(7)",06099,Urban,128.2 ,122.4, 134.2,N/A , N/A , N/A,383,stable,0.2 ,-0.3, 0.9
"Wythe County, Virginia(2)",51197,Rural,128.1 ,106.2, 153.8,N/A , N/A , N/A,27,rising,4.1 ,1.0, 13.9
"Palm Beach County, Florida(2)",12099,Urban,128.1 ,124.9, 131.4,N/A , N/A , N/A,1435,stable,0.5 ,-0.1, 2.1
"Rockdale County, Georgia(7)",13247,Urban,128.1 ,115.1, 142.2,N/A , N/A , N/A,76,stable,-0.1 ,-1.1, 1.2
"Herkimer County, New York(7)",36043,Urban,128.1 ,112.3, 145.7,N/A , N/A , N/A,55,stable,0.3 ,-1.0, 1.6
"Richland County, North Dakota(2)",38077,Rural,128.1 ,97.1, 166.3,N/A , N/A , N/A,13,stable,1.3 ,-2.4, 5.3
"Madison County, Kentucky(7)",21151,Rural,128.1 ,114.2, 143.1,N/A , N/A , N/A,67,stable,-0.3 ,-1.4, 0.9
"Isabella County, Michigan(2)",26073,Rural,128.1 ,110, 148.3,N/A , N/A , N/A,40,rising,14.5 ,0.1, 25.5
"Barron County, Wisconsin(2)",55005,Rural,128.1 ,109.6, 148.9,N/A , N/A , N/A,42,rising,1.5 ,0.2, 2.9
"Fayette County, Iowa(7)",19065,Rural,128 ,100.8, 160.9,N/A , N/A , N/A,18,stable,0.1 ,-1.1, 1.4
"Perry County, Indiana(2)",18123,Rural,128 ,98.4, 164.2,N/A , N/A , N/A,15,stable,0.5 ,-2.4, 3.5
"Cass County, Minnesota(2)",27021,Rural,128 ,106.7, 153,N/A , N/A , N/A,31,stable,0.9 ,-1.5, 3.5
"Tallahatchie County, Mississippi(2)",28135,Rural,128 ,91.4, 174.5,N/A , N/A , N/A,9,stable,0.9 ,-3.0, 4.9
"Mitchell County, Iowa(7)",19131,Rural,127.9 ,89.2, 178.1,N/A , N/A , N/A,9,stable,-0.3 ,-2.1, 1.4
"Floyd County, Kentucky(7)",21071,Rural,127.9 ,107.8, 151,N/A , N/A , N/A,32,stable,0.5 ,-0.9, 2.1
"Trempealeau County, Wisconsin(2)",55121,Rural,127.9 ,105.7, 153.7,N/A , N/A , N/A,25,stable,0.3 ,-1.8, 2.4
"Shelby County, Ohio(2)",39149,Rural,127.9 ,109.6, 148.6,N/A , N/A , N/A,38,stable,0.3 ,-1.9, 2.5
"Fremont County, Colorado(2)",08043,Rural,127.9 ,109.2, 149.3,N/A , N/A , N/A,43,stable,0.7 ,-0.6, 2.1
"Washington County, Texas(7)",48477,Rural,127.9 ,106.6, 152.4,N/A , N/A , N/A,31,stable,-1.1 ,-2.8, 0.7
"Boone County, Illinois(7)",17007,Urban,127.9 ,110.5, 147.4,N/A , N/A , N/A,41,rising,9.7 ,0.3, 16.3
"Wabasha County, Minnesota(2)",27157,Urban,127.9 ,102.2, 158.5,N/A , N/A , N/A,20,stable,0.1 ,-2.3, 2.4
"Hill County, Montana(2)",30041,Rural,127.8 ,94.7, 168.7,N/A , N/A , N/A,11,stable,-0.7 ,-3.2, 1.8
"Macoupin County, Illinois(7)",17117,Urban,127.8 ,109.8, 148.1,N/A , N/A , N/A,41,stable,0.9 ,-0.4, 2.3
"Dade County, Georgia(7)",13083,Urban,127.8 ,97.1, 165.6,N/A , N/A , N/A,14,stable,-0.2 ,-3.3, 3.2
"Clinton County, Kentucky(7)",21053,Rural,127.8 ,89.6, 177.7,N/A , N/A , N/A,8,stable,2.0 ,-0.9, 5.5
"Mackinac County, Michigan(2)",26097,Rural,127.8 ,90.5, 176.9,N/A , N/A , N/A,10,stable,-0.7 ,-5.0, 3.5
"Waller County, Texas(7)",48473,Urban,127.8 ,108.7, 149.3,N/A , N/A , N/A,34,stable,-0.1 ,-1.8, 1.9
"Cherokee County, North Carolina(2)",37039,Rural,127.8 ,106.5, 152.8,N/A , N/A , N/A,35,stable,0.2 ,-1.6, 2.3
"Walker County, Alabama(2)",01127,Urban,127.8 ,112.8, 144.3,N/A , N/A , N/A,60,rising,1.6 ,0.3, 2.9
"Santa Clara County, California(7)",06085,Urban,127.7 ,124.7, 130.8,N/A , N/A , N/A,1378,rising,1.1 ,0.1, 3.7
"Gibson County, Tennessee(2)",47053,Urban,127.7 ,110.8, 146.6,N/A , N/A , N/A,44,stable,-0.1 ,-2.1, 2.0
"Morgan County, Tennessee(2)",47129,Urban,127.7 ,101.2, 159.7,N/A , N/A , N/A,18,stable,0.5 ,-9.8, 3.1
"Andrew County, Missouri(2)",29003,Urban,127.7 ,99.6, 161.8,N/A , N/A , N/A,16,stable,0.7 ,-1.6, 3.3
"Baltimore City, Maryland(2)",24510,Urban,127.6 ,122.2, 133.2,N/A , N/A , N/A,455,stable,0.6 ,0.0, 1.1
"Wilkin County, Minnesota(2)",27167,Rural,127.6 ,80.4, 194,N/A , N/A , N/A,5,stable,0.5 ,-3.6, 4.8
"Boone County, West Virginia(2)",54005,Urban,127.6 ,103.4, 156.5,N/A , N/A , N/A,21,stable,0.7 ,-1.8, 3.5
"Osceola County, Florida(2)",12097,Urban,127.6 ,120.9, 134.5,N/A , N/A , N/A,284,rising,1.7 ,1.1, 3.6
"Newton County, Indiana(2)",18111,Urban,127.5 ,95.5, 167.7,N/A , N/A , N/A,12,stable,-0.8 ,-5.1, 3.4
"Cottonwood County, Minnesota(2)",27033,Rural,127.5 ,95.2, 168.9,N/A , N/A , N/A,12,stable,-0.1 ,-3.0, 2.8
"Morrow County, Ohio(2)",39117,Urban,127.5 ,107.4, 150.6,N/A , N/A , N/A,31,stable,0.5 ,-2.0, 3.0
"Transylvania County, North Carolina(2)",37175,Rural,127.5 ,108.9, 149.2,N/A , N/A , N/A,43,stable,0.7 ,-1.0, 2.6
"St. Charles Parish, Louisiana(7)",22089,Urban,127.5 ,110, 147.1,N/A , N/A , N/A,41,rising,2.2 ,0.9, 7.4
"Lawrence County, Alabama(2)",01079,Urban,127.5 ,106, 152.2,N/A , N/A , N/A,28,rising,3.2 ,0.8, 12.2
"Presidio County, Texas(7)",48377,Rural,127.5 ,77.5, 197.5,N/A , N/A , N/A,5,*,*,*,*
"Morton County, North Dakota(2)",38059,Urban,127.5 ,105.3, 153,N/A , N/A , N/A,26,stable,1.1 ,-1.6, 4.2
"Washington County, Tennessee(2)",47179,Urban,127.4 ,116.7, 139,N/A , N/A , N/A,114,stable,0.3 ,-0.5, 1.1
"Ward County, North Dakota(2)",38101,Urban,127.4 ,110.6, 146,N/A , N/A , N/A,44,stable,0.3 ,-2.1, 2.7
"Jackson County, Oklahoma(2)",40065,Rural,127.4 ,100.6, 159.1,N/A , N/A , N/A,17,stable,-0.2 ,-3.6, 3.0
"Wilson County, Tennessee(2)",47189,Urban,127.4 ,117.1, 138.4,N/A , N/A , N/A,119,stable,-0.3 ,-1.4, 1.0
"Christian County, Missouri(2)",29043,Urban,127.4 ,114, 142,N/A , N/A , N/A,70,stable,0.6 ,-0.4, 1.7
"Brazoria County, Texas(7)",48039,Urban,127.4 ,120.3, 134.7,N/A , N/A , N/A,253,stable,1.5 ,-0.6, 7.2
"Iroquois County, Illinois(7)",17075,Rural,127.3 ,104.6, 153.9,N/A , N/A , N/A,26,stable,1.1 ,-0.3, 2.5
"Berkeley County, South Carolina(2)",45015,Urban,127.3 ,118.7, 136.5,N/A , N/A , N/A,169,stable,0.6 ,-0.2, 1.5
"Lee County, South Carolina(2)",45061,Rural,127.3 ,97.4, 164.2,N/A , N/A , N/A,15,stable,1.4 ,-0.5, 3.3
"Belmont County, Ohio(2)",39013,Urban,127.3 ,112.4, 143.8,N/A , N/A , N/A,62,stable,-0.2 ,-2.2, 1.8
"East Carroll Parish, Louisiana(7)",22035,Rural,127.3 ,78.5, 195.5,N/A , N/A , N/A,5,*,*,*,*
"Cheatham County, Tennessee(2)",47021,Urban,127.2 ,107.8, 149.3,N/A , N/A , N/A,33,stable,0.7 ,-0.8, 2.4
"Allegan County, Michigan(2)",26005,Rural,127.2 ,115.6, 139.7,N/A , N/A , N/A,98,stable,0.0 ,-1.2, 1.2
"Wayne County, Georgia(7)",13305,Rural,127.2 ,104.6, 153.5,N/A , N/A , N/A,24,stable,-0.8 ,-2.1, 0.6
"Essex County, New Jersey(7)",34013,Urban,127.2 ,122.7, 131.7,N/A , N/A , N/A,643,stable,-0.9 ,-3.3, 0.4
"Cooke County, Texas(7)",48097,Rural,127.2 ,108.2, 148.7,N/A , N/A , N/A,36,rising,5.1 ,1.2, 17.8
"Palo Alto County, Iowa(7)",19147,Rural,127.2 ,87.5, 179.5,N/A , N/A , N/A,8,stable,-0.2 ,-1.9, 1.5
"Hopkins County, Texas(7)",48223,Rural,127.1 ,106.7, 150.4,N/A , N/A , N/A,30,stable,0.3 ,-1.6, 2.4
"Perry County, Alabama(2)",01105,Rural,127.1 ,88.3, 178.5,N/A , N/A , N/A,8,stable,0.8 ,-1.9, 3.4
"Benton County, Iowa(7)",19011,Urban,127.1 ,102.7, 155.9,N/A , N/A , N/A,21,rising,1.3 ,0.2, 2.8
"Clearfield County, Pennsylvania(2)",42033,Rural,127.1 ,113.3, 142.3,N/A , N/A , N/A,71,stable,0.1 ,-1.4, 1.7
"Franklin County, Massachusetts(2)",25011,Rural,127.1 ,113, 142.7,N/A , N/A , N/A,71,stable,0.0 ,-2.4, 2.3
"Morgan County, Indiana(2)",18109,Urban,127.1 ,112.6, 143,N/A , N/A , N/A,62,stable,-0.2 ,-1.6, 1.2
"Warren County, Pennsylvania(2)",42123,Rural,127.1 ,108.8, 148,N/A , N/A , N/A,40,stable,0.6 ,-1.2, 2.5
"Huron County, Ohio(2)",39077,Rural,127.1 ,110.8, 145.2,N/A , N/A , N/A,48,rising,1.9 ,0.2, 3.7
"Lawrence County, Indiana(2)",18093,Rural,127.1 ,108.9, 147.6,N/A , N/A , N/A,40,rising,1.4 ,0.2, 2.7
"Talbot County, Georgia(7)",13263,Urban,127.1 ,77.3, 199,N/A , N/A , N/A,5,stable,0.8 ,-1.7, 3.7
"Newport County, Rhode Island(2)",44005,Urban,127 ,114.1, 141.3,N/A , N/A , N/A,83,stable,0.0 ,-1.0, 0.9
"Mills County, Iowa(7)",19129,Urban,127 ,96.2, 165.4,N/A , N/A , N/A,13,stable,-0.5 ,-2.2, 1.4
"Moody County, South Dakota(2)",46101,Rural,127 ,78.2, 195.6,N/A , N/A , N/A,5,stable,0.8 ,-4.3, 5.8
"Jessamine County, Kentucky(7)",21113,Urban,127 ,109.9, 146.1,N/A , N/A , N/A,42,stable,0.2 ,-0.8, 1.5
"Claiborne County, Mississippi(2)",28021,Rural,127 ,83.4, 184.8,N/A , N/A , N/A,6,stable,4.4 ,-0.5, 10.3
"Hutchinson County, South Dakota(2)",46067,Rural,127 ,84.6, 184.6,N/A , N/A , N/A,7,stable,0.5 ,-3.1, 4.3
"Van Buren County, Tennessee(2)",47175,Rural,127 ,84.7, 187,N/A , N/A , N/A,6,stable,-1.0 ,-5.2, 3.7
"Chester County, South Carolina(2)",45023,Urban,127 ,105.5, 151.8,N/A , N/A , N/A,28,stable,1.7 ,0.0, 3.6
"Scotland County, North Carolina(2)",37165,Rural,127 ,105.7, 151.5,N/A , N/A , N/A,28,stable,-0.2 ,-2.6, 2.1
"Kootenai County, Idaho(7)",16055,Urban,127 ,117.6, 137,N/A , N/A , N/A,151,stable,-0.5 ,-1.3, 0.5
"Colfax County, Nebraska(2)",31037,Rural,127 ,85.9, 180.8,N/A , N/A , N/A,7,stable,0.6 ,-3.2, 4.6
"Sawyer County, Wisconsin(2)",55113,Rural,126.9 ,96, 165.2,N/A , N/A , N/A,16,falling,-3.5 ,-14.7, -0.9
"Washington Parish, Louisiana(7)",22117,Rural,126.9 ,108.4, 147.8,N/A , N/A , N/A,38,stable,1.0 ,-0.3, 2.6
"Delta County, Colorado(2)",08029,Rural,126.9 ,105.4, 151.9,N/A , N/A , N/A,33,rising,1.5 ,0.1, 2.8
"Macon County, Tennessee(2)",47111,Urban,126.9 ,102.7, 155.3,N/A , N/A , N/A,20,stable,-0.4 ,-3.7, 3.2
"Duval County, Texas(7)",48131,Rural,126.9 ,86.6, 179.6,N/A , N/A , N/A,7,rising,4.9 ,1.1, 20.1
"Portage County, Wisconsin(2)",55097,Rural,126.9 ,111.2, 144.2,N/A , N/A , N/A,53,stable,-0.3 ,-1.5, 0.9
"Pamlico County, North Carolina(2)",37137,Rural,126.9 ,92.7, 171.7,N/A , N/A , N/A,14,stable,0.2 ,-2.4, 2.6
"Ohio County, West Virginia(2)",54069,Urban,126.9 ,108.4, 147.8,N/A , N/A , N/A,40,falling,-8.9 ,-15.5, -1.6
"Mills County, Texas(7)",48333,Rural,126.8 ,71, 212.5,N/A , N/A , N/A,4,stable,1.4 ,-2.2, 5.4
"Taylor County, Kentucky(7)",21217,Rural,126.8 ,102.6, 155.3,N/A , N/A , N/A,22,stable,1.6 ,-0.6, 4.2
"Spalding County, Georgia(7)",13255,Urban,126.8 ,112.5, 142.6,N/A , N/A , N/A,62,stable,0.1 ,-1.3, 1.8
"Benton County, Mississippi(2)",28009,Urban,126.8 ,86, 182,N/A , N/A , N/A,7,*,*,*,*
"Wolfe County, Kentucky(7)",21237,Rural,126.8 ,83.4, 186.6,N/A , N/A , N/A,6,stable,0.8 ,-2.8, 5.2
"Knox County, Illinois(7)",17095,Rural,126.8 ,109.3, 146.4,N/A , N/A , N/A,46,stable,0.5 ,-0.9, 1.8
"Alameda County, California(7)",06001,Urban,126.8 ,123.6, 130,N/A , N/A , N/A,1241,stable,1.4 ,-0.3, 4.3
"Solano County, California(7)",06095,Urban,126.8 ,120.8, 133,N/A , N/A , N/A,363,stable,0.3 ,-1.0, 2.8
"Oneida County, Wisconsin(2)",55085,Rural,126.8 ,107.7, 148.7,N/A , N/A , N/A,41,stable,0.3 ,-1.3, 1.9
"Ottawa County, Michigan(2)",26139,Urban,126.7 ,119, 134.9,N/A , N/A , N/A,214,stable,-0.1 ,-1.1, 0.9
"Cecil County, Maryland(2)",24015,Urban,126.7 ,114.5, 140,N/A , N/A , N/A,85,stable,0.6 ,-0.8, 2.2
"Hood County, Texas(7)",48221,Rural,126.7 ,112.1, 142.8,N/A , N/A , N/A,66,falling,-1.1 ,-2.0, -0.1
"Limestone County, Texas(7)",48293,Rural,126.7 ,100.1, 158.4,N/A , N/A , N/A,19,stable,0.7 ,-1.1, 2.8
"Jackson County, Michigan(2)",26075,Urban,126.7 ,116.6, 137.4,N/A , N/A , N/A,132,stable,0.2 ,-1.0, 1.4
"Davidson County, Tennessee(2)",47037,Urban,126.7 ,121.6, 132,N/A , N/A , N/A,486,stable,0.2 ,-0.2, 0.6
"Yalobusha County, Mississippi(2)",28161,Rural,126.7 ,93.8, 168.2,N/A , N/A , N/A,11,stable,-0.3 ,-3.6, 3.3
"Columbus County, North Carolina(2)",37047,Rural,126.6 ,110.1, 145.2,N/A , N/A , N/A,48,stable,1.7 ,-0.5, 4.2
"Baker County, Florida(2)",12003,Urban,126.6 ,102.1, 155.4,N/A , N/A , N/A,19,stable,-0.4 ,-3.1, 2.6
"St. Mary Parish, Louisiana(7)",22101,Rural,126.6 ,108.6, 146.8,N/A , N/A , N/A,40,stable,1.3 ,0.0, 2.8
"Bourbon County, Kentucky(7)",21017,Urban,126.6 ,100.7, 157.6,N/A , N/A , N/A,18,stable,-1.0 ,-3.7, 2.0
"Adams County, Wisconsin(2)",55001,Rural,126.6 ,99.1, 160.6,N/A , N/A , N/A,21,rising,3.2 ,1.0, 5.7
"Kossuth County, Iowa(7)",19109,Rural,126.6 ,94.5, 166.5,N/A , N/A , N/A,14,stable,-0.1 ,-1.7, 1.5
"Portsmouth City, Virginia(2)",51740,Urban,126.5 ,113.6, 140.6,N/A , N/A , N/A,76,stable,0.3 ,-0.8, 1.4
"Lonoke County, Arkansas(2)",05085,Urban,126.5 ,111.7, 142.9,N/A , N/A , N/A,55,rising,1.9 ,0.3, 7.9
"Queens County, New York(7)",36081,Urban,126.5 ,123.9, 129.2,N/A , N/A , N/A,1914,rising,2.5 ,1.3, 4.6
"Clayton County, Georgia(7)",13063,Urban,126.5 ,118.4, 135,N/A , N/A , N/A,198,stable,0.4 ,-0.1, 1.2
"Mason County, West Virginia(2)",54053,Rural,126.5 ,103.9, 153,N/A , N/A , N/A,25,stable,0.7 ,-1.4, 2.8
"Monona County, Iowa(7)",19133,Rural,126.5 ,86.9, 178.8,N/A , N/A , N/A,8,stable,1.4 ,-0.5, 3.5
"Cherokee County, Texas(7)",48073,Rural,126.4 ,108.6, 146.5,N/A , N/A , N/A,40,stable,1.2 ,-0.2, 2.7
"Rutherford County, Tennessee(2)",47149,Urban,126.4 ,118.9, 134.3,N/A , N/A , N/A,220,stable,0.3 ,-0.5, 1.3
"Scott County, Missouri(2)",29201,Rural,126.4 ,107.2, 148.3,N/A , N/A , N/A,34,stable,2.7 ,-6.9, 12.8
"Union County, Kentucky(7)",21225,Rural,126.4 ,93.8, 167.4,N/A , N/A , N/A,11,rising,4.0 ,1.5, 9.7
"Hampton City, Virginia(2)",51650,Urban,126.4 ,115.5, 138,N/A , N/A , N/A,109,stable,-0.3 ,-1.7, 1.1
"Bradford County, Florida(2)",12007,Rural,126.4 ,102.3, 154.8,N/A , N/A , N/A,22,stable,0.9 ,-1.3, 3.3
"Sharp County, Arkansas(2)",05135,Rural,126.3 ,98.1, 161,N/A , N/A , N/A,17,stable,0.6 ,-2.6, 3.8
"Cumberland County, Pennsylvania(2)",42041,Urban,126.3 ,118.5, 134.6,N/A , N/A , N/A,214,stable,-0.5 ,-4.9, 0.6
"Kenai Peninsula Borough, Alaska(2)",02122,Rural,126.3 ,109.8, 144.6,N/A , N/A , N/A,49,stable,-0.1 ,-1.6, 1.6
"Crawford County, Wisconsin(2)",55023,Rural,126.3 ,97.5, 162,N/A , N/A , N/A,16,stable,0.2 ,-2.8, 3.3
"Ottawa County, Oklahoma(2)",40115,Rural,126.2 ,102.9, 153.3,N/A , N/A , N/A,23,stable,19.1 ,-1.2, 35.0
"Carroll County, Ohio(2)",39019,Urban,126.2 ,103.9, 152.6,N/A , N/A , N/A,25,stable,1.0 ,-1.0, 3.1
"Shelby County, Tennessee(2)",47157,Urban,126.2 ,121.9, 130.6,N/A , N/A , N/A,693,rising,0.5 ,0.1, 0.9
"Grady County, Oklahoma(2)",40051,Urban,126.2 ,109.5, 144.8,N/A , N/A , N/A,44,stable,0.4 ,-1.5, 2.3
"Lucas County, Iowa(7)",19117,Rural,126.2 ,86.7, 178.8,N/A , N/A , N/A,8,stable,1.6 ,-0.6, 4.0
"Accomack County, Virginia(2)",51001,Rural,126.2 ,105.1, 150.5,N/A , N/A , N/A,32,stable,1.0 ,-1.5, 3.5
"Rush County, Indiana(2)",18139,Rural,126.1 ,96.9, 161.9,N/A , N/A , N/A,14,stable,1.6 ,-0.7, 4.0
"Winchester City, Virginia(2)",51840,Urban,126.1 ,102.4, 153.9,N/A , N/A , N/A,21,stable,0.8 ,-1.8, 3.7
"Hot Spring County, Arkansas(2)",05059,Rural,126.1 ,104.7, 151,N/A , N/A , N/A,27,stable,0.4 ,-1.9, 2.8
"Macon County, Illinois(7)",17115,Urban,126.1 ,114.4, 138.7,N/A , N/A , N/A,97,stable,-0.5 ,-1.3, 0.3
"Columbia County, Wisconsin(2)",55021,Urban,126.1 ,110, 144.1,N/A , N/A , N/A,49,stable,-0.1 ,-1.1, 1.0
"Warrick County, Indiana(2)",18173,Urban,126.1 ,111, 142.8,N/A , N/A , N/A,55,stable,0.4 ,-1.1, 2.0
"Franklin County, Indiana(2)",18047,Urban,126.1 ,101.5, 155.3,N/A , N/A , N/A,20,stable,2.0 ,-0.2, 4.5
"Stephens County, Oklahoma(2)",40137,Rural,126.1 ,108.2, 146.2,N/A , N/A , N/A,41,stable,-0.1 ,-1.3, 1.2
"Stevens County, Washington(2)",53065,Urban,126.1 ,108.3, 146.2,N/A , N/A , N/A,45,stable,1.3 ,-0.5, 3.2
"McHenry County, North Dakota(2)",38049,Urban,126 ,75.8, 199.6,N/A , N/A , N/A,5,stable,-0.7 ,-5.9, 4.6
"Lamar County, Texas(7)",48277,Rural,126 ,108.9, 145.3,N/A , N/A , N/A,43,stable,-9.9 ,-19.5, 1.2
"Lyon County, Minnesota(2)",27083,Rural,126 ,101.5, 154.8,N/A , N/A , N/A,20,stable,0.6 ,-1.1, 2.4
"Guadalupe County, Texas(7)",48187,Urban,126 ,116.2, 136.3,N/A , N/A , N/A,128,stable,0.2 ,-0.6, 1.1
"Alexander County, North Carolina(2)",37003,Urban,125.9 ,106.6, 148.2,N/A , N/A , N/A,33,stable,1.2 ,-0.5, 3.0
"Rankin County, Mississippi(2)",28121,Urban,125.9 ,116, 136.4,N/A , N/A , N/A,126,stable,0.5 ,-0.6, 1.7
"Kings County, New York(7)",36047,Urban,125.9 ,123.4, 128.5,N/A , N/A , N/A,1980,rising,2.6 ,1.0, 4.8
"Archer County, Texas(7)",48009,Urban,125.9 ,87, 177.6,N/A , N/A , N/A,8,rising,8.9 ,0.6, 36.5
"Wood County, Texas(7)",48499,Rural,125.9 ,108.2, 146,N/A , N/A , N/A,48,rising,1.9 ,0.2, 4.0
"Newport News City, Virginia(2)",51700,Urban,125.9 ,116.2, 136.1,N/A , N/A , N/A,134,stable,-0.2 ,-1.2, 0.8
"Sullivan County, Tennessee(2)",47163,Urban,125.9 ,116.4, 136,N/A , N/A , N/A,150,stable,0.6 ,-0.3, 1.5
"Lee County, Florida(2)",12071,Urban,125.8 ,121.3, 130.5,N/A , N/A , N/A,774,rising,1.1 ,0.2, 3.7
"Roane County, West Virginia(2)",54087,Rural,125.8 ,93.8, 165.9,N/A , N/A , N/A,13,stable,0.2 ,-2.3, 2.6
"Matanuska-Susitna Borough, Alaska(2)",02170,Urban,125.8 ,112.3, 140.4,N/A , N/A , N/A,70,stable,-1.1 ,-3.0, 1.1
"Lyon County, Nevada(2)",32019,Urban,125.8 ,109.5, 144,N/A , N/A , N/A,50,stable,-0.4 ,-1.9, 1.3
"Manatee County, Florida(2)",12081,Urban,125.8 ,119.7, 132.1,N/A , N/A , N/A,414,rising,1.1 ,0.6, 1.6
"Mathews County, Virginia(2)",51115,Urban,125.7 ,87.8, 177.9,N/A , N/A , N/A,10,stable,0.6 ,-3.1, 4.7
"Jefferson County, Georgia(7)",13163,Rural,125.7 ,95.6, 162.8,N/A , N/A , N/A,13,stable,0.2 ,-1.7, 2.3
"Crawford County, Arkansas(2)",05033,Urban,125.7 ,110.1, 143,N/A , N/A , N/A,50,stable,1.3 ,-0.3, 3.0
"Noxubee County, Mississippi(2)",28103,Rural,125.7 ,89.6, 172.2,N/A , N/A , N/A,9,stable,0.7 ,-3.1, 4.5
"Marshall County, West Virginia(2)",54051,Urban,125.7 ,103.9, 151.1,N/A , N/A , N/A,28,stable,0.3 ,-1.5, 1.9
"Calloway County, Kentucky(7)",21035,Rural,125.6 ,104.2, 150.3,N/A , N/A , N/A,27,stable,0.2 ,-1.6, 2.1
"Wayne County, Iowa(7)",19185,Rural,125.6 ,77, 193.6,N/A , N/A , N/A,5,stable,-0.7 ,-3.6, 1.9
"Phelps County, Missouri(2)",29161,Rural,125.6 ,106.9, 146.9,N/A , N/A , N/A,35,stable,-0.1 ,-1.6, 1.5
"Monroe County, Indiana(2)",18105,Urban,125.6 ,113.9, 138.2,N/A , N/A , N/A,92,stable,0.0 ,-0.9, 1.0
"East Feliciana Parish, Louisiana(7)",22037,Urban,125.6 ,97.2, 160.4,N/A , N/A , N/A,16,stable,-2.1 ,-11.7, 1.3
"Unicoi County, Tennessee(2)",47171,Urban,125.6 ,99.1, 158,N/A , N/A , N/A,18,stable,-0.3 ,-2.7, 2.1
"Hardeman County, Texas(7)",48197,Rural,125.6 ,69.4, 213.8,N/A , N/A , N/A,3,*,*,*,*
"Harrison County, Kentucky(7)",21097,Rural,125.6 ,97.7, 159.2,N/A , N/A , N/A,16,stable,1.1 ,-0.9, 3.3
"Jennings County, Indiana(2)",18079,Rural,125.6 ,102, 153.2,N/A , N/A , N/A,22,stable,1.0 ,-0.9, 3.2
"Polk County, Minnesota(2)",27119,Urban,125.5 ,103.1, 151.5,N/A , N/A , N/A,25,stable,0.6 ,-1.0, 2.3
"Lincoln Parish, Louisiana(7)",22061,Rural,125.5 ,105.4, 148.3,N/A , N/A , N/A,30,stable,0.7 ,-1.0, 2.6
"Cass County, Nebraska(2)",31025,Urban,125.5 ,102.1, 153.1,N/A , N/A , N/A,22,stable,0.8 ,-1.7, 3.4
"Ector County, Texas(7)",48135,Urban,125.5 ,114, 137.8,N/A , N/A , N/A,90,stable,0.0 ,-1.1, 1.2
"Suwannee County, Florida(2)",12121,Rural,125.5 ,107.4, 146,N/A , N/A , N/A,40,stable,0.5 ,-1.2, 2.3
"Seneca County, New York(7)",36099,Rural,125.5 ,104.4, 149.9,N/A , N/A , N/A,29,stable,-1.0 ,-2.3, 0.4
"Jefferson County, West Virginia(2)",54037,Urban,125.5 ,109.4, 143.4,N/A , N/A , N/A,47,stable,-1.1 ,-2.7, 0.6
"Callaway County, Missouri(2)",29027,Urban,125.4 ,106.8, 146.6,N/A , N/A , N/A,35,stable,0.6 ,-1.2, 2.6
"Sacramento County, California(7)",06067,Urban,125.4 ,122.1, 128.8,N/A , N/A , N/A,1166,stable,0.0 ,-0.4, 1.6
"Buffalo County, Nebraska(2)",31019,Rural,125.4 ,106.1, 147.2,N/A , N/A , N/A,33,stable,-0.1 ,-2.1, 2.0
"Coffee County, Georgia(7)",13069,Rural,125.4 ,106, 147.4,N/A , N/A , N/A,31,stable,0.0 ,-1.6, 1.8
"Mason County, Washington(7)",53045,Rural,125.4 ,110.3, 142.1,N/A , N/A , N/A,62,stable,0.0 ,-0.9, 0.9
"Jackson County, Mississippi(2)",28059,Urban,125.4 ,115, 136.5,N/A , N/A , N/A,115,stable,0.8 ,-0.1, 1.8
"Mobile County, Alabama(2)",01097,Urban,125.4 ,119.1, 131.8,N/A , N/A , N/A,332,stable,4.4 ,-0.6, 7.9
"Greene County, Georgia(7)",13133,Rural,125.3 ,100.5, 155.6,N/A , N/A , N/A,22,stable,-10.0 ,-21.8, 0.4
"Columbia County, Pennsylvania(2)",42037,Rural,125.3 ,109.8, 142.6,N/A , N/A , N/A,55,stable,0.8 ,-9.8, 9.0
"Nelson County, Kentucky(7)",21179,Urban,125.3 ,107.4, 145.4,N/A , N/A , N/A,38,stable,0.6 ,-0.3, 1.7
"Juneau County, Wisconsin(2)",55057,Rural,125.3 ,101.1, 153.9,N/A , N/A , N/A,22,stable,1.3 ,0.0, 2.8
"Utah County, Utah(7)",49049,Urban,125.2 ,118.8, 131.9,N/A , N/A , N/A,287,rising,0.5 ,0.1, 1.0
"Halifax County with South Boston City, Virginia(2)",51083,Rural,125.1 ,105.1, 148.2,N/A , N/A , N/A,34,stable,0.1 ,-2.2, 1.3
"Parke County, Indiana(2)",18121,Rural,125.1 ,95.8, 161.1,N/A , N/A , N/A,14,stable,1.2 ,-1.2, 3.6
"St. Lucie County, Florida(2)",12111,Urban,125.1 ,118.5, 132,N/A , N/A , N/A,325,rising,0.9 ,0.2, 1.6
"Umatilla County, Oregon(2)",41059,Rural,125.1 ,110.2, 141.5,N/A , N/A , N/A,55,stable,-0.2 ,-1.8, 1.4
"McDowell County, West Virginia(2)",54047,Rural,125.1 ,96.9, 159.6,N/A , N/A , N/A,16,stable,0.7 ,-1.4, 2.5
"DeKalb County, Indiana(2)",18033,Rural,125.1 ,106.7, 145.9,N/A , N/A , N/A,35,stable,-0.2 ,-2.4, 1.9
"Burke County, Georgia(7)",13033,Urban,125.1 ,100.7, 153.8,N/A , N/A , N/A,20,stable,0.6 ,-1.2, 2.7
"King George County, Virginia(2)",51099,Rural,125.1 ,100.8, 153.6,N/A , N/A , N/A,19,stable,0.3 ,-1.7, 2.7
"Nobles County, Minnesota(2)",27105,Rural,125 ,97.6, 157.9,N/A , N/A , N/A,16,stable,1.2 ,-1.1, 3.6
"Blair County, Pennsylvania(2)",42013,Urban,125 ,114.1, 136.8,N/A , N/A , N/A,112,stable,0.5 ,-0.8, 1.9
"Rutland County, Vermont(2)",50021,Rural,125 ,110.1, 141.6,N/A , N/A , N/A,61,stable,0.3 ,-1.1, 1.7
"Marion County, West Virginia(2)",54049,Rural,125 ,108.4, 143.5,N/A , N/A , N/A,46,stable,1.2 ,-0.8, 3.2
"Pike County, Pennsylvania(2)",42103,Rural,125 ,109.1, 142.7,N/A , N/A , N/A,54,stable,-0.2 ,-2.3, 2.1
"Autauga County, Alabama(2)",01001,Urban,125 ,109.2, 142.5,N/A , N/A , N/A,47,stable,0.6 ,-0.8, 2.2
"Montgomery County, Indiana(2)",18107,Rural,125 ,105, 147.8,N/A , N/A , N/A,31,stable,0.5 ,-1.3, 2.3
"Louisa County, Virginia(2)",51109,Rural,125 ,105.5, 147.3,N/A , N/A , N/A,34,stable,1.4 ,-0.3, 3.4
"Bannock County, Idaho(7)",16005,Urban,124.9 ,110.9, 140.3,N/A , N/A , N/A,61,stable,0.7 ,-1.0, 6.4
"Stark County, Ohio(2)",39151,Urban,124.9 ,118.5, 131.5,N/A , N/A , N/A,327,rising,0.9 ,0.1, 3.0
"Putnam County, Georgia(7)",13237,Rural,124.8 ,100.4, 154,N/A , N/A , N/A,22,rising,1.2 ,0.2, 2.5
"Hartley County, Texas(7)",48205,Rural,124.8 ,74.6, 199.2,N/A , N/A , N/A,4,stable,-0.1 ,-3.8, 4.0
"Washington County, Missouri(2)",29221,Rural,124.8 ,100, 154.4,N/A , N/A , N/A,19,stable,0.6 ,-1.8, 3.1
"Columbiana County, Ohio(2)",39029,Rural,124.8 ,112.8, 137.9,N/A , N/A , N/A,91,stable,1.2 ,-0.1, 2.5
"Drew County, Arkansas(2)",05043,Rural,124.8 ,95.1, 161,N/A , N/A , N/A,13,stable,2.3 ,0.0, 4.9
"Knox County, Maine(2)",23013,Rural,124.8 ,107.1, 145,N/A , N/A , N/A,44,stable,-0.3 ,-1.8, 1.2
"Marion County, South Carolina(2)",45067,Rural,124.8 ,103.2, 149.9,N/A , N/A , N/A,27,stable,0.8 ,-1.2, 2.8
"Edgefield County, South Carolina(2)",45037,Urban,124.8 ,101.5, 152.5,N/A , N/A , N/A,22,stable,-0.4 ,-3.1, 2.2
"Morris County, Texas(7)",48343,Rural,124.8 ,91.9, 166.4,N/A , N/A , N/A,11,stable,2.1 ,-0.8, 5.6
"Mitchell County, Georgia(7)",13205,Rural,124.8 ,99.2, 155.3,N/A , N/A , N/A,18,stable,0.1 ,-1.7, 2.1
"St. Louis County, Minnesota(2)",27137,Urban,124.7 ,115.7, 134.4,N/A , N/A , N/A,165,stable,-0.4 ,-1.3, 0.5
"Meigs County, Tennessee(2)",47121,Rural,124.7 ,91.8, 166.5,N/A , N/A , N/A,11,stable,0.8 ,-2.9, 5.0
"Stone County, Mississippi(2)",28131,Urban,124.7 ,96.1, 159.6,N/A , N/A , N/A,14,stable,0.7 ,-1.6, 3.2
"Fairfield County, South Carolina(2)",45039,Urban,124.7 ,100.4, 154,N/A , N/A , N/A,22,stable,0.0 ,-1.7, 1.7
"Amador County, California(7)",06005,Rural,124.7 ,105.1, 147.3,N/A , N/A , N/A,40,stable,-0.9 ,-2.5, 0.8
"Toombs County, Georgia(7)",13279,Rural,124.7 ,101.1, 152.1,N/A , N/A , N/A,21,stable,0.6 ,-0.8, 2.3
"Effingham County, Illinois(7)",17049,Rural,124.6 ,103.7, 148.7,N/A , N/A , N/A,28,stable,-0.1 ,-2.0, 2.1
"Bell County, Texas(7)",48027,Urban,124.6 ,117.4, 132.2,N/A , N/A , N/A,227,stable,0.1 ,-0.6, 1.0
"Plymouth County, Iowa(7)",19149,Rural,124.6 ,100.3, 153.3,N/A , N/A , N/A,20,stable,-0.6 ,-1.6, 0.4
"Boone County, Iowa(7)",19015,Urban,124.6 ,101.7, 151.5,N/A , N/A , N/A,24,stable,-0.8 ,-2.0, 0.3
"Darlington County, South Carolina(2)",45031,Urban,124.6 ,109.6, 141.1,N/A , N/A , N/A,56,rising,1.2 ,0.2, 2.3
"Richland Parish, Louisiana(7)",22083,Urban,124.6 ,97.8, 156.7,N/A , N/A , N/A,16,stable,1.2 ,-0.9, 3.7
"Sanders County, Montana(2)",30089,Rural,124.5 ,89.5, 170.1,N/A , N/A , N/A,12,stable,1.2 ,-1.4, 4.1
"LaMoure County, North Dakota(2)",38045,Rural,124.5 ,67.4, 213.9,N/A , N/A , N/A,4,stable,0.7 ,-4.1, 5.2
"Tippecanoe County, Indiana(2)",18157,Urban,124.5 ,114, 135.8,N/A , N/A , N/A,108,stable,0.4 ,-0.5, 1.3
"La Salle Parish, Louisiana(7)",22059,Rural,124.5 ,92.6, 164.5,N/A , N/A , N/A,11,stable,-0.4 ,-3.3, 2.6
"Union County, Iowa(7)",19175,Rural,124.5 ,92.3, 165.4,N/A , N/A , N/A,11,stable,-0.8 ,-2.3, 0.7
"Greene County, Pennsylvania(2)",42059,Rural,124.5 ,104.5, 147.6,N/A , N/A , N/A,31,stable,1.0 ,-1.0, 3.1
"Madison County, Tennessee(2)",47113,Urban,124.5 ,112.1, 138,N/A , N/A , N/A,80,stable,0.7 ,-0.2, 1.7
"Dauphin County, Pennsylvania(2)",42043,Urban,124.4 ,117.1, 132.1,N/A , N/A , N/A,237,stable,0.1 ,-0.7, 0.9
"Pitkin County, Colorado(2)",08097,Rural,124.4 ,96, 159.6,N/A , N/A , N/A,14,stable,-1.1 ,-4.3, 2.5
"Stone County, Missouri(2)",29209,Rural,124.4 ,104.1, 148.3,N/A , N/A , N/A,36,stable,0.3 ,-1.8, 2.5
"Campbell County, Wyoming(2)",56005,Rural,124.4 ,104, 147.7,N/A , N/A , N/A,29,stable,0.7 ,-1.6, 3.6
"Green County, Wisconsin(2)",55045,Urban,124.4 ,104.6, 147.1,N/A , N/A , N/A,31,rising,11.6 ,1.4, 18.6
"Turner County, Georgia(7)",13287,Rural,124.4 ,84.5, 176.8,N/A , N/A , N/A,7,stable,0.3 ,-3.9, 4.9
"Morgan County, Alabama(2)",01103,Urban,124.3 ,113.2, 136.3,N/A , N/A , N/A,100,stable,0.7 ,-0.2, 1.7
"Williamson County, Illinois(7)",17199,Rural,124.3 ,109.5, 140.7,N/A , N/A , N/A,57,stable,0.1 ,-1.2, 1.4
"Gratiot County, Michigan(2)",26057,Rural,124.3 ,104.2, 147.3,N/A , N/A , N/A,31,stable,0.3 ,-1.8, 2.5
"Craighead County, Arkansas(2)",05031,Urban,124.3 ,111.8, 137.8,N/A , N/A , N/A,76,stable,-0.7 ,-7.9, 2.6
"Potter County, Texas(7)",48375,Urban,124.3 ,111.8, 137.8,N/A , N/A , N/A,77,stable,0.3 ,-0.7, 1.5
"Henry County, Kentucky(7)",21103,Urban,124.3 ,95.3, 160,N/A , N/A , N/A,13,stable,-2.6 ,-15.3, 1.2
"Berrien County, Michigan(2)",26021,Urban,124.3 ,114.3, 134.9,N/A , N/A , N/A,133,stable,0.2 ,-0.9, 1.3
"St. Louis City, Missouri(2)",29510,Urban,124.3 ,116.7, 132.2,N/A , N/A , N/A,217,stable,-0.2 ,-0.8, 0.4
"Bexar County, Texas(7)",48029,Urban,124.2 ,121.2, 127.3,N/A , N/A , N/A,1325,rising,1.3 ,0.5, 3.3
"Washoe County, Nevada(2)",32031,Urban,124.2 ,118.4, 130.3,N/A , N/A , N/A,366,stable,-0.5 ,-1.5, 0.1
"Warren County, Kentucky(7)",21227,Urban,124.2 ,112.6, 136.8,N/A , N/A , N/A,87,stable,-0.5 ,-1.3, 0.4
"Orleans Parish, Louisiana(7)",22071,Urban,124.2 ,117.7, 131,N/A , N/A , N/A,295,stable,0.2 ,-0.3, 0.8
"Lincoln County, Washington(2)",53043,Rural,124.2 ,89.4, 169.6,N/A , N/A , N/A,11,falling,-20.8 ,-36.8, -0.7
"Bossier Parish, Louisiana(7)",22015,Urban,124.2 ,112.8, 136.4,N/A , N/A , N/A,92,rising,1.8 ,0.7, 4.8
"Brantley County, Georgia(7)",13025,Urban,124.2 ,96.3, 158.1,N/A , N/A , N/A,15,*,*,*,*
"Cullman County, Alabama(2)",01043,Rural,124.2 ,111.4, 138.1,N/A , N/A , N/A,76,stable,1.1 ,-0.3, 2.6
"Rolette County, North Dakota(2)",38079,Rural,124.2 ,87.8, 170.7,N/A , N/A , N/A,8,falling,-23.9 ,-43.1, -1.3
"Howard County, Nebraska(2)",31093,Urban,124.2 ,77.6, 189.5,N/A , N/A , N/A,5,stable,-0.7 ,-5.0, 3.4
"Grant County, Kentucky(7)",21081,Urban,124.2 ,100, 152.7,N/A , N/A , N/A,19,stable,0.2 ,-1.8, 2.4
"Rock Island County, Illinois(7)",17161,Urban,124.2 ,113.8, 135.3,N/A , N/A , N/A,120,stable,-0.3 ,-1.2, 0.5
"Kent County, Maryland(2)",24029,Rural,124.1 ,96.5, 158,N/A , N/A , N/A,19,stable,-0.1 ,-3.1, 2.7
"Webster County, Iowa(7)",19187,Rural,124.1 ,102.8, 148.6,N/A , N/A , N/A,29,stable,2.1 ,-0.2, 10.8
"Champaign County, Ohio(2)",39021,Rural,124.1 ,104.9, 146.1,N/A , N/A , N/A,33,stable,1.2 ,-0.6, 3.2
"Churchill County, Nevada(2)",32001,Rural,124.1 ,98.7, 154.1,N/A , N/A , N/A,19,rising,2.0 ,0.1, 4.0
"Brown County, Ohio(2)",39015,Urban,124.1 ,106.2, 144.4,N/A , N/A , N/A,38,rising,10.5 ,0.2, 18.1
"Henry County, Illinois(7)",17073,Urban,124.1 ,107.4, 142.8,N/A , N/A , N/A,44,stable,0.1 ,-1.3, 1.5
"Orange County, Florida(2)",12095,Urban,124.1 ,120.5, 127.7,N/A , N/A , N/A,966,rising,1.9 ,0.3, 4.8
"Colorado County, Texas(7)",48089,Rural,124 ,97.1, 156.5,N/A , N/A , N/A,18,stable,5.4 ,-0.6, 26.8
"Chenango County, New York(7)",36017,Rural,124 ,106.7, 143.6,N/A , N/A , N/A,42,stable,0.6 ,-1.4, 2.9
"Kanawha County, West Virginia(2)",54039,Urban,124 ,115, 133.5,N/A , N/A , N/A,164,stable,0.2 ,-0.5, 0.8
"Wadena County, Minnesota(2)",27159,Rural,123.9 ,92.5, 163.2,N/A , N/A , N/A,12,stable,1.8 ,-2.7, 12.3
"Bedford County, Pennsylvania(2)",42009,Rural,123.9 ,106.9, 143.1,N/A , N/A , N/A,45,rising,1.9 ,0.1, 3.9
"Amherst County, Virginia(2)",51009,Urban,123.9 ,103.2, 147.8,N/A , N/A , N/A,30,stable,0.9 ,-1.4, 3.4
"Pima County, Arizona(2)",04019,Urban,123.9 ,120, 127.9,N/A , N/A , N/A,884,rising,1.1 ,0.5, 2.2
"Kauai County, Hawaii(7)",15007,Rural,123.9 ,109.4, 139.7,N/A , N/A , N/A,61,stable,0.5 ,-0.6, 1.9
"Van Wert County, Ohio(2)",39161,Rural,123.8 ,101.7, 149.7,N/A , N/A , N/A,24,stable,0.0 ,-2.7, 2.7
"Erie County, Ohio(2)",39043,Urban,123.8 ,110.4, 138.6,N/A , N/A , N/A,72,stable,-0.7 ,-1.9, 0.5
"Wilson County, Texas(7)",48493,Urban,123.8 ,106.5, 143.3,N/A , N/A , N/A,39,rising,6.6 ,1.4, 16.2
"Fayette County, Texas(7)",48149,Rural,123.8 ,98.7, 153.7,N/A , N/A , N/A,22,stable,-0.8 ,-3.6, 2.1
"Pearl River County, Mississippi(2)",28109,Rural,123.8 ,107.6, 141.8,N/A , N/A , N/A,48,stable,1.4 ,-0.3, 3.3
"Lake County, Minnesota(2)",27075,Rural,123.8 ,89.8, 168.3,N/A , N/A , N/A,12,stable,2.1 ,-0.8, 5.2
"LaPorte County, Indiana(2)",18091,Urban,123.8 ,111.9, 136.6,N/A , N/A , N/A,91,stable,0.2 ,-1.4, 1.9
"Davison County, South Dakota(2)",46035,Rural,123.8 ,95.7, 157.6,N/A , N/A , N/A,16,stable,2.1 ,-2.0, 15.3
"Teton County, Montana(2)",30099,Rural,123.7 ,77.7, 188.6,N/A , N/A , N/A,5,stable,-1.8 ,-7.1, 3.4
"Lewis and Clark County, Montana(2)",30049,Urban,123.7 ,108.9, 140,N/A , N/A , N/A,58,stable,-0.3 ,-1.6, 1.0
"Roane County, Tennessee(2)",47145,Urban,123.7 ,107.9, 141.5,N/A , N/A , N/A,52,stable,0.7 ,-1.4, 2.8
"Vernon County, Wisconsin(2)",55123,Urban,123.7 ,101.7, 149.3,N/A , N/A , N/A,25,stable,-0.7 ,-2.9, 1.5
"Cotton County, Oklahoma(2)",40033,Urban,123.7 ,78.2, 189.2,N/A , N/A , N/A,5,stable,1.4 ,-8.8, 14.6
"Carroll County, Virginia(2)",51035,Rural,123.7 ,102.1, 149,N/A , N/A , N/A,29,rising,2.2 ,0.2, 4.3
"Decatur County, Tennessee(2)",47039,Rural,123.7 ,90.4, 166.5,N/A , N/A , N/A,11,rising,23.7 ,0.7, 43.8
"Dodge County, Wisconsin(2)",55027,Rural,123.6 ,110.9, 137.6,N/A , N/A , N/A,76,stable,0.2 ,-1.2, 1.8
"Harnett County, North Carolina(2)",37085,Rural,123.6 ,112.3, 135.8,N/A , N/A , N/A,91,stable,0.3 ,-0.7, 1.3
"Daviess County, Kentucky(7)",21059,Urban,123.6 ,111.4, 136.9,N/A , N/A , N/A,81,stable,0.7 ,-0.4, 1.8
"Franklin County, Kentucky(7)",21073,Rural,123.6 ,106.9, 142.3,N/A , N/A , N/A,43,stable,-0.8 ,-2.2, 0.8
"Buchanan County, Iowa(7)",19019,Rural,123.6 ,96.9, 155.6,N/A , N/A , N/A,16,stable,0.3 ,-0.6, 1.3
"Dubois County, Indiana(2)",18037,Rural,123.6 ,104.8, 144.9,N/A , N/A , N/A,34,stable,0.5 ,-1.5, 2.5
"Jefferson Davis Parish, Louisiana(7)",22053,Urban,123.6 ,101.9, 148.6,N/A , N/A , N/A,25,stable,0.6 ,-2.1, 3.6
"Bartholomew County, Indiana(2)",18005,Urban,123.6 ,109.6, 138.9,N/A , N/A , N/A,61,stable,0.8 ,-0.6, 2.2
"Coos County, Oregon(2)",41011,Rural,123.6 ,109, 139.7,N/A , N/A , N/A,67,stable,-0.2 ,-1.2, 0.7
"Tom Green County, Texas(7)",48451,Urban,123.5 ,111.6, 136.3,N/A , N/A , N/A,87,stable,0.5 ,-0.4, 1.6
"Saline County, Arkansas(2)",05125,Urban,123.5 ,112.5, 135.3,N/A , N/A , N/A,100,stable,-0.2 ,-1.1, 0.8
"Austin County, Texas(7)",48015,Urban,123.5 ,101, 149.7,N/A , N/A , N/A,24,stable,-0.3 ,-2.6, 2.2
"Wayne County, Nebraska(2)",31179,Rural,123.5 ,81.4, 179.8,N/A , N/A , N/A,6,stable,-0.5 ,-4.6, 3.5
"Harrison County, Indiana(2)",18061,Urban,123.5 ,103.7, 146,N/A , N/A , N/A,31,stable,0.6 ,-0.9, 2.3
"Searcy County, Arkansas(2)",05129,Rural,123.4 ,86.4, 174.2,N/A , N/A , N/A,8,rising,3.8 ,0.5, 8.1
"Henry County, Virginia(2)",51089,Rural,123.4 ,106.8, 142.1,N/A , N/A , N/A,49,stable,0.4 ,-1.1, 1.7
"Horry County, South Carolina(2)",45051,Urban,123.4 ,117, 130.1,N/A , N/A , N/A,348,stable,0.6 ,0.0, 1.4
"Park County, Montana(2)",30067,Rural,123.4 ,95.8, 157.5,N/A , N/A , N/A,16,stable,-0.6 ,-3.3, 2.2
"Bibb County, Alabama(2)",01007,Urban,123.4 ,97.5, 154.5,N/A , N/A , N/A,17,stable,0.9 ,-2.9, 5.0
"Fauquier County, Virginia(2)",51061,Urban,123.4 ,108.8, 139.5,N/A , N/A , N/A,56,stable,1.4 ,-0.7, 8.5
"Caledonia County, Vermont(2)",50005,Rural,123.4 ,101.7, 148.7,N/A , N/A , N/A,27,stable,-0.5 ,-2.5, 1.5
"Randolph County, Missouri(2)",29175,Rural,123.4 ,98.6, 152.8,N/A , N/A , N/A,19,stable,0.8 ,-1.5, 3.2
"Sequatchie County, Tennessee(2)",47153,Urban,123.4 ,94.2, 159.3,N/A , N/A , N/A,14,rising,2.9 ,0.7, 5.6
"Caroline County, Maryland(2)",24011,Rural,123.3 ,103.1, 146.7,N/A , N/A , N/A,28,stable,-0.7 ,-2.2, 0.9
"Johnson County, Illinois(7)",17087,Rural,123.3 ,90.2, 166.3,N/A , N/A , N/A,10,stable,-1.1 ,-3.8, 1.8
"Montgomery County, Tennessee(2)",47125,Urban,123.3 ,113.7, 133.5,N/A , N/A , N/A,127,stable,0.9 ,-0.2, 2.1
"Grand County, Colorado(2)",08049,Rural,123.3 ,90.9, 164.2,N/A , N/A , N/A,11,stable,2.8 ,-0.8, 15.3
"Morgan County, Missouri(2)",29141,Rural,123.2 ,96.6, 155.4,N/A , N/A , N/A,19,stable,-0.7 ,-3.3, 1.9
"White County, Tennessee(2)",47185,Rural,123.2 ,100.8, 149.5,N/A , N/A , N/A,24,stable,-0.1 ,-2.2, 2.1
"Creek County, Oklahoma(2)",40037,Urban,123.2 ,108.9, 138.9,N/A , N/A , N/A,59,stable,-0.4 ,-1.3, 0.6
"Cascade County, Montana(2)",30013,Urban,123.2 ,109.4, 138.2,N/A , N/A , N/A,67,stable,-1.6 ,-11.9, 0.9
"Socorro County, New Mexico(7)",35053,Rural,123.1 ,93.2, 160.1,N/A , N/A , N/A,13,stable,0.7 ,-0.7, 2.6
"Sumter County, Alabama(2)",01119,Rural,123.1 ,87.1, 169.2,N/A , N/A , N/A,9,stable,2.2 ,-2.0, 6.8
"Benzie County, Michigan(2)",26019,Urban,123.1 ,96.2, 156.2,N/A , N/A , N/A,18,stable,0.5 ,-1.2, 2.3
"Cherokee County, South Carolina(2)",45021,Rural,123.1 ,106.8, 141.3,N/A , N/A , N/A,44,stable,0.6 ,-1.0, 2.3
"Okfuskee County, Oklahoma(2)",40107,Rural,123.1 ,87.9, 168.7,N/A , N/A , N/A,9,stable,-0.9 ,-2.8, 1.0
"Washington County, Arkansas(2)",05143,Urban,123.1 ,114.3, 132.3,N/A , N/A , N/A,151,stable,0.7 ,-0.1, 1.6
"Norman County, Minnesota(2)",27107,Rural,123 ,81, 181.9,N/A , N/A , N/A,6,stable,-1.1 ,-4.3, 1.9
"Gilpin County, Colorado(2)",08047,Urban,123 ,78.1, 190.8,N/A , N/A , N/A,6,stable,-2.9 ,-27.1, 7.2
"Lee County, Illinois(7)",17103,Rural,123 ,101.9, 147.5,N/A , N/A , N/A,28,stable,-0.6 ,-1.8, 0.8
"Jackson County, Texas(7)",48239,Rural,123 ,91.5, 161.9,N/A , N/A , N/A,11,stable,-1.0 ,-4.0, 2.2
"Wilcox County, Alabama(2)",01131,Rural,123 ,88.4, 167.4,N/A , N/A , N/A,9,rising,2.5 ,0.3, 9.0
"Ross County, Ohio(2)",39141,Rural,123 ,108.9, 138.4,N/A , N/A , N/A,61,stable,0.4 ,-1.0, 1.8
"Oneida County, New York(7)",36065,Urban,123 ,114.8, 131.6,N/A , N/A , N/A,192,stable,0.0 ,-0.8, 0.7
"Des Moines County, Iowa(7)",19057,Rural,122.9 ,103.9, 144.7,N/A , N/A , N/A,34,stable,0.7 ,-1.8, 8.2
"Dodge County, Minnesota(2)",27039,Urban,122.9 ,95.8, 155.6,N/A , N/A , N/A,15,stable,0.1 ,-2.2, 2.5
"Coles County, Illinois(7)",17029,Rural,122.9 ,105.5, 142.5,N/A , N/A , N/A,39,stable,0.0 ,-1.6, 1.7
"Rains County, Texas(7)",48379,Rural,122.9 ,90.5, 164.5,N/A , N/A , N/A,11,stable,2.1 ,-0.7, 5.7
"Fond du Lac County, Wisconsin(2)",55039,Urban,122.9 ,111, 135.8,N/A , N/A , N/A,88,falling,-8.4 ,-15.3, -0.7
"Los Angeles County, California(7)",06037,Urban,122.9 ,121.6, 124.2,N/A , N/A , N/A,7174,rising,0.6 ,0.3, 0.9
"Glenn County, California(7)",06021,Rural,122.8 ,99.8, 149.8,N/A , N/A , N/A,21,stable,-0.2 ,-2.2, 1.9
"Swain County, North Carolina(2)",37173,Rural,122.8 ,92.4, 160.8,N/A , N/A , N/A,12,stable,-0.3 ,-2.9, 2.2
"Noble County, Ohio(2)",39121,Rural,122.8 ,87.1, 168.7,N/A , N/A , N/A,9,stable,2.2 ,-2.0, 6.9
"Bonneville County, Idaho(7)",16019,Urban,122.8 ,110.6, 136,N/A , N/A , N/A,78,stable,0.3 ,-0.8, 1.7
"Brazos County, Texas(7)",48041,Urban,122.8 ,112.8, 133.4,N/A , N/A , N/A,115,falling,-1.3 ,-2.2, -0.3
"Cass County, Texas(7)",48067,Rural,122.8 ,101, 148.1,N/A , N/A , N/A,26,rising,2.6 ,0.7, 4.9
"Clarke County, Iowa(7)",19039,Rural,122.8 ,84.5, 172.9,N/A , N/A , N/A,8,stable,0.8 ,-0.9, 2.8
"Peach County, Georgia(7)",13225,Urban,122.7 ,100.6, 148.5,N/A , N/A , N/A,24,stable,-0.6 ,-2.7, 1.9
"Lake County, California(7)",06033,Rural,122.7 ,107.9, 139,N/A , N/A , N/A,59,rising,1.4 ,0.3, 5.1
"Vanderburgh County, Indiana(2)",18163,Urban,122.7 ,113.2, 132.8,N/A , N/A , N/A,139,stable,0.5 ,-0.6, 1.6
"Wayne County, Ohio(2)",39169,Rural,122.7 ,111.1, 135.2,N/A , N/A , N/A,92,stable,1.2 ,-0.3, 2.9
"Refugio County, Texas(7)",48391,Rural,122.7 ,78.5, 184,N/A , N/A , N/A,6,stable,-0.8 ,-4.4, 2.7
"Piscataquis County, Maine(2)",23021,Rural,122.6 ,95.7, 156.1,N/A , N/A , N/A,17,stable,0.3 ,-2.4, 3.0
"Winnebago County, Iowa(7)",19189,Rural,122.6 ,86.6, 169.4,N/A , N/A , N/A,9,stable,1.2 ,-0.8, 3.3
"Henderson County, Kentucky(7)",21101,Rural,122.6 ,104.8, 142.8,N/A , N/A , N/A,37,falling,-14.2 ,-21.1, -5.6
"Medina County, Texas(7)",48325,Urban,122.6 ,105, 142.5,N/A , N/A , N/A,38,rising,3.2 ,1.3, 10.0
"Gregg County, Texas(7)",48183,Urban,122.6 ,111.5, 134.6,N/A , N/A , N/A,95,stable,-0.4 ,-1.8, 1.1
"Howard County, Missouri(2)",29089,Urban,122.6 ,85.9, 170.7,N/A , N/A , N/A,8,stable,0.8 ,-3.0, 4.7
"Webster Parish, Louisiana(7)",22119,Rural,122.6 ,103.6, 144.3,N/A , N/A , N/A,33,stable,0.4 ,-1.5, 2.5
"Houston County, Texas(7)",48225,Rural,122.5 ,96.6, 153.8,N/A , N/A , N/A,19,stable,1.1 ,-0.7, 3.2
"Buchanan County, Missouri(2)",29021,Urban,122.5 ,109, 137.3,N/A , N/A , N/A,65,stable,-0.5 ,-2.0, 0.9
"Calhoun County, Michigan(2)",26025,Urban,122.5 ,111.9, 133.9,N/A , N/A , N/A,108,stable,0.5 ,-1.1, 2.1
"Berkeley County, West Virginia(2)",54003,Urban,122.5 ,111.1, 134.8,N/A , N/A , N/A,90,stable,0.0 ,-0.8, 0.9
"Mono County, California(7)",06051,Rural,122.5 ,87.4, 167.5,N/A , N/A , N/A,9,stable,-0.3 ,-2.7, 2.4
"Macon County, North Carolina(2)",37113,Rural,122.5 ,103.5, 144.3,N/A , N/A , N/A,40,stable,-0.6 ,-2.1, 0.8
"Sutter County, California(7)",06101,Urban,122.5 ,109.7, 136.4,N/A , N/A , N/A,71,stable,0.0 ,-1.3, 1.4
"Sanpete County, Utah(7)",49039,Rural,122.5 ,97.1, 152.5,N/A , N/A , N/A,17,stable,0.0 ,-1.6, 2.1
"Dallas County, Arkansas(2)",05039,Rural,122.4 ,80.2, 181.8,N/A , N/A , N/A,6,stable,2.3 ,-2.4, 7.5
"Oktibbeha County, Mississippi(2)",28105,Rural,122.4 ,101.9, 145.8,N/A , N/A , N/A,27,stable,0.4 ,-2.3, 3.1
"Broward County, Florida(2)",12011,Urban,122.4 ,119.6, 125.2,N/A , N/A , N/A,1550,stable,0.2 ,-0.1, 0.5
"Maricopa County, Arizona(2)",04013,Urban,122.4 ,120.5, 124.3,N/A , N/A , N/A,3240,stable,0.0 ,-0.4, 0.2
"Madison County, Missouri(2)",29123,Rural,122.4 ,90.4, 163,N/A , N/A , N/A,11,stable,-0.3 ,-3.9, 3.4
"Ionia County, Michigan(2)",26067,Urban,122.4 ,106.5, 140,N/A , N/A , N/A,46,stable,0.5 ,-0.7, 1.9
"Mesa County, Colorado(2)",08077,Urban,122.3 ,112.6, 132.7,N/A , N/A , N/A,134,stable,-0.3 ,-1.2, 0.6
"Taylor County, Texas(7)",48441,Urban,122.3 ,111, 134.5,N/A , N/A , N/A,94,stable,-0.1 ,-1.0, 0.8
"Marinette County, Wisconsin(2)",55075,Rural,122.3 ,103.5, 143.9,N/A , N/A , N/A,38,stable,0.2 ,-1.4, 1.7
"Jackson County, Alabama(2)",01071,Rural,122.3 ,106.3, 140.3,N/A , N/A , N/A,47,stable,0.6 ,-1.3, 2.7
"Nicholas County, West Virginia(2)",54067,Rural,122.3 ,99.8, 149,N/A , N/A , N/A,24,stable,0.8 ,-0.7, 2.4
"Lincoln County, Montana(2)",30053,Rural,122.3 ,96.2, 154.2,N/A , N/A , N/A,20,stable,-0.1 ,-2.5, 2.4
"Ontonagon County, Michigan(2)",26131,Rural,122.3 ,72.2, 200.6,N/A , N/A , N/A,6,stable,0.2 ,-4.9, 5.6
"Ohio County, Kentucky(7)",21183,Rural,122.3 ,98.2, 150.7,N/A , N/A , N/A,19,stable,-1.6 ,-10.4, 1.1
"Marion County, Mississippi(2)",28091,Rural,122.2 ,99.4, 149.2,N/A , N/A , N/A,22,stable,1.0 ,-2.1, 4.2
"Elbert County, Colorado(2)",08039,Urban,122.2 ,98.6, 150.3,N/A , N/A , N/A,22,stable,-0.3 ,-2.3, 2.0
"Sussex County, Virginia(2)",51183,Urban,122.2 ,82, 176,N/A , N/A , N/A,8,stable,0.9 ,-1.2, 2.9
"Garrard County, Kentucky(7)",21079,Rural,122.2 ,95.6, 154.7,N/A , N/A , N/A,16,stable,-0.2 ,-2.3, 2.3
"Lee County, Alabama(2)",01081,Urban,122.2 ,112, 133,N/A , N/A , N/A,112,rising,10.5 ,1.2, 17.0
"Douglas County, Washington(2)",53017,Urban,122.2 ,103.7, 143.2,N/A , N/A , N/A,34,stable,0.8 ,-0.8, 2.6
"Greene County, Virginia(2)",51079,Urban,122.1 ,95.5, 154.2,N/A , N/A , N/A,16,stable,1.0 ,-1.4, 3.7
"Perry County, Kentucky(7)",21193,Rural,122.1 ,99.7, 148.4,N/A , N/A , N/A,23,stable,0.8 ,-1.8, 3.6
"Coal County, Oklahoma(2)",40029,Rural,122.1 ,72.5, 194.1,N/A , N/A , N/A,4,*,*,*,*
"Chatham County, Georgia(7)",13051,Urban,122.1 ,114.8, 129.7,N/A , N/A , N/A,226,stable,-0.2 ,-1.0, 0.6
"Comanche County, Texas(7)",48093,Rural,122.1 ,90.7, 161.6,N/A , N/A , N/A,12,stable,-0.3 ,-4.0, 3.5
"Cameron County, Pennsylvania(2)",42023,Rural,122.1 ,65.7, 210.3,N/A , N/A , N/A,4,stable,0.9 ,-3.1, 4.8
"Meigs County, Ohio(2)",39105,Rural,122 ,97.2, 151.7,N/A , N/A , N/A,19,stable,1.6 ,-0.7, 4.0
"Allen County, Indiana(2)",18003,Urban,122 ,115.4, 128.9,N/A , N/A , N/A,272,stable,-0.2 ,-1.1, 0.7
"Morgan County, Ohio(2)",39115,Rural,122 ,91.7, 160.2,N/A , N/A , N/A,13,stable,1.1 ,-1.7, 4.0
"Estill County, Kentucky(7)",21065,Rural,122 ,92.5, 159,N/A , N/A , N/A,13,stable,-0.9 ,-3.1, 1.3
"Piatt County, Illinois(7)",17147,Urban,122 ,94.3, 156,N/A , N/A , N/A,15,stable,-0.9 ,-3.3, 1.5
"Forrest County, Mississippi(2)",28035,Urban,122 ,107.3, 138.1,N/A , N/A , N/A,53,stable,0.1 ,-2.1, 2.3
"Robertson County, Texas(7)",48395,Urban,122 ,92, 158.7,N/A , N/A , N/A,12,rising,15.8 ,4.9, 41.7
"Pickaway County, Ohio(2)",39129,Urban,122 ,106.2, 139.6,N/A , N/A , N/A,45,stable,0.0 ,-1.6, 1.6
"Davis County, Utah(7)",49011,Urban,122 ,114.4, 129.8,N/A , N/A , N/A,201,rising,0.6 ,0.2, 1.1
"Shawano County, Wisconsin(2)",55115,Rural,121.9 ,103, 143.5,N/A , N/A , N/A,35,stable,1.0 ,-0.7, 2.7
"Haralson County, Georgia(7)",13143,Urban,121.9 ,100, 147.5,N/A , N/A , N/A,23,stable,1.1 ,-1.0, 3.4
"Shannon County, Missouri(2)",29203,Rural,121.9 ,77.5, 183.7,N/A , N/A , N/A,6,stable,3.5 ,-0.3, 7.6
"Doddridge County, West Virginia(2)",54017,Rural,121.9 ,80.6, 180,N/A , N/A , N/A,6,rising,5.6 ,3.1, 8.7
"West Carroll Parish, Louisiana(7)",22123,Rural,121.9 ,86.7, 167.9,N/A , N/A , N/A,9,stable,0.2 ,-2.2, 2.6
"Addison County, Vermont(2)",50001,Rural,121.9 ,102, 144.7,N/A , N/A , N/A,32,stable,0.3 ,-1.8, 2.5
"Lawrence County, Kentucky(7)",21127,Urban,121.8 ,93.4, 156.8,N/A , N/A , N/A,14,stable,0.3 ,-1.8, 2.6
"Noble County, Indiana(2)",18113,Rural,121.8 ,104.4, 141.4,N/A , N/A , N/A,38,stable,0.8 ,-1.2, 3.0
"Burke County, North Carolina(2)",37023,Urban,121.8 ,109.4, 135.4,N/A , N/A , N/A,79,stable,0.1 ,-0.8, 1.1
"Cocke County, Tennessee(2)",47029,Rural,121.8 ,103.5, 142.8,N/A , N/A , N/A,35,rising,2.2 ,0.4, 4.3
"St. Clair County, Michigan(2)",26147,Urban,121.8 ,112.3, 131.9,N/A , N/A , N/A,138,stable,0.0 ,-1.4, 1.4
"Winnebago County, Illinois(7)",17201,Urban,121.8 ,114.4, 129.4,N/A , N/A , N/A,226,stable,0.3 ,-1.3, 4.4
"Washington County, Kentucky(7)",21229,Rural,121.7 ,88, 164.7,N/A , N/A , N/A,10,stable,1.4 ,-1.3, 4.9
"Baxter County, Arkansas(2)",05005,Rural,121.7 ,103.9, 142.2,N/A , N/A , N/A,46,stable,0.0 ,-1.8, 1.7
"Madison County, Idaho(7)",16065,Rural,121.7 ,94.5, 154,N/A , N/A , N/A,14,stable,1.5 ,-0.7, 4.5
"Grant County, West Virginia(2)",54023,Rural,121.7 ,89.3, 163.9,N/A , N/A , N/A,11,stable,2.6 ,-1.1, 7.2
"Moniteau County, Missouri(2)",29135,Urban,121.7 ,90.3, 160.8,N/A , N/A , N/A,11,stable,1.6 ,-1.0, 4.4
"Lubbock County, Texas(7)",48303,Urban,121.7 ,114, 129.8,N/A , N/A , N/A,195,stable,0.1 ,-0.7, 1.0
"Marshall County, Kentucky(7)",21157,Rural,121.7 ,101, 145.7,N/A , N/A , N/A,28,stable,0.2 ,-1.1, 1.7
"Hawkins County, Tennessee(2)",47073,Urban,121.6 ,106.6, 138.4,N/A , N/A , N/A,53,stable,-7.0 ,-14.9, 1.4
"Winona County, Minnesota(2)",27169,Rural,121.6 ,103.9, 141.7,N/A , N/A , N/A,38,stable,-1.5 ,-3.1, 0.1
"Lebanon County, Pennsylvania(2)",42075,Urban,121.6 ,111.5, 132.3,N/A , N/A , N/A,121,stable,0.7 ,-0.2, 1.7
"Twin Falls County, Idaho(7)",16083,Urban,121.6 ,108, 136.4,N/A , N/A , N/A,63,stable,-0.8 ,-1.8, 0.3
"Pike County, Georgia(7)",13231,Urban,121.5 ,95.1, 153.5,N/A , N/A , N/A,15,stable,0.4 ,-1.5, 2.6
"Liberty County, Florida(2)",12077,Rural,121.5 ,75.5, 186.6,N/A , N/A , N/A,5,stable,1.4 ,-2.2, 5.6
"Grady County, Georgia(7)",13131,Rural,121.5 ,97.5, 149.8,N/A , N/A , N/A,20,stable,0.3 ,-1.0, 1.7
"Chippewa County, Michigan(2)",26033,Rural,121.5 ,99.8, 146.7,N/A , N/A , N/A,26,stable,0.1 ,-1.9, 2.1
"Lancaster County, Nebraska(2)",31109,Urban,121.5 ,114, 129.4,N/A , N/A , N/A,210,stable,-0.7 ,-1.4, 0.0
"Cleveland County, Oklahoma(2)",40027,Urban,121.5 ,113.9, 129.5,N/A , N/A , N/A,198,falling,-1.2 ,-2.2, -0.1
"Adams County, Indiana(2)",18001,Rural,121.5 ,99.8, 146.5,N/A , N/A , N/A,25,stable,0.8 ,-0.6, 2.2
"Lancaster County, South Carolina(2)",45057,Urban,121.4 ,109.7, 134.2,N/A , N/A , N/A,88,falling,-11.1 ,-20.0, -1.8
"Blaine County, Oklahoma(2)",40011,Rural,121.4 ,82.9, 172.8,N/A , N/A , N/A,7,stable,-0.3 ,-4.3, 3.6
"Hunt County, Texas(7)",48231,Urban,121.4 ,109.1, 134.7,N/A , N/A , N/A,76,rising,1.8 ,0.9, 3.6
"Alcona County, Michigan(2)",26001,Rural,121.4 ,84.5, 171.8,N/A , N/A , N/A,12,stable,23.2 ,-0.7, 42.6
"Oxford County, Maine(2)",23017,Rural,121.3 ,106.6, 137.9,N/A , N/A , N/A,56,stable,0.1 ,-1.1, 1.3
"Platte County, Nebraska(2)",31141,Rural,121.3 ,100, 146.1,N/A , N/A , N/A,25,stable,-0.1 ,-2.7, 2.7
"Bosque County, Texas(7)",48035,Urban,121.3 ,95.7, 152.5,N/A , N/A , N/A,19,stable,0.4 ,-1.9, 3.0
"Allen County, Ohio(2)",39003,Urban,121.3 ,109.1, 134.6,N/A , N/A , N/A,81,stable,-0.3 ,-1.8, 1.2
"Wayne County, Pennsylvania(2)",42127,Rural,121.3 ,103.9, 140.9,N/A , N/A , N/A,45,stable,0.6 ,-1.1, 2.3
"Yakima County, Washington(2)",53077,Urban,121.2 ,112.9, 130,N/A , N/A , N/A,164,stable,0.0 ,-0.7, 0.8
"Gage County, Nebraska(2)",31067,Rural,121.2 ,97.5, 149.6,N/A , N/A , N/A,20,stable,-0.9 ,-3.0, 1.2
"St. Joseph County, Indiana(2)",18141,Urban,121.2 ,113.4, 129.4,N/A , N/A , N/A,198,stable,0.1 ,-1.0, 1.1
"Franklin County, New York(7)",36033,Rural,121.2 ,103.1, 141.6,N/A , N/A , N/A,37,stable,-0.4 ,-1.7, 0.9
"Hampshire County, West Virginia(2)",54027,Urban,121.2 ,97.5, 149.5,N/A , N/A , N/A,21,stable,1.3 ,-0.5, 3.4
"Chester County, Tennessee(2)",47023,Urban,121.1 ,92.7, 155.8,N/A , N/A , N/A,13,stable,-0.9 ,-5.0, 3.2
"Greene County, Iowa(7)",19073,Rural,121.1 ,83.4, 171.5,N/A , N/A , N/A,8,stable,-0.1 ,-1.8, 1.8
"Mille Lacs County, Minnesota(2)",27095,Urban,121.1 ,98.5, 147.6,N/A , N/A , N/A,22,stable,0.9 ,-0.9, 2.9
"Prince William County, Virginia(2)",51153,Urban,121.1 ,114.9, 127.5,N/A , N/A , N/A,299,stable,0.2 ,-0.7, 1.1
"Brown County, Illinois(7)",17009,Rural,121 ,72.3, 193.6,N/A , N/A , N/A,4,stable,0.3 ,-2.1, 2.9
"Washington County, Georgia(7)",13303,Rural,121 ,95.9, 151.4,N/A , N/A , N/A,18,stable,0.6 ,-0.8, 2.3
"Sheboygan County, Wisconsin(2)",55117,Urban,121 ,109.6, 133.4,N/A , N/A , N/A,93,falling,-1.2 ,-3.8, -0.1
"Hancock County, Ohio(2)",39063,Rural,121 ,106.7, 136.7,N/A , N/A , N/A,58,stable,-0.5 ,-1.7, 0.7
"Washington County, Utah(7)",49053,Urban,121 ,111.7, 130.8,N/A , N/A , N/A,147,stable,0.2 ,-0.3, 1.0
"Marion County, Tennessee(2)",47115,Urban,121 ,99.6, 146,N/A , N/A , N/A,25,stable,-0.1 ,-2.1, 2.0
"Rapides Parish, Louisiana(7)",22079,Urban,121 ,110.1, 132.6,N/A , N/A , N/A,99,rising,1.0 ,0.3, 1.9
"McCreary County, Kentucky(7)",21147,Rural,120.9 ,91.4, 157.6,N/A , N/A , N/A,12,stable,-1.6 ,-3.6, 0.6
"Fountain County, Indiana(2)",18045,Rural,120.9 ,92.2, 156.3,N/A , N/A , N/A,13,stable,-0.2 ,-3.0, 2.6
"Windham County, Vermont(2)",50025,Rural,120.9 ,103.9, 140.2,N/A , N/A , N/A,43,stable,-0.5 ,-1.8, 0.7
"Union County, Arkansas(2)",05139,Rural,120.9 ,102.5, 141.9,N/A , N/A , N/A,34,stable,0.6 ,-1.1, 2.1
"McCulloch County, Texas(7)",48307,Rural,120.9 ,82.7, 173.1,N/A , N/A , N/A,7,stable,0.1 ,-2.7, 3.4
"Dale County, Alabama(2)",01045,Rural,120.8 ,103.9, 139.9,N/A , N/A , N/A,40,stable,1.3 ,-0.5, 3.2
"Greene County, Arkansas(2)",05055,Rural,120.8 ,102.8, 141.2,N/A , N/A , N/A,34,stable,1.5 ,0.0, 3.0
"James City County, Virginia(2)",51095,Urban,120.8 ,108, 134.9,N/A , N/A , N/A,79,rising,8.1 ,0.8, 14.7
"Johnson County, Georgia(7)",13167,Rural,120.8 ,83.9, 170.7,N/A , N/A , N/A,8,stable,1.3 ,-1.9, 5.3
"Ripley County, Indiana(2)",18137,Rural,120.8 ,99.4, 145.8,N/A , N/A , N/A,24,stable,0.9 ,-1.0, 3.0
"Montgomery County, North Carolina(2)",37123,Rural,120.7 ,98.6, 146.9,N/A , N/A , N/A,24,stable,-0.3 ,-2.2, 1.6
"Crawford County, Iowa(7)",19047,Rural,120.7 ,91.6, 156.5,N/A , N/A , N/A,13,stable,-0.1 ,-1.4, 1.3
"Lincoln County, Wyoming(2)",56023,Rural,120.7 ,93.3, 154,N/A , N/A , N/A,15,stable,0.2 ,-3.4, 4.6
"Ouachita Parish, Louisiana(7)",22073,Urban,120.7 ,110.7, 131.3,N/A , N/A , N/A,116,stable,-0.5 ,-1.2, 0.1
"Jefferson County, Washington(7)",53031,Rural,120.6 ,100.6, 144.4,N/A , N/A , N/A,41,stable,-0.7 ,-1.5, 0.2
"Colusa County, California(7)",06011,Rural,120.6 ,93.6, 152.9,N/A , N/A , N/A,14,stable,0.8 ,-2.5, 4.8
"Levy County, Florida(2)",12075,Urban,120.6 ,102.9, 140.7,N/A , N/A , N/A,41,stable,0.4 ,-1.1, 1.9
"Owen County, Indiana(2)",18119,Urban,120.6 ,94.3, 152.2,N/A , N/A , N/A,17,stable,1.4 ,-1.1, 4.2
"Jasper County, Mississippi(2)",28061,Rural,120.5 ,92.9, 154.5,N/A , N/A , N/A,15,stable,0.5 ,-2.8, 4.0
"Kaufman County, Texas(7)",48257,Urban,120.4 ,109.4, 132.3,N/A , N/A , N/A,90,stable,0.3 ,-0.6, 1.4
"Clare County, Michigan(2)",26035,Rural,120.4 ,99.4, 144.9,N/A , N/A , N/A,29,stable,1.4 ,-0.7, 3.6
"Harris County, Texas(7)",48201,Urban,120.4 ,118.4, 122.4,N/A , N/A , N/A,2869,rising,2.2 ,0.8, 4.4
"Forest County, Wisconsin(2)",55041,Rural,120.4 ,81.3, 172.8,N/A , N/A , N/A,8,stable,1.1 ,-4.0, 6.5
"Seneca County, Ohio(2)",39147,Rural,120.4 ,104.3, 138.3,N/A , N/A , N/A,45,stable,0.1 ,-1.5, 1.7
"Edgecombe County, North Carolina(2)",37065,Urban,120.4 ,103.9, 138.9,N/A , N/A , N/A,44,stable,0.2 ,-1.3, 1.7
"Eau Claire County, Wisconsin(2)",55035,Urban,120.3 ,107.8, 134,N/A , N/A , N/A,75,stable,0.8 ,-0.9, 2.6
"Madison County, New York(7)",36053,Urban,120.3 ,105.6, 136.7,N/A , N/A , N/A,55,stable,-0.1 ,-1.2, 1.2
"Northumberland County, Pennsylvania(2)",42097,Rural,120.3 ,107.9, 133.9,N/A , N/A , N/A,80,stable,-0.3 ,-2.1, 1.3
"Dorchester County, Maryland(2)",24019,Rural,120.3 ,101, 142.6,N/A , N/A , N/A,32,stable,0.1 ,-1.3, 1.5
"Bartow County, Georgia(7)",13015,Urban,120.3 ,108.5, 133.1,N/A , N/A , N/A,80,stable,-0.2 ,-1.0, 0.8
"Pittsylvania County, Virginia(2)",51143,Rural,120.3 ,105.1, 137.2,N/A , N/A , N/A,56,stable,1.1 ,-0.4, 2.6
"Frederick County, Virginia(2)",51069,Urban,120.3 ,107.9, 133.8,N/A , N/A , N/A,74,falling,-2.6 ,-7.5, -1.1
"Pocahontas County, West Virginia(2)",54075,Rural,120.3 ,81, 174.6,N/A , N/A , N/A,8,stable,15.1 ,-2.7, 37.5
"Auglaize County, Ohio(2)",39011,Rural,120.3 ,102.6, 140.3,N/A , N/A , N/A,37,stable,-0.1 ,-2.4, 2.1
"Lee County, North Carolina(2)",37105,Rural,120.3 ,105.1, 137.1,N/A , N/A , N/A,49,stable,-0.4 ,-2.1, 1.4
"Sublette County, Wyoming(2)",56035,Rural,120.3 ,81.9, 172.2,N/A , N/A , N/A,7,stable,1.3 ,-2.6, 6.3
"Wasco County, Oregon(2)",41065,Rural,120.3 ,96.4, 148.4,N/A , N/A , N/A,21,stable,-1.1 ,-3.9, 1.6
"Wicomico County, Maryland(2)",24045,Urban,120.2 ,107.9, 133.6,N/A , N/A , N/A,76,stable,-0.3 ,-2.3, 1.9
"St. Francis County, Arkansas(2)",05123,Rural,120.2 ,94.1, 151.7,N/A , N/A , N/A,16,stable,1.3 ,-1.3, 4.0
"Glacier County, Montana(2)",30035,Rural,120.2 ,83.7, 166.6,N/A , N/A , N/A,8,stable,-1.6 ,-6.1, 2.4
"Raleigh County, West Virginia(2)",54081,Urban,120.2 ,106.5, 135.3,N/A , N/A , N/A,63,stable,0.9 ,-1.1, 2.9
"Laurel County, Kentucky(7)",21125,Rural,120.2 ,105.3, 136.7,N/A , N/A , N/A,50,stable,0.4 ,-0.5, 1.4
"Jackson County, Illinois(7)",17077,Rural,120.1 ,102.3, 140.3,N/A , N/A , N/A,36,stable,0.1 ,-1.5, 1.8
"Humboldt County, Iowa(7)",19091,Rural,120.1 ,82.9, 169.1,N/A , N/A , N/A,8,stable,-0.1 ,-1.7, 1.6
"Comanche County, Oklahoma(2)",40031,Urban,120.1 ,108.1, 133,N/A , N/A , N/A,77,stable,-2.0 ,-7.7, 0.2
"Kearney County, Nebraska(2)",31099,Rural,120 ,75.1, 183,N/A , N/A , N/A,5,stable,1.0 ,-2.1, 4.3
"Pepin County, Wisconsin(2)",55091,Rural,120 ,75.7, 181.7,N/A , N/A , N/A,5,stable,1.9 ,-1.9, 6.1
"Jackson County, West Virginia(2)",54035,Rural,120 ,99.2, 144.4,N/A , N/A , N/A,26,stable,0.4 ,-2.1, 2.9
"Webster County, Missouri(2)",29225,Urban,120 ,100.4, 142.3,N/A , N/A , N/A,28,stable,1.2 ,-0.7, 3.3
"Scott County, Arkansas(2)",05127,Rural,120 ,82.7, 169.2,N/A , N/A , N/A,8,stable,1.3 ,-3.3, 6.3
"Clark County, Wisconsin(2)",55019,Rural,119.9 ,98, 145.3,N/A , N/A , N/A,23,stable,-0.8 ,-2.5, 0.7
"Clark County, Washington(2)",53011,Urban,119.9 ,114.4, 125.7,N/A , N/A , N/A,374,stable,-0.1 ,-0.9, 0.9
"Manitowoc County, Wisconsin(2)",55071,Rural,119.9 ,106.6, 134.5,N/A , N/A , N/A,70,stable,0.3 ,-1.2, 1.7
"Faulkner County, Arkansas(2)",05045,Urban,119.9 ,108.2, 132.5,N/A , N/A , N/A,81,stable,0.2 ,-0.7, 1.1
"Cherokee County, Oklahoma(2)",40021,Rural,119.9 ,101.9, 140.3,N/A , N/A , N/A,35,stable,0.1 ,-1.3, 1.6
"Mahoning County, Ohio(2)",39099,Urban,119.9 ,112, 128.3,N/A , N/A , N/A,203,stable,-0.4 ,-1.2, 0.3
"Kodiak Island Borough, Alaska(2)",02150,Rural,119.8 ,83.4, 166.8,N/A , N/A , N/A,7,stable,-0.8 ,-3.6, 2.4
"Los Alamos County, New Mexico(7)",35028,Rural,119.8 ,92.4, 153.2,N/A , N/A , N/A,14,stable,-0.5 ,-2.1, 1.3
"Curry County, Oregon(2)",41015,Rural,119.8 ,97.5, 147.1,N/A , N/A , N/A,29,stable,-0.2 ,-2.3, 1.8
"Monroe County, Kentucky(7)",21171,Rural,119.8 ,86.6, 162.6,N/A , N/A , N/A,9,stable,0.7 ,-1.2, 2.9
"Stokes County, North Carolina(2)",37169,Urban,119.8 ,103.2, 138.7,N/A , N/A , N/A,43,stable,0.5 ,-1.3, 2.3
"St. Joseph County, Michigan(2)",26149,Rural,119.8 ,104.2, 137.2,N/A , N/A , N/A,47,stable,0.4 ,-1.3, 2.1
"Quay County, New Mexico(7)",35037,Rural,119.7 ,83.9, 167.9,N/A , N/A , N/A,9,stable,1.4 ,-0.4, 3.4
"Wells County, North Dakota(2)",38103,Rural,119.7 ,69.9, 199.8,N/A , N/A , N/A,5,stable,3.7 ,-1.0, 9.2
"Bennington County, Vermont(2)",50003,Rural,119.7 ,100.8, 141.4,N/A , N/A , N/A,35,stable,-0.6 ,-2.3, 1.0
"Hardin County, Iowa(7)",19083,Rural,119.7 ,90.5, 155.7,N/A , N/A , N/A,14,stable,0.7 ,-0.8, 2.3
"DeSoto County, Mississippi(2)",28033,Urban,119.7 ,110.4, 129.6,N/A , N/A , N/A,127,stable,0.6 ,-0.5, 1.8
"Trinity County, Texas(7)",48455,Rural,119.7 ,90.7, 156.4,N/A , N/A , N/A,14,stable,1.8 ,-0.8, 4.7
"Union County, Pennsylvania(2)",42119,Rural,119.6 ,100.7, 141.4,N/A , N/A , N/A,33,stable,0.3 ,-1.8, 2.4
"Iron County, Missouri(2)",29093,Rural,119.6 ,85, 165.6,N/A , N/A , N/A,9,stable,1.3 ,-1.8, 4.5
"Dickenson County, Virginia(2)",51051,Rural,119.6 ,88.6, 159,N/A , N/A , N/A,12,stable,-1.3 ,-4.8, 1.9
"Guthrie County, Iowa(7)",19077,Urban,119.6 ,84.4, 165.7,N/A , N/A , N/A,9,stable,-0.2 ,-2.0, 1.7
"Graves County, Kentucky(7)",21083,Rural,119.6 ,99.8, 142.3,N/A , N/A , N/A,29,stable,0.2 ,-0.9, 1.4
"Clearwater County, Idaho(7)",16035,Rural,119.5 ,81.3, 172.9,N/A , N/A , N/A,8,stable,3.7 ,-3.1, 27.4
"Kendall County, Texas(7)",48259,Urban,119.5 ,102.7, 138.5,N/A , N/A , N/A,40,stable,-0.7 ,-2.1, 1.1
"Yoakum County, Texas(7)",48501,Rural,119.5 ,73.1, 183.4,N/A , N/A , N/A,4,stable,1.1 ,-1.8, 4.4
"Dunklin County, Missouri(2)",29069,Rural,119.5 ,97.2, 145.5,N/A , N/A , N/A,22,stable,1.4 ,-0.8, 3.6
"Montrose County, Colorado(2)",08085,Rural,119.4 ,101.8, 139.5,N/A , N/A , N/A,40,stable,-0.4 ,-2.2, 1.5
"Warren County, Illinois(7)",17187,Rural,119.4 ,89.9, 155.7,N/A , N/A , N/A,13,stable,1.4 ,-1.0, 4.0
"Pierce County, Georgia(7)",13229,Rural,119.4 ,92.9, 151.5,N/A , N/A , N/A,15,stable,1.8 ,0.0, 4.1
"Wise County, Texas(7)",48497,Urban,119.4 ,104.5, 135.8,N/A , N/A , N/A,50,stable,0.6 ,-0.5, 2.1
"Warren County, Virginia(2)",51187,Urban,119.4 ,100.3, 141.1,N/A , N/A , N/A,31,stable,0.0 ,-2.1, 2.4
"Butler County, Kentucky(7)",21031,Urban,119.4 ,86.2, 161.7,N/A , N/A , N/A,9,stable,1.4 ,-1.0, 4.1
"Clayton County, Iowa(7)",19043,Rural,119.4 ,90.5, 154.9,N/A , N/A , N/A,15,stable,-5.4 ,-17.5, 1.2
"Tuscarawas County, Ohio(2)",39157,Rural,119.4 ,107.1, 132.7,N/A , N/A , N/A,78,stable,0.8 ,-0.2, 1.7
"Mercer County, Missouri(2)",29129,Rural,119.4 ,68.2, 201.5,N/A , N/A , N/A,3,*,*,*,*
"Cass County, Illinois(7)",17017,Rural,119.4 ,87.7, 159.4,N/A , N/A , N/A,10,stable,-0.1 ,-2.5, 2.5
"Philadelphia County, Pennsylvania(2)",42101,Urban,119.3 ,116.1, 122.6,N/A , N/A , N/A,1115,stable,-0.3 ,-0.6, 0.0
"Buckingham County, Virginia(2)",51029,Rural,119.3 ,91.4, 154.3,N/A , N/A , N/A,14,stable,1.9 ,-1.9, 16.1
"Grant Parish, Louisiana(7)",22043,Urban,119.3 ,93, 151.2,N/A , N/A , N/A,15,rising,6.1 ,0.4, 22.3
"Dallas County, Missouri(2)",29059,Urban,119.2 ,90.5, 154.6,N/A , N/A , N/A,14,stable,0.9 ,-2.4, 4.4
"Van Buren County, Iowa(7)",19177,Rural,119.2 ,78.7, 175.4,N/A , N/A , N/A,7,stable,-1.1 ,-3.4, 1.1
"Tuscola County, Michigan(2)",26157,Rural,119.2 ,102.9, 137.5,N/A , N/A , N/A,45,stable,0.6 ,-0.7, 1.9
"Union County, Tennessee(2)",47173,Urban,119.1 ,93.6, 150.2,N/A , N/A , N/A,16,stable,0.7 ,-1.6, 3.2
"Lapeer County, Michigan(2)",26087,Urban,119.1 ,106.3, 133.2,N/A , N/A , N/A,72,stable,7.5 ,-0.9, 13.7
"Lamar County, Mississippi(2)",28073,Urban,119.1 ,103.6, 136.3,N/A , N/A , N/A,44,stable,-0.1 ,-2.0, 1.9
"Grant County, Indiana(2)",18053,Rural,119.1 ,104.4, 135.4,N/A , N/A , N/A,54,stable,0.9 ,-0.9, 2.6
"Jefferson County, Oregon(2)",41031,Urban,119.1 ,94.6, 148.3,N/A , N/A , N/A,19,stable,-0.1 ,-2.2, 2.2
"Clinton County, Missouri(2)",29049,Urban,119.1 ,93.5, 149.9,N/A , N/A , N/A,16,stable,1.6 ,-1.2, 4.8
"Madison County, Ohio(2)",39097,Urban,119 ,100.5, 140.2,N/A , N/A , N/A,32,stable,0.3 ,-1.8, 2.4
"Polk County, Tennessee(2)",47139,Urban,119 ,91.7, 152.6,N/A , N/A , N/A,15,stable,-0.1 ,-2.8, 2.7
"Adair County, Missouri(2)",29001,Rural,119 ,92.1, 151.3,N/A , N/A , N/A,15,stable,0.8 ,-3.4, 5.0
"McCurtain County, Oklahoma(2)",40089,Rural,118.9 ,97.4, 144,N/A , N/A , N/A,23,stable,-2.3 ,-20.8, 0.5
"Lee County, Iowa(7)",19111,Rural,118.9 ,98.5, 142.5,N/A , N/A , N/A,28,stable,0.1 ,-1.0, 1.2
"Randolph County, Arkansas(2)",05121,Rural,118.9 ,91.9, 151.8,N/A , N/A , N/A,15,stable,2.3 ,0.0, 4.9
"Terry County, Texas(7)",48445,Rural,118.9 ,82.9, 165.3,N/A , N/A , N/A,8,stable,0.7 ,-2.5, 4.0
"Salem County, New Jersey(7)",34033,Urban,118.9 ,104.2, 135.1,N/A , N/A , N/A,53,stable,0.1 ,-0.9, 1.2
"Edmonson County, Kentucky(7)",21061,Urban,118.9 ,87.1, 159.6,N/A , N/A , N/A,10,stable,0.1 ,-2.0, 2.5
"Barry County, Michigan(2)",26015,Urban,118.8 ,103.4, 136,N/A , N/A , N/A,48,stable,1.7 ,-2.5, 12.7
"Jackson County, North Carolina(2)",37099,Rural,118.8 ,99.6, 140.9,N/A , N/A , N/A,32,stable,1.3 ,-0.4, 3.2
"Lincoln County, Oregon(2)",41041,Rural,118.8 ,102.7, 137,N/A , N/A , N/A,55,stable,0.3 ,-1.3, 1.9
"Itawamba County, Mississippi(2)",28057,Rural,118.7 ,94.9, 147.1,N/A , N/A , N/A,18,stable,-0.4 ,-3.7, 3.1
"Pike County, Mississippi(2)",28113,Rural,118.7 ,100, 140,N/A , N/A , N/A,31,stable,0.5 ,-1.7, 2.7
"Lauderdale County, Alabama(2)",01077,Urban,118.7 ,106, 132.6,N/A , N/A , N/A,75,stable,0.5 ,-0.9, 2.0
"Logan County, Ohio(2)",39091,Rural,118.7 ,101, 138.7,N/A , N/A , N/A,36,stable,-0.7 ,-2.4, 1.0
"Cheboygan County, Michigan(2)",26031,Rural,118.7 ,96.7, 145,N/A , N/A , N/A,26,stable,-0.4 ,-2.8, 1.8
"Rio Blanco County, Colorado(2)",08103,Rural,118.7 ,71, 186.6,N/A , N/A , N/A,4,*,*,*,*
"Jackson County, Indiana(2)",18071,Rural,118.7 ,100.8, 139,N/A , N/A , N/A,33,stable,-0.7 ,-2.7, 1.2
"Dona Ana County, New Mexico(7)",35013,Urban,118.7 ,109.9, 128,N/A , N/A , N/A,147,falling,-5.6 ,-9.2, -1.8
"Wichita County, Texas(7)",48485,Urban,118.7 ,107.3, 130.9,N/A , N/A , N/A,88,stable,0.1 ,-0.9, 1.1
"Greenbrier County, West Virginia(2)",54025,Rural,118.6 ,98.3, 142.2,N/A , N/A , N/A,29,stable,0.7 ,-1.1, 2.5
"Bristol County, Massachusetts(2)",25005,Urban,118.6 ,113.5, 123.8,N/A , N/A , N/A,450,falling,-5.0 ,-8.2, -0.9
"Edgar County, Illinois(7)",17045,Rural,118.5 ,89.5, 154.3,N/A , N/A , N/A,14,stable,-1.1 ,-3.7, 1.4
"Knox County, Kentucky(7)",21121,Rural,118.5 ,97.8, 142.6,N/A , N/A , N/A,25,stable,0.3 ,-1.4, 2.2
"Jasper County, Indiana(2)",18073,Urban,118.5 ,98.2, 142,N/A , N/A , N/A,26,stable,0.4 ,-2.0, 3.0
"Branch County, Michigan(2)",26023,Rural,118.4 ,100, 139.4,N/A , N/A , N/A,34,stable,0.2 ,-1.4, 1.8
"Juneau Borough, Alaska(2)",02110,Rural,118.4 ,96.7, 143.8,N/A , N/A , N/A,22,stable,-1.4 ,-3.9, 1.0
"St. Lawrence County, New York(7)",36089,Rural,118.4 ,106.6, 131.2,N/A , N/A , N/A,83,stable,0.1 ,-1.1, 4.8
"Pasquotank County, North Carolina(2)",37139,Rural,118.4 ,99.8, 139.6,N/A , N/A , N/A,32,falling,-6.2 ,-14.9, -0.5
"Elbert County, Georgia(7)",13105,Rural,118.4 ,93.9, 147.9,N/A , N/A , N/A,18,stable,-11.2 ,-23.4, 1.9
"Putnam County, Tennessee(2)",47141,Rural,118.4 ,104.6, 133.5,N/A , N/A , N/A,58,stable,-0.4 ,-1.9, 1.0
"San Benito County, California(7)",06069,Urban,118.4 ,102.4, 136.1,N/A , N/A , N/A,41,stable,-0.2 ,-1.2, 1.1
"Perry County, Ohio(2)",39127,Urban,118.3 ,98.7, 140.9,N/A , N/A , N/A,28,stable,0.9 ,-1.5, 3.4
"Coffee County, Alabama(2)",01031,Rural,118.3 ,101.9, 136.6,N/A , N/A , N/A,40,stable,0.8 ,-0.9, 2.6
"Hendry County, Florida(2)",12051,Rural,118.3 ,97.3, 142.5,N/A , N/A , N/A,23,stable,2.3 ,-0.1, 5.0
"Montague County, Texas(7)",48337,Rural,118.3 ,93.1, 148.7,N/A , N/A , N/A,18,rising,6.9 ,3.9, 12.7
"Tioga County, Pennsylvania(2)",42117,Rural,118.2 ,99.8, 139.3,N/A , N/A , N/A,35,stable,-1.1 ,-3.5, 1.2
"Wayne County, Illinois(7)",17191,Rural,118.2 ,91, 151.7,N/A , N/A , N/A,15,stable,-0.7 ,-3.3, 2.0
"Livingston County, Illinois(7)",17105,Rural,118.1 ,98.7, 140.5,N/A , N/A , N/A,29,stable,0.0 ,-1.7, 1.8
"Catawba County, North Carolina(2)",37035,Urban,118.1 ,108.8, 128.1,N/A , N/A , N/A,129,stable,-0.1 ,-1.0, 0.8
"Vermillion County, Indiana(2)",18165,Urban,118.1 ,90.2, 152.9,N/A , N/A , N/A,13,stable,-1.0 ,-3.6, 1.5
"Bayfield County, Wisconsin(2)",55007,Rural,118.1 ,90.5, 153,N/A , N/A , N/A,17,rising,2.5 ,0.5, 5.0
"Greenup County, Kentucky(7)",21089,Urban,118.1 ,99.2, 139.8,N/A , N/A , N/A,31,stable,0.3 ,-1.0, 1.7
"Clarion County, Pennsylvania(2)",42031,Rural,118 ,98, 141.1,N/A , N/A , N/A,29,stable,0.9 ,-1.1, 2.8
"Bingham County, Idaho(7)",16011,Rural,118 ,99.2, 139.4,N/A , N/A , N/A,29,stable,1.1 ,-0.7, 3.2
"Calhoun County, Texas(7)",48057,Rural,118 ,91.7, 149.8,N/A , N/A , N/A,15,stable,0.1 ,-3.2, 3.8
"Genesee County, Michigan(2)",26049,Urban,118 ,112, 124.2,N/A , N/A , N/A,321,stable,0.0 ,-0.8, 0.8
"Itasca County, Minnesota(2)",27061,Rural,117.9 ,100.3, 138.1,N/A , N/A , N/A,39,stable,-0.1 ,-2.0, 1.6
"Garrett County, Maryland(2)",24023,Rural,117.9 ,97, 142.5,N/A , N/A , N/A,26,stable,-0.3 ,-2.1, 1.6
"Tripp County, South Dakota(2)",46123,Rural,117.9 ,69.5, 188.7,N/A , N/A , N/A,5,stable,-0.7 ,-5.6, 3.9
"Franklin County, Vermont(2)",50011,Urban,117.9 ,101.2, 136.9,N/A , N/A , N/A,38,stable,0.5 ,-1.1, 2.1
"Vigo County, Indiana(2)",18167,Urban,117.9 ,105.6, 131.3,N/A , N/A , N/A,76,stable,-0.6 ,-1.7, 0.4
"Monroe County, Tennessee(2)",47123,Rural,117.9 ,101.1, 137,N/A , N/A , N/A,40,stable,0.4 ,-1.5, 2.5
"Madison County, Montana(2)",30057,Rural,117.9 ,81.6, 168.2,N/A , N/A , N/A,9,stable,1.7 ,-2.8, 7.3
"Dodge County, Georgia(7)",13091,Rural,117.9 ,92.1, 149.2,N/A , N/A , N/A,16,stable,0.2 ,-1.8, 2.5
"Valencia County, New Mexico(7)",35061,Urban,117.9 ,104.3, 132.8,N/A , N/A , N/A,60,stable,0.3 ,-0.3, 1.0
"Van Buren County, Arkansas(2)",05141,Rural,117.9 ,88.9, 154.1,N/A , N/A , N/A,14,stable,1.1 ,-1.7, 4.0
"Carroll County, Iowa(7)",19027,Rural,117.8 ,93, 147.8,N/A , N/A , N/A,18,stable,-0.2 ,-1.5, 1.1
"Wasatch County, Utah(7)",49051,Rural,117.8 ,95.2, 144.3,N/A , N/A , N/A,20,stable,0.2 ,-1.3, 2.5
"Wayne County, West Virginia(2)",54099,Urban,117.8 ,99.7, 138.6,N/A , N/A , N/A,34,stable,0.0 ,-1.7, 1.7
"Kerr County, Texas(7)",48265,Rural,117.8 ,102.2, 135.3,N/A , N/A , N/A,54,stable,0.7 ,-0.5, 2.0
"Webster County, West Virginia(2)",54101,Rural,117.8 ,79.7, 169.7,N/A , N/A , N/A,7,stable,1.0 ,-3.4, 5.7
"Tipton County, Tennessee(2)",47167,Urban,117.7 ,102.3, 135,N/A , N/A , N/A,44,stable,0.6 ,-0.4, 1.8
"Williamsburg County, South Carolina(2)",45089,Rural,117.7 ,97.2, 141.7,N/A , N/A , N/A,27,stable,-0.2 ,-3.0, 2.5
"Pontotoc County, Oklahoma(2)",40123,Rural,117.7 ,98, 140.4,N/A , N/A , N/A,28,stable,-9.4 ,-23.1, 4.4
"Stone County, Arkansas(2)",05137,Rural,117.7 ,88.2, 155.9,N/A , N/A , N/A,13,stable,0.4 ,-1.4, 2.2
"Rabun County, Georgia(7)",13241,Rural,117.7 ,89.5, 152.9,N/A , N/A , N/A,16,stable,-1.3 ,-3.5, 0.9
"Montgomery County, Kentucky(7)",21173,Rural,117.7 ,95.8, 143.4,N/A , N/A , N/A,21,stable,-0.4 ,-2.2, 1.7
"Tattnall County, Georgia(7)",13267,Rural,117.7 ,91.5, 149.3,N/A , N/A , N/A,15,stable,0.0 ,-1.9, 2.2
"Westmoreland County, Pennsylvania(2)",42129,Urban,117.7 ,111.4, 124.2,N/A , N/A , N/A,321,falling,-7.8 ,-13.3, -2.1
"Lawrence County, Tennessee(2)",47099,Rural,117.7 ,99.9, 137.8,N/A , N/A , N/A,34,stable,0.9 ,-0.9, 2.7
"San Patricio County, Texas(7)",48409,Urban,117.7 ,102.7, 134.2,N/A , N/A , N/A,47,rising,1.6 ,0.3, 3.1
"Okmulgee County, Oklahoma(2)",40111,Urban,117.6 ,98.7, 139.4,N/A , N/A , N/A,30,rising,2.1 ,0.5, 3.7
"Aiken County, South Carolina(2)",45003,Urban,117.6 ,108.6, 127.2,N/A , N/A , N/A,142,stable,0.0 ,-1.0, 1.1
"Humboldt County, California(7)",06023,Rural,117.6 ,107.1, 129,N/A , N/A , N/A,103,stable,0.4 ,-1.1, 5.4
"Martin County, Kentucky(7)",21159,Rural,117.6 ,83.2, 162.8,N/A , N/A , N/A,8,stable,2.0 ,-0.8, 5.3
"Bates County, Missouri(2)",29013,Urban,117.6 ,89.1, 152.9,N/A , N/A , N/A,13,stable,1.9 ,-1.3, 5.5
"Jasper County, Texas(7)",48241,Rural,117.5 ,96.9, 141.4,N/A , N/A , N/A,26,stable,0.1 ,-1.6, 2.0
"Tehama County, California(7)",06103,Rural,117.5 ,103.1, 133.6,N/A , N/A , N/A,54,stable,-0.7 ,-1.6, 0.3
"Charles Mix County, South Dakota(2)",46023,Rural,117.5 ,76.6, 172.3,N/A , N/A , N/A,6,stable,-1.2 ,-6.4, 3.9
"McMinn County, Tennessee(2)",47107,Rural,117.5 ,101.8, 135.1,N/A , N/A , N/A,45,stable,0.7 ,-1.2, 2.7
"Warren County, Tennessee(2)",47177,Rural,117.4 ,99.1, 138.4,N/A , N/A , N/A,32,stable,0.7 ,-1.4, 2.9
"Box Butte County, Nebraska(2)",31013,Rural,117.4 ,80.9, 165,N/A , N/A , N/A,8,stable,-1.2 ,-4.2, 1.7
"Choctaw County, Mississippi(2)",28019,Rural,117.4 ,80.7, 167.1,N/A , N/A , N/A,7,stable,0.8 ,-2.9, 4.9
"Mineral County, West Virginia(2)",54057,Rural,117.4 ,95.4, 143.4,N/A , N/A , N/A,23,stable,-0.4 ,-2.2, 1.3
"Prince Edward County, Virginia(2)",51147,Rural,117.4 ,90.6, 150.1,N/A , N/A , N/A,15,stable,-0.1 ,-2.7, 2.6
"Braxton County, West Virginia(2)",54007,Rural,117.3 ,86.3, 157.4,N/A , N/A , N/A,12,rising,3.4 ,0.9, 6.3
"Todd County, Kentucky(7)",21219,Rural,117.3 ,82.6, 161.8,N/A , N/A , N/A,8,stable,2.5 ,-0.5, 6.2
"Scott County, Mississippi(2)",28123,Urban,117.3 ,94.5, 144.1,N/A , N/A , N/A,20,stable,1.7 ,-0.4, 3.8
"Barnwell County, South Carolina(2)",45011,Rural,117.3 ,92.7, 147,N/A , N/A , N/A,17,stable,0.6 ,-2.2, 3.5
"Beauregard Parish, Louisiana(7)",22011,Rural,117.3 ,97.3, 140.3,N/A , N/A , N/A,26,stable,0.5 ,-0.9, 1.9
"Ashland County, Ohio(2)",39005,Rural,117.3 ,100.8, 135.8,N/A , N/A , N/A,42,stable,0.6 ,-1.4, 2.6
"Clark County, Illinois(7)",17023,Rural,117.3 ,86.6, 155.5,N/A , N/A , N/A,11,stable,-0.2 ,-3.3, 2.9
"Runnels County, Texas(7)",48399,Rural,117.3 ,82.9, 162.5,N/A , N/A , N/A,8,stable,1.2 ,-1.9, 4.6
"Floyd County, Iowa(7)",19067,Rural,117.3 ,87.8, 153.9,N/A , N/A , N/A,13,stable,-0.6 ,-2.3, 1.2
"Grant County, South Dakota(2)",46051,Rural,117.2 ,76.3, 174.1,N/A , N/A , N/A,6,stable,0.1 ,-3.2, 3.4
"Polk County, Missouri(2)",29167,Urban,117.2 ,95.4, 142.5,N/A , N/A , N/A,23,stable,0.1 ,-2.4, 2.6
"Mercer County, West Virginia(2)",54055,Rural,117.2 ,102.3, 133.8,N/A , N/A , N/A,52,stable,0.8 ,-0.6, 2.3
"Jones County, Texas(7)",48253,Urban,117.1 ,85.7, 156.6,N/A , N/A , N/A,11,stable,0.0 ,-2.7, 2.7
"Campbell County, Tennessee(2)",47013,Urban,117.1 ,99.5, 137.4,N/A , N/A , N/A,35,stable,0.2 ,-1.6, 2.0
"Pulaski County, Kentucky(7)",21199,Rural,117.1 ,102.9, 132.9,N/A , N/A , N/A,54,stable,-2.9 ,-8.3, 0.1
"Switzerland County, Indiana(2)",18155,Rural,117.1 ,82.7, 162.6,N/A , N/A , N/A,8,stable,1.9 ,-2.0, 6.6
"Plumas County, California(7)",06063,Rural,117 ,89.5, 150.9,N/A , N/A , N/A,18,stable,-0.3 ,-2.2, 1.6
"Kosciusko County, Indiana(2)",18085,Rural,117 ,103.2, 132.2,N/A , N/A , N/A,58,stable,-11.9 ,-25.9, 2.2
"Coshocton County, Ohio(2)",39031,Rural,116.9 ,97.9, 138.9,N/A , N/A , N/A,30,stable,0.5 ,-1.4, 2.4
"Union County, Illinois(7)",17181,Rural,116.9 ,89.8, 150.3,N/A , N/A , N/A,15,stable,1.3 ,-0.8, 3.7
"Nolan County, Texas(7)",48353,Rural,116.9 ,86.2, 155.3,N/A , N/A , N/A,11,stable,-0.5 ,-4.3, 3.5
"Marshall County, Iowa(7)",19127,Rural,116.9 ,98.1, 138.4,N/A , N/A , N/A,30,stable,-0.4 ,-1.5, 0.7
"Perry County, Pennsylvania(2)",42099,Urban,116.9 ,100.1, 136,N/A , N/A , N/A,38,stable,-0.7 ,-2.2, 0.8
"Menifee County, Kentucky(7)",21165,Rural,116.9 ,71.6, 181.8,N/A , N/A , N/A,5,stable,0.5 ,-3.2, 4.4
"Walker County, Georgia(7)",13295,Urban,116.8 ,102.9, 132.3,N/A , N/A , N/A,55,stable,1.8 ,0.0, 9.5
"Live Oak County, Texas(7)",48297,Rural,116.8 ,78.6, 167.3,N/A , N/A , N/A,7,stable,1.5 ,-1.3, 4.7
"Henry County, Ohio(2)",39069,Rural,116.8 ,95, 142.4,N/A , N/A , N/A,22,stable,1.4 ,0.0, 3.0
"Walton County, Florida(2)",12131,Urban,116.7 ,103.2, 131.7,N/A , N/A , N/A,62,stable,-0.1 ,-1.8, 1.9
"Henderson County, Tennessee(2)",47077,Rural,116.7 ,95.1, 142.1,N/A , N/A , N/A,22,stable,-0.5 ,-2.9, 1.9
"Adams County, Pennsylvania(2)",42001,Urban,116.7 ,105.1, 129.3,N/A , N/A , N/A,87,stable,-0.5 ,-1.8, 0.8
"Pike County, Kentucky(7)",21195,Rural,116.7 ,101.8, 133.2,N/A , N/A , N/A,49,stable,-0.4 ,-1.9, 1.2
"Marion County, Arkansas(2)",05089,Rural,116.7 ,89.3, 150.8,N/A , N/A , N/A,18,stable,0.8 ,-2.4, 4.1
"Bamberg County, South Carolina(2)",45009,Rural,116.6 ,88.2, 152.8,N/A , N/A , N/A,13,stable,-0.3 ,-2.1, 1.4
"Miami-Dade County, Florida(2)",12086,Urban,116.6 ,114.3, 118.9,N/A , N/A , N/A,2056,rising,0.7 ,0.3, 1.6
"Bastrop County, Texas(7)",48021,Urban,116.5 ,103.7, 130.6,N/A , N/A , N/A,65,stable,0.2 ,-0.8, 1.5
"Jefferson County, Illinois(7)",17081,Rural,116.5 ,96.8, 139.2,N/A , N/A , N/A,28,stable,0.1 ,-1.5, 1.8
"Rockcastle County, Kentucky(7)",21203,Rural,116.5 ,88, 151.9,N/A , N/A , N/A,13,stable,1.3 ,-0.7, 3.5
"Gentry County, Missouri(2)",29075,Rural,116.5 ,72.5, 178.6,N/A , N/A , N/A,5,stable,0.1 ,-4.1, 4.6
"Yuma County, Arizona(2)",04027,Urban,116.5 ,107.4, 126.1,N/A , N/A , N/A,140,rising,8.4 ,3.5, 14.2
"Orleans County, Vermont(2)",50019,Rural,116.4 ,94.5, 142.4,N/A , N/A , N/A,23,stable,0.5 ,-2.2, 3.4
"Manassas City, Virginia(2)",51683,Urban,116.4 ,95.4, 140.6,N/A , N/A , N/A,23,stable,-0.4 ,-2.6, 1.9
"Morgan County, Georgia(7)",13211,Urban,116.4 ,92, 145.8,N/A , N/A , N/A,17,stable,0.8 ,-0.6, 2.5
"Rappahannock County, Virginia(2)",51157,Urban,116.4 ,74.3, 176.1,N/A , N/A , N/A,7,falling,-3.6 ,-5.9, -1.4
"Greene County, Illinois(7)",17061,Rural,116.4 ,83.5, 158.7,N/A , N/A , N/A,10,stable,2.1 ,-1.0, 5.8
"Monroe County, Iowa(7)",19135,Rural,116.4 ,76.7, 170.7,N/A , N/A , N/A,6,stable,0.2 ,-2.1, 2.6
"Citrus County, Florida(2)",12017,Urban,116.4 ,107.3, 126.2,N/A , N/A , N/A,186,stable,0.6 ,-0.3, 1.5
"Brooke County, West Virginia(2)",54009,Urban,116.4 ,94, 143.4,N/A , N/A , N/A,22,stable,0.5 ,-2.5, 3.6
"Avoyelles Parish, Louisiana(7)",22009,Rural,116.3 ,97.6, 137.8,N/A , N/A , N/A,30,stable,0.9 ,-1.1, 3.1
"Antrim County, Michigan(2)",26009,Rural,116.3 ,93.5, 143.9,N/A , N/A , N/A,23,stable,-0.5 ,-3.6, 2.5
"Woodbury County, Iowa(7)",19193,Urban,116.3 ,104.2, 129.4,N/A , N/A , N/A,72,stable,-0.5 ,-1.1, 0.2
"Sandusky County, Ohio(2)",39143,Rural,116.3 ,100.9, 133.5,N/A , N/A , N/A,47,stable,0.8 ,-0.8, 2.5
"Ware County, Georgia(7)",13299,Rural,116.2 ,96.6, 138.9,N/A , N/A , N/A,27,stable,0.0 ,-1.4, 1.6
"Aroostook County, Maine(2)",23003,Rural,116.2 ,102.2, 131.7,N/A , N/A , N/A,61,stable,0.0 ,-1.2, 1.2
"Franklin County, Arkansas(2)",05047,Rural,116.2 ,90, 148.5,N/A , N/A , N/A,15,stable,0.8 ,-2.6, 4.6
"Arkansas County, Arkansas(2)",05001,Rural,116.1 ,89.1, 149.3,N/A , N/A , N/A,14,stable,-0.4 ,-3.5, 2.6
"Etowah County, Alabama(2)",01055,Urban,116.1 ,104.7, 128.5,N/A , N/A , N/A,84,stable,0.1 ,-0.9, 1.2
"Gonzales County, Texas(7)",48177,Rural,116.1 ,88.8, 149.3,N/A , N/A , N/A,13,rising,3.5 ,0.2, 17.4
"Goodhue County, Minnesota(2)",27049,Rural,116.1 ,99.1, 135.4,N/A , N/A , N/A,38,stable,-0.5 ,-1.2, 0.3
"Choctaw County, Oklahoma(2)",40023,Rural,116.1 ,86.2, 153.5,N/A , N/A , N/A,12,stable,-1.3 ,-3.8, 0.9
"Long County, Georgia(7)",13183,Urban,116 ,84.2, 155.9,N/A , N/A , N/A,9,stable,2.2 ,-0.5, 6.3
"York County, Nebraska(2)",31185,Rural,116 ,84.9, 155.1,N/A , N/A , N/A,11,stable,-1.7 ,-4.8, 1.2
"Tillman County, Oklahoma(2)",40141,Rural,116 ,73.3, 175.5,N/A , N/A , N/A,5,stable,0.1 ,-4.7, 4.6
"Carson City, Nevada(2)",32510,Urban,115.9 ,100.5, 133.3,N/A , N/A , N/A,47,stable,0.0 ,-1.1, 1.0
"Marshall County, Indiana(2)",18099,Rural,115.9 ,98.6, 135.6,N/A , N/A , N/A,35,stable,-0.8 ,-2.4, 0.8
"Kewaunee County, Wisconsin(2)",55061,Urban,115.9 ,91, 146.2,N/A , N/A , N/A,17,stable,-10.0 ,-28.8, 5.5
"Calhoun County, Alabama(2)",01015,Urban,115.9 ,104.9, 127.7,N/A , N/A , N/A,91,stable,0.5 ,-0.2, 1.2
"Crittenden County, Arkansas(2)",05035,Urban,115.8 ,98.1, 135.8,N/A , N/A , N/A,32,stable,1.4 ,-1.0, 4.1
"Pettis County, Missouri(2)",29159,Rural,115.8 ,97.9, 136.2,N/A , N/A , N/A,32,stable,-0.5 ,-2.1, 1.1
"Richardson County, Nebraska(2)",31147,Rural,115.7 ,77.1, 169.1,N/A , N/A , N/A,7,stable,-0.3 ,-4.1, 3.3
"Suffolk County, Massachusetts(2)",25025,Urban,115.7 ,111, 120.6,N/A , N/A , N/A,481,stable,-0.6 ,-1.3, 0.1
"Wright County, Missouri(2)",29229,Rural,115.7 ,90, 147.1,N/A , N/A , N/A,15,stable,-0.5 ,-2.8, 1.8
"Moffat County, Colorado(2)",08081,Rural,115.7 ,81.6, 159.4,N/A , N/A , N/A,8,stable,-2.1 ,-6.0, 1.5
"Carter County, Tennessee(2)",47019,Urban,115.7 ,100.7, 132.5,N/A , N/A , N/A,49,stable,0.9 ,-0.9, 2.7
"Irwin County, Georgia(7)",13155,Rural,115.7 ,78.4, 165.2,N/A , N/A , N/A,7,stable,0.0 ,-2.9, 3.1
"Monterey County, California(7)",06053,Urban,115.7 ,109.5, 122.2,N/A , N/A , N/A,272,stable,0.5 ,-0.2, 1.9
"Hancock County, Illinois(7)",17067,Rural,115.7 ,88.9, 148.6,N/A , N/A , N/A,15,stable,0.7 ,-1.6, 3.0
"Fluvanna County, Virginia(2)",51065,Urban,115.7 ,94.6, 140.5,N/A , N/A , N/A,23,stable,0.1 ,-1.6, 1.9
"Phillips County, Arkansas(2)",05107,Rural,115.7 ,88.4, 149.2,N/A , N/A , N/A,14,stable,0.1 ,-3.1, 3.1
"Androscoggin County, Maine(2)",23001,Urban,115.6 ,104.4, 127.8,N/A , N/A , N/A,87,stable,-0.2 ,-1.3, 1.0
"Watauga County, North Carolina(2)",37189,Rural,115.6 ,97.9, 135.8,N/A , N/A , N/A,35,stable,-0.5 ,-2.2, 1.4
"McDuffie County, Georgia(7)",13189,Urban,115.6 ,91.5, 144.3,N/A , N/A , N/A,18,stable,-1.3 ,-3.3, 0.9
"El Paso County, Texas(7)",48141,Urban,115.5 ,111.1, 120.1,N/A , N/A , N/A,527,rising,1.4 ,0.8, 2.4
"Shelby County, Iowa(7)",19165,Rural,115.5 ,84.5, 155.4,N/A , N/A , N/A,11,stable,-0.1 ,-7.1, 1.5
"Hutchinson County, Texas(7)",48233,Rural,115.5 ,89.2, 147.3,N/A , N/A , N/A,14,stable,1.7 ,-1.1, 4.9
"Stoddard County, Missouri(2)",29207,Rural,115.4 ,94.4, 140.1,N/A , N/A , N/A,24,stable,0.0 ,-2.8, 2.7
"Powell County, Kentucky(7)",21197,Rural,115.4 ,83.7, 155.9,N/A , N/A , N/A,9,stable,-0.4 ,-3.2, 2.5
"Aitkin County, Minnesota(2)",27001,Rural,115.4 ,87.8, 150.8,N/A , N/A , N/A,17,stable,-1.9 ,-3.9, 0.0
"Limestone County, Alabama(2)",01083,Urban,115.4 ,103.8, 128.1,N/A , N/A , N/A,75,stable,0.6 ,-1.3, 2.9
"Iowa County, Wisconsin(2)",55049,Urban,115.4 ,91.4, 144.2,N/A , N/A , N/A,18,stable,1.4 ,-1.1, 4.3
"Robertson County, Tennessee(2)",47147,Urban,115.4 ,101.4, 130.9,N/A , N/A , N/A,52,stable,-0.3 ,-1.7, 1.2
"Douglas County, Oregon(2)",41019,Rural,115.4 ,104.4, 127.3,N/A , N/A , N/A,101,stable,0.1 ,-0.9, 1.2
"Breckinridge County, Kentucky(7)",21027,Rural,115.4 ,90.4, 145.6,N/A , N/A , N/A,17,stable,18.1 ,0.0, 32.2
"Fresno County, California(7)",06019,Urban,115.3 ,111.1, 119.6,N/A , N/A , N/A,590,stable,0.4 ,-0.3, 3.3
"Garfield County, Oklahoma(2)",40047,Urban,115.3 ,99.5, 132.9,N/A , N/A , N/A,42,stable,0.0 ,-1.7, 1.6
"Swift County, Minnesota(2)",27151,Rural,115.2 ,80.7, 161.1,N/A , N/A , N/A,9,falling,-3.0 ,-5.8, -0.5
"Pope County, Arkansas(2)",05115,Rural,115.2 ,100, 132.2,N/A , N/A , N/A,44,stable,0.9 ,-1.2, 8.1
"Tyler County, Texas(7)",48457,Rural,115.2 ,88.2, 148.4,N/A , N/A , N/A,15,stable,0.7 ,-1.5, 3.0
"Murray County, Oklahoma(2)",40099,Rural,115.2 ,83.9, 154.9,N/A , N/A , N/A,10,stable,1.8 ,-0.9, 4.7
"Montcalm County, Michigan(2)",26117,Urban,115.2 ,100.3, 131.7,N/A , N/A , N/A,48,stable,-1.2 ,-3.1, 0.7
"Jefferson County, Tennessee(2)",47089,Urban,115.2 ,99.9, 132.4,N/A , N/A , N/A,46,falling,-11.9 ,-19.4, -2.8
"Marion County, Kentucky(7)",21155,Rural,115.2 ,88.3, 147.9,N/A , N/A , N/A,13,falling,-1.6 ,-3.2, -0.1
"Grant County, Washington(2)",53025,Rural,115.1 ,102.2, 129.3,N/A , N/A , N/A,60,stable,0.1 ,-1.5, 1.9
"Blount County, Alabama(2)",01009,Urban,115.1 ,99.9, 132.2,N/A , N/A , N/A,45,stable,1.2 ,-0.8, 3.4
"Beckham County, Oklahoma(2)",40009,Rural,115.1 ,88.1, 147.8,N/A , N/A , N/A,14,stable,-0.9 ,-3.6, 1.7
"Tooele County, Utah(7)",49045,Urban,115 ,98.6, 133.4,N/A , N/A , N/A,36,stable,-0.3 ,-1.2, 0.9
"San Joaquin County, California(7)",06077,Urban,115 ,110.4, 119.8,N/A , N/A , N/A,482,stable,-0.1 ,-0.5, 0.4
"Fayette County, Illinois(7)",17051,Rural,115 ,89.9, 145.5,N/A , N/A , N/A,16,stable,-0.6 ,-2.2, 1.0
"Lumpkin County, Georgia(7)",13187,Urban,115 ,94.6, 138.8,N/A , N/A , N/A,25,stable,11.9 ,-3.6, 25.0
"Adams County, Ohio(2)",39001,Rural,115 ,93.4, 140.4,N/A , N/A , N/A,21,stable,-0.4 ,-2.4, 1.7
"Coryell County, Texas(7)",48099,Urban,115 ,100.3, 131.1,N/A , N/A , N/A,45,stable,0.1 ,-1.3, 1.9
"Jeff Davis County, Georgia(7)",13161,Rural,114.9 ,84.5, 153.1,N/A , N/A , N/A,10,stable,0.6 ,-1.4, 2.9
"Burnet County, Texas(7)",48053,Rural,114.9 ,98.6, 133.3,N/A , N/A , N/A,43,stable,1.7 ,-0.1, 5.8
"Benton County, Minnesota(2)",27009,Urban,114.9 ,95.6, 137,N/A , N/A , N/A,26,stable,-0.4 ,-1.9, 1.2
"Polk County, Nebraska(2)",31143,Rural,114.8 ,67.5, 185.3,N/A , N/A , N/A,4,falling,-4.1 ,-25.2, -0.7
"San Bernardino County, California(7)",06071,Urban,114.8 ,112, 117.7,N/A , N/A , N/A,1312,stable,0.2 ,-0.3, 1.8
"Rowan County, Kentucky(7)",21205,Rural,114.8 ,90.6, 143.8,N/A , N/A , N/A,16,stable,-0.6 ,-2.7, 1.6
"Polk County, Georgia(7)",13233,Rural,114.8 ,96.7, 135.4,N/A , N/A , N/A,30,stable,0.4 ,-1.2, 2.1
"Clinton County, New York(7)",36019,Rural,114.7 ,101.3, 129.5,N/A , N/A , N/A,59,stable,-0.1 ,-1.2, 1.1
"Las Animas County, Colorado(2)",08071,Rural,114.7 ,83.5, 154.6,N/A , N/A , N/A,11,rising,4.3 ,1.6, 7.5
"Colbert County, Alabama(2)",01033,Urban,114.7 ,99.7, 131.5,N/A , N/A , N/A,47,stable,0.1 ,-1.7, 1.8
"Calcasieu Parish, Louisiana(7)",22019,Urban,114.7 ,106.2, 123.7,N/A , N/A , N/A,144,stable,0.1 ,-0.5, 1.9
"Muscatine County, Iowa(7)",19139,Rural,114.7 ,96.4, 135.5,N/A , N/A , N/A,30,stable,-0.1 ,-1.2, 1.0
"Phelps County, Nebraska(2)",31137,Rural,114.7 ,78.1, 163.6,N/A , N/A , N/A,7,stable,-0.5 ,-6.2, 5.4
"Siskiyou County, California(7)",06093,Rural,114.6 ,97.1, 134.6,N/A , N/A , N/A,40,stable,0.1 ,-1.8, 1.9
"Washington County, Indiana(2)",18175,Urban,114.6 ,92.5, 140.7,N/A , N/A , N/A,21,stable,0.2 ,-2.4, 3.0
"Winston County, Alabama(2)",01133,Rural,114.6 ,91.4, 142.4,N/A , N/A , N/A,20,stable,0.0 ,-3.2, 3.1
"Miller County, Georgia(7)",13201,Rural,114.6 ,69.9, 178.3,N/A , N/A , N/A,5,stable,-0.9 ,-4.4, 2.8
"Mercer County, Kentucky(7)",21167,Rural,114.6 ,91.4, 142.4,N/A , N/A , N/A,19,stable,0.7 ,-0.7, 2.3
"Manistee County, Michigan(2)",26101,Rural,114.6 ,91.7, 142.2,N/A , N/A , N/A,23,stable,-0.4 ,-2.7, 1.9
"Winn Parish, Louisiana(7)",22127,Rural,114.6 ,83.2, 154.5,N/A , N/A , N/A,10,stable,0.4 ,-2.7, 3.6
"Riverside County, California(7)",06065,Urban,114.5 ,112, 117.1,N/A , N/A , N/A,1593,stable,-0.1 ,-1.1, 1.2
"Lincoln County, West Virginia(2)",54043,Rural,114.4 ,89.5, 144.7,N/A , N/A , N/A,16,stable,18.3 ,-0.7, 34.6
"Sullivan County, New York(7)",36105,Rural,114.4 ,100.5, 129.8,N/A , N/A , N/A,56,stable,-0.7 ,-1.9, 0.6
"Midland County, Texas(7)",48329,Urban,114.4 ,103.8, 125.7,N/A , N/A , N/A,89,stable,-0.2 ,-1.4, 1.1
"Jackson Parish, Louisiana(7)",22049,Rural,114.3 ,85.8, 150.1,N/A , N/A , N/A,12,stable,0.8 ,-1.0, 2.8
"Coffee County, Tennessee(2)",47031,Rural,114.3 ,99.3, 131.2,N/A , N/A , N/A,44,stable,1.1 ,-0.4, 2.9
"Cassia County, Idaho(7)",16031,Rural,114.3 ,89, 144.6,N/A , N/A , N/A,15,stable,2.0 ,-0.2, 4.8
"Cherry County, Nebraska(2)",31031,Rural,114.3 ,69, 180.9,N/A , N/A , N/A,4,stable,-0.4 ,-4.7, 3.9
"Newton County, Mississippi(2)",28101,Rural,114.3 ,89.4, 144.1,N/A , N/A , N/A,16,stable,0.7 ,-1.6, 3.1
"Thurston County, Nebraska(2)",31173,Rural,114.2 ,69.9, 177.1,N/A , N/A , N/A,4,stable,-18.0 ,-40.4, 0.2
"Harrison County, Mississippi(2)",28047,Urban,114.2 ,105.8, 123.1,N/A , N/A , N/A,147,stable,-0.4 ,-2.6, 0.6
"Clinton County, Indiana(2)",18023,Rural,114.2 ,93.6, 138.1,N/A , N/A , N/A,23,stable,-0.3 ,-2.2, 1.7
"Alamosa County, Colorado(2)",08003,Rural,114.2 ,83.5, 152.4,N/A , N/A , N/A,10,stable,1.4 ,-1.0, 4.0
"Ozark County, Missouri(2)",29153,Rural,114.2 ,78.3, 163.8,N/A , N/A , N/A,8,rising,17.9 ,0.8, 53.1
"Grays Harbor County, Washington(7)",53027,Rural,114.2 ,101.1, 128.6,N/A , N/A , N/A,66,stable,-0.6 ,-1.4, 0.2
"Livingston Parish, Louisiana(7)",22063,Urban,114.1 ,103.7, 125.4,N/A , N/A , N/A,91,stable,-0.3 ,-1.0, 0.6
"Tate County, Mississippi(2)",28137,Urban,114.1 ,92, 140.1,N/A , N/A , N/A,20,stable,-0.3 ,-2.2, 1.7
"Wexford County, Michigan(2)",26165,Rural,114.1 ,94.5, 136.9,N/A , N/A , N/A,27,stable,0.8 ,-1.1, 3.0
"McDonough County, Illinois(7)",17109,Rural,114.1 ,91.1, 141.4,N/A , N/A , N/A,20,stable,1.3 ,-0.4, 3.1
"Rusk County, Texas(7)",48401,Urban,114.1 ,97.5, 132.8,N/A , N/A , N/A,37,stable,0.2 ,-0.9, 1.4
"Ouray County, Colorado(2)",08091,Rural,114.1 ,65.1, 191.8,N/A , N/A , N/A,4,stable,-0.7 ,-5.2, 3.8
"Liberty County, Texas(7)",48291,Urban,114 ,100.7, 128.6,N/A , N/A , N/A,55,stable,0.3 ,-0.9, 1.6
"Lauderdale County, Tennessee(2)",47097,Rural,113.9 ,90.8, 141.5,N/A , N/A , N/A,18,stable,2.5 ,-3.6, 16.2
"Clark County, Indiana(2)",18019,Urban,113.9 ,103.2, 125.5,N/A , N/A , N/A,89,falling,-8.6 ,-16.2, -0.9
"Highland County, Ohio(2)",39071,Rural,113.9 ,96.6, 133.5,N/A , N/A , N/A,34,stable,0.8 ,-0.5, 2.2
"Adair County, Kentucky(7)",21001,Rural,113.8 ,87.5, 146.1,N/A , N/A , N/A,14,stable,1.4 ,-1.2, 4.7
"Grand Traverse County, Michigan(2)",26055,Urban,113.8 ,102, 126.8,N/A , N/A , N/A,78,stable,-0.5 ,-1.5, 0.5
"Randolph County, Georgia(7)",13243,Rural,113.8 ,69.2, 177,N/A , N/A , N/A,5,stable,-1.1 ,-4.6, 2.2
"Bronx County, New York(7)",36005,Urban,113.8 ,110.6, 117.1,N/A , N/A , N/A,970,rising,0.7 ,0.2, 2.0
"Carroll County, Illinois(7)",17015,Rural,113.8 ,83.9, 151.5,N/A , N/A , N/A,12,stable,0.5 ,-2.7, 3.7
"Howell County, Missouri(2)",29091,Rural,113.7 ,95.8, 134.3,N/A , N/A , N/A,32,rising,2.5 ,0.2, 10.8
"Hamblen County, Tennessee(2)",47063,Urban,113.7 ,99.4, 129.7,N/A , N/A , N/A,49,stable,0.2 ,-0.9, 1.3
"Lafayette County, Arkansas(2)",05073,Rural,113.7 ,72.4, 173.1,N/A , N/A , N/A,6,stable,0.0 ,-4.7, 4.7
"Crawford County, Pennsylvania(2)",42039,Rural,113.7 ,101.4, 127.2,N/A , N/A , N/A,71,stable,0.1 ,-1.0, 1.3
"Knox County, Ohio(2)",39083,Rural,113.6 ,98.4, 130.5,N/A , N/A , N/A,46,stable,-0.3 ,-2.2, 1.6
"Orange County, Texas(7)",48361,Urban,113.6 ,100.5, 128,N/A , N/A , N/A,58,stable,-0.5 ,-1.8, 0.8
"Calhoun County, Arkansas(2)",05013,Rural,113.6 ,69.8, 180.7,N/A , N/A , N/A,4,*,*,*,*
"Daviess County, Missouri(2)",29061,Rural,113.5 ,74.8, 166.1,N/A , N/A , N/A,6,falling,-8.3 ,-19.0, -2.9
"Plaquemines Parish, Louisiana(7)",22075,Urban,113.5 ,88.5, 143.6,N/A , N/A , N/A,15,stable,0.2 ,-1.3, 1.7
"Weber County, Utah(7)",49057,Urban,113.5 ,105.2, 122.2,N/A , N/A , N/A,145,rising,3.0 ,0.1, 8.1
"Lenawee County, Michigan(2)",26091,Rural,113.5 ,101.8, 126.2,N/A , N/A , N/A,78,stable,0.5 ,-0.7, 1.8
"Carroll County, Georgia(7)",13045,Urban,113.4 ,102.3, 125.5,N/A , N/A , N/A,79,stable,-0.1 ,-1.4, 1.5
"Crook County, Wyoming(2)",56011,Rural,113.4 ,75.1, 167.2,N/A , N/A , N/A,6,stable,1.2 ,-2.8, 5.7
"Kimble County, Texas(7)",48267,Rural,113.4 ,59.6, 197.6,N/A , N/A , N/A,4,*,*,*,*
"Charlotte County, Florida(2)",12015,Urban,113.3 ,104.5, 122.8,N/A , N/A , N/A,212,stable,0.4 ,-0.4, 1.3
"Butler County, Pennsylvania(2)",42019,Urban,113.3 ,104.8, 122.3,N/A , N/A , N/A,150,falling,-5.1 ,-10.8, -1.5
"Nicholas County, Kentucky(7)",21181,Rural,113.2 ,74.6, 166.4,N/A , N/A , N/A,6,stable,0.2 ,-3.2, 4.2
"Jefferson County, Oklahoma(2)",40067,Rural,113.2 ,63.9, 186.1,N/A , N/A , N/A,4,stable,-1.5 ,-5.8, 2.4
"Beaverhead County, Montana(2)",30001,Rural,113.1 ,76.2, 163,N/A , N/A , N/A,7,stable,-0.5 ,-3.1, 2.2
"Newaygo County, Michigan(2)",26123,Rural,113.1 ,96.9, 131.5,N/A , N/A , N/A,39,stable,-0.6 ,-3.0, 2.0
"Crockett County, Tennessee(2)",47033,Urban,113.1 ,83.1, 150.8,N/A , N/A , N/A,11,stable,-0.4 ,-3.6, 2.6
"Morehouse Parish, Louisiana(7)",22067,Urban,113.1 ,90.3, 140.1,N/A , N/A , N/A,19,stable,1.1 ,-0.2, 2.4
"Carbon County, Pennsylvania(2)",42025,Urban,113 ,99.3, 128.4,N/A , N/A , N/A,56,stable,0.6 ,-1.0, 2.3
"Sanilac County, Michigan(2)",26151,Rural,113 ,94.7, 134.1,N/A , N/A , N/A,33,stable,0.8 ,-0.9, 2.5
"Saline County, Missouri(2)",29195,Rural,113 ,88.7, 142.2,N/A , N/A , N/A,17,stable,-0.1 ,-1.7, 1.6
"Bandera County, Texas(7)",48019,Urban,113 ,90.6, 140.5,N/A , N/A , N/A,23,stable,1.6 ,-0.5, 4.3
"Nelson County, Virginia(2)",51125,Urban,113 ,86.1, 147.1,N/A , N/A , N/A,16,stable,-0.2 ,-2.6, 2.5
"Carter County, Oklahoma(2)",40019,Rural,112.9 ,96.1, 132,N/A , N/A , N/A,35,stable,0.7 ,-1.0, 2.5
"Prairie County, Arkansas(2)",05117,Rural,112.9 ,74.7, 165.5,N/A , N/A , N/A,7,stable,-1.0 ,-6.3, 4.1
"Marlboro County, South Carolina(2)",45069,Rural,112.9 ,91, 139.1,N/A , N/A , N/A,21,stable,-0.4 ,-2.4, 1.6
"Benton County, Missouri(2)",29015,Rural,112.9 ,87.9, 144,N/A , N/A , N/A,19,stable,0.2 ,-2.1, 2.4
"Fayette County, West Virginia(2)",54019,Urban,112.8 ,94.6, 133.8,N/A , N/A , N/A,32,stable,0.5 ,-0.8, 1.8
"Leon County, Texas(7)",48289,Rural,112.8 ,85.2, 147.3,N/A , N/A , N/A,14,stable,0.6 ,-1.6, 3.1
"Lamb County, Texas(7)",48279,Rural,112.8 ,78.6, 156.5,N/A , N/A , N/A,8,stable,-1.9 ,-4.2, 0.2
"Coconino County, Arizona(2)",04005,Urban,112.8 ,101.8, 124.7,N/A , N/A , N/A,84,stable,0.3 ,-1.1, 1.8
"Garfield County, Colorado(2)",08045,Rural,112.8 ,96.7, 130.8,N/A , N/A , N/A,38,stable,-0.7 ,-2.5, 1.1
"Bailey County, Texas(7)",48017,Rural,112.6 ,67.8, 175.7,N/A , N/A , N/A,4,*,*,*,*
"Monroe County, Florida(2)",12087,Rural,112.6 ,99.9, 126.6,N/A , N/A , N/A,67,stable,8.7 ,-0.6, 15.6
"Nemaha County, Nebraska(2)",31127,Rural,112.6 ,72.7, 168.4,N/A , N/A , N/A,6,*,*,*,*
"Hardin County, Tennessee(2)",47071,Rural,112.5 ,91.4, 137.6,N/A , N/A , N/A,23,stable,-0.2 ,-2.5, 2.0
"Sullivan County, Missouri(2)",29211,Rural,112.5 ,69.1, 175.3,N/A , N/A , N/A,5,stable,0.1 ,-3.8, 4.2
"Concordia Parish, Louisiana(7)",22029,Rural,112.5 ,86.6, 144.2,N/A , N/A , N/A,15,rising,2.5 ,0.1, 5.3
"Stephenson County, Illinois(7)",17177,Rural,112.5 ,95.7, 131.7,N/A , N/A , N/A,39,stable,0.7 ,-0.9, 2.3
"Marquette County, Michigan(2)",26103,Rural,112.5 ,97.7, 129.1,N/A , N/A , N/A,48,stable,-0.6 ,-2.0, 0.8
"Mendocino County, California(7)",06045,Rural,112.4 ,100.3, 125.7,N/A , N/A , N/A,75,stable,-0.8 ,-1.8, 0.1
"Colleton County, South Carolina(2)",45029,Rural,112.4 ,94.3, 133.2,N/A , N/A , N/A,31,stable,0.2 ,-2.2, 2.7
"Logan County, Kentucky(7)",21141,Rural,112.4 ,90.3, 138.4,N/A , N/A , N/A,20,stable,-0.5 ,-2.9, 2.0
"Union County, Mississippi(2)",28145,Rural,112.4 ,90.4, 138.4,N/A , N/A , N/A,19,stable,0.7 ,-2.4, 4.0
"Alcorn County, Mississippi(2)",28003,Rural,112.4 ,92.8, 135.1,N/A , N/A , N/A,26,stable,-0.7 ,-20.8, 3.6
"McIntosh County, Oklahoma(2)",40091,Rural,112.4 ,88.3, 141.9,N/A , N/A , N/A,18,stable,0.4 ,-3.0, 3.8
"Fayette County, Pennsylvania(2)",42051,Urban,112.3 ,102.3, 123.1,N/A , N/A , N/A,107,stable,0.5 ,-0.6, 1.5
"Webster County, Mississippi(2)",28155,Rural,112.3 ,77.5, 158.1,N/A , N/A , N/A,8,stable,0.5 ,-3.5, 4.8
"Crawford County, Michigan(2)",26039,Rural,112.2 ,81.9, 151.6,N/A , N/A , N/A,11,stable,0.1 ,-3.8, 4.4
"Reynolds County, Missouri(2)",29179,Rural,112.2 ,68.8, 175.7,N/A , N/A , N/A,5,stable,-1.3 ,-6.7, 3.9
"Childress County, Texas(7)",48075,Rural,112.2 ,67.2, 177.5,N/A , N/A , N/A,4,stable,0.1 ,-3.7, 4.1
"Klickitat County, Washington(2)",53039,Rural,112.2 ,89.5, 139.7,N/A , N/A , N/A,20,stable,0.2 ,-2.0, 2.5
"Dukes County, Massachusetts(2)",25007,Rural,112.2 ,88, 141.7,N/A , N/A , N/A,18,stable,-1.9 ,-5.2, 1.4
"Deaf Smith County, Texas(7)",48117,Rural,112.2 ,82.9, 148.1,N/A , N/A , N/A,10,stable,0.1 ,-2.8, 3.1
"Putnam County, Florida(2)",12107,Rural,112.2 ,98.7, 127,N/A , N/A , N/A,62,stable,-0.5 ,-1.6, 0.6
"Box Elder County, Utah(7)",49003,Rural,112.1 ,95.1, 131.3,N/A , N/A , N/A,32,stable,-0.5 ,-1.4, 0.6
"Monroe County, Arkansas(2)",05095,Rural,112.1 ,73.8, 166,N/A , N/A , N/A,6,stable,2.3 ,-0.7, 5.4
"Trigg County, Kentucky(7)",21221,Urban,112.1 ,81.7, 150.7,N/A , N/A , N/A,11,stable,-1.1 ,-3.2, 1.1
"Castro County, Texas(7)",48069,Rural,112 ,65.5, 177.3,N/A , N/A , N/A,4,*,*,*,*
"Jerome County, Idaho(7)",16053,Urban,112 ,86.8, 142.2,N/A , N/A , N/A,14,falling,-1.7 ,-3.1, -0.1
"Bradley County, Tennessee(2)",47011,Urban,111.9 ,100.7, 124.1,N/A , N/A , N/A,78,stable,-0.3 ,-1.6, 1.1
"Freeborn County, Minnesota(2)",27047,Rural,111.9 ,91.5, 135.9,N/A , N/A , N/A,26,stable,0.5 ,-1.8, 2.8
"Pueblo County, Colorado(2)",08101,Urban,111.9 ,102.9, 121.5,N/A , N/A , N/A,128,stable,-0.4 ,-1.1, 0.3
"Buffalo County, Wisconsin(2)",55011,Rural,111.9 ,83, 148.9,N/A , N/A , N/A,11,stable,1.4 ,-0.8, 3.7
"Starke County, Indiana(2)",18149,Rural,111.8 ,87.7, 140.8,N/A , N/A , N/A,17,stable,-1.1 ,-3.3, 1.0
"Trumbull County, Ohio(2)",39155,Urban,111.8 ,103.7, 120.4,N/A , N/A , N/A,168,falling,-5.8 ,-12.0, -0.1
"Washington County, Colorado(2)",08121,Rural,111.7 ,60, 191,N/A , N/A , N/A,3,stable,-1.6 ,-8.0, 4.4
"Lauderdale County, Mississippi(2)",28075,Rural,111.7 ,98.2, 126.6,N/A , N/A , N/A,54,stable,0.8 ,-1.0, 2.6
"Carlton County, Minnesota(2)",27017,Urban,111.7 ,92.2, 134.3,N/A , N/A , N/A,26,stable,1.3 ,-0.8, 3.7
"Rockingham County, Virginia(2)",51165,Urban,111.6 ,98.9, 125.6,N/A , N/A , N/A,63,stable,0.7 ,-0.8, 2.3
"Okaloosa County, Florida(2)",12091,Urban,111.6 ,103.2, 120.5,N/A , N/A , N/A,144,falling,-1.0 ,-1.6, -0.3
"Cumberland County, Tennessee(2)",47035,Rural,111.5 ,97.9, 126.9,N/A , N/A , N/A,66,stable,-1.2 ,-2.6, 0.2
"Eagle County, Colorado(2)",08037,Rural,111.5 ,94.5, 130.9,N/A , N/A , N/A,33,stable,-0.1 ,-1.9, 2.1
"Crisp County, Georgia(7)",13081,Rural,111.4 ,87.6, 140.1,N/A , N/A , N/A,17,stable,1.0 ,-1.2, 3.4
"San Jacinto County, Texas(7)",48407,Urban,111.3 ,89.8, 136.8,N/A , N/A , N/A,22,stable,0.5 ,-1.1, 2.4
"Dimmit County, Texas(7)",48127,Rural,111.3 ,72.7, 163.3,N/A , N/A , N/A,6,stable,0.9 ,-1.8, 3.7
"Ashe County, North Carolina(2)",37009,Rural,111.2 ,90, 136.6,N/A , N/A , N/A,24,stable,1.0 ,-2.4, 4.6
"Monroe County, West Virginia(2)",54063,Rural,111.2 ,80.9, 150.6,N/A , N/A , N/A,11,stable,1.5 ,-0.9, 4.1
"Lincoln County, Mississippi(2)",28085,Rural,111.2 ,93, 132.3,N/A , N/A , N/A,28,stable,0.7 ,-1.9, 3.4
"Calhoun County, South Carolina(2)",45017,Urban,111.2 ,82, 148.3,N/A , N/A , N/A,12,stable,-24.1 ,-47.1, 2.2
"Sunflower County, Mississippi(2)",28133,Rural,111.1 ,87.6, 139.3,N/A , N/A , N/A,17,falling,-17.1 ,-28.1, -1.0
"Cache County, Utah(7)",49005,Urban,111.1 ,98.5, 124.9,N/A , N/A , N/A,57,stable,-0.8 ,-7.3, 0.5
"Rhea County, Tennessee(2)",47143,Rural,111.1 ,92.1, 133.2,N/A , N/A , N/A,26,stable,-0.4 ,-7.3, 14.7
"Wilkes County, North Carolina(2)",37193,Rural,111.1 ,97.4, 126.3,N/A , N/A , N/A,56,stable,0.2 ,-1.6, 2.1
"Dawson County, Georgia(7)",13085,Urban,111 ,90.8, 135.1,N/A , N/A , N/A,23,stable,-0.4 ,-2.0, 1.6
"Grainger County, Tennessee(2)",47057,Urban,111 ,88.7, 137.8,N/A , N/A , N/A,19,stable,-1.2 ,-3.1, 0.8
"Lincoln County, Maine(2)",23015,Rural,111 ,93.1, 131.9,N/A , N/A , N/A,35,stable,-0.5 ,-2.0, 0.9
"Franklin County, Florida(2)",12037,Rural,111 ,77.6, 155.2,N/A , N/A , N/A,10,stable,6.7 ,-0.9, 28.2
"Holt County, Nebraska(2)",31089,Rural,110.9 ,76.8, 156.4,N/A , N/A , N/A,8,stable,-3.2 ,-7.6, 0.7
"Montezuma County, Colorado(2)",08083,Rural,110.9 ,89.8, 136.1,N/A , N/A , N/A,23,stable,0.1 ,-2.4, 2.6
"Kit Carson County, Colorado(2)",08063,Rural,110.9 ,69.3, 169.5,N/A , N/A , N/A,5,stable,-1.0 ,-5.2, 2.9
"Sac County, Iowa(7)",19161,Rural,110.8 ,76.7, 156.4,N/A , N/A , N/A,9,stable,-1.0 ,-2.8, 0.7
"Monroe County, Ohio(2)",39111,Rural,110.8 ,82.8, 146.8,N/A , N/A , N/A,12,stable,0.7 ,-1.9, 3.3
"Rock County, Minnesota(2)",27133,Urban,110.8 ,76.2, 156.9,N/A , N/A , N/A,7,stable,-1.4 ,-4.4, 1.5
"Adams County, Idaho(7)",16003,Rural,110.8 ,63.7, 187.4,N/A , N/A , N/A,4,*,*,*,*
"Ballard County, Kentucky(7)",21007,Urban,110.7 ,75.5, 159.4,N/A , N/A , N/A,7,stable,0.9 ,-2.6, 5.1
"Kleberg County, Texas(7)",48273,Rural,110.7 ,87.1, 138.7,N/A , N/A , N/A,16,stable,-0.2 ,-3.0, 2.6
"Chicot County, Arkansas(2)",05017,Rural,110.7 ,76.6, 156.4,N/A , N/A , N/A,8,stable,1.3 ,-3.5, 6.1
"Abbeville County, South Carolina(2)",45001,Rural,110.7 ,87.5, 138.4,N/A , N/A , N/A,19,stable,-1.3 ,-14.0, 1.5
"Garfield County, Utah(7)",49017,Rural,110.7 ,61.5, 184.6,N/A , N/A , N/A,3,*,*,*,*
"Thayer County, Nebraska(2)",31169,Rural,110.7 ,62.7, 183.4,N/A , N/A , N/A,4,*,*,*,*
"Henry County, Iowa(7)",19087,Rural,110.7 ,85.4, 141.5,N/A , N/A , N/A,15,stable,-1.0 ,-2.3, 0.4
"Madison County, Arkansas(2)",05087,Urban,110.6 ,83.9, 143.8,N/A , N/A , N/A,13,stable,0.6 ,-3.4, 5.6
"Pacific County, Washington(2)",53049,Rural,110.6 ,91, 134.7,N/A , N/A , N/A,28,stable,-0.6 ,-3.3, 2.4
"Wilkes County, Georgia(7)",13317,Rural,110.6 ,77.4, 154.8,N/A , N/A , N/A,9,stable,1.0 ,-1.6, 3.9
"Ashtabula County, Ohio(2)",39007,Urban,110.5 ,98.9, 123.2,N/A , N/A , N/A,75,stable,-1.8 ,-8.0, 0.8
"McKean County, Pennsylvania(2)",42083,Rural,110.5 ,91.1, 132.9,N/A , N/A , N/A,27,stable,-0.6 ,-2.5, 1.2
"Teton County, Idaho(7)",16081,Rural,110.5 ,76, 156.2,N/A , N/A , N/A,7,*,*,*,*
"Panola County, Mississippi(2)",28107,Rural,110.4 ,90.4, 133.6,N/A , N/A , N/A,23,stable,-0.3 ,-4.6, 1.6
"Carroll County, Indiana(2)",18015,Urban,110.4 ,85.9, 140.3,N/A , N/A , N/A,16,stable,-0.6 ,-2.5, 1.3
"Lewis County, Washington(2)",53041,Rural,110.4 ,97.9, 124.2,N/A , N/A , N/A,65,stable,-0.8 ,-1.7, 0.1
"Carroll County, Tennessee(2)",47017,Rural,110.4 ,89.4, 135.1,N/A , N/A , N/A,22,stable,-0.2 ,-2.4, 2.1
"Walsh County, North Dakota(2)",38099,Rural,110.4 ,77.4, 154,N/A , N/A , N/A,8,stable,-0.1 ,-7.4, 2.3
"Chambers County, Alabama(2)",01017,Rural,110.3 ,91.4, 132.3,N/A , N/A , N/A,27,stable,0.2 ,-1.5, 2.0
"Adams County, Washington(2)",53001,Rural,110.3 ,81.2, 146.3,N/A , N/A , N/A,10,stable,-1.2 ,-5.1, 2.9
"LaGrange County, Indiana(2)",18087,Rural,110.3 ,90.6, 133,N/A , N/A , N/A,23,stable,0.4 ,-4.1, 8.6
"Park County, Colorado(2)",08093,Urban,110.3 ,83, 145.1,N/A , N/A , N/A,15,stable,0.2 ,-2.6, 3.4
"Cleburne County, Alabama(2)",01029,Rural,110.3 ,82.2, 145.5,N/A , N/A , N/A,12,stable,0.2 ,-3.2, 3.8
"Lac qui Parle County, Minnesota(2)",27073,Rural,110.2 ,68.5, 170.4,N/A , N/A , N/A,6,stable,-1.7 ,-5.8, 1.8
"Cross County, Arkansas(2)",05037,Rural,110.1 ,84.2, 142.1,N/A , N/A , N/A,13,stable,1.2 ,-1.0, 3.5
"Jackson County, Ohio(2)",39079,Rural,110 ,90, 133.4,N/A , N/A , N/A,23,stable,0.7 ,-1.2, 2.6
"Wilkinson County, Mississippi(2)",28157,Rural,110 ,71.9, 162.6,N/A , N/A , N/A,6,stable,-1.2 ,-4.1, 1.7
"Cattaraugus County, New York(7)",36009,Rural,110 ,96.9, 124.5,N/A , N/A , N/A,58,stable,-0.6 ,-1.7, 0.5
"Johnson County, Kentucky(7)",21115,Rural,110 ,87.7, 136.8,N/A , N/A , N/A,18,stable,-0.8 ,-2.7, 1.3
"Brown County, Texas(7)",48049,Rural,110 ,92.4, 130.3,N/A , N/A , N/A,31,stable,-0.6 ,-2.1, 0.9
"Letcher County, Kentucky(7)",21133,Rural,110 ,85.9, 139.1,N/A , N/A , N/A,16,falling,-1.8 ,-4.6, -0.5
"Victoria County, Texas(7)",48469,Urban,110 ,97.4, 123.8,N/A , N/A , N/A,60,stable,-0.7 ,-1.4, 0.0
"Converse County, Wyoming(2)",56009,Rural,109.8 ,80.4, 147.3,N/A , N/A , N/A,10,stable,0.2 ,-2.4, 3.1
"Angelina County, Texas(7)",48005,Rural,109.8 ,97.1, 123.7,N/A , N/A , N/A,58,stable,-0.3 ,-1.5, 1.0
"Pulaski County, Virginia(2)",51155,Urban,109.8 ,91.4, 131.3,N/A , N/A , N/A,29,stable,0.5 ,-2.8, 4.1
"Bienville Parish, Louisiana(7)",22013,Rural,109.8 ,79.9, 147.8,N/A , N/A , N/A,10,stable,-0.2 ,-2.2, 2.0
"Montgomery County, Virginia(2)",51121,Urban,109.8 ,96.5, 124.4,N/A , N/A , N/A,54,stable,-1.0 ,-2.8, 0.9
"Wyandot County, Ohio(2)",39175,Rural,109.8 ,86.7, 137.7,N/A , N/A , N/A,17,stable,-1.4 ,-3.5, 0.7
"Haskell County, Oklahoma(2)",40061,Rural,109.7 ,77.2, 152,N/A , N/A , N/A,8,stable,-0.8 ,-3.5, 1.8
"Hamilton County, Texas(7)",48193,Rural,109.7 ,75.3, 156.8,N/A , N/A , N/A,8,stable,1.6 ,-1.4, 5.1
"Roseau County, Minnesota(2)",27135,Rural,109.6 ,79.8, 147.3,N/A , N/A , N/A,10,stable,-0.2 ,-4.0, 3.6
"Evangeline Parish, Louisiana(7)",22039,Rural,109.5 ,89.1, 133.4,N/A , N/A , N/A,22,stable,-0.2 ,-1.2, 0.7
"St. Clair County, Missouri(2)",29185,Rural,109.5 ,74.1, 157.7,N/A , N/A , N/A,8,stable,1.4 ,-2.1, 5.1
"Leake County, Mississippi(2)",28079,Rural,109.5 ,84.6, 139.7,N/A , N/A , N/A,14,stable,0.3 ,-2.4, 3.0
"Richland County, Wisconsin(2)",55103,Rural,109.5 ,83, 142.6,N/A , N/A , N/A,14,stable,2.2 ,-0.6, 5.5
"Franklin County, Washington(2)",53021,Urban,109.4 ,95.3, 125.1,N/A , N/A , N/A,44,stable,-0.1 ,-1.4, 1.4
"Atascosa County, Texas(7)",48013,Urban,109.4 ,92.4, 128.7,N/A , N/A , N/A,31,stable,0.4 ,-1.6, 2.6
"Lincoln County, Colorado(2)",08073,Rural,109.4 ,62.9, 180.2,N/A , N/A , N/A,4,*,*,*,*
"Marion County, Illinois(7)",17121,Rural,109.4 ,91.1, 130.5,N/A , N/A , N/A,28,stable,-0.3 ,-1.9, 1.4
"Missaukee County, Michigan(2)",26113,Rural,109.4 ,80.3, 146.2,N/A , N/A , N/A,11,stable,-1.0 ,-3.5, 1.5
"Major County, Oklahoma(2)",40093,Rural,109.3 ,70.4, 163,N/A , N/A , N/A,6,stable,-1.4 ,-6.7, 3.6
"Clear Creek County, Colorado(2)",08019,Urban,109.2 ,73.5, 159,N/A , N/A , N/A,7,stable,0.6 ,-2.6, 4.1
"Linn County, Oregon(2)",41043,Urban,109.2 ,99.3, 119.9,N/A , N/A , N/A,98,stable,0.0 ,-0.9, 1.0
"Lawrence County, South Dakota(2)",46081,Rural,109.2 ,87.8, 134.9,N/A , N/A , N/A,21,stable,0.5 ,-1.5, 2.7
"Wabash County, Indiana(2)",18169,Rural,109.2 ,89.5, 132.3,N/A , N/A , N/A,25,stable,-0.4 ,-2.1, 1.2
"Ward County, Texas(7)",48475,Rural,109.2 ,74.2, 154.9,N/A , N/A , N/A,7,stable,1.3 ,-1.3, 4.2
"Llano County, Texas(7)",48299,Rural,109.2 ,85.2, 138.8,N/A , N/A , N/A,23,stable,-1.6 ,-4.0, 1.1
"Wayne County, Tennessee(2)",47181,Rural,109.2 ,80.7, 145.5,N/A , N/A , N/A,11,stable,-0.5 ,-2.9, 1.8
"Lamar County, Alabama(2)",01075,Rural,109.1 ,79.8, 146.3,N/A , N/A , N/A,10,falling,-12.0 ,-28.9, -2.9
"Magoffin County, Kentucky(7)",21153,Rural,109 ,76.6, 151.4,N/A , N/A , N/A,8,stable,1.5 ,-2.2, 5.8
"Chariton County, Missouri(2)",29041,Rural,109 ,70.4, 163.3,N/A , N/A , N/A,6,stable,-2.6 ,-6.6, 1.0
"Cherokee County, Alabama(2)",01019,Rural,109 ,86.7, 135.7,N/A , N/A , N/A,20,stable,-0.4 ,-3.3, 2.4
"Marshall County, Mississippi(2)",28093,Urban,108.9 ,90, 131.1,N/A , N/A , N/A,26,stable,2.1 ,-0.2, 4.6
"Gadsden County, Florida(2)",12039,Urban,108.9 ,92.5, 127.6,N/A , N/A , N/A,35,stable,-0.7 ,-2.4, 1.1
"Whiteside County, Illinois(7)",17195,Rural,108.9 ,94.3, 125.4,N/A , N/A , N/A,45,stable,-0.2 ,-1.6, 1.2
"Camden County, North Carolina(2)",37029,Urban,108.9 ,76, 152.5,N/A , N/A , N/A,7,stable,-0.8 ,-5.2, 3.9
"Marshall County, Alabama(2)",01095,Rural,108.9 ,97.1, 121.8,N/A , N/A , N/A,68,stable,0.5 ,-0.8, 1.9
"Shelby County, Indiana(2)",18145,Urban,108.9 ,92.5, 127.5,N/A , N/A , N/A,34,stable,0.9 ,-1.1, 3.0
"Hall County, Nebraska(2)",31079,Urban,108.8 ,93.3, 126.1,N/A , N/A , N/A,38,falling,-1.6 ,-3.1, -0.2
"Lawrence County, Illinois(7)",17101,Rural,108.8 ,78.3, 147.6,N/A , N/A , N/A,10,stable,-0.5 ,-3.4, 2.3
"Roosevelt County, Montana(2)",30085,Rural,108.7 ,71, 159,N/A , N/A , N/A,6,falling,-3.1 ,-6.6, -0.2
"Humboldt County, Nevada(2)",32013,Rural,108.6 ,78, 146.9,N/A , N/A , N/A,9,stable,-0.7 ,-4.2, 2.8
"Crawford County, Illinois(7)",17033,Rural,108.5 ,82.1, 141.1,N/A , N/A , N/A,13,stable,-2.0 ,-5.2, 1.1
"Navarro County, Texas(7)",48349,Rural,108.4 ,92.6, 126.3,N/A , N/A , N/A,36,stable,0.0 ,-1.1, 1.3
"Falls County, Texas(7)",48145,Urban,108.4 ,82.6, 140.2,N/A , N/A , N/A,13,stable,1.4 ,-1.1, 4.3
"Shenandoah County, Virginia(2)",51171,Rural,108.4 ,91.2, 128,N/A , N/A , N/A,33,stable,0.2 ,-1.4, 1.8
"Carroll County, Mississippi(2)",28015,Rural,108.3 ,76.4, 151.7,N/A , N/A , N/A,9,stable,-0.6 ,-4.5, 4.0
"Caswell County, North Carolina(2)",37033,Rural,108.3 ,86.3, 135.2,N/A , N/A , N/A,20,falling,-12.6 ,-22.0, -1.1
"Hardee County, Florida(2)",12049,Rural,108.3 ,84.8, 136.5,N/A , N/A , N/A,16,stable,2.0 ,-0.5, 5.0
"Dixie County, Florida(2)",12029,Rural,108.3 ,82.5, 141,N/A , N/A , N/A,14,stable,-0.6 ,-2.8, 1.8
"Nueces County, Texas(7)",48355,Urban,108.3 ,101.8, 115.1,N/A , N/A , N/A,222,stable,-0.4 ,-1.2, 0.5
"Pittsburg County, Oklahoma(2)",40121,Rural,108.2 ,90.9, 127.9,N/A , N/A , N/A,32,stable,0.6 ,-1.3, 2.4
"Pointe Coupee Parish, Louisiana(7)",22077,Urban,108.1 ,84.7, 136.6,N/A , N/A , N/A,17,stable,-0.1 ,-2.6, 2.5
"Kings County, California(7)",06031,Urban,108.1 ,96.7, 120.3,N/A , N/A , N/A,69,stable,0.0 ,-2.5, 5.0
"Clark County, Nevada(2)",32003,Urban,108 ,105.5, 110.6,N/A , N/A , N/A,1438,stable,-0.2 ,-0.7, 0.2
"Gilmer County, Georgia(7)",13123,Rural,108 ,89.6, 129.7,N/A , N/A , N/A,30,stable,0.2 ,-1.7, 2.4
"Roscommon County, Michigan(2)",26143,Rural,108 ,89.3, 131.4,N/A , N/A , N/A,28,stable,-1.2 ,-3.1, 0.8
"Hocking County, Ohio(2)",39073,Urban,108 ,87.9, 131.7,N/A , N/A , N/A,22,stable,-0.1 ,-2.3, 2.2
"Nodaway County, Missouri(2)",29147,Rural,107.9 ,82.4, 139.2,N/A , N/A , N/A,14,stable,1.7 ,-1.3, 5.2
"Susquehanna County, Pennsylvania(2)",42115,Rural,107.9 ,90.6, 127.9,N/A , N/A , N/A,34,stable,0.6 ,-2.8, 4.1
"Dawson County, Nebraska(2)",31047,Rural,107.8 ,83.9, 136.7,N/A , N/A , N/A,15,stable,3.0 ,-0.7, 15.5
"Radford City, Virginia(2)",51750,Urban,107.8 ,74.2, 151.7,N/A , N/A , N/A,7,stable,-2.8 ,-5.9, 0.0
"Lawrence County, Missouri(2)",29109,Rural,107.8 ,89.7, 128.6,N/A , N/A , N/A,27,stable,0.9 ,-1.3, 3.2
"Alger County, Michigan(2)",26003,Rural,107.8 ,68.4, 163.7,N/A , N/A , N/A,6,stable,-0.4 ,-4.1, 2.9
"Orange County, Indiana(2)",18117,Rural,107.7 ,81.7, 139.7,N/A , N/A , N/A,13,stable,1.4 ,-1.6, 4.6
"Williams County, Ohio(2)",39171,Rural,107.7 ,90, 128.2,N/A , N/A , N/A,29,stable,-0.4 ,-2.5, 1.8
"Franklin County, Pennsylvania(2)",42055,Urban,107.7 ,98.9, 117.2,N/A , N/A , N/A,120,stable,-0.8 ,-1.9, 0.2
"Richland County, Montana(2)",30083,Rural,107.7 ,72.6, 154.1,N/A , N/A , N/A,6,stable,0.2 ,-4.3, 4.9
"Val Verde County, Texas(7)",48465,Rural,107.7 ,89.4, 128.6,N/A , N/A , N/A,25,stable,2.9 ,-3.4, 13.3
"Stanton County, Nebraska(2)",31167,Rural,107.7 ,64.4, 171,N/A , N/A , N/A,4,stable,-0.7 ,-5.3, 3.6
"Pinal County, Arizona(2)",04021,Urban,107.7 ,102, 113.6,N/A , N/A , N/A,311,stable,0.7 ,-0.1, 1.6
"Delaware County, Oklahoma(2)",40041,Rural,107.6 ,90.3, 127.7,N/A , N/A , N/A,34,stable,0.0 ,-2.4, 2.4
"Sullivan County, Pennsylvania(2)",42113,Rural,107.6 ,67.4, 172,N/A , N/A , N/A,6,stable,-1.1 ,-6.5, 4.3
"Gogebic County, Michigan(2)",26053,Rural,107.6 ,78.5, 145.1,N/A , N/A , N/A,12,stable,0.1 ,-3.6, 3.7
"Jim Wells County, Texas(7)",48249,Rural,107.6 ,88.9, 129.2,N/A , N/A , N/A,25,stable,0.5 ,-1.0, 2.3
"Harrison County, Ohio(2)",39067,Rural,107.6 ,79.4, 143.5,N/A , N/A , N/A,11,stable,1.3 ,-2.2, 5.1
"Chilton County, Alabama(2)",01021,Urban,107.5 ,90.8, 126.6,N/A , N/A , N/A,31,stable,-0.3 ,-1.7, 1.2
"Camden County, Missouri(2)",29029,Rural,107.5 ,90.5, 127.1,N/A , N/A , N/A,38,stable,-0.3 ,-1.9, 1.3
"Jefferson County, Texas(7)",48245,Urban,107.5 ,99.9, 115.5,N/A , N/A , N/A,158,falling,-0.9 ,-1.6, -0.2
"Casey County, Kentucky(7)",21045,Rural,107.5 ,79.6, 142.3,N/A , N/A , N/A,11,stable,0.2 ,-1.7, 2.2
"Yadkin County, North Carolina(2)",37197,Urban,107.5 ,89.7, 128.1,N/A , N/A , N/A,29,stable,-0.2 ,-2.1, 1.7
"Hamilton County, Illinois(7)",17065,Rural,107.4 ,69.5, 159.6,N/A , N/A , N/A,6,stable,0.6 ,-2.6, 4.0
"Atoka County, Oklahoma(2)",40005,Rural,107.4 ,76.8, 146.8,N/A , N/A , N/A,9,stable,-0.9 ,-4.3, 2.4
"Howard County, Arkansas(2)",05061,Rural,107.4 ,76.2, 147.3,N/A , N/A , N/A,9,stable,1.2 ,-2.5, 5.1
"Grant County, Arkansas(2)",05053,Urban,107.4 ,81.5, 139.3,N/A , N/A , N/A,13,stable,0.8 ,-1.8, 3.6
"Ben Hill County, Georgia(7)",13017,Rural,107.4 ,81.3, 139.5,N/A , N/A , N/A,13,stable,-2.1 ,-4.7, 0.2
"Karnes County, Texas(7)",48255,Rural,107.4 ,74.1, 150.5,N/A , N/A , N/A,7,stable,-0.1 ,-4.2, 4.3
"Simpson County, Kentucky(7)",21213,Rural,107.3 ,82.5, 137.7,N/A , N/A , N/A,14,stable,-0.6 ,-2.9, 2.1
"Colquitt County, Georgia(7)",13071,Rural,107.3 ,90.5, 126.5,N/A , N/A , N/A,31,stable,0.0 ,-1.6, 1.9
"Big Horn County, Wyoming(2)",56003,Rural,107.3 ,75.9, 148.5,N/A , N/A , N/A,9,stable,1.0 ,-2.8, 5.3
"Sequoyah County, Oklahoma(2)",40135,Urban,107.3 ,89.3, 128.1,N/A , N/A , N/A,28,stable,0.2 ,-1.7, 2.1
"Montgomery County, Missouri(2)",29139,Rural,107.3 ,76.1, 148.1,N/A , N/A , N/A,9,stable,0.5 ,-2.6, 3.7
"La Paz County, Arizona(2)",04012,Rural,107.3 ,79.5, 142.9,N/A , N/A , N/A,15,rising,5.8 ,1.6, 21.5
"Hardy County, West Virginia(2)",54031,Rural,107.2 ,78.4, 144.1,N/A , N/A , N/A,11,stable,0.1 ,-4.0, 4.5
"Boundary County, Idaho(7)",16021,Rural,107.2 ,76.1, 147.6,N/A , N/A , N/A,9,stable,-1.1 ,-3.9, 2.4
"Uinta County, Wyoming(2)",56041,Rural,107.1 ,80.3, 140,N/A , N/A , N/A,12,rising,3.7 ,0.3, 8.0
"Bay County, Florida(2)",12005,Urban,107.1 ,98.6, 116.1,N/A , N/A , N/A,131,stable,-0.2 ,-1.6, 1.4
"Jack County, Texas(7)",48237,Rural,107.1 ,68.5, 160.7,N/A , N/A , N/A,5,stable,0.5 ,-2.1, 3.2
"Jasper County, South Carolina(2)",45053,Urban,107.1 ,86.6, 131.3,N/A , N/A , N/A,24,stable,-8.5 ,-20.0, 0.3
"Matagorda County, Texas(7)",48321,Rural,107.1 ,87.6, 129.7,N/A , N/A , N/A,23,stable,-0.7 ,-2.4, 1.0
"Arenac County, Michigan(2)",26011,Rural,107 ,81.3, 140,N/A , N/A , N/A,14,stable,1.2 ,-1.9, 4.7
"Stutsman County, North Dakota(2)",38093,Rural,107 ,83.5, 135.6,N/A , N/A , N/A,16,stable,-1.3 ,-4.2, 1.3
"Pickett County, Tennessee(2)",47137,Rural,107 ,66.7, 169.9,N/A , N/A , N/A,5,*,*,*,*
"Wheeler County, Georgia(7)",13309,Rural,106.9 ,61.6, 174.6,N/A , N/A , N/A,4,*,*,*,*
"Johnson County, Tennessee(2)",47091,Rural,106.9 ,81.8, 138.6,N/A , N/A , N/A,14,stable,0.0 ,-3.1, 3.2
"Chattooga County, Georgia(7)",13055,Rural,106.9 ,84.3, 134,N/A , N/A , N/A,17,stable,1.1 ,-0.9, 3.2
"Franklin County, Tennessee(2)",47051,Rural,106.9 ,89.9, 126.3,N/A , N/A , N/A,32,stable,0.6 ,-1.7, 3.2
"Otero County, New Mexico(7)",35035,Rural,106.9 ,92.6, 122.8,N/A , N/A , N/A,44,stable,-0.2 ,-0.9, 0.7
"Marshall County, Illinois(7)",17123,Urban,106.8 ,76.9, 145.9,N/A , N/A , N/A,10,stable,-1.2 ,-3.9, 1.5
"Beadle County, South Dakota(2)",46005,Rural,106.8 ,80.5, 139.3,N/A , N/A , N/A,12,stable,1.2 ,-2.0, 4.5
"Custer County, Nebraska(2)",31041,Rural,106.8 ,72.3, 152.7,N/A , N/A , N/A,7,stable,-2.2 ,-5.2, 0.6
"Dawes County, Nebraska(2)",31045,Rural,106.8 ,71.7, 155.5,N/A , N/A , N/A,7,stable,-1.4 ,-5.2, 2.4
"Greene County, Indiana(2)",18055,Rural,106.7 ,87.4, 129.5,N/A , N/A , N/A,24,stable,1.6 ,-0.5, 3.8
"Allen Parish, Louisiana(7)",22003,Rural,106.7 ,81.9, 137,N/A , N/A , N/A,13,stable,0.6 ,-1.8, 3.2
"Logan County, West Virginia(2)",54045,Rural,106.7 ,87.5, 129.2,N/A , N/A , N/A,25,stable,-0.1 ,-1.6, 1.5
"Calhoun County, Mississippi(2)",28013,Rural,106.7 ,78.1, 143.1,N/A , N/A , N/A,10,stable,0.4 ,-2.8, 3.6
"Albany County, Wyoming(2)",56001,Rural,106.7 ,84.2, 133.2,N/A , N/A , N/A,17,stable,-1.0 ,-4.5, 2.4
"Andrews County, Texas(7)",48003,Rural,106.6 ,76.8, 144,N/A , N/A , N/A,9,stable,-1.4 ,-4.8, 2.1
"Atchison County, Missouri(2)",29005,Rural,106.6 ,61.8, 174.7,N/A , N/A , N/A,4,*,*,*,*
"Randolph County, Indiana(2)",18135,Rural,106.6 ,85.4, 132,N/A , N/A , N/A,20,stable,-1.6 ,-3.4, 0.2
"Bedford County, Tennessee(2)",47003,Rural,106.6 ,90.3, 125.1,N/A , N/A , N/A,32,stable,-0.1 ,-1.9, 1.9
"Gooding County, Idaho(7)",16047,Rural,106.6 ,78.9, 141.4,N/A , N/A , N/A,11,stable,-0.5 ,-3.2, 2.3
"Maverick County, Texas(7)",48323,Urban,106.5 ,89.9, 125.3,N/A , N/A , N/A,30,rising,2.2 ,0.4, 8.6
"Jefferson County, Florida(2)",12065,Urban,106.5 ,79.1, 142,N/A , N/A , N/A,12,stable,-0.3 ,-3.5, 3.1
"Obion County, Tennessee(2)",47131,Rural,106.5 ,87.2, 129.1,N/A , N/A , N/A,24,stable,0.9 ,-2.3, 4.5
"Fulton County, Ohio(2)",39051,Urban,106.5 ,88.8, 126.7,N/A , N/A , N/A,29,stable,0.1 ,-1.5, 1.8
"Le Flore County, Oklahoma(2)",40079,Rural,106.4 ,89.8, 125.4,N/A , N/A , N/A,32,stable,0.4 ,-1.9, 2.9
"Okeechobee County, Florida(2)",12093,Rural,106.4 ,88.4, 127.4,N/A , N/A , N/A,28,stable,0.9 ,-1.2, 3.2
"Turner County, South Dakota(2)",46125,Urban,106.4 ,69.5, 157,N/A , N/A , N/A,6,falling,-8.2 ,-25.0, -1.2
"Laurens County, South Carolina(2)",45059,Urban,106.4 ,93.1, 121.3,N/A , N/A , N/A,51,stable,-0.3 ,-1.6, 0.9
"Dakota County, Nebraska(2)",31043,Urban,106.3 ,79.9, 138.7,N/A , N/A , N/A,11,stable,1.8 ,-1.3, 5.2
"Taylor County, Iowa(7)",19173,Rural,106.3 ,63.7, 168.7,N/A , N/A , N/A,4,stable,-1.3 ,-3.5, 0.7
"Cochise County, Arizona(2)",04003,Urban,106.3 ,96.1, 117.4,N/A , N/A , N/A,97,stable,-0.1 ,-1.3, 1.1
"Screven County, Georgia(7)",13251,Rural,106.2 ,78, 142,N/A , N/A , N/A,11,stable,0.7 ,-1.3, 2.9
"Delaware County, Iowa(7)",19055,Rural,106.1 ,80.2, 138.4,N/A , N/A , N/A,13,stable,-0.3 ,-1.5, 1.1
"Madison County, Nebraska(2)",31119,Rural,106.1 ,86.2, 129.2,N/A , N/A , N/A,22,stable,-0.8 ,-3.4, 1.8
"Merced County, California(7)",06047,Urban,106.1 ,98.3, 114.3,N/A , N/A , N/A,141,stable,-0.1 ,-0.9, 0.8
"Emanuel County, Georgia(7)",13107,Rural,106.1 ,83.3, 133.6,N/A , N/A , N/A,16,stable,-0.1 ,-2.3, 2.4
"Meade County, Kentucky(7)",21163,Urban,106.1 ,85.2, 130.8,N/A , N/A , N/A,19,stable,0.3 ,-1.7, 2.8
"Delta County, Texas(7)",48119,Rural,106 ,64.3, 167.9,N/A , N/A , N/A,4,stable,0.1 ,-3.5, 4.2
"Potter County, Pennsylvania(2)",42105,Rural,106 ,79.5, 139.3,N/A , N/A , N/A,14,falling,-2.2 ,-4.4, -0.1
"Saluda County, South Carolina(2)",45081,Urban,105.9 ,81.7, 135.8,N/A , N/A , N/A,15,stable,-0.3 ,-3.5, 2.9
"Mayes County, Oklahoma(2)",40097,Rural,105.8 ,88.3, 126.1,N/A , N/A , N/A,28,stable,0.2 ,-1.3, 5.1
"Monroe County, Michigan(2)",26115,Urban,105.8 ,96.5, 115.8,N/A , N/A , N/A,108,stable,0.5 ,-1.1, 2.3
"Avery County, North Carolina(2)",37011,Rural,105.8 ,80.2, 138.1,N/A , N/A , N/A,14,stable,1.6 ,-1.4, 4.7
"Conecuh County, Alabama(2)",01035,Rural,105.7 ,76.1, 144.4,N/A , N/A , N/A,10,stable,-0.1 ,-2.8, 2.7
"Falls Church City, Virginia(2)",51610,Urban,105.6 ,77.4, 141.3,N/A , N/A , N/A,10,stable,-1.4 ,-3.7, 1.0
"Coosa County, Alabama(2)",01037,Rural,105.5 ,73.8, 148.3,N/A , N/A , N/A,9,stable,-1.2 ,-5.7, 3.2
"Giles County, Tennessee(2)",47055,Rural,105.5 ,85.7, 128.8,N/A , N/A , N/A,23,stable,0.4 ,-2.3, 3.4
"Hillsdale County, Michigan(2)",26059,Rural,105.4 ,89.1, 124.1,N/A , N/A , N/A,34,stable,0.0 ,-1.9, 1.9
"Tippah County, Mississippi(2)",28139,Rural,105.4 ,82.2, 133.4,N/A , N/A , N/A,15,stable,1.6 ,-1.7, 5.4
"Jones County, Mississippi(2)",28067,Rural,105.4 ,91.6, 120.7,N/A , N/A , N/A,46,stable,0.7 ,-0.6, 2.0
"Otsego County, Michigan(2)",26137,Rural,105.3 ,82.4, 132.9,N/A , N/A , N/A,17,stable,-0.6 ,-3.4, 2.2
"Lincoln County, Arkansas(2)",05079,Rural,105.3 ,71.9, 150.1,N/A , N/A , N/A,7,stable,2.5 ,-0.4, 5.7
"Floyd County, Virginia(2)",51063,Urban,105.3 ,79.9, 137.6,N/A , N/A , N/A,13,stable,1.1 ,-2.2, 4.7
"Miller County, Arkansas(2)",05091,Urban,105.3 ,88.7, 124.3,N/A , N/A , N/A,30,stable,0.4 ,-2.2, 3.2
"Crawford County, Indiana(2)",18025,Rural,105.2 ,74, 146.8,N/A , N/A , N/A,8,stable,0.3 ,-3.3, 4.1
"Seminole County, Oklahoma(2)",40133,Rural,105.2 ,83.5, 131.2,N/A , N/A , N/A,17,stable,-0.1 ,-2.4, 2.1
"Fentress County, Tennessee(2)",47049,Rural,105.1 ,82.6, 133.1,N/A , N/A , N/A,17,stable,0.4 ,-1.8, 3.0
"De Witt County, Illinois(7)",17039,Rural,105.1 ,79, 138,N/A , N/A , N/A,12,stable,-0.5 ,-2.3, 1.3
"Metcalfe County, Kentucky(7)",21169,Rural,105.1 ,71.8, 149.4,N/A , N/A , N/A,7,stable,-0.6 ,-3.1, 2.1
"Wise County, Virginia(2)",51195,Rural,105.1 ,87.1, 126.1,N/A , N/A , N/A,27,stable,-3.4 ,-15.9, 0.0
"Yankton County, South Dakota(2)",46135,Rural,105 ,82.5, 132.4,N/A , N/A , N/A,17,stable,-1.2 ,-3.3, 0.8
"Hudson County, New Jersey(7)",34017,Urban,105 ,100.4, 109.8,N/A , N/A , N/A,400,stable,0.2 ,-0.4, 0.9
"McKenzie County, North Dakota(2)",38053,Rural,104.9 ,68.6, 152.7,N/A , N/A , N/A,6,stable,-0.6 ,-4.7, 4.3
"Fremont County, Idaho(7)",16043,Rural,104.9 ,75, 143.5,N/A , N/A , N/A,9,stable,-2.1 ,-4.4, 0.3
"San Miguel County, Colorado(2)",08113,Rural,104.9 ,63.6, 164.6,N/A , N/A , N/A,5,*,*,*,*
"Guernsey County, Ohio(2)",39059,Rural,104.9 ,87, 125.6,N/A , N/A , N/A,27,stable,3.7 ,-4.5, 19.8
"Fannin County, Texas(7)",48147,Rural,104.9 ,86.4, 126.5,N/A , N/A , N/A,25,stable,-0.1 ,-2.4, 2.4
"Cheyenne County, Nebraska(2)",31033,Rural,104.9 ,70.2, 151.7,N/A , N/A , N/A,7,stable,-1.9 ,-5.6, 1.4
"Pend Oreille County, Washington(2)",53051,Rural,104.8 ,77.1, 141.1,N/A , N/A , N/A,12,stable,-0.1 ,-3.8, 3.9
"Nacogdoches County, Texas(7)",48347,Rural,104.8 ,89.9, 121.5,N/A , N/A , N/A,39,stable,10.3 ,-1.7, 19.2
"Tulare County, California(7)",06107,Urban,104.7 ,98.8, 111,N/A , N/A , N/A,239,stable,0.0 ,-0.5, 1.5
"Franklin County, Alabama(2)",01059,Rural,104.7 ,84.6, 128.4,N/A , N/A , N/A,20,stable,-0.8 ,-4.4, 2.7
"Henry County, Alabama(2)",01067,Urban,104.7 ,80.8, 134.4,N/A , N/A , N/A,15,stable,-1.5 ,-4.3, 1.2
"Bacon County, Georgia(7)",13005,Rural,104.7 ,71.3, 148.5,N/A , N/A , N/A,7,stable,-0.3 ,-4.7, 4.5
"Lee County, Texas(7)",48287,Rural,104.7 ,79.5, 135.9,N/A , N/A , N/A,13,stable,0.7 ,-1.3, 3.0
"Alleghany County, North Carolina(2)",37005,Rural,104.5 ,75.6, 143.4,N/A , N/A , N/A,11,stable,0.3 ,-2.8, 3.6
"Larue County, Kentucky(7)",21123,Urban,104.3 ,77.1, 138.8,N/A , N/A , N/A,11,stable,0.3 ,-3.5, 4.5
"Marion County, Alabama(2)",01093,Rural,104.3 ,84.9, 127.2,N/A , N/A , N/A,23,stable,1.2 ,-0.7, 3.2
"Ouachita County, Arkansas(2)",05103,Rural,104.2 ,81.8, 131.3,N/A , N/A , N/A,18,stable,-1.6 ,-3.6, 0.2
"Madison County, Virginia(2)",51113,Rural,104.2 ,76.9, 139.3,N/A , N/A , N/A,11,stable,1.2 ,-1.5, 4.3
"Defiance County, Ohio(2)",39039,Rural,104.1 ,86.7, 124.2,N/A , N/A , N/A,28,stable,0.4 ,-1.8, 2.7
"Fergus County, Montana(2)",30027,Rural,104.1 ,73.6, 144.3,N/A , N/A , N/A,9,stable,-0.8 ,-4.6, 2.9
"Nevada County, Arkansas(2)",05099,Rural,104.1 ,69, 152.5,N/A , N/A , N/A,6,stable,-0.4 ,-3.8, 2.8
"Neshoba County, Mississippi(2)",28099,Rural,104.1 ,82.7, 129.2,N/A , N/A , N/A,18,stable,-1.0 ,-3.3, 1.3
"Russell County, Virginia(2)",51167,Rural,104 ,83.3, 128.9,N/A , N/A , N/A,20,stable,-1.3 ,-5.1, 2.2
"Patrick County, Virginia(2)",51141,Rural,103.9 ,78.4, 136.2,N/A , N/A , N/A,14,stable,1.4 ,-1.0, 4.0
"Dallam County, Texas(7)",48111,Rural,103.9 ,60, 167.2,N/A , N/A , N/A,3,stable,0.4 ,-4.0, 5.6
"Craig County, Virginia(2)",51045,Urban,103.8 ,59.7, 172.6,N/A , N/A , N/A,4,*,*,*,*
"Prentiss County, Mississippi(2)",28117,Rural,103.7 ,81.4, 130.5,N/A , N/A , N/A,16,stable,-0.3 ,-2.7, 2.2
"Iosco County, Michigan(2)",26069,Rural,103.7 ,83.2, 128.7,N/A , N/A , N/A,24,stable,-0.1 ,-1.8, 1.6
"Mitchell County, Texas(7)",48335,Rural,103.7 ,64, 160.2,N/A , N/A , N/A,5,stable,1.8 ,-1.4, 5.5
"Grayson County, Texas(7)",48181,Urban,103.7 ,94.2, 113.9,N/A , N/A , N/A,96,stable,-0.4 ,-1.4, 0.6
"Cass County, Michigan(2)",26027,Urban,103.4 ,88.2, 120.8,N/A , N/A , N/A,38,stable,-0.8 ,-2.5, 0.9
"Macon County, Georgia(7)",13193,Rural,103.4 ,71.5, 145.8,N/A , N/A , N/A,8,stable,-1.4 ,-3.9, 1.0
"Taylor County, Wisconsin(2)",55119,Rural,103.3 ,78.1, 134.6,N/A , N/A , N/A,13,stable,0.8 ,-1.1, 2.9
"Benton County, Indiana(2)",18007,Urban,103.3 ,69.6, 149.4,N/A , N/A , N/A,6,stable,2.2 ,-2.3, 7.6
"Eddy County, New Mexico(7)",35015,Rural,103.3 ,87.9, 120.6,N/A , N/A , N/A,34,stable,-0.7 ,-1.6, 0.3
"Kern County, California(7)",06029,Urban,103.3 ,98.9, 107.8,N/A , N/A , N/A,443,stable,-0.4 ,-1.1, 0.3
"Laurens County, Georgia(7)",13175,Rural,103.2 ,88, 120.5,N/A , N/A , N/A,35,stable,-0.6 ,-1.9, 0.9
"Allen County, Kentucky(7)",21003,Urban,103.2 ,80, 131.5,N/A , N/A , N/A,15,stable,0.8 ,-1.2, 3.4
"Pemiscot County, Missouri(2)",29155,Rural,103.2 ,76, 137.3,N/A , N/A , N/A,11,stable,0.8 ,-1.7, 3.1
"Luna County, New Mexico(7)",35029,Rural,103.2 ,80.3, 130.6,N/A , N/A , N/A,17,stable,0.2 ,-1.5, 2.0
"Mora County, New Mexico(7)",35033,Rural,103.1 ,56.5, 179.6,N/A , N/A , N/A,4,*,*,*,*
"Hardin County, Texas(7)",48199,Urban,103.1 ,88.2, 119.9,N/A , N/A , N/A,37,stable,-0.6 ,-1.6, 0.5
"Covington County, Alabama(2)",01039,Rural,103.1 ,85.9, 123.1,N/A , N/A , N/A,29,stable,1.7 ,-1.3, 5.0
"Catron County, New Mexico(7)",35003,Rural,103 ,57.3, 198.2,N/A , N/A , N/A,4,*,*,*,*
"Cowlitz County, Washington(2)",53015,Urban,103 ,92.5, 114.4,N/A , N/A , N/A,78,stable,-1.4 ,-3.3, 0.4
"Pierce County, Wisconsin(2)",55093,Urban,102.9 ,84.7, 124,N/A , N/A , N/A,25,stable,0.0 ,-1.8, 2.0
"Clarke County, Mississippi(2)",28023,Rural,102.9 ,76.3, 136.4,N/A , N/A , N/A,12,stable,-1.8 ,-4.0, 0.2
"Gilchrist County, Florida(2)",12041,Urban,102.9 ,77.5, 134.6,N/A , N/A , N/A,13,stable,1.3 ,-2.4, 5.5
"Pecos County, Texas(7)",48371,Rural,102.9 ,71.8, 143,N/A , N/A , N/A,7,stable,2.5 ,-1.2, 7.1
"Randolph County, Alabama(2)",01111,Rural,102.9 ,80.6, 130,N/A , N/A , N/A,16,stable,-0.5 ,-2.4, 1.3
"Orange County, Vermont(2)",50017,Rural,102.8 ,83.6, 125.6,N/A , N/A , N/A,24,stable,-1.0 ,-3.8, 1.7
"Knott County, Kentucky(7)",21119,Rural,102.8 ,74.6, 138.8,N/A , N/A , N/A,10,stable,2.0 ,-1.1, 5.8
"Barry County, Missouri(2)",29009,Rural,102.7 ,84.5, 124,N/A , N/A , N/A,26,stable,1.1 ,-0.9, 3.1
"Lawrence County, Mississippi(2)",28077,Rural,102.7 ,72.3, 142.3,N/A , N/A , N/A,8,stable,-0.6 ,-4.6, 3.1
"Shoshone County, Idaho(7)",16079,Rural,102.6 ,73.9, 139.6,N/A , N/A , N/A,10,stable,-1.4 ,-3.8, 0.9
"Buena Vista City, Virginia(2)",51530,Rural,102.6 ,64.7, 156.7,N/A , N/A , N/A,5,*,*,*,*
"Northumberland County, Virginia(2)",51133,Rural,102.5 ,74.8, 140.5,N/A , N/A , N/A,14,falling,-3.8 ,-21.1, -0.1
"Richland County, Illinois(7)",17159,Rural,102.4 ,76.2, 135.4,N/A , N/A , N/A,12,stable,0.2 ,-2.7, 3.3
"Page County, Iowa(7)",19145,Rural,102.4 ,75.4, 136.9,N/A , N/A , N/A,12,stable,-0.7 ,-2.4, 0.9
"Boone County, Nebraska(2)",31011,Rural,102.4 ,56.4, 172,N/A , N/A , N/A,4,stable,-0.3 ,-5.1, 4.5
"Bledsoe County, Tennessee(2)",47007,Rural,102.2 ,74.1, 139.2,N/A , N/A , N/A,10,stable,-0.2 ,-2.7, 2.7
"Rio Grande County, Colorado(2)",08105,Rural,102.2 ,69.3, 145.8,N/A , N/A , N/A,7,stable,-0.1 ,-4.1, 3.8
"Franklin County, Maine(2)",23007,Rural,102.2 ,83.8, 124.1,N/A , N/A , N/A,25,falling,-12.0 ,-20.9, -0.9
"Milam County, Texas(7)",48331,Rural,102.2 ,81.7, 126.8,N/A , N/A , N/A,19,stable,0.1 ,-1.2, 1.6
"Wilcox County, Georgia(7)",13315,Rural,102.2 ,63, 157.9,N/A , N/A , N/A,5,stable,-0.4 ,-3.5, 2.8
"Brown County, Indiana(2)",18013,Urban,102.2 ,77.8, 133.5,N/A , N/A , N/A,14,stable,-1.5 ,-3.9, 0.8
"Fayette County, Alabama(2)",01057,Rural,102.1 ,76.7, 134,N/A , N/A , N/A,12,falling,-3.8 ,-16.0, -1.0
"Charlevoix County, Michigan(2)",26029,Rural,102.1 ,82.6, 125.7,N/A , N/A , N/A,23,stable,-0.2 ,-2.3, 1.9
"Douglas County, Missouri(2)",29067,Rural,102.1 ,72.5, 141.3,N/A , N/A , N/A,9,stable,15.9 ,-1.6, 49.4
"Wyoming County, West Virginia(2)",54109,Rural,102.1 ,79.2, 130.2,N/A , N/A , N/A,15,rising,6.9 ,1.5, 21.4
"Fremont County, Iowa(7)",19071,Rural,102 ,62.5, 159.2,N/A , N/A , N/A,5,falling,-2.1 ,-4.1, -0.2
"Chaves County, New Mexico(7)",35005,Rural,101.9 ,87.4, 118.1,N/A , N/A , N/A,38,stable,-0.8 ,-1.7, 0.0
"Athens County, Ohio(2)",39009,Rural,101.8 ,86, 119.8,N/A , N/A , N/A,32,stable,-0.3 ,-2.7, 2.2
"Malheur County, Oregon(2)",41045,Rural,101.8 ,81.4, 125.9,N/A , N/A , N/A,19,stable,-0.1 ,-3.4, 3.1
"Mississippi County, Missouri(2)",29133,Rural,101.7 ,72.3, 140.3,N/A , N/A , N/A,9,stable,-1.5 ,-6.0, 2.8
"Mohave County, Arizona(2)",04015,Urban,101.7 ,94.1, 109.9,N/A , N/A , N/A,188,stable,0.1 ,-1.3, 1.6
"Grundy County, Tennessee(2)",47061,Rural,101.6 ,74.1, 137,N/A , N/A , N/A,10,stable,-0.6 ,-3.5, 2.5
"Jefferson Davis County, Mississippi(2)",28065,Rural,101.6 ,73.6, 138.4,N/A , N/A , N/A,10,stable,-0.8 ,-2.9, 1.3
"Taney County, Missouri(2)",29213,Rural,101.5 ,87.3, 117.6,N/A , N/A , N/A,42,stable,0.0 ,-1.3, 1.3
"Washakie County, Wyoming(2)",56043,Rural,101.5 ,65.2, 153,N/A , N/A , N/A,6,stable,2.6 ,-1.1, 6.7
"Conejos County, Colorado(2)",08021,Rural,101.5 ,60.5, 159.5,N/A , N/A , N/A,4,stable,2.5 ,-1.8, 7.3
"Kalkaska County, Michigan(2)",26079,Urban,101.4 ,77.4, 131.5,N/A , N/A , N/A,14,stable,-1.5 ,-3.5, 0.5
"Woodruff County, Arkansas(2)",05147,Rural,101.4 ,61, 160.2,N/A , N/A , N/A,5,stable,0.8 ,-3.8, 5.5
"Worth County, Georgia(7)",13321,Urban,101.1 ,77.6, 129.8,N/A , N/A , N/A,14,stable,-0.3 ,-2.1, 1.6
"Clay County, West Virginia(2)",54015,Urban,101.1 ,68.8, 146.3,N/A , N/A , N/A,7,stable,-2.0 ,-7.0, 2.5
"Clay County, North Carolina(2)",37043,Rural,101.1 ,72.7, 139.9,N/A , N/A , N/A,11,stable,-25.3 ,-50.5, 1.6
"Bryan County, Oklahoma(2)",40013,Rural,101.1 ,85, 119.5,N/A , N/A , N/A,30,stable,-0.8 ,-1.9, 0.4
"Little River County, Arkansas(2)",05081,Urban,101.1 ,73.4, 137.1,N/A , N/A , N/A,10,stable,-0.3 ,-3.8, 3.4
"Scott County, Indiana(2)",18143,Rural,101 ,80, 126.3,N/A , N/A , N/A,17,stable,-2.0 ,-4.1, 0.0
"Amite County, Mississippi(2)",28005,Rural,100.9 ,73.8, 136.2,N/A , N/A , N/A,11,stable,-0.9 ,-3.7, 1.9
"Wharton County, Texas(7)",48481,Rural,100.9 ,83.5, 120.9,N/A , N/A , N/A,26,stable,0.2 ,-1.9, 2.4
"Wabash County, Illinois(7)",17185,Rural,100.8 ,72.3, 138.4,N/A , N/A , N/A,9,stable,-1.0 ,-3.4, 1.4
"Douglas County, Wisconsin(2)",55031,Urban,100.8 ,84.6, 119.6,N/A , N/A , N/A,30,stable,0.6 ,-8.1, 5.7
"Madison County, Texas(7)",48313,Rural,100.8 ,68.5, 143.1,N/A , N/A , N/A,7,stable,0.0 ,-3.2, 3.5
"Hidalgo County, Texas(7)",48215,Urban,100.7 ,96.4, 105.2,N/A , N/A , N/A,416,rising,1.0 ,0.3, 3.7
"Newton County, Texas(7)",48351,Rural,100.7 ,72.7, 137.4,N/A , N/A , N/A,10,stable,0.1 ,-2.8, 3.1
"Jackson County, Arkansas(2)",05067,Rural,100.7 ,74.8, 133.2,N/A , N/A , N/A,11,stable,0.2 ,-2.3, 2.6
"Beaver County, Oklahoma(2)",40007,Rural,100.6 ,56.2, 169.1,N/A , N/A , N/A,3,stable,1.5 ,-3.7, 6.9
"Howard County, Texas(7)",48227,Rural,100.6 ,79.9, 125.1,N/A , N/A , N/A,17,stable,-1.1 ,-3.0, 1.0
"Claiborne County, Tennessee(2)",47025,Rural,100.5 ,82.7, 121.5,N/A , N/A , N/A,24,falling,-6.1 ,-19.8, -0.4
"Franklin Parish, Louisiana(7)",22041,Rural,100.4 ,75.9, 130.5,N/A , N/A , N/A,13,stable,0.7 ,-2.0, 3.5
"Fulton County, Indiana(2)",18049,Rural,100.4 ,75.6, 130.9,N/A , N/A , N/A,12,stable,-1.0 ,-3.6, 1.4
"Iron County, Utah(7)",49021,Rural,100.3 ,83.9, 119.1,N/A , N/A , N/A,28,stable,-0.6 ,-1.6, 0.6
"Lawrence County, Arkansas(2)",05075,Rural,100.3 ,75.4, 131.5,N/A , N/A , N/A,12,stable,-0.3 ,-3.1, 2.5
"Gunnison County, Colorado(2)",08051,Rural,100.2 ,70.9, 138,N/A , N/A , N/A,8,stable,0.9 ,-1.4, 3.4
"Clay County, Arkansas(2)",05021,Rural,100.2 ,74.8, 132.6,N/A , N/A , N/A,12,stable,-0.5 ,-3.8, 2.8
"Grayson County, Virginia(2)",51077,Rural,100.1 ,73.5, 134.6,N/A , N/A , N/A,12,stable,2.3 ,-1.7, 16.3
"Sitka Borough, Alaska(2)",02220,Rural,100 ,65, 148.9,N/A , N/A , N/A,6,stable,-2.5 ,-6.2, 1.0
"Adair County, Iowa(7)",19001,Rural,100 ,61, 155.2,N/A , N/A , N/A,5,stable,0.4 ,-2.0, 2.7
"Crittenden County, Kentucky(7)",21055,Rural,99.9 ,66.2, 146.2,N/A , N/A , N/A,6,stable,-2.2 ,-5.5, 1.0
"Marshall County, South Dakota(2)",46091,Rural,99.9 ,56.1, 171.2,N/A , N/A , N/A,3,rising,3.6 ,0.4, 7.4
"Union County, Oregon(2)",41061,Rural,99.9 ,79.7, 124,N/A , N/A , N/A,20,stable,-1.7 ,-4.5, 1.0
"Columbia County, Arkansas(2)",05027,Rural,99.9 ,76.2, 128.7,N/A , N/A , N/A,14,stable,-0.1 ,-3.0, 2.8
"Custer County, Colorado(2)",08027,Rural,99.8 ,56.2, 172.8,N/A , N/A , N/A,4,*,*,*,*
"Hickman County, Tennessee(2)",47081,Urban,99.8 ,78.5, 125.7,N/A , N/A , N/A,16,stable,-0.9 ,-3.8, 1.9
"Charlottesville City, Virginia(2)",51540,Urban,99.8 ,82.1, 120.3,N/A , N/A , N/A,24,stable,-1.1 ,-2.9, 0.7
"San Juan County, Utah(7)",49037,Rural,99.7 ,68.5, 139.8,N/A , N/A , N/A,7,stable,1.5 ,-0.3, 4.1
"Cook County, Minnesota(2)",27031,Rural,99.6 ,61.8, 158.9,N/A , N/A , N/A,5,*,*,*,*
"Montgomery County, Georgia(7)",13209,Rural,99.6 ,64.7, 147.8,N/A , N/A , N/A,6,stable,0.1 ,-4.2, 5.2
"Bon Homme County, South Dakota(2)",46009,Rural,99.5 ,58.8, 160.9,N/A , N/A , N/A,5,stable,-0.7 ,-6.6, 5.0
"Saline County, Illinois(7)",17165,Rural,99.5 ,78.6, 124.7,N/A , N/A , N/A,17,stable,-0.8 ,-2.4, 0.8
"Moore County, Texas(7)",48341,Rural,99.5 ,73.1, 132.2,N/A , N/A , N/A,10,stable,0.1 ,-2.5, 3.0
"Caribou County, Idaho(7)",16029,Rural,99.4 ,60.3, 155.2,N/A , N/A , N/A,4,*,*,*,*
"Clay County, Indiana(2)",18021,Urban,99.4 ,78.9, 124,N/A , N/A , N/A,18,stable,-0.6 ,-3.3, 2.2
"Perry County, Tennessee(2)",47135,Rural,99.4 ,66.4, 145.1,N/A , N/A , N/A,6,stable,-2.0 ,-6.4, 2.3
"Hart County, Kentucky(7)",21099,Rural,99.4 ,74.5, 130.2,N/A , N/A , N/A,12,stable,-0.7 ,-3.0, 1.6
"Otero County, Colorado(2)",08089,Rural,99.3 ,75.1, 129.4,N/A , N/A , N/A,13,stable,-0.8 ,-4.1, 2.5
"Russell County, Alabama(2)",01113,Urban,99.3 ,85.1, 115.3,N/A , N/A , N/A,37,falling,-3.8 ,-11.5, -1.0
"Archuleta County, Colorado(2)",08007,Rural,99.3 ,72.6, 134.5,N/A , N/A , N/A,12,stable,-1.1 ,-3.4, 1.3
"Perry County, Mississippi(2)",28111,Urban,99.3 ,67.6, 141.1,N/A , N/A , N/A,7,stable,-2.4 ,-6.6, 1.2
"Pulaski County, Indiana(2)",18131,Rural,99.2 ,69.2, 138.6,N/A , N/A , N/A,8,stable,-1.0 ,-4.2, 2.3
"Telfair County, Georgia(7)",13271,Rural,99.2 ,67.5, 142,N/A , N/A , N/A,7,stable,0.3 ,-4.2, 5.2
"Newton County, Missouri(2)",29145,Urban,99.2 ,85.1, 115.1,N/A , N/A , N/A,39,stable,-1.0 ,-3.0, 1.1
"Whitman County, Washington(2)",53075,Rural,99.2 ,79.7, 121.9,N/A , N/A , N/A,19,stable,-1.8 ,-4.3, 0.6
"Goliad County, Texas(7)",48175,Urban,99.1 ,64.2, 149.4,N/A , N/A , N/A,6,rising,3.2 ,0.4, 6.9
"Mercer County, Illinois(7)",17131,Urban,99.1 ,72.8, 132.6,N/A , N/A , N/A,11,stable,0.1 ,-2.6, 2.9
"Alfalfa County, Oklahoma(2)",40003,Rural,99 ,52.7, 172.7,N/A , N/A , N/A,3,*,*,*,*
"Muhlenberg County, Kentucky(7)",21177,Rural,99 ,80.4, 121.1,N/A , N/A , N/A,22,stable,-0.8 ,-2.2, 0.7
"Scioto County, Ohio(2)",39145,Rural,99 ,86.3, 113.1,N/A , N/A , N/A,48,stable,0.5 ,-1.1, 2.2
"Wells County, Indiana(2)",18179,Urban,98.9 ,78.3, 123.5,N/A , N/A , N/A,18,stable,-1.4 ,-3.2, 0.3
"Puerto Rico(2)",72001,Urban,98.9 ,97, 100.8,N/A , N/A , N/A,2410,rising,1.6 ,1.1, 2.2
"Todd County, Minnesota(2)",27153,Rural,98.8 ,77.7, 124.4,N/A , N/A , N/A,18,stable,0.2 ,-1.7, 2.0
"Candler County, Georgia(7)",13043,Rural,98.8 ,69.5, 137.4,N/A , N/A , N/A,8,stable,-1.3 ,-4.6, 2.3
"Lincoln County, New Mexico(7)",35027,Rural,98.8 ,76, 127.1,N/A , N/A , N/A,18,stable,2.5 ,0.0, 11.5
"George County, Mississippi(2)",28039,Rural,98.7 ,76.7, 125.5,N/A , N/A , N/A,15,stable,1.1 ,-2.0, 4.5
"Dixon County, Nebraska(2)",31051,Rural,98.7 ,59.7, 157.4,N/A , N/A , N/A,4,falling,-3.8 ,-7.9, -0.2
"Hockley County, Texas(7)",48219,Urban,98.7 ,74.6, 128.1,N/A , N/A , N/A,12,stable,2.3 ,-0.7, 5.7
"Appomattox County, Virginia(2)",51011,Urban,98.7 ,73.7, 130.1,N/A , N/A , N/A,12,falling,-8.9 ,-27.1, -1.8
"Goshen County, Wyoming(2)",56015,Rural,98.6 ,69, 137.8,N/A , N/A , N/A,9,stable,27.8 ,-0.3, 50.0
"Fillmore County, Nebraska(2)",31059,Rural,98.5 ,58.6, 159.3,N/A , N/A , N/A,4,stable,-2.4 ,-5.4, 0.6
"Oscoda County, Michigan(2)",26135,Rural,98.5 ,64.3, 147.5,N/A , N/A , N/A,7,stable,-0.7 ,-4.4, 2.5
"Elko County, Nevada(2)",32007,Rural,98.4 ,81.9, 117.3,N/A , N/A , N/A,26,stable,-0.8 ,-2.4, 1.0
"Hale County, Texas(7)",48189,Rural,98.4 ,78.2, 122.3,N/A , N/A , N/A,17,stable,0.7 ,-1.3, 2.9
"Caldwell County, Texas(7)",48055,Urban,98.4 ,82.2, 116.9,N/A , N/A , N/A,27,stable,-0.7 ,-2.2, 1.1
"Sullivan County, Indiana(2)",18153,Urban,98.4 ,75, 127.4,N/A , N/A , N/A,13,stable,-1.9 ,-4.5, 0.6
"Kittitas County, Washington(2)",53037,Rural,98.3 ,81.4, 118,N/A , N/A , N/A,27,stable,-1.5 ,-3.6, 0.6
"Spink County, South Dakota(2)",46115,Rural,98.3 ,58.2, 157.3,N/A , N/A , N/A,5,stable,-2.4 ,-6.1, 0.9
"Parmer County, Texas(7)",48369,Rural,98.2 ,63.2, 145.8,N/A , N/A , N/A,5,*,*,*,*
"Carbon County, Utah(7)",49007,Rural,98.1 ,73.9, 127.9,N/A , N/A , N/A,12,stable,-0.4 ,-1.8, 1.0
"Choctaw County, Alabama(2)",01023,Rural,98.1 ,71.5, 132.7,N/A , N/A , N/A,10,stable,-1.6 ,-11.5, 1.5
"Freestone County, Texas(7)",48161,Rural,98 ,74.4, 127.2,N/A , N/A , N/A,13,stable,0.0 ,-1.9, 2.1
"Furnas County, Nebraska(2)",31065,Rural,98 ,52.4, 170.2,N/A , N/A , N/A,3,stable,-19.7 ,-52.1, 4.2
"Jenkins County, Georgia(7)",13165,Rural,97.9 ,63.6, 145.5,N/A , N/A , N/A,6,rising,3.0 ,0.2, 6.6
"Lewis County, Kentucky(7)",21135,Rural,97.7 ,69.2, 134.7,N/A , N/A , N/A,9,stable,1.0 ,-2.4, 4.8
"Heard County, Georgia(7)",13149,Urban,97.7 ,67.7, 137.4,N/A , N/A , N/A,7,stable,-0.5 ,-3.0, 2.4
"Bradley County, Arkansas(2)",05011,Rural,97.7 ,64.3, 142.5,N/A , N/A , N/A,6,stable,-0.6 ,-4.7, 3.2
"Buchanan County, Virginia(2)",51027,Rural,97.7 ,73.7, 127.7,N/A , N/A , N/A,14,stable,-0.5 ,-3.4, 2.1
"Yuba County, California(7)",06115,Urban,97.6 ,84, 112.6,N/A , N/A , N/A,39,falling,-1.7 ,-2.8, -0.7
"Vinton County, Ohio(2)",39163,Rural,97.5 ,69.1, 134.8,N/A , N/A , N/A,9,stable,-1.6 ,-4.5, 1.1
"Curry County, New Mexico(7)",35009,Rural,97.3 ,79.8, 117.6,N/A , N/A , N/A,23,stable,-0.1 ,-1.4, 1.3
"Madera County, California(7)",06039,Urban,97.3 ,88.1, 107.3,N/A , N/A , N/A,84,stable,-0.5 ,-1.3, 0.5
"Millard County, Utah(7)",49027,Rural,97.3 ,66.7, 137.3,N/A , N/A , N/A,7,stable,1.7 ,-0.2, 4.2
"Williams County, North Dakota(2)",38105,Rural,97.3 ,76.8, 121.4,N/A , N/A , N/A,16,stable,-0.7 ,-2.7, 1.5
"Ray County, Missouri(2)",29177,Urban,97.2 ,75.6, 123.4,N/A , N/A , N/A,15,stable,-0.2 ,-2.8, 2.4
"Ford County, Illinois(7)",17053,Urban,97.2 ,70.2, 132,N/A , N/A , N/A,9,falling,-17.1 ,-34.5, -2.6
"Wayne County, Missouri(2)",29223,Rural,97.1 ,67.2, 137.5,N/A , N/A , N/A,8,stable,-0.3 ,-3.4, 2.7
"Pendleton County, Kentucky(7)",21191,Urban,97.1 ,69.6, 132.6,N/A , N/A , N/A,9,stable,0.5 ,-2.2, 3.5
"Crawford County, Ohio(2)",39033,Rural,97 ,81.2, 115.3,N/A , N/A , N/A,30,stable,-0.2 ,-2.0, 1.6
"Taylor County, Georgia(7)",13269,Rural,96.9 ,64.2, 142.6,N/A , N/A , N/A,6,stable,2.1 ,-0.6, 5.6
"Erath County, Texas(7)",48143,Rural,96.8 ,79.1, 117.3,N/A , N/A , N/A,23,falling,-4.1 ,-9.5, -0.4
"Deer Lodge County, Montana(2)",30023,Rural,96.7 ,65.9, 140.6,N/A , N/A , N/A,8,stable,0.9 ,-3.4, 5.5
"Custer County, Idaho(7)",16037,Rural,96.7 ,55.6, 166.1,N/A , N/A , N/A,4,*,*,*,*
"St. Helena Parish, Louisiana(7)",22091,Urban,96.7 ,65.8, 137.8,N/A , N/A , N/A,7,stable,0.8 ,-1.9, 3.9
"Decatur County, Georgia(7)",13087,Rural,96.7 ,77, 120.1,N/A , N/A , N/A,18,stable,-0.1 ,-2.0, 2.0
"Imperial County, California(7)",06025,Urban,96.5 ,87.5, 106.3,N/A , N/A , N/A,88,stable,-0.3 ,-1.8, 1.3
"Brule County, South Dakota(2)",46015,Rural,96.5 ,56.6, 157.8,N/A , N/A , N/A,4,*,*,*,*
"Sevier County, Arkansas(2)",05133,Rural,96.5 ,68.7, 131.9,N/A , N/A , N/A,8,stable,1.3 ,-2.6, 5.4
"Harrison County, Texas(7)",48203,Urban,96.4 ,83.9, 110.4,N/A , N/A , N/A,46,stable,-0.5 ,-1.7, 0.8
"Laclede County, Missouri(2)",29105,Rural,96.3 ,78.8, 116.8,N/A , N/A , N/A,23,stable,-1.3 ,-2.8, 0.0
"Overton County, Tennessee(2)",47133,Rural,96.3 ,74.7, 122.8,N/A , N/A , N/A,15,stable,-0.2 ,-1.9, 1.6
"Forest County, Pennsylvania(2)",42053,Rural,96.3 ,59.3, 207.3,N/A , N/A , N/A,5,stable,-3.6 ,-17.8, 1.1
"Cameron County, Texas(7)",48061,Urban,96.3 ,90.5, 102.3,N/A , N/A , N/A,218,stable,0.5 ,-0.1, 1.1
"Storey County, Nevada(2)",32029,Urban,96.3 ,50.4, 180.9,N/A , N/A , N/A,3,stable,-2.1 ,-8.1, 3.6
"Vernon Parish, Louisiana(7)",22115,Rural,96.2 ,79.3, 115.6,N/A , N/A , N/A,24,stable,0.5 ,-1.3, 2.5
"Gulf County, Florida(2)",12045,Rural,96.1 ,70.8, 129.5,N/A , N/A , N/A,12,stable,-0.6 ,-3.7, 2.6
"Audrain County, Missouri(2)",29007,Rural,96.1 ,75.8, 120.6,N/A , N/A , N/A,17,stable,-1.5 ,-3.5, 0.4
"Paulding County, Ohio(2)",39125,Rural,96.1 ,71.9, 126.1,N/A , N/A , N/A,12,stable,-0.3 ,-3.0, 2.3
"Clay County, Iowa(7)",19041,Rural,96 ,71.5, 126.9,N/A , N/A , N/A,12,falling,-1.8 ,-3.0, -0.7
"Webb County, Texas(7)",48479,Urban,96 ,88.3, 104.2,N/A , N/A , N/A,117,stable,0.3 ,-0.7, 1.3
"Shelby County, Texas(7)",48419,Rural,96 ,73.4, 123.4,N/A , N/A , N/A,14,stable,-1.8 ,-4.5, 0.8
"McDonald County, Missouri(2)",29119,Rural,95.9 ,73.7, 123,N/A , N/A , N/A,14,stable,1.2 ,-1.2, 4.0
"Steuben County, Indiana(2)",18151,Rural,95.9 ,77.9, 117.1,N/A , N/A , N/A,24,stable,-1.4 ,-2.9, 0.0
"Hempstead County, Arkansas(2)",05057,Rural,95.9 ,72.7, 124.4,N/A , N/A , N/A,13,stable,-0.2 ,-2.4, 5.4
"Bolivar County, Mississippi(2)",28011,Rural,95.8 ,76.9, 118.1,N/A , N/A , N/A,20,falling,-10.7 ,-25.2, -3.3
"Miami County, Indiana(2)",18103,Rural,95.7 ,77.6, 117,N/A , N/A , N/A,21,stable,-2.1 ,-4.7, 0.3
"Perry County, Illinois(7)",17145,Rural,95.5 ,73.4, 123,N/A , N/A , N/A,14,stable,0.4 ,-2.0, 3.0
"Calhoun County, Florida(2)",12013,Rural,95.5 ,67.1, 132.7,N/A , N/A , N/A,8,stable,0.2 ,-2.8, 3.4
"Sierra County, New Mexico(7)",35051,Rural,95.5 ,63.4, 139.4,N/A , N/A , N/A,10,stable,-1.4 ,-3.0, 0.2
"Polk County, Arkansas(2)",05113,Rural,95.4 ,72, 124.6,N/A , N/A , N/A,13,stable,-0.2 ,-2.2, 1.8
"Gilmer County, West Virginia(2)",54021,Rural,95.4 ,51.9, 161.5,N/A , N/A , N/A,3,stable,-1.4 ,-7.2, 5.2
"Vernon County, Missouri(2)",29217,Rural,95.4 ,73.2, 122.8,N/A , N/A , N/A,14,stable,-0.9 ,-2.4, 0.6
"Adair County, Oklahoma(2)",40001,Rural,95.3 ,71.2, 125.3,N/A , N/A , N/A,11,stable,-1.7 ,-5.3, 1.6
"Warren County, Indiana(2)",18171,Urban,95.3 ,60.4, 144.1,N/A , N/A , N/A,5,stable,-2.2 ,-5.7, 1.2
"Taos County, New Mexico(7)",35055,Rural,95.3 ,77.7, 116.1,N/A , N/A , N/A,28,stable,-0.9 ,-2.0, 0.3
"Gaines County, Texas(7)",48165,Rural,95.1 ,68.1, 129,N/A , N/A , N/A,8,stable,0.6 ,-1.4, 3.0
"Lake County, Colorado(2)",08065,Rural,95.1 ,56.3, 151.7,N/A , N/A , N/A,4,*,*,*,*
"Roosevelt County, New Mexico(7)",35041,Rural,95 ,68.5, 128.3,N/A , N/A , N/A,9,stable,-0.1 ,-1.9, 1.8
"Koochiching County, Minnesota(2)",27071,Rural,95 ,67.6, 131.7,N/A , N/A , N/A,10,stable,-1.4 ,-4.4, 1.2
"Dade County, Missouri(2)",29057,Rural,94.9 ,58.8, 147.3,N/A , N/A , N/A,5,stable,0.5 ,-3.4, 4.2
"Rio Arriba County, New Mexico(7)",35039,Rural,94.9 ,78.1, 114.3,N/A , N/A , N/A,26,stable,-0.2 ,-3.3, 0.8
"Decatur County, Iowa(7)",19053,Rural,94.8 ,57.8, 147.7,N/A , N/A , N/A,5,stable,0.6 ,-1.2, 2.7
"Blaine County, Montana(2)",30005,Rural,94.8 ,53.1, 155.6,N/A , N/A , N/A,3,falling,-5.0 ,-23.4, -0.7
"Hughes County, Oklahoma(2)",40063,Rural,94.8 ,66.3, 132.4,N/A , N/A , N/A,8,stable,-2.2 ,-6.5, 1.6
"Gallia County, Ohio(2)",39053,Rural,94.7 ,75.8, 117.2,N/A , N/A , N/A,19,stable,-0.6 ,-2.7, 1.4
"Union County, Georgia(7)",13291,Rural,94.6 ,74.6, 119.3,N/A , N/A , N/A,23,stable,-1.5 ,-3.5, 0.7
"Barren County, Kentucky(7)",21009,Rural,94.5 ,78.5, 112.8,N/A , N/A , N/A,27,stable,-0.7 ,-2.2, 0.9
"Ashley County, Arkansas(2)",05003,Rural,94.5 ,70.3, 124.6,N/A , N/A , N/A,12,falling,-13.1 ,-26.7, -4.9
"Dickinson County, Michigan(2)",26043,Rural,94.4 ,73.1, 120.2,N/A , N/A , N/A,16,stable,-0.3 ,-4.4, 3.6
"Oglala Lakota, South Dakota(2)",46102,Rural,94.3 ,62.1, 137.3,N/A , N/A , N/A,6,stable,-1.2 ,-4.5, 2.5
"Lake County, South Dakota(2)",46079,Rural,94.3 ,60.9, 139.9,N/A , N/A , N/A,6,stable,-1.0 ,-5.2, 3.4
"Washington County, Virginia(2)",51191,Urban,94.2 ,80.6, 109.8,N/A , N/A , N/A,40,falling,-2.8 ,-4.8, -0.9
"Todd County, South Dakota(2)",46121,Rural,94.2 ,53.3, 153.4,N/A , N/A , N/A,3,*,*,*,*
"Henry County, Missouri(2)",29083,Rural,94.2 ,73.4, 119.7,N/A , N/A , N/A,16,stable,0.4 ,-2.3, 3.3
"Harlan County, Kentucky(7)",21095,Rural,94.2 ,74.4, 117.9,N/A , N/A , N/A,17,stable,-0.8 ,-3.3, 1.7
"Upson County, Georgia(7)",13293,Rural,93.9 ,74.4, 117.1,N/A , N/A , N/A,18,stable,-0.3 ,-2.5, 2.0
"Morgan County, Colorado(2)",08087,Rural,93.8 ,73.1, 118.6,N/A , N/A , N/A,15,stable,-0.3 ,-2.4, 1.8
"Colfax County, New Mexico(7)",35007,Rural,93.7 ,63.7, 134,N/A , N/A , N/A,9,stable,0.1 ,-1.9, 2.2
"Newton County, Arkansas(2)",05101,Rural,93.7 ,59.3, 144.1,N/A , N/A , N/A,6,rising,5.3 ,0.7, 25.5
"Santa Cruz County, Arizona(2)",04023,Rural,93.7 ,78.8, 110.8,N/A , N/A , N/A,31,stable,0.1 ,-1.9, 2.4
"Smyth County, Virginia(2)",51173,Rural,93.6 ,75.9, 114.7,N/A , N/A , N/A,22,stable,2.1 ,-0.7, 5.2
"Woodward County, Oklahoma(2)",40153,Rural,93.6 ,69.6, 123.3,N/A , N/A , N/A,11,stable,-1.2 ,-4.5, 2.0
"Summers County, West Virginia(2)",54089,Rural,93.2 ,66.3, 129.1,N/A , N/A , N/A,9,stable,-0.3 ,-2.9, 2.1
"Blackford County, Indiana(2)",18009,Rural,93.2 ,67.1, 127.7,N/A , N/A , N/A,9,stable,-0.1 ,-4.1, 4.1
"Massac County, Illinois(7)",17127,Urban,93.1 ,67.9, 125.6,N/A , N/A , N/A,10,stable,-1.2 ,-4.0, 1.7
"Harrisonburg City, Virginia(2)",51660,Urban,93.1 ,74.8, 114.4,N/A , N/A , N/A,19,stable,0.3 ,-1.2, 1.9
"Wheeler County, Texas(7)",48483,Rural,92.9 ,52.8, 155.5,N/A , N/A , N/A,3,stable,1.6 ,-2.3, 6.1
"Pushmataha County, Oklahoma(2)",40127,Rural,92.9 ,64.2, 131.5,N/A , N/A , N/A,8,stable,2.4 ,-0.7, 5.7
"Leslie County, Kentucky(7)",21131,Rural,92.8 ,62.9, 133.3,N/A , N/A , N/A,7,stable,0.0 ,-3.0, 3.4
"Titus County, Texas(7)",48449,Rural,92.8 ,73.7, 115.4,N/A , N/A , N/A,17,stable,12.1 ,-0.4, 26.4
"Washita County, Oklahoma(2)",40149,Rural,92.7 ,62, 133.9,N/A , N/A , N/A,7,stable,-2.2 ,-5.5, 0.6
"Lassen County, California(7)",06035,Rural,92.7 ,72, 117.8,N/A , N/A , N/A,15,stable,-19.2 ,-38.3, 1.1
"Sevier County, Utah(7)",49041,Rural,92.6 ,70.9, 119.4,N/A , N/A , N/A,13,stable,-0.5 ,-2.2, 1.4
"Gallatin County, Kentucky(7)",21077,Urban,92.6 ,59.4, 139.1,N/A , N/A , N/A,5,stable,-0.6 ,-4.5, 4.1
"Kanabec County, Minnesota(2)",27065,Rural,92.5 ,67.8, 124.1,N/A , N/A , N/A,11,falling,-6.9 ,-26.0, -0.1
"Grant County, Oregon(2)",41023,Rural,92.3 ,58.2, 142.8,N/A , N/A , N/A,6,stable,-1.5 ,-4.9, 2.0
"Greene County, Mississippi(2)",28041,Rural,92.3 ,61.8, 133,N/A , N/A , N/A,6,stable,1.2 ,-3.6, 6.3
"Webster County, Kentucky(7)",21233,Rural,92.2 ,64.8, 127.9,N/A , N/A , N/A,8,stable,-0.8 ,-3.1, 1.5
"Elliott County, Kentucky(7)",21063,Rural,92.1 ,51.4, 153,N/A , N/A , N/A,3,*,*,*,*
"Red River County, Texas(7)",48387,Rural,92 ,64.3, 129,N/A , N/A , N/A,9,stable,-1.9 ,-4.6, 0.7
"Dawson County, Texas(7)",48115,Rural,91.9 ,61.9, 132.2,N/A , N/A , N/A,6,stable,0.1 ,-1.7, 1.9
"Lyon County, Kentucky(7)",21143,Rural,91.7 ,60.5, 138.6,N/A , N/A , N/A,7,stable,0.7 ,-2.7, 4.9
"Woods County, Oklahoma(2)",40151,Rural,91.5 ,55.2, 143.3,N/A , N/A , N/A,4,stable,-2.6 ,-7.6, 2.1
"Holmes County, Ohio(2)",39075,Rural,91.4 ,74, 111.5,N/A , N/A , N/A,21,rising,5.0 ,0.7, 17.4
"Essex County, New York(7)",36031,Rural,91.3 ,75.2, 110.3,N/A , N/A , N/A,27,stable,-0.8 ,-2.4, 0.9
"Navajo County, Arizona(2)",04017,Rural,91.2 ,80.8, 102.7,N/A , N/A , N/A,65,stable,-0.2 ,-1.3, 0.9
"DeKalb County, Tennessee(2)",47041,Rural,91.2 ,69.3, 118.4,N/A , N/A , N/A,13,stable,-0.7 ,-4.1, 2.9
"Ransom County, North Dakota(2)",38073,Rural,91.1 ,52.2, 151.3,N/A , N/A , N/A,4,stable,-1.9 ,-5.7, 1.7
"Ochiltree County, Texas(7)",48357,Rural,90.9 ,56.9, 137.7,N/A , N/A , N/A,5,stable,-0.8 ,-4.0, 2.5
"Hot Springs County, Wyoming(2)",56017,Rural,90.8 ,48.7, 159.9,N/A , N/A , N/A,3,falling,-3.6 ,-7.2, -0.6
"Skamania County, Washington(2)",53059,Urban,90.7 ,62.8, 128.5,N/A , N/A , N/A,8,stable,-1.7 ,-5.8, 2.3
"DeKalb County, Alabama(2)",01049,Rural,90.6 ,78.3, 104.4,N/A , N/A , N/A,42,stable,-0.5 ,-2.3, 1.4
"Caldwell Parish, Louisiana(7)",22021,Rural,90.6 ,59.1, 134,N/A , N/A , N/A,6,stable,0.2 ,-2.4, 2.9
"Chouteau County, Montana(2)",30015,Rural,90.3 ,50.5, 151.1,N/A , N/A , N/A,4,stable,-2.1 ,-7.5, 2.7
"Uintah County, Utah(7)",49047,Rural,90.3 ,70.8, 113.4,N/A , N/A , N/A,15,stable,-0.6 ,-1.8, 0.7
"Camp County, Texas(7)",48063,Rural,89.9 ,62.8, 125.5,N/A , N/A , N/A,8,stable,-2.6 ,-5.6, 0.3
"Pike County, Indiana(2)",18125,Rural,89.8 ,62.3, 126.4,N/A , N/A , N/A,8,stable,-1.7 ,-6.1, 2.3
"Valdez-Cordova Census Area, Alaska(2)",02261,Rural,89.8 ,55.6, 137.9,N/A , N/A , N/A,5,stable,-0.5 ,-5.7, 5.4
"Eastland County, Texas(7)",48133,Rural,89.5 ,64.6, 121,N/A , N/A , N/A,10,stable,-0.4 ,-2.7, 1.9
"Graham County, Arizona(2)",04009,Rural,89.4 ,71.8, 110.1,N/A , N/A , N/A,19,stable,-1.7 ,-3.5, 0.2
"Scurry County, Texas(7)",48415,Rural,89.1 ,62.6, 123,N/A , N/A , N/A,8,stable,-1.7 ,-3.7, 0.2
"Antelope County, Nebraska(2)",31003,Rural,88.9 ,46.8, 153,N/A , N/A , N/A,3,falling,-2.9 ,-6.0, -0.3
"Lea County, New Mexico(7)",35025,Rural,88.9 ,75, 104.5,N/A , N/A , N/A,30,stable,0.0 ,-0.8, 0.9
"Hyde County, North Carolina(2)",37095,Rural,88.9 ,46.8, 160.6,N/A , N/A , N/A,3,stable,-1.2 ,-5.8, 3.3
"Gila County, Arizona(2)",04007,Rural,88.8 ,73.6, 106.3,N/A , N/A , N/A,36,stable,-0.5 ,-3.1, 1.9
"Bell County, Kentucky(7)",21013,Rural,88.7 ,68.3, 113.7,N/A , N/A , N/A,14,stable,-1.1 ,-3.2, 0.8
"Stark County, Illinois(7)",17175,Urban,88.7 ,52, 145.5,N/A , N/A , N/A,4,stable,-2.3 ,-6.4, 1.7
"Keith County, Nebraska(2)",31101,Rural,88.5 ,54.6, 137.4,N/A , N/A , N/A,6,falling,-13.3 ,-38.1, -4.6
"Montgomery County, Arkansas(2)",05097,Rural,88.5 ,58.8, 131.5,N/A , N/A , N/A,7,stable,-1.0 ,-5.4, 3.5
"Sweetwater County, Wyoming(2)",56037,Rural,88.3 ,71, 108.6,N/A , N/A , N/A,19,stable,-0.8 ,-2.8, 1.2
"Stephens County, Texas(7)",48429,Rural,88.3 ,58.5, 130.2,N/A , N/A , N/A,6,stable,-0.4 ,-3.0, 2.3
"Ralls County, Missouri(2)",29173,Rural,88.2 ,57.8, 130.1,N/A , N/A , N/A,6,falling,-3.0 ,-6.3, -0.1
"Logan County, Colorado(2)",08075,Rural,88.1 ,64.3, 118.1,N/A , N/A , N/A,11,stable,-2.9 ,-6.9, 0.6
"Bear Lake County, Idaho(7)",16007,Rural,87.8 ,48, 147.4,N/A , N/A , N/A,3,stable,2.0 ,-3.0, 8.2
"Yuma County, Colorado(2)",08125,Rural,87.6 ,57.2, 129.4,N/A , N/A , N/A,6,stable,0.1 ,-5.7, 6.2
"San Miguel County, New Mexico(7)",35047,Rural,87.5 ,68.8, 110.2,N/A , N/A , N/A,18,stable,-0.6 ,-1.4, 0.2
"Russell County, Kentucky(7)",21207,Rural,87.3 ,64.9, 115.6,N/A , N/A , N/A,11,stable,1.1 ,-1.2, 4.0
"Muskegon County, Michigan(2)",26121,Urban,86.7 ,78.8, 95.2,N/A , N/A , N/A,100,falling,-1.9 ,-3.3, -0.5
"Nye County, Nevada(2)",32023,Rural,86.6 ,73.6, 101.7,N/A , N/A , N/A,42,stable,-1.6 ,-3.8, 0.8
"Bland County, Virginia(2)",51021,Rural,86.5 ,54.4, 138.4,N/A , N/A , N/A,5,*,*,*,*
"Allendale County, South Carolina(2)",45005,Rural,86.5 ,56.8, 130.1,N/A , N/A , N/A,6,stable,-3.2 ,-6.8, 0.0
"Henderson County, Illinois(7)",17071,Rural,86.4 ,52.5, 138,N/A , N/A , N/A,5,stable,-1.1 ,-3.9, 1.8
"San Juan County, New Mexico(7)",35045,Urban,86.1 ,76.5, 96.6,N/A , N/A , N/A,63,stable,-0.5 ,-1.1, 0.1
"Johnson County, Arkansas(2)",05071,Rural,86.1 ,66.4, 110,N/A , N/A , N/A,14,falling,-1.7 ,-3.3, -0.1
"Texas County, Oklahoma(2)",40139,Rural,86 ,61.3, 117.2,N/A , N/A , N/A,8,stable,-0.1 ,-3.4, 3.3
"Geneva County, Alabama(2)",01061,Urban,85.8 ,67.1, 108.6,N/A , N/A , N/A,16,stable,-1.1 ,-4.0, 1.7
"Bath County, Virginia(2)",51017,Rural,85.6 ,48.7, 150.3,N/A , N/A , N/A,3,falling,-3.8 ,-10.5, -1.1
"Power County, Idaho(7)",16077,Rural,85.5 ,50.2, 136.5,N/A , N/A , N/A,4,stable,0.9 ,-2.9, 5.4
"Daviess County, Indiana(2)",18027,Rural,85.2 ,66.9, 107,N/A , N/A , N/A,16,stable,0.1 ,-2.8, 3.1
"Maries County, Missouri(2)",29125,Rural,85.1 ,54.3, 129.3,N/A , N/A , N/A,5,stable,1.0 ,-1.9, 4.2
"Marshall County, Oklahoma(2)",40095,Rural,84.8 ,61.5, 114.9,N/A , N/A , N/A,10,stable,-1.1 ,-4.3, 2.0
"Grant County, New Mexico(7)",35017,Rural,84.5 ,66.8, 106.1,N/A , N/A , N/A,20,stable,-0.7 ,-2.1, 0.6
"Madison Parish, Louisiana(7)",22065,Rural,84.4 ,54.5, 125.3,N/A , N/A , N/A,5,stable,-0.3 ,-3.7, 3.1
"Escambia County, Alabama(2)",01053,Rural,84.4 ,67.7, 104,N/A , N/A , N/A,20,stable,-1.7 ,-4.2, 0.7
"Montgomery County, Iowa(7)",19137,Rural,84.2 ,55, 124.5,N/A , N/A , N/A,6,falling,-19.1 ,-35.9, -0.9
"Oceana County, Michigan(2)",26127,Rural,84.2 ,65.6, 106.9,N/A , N/A , N/A,16,stable,-1.8 ,-4.6, 0.9
"Broadwater County, Montana(2)",30007,Urban,84.1 ,50.8, 134.2,N/A , N/A , N/A,4,stable,-0.6 ,-4.7, 4.2
"Fulton County, Pennsylvania(2)",42057,Rural,83.7 ,59.8, 115.2,N/A , N/A , N/A,9,stable,-1.1 ,-4.0, 1.7
"Baker County, Oregon(2)",41001,Rural,83.5 ,60.8, 113.1,N/A , N/A , N/A,11,stable,-0.5 ,-2.9, 1.7
"DeSoto County, Florida(2)",12027,Rural,83.4 ,65.4, 105.2,N/A , N/A , N/A,18,falling,-14.1 ,-23.1, -2.1
"Cibola County, New Mexico(7)",35006,Rural,83.3 ,64.3, 106.3,N/A , N/A , N/A,15,stable,-16.0 ,-30.7, 0.2
"Fayette County, Indiana(2)",18041,Rural,83.1 ,63.2, 107.7,N/A , N/A , N/A,13,falling,-13.1 ,-28.8, -2.4
"Lee County, Virginia(2)",51105,Rural,82.9 ,63.3, 107.5,N/A , N/A , N/A,14,stable,-2.4 ,-7.1, 1.6
"Glades County, Florida(2)",12043,Rural,82.8 ,52.1, 126.1,N/A , N/A , N/A,6,stable,0.0 ,-3.9, 4.0
"Winston County, Mississippi(2)",28159,Rural,82.7 ,61, 110.3,N/A , N/A , N/A,11,stable,-0.8 ,-4.6, 2.9
"Coleman County, Texas(7)",48083,Rural,82.6 ,51, 129.1,N/A , N/A , N/A,5,stable,0.2 ,-3.5, 4.3
"Callahan County, Texas(7)",48059,Urban,82 ,57.6, 114.3,N/A , N/A , N/A,8,stable,-1.2 ,-3.9, 1.8
"Fulton County, Arkansas(2)",05049,Rural,82 ,56.6, 116.5,N/A , N/A , N/A,8,stable,-1.0 ,-3.8, 1.7
"Schoolcraft County, Michigan(2)",26153,Rural,81.8 ,49.9, 129.4,N/A , N/A , N/A,5,stable,-0.9 ,-5.7, 3.8
"Menominee County, Michigan(2)",26109,Rural,81.6 ,61.8, 106.5,N/A , N/A , N/A,14,stable,0.9 ,-4.0, 6.1
"Cass County, Indiana(2)",18017,Rural,81.1 ,66, 98.9,N/A , N/A , N/A,22,stable,-1.2 ,-2.8, 0.4
"Currituck County, North Carolina(2)",37053,Urban,81 ,63.2, 102.6,N/A , N/A , N/A,16,stable,-0.7 ,-2.9, 1.8
"Washington County, Florida(2)",12133,Urban,80.8 ,62.2, 103.9,N/A , N/A , N/A,14,stable,2.6 ,-0.4, 6.2
"Holmes County, Florida(2)",12059,Rural,80.6 ,58.6, 108.8,N/A , N/A , N/A,10,rising,3.3 ,0.3, 7.0
"Ferry County, Washington(2)",53019,Rural,80.4 ,48.9, 129.2,N/A , N/A , N/A,5,stable,-3.5 ,-7.2, 0.3
"Iron County, Michigan(2)",26071,Rural,80.3 ,54, 117.1,N/A , N/A , N/A,9,falling,-20.9 ,-44.3, -0.7
"Madison County, Florida(2)",12079,Rural,80.3 ,57.9, 109.2,N/A , N/A , N/A,10,stable,0.2 ,-2.6, 3.0
"Hancock County, Iowa(7)",19081,Rural,79.4 ,50.9, 118.7,N/A , N/A , N/A,6,stable,-1.5 ,-3.7, 0.5
"Brewster County, Texas(7)",48043,Rural,78.4 ,51, 117.3,N/A , N/A , N/A,6,stable,-2.2 ,-5.7, 1.2
"Seminole County, Georgia(7)",13253,Rural,78.3 ,50, 118.5,N/A , N/A , N/A,6,stable,-3.5 ,-7.1, 0.1
"Morgan County, Utah(7)",49029,Urban,78 ,49.2, 117.9,N/A , N/A , N/A,5,*,*,*,*
"Izard County, Arkansas(2)",05065,Rural,78 ,52.7, 112.4,N/A , N/A , N/A,8,stable,-1.5 ,-5.1, 2.0
"Swisher County, Texas(7)",48437,Rural,77.9 ,44.7, 128,N/A , N/A , N/A,4,stable,-0.9 ,-4.4, 2.6
"Lane County, Oregon(2)",41039,Urban,76.9 ,71.8, 82.2,N/A , N/A , N/A,198,falling,-36.5 ,-46.8, -30.6
"Merrick County, Nebraska(2)",31121,Urban,76.9 ,46.5, 121.8,N/A , N/A , N/A,4,stable,-2.3 ,-6.0, 1.0
"Knox County, Nebraska(2)",31107,Rural,76.7 ,45.5, 122.6,N/A , N/A , N/A,5,falling,-25.7 ,-48.4, -2.1
"Willacy County, Texas(7)",48489,Rural,76.6 ,52.9, 107.1,N/A , N/A , N/A,7,stable,-0.4 ,-3.2, 2.5
"San Augustine County, Texas(7)",48405,Rural,76.3 ,44.5, 123.6,N/A , N/A , N/A,5,stable,-0.7 ,-4.0, 3.0
"Franklin County, Mississippi(2)",28037,Rural,76.2 ,46.7, 119.9,N/A , N/A , N/A,4,stable,-2.3 ,-6.7, 1.9
"Page County, Virginia(2)",51139,Rural,76.1 ,58.2, 98.3,N/A , N/A , N/A,14,falling,-10.0 ,-19.8, -5.1
"Brooks County, Texas(7)",48047,Rural,75.7 ,41.7, 127.4,N/A , N/A , N/A,3,*,*,*,*
"Love County, Oklahoma(2)",40085,Rural,75 ,46.6, 115,N/A , N/A , N/A,5,stable,-2.3 ,-7.0, 1.8
"White County, Illinois(7)",17193,Rural,74.3 ,51, 105.7,N/A , N/A , N/A,8,falling,-24.0 ,-48.7, -3.7
"Jackson County, Florida(2)",12063,Rural,74.1 ,60.8, 89.8,N/A , N/A , N/A,25,stable,2.0 ,-0.6, 5.0
"Zapata County, Texas(7)",48505,Rural,73.4 ,47.2, 108.8,N/A , N/A , N/A,5,*,*,*,*
"Asotin County, Washington(2)",53003,Urban,73.2 ,54.4, 96.9,N/A , N/A , N/A,12,stable,-2.6 ,-5.6, 0.2
"Jackson County, Tennessee(2)",47087,Rural,73 ,48.5, 107.5,N/A , N/A , N/A,7,stable,-1.8 ,-5.9, 2.5
"Sabine County, Texas(7)",48403,Rural,72.7 ,46.6, 110.6,N/A , N/A , N/A,7,stable,-0.4 ,-3.2, 2.8
"Atkinson County, Georgia(7)",13003,Rural,72.4 ,41.2, 118.7,N/A , N/A , N/A,3,stable,-2.8 ,-6.4, 1.1
"Emery County, Utah(7)",49015,Rural,72.3 ,45.5, 110.6,N/A , N/A , N/A,5,stable,0.8 ,-1.9, 4.2
"Wilbarger County, Texas(7)",48487,Rural,72.3 ,49.4, 103.3,N/A , N/A , N/A,7,stable,-1.7 ,-4.7, 1.2
"Schuyler County, Illinois(7)",17169,Rural,72.2 ,43.6, 117.2,N/A , N/A , N/A,4,stable,-1.3 ,-3.7, 1.3
"Saguache County, Colorado(2)",08109,Rural,71.9 ,42.2, 119.6,N/A , N/A , N/A,4,*,*,*,*
"Scott County, Virginia(2)",51169,Urban,71.4 ,52.1, 96.2,N/A , N/A , N/A,11,*,*,*,*
"Zavala County, Texas(7)",48507,Rural,71.3 ,43.9, 110.6,N/A , N/A , N/A,4,stable,-0.5 ,-4.5, 3.7
"Clinch County, Georgia(7)",13065,Rural,70.1 ,39.9, 116.4,N/A , N/A , N/A,3,stable,0.2 ,-3.8, 4.6
"Buena Vista County, Iowa(7)",19021,Rural,69.4 ,49.4, 94.9,N/A , N/A , N/A,9,falling,-1.9 ,-3.6, -0.3
"Roberts County, South Dakota(2)",46109,Rural,69 ,41.2, 109.1,N/A , N/A , N/A,4,stable,-0.2 ,-6.9, 7.5
"Lee County, Kentucky(7)",21129,Rural,68.9 ,41.1, 113.2,N/A , N/A , N/A,4,stable,-1.2 ,-5.0, 2.8
"Houghton County, Michigan(2)",26061,Rural,68.1 ,52.5, 87,N/A , N/A , N/A,15,stable,-2.3 ,-5.4, 0.5
"Apache County, Arizona(2)",04001,Rural,68 ,56.7, 81.1,N/A , N/A , N/A,28,stable,0.9 ,-0.9, 2.9
"Lincoln County, Tennessee(2)",47103,Rural,67.5 ,53.4, 84.6,N/A , N/A , N/A,17,stable,-1.2 ,-3.9, 1.4
"Walworth County, South Dakota(2)",46129,Rural,67.2 ,37.9, 116.6,N/A , N/A , N/A,3,stable,-1.8 ,-7.0, 3.3
"Tazewell County, Virginia(2)",51185,Rural,67 ,53.2, 83.5,N/A , N/A , N/A,20,falling,-2.5 ,-4.9, -0.3
"Trinity County, California(7)",06105,Rural,66.8 ,45.1, 96.4,N/A , N/A , N/A,8,stable,-2.1 ,-4.7, 0.5
"Frio County, Texas(7)",48163,Rural,66.4 ,42.3, 99,N/A , N/A , N/A,5,falling,-2.7 ,-5.2, -0.4
"Gates County, North Carolina(2)",37073,Urban,66.1 ,41.3, 102.2,N/A , N/A , N/A,5,falling,-3.6 ,-7.5, -0.2
"Del Norte County, California(7)",06015,Rural,66.1 ,48.6, 88.1,N/A , N/A , N/A,11,falling,-2.7 ,-5.2, -0.4
"Breathitt County, Kentucky(7)",21025,Rural,65.5 ,43.7, 95.6,N/A , N/A , N/A,6,falling,-3.6 ,-17.8, -0.2
"Bristol City, Virginia(2)",51520,Urban,62.5 ,43.4, 88,N/A , N/A , N/A,8,*,*,*,*
"McKinley County, New Mexico(7)",35031,Rural,62.1 ,51.6, 74.3,N/A , N/A , N/A,26,stable,-0.4 ,-1.5, 0.8
"Ida County, Iowa(7)",19093,Rural,60.9 ,33.9, 103.8,N/A , N/A , N/A,3,falling,-3.6 ,-30.3, -0.6
"Modoc County, California(7)",06049,Rural,55.9 ,35.6, 88.3,N/A , N/A , N/A,5,falling,-6.3 ,-11.0, -4.2
"Bethel Census Area, Alaska(2)",02050,Rural,53.5 ,31.2, 85.4,N/A , N/A , N/A,4,stable,-2.3 ,-6.2, 1.5
"Baraga County, Michigan(2)",26013,Rural,52.2 ,27.9, 92.6,N/A , N/A , N/A,3,stable,-2.4 ,-6.8, 1.5
"Adams County, Iowa(7)",19003,Rural,* ,*, *,* , * , *,3 or fewer,*,*,*,*
"Adams County, North Dakota(2)",38001,Rural,* ,*, *,* , * , *,3 or fewer,*,*,*,*
"Aleutians East Borough, Alaska(2)",02013,Rural,* ,*, *,* , * , *,3 or fewer,*,*,*,*
"Aleutians West Census Area, Alaska(2)",02016,Rural,* ,*, *,* , * , *,3 or fewer,*,*,*,*
"Alpine County, California(7)",06003,Rural,* ,*, *,* , * , *,3 or fewer,*,*,*,*
"Arthur County, Nebraska(2)",31005,Rural,* ,*, *,* , * , *,3 or fewer,*,*,*,*
"Baca County, Colorado(2)",08009,Rural,* ,*, *,* , * , *,3 or fewer,*,*,*,*
"Banner County, Nebraska(2)",31007,Rural,* ,*, *,* , * , *,3 or fewer,*,*,*,*
"Beaver County, Utah(7)",49001,Rural,* ,*, *,* , * , *,3 or fewer,*,*,*,*
"Bennett County, South Dakota(2)",46007,Rural,* ,*, *,* , * , *,3 or fewer,*,*,*,*
"Bent County, Colorado(2)",08011,Rural,* ,*, *,* , * , *,3 or fewer,*,*,*,*
"Billings County, North Dakota(2)",38007,Rural,* ,*, *,* , * , *,3 or fewer,*,*,*,*
"Blaine County, Nebraska(2)",31009,Rural,* ,*, *,* , * , *,3 or fewer,*,*,*,*
"Borden County, Texas(7)",48033,Rural,* ,*, *,* , * , *,3 or fewer,*,*,*,*
"Bowman County, North Dakota(2)",38011,Rural,* ,*, *,* , * , *,3 or fewer,*,*,*,*
"Boyd County, Nebraska(2)",31015,Rural,* ,*, *,* , * , *,3 or fewer,*,*,*,*
"Briscoe County, Texas(7)",48045,Rural,* ,*, *,* , * , *,3 or fewer,*,*,*,*
"Bristol Bay Borough, Alaska(2)",02060,Rural,* ,*, *,* , * , *,3 or fewer,*,*,*,*
"Brown County, Nebraska(2)",31017,Rural,* ,*, *,* , * , *,3 or fewer,*,*,*,*
"Buffalo County, South Dakota(2)",46017,Rural,* ,*, *,* , * , *,3 or fewer,*,*,*,*
"Burke County, North Dakota(2)",38013,Rural,* ,*, *,* , * , *,3 or fewer,*,*,*,*
"Butte County, Idaho(7)",16023,Urban,* ,*, *,* , * , *,3 or fewer,*,*,*,*
"Camas County, Idaho(7)",16025,Rural,* ,*, *,* , * , *,3 or fewer,*,*,*,*
"Campbell County, South Dakota(2)",46021,Rural,* ,*, *,* , * , *,3 or fewer,*,*,*,*
"Carter County, Montana(2)",30011,Rural,* ,*, *,* , * , *,3 or fewer,*,*,*,*
"Chase County, Nebraska(2)",31029,Rural,* ,*, *,* , * , *,3 or fewer,*,*,*,*
"Cheyenne County, Colorado(2)",08017,Rural,* ,*, *,* , * , *,3 or fewer,*,*,*,*
"Cimarron County, Oklahoma(2)",40025,Rural,* ,*, *,* , * , *,3 or fewer,*,*,*,*
"Clark County, Idaho(7)",16033,Rural,* ,*, *,* , * , *,3 or fewer,*,*,*,*
"Clark County, South Dakota(2)",46025,Rural,* ,*, *,* , * , *,3 or fewer,*,*,*,*
"Clay County, Georgia(7)",13061,Rural,* ,*, *,* , * , *,3 or fewer,*,*,*,*
"Cochran County, Texas(7)",48079,Urban,* ,*, *,* , * , *,3 or fewer,*,*,*,*
"Collingsworth County, Texas(7)",48087,Rural,* ,*, *,* , * , *,3 or fewer,*,*,*,*
"Columbia County, Washington(2)",53013,Rural,* ,*, *,* , * , *,3 or fewer,*,*,*,*
"Concho County, Texas(7)",48095,Rural,* ,*, *,* , * , *,3 or fewer,*,*,*,*
"Corson County, South Dakota(2)",46031,Rural,* ,*, *,* , * , *,3 or fewer,*,*,*,*
"Costilla County, Colorado(2)",08023,Rural,* ,*, *,* , * , *,3 or fewer,*,*,*,*
"Cottle County, Texas(7)",48101,Rural,* ,*, *,* , * , *,3 or fewer,*,*,*,*
"Crane County, Texas(7)",48103,Rural,* ,*, *,* , * , *,3 or fewer,*,*,*,*
"Crockett County, Texas(7)",48105,Rural,* ,*, *,* , * , *,3 or fewer,*,*,*,*
"Crosby County, Texas(7)",48107,Urban,* ,*, *,* , * , *,3 or fewer,*,*,*,*
"Crowley County, Colorado(2)",08025,Rural,* ,*, *,* , * , *,3 or fewer,*,*,*,*
"Culberson County, Texas(7)",48109,Rural,* ,*, *,* , * , *,3 or fewer,*,*,*,*
"Daggett County, Utah(7)",49009,Rural,* ,*, *,* , * , *,3 or fewer,*,*,*,*
"Daniels County, Montana(2)",30019,Rural,* ,*, *,* , * , *,3 or fewer,*,*,*,*
"DeBaca County, New Mexico(7)",35011,Rural,* ,*, *,* , * , *,3 or fewer,*,*,*,*
"Denali, Alaska(2)",02068,Rural,* ,*, *,* , * , *,3 or fewer,*,*,*,*
"Deuel County, Nebraska(2)",31049,Rural,* ,*, *,* , * , *,3 or fewer,*,*,*,*
"Dewey County, Oklahoma(2)",40043,Rural,* ,*, *,* , * , *,3 or fewer,*,*,*,*
"Dickens County, Texas(7)",48125,Rural,* ,*, *,* , * , *,3 or fewer,*,*,*,*
"Dickey County, North Dakota(2)",38021,Rural,* ,*, *,* , * , *,3 or fewer,*,*,*,*
"Divide County, North Dakota(2)",38023,Rural,* ,*, *,* , * , *,3 or fewer,*,*,*,*
"Dolores County, Colorado(2)",08033,Rural,* ,*, *,* , * , *,3 or fewer,*,*,*,*
"Donley County, Texas(7)",48129,Rural,* ,*, *,* , * , *,3 or fewer,*,*,*,*
"Douglas County, South Dakota(2)",46043,Rural,* ,*, *,* , * , *,3 or fewer,*,*,*,*
"Dundy County, Nebraska(2)",31057,Rural,* ,*, *,* , * , *,3 or fewer,*,*,*,*
"Dunn County, North Dakota(2)",38025,Rural,* ,*, *,* , * , *,3 or fewer,*,*,*,*
"Echols County, Georgia(7)",13101,Urban,* ,*, *,* , * , *,3 or fewer,*,*,*,*
"Eddy County, North Dakota(2)",38027,Rural,* ,*, *,* , * , *,3 or fewer,*,*,*,*
"Edmunds County, South Dakota(2)",46045,Rural,* ,*, *,* , * , *,3 or fewer,*,*,*,*
"Edwards County, Texas(7)",48137,Rural,* ,*, *,* , * , *,3 or fewer,*,*,*,*
"Ellis County, Oklahoma(2)",40045,Rural,* ,*, *,* , * , *,3 or fewer,*,*,*,*
"Esmeralda County, Nevada(2)",32009,Rural,* ,*, *,* , * , *,3 or fewer,*,*,*,*
"Eureka County, Nevada(2)",32011,Rural,* ,*, *,* , * , *,3 or fewer,*,*,*,*
"Fallon County, Montana(2)",30025,Rural,* ,*, *,* , * , *,3 or fewer,*,*,*,*
"Faulk County, South Dakota(2)",46049,Rural,* ,*, *,* , * , *,3 or fewer,*,*,*,*
"Fisher County, Texas(7)",48151,Rural,* ,*, *,* , * , *,3 or fewer,*,*,*,*
"Floyd County, Texas(7)",48153,Rural,* ,*, *,* , * , *,3 or fewer,*,*,*,*
"Foard County, Texas(7)",48155,Rural,* ,*, *,* , * , *,3 or fewer,*,*,*,*
"Frontier County, Nebraska(2)",31063,Rural,* ,*, *,* , * , *,3 or fewer,*,*,*,*
"Garden County, Nebraska(2)",31069,Rural,* ,*, *,* , * , *,3 or fewer,*,*,*,*
"Garfield County, Montana(2)",30033,Rural,* ,*, *,* , * , *,3 or fewer,*,*,*,*
"Garfield County, Nebraska(2)",31071,Rural,* ,*, *,* , * , *,3 or fewer,*,*,*,*
"Garfield County, Washington(2)",53023,Rural,* ,*, *,* , * , *,3 or fewer,*,*,*,*
"Garza County, Texas(7)",48169,Urban,* ,*, *,* , * , *,3 or fewer,*,*,*,*
"Gilliam County, Oregon(2)",41021,Rural,* ,*, *,* , * , *,3 or fewer,*,*,*,*
"Glascock County, Georgia(7)",13125,Rural,* ,*, *,* , * , *,3 or fewer,*,*,*,*
"Glasscock County, Texas(7)",48173,Rural,* ,*, *,* , * , *,3 or fewer,*,*,*,*
"Golden Valley County, Montana(2)",30037,Rural,* ,*, *,* , * , *,3 or fewer,*,*,*,*
"Golden Valley County, North Dakota(2)",38033,Rural,* ,*, *,* , * , *,3 or fewer,*,*,*,*
"Gosper County, Nebraska(2)",31073,Rural,* ,*, *,* , * , *,3 or fewer,*,*,*,*
"Granite County, Montana(2)",30039,Rural,* ,*, *,* , * , *,3 or fewer,*,*,*,*
"Grant County, Nebraska(2)",31075,Rural,* ,*, *,* , * , *,3 or fewer,*,*,*,*
"Grant County, North Dakota(2)",38037,Rural,* ,*, *,* , * , *,3 or fewer,*,*,*,*
"Grant County, Oklahoma(2)",40053,Rural,* ,*, *,* , * , *,3 or fewer,*,*,*,*
"Greeley County, Nebraska(2)",31077,Rural,* ,*, *,* , * , *,3 or fewer,*,*,*,*
"Greenlee County, Arizona(2)",04011,Rural,* ,*, *,* , * , *,3 or fewer,*,*,*,*
"Greer County, Oklahoma(2)",40055,Rural,* ,*, *,* , * , *,3 or fewer,*,*,*,*
"Gregory County, South Dakota(2)",46053,Rural,* ,*, *,* , * , *,3 or fewer,*,*,*,*
"Griggs County, North Dakota(2)",38039,Rural,* ,*, *,* , * , *,3 or fewer,*,*,*,*
"Guadalupe County, New Mexico(7)",35019,Rural,* ,*, *,* , * , *,3 or fewer,*,*,*,*
"Haines Borough, Alaska(2)",02100,Rural,* ,*, *,* , * , *,3 or fewer,*,*,*,*
"Hand County, South Dakota(2)",46059,Rural,* ,*, *,* , * , *,3 or fewer,*,*,*,*
"Hansford County, Texas(7)",48195,Rural,* ,*, *,* , * , *,3 or fewer,*,*,*,*
"Hanson County, South Dakota(2)",46061,Rural,* ,*, *,* , * , *,3 or fewer,*,*,*,*
"Hardin County, Illinois(7)",17069,Rural,* ,*, *,* , * , *,3 or fewer,*,*,*,*
"Harding County, New Mexico(7)",35021,Rural,* ,*, *,* , * , *,3 or fewer,*,*,*,*
"Harding County, South Dakota(2)",46063,Rural,* ,*, *,* , * , *,3 or fewer,*,*,*,*
"Harmon County, Oklahoma(2)",40057,Rural,* ,*, *,* , * , *,3 or fewer,*,*,*,*
"Harper County, Oklahoma(2)",40059,Rural,* ,*, *,* , * , *,3 or fewer,*,*,*,*
"Haskell County, Texas(7)",48207,Rural,* ,*, *,* , * , *,3 or fewer,*,*,*,*
"Hayes County, Nebraska(2)",31085,Rural,* ,*, *,* , * , *,3 or fewer,*,*,*,*
"Hemphill County, Texas(7)",48211,Rural,* ,*, *,* , * , *,3 or fewer,*,*,*,*
"Hettinger County, North Dakota(2)",38041,Rural,* ,*, *,* , * , *,3 or fewer,*,*,*,*
"Hickman County, Kentucky(7)",21105,Rural,* ,*, *,* , * , *,3 or fewer,*,*,*,*
"Hidalgo County, New Mexico(7)",35023,Rural,* ,*, *,* , * , *,3 or fewer,*,*,*,*
"Highland County, Virginia(2)",51091,Rural,* ,*, *,* , * , *,3 or fewer,*,*,*,*
"Hinsdale County, Colorado(2)",08053,Rural,* ,*, *,* , * , *,3 or fewer,*,*,*,*
"Hooker County, Nebraska(2)",31091,Rural,* ,*, *,* , * , *,3 or fewer,*,*,*,*
"Hudspeth County, Texas(7)",48229,Urban,* ,*, *,* , * , *,3 or fewer,*,*,*,*
"Hyde County, South Dakota(2)",46069,Rural,* ,*, *,* , * , *,3 or fewer,*,*,*,*
"Irion County, Texas(7)",48235,Urban,* ,*, *,* , * , *,3 or fewer,*,*,*,*
"Issaquena County, Mississippi(2)",28055,Rural,* ,*, *,* , * , *,3 or fewer,*,*,*,*
"Jackson County, Colorado(2)",08057,Rural,* ,*, *,* , * , *,3 or fewer,*,*,*,*
"Jackson County, South Dakota(2)",46071,Rural,* ,*, *,* , * , *,3 or fewer,*,*,*,*
"Jeff Davis County, Texas(7)",48243,Rural,* ,*, *,* , * , *,3 or fewer,*,*,*,*
"Jerauld County, South Dakota(2)",46073,Rural,* ,*, *,* , * , *,3 or fewer,*,*,*,*
"Jim Hogg County, Texas(7)",48247,Rural,* ,*, *,* , * , *,3 or fewer,*,*,*,*
"Jones County, South Dakota(2)",46075,Rural,* ,*, *,* , * , *,3 or fewer,*,*,*,*
"Judith Basin County, Montana(2)",30045,Rural,* ,*, *,* , * , *,3 or fewer,*,*,*,*
"Kalawao County, Hawaii(7)",15005,Urban,* ,*, *,* , * , *,3 or fewer,*,*,*,*
"Kenedy County, Texas(7)",48261,Rural,* ,*, *,* , * , *,3 or fewer,*,*,*,*
"Kent County, Texas(7)",48263,Rural,* ,*, *,* , * , *,3 or fewer,*,*,*,*
"Keweenaw County, Michigan(2)",26083,Rural,* ,*, *,* , * , *,3 or fewer,*,*,*,*
"Keya Paha County, Nebraska(2)",31103,Rural,* ,*, *,* , * , *,3 or fewer,*,*,*,*
"Kidder County, North Dakota(2)",38043,Rural,* ,*, *,* , * , *,3 or fewer,*,*,*,*
"Kimball County, Nebraska(2)",31105,Rural,* ,*, *,* , * , *,3 or fewer,*,*,*,*
"King County, Texas(7)",48269,Rural,* ,*, *,* , * , *,3 or fewer,*,*,*,*
"Kinney County, Texas(7)",48271,Rural,* ,*, *,* , * , *,3 or fewer,*,*,*,*
"Kiowa County, Colorado(2)",08061,Rural,* ,*, *,* , * , *,3 or fewer,*,*,*,*
"Kittson County, Minnesota(2)",27069,Rural,* ,*, *,* , * , *,3 or fewer,*,*,*,*
"Knox County, Texas(7)",48275,Rural,* ,*, *,* , * , *,3 or fewer,*,*,*,*
"Kusilvak Census Area, Alaska(2)",02158,Rural,* ,*, *,* , * , *,3 or fewer,*,*,*,*
"La Salle County, Texas(7)",48283,Rural,* ,*, *,* , * , *,3 or fewer,*,*,*,*
"Lake County, Tennessee(2)",47095,Rural,* ,*, *,* , * , *,3 or fewer,*,*,*,*
"Lake and Peninsula Borough, Alaska(2)",02164,Rural,* ,*, *,* , * , *,3 or fewer,*,*,*,*
"Lander County, Nevada(2)",32015,Rural,* ,*, *,* , * , *,3 or fewer,*,*,*,*
"Liberty County, Montana(2)",30051,Rural,* ,*, *,* , * , *,3 or fewer,*,*,*,*
"Lincoln County, Idaho(7)",16063,Rural,* ,*, *,* , * , *,3 or fewer,*,*,*,*
"Logan County, Nebraska(2)",31113,Rural,* ,*, *,* , * , *,3 or fewer,*,*,*,*
"Logan County, North Dakota(2)",38047,Rural,* ,*, *,* , * , *,3 or fewer,*,*,*,*
"Loup County, Nebraska(2)",31115,Rural,* ,*, *,* , * , *,3 or fewer,*,*,*,*
"Loving County, Texas(7)",48301,Rural,* ,*, *,* , * , *,3 or fewer,*,*,*,*
"Lyman County, South Dakota(2)",46085,Rural,* ,*, *,* , * , *,3 or fewer,*,*,*,*
"McCone County, Montana(2)",30055,Rural,* ,*, *,* , * , *,3 or fewer,*,*,*,*
"McIntosh County, North Dakota(2)",38051,Rural,* ,*, *,* , * , *,3 or fewer,*,*,*,*
"McMullen County, Texas(7)",48311,Rural,* ,*, *,* , * , *,3 or fewer,*,*,*,*
"McPherson County, Nebraska(2)",31117,Rural,* ,*, *,* , * , *,3 or fewer,*,*,*,*
"McPherson County, South Dakota(2)",46089,Rural,* ,*, *,* , * , *,3 or fewer,*,*,*,*
"Meagher County, Montana(2)",30059,Rural,* ,*, *,* , * , *,3 or fewer,*,*,*,*
"Mellette County, South Dakota(2)",46095,Rural,* ,*, *,* , * , *,3 or fewer,*,*,*,*
"Menard County, Texas(7)",48327,Rural,* ,*, *,* , * , *,3 or fewer,*,*,*,*
"Menominee County, Wisconsin(2)",55078,Rural,* ,*, *,* , * , *,3 or fewer,*,*,*,*
"Miner County, South Dakota(2)",46097,Rural,* ,*, *,* , * , *,3 or fewer,*,*,*,*
"Mineral County, Colorado(2)",08079,Rural,* ,*, *,* , * , *,3 or fewer,*,*,*,*
"Mineral County, Montana(2)",30061,Urban,* ,*, *,* , * , *,3 or fewer,*,*,*,*
"Mineral County, Nevada(2)",32021,Rural,* ,*, *,* , * , *,3 or fewer,*,*,*,*
"Motley County, Texas(7)",48345,Rural,* ,*, *,* , * , *,3 or fewer,*,*,*,*
"Niobrara County, Wyoming(2)",56027,Rural,* ,*, *,* , * , *,3 or fewer,*,*,*,*
"North Slope Borough, Alaska(2)",02185,Rural,* ,*, *,* , * , *,3 or fewer,*,*,*,*
"Northwest Arctic Borough, Alaska(2)",02188,Rural,* ,*, *,* , * , *,3 or fewer,*,*,*,*
"Norton City, Virginia(2)",51720,Rural,* ,*, *,* , * , *,3 or fewer,*,*,*,*
"Oldham County, Texas(7)",48359,Urban,* ,*, *,* , * , *,3 or fewer,*,*,*,*
"Oliver County, North Dakota(2)",38065,Urban,* ,*, *,* , * , *,3 or fewer,*,*,*,*
"Oneida County, Idaho(7)",16071,Rural,* ,*, *,* , * , *,3 or fewer,*,*,*,*
"Pawnee County, Nebraska(2)",31133,Rural,* ,*, *,* , * , *,3 or fewer,*,*,*,*
"Pendleton County, West Virginia(2)",54071,Rural,* ,*, *,* , * , *,3 or fewer,*,*,*,*
"Perkins County, Nebraska(2)",31135,Rural,* ,*, *,* , * , *,3 or fewer,*,*,*,*
"Perkins County, South Dakota(2)",46105,Rural,* ,*, *,* , * , *,3 or fewer,*,*,*,*
"Pershing County, Nevada(2)",32027,Rural,* ,*, *,* , * , *,3 or fewer,*,*,*,*
"Petersburg Census Area, Alaska(2)",02195,Rural,* ,*, *,* , * , *,3 or fewer,*,*,*,*
"Petroleum County, Montana(2)",30069,Rural,* ,*, *,* , * , *,3 or fewer,*,*,*,*
"Phillips County, Colorado(2)",08095,Rural,* ,*, *,* , * , *,3 or fewer,*,*,*,*
"Piute County, Utah(7)",49031,Rural,* ,*, *,* , * , *,3 or fewer,*,*,*,*
"Pope County, Illinois(7)",17151,Rural,* ,*, *,* , * , *,3 or fewer,*,*,*,*
"Potter County, South Dakota(2)",46107,Rural,* ,*, *,* , * , *,3 or fewer,*,*,*,*
"Powder River County, Montana(2)",30075,Rural,* ,*, *,* , * , *,3 or fewer,*,*,*,*
"Prairie County, Montana(2)",30079,Rural,* ,*, *,* , * , *,3 or fewer,*,*,*,*
"Prince of Wales-Hyder Census Area, Alaska(2)",02198,Rural,* ,*, *,* , * , *,3 or fewer,*,*,*,*
"Quitman County, Georgia(7)",13239,Rural,* ,*, *,* , * , *,3 or fewer,*,*,*,*
"Reagan County, Texas(7)",48383,Rural,* ,*, *,* , * , *,3 or fewer,*,*,*,*
"Renville County, North Dakota(2)",38075,Urban,* ,*, *,* , * , *,3 or fewer,*,*,*,*
"Rich County, Utah(7)",49033,Rural,* ,*, *,* , * , *,3 or fewer,*,*,*,*
"Roberts County, Texas(7)",48393,Rural,* ,*, *,* , * , *,3 or fewer,*,*,*,*
"Robertson County, Kentucky(7)",21201,Rural,* ,*, *,* , * , *,3 or fewer,*,*,*,*
"Rock County, Nebraska(2)",31149,Rural,* ,*, *,* , * , *,3 or fewer,*,*,*,*
"Roger Mills County, Oklahoma(2)",40129,Rural,* ,*, *,* , * , *,3 or fewer,*,*,*,*
"San Juan County, Colorado(2)",08111,Rural,* ,*, *,* , * , *,3 or fewer,*,*,*,*
"Sanborn County, South Dakota(2)",46111,Rural,* ,*, *,* , * , *,3 or fewer,*,*,*,*
"Schleicher County, Texas(7)",48413,Rural,* ,*, *,* , * , *,3 or fewer,*,*,*,*
"Schley County, Georgia(7)",13249,Rural,* ,*, *,* , * , *,3 or fewer,*,*,*,*
"Schuyler County, Missouri(2)",29197,Rural,* ,*, *,* , * , *,3 or fewer,*,*,*,*
"Scotland County, Missouri(2)",29199,Rural,* ,*, *,* , * , *,3 or fewer,*,*,*,*
"Sedgwick County, Colorado(2)",08115,Rural,* ,*, *,* , * , *,3 or fewer,*,*,*,*
"Shackelford County, Texas(7)",48417,Rural,* ,*, *,* , * , *,3 or fewer,*,*,*,*
"Sheridan County, Montana(2)",30091,Rural,* ,*, *,* , * , *,3 or fewer,*,*,*,*
"Sheridan County, North Dakota(2)",38083,Rural,* ,*, *,* , * , *,3 or fewer,*,*,*,*
"Sherman County, Nebraska(2)",31163,Rural,* ,*, *,* , * , *,3 or fewer,*,*,*,*
"Sherman County, Oregon(2)",41055,Rural,* ,*, *,* , * , *,3 or fewer,*,*,*,*
"Sherman County, Texas(7)",48421,Rural,* ,*, *,* , * , *,3 or fewer,*,*,*,*
"Sierra County, California(7)",06091,Rural,* ,*, *,* , * , *,3 or fewer,*,*,*,*
"Sioux County, Nebraska(2)",31165,Rural,* ,*, *,* , * , *,3 or fewer,*,*,*,*
"Sioux County, North Dakota(2)",38085,Rural,* ,*, *,* , * , *,3 or fewer,*,*,*,*
"Skagway Municipality, Alaska(2)",02230,Rural,* ,*, *,* , * , *,3 or fewer,*,*,*,*
"Slope County, North Dakota(2)",38087,Rural,* ,*, *,* , * , *,3 or fewer,*,*,*,*
"Steele County, North Dakota(2)",38091,Rural,* ,*, *,* , * , *,3 or fewer,*,*,*,*
"Sterling County, Texas(7)",48431,Rural,* ,*, *,* , * , *,3 or fewer,*,*,*,*
"Stonewall County, Texas(7)",48433,Rural,* ,*, *,* , * , *,3 or fewer,*,*,*,*
"Sully County, South Dakota(2)",46119,Rural,* ,*, *,* , * , *,3 or fewer,*,*,*,*
"Sutton County, Texas(7)",48435,Rural,* ,*, *,* , * , *,3 or fewer,*,*,*,*
"Taliaferro County, Georgia(7)",13265,Rural,* ,*, *,* , * , *,3 or fewer,*,*,*,*
"Tensas Parish, Louisiana(7)",22107,Rural,* ,*, *,* , * , *,3 or fewer,*,*,*,*
"Terrell County, Texas(7)",48443,Rural,* ,*, *,* , * , *,3 or fewer,*,*,*,*
"Thomas County, Nebraska(2)",31171,Rural,* ,*, *,* , * , *,3 or fewer,*,*,*,*
"Throckmorton County, Texas(7)",48447,Rural,* ,*, *,* , * , *,3 or fewer,*,*,*,*
"Toole County, Montana(2)",30101,Rural,* ,*, *,* , * , *,3 or fewer,*,*,*,*
"Towner County, North Dakota(2)",38095,Rural,* ,*, *,* , * , *,3 or fewer,*,*,*,*
"Traverse County, Minnesota(2)",27155,Rural,* ,*, *,* , * , *,3 or fewer,*,*,*,*
"Treasure County, Montana(2)",30103,Rural,* ,*, *,* , * , *,3 or fewer,*,*,*,*
"Union County, New Mexico(7)",35059,Rural,* ,*, *,* , * , *,3 or fewer,*,*,*,*
"Upton County, Texas(7)",48461,Rural,* ,*, *,* , * , *,3 or fewer,*,*,*,*
"Wayne County, Utah(7)",49055,Rural,* ,*, *,* , * , *,3 or fewer,*,*,*,*
"Webster County, Nebraska(2)",31181,Rural,* ,*, *,* , * , *,3 or fewer,*,*,*,*
"Wheatland County, Montana(2)",30107,Rural,* ,*, *,* , * , *,3 or fewer,*,*,*,*
"Wheeler County, Nebraska(2)",31183,Rural,* ,*, *,* , * , *,3 or fewer,*,*,*,*
"Wheeler County, Oregon(2)",41069,Rural,* ,*, *,* , * , *,3 or fewer,*,*,*,*
"White Pine County, Nevada(2)",32033,Rural,* ,*, *,* , * , *,3 or fewer,*,*,*,*
"Wibaux County, Montana(2)",30109,Rural,* ,*, *,* , * , *,3 or fewer,*,*,*,*
"Winkler County, Texas(7)",48495,Rural,* ,*, *,* , * , *,3 or fewer,*,*,*,*
"Worth County, Missouri(2)",29227,Rural,* ,*, *,* , * , *,3 or fewer,*,*,*,*
"Wrangell Borough, Alaska(2)",02275,Rural,* ,*, *,* , * , *,3 or fewer,*,*,*,*
"Yakutat City and Borough, Alaska(2)",02282,Rural,* ,*, *,* , * , *,3 or fewer,*,*,*,*
"Ziebach County, South Dakota(2)",46137,Rural,* ,*, *,* , * , *,3 or fewer,*,*,*,*
"Allen County, Kansas(2)",20001,Rural,[P1 note] ,[P1 note], [P1 note],&para; , &para; , &para;,[P1 note],[P1 note],[P1 note],[P1 note],[P1 note]
"Anderson County, Kansas(2)",20003,Rural,[P1 note] ,[P1 note], [P1 note],&para; , &para; , &para;,[P1 note],[P1 note],[P1 note],[P1 note],[P1 note]
"Atchison County, Kansas(2)",20005,Rural,[P1 note] ,[P1 note], [P1 note],&para; , &para; , &para;,[P1 note],[P1 note],[P1 note],[P1 note],[P1 note]
"Barber County, Kansas(2)",20007,Rural,[P1 note] ,[P1 note], [P1 note],&para; , &para; , &para;,[P1 note],[P1 note],[P1 note],[P1 note],[P1 note]
"Barton County, Kansas(2)",20009,Rural,[P1 note] ,[P1 note], [P1 note],&para; , &para; , &para;,[P1 note],[P1 note],[P1 note],[P1 note],[P1 note]
"Bourbon County, Kansas(2)",20011,Rural,[P1 note] ,[P1 note], [P1 note],&para; , &para; , &para;,[P1 note],[P1 note],[P1 note],[P1 note],[P1 note]
"Brown County, Kansas(2)",20013,Rural,[P1 note] ,[P1 note], [P1 note],&para; , &para; , &para;,[P1 note],[P1 note],[P1 note],[P1 note],[P1 note]
"Butler County, Kansas(2)",20015,Urban,[P1 note] ,[P1 note], [P1 note],&para; , &para; , &para;,[P1 note],[P1 note],[P1 note],[P1 note],[P1 note]
"Chase County, Kansas(2)",20017,Rural,[P1 note] ,[P1 note], [P1 note],&para; , &para; , &para;,[P1 note],[P1 note],[P1 note],[P1 note],[P1 note]
"Chautauqua County, Kansas(2)",20019,Rural,[P1 note] ,[P1 note], [P1 note],&para; , &para; , &para;,[P1 note],[P1 note],[P1 note],[P1 note],[P1 note]
"Cherokee County, Kansas(2)",20021,Urban,[P1 note] ,[P1 note], [P1 note],&para; , &para; , &para;,[P1 note],[P1 note],[P1 note],[P1 note],[P1 note]
"Cheyenne County, Kansas(2)",20023,Rural,[P1 note] ,[P1 note], [P1 note],&para; , &para; , &para;,[P1 note],[P1 note],[P1 note],[P1 note],[P1 note]
"Clark County, Kansas(2)",20025,Rural,[P1 note] ,[P1 note], [P1 note],&para; , &para; , &para;,[P1 note],[P1 note],[P1 note],[P1 note],[P1 note]
"Clay County, Kansas(2)",20027,Rural,[P1 note] ,[P1 note], [P1 note],&para; , &para; , &para;,[P1 note],[P1 note],[P1 note],[P1 note],[P1 note]
"Cloud County, Kansas(2)",20029,Rural,[P1 note] ,[P1 note], [P1 note],&para; , &para; , &para;,[P1 note],[P1 note],[P1 note],[P1 note],[P1 note]
"Coffey County, Kansas(2)",20031,Rural,[P1 note] ,[P1 note], [P1 note],&para; , &para; , &para;,[P1 note],[P1 note],[P1 note],[P1 note],[P1 note]
"Comanche County, Kansas(2)",20033,Rural,[P1 note] ,[P1 note], [P1 note],&para; , &para; , &para;,[P1 note],[P1 note],[P1 note],[P1 note],[P1 note]
"Cowley County, Kansas(2)",20035,Rural,[P1 note] ,[P1 note], [P1 note],&para; , &para; , &para;,[P1 note],[P1 note],[P1 note],[P1 note],[P1 note]
"Crawford County, Kansas(2)",20037,Rural,[P1 note] ,[P1 note], [P1 note],&para; , &para; , &para;,[P1 note],[P1 note],[P1 note],[P1 note],[P1 note]
"Decatur County, Kansas(2)",20039,Rural,[P1 note] ,[P1 note], [P1 note],&para; , &para; , &para;,[P1 note],[P1 note],[P1 note],[P1 note],[P1 note]
"Dickinson County, Kansas(2)",20041,Rural,[P1 note] ,[P1 note], [P1 note],&para; , &para; , &para;,[P1 note],[P1 note],[P1 note],[P1 note],[P1 note]
"Doniphan County, Kansas(2)",20043,Urban,[P1 note] ,[P1 note], [P1 note],&para; , &para; , &para;,[P1 note],[P1 note],[P1 note],[P1 note],[P1 note]
"Douglas County, Kansas(2)",20045,Urban,[P1 note] ,[P1 note], [P1 note],&para; , &para; , &para;,[P1 note],[P1 note],[P1 note],[P1 note],[P1 note]
"Edwards County, Kansas(2)",20047,Rural,[P1 note] ,[P1 note], [P1 note],&para; , &para; , &para;,[P1 note],[P1 note],[P1 note],[P1 note],[P1 note]
"Elk County, Kansas(2)",20049,Rural,[P1 note] ,[P1 note], [P1 note],&para; , &para; , &para;,[P1 note],[P1 note],[P1 note],[P1 note],[P1 note]
"Ellis County, Kansas(2)",20051,Rural,[P1 note] ,[P1 note], [P1 note],&para; , &para; , &para;,[P1 note],[P1 note],[P1 note],[P1 note],[P1 note]
"Ellsworth County, Kansas(2)",20053,Rural,[P1 note] ,[P1 note], [P1 note],&para; , &para; , &para;,[P1 note],[P1 note],[P1 note],[P1 note],[P1 note]
"Finney County, Kansas(2)",20055,Rural,[P1 note] ,[P1 note], [P1 note],&para; , &para; , &para;,[P1 note],[P1 note],[P1 note],[P1 note],[P1 note]
"Ford County, Kansas(2)",20057,Rural,[P1 note] ,[P1 note], [P1 note],&para; , &para; , &para;,[P1 note],[P1 note],[P1 note],[P1 note],[P1 note]
"Franklin County, Kansas(2)",20059,Rural,[P1 note] ,[P1 note], [P1 note],&para; , &para; , &para;,[P1 note],[P1 note],[P1 note],[P1 note],[P1 note]
"Geary County, Kansas(2)",20061,Urban,[P1 note] ,[P1 note], [P1 note],&para; , &para; , &para;,[P1 note],[P1 note],[P1 note],[P1 note],[P1 note]
"Gove County, Kansas(2)",20063,Rural,[P1 note] ,[P1 note], [P1 note],&para; , &para; , &para;,[P1 note],[P1 note],[P1 note],[P1 note],[P1 note]
"Graham County, Kansas(2)",20065,Rural,[P1 note] ,[P1 note], [P1 note],&para; , &para; , &para;,[P1 note],[P1 note],[P1 note],[P1 note],[P1 note]
"Grant County, Kansas(2)",20067,Rural,[P1 note] ,[P1 note], [P1 note],&para; , &para; , &para;,[P1 note],[P1 note],[P1 note],[P1 note],[P1 note]
"Gray County, Kansas(2)",20069,Rural,[P1 note] ,[P1 note], [P1 note],&para; , &para; , &para;,[P1 note],[P1 note],[P1 note],[P1 note],[P1 note]
"Greeley County, Kansas(2)",20071,Rural,[P1 note] ,[P1 note], [P1 note],&para; , &para; , &para;,[P1 note],[P1 note],[P1 note],[P1 note],[P1 note]
"Greenwood County, Kansas(2)",20073,Rural,[P1 note] ,[P1 note], [P1 note],&para; , &para; , &para;,[P1 note],[P1 note],[P1 note],[P1 note],[P1 note]
"Hamilton County, Kansas(2)",20075,Rural,[P1 note] ,[P1 note], [P1 note],&para; , &para; , &para;,[P1 note],[P1 note],[P1 note],[P1 note],[P1 note]
"Harper County, Kansas(2)",20077,Rural,[P1 note] ,[P1 note], [P1 note],&para; , &para; , &para;,[P1 note],[P1 note],[P1 note],[P1 note],[P1 note]
"Harvey County, Kansas(2)",20079,Urban,[P1 note] ,[P1 note], [P1 note],&para; , &para; , &para;,[P1 note],[P1 note],[P1 note],[P1 note],[P1 note]
"Haskell County, Kansas(2)",20081,Rural,[P1 note] ,[P1 note], [P1 note],&para; , &para; , &para;,[P1 note],[P1 note],[P1 note],[P1 note],[P1 note]
"Hodgeman County, Kansas(2)",20083,Rural,[P1 note] ,[P1 note], [P1 note],&para; , &para; , &para;,[P1 note],[P1 note],[P1 note],[P1 note],[P1 note]
"Jackson County, Kansas(2)",20085,Urban,[P1 note] ,[P1 note], [P1 note],&para; , &para; , &para;,[P1 note],[P1 note],[P1 note],[P1 note],[P1 note]
"Jefferson County, Kansas(2)",20087,Urban,[P1 note] ,[P1 note], [P1 note],&para; , &para; , &para;,[P1 note],[P1 note],[P1 note],[P1 note],[P1 note]
"Jewell County, Kansas(2)",20089,Rural,[P1 note] ,[P1 note], [P1 note],&para; , &para; , &para;,[P1 note],[P1 note],[P1 note],[P1 note],[P1 note]
"Johnson County, Kansas(2)",20091,Urban,[P1 note] ,[P1 note], [P1 note],&para; , &para; , &para;,[P1 note],[P1 note],[P1 note],[P1 note],[P1 note]
"Kearny County, Kansas(2)",20093,Rural,[P1 note] ,[P1 note], [P1 note],&para; , &para; , &para;,[P1 note],[P1 note],[P1 note],[P1 note],[P1 note]
"Kingman County, Kansas(2)",20095,Rural,[P1 note] ,[P1 note], [P1 note],&para; , &para; , &para;,[P1 note],[P1 note],[P1 note],[P1 note],[P1 note]
"Kiowa County, Kansas(2)",20097,Rural,[P1 note] ,[P1 note], [P1 note],&para; , &para; , &para;,[P1 note],[P1 note],[P1 note],[P1 note],[P1 note]
"Labette County, Kansas(2)",20099,Rural,[P1 note] ,[P1 note], [P1 note],&para; , &para; , &para;,[P1 note],[P1 note],[P1 note],[P1 note],[P1 note]
"Lane County, Kansas(2)",20101,Rural,[P1 note] ,[P1 note], [P1 note],&para; , &para; , &para;,[P1 note],[P1 note],[P1 note],[P1 note],[P1 note]
"Leavenworth County, Kansas(2)",20103,Urban,[P1 note] ,[P1 note], [P1 note],&para; , &para; , &para;,[P1 note],[P1 note],[P1 note],[P1 note],[P1 note]
"Lincoln County, Kansas(2)",20105,Rural,[P1 note] ,[P1 note], [P1 note],&para; , &para; , &para;,[P1 note],[P1 note],[P1 note],[P1 note],[P1 note]
"Linn County, Kansas(2)",20107,Urban,[P1 note] ,[P1 note], [P1 note],&para; , &para; , &para;,[P1 note],[P1 note],[P1 note],[P1 note],[P1 note]
"Logan County, Kansas(2)",20109,Rural,[P1 note] ,[P1 note], [P1 note],&para; , &para; , &para;,[P1 note],[P1 note],[P1 note],[P1 note],[P1 note]
"Lyon County, Kansas(2)",20111,Rural,[P1 note] ,[P1 note], [P1 note],&para; , &para; , &para;,[P1 note],[P1 note],[P1 note],[P1 note],[P1 note]
"Marion County, Kansas(2)",20115,Rural,[P1 note] ,[P1 note], [P1 note],&para; , &para; , &para;,[P1 note],[P1 note],[P1 note],[P1 note],[P1 note]
"Marshall County, Kansas(2)",20117,Rural,[P1 note] ,[P1 note], [P1 note],&para; , &para; , &para;,[P1 note],[P1 note],[P1 note],[P1 note],[P1 note]
"McPherson County, Kansas(2)",20113,Rural,[P1 note] ,[P1 note], [P1 note],&para; , &para; , &para;,[P1 note],[P1 note],[P1 note],[P1 note],[P1 note]
"Meade County, Kansas(2)",20119,Rural,[P1 note] ,[P1 note], [P1 note],&para; , &para; , &para;,[P1 note],[P1 note],[P1 note],[P1 note],[P1 note]
"Miami County, Kansas(2)",20121,Urban,[P1 note] ,[P1 note], [P1 note],&para; , &para; , &para;,[P1 note],[P1 note],[P1 note],[P1 note],[P1 note]
"Mitchell County, Kansas(2)",20123,Rural,[P1 note] ,[P1 note], [P1 note],&para; , &para; , &para;,[P1 note],[P1 note],[P1 note],[P1 note],[P1 note]
"Montgomery County, Kansas(2)",20125,Rural,[P1 note] ,[P1 note], [P1 note],&para; , &para; , &para;,[P1 note],[P1 note],[P1 note],[P1 note],[P1 note]
"Morris County, Kansas(2)",20127,Rural,[P1 note] ,[P1 note], [P1 note],&para; , &para; , &para;,[P1 note],[P1 note],[P1 note],[P1 note],[P1 note]
"Morton County, Kansas(2)",20129,Rural,[P1 note] ,[P1 note], [P1 note],&para; , &para; , &para;,[P1 note],[P1 note],[P1 note],[P1 note],[P1 note]
"Nemaha County, Kansas(2)",20131,Rural,[P1 note] ,[P1 note], [P1 note],&para; , &para; , &para;,[P1 note],[P1 note],[P1 note],[P1 note],[P1 note]
"Neosho County, Kansas(2)",20133,Rural,[P1 note] ,[P1 note], [P1 note],&para; , &para; , &para;,[P1 note],[P1 note],[P1 note],[P1 note],[P1 note]
"Ness County, Kansas(2)",20135,Rural,[P1 note] ,[P1 note], [P1 note],&para; , &para; , &para;,[P1 note],[P1 note],[P1 note],[P1 note],[P1 note]
"Norton County, Kansas(2)",20137,Rural,[P1 note] ,[P1 note], [P1 note],&para; , &para; , &para;,[P1 note],[P1 note],[P1 note],[P1 note],[P1 note]
"Osage County, Kansas(2)",20139,Urban,[P1 note] ,[P1 note], [P1 note],&para; , &para; , &para;,[P1 note],[P1 note],[P1 note],[P1 note],[P1 note]
"Osborne County, Kansas(2)",20141,Rural,[P1 note] ,[P1 note], [P1 note],&para; , &para; , &para;,[P1 note],[P1 note],[P1 note],[P1 note],[P1 note]
"Ottawa County, Kansas(2)",20143,Rural,[P1 note] ,[P1 note], [P1 note],&para; , &para; , &para;,[P1 note],[P1 note],[P1 note],[P1 note],[P1 note]
"Pawnee County, Kansas(2)",20145,Rural,[P1 note] ,[P1 note], [P1 note],&para; , &para; , &para;,[P1 note],[P1 note],[P1 note],[P1 note],[P1 note]
"Phillips County, Kansas(2)",20147,Rural,[P1 note] ,[P1 note], [P1 note],&para; , &para; , &para;,[P1 note],[P1 note],[P1 note],[P1 note],[P1 note]
"Pottawatomie County, Kansas(2)",20149,Urban,[P1 note] ,[P1 note], [P1 note],&para; , &para; , &para;,[P1 note],[P1 note],[P1 note],[P1 note],[P1 note]
"Pratt County, Kansas(2)",20151,Rural,[P1 note] ,[P1 note], [P1 note],&para; , &para; , &para;,[P1 note],[P1 note],[P1 note],[P1 note],[P1 note]
"Rawlins County, Kansas(2)",20153,Rural,[P1 note] ,[P1 note], [P1 note],&para; , &para; , &para;,[P1 note],[P1 note],[P1 note],[P1 note],[P1 note]
"Reno County, Kansas(2)",20155,Rural,[P1 note] ,[P1 note], [P1 note],&para; , &para; , &para;,[P1 note],[P1 note],[P1 note],[P1 note],[P1 note]
"Republic County, Kansas(2)",20157,Rural,[P1 note] ,[P1 note], [P1 note],&para; , &para; , &para;,[P1 note],[P1 note],[P1 note],[P1 note],[P1 note]
"Rice County, Kansas(2)",20159,Rural,[P1 note] ,[P1 note], [P1 note],&para; , &para; , &para;,[P1 note],[P1 note],[P1 note],[P1 note],[P1 note]
"Riley County, Kansas(2)",20161,Urban,[P1 note] ,[P1 note], [P1 note],&para; , &para; , &para;,[P1 note],[P1 note],[P1 note],[P1 note],[P1 note]
"Rooks County, Kansas(2)",20163,Rural,[P1 note] ,[P1 note], [P1 note],&para; , &para; , &para;,[P1 note],[P1 note],[P1 note],[P1 note],[P1 note]
"Rush County, Kansas(2)",20165,Rural,[P1 note] ,[P1 note], [P1 note],&para; , &para; , &para;,[P1 note],[P1 note],[P1 note],[P1 note],[P1 note]
"Russell County, Kansas(2)",20167,Rural,[P1 note] ,[P1 note], [P1 note],&para; , &para; , &para;,[P1 note],[P1 note],[P1 note],[P1 note],[P1 note]
"Saline County, Kansas(2)",20169,Rural,[P1 note] ,[P1 note], [P1 note],&para; , &para; , &para;,[P1 note],[P1 note],[P1 note],[P1 note],[P1 note]
"Scott County, Kansas(2)",20171,Rural,[P1 note] ,[P1 note], [P1 note],&para; , &para; , &para;,[P1 note],[P1 note],[P1 note],[P1 note],[P1 note]
"Sedgwick County, Kansas(2)",20173,Urban,[P1 note] ,[P1 note], [P1 note],&para; , &para; , &para;,[P1 note],[P1 note],[P1 note],[P1 note],[P1 note]
"Seward County, Kansas(2)",20175,Rural,[P1 note] ,[P1 note], [P1 note],&para; , &para; , &para;,[P1 note],[P1 note],[P1 note],[P1 note],[P1 note]
"Shawnee County, Kansas(2)",20177,Urban,[P1 note] ,[P1 note], [P1 note],&para; , &para; , &para;,[P1 note],[P1 note],[P1 note],[P1 note],[P1 note]
"Sheridan County, Kansas(2)",20179,Rural,[P1 note] ,[P1 note], [P1 note],&para; , &para; , &para;,[P1 note],[P1 note],[P1 note],[P1 note],[P1 note]
"Sherman County, Kansas(2)",20181,Rural,[P1 note] ,[P1 note], [P1 note],&para; , &para; , &para;,[P1 note],[P1 note],[P1 note],[P1 note],[P1 note]
"Smith County, Kansas(2)",20183,Rural,[P1 note] ,[P1 note], [P1 note],&para; , &para; , &para;,[P1 note],[P1 note],[P1 note],[P1 note],[P1 note]
"Stafford County, Kansas(2)",20185,Rural,[P1 note] ,[P1 note], [P1 note],&para; , &para; , &para;,[P1 note],[P1 note],[P1 note],[P1 note],[P1 note]
"Stanton County, Kansas(2)",20187,Rural,[P1 note] ,[P1 note], [P1 note],&para; , &para; , &para;,[P1 note],[P1 note],[P1 note],[P1 note],[P1 note]
"Stevens County, Kansas(2)",20189,Rural,[P1 note] ,[P1 note], [P1 note],&para; , &para; , &para;,[P1 note],[P1 note],[P1 note],[P1 note],[P1 note]
"Sumner County, Kansas(2)",20191,Urban,[P1 note] ,[P1 note], [P1 note],&para; , &para; , &para;,[P1 note],[P1 note],[P1 note],[P1 note],[P1 note]
"Thomas County, Kansas(2)",20193,Rural,[P1 note] ,[P1 note], [P1 note],&para; , &para; , &para;,[P1 note],[P1 note],[P1 note],[P1 note],[P1 note]
"Trego County, Kansas(2)",20195,Rural,[P1 note] ,[P1 note], [P1 note],&para; , &para; , &para;,[P1 note],[P1 note],[P1 note],[P1 note],[P1 note]
"Wabaunsee County, Kansas(2)",20197,Urban,[P1 note] ,[P1 note], [P1 note],&para; , &para; , &para;,[P1 note],[P1 note],[P1 note],[P1 note],[P1 note]
"Wallace County, Kansas(2)",20199,Rural,[P1 note] ,[P1 note], [P1 note],&para; , &para; , &para;,[P1 note],[P1 note],[P1 note],[P1 note],[P1 note]
"Washington County, Kansas(2)",20201,Rural,[P1 note] ,[P1 note], [P1 note],&para; , &para; , &para;,[P1 note],[P1 note],[P1 note],[P1 note],[P1 note]
"Wichita County, Kansas(2)",20203,Rural,[P1 note] ,[P1 note], [P1 note],&para; , &para; , &para;,[P1 note],[P1 note],[P1 note],[P1 note],[P1 note]
"Wilson County, Kansas(2)",20205,Rural,[P1 note] ,[P1 note], [P1 note],&para; , &para; , &para;,[P1 note],[P1 note],[P1 note],[P1 note],[P1 note]
"Woodson County, Kansas(2)",20207,Rural,[P1 note] ,[P1 note], [P1 note],&para; , &para; , &para;,[P1 note],[P1 note],[P1 note],[P1 note],[P1 note]
"Wyandotte County, Kansas(2)",20209,Urban,[P1 note] ,[P1 note], [P1 note],&para; , &para; , &para;,[P1 note],[P1 note],[P1 note],[P1 note],[P1 note]
