County,FIPS,2023 Rural-Urban Continuum Codes([rural urban note]),"Age-Adjusted Incidence Rate([rate note]) - cases per 100,000","Lower 95% Confidence Interval","Upper 95% Confidence Interval","CI*Rank([rank note])","Lower CI (CI*Rank)","Upper CI (CI*Rank)",Average Annual Count,Recent Trend,"Recent 5-Year Trend ([trend note]) in Incidence Rates","Lower 95% Confidence Interval","Upper 95% Confidence Interval"
"US (SEER+NPCR)(1)",00000,N/A,32.4 ,32.3, 32.5,N/A , N/A , N/A,68084,falling,-0.8 ,-0.9, -0.7
"Kusilvak Census Area, Alaska(2)",02158,Rural,139.9 ,78.1, 227.6,N/A , N/A , N/A,3,*,*,*,*
"Antelope County, Nebraska(2)",31003,Rural,88.6 ,54.9, 139.7,N/A , N/A , N/A,5,*,*,*,*
"Bracken County, Kentucky(7)",21023,Urban,83.5 ,53, 127,N/A , N/A , N/A,5,*,*,*,*
"Caldwell Parish, Louisiana(7)",22021,Rural,81.1 ,49.9, 125.2,N/A , N/A , N/A,5,*,*,*,*
"Bethel Census Area, Alaska(2)",02050,Rural,78.2 ,47.4, 119.9,N/A , N/A , N/A,5,stable,-3.6 ,-7.6, 0.2
"Pocahontas County, West Virginia(2)",54075,Rural,77.6 ,45.4, 126.1,N/A , N/A , N/A,4,*,*,*,*
"Quitman County, Mississippi(2)",28119,Rural,77.4 ,45.3, 126.7,N/A , N/A , N/A,4,*,*,*,*
"Dawson County, Texas(7)",48115,Rural,74.3 ,45.8, 114,N/A , N/A , N/A,5,*,*,*,*
"Greensville County, Virginia(2)",51081,Rural,73.5 ,43.3, 118,N/A , N/A , N/A,4,*,*,*,*
"Webster County, Mississippi(2)",28155,Rural,71.1 ,45.5, 107.4,N/A , N/A , N/A,5,*,*,*,*
"Okfuskee County, Oklahoma(2)",40107,Rural,70.6 ,44.1, 108.1,N/A , N/A , N/A,5,*,*,*,*
"Cumberland County, Kentucky(7)",21057,Rural,70.5 ,39.8, 119.4,N/A , N/A , N/A,3,*,*,*,*
"Shannon County, Missouri(2)",29203,Rural,70.5 ,40.9, 116.4,N/A , N/A , N/A,4,*,*,*,*
"Sac County, Iowa(7)",19161,Rural,70.1 ,43, 109.3,N/A , N/A , N/A,5,stable,-0.9 ,-3.9, 1.5
"Benton County, Indiana(2)",18007,Urban,70.1 ,40.8, 113.1,N/A , N/A , N/A,4,stable,1.4 ,-3.8, 6.9
"Macon County, Missouri(2)",29121,Rural,69.3 ,46.9, 99.4,N/A , N/A , N/A,7,stable,1.9 ,-2.6, 6.5
"Webster County, West Virginia(2)",54101,Rural,69 ,40.5, 112,N/A , N/A , N/A,4,*,*,*,*
"Randolph County, Missouri(2)",29175,Rural,68.4 ,50.9, 90.6,N/A , N/A , N/A,11,stable,3.7 ,-0.5, 8.8
"Cumberland County, Illinois(7)",17035,Rural,68.4 ,43.9, 103.2,N/A , N/A , N/A,5,stable,2.1 ,-2.6, 7.5
"Harrison County, Kentucky(7)",21097,Rural,68 ,48.2, 93.5,N/A , N/A , N/A,8,stable,2.1 ,-1.1, 6.1
"Greene County, Iowa(7)",19073,Rural,67.9 ,39.6, 109.7,N/A , N/A , N/A,5,stable,1.8 ,-0.5, 4.1
"Rolette County, North Dakota(2)",38079,Rural,67.5 ,42, 103.2,N/A , N/A , N/A,5,stable,2.7 ,-3.5, 10.1
"Lancaster County, Virginia(2)",51103,Rural,67.3 ,39, 109.5,N/A , N/A , N/A,6,rising,28.9 ,9.2, 74.0
"Grant County, South Dakota(2)",46051,Rural,66.6 ,37, 112.7,N/A , N/A , N/A,4,stable,1.9 ,-1.9, 6.1
"Powell County, Kentucky(7)",21197,Rural,65.9 ,42.1, 98.7,N/A , N/A , N/A,5,*,*,*,*
"Lincoln County, Kentucky(7)",21137,Rural,65.7 ,49, 86.7,N/A , N/A , N/A,11,stable,0.9 ,-2.1, 4.4
"Lawrence County, Arkansas(2)",05075,Rural,65.3 ,46, 91,N/A , N/A , N/A,8,rising,4.3 ,0.6, 9.2
"Lewis County, West Virginia(2)",54041,Rural,64.9 ,45.2, 91.2,N/A , N/A , N/A,8,stable,-0.5 ,-4.4, 3.4
"Tyler County, West Virginia(2)",54095,Rural,64.7 ,37.3, 106.6,N/A , N/A , N/A,4,stable,4.6 ,-11.4, 30.6
"Franklin Parish, Louisiana(7)",22041,Rural,64.4 ,45.4, 89,N/A , N/A , N/A,8,stable,0.5 ,-2.9, 4.0
"Swain County, North Carolina(2)",37173,Rural,64.2 ,43.4, 92.5,N/A , N/A , N/A,7,*,*,*,*
"Murray County, Minnesota(2)",27101,Rural,64 ,37.6, 104.6,N/A , N/A , N/A,4,*,*,*,*
"Montgomery County, Missouri(2)",29139,Rural,63.6 ,38.2, 100,N/A , N/A , N/A,4,stable,-1.0 ,-5.2, 2.7
"Harlan County, Kentucky(7)",21095,Rural,63.5 ,47.8, 83.1,N/A , N/A , N/A,12,stable,-0.3 ,-2.8, 2.2
"Polk County, Texas(7)",48373,Rural,63.3 ,49.8, 79.4,N/A , N/A , N/A,19,rising,3.7 ,1.5, 6.4
"Chickasaw County, Mississippi(2)",28017,Rural,63.2 ,43.7, 89,N/A , N/A , N/A,7,stable,2.4 ,-1.4, 6.9
"Wolfe County, Kentucky(7)",21237,Rural,62.4 ,34.9, 106.2,N/A , N/A , N/A,3,*,*,*,*
"Washington County, North Carolina(2)",37187,Rural,62.2 ,39.4, 95.3,N/A , N/A , N/A,6,stable,0.2 ,-5.1, 5.5
"Trousdale County, Tennessee(2)",47169,Urban,61.5 ,34.6, 101.4,N/A , N/A , N/A,3,*,*,*,*
"West Carroll Parish, Louisiana(7)",22123,Rural,61.2 ,36.9, 96.8,N/A , N/A , N/A,4,stable,0.9 ,-4.0, 6.3
"Humphreys County, Tennessee(2)",47085,Rural,60.4 ,41.5, 85.4,N/A , N/A , N/A,7,stable,1.9 ,-1.7, 5.9
"Ripley County, Missouri(2)",29181,Rural,60.1 ,37.8, 92.5,N/A , N/A , N/A,5,stable,-0.2 ,-3.7, 3.2
"Jackson Parish, Louisiana(7)",22049,Rural,60.1 ,39.7, 88,N/A , N/A , N/A,6,stable,0.1 ,-3.2, 3.4
"Washington County, Idaho(7)",16087,Rural,60 ,36, 95.1,N/A , N/A , N/A,5,rising,9.4 ,1.5, 35.6
"Leslie County, Kentucky(7)",21131,Rural,60 ,36.9, 93.6,N/A , N/A , N/A,4,stable,3.0 ,-1.6, 9.2
"Monroe County, Iowa(7)",19135,Rural,60 ,33.8, 100.7,N/A , N/A , N/A,3,*,*,*,*
"Winn Parish, Louisiana(7)",22127,Rural,59.9 ,38.1, 90.4,N/A , N/A , N/A,5,stable,0.2 ,-3.9, 4.7
"Grant Parish, Louisiana(7)",22043,Urban,59.8 ,41.8, 83.4,N/A , N/A , N/A,8,stable,1.3 ,-1.5, 4.7
"Bacon County, Georgia(7)",13005,Rural,59.7 ,36.2, 93.3,N/A , N/A , N/A,4,*,*,*,*
"Rush County, Indiana(2)",18139,Rural,59.6 ,40.2, 85.8,N/A , N/A , N/A,7,stable,-1.7 ,-5.6, 2.0
"St. James Parish, Louisiana(7)",22093,Urban,59.6 ,42.5, 82,N/A , N/A , N/A,9,stable,-1.5 ,-4.6, 1.9
"Lincoln County, Arkansas(2)",05079,Rural,59.6 ,34.9, 96.1,N/A , N/A , N/A,4,*,*,*,*
"Charles Mix County, South Dakota(2)",46023,Rural,59.4 ,34.6, 96.5,N/A , N/A , N/A,4,stable,0.0 ,-4.6, 5.2
"Meriwether County, Georgia(7)",13199,Urban,59.1 ,42.2, 81.2,N/A , N/A , N/A,9,rising,3.6 ,0.6, 7.4
"Montague County, Texas(7)",48337,Rural,58.7 ,40.8, 82.3,N/A , N/A , N/A,8,stable,1.0 ,-2.2, 4.5
"Cannon County, Tennessee(2)",47015,Urban,58.7 ,38.7, 86.3,N/A , N/A , N/A,6,stable,0.2 ,-3.6, 4.3
"York County, Nebraska(2)",31185,Rural,58.5 ,38.1, 86.9,N/A , N/A , N/A,6,stable,1.8 ,-2.4, 6.7
"Coleman County, Texas(7)",48083,Rural,58.3 ,33.4, 97.9,N/A , N/A , N/A,4,*,*,*,*
"Banks County, Georgia(7)",13011,Rural,58.2 ,39.5, 83.1,N/A , N/A , N/A,7,*,*,*,*
"Clay County, Texas(7)",48077,Urban,58 ,34.4, 93.2,N/A , N/A , N/A,4,*,*,*,*
"Rockcastle County, Kentucky(7)",21203,Rural,58 ,39, 83.7,N/A , N/A , N/A,7,stable,-0.4 ,-3.6, 3.1
"Noble County, Ohio(2)",39121,Rural,57.8 ,34.9, 91.1,N/A , N/A , N/A,5,stable,10.3 ,-1.5, 48.9
"Jasper County, Illinois(7)",17079,Rural,57.6 ,32.1, 96,N/A , N/A , N/A,4,stable,-0.7 ,-4.0, 2.8
"Lawrence County, Kentucky(7)",21127,Urban,57.5 ,37.9, 84.2,N/A , N/A , N/A,6,stable,0.7 ,-2.7, 4.7
"Douglas County, Missouri(2)",29067,Rural,57.5 ,34.7, 90.7,N/A , N/A , N/A,5,*,*,*,*
"Mitchell County, Iowa(7)",19131,Rural,57.2 ,33.5, 92.1,N/A , N/A , N/A,5,stable,-1.9 ,-4.8, 0.7
"Fleming County, Kentucky(7)",21069,Rural,57.2 ,38.1, 83.3,N/A , N/A , N/A,6,stable,-0.6 ,-3.6, 2.5
"Perry County, Illinois(7)",17145,Rural,56.8 ,39.2, 80.2,N/A , N/A , N/A,8,stable,-1.2 ,-4.9, 2.6
"Floyd County, Kentucky(7)",21071,Rural,56.7 ,44, 72.4,N/A , N/A , N/A,15,stable,0.4 ,-1.3, 2.3
"Aitkin County, Minnesota(2)",27001,Rural,56.7 ,35.5, 87,N/A , N/A , N/A,7,stable,0.4 ,-4.3, 4.7
"Marshall County, Illinois(7)",17123,Urban,56.7 ,34.8, 88.5,N/A , N/A , N/A,5,*,*,*,*
"Greene County, Alabama(2)",01063,Urban,56.4 ,31, 96.3,N/A , N/A , N/A,4,stable,2.1 ,-3.7, 9.2
"Jefferson County, Georgia(7)",13163,Rural,56.4 ,37.4, 82.4,N/A , N/A , N/A,6,*,*,*,*
"Owen County, Kentucky(7)",21187,Rural,56.3 ,35.5, 86.5,N/A , N/A , N/A,5,stable,0.4 ,-2.6, 3.9
"Irwin County, Georgia(7)",13155,Rural,56.3 ,31.3, 93.9,N/A , N/A , N/A,3,*,*,*,*
"Cumberland County, Virginia(2)",51049,Rural,56.2 ,31.6, 93.2,N/A , N/A , N/A,4,*,*,*,*
"Richland Parish, Louisiana(7)",22083,Urban,55.6 ,37.9, 78.8,N/A , N/A , N/A,7,*,*,*,*
"Ashley County, Arkansas(2)",05003,Rural,55.4 ,39, 77.3,N/A , N/A , N/A,8,stable,3.2 ,-1.6, 8.8
"La Salle Parish, Louisiana(7)",22059,Rural,55.3 ,35.8, 82.7,N/A , N/A , N/A,5,stable,-0.4 ,-4.4, 3.8
"Yalobusha County, Mississippi(2)",28161,Rural,55.2 ,34.5, 84.8,N/A , N/A , N/A,5,stable,2.2 ,-3.5, 8.5
"Mathews County, Virginia(2)",51115,Urban,55.2 ,30.5, 95.4,N/A , N/A , N/A,4,*,*,*,*
"Cook County, Georgia(7)",13075,Rural,55.1 ,37.1, 79.3,N/A , N/A , N/A,6,stable,-1.5 ,-5.1, 2.4
"Calhoun County, Mississippi(2)",28013,Rural,55.1 ,36.1, 82,N/A , N/A , N/A,6,stable,0.7 ,-2.4, 3.9
"Dimmit County, Texas(7)",48127,Rural,54.5 ,31.1, 90.4,N/A , N/A , N/A,3,*,*,*,*
"Tallahatchie County, Mississippi(2)",28135,Rural,54.5 ,31.5, 88,N/A , N/A , N/A,4,stable,1.2 ,-3.8, 6.0
"Attala County, Mississippi(2)",28007,Rural,54.4 ,37.2, 77.3,N/A , N/A , N/A,7,*,*,*,*
"Harrison County, West Virginia(2)",54033,Rural,54.1 ,44.9, 65,N/A , N/A , N/A,26,stable,3.2 ,-1.6, 18.2
"Butler County, Kentucky(7)",21031,Urban,54 ,33.3, 83.8,N/A , N/A , N/A,5,*,*,*,*
"Desha County, Arkansas(2)",05041,Rural,54 ,33.7, 83.3,N/A , N/A , N/A,5,stable,-0.1 ,-4.1, 3.9
"Richmond County, Virginia(2)",51159,Rural,53.9 ,28.8, 94.6,N/A , N/A , N/A,4,*,*,*,*
"Lee County, Arkansas(2)",05077,Rural,53.9 ,28.1, 95.9,N/A , N/A , N/A,3,*,*,*,*
"San Augustine County, Texas(7)",48405,Rural,53.9 ,26.9, 97.3,N/A , N/A , N/A,3,*,*,*,*
"Pike County, Arkansas(2)",05109,Rural,53.9 ,31.4, 87.6,N/A , N/A , N/A,4,stable,3.4 ,-1.2, 8.8
"Natchitoches Parish, Louisiana(7)",22069,Rural,53.8 ,40.4, 70.4,N/A , N/A , N/A,12,stable,1.0 ,-1.2, 3.4
"Stoddard County, Missouri(2)",29207,Rural,53.8 ,40.3, 70.9,N/A , N/A , N/A,12,stable,0.7 ,-2.2, 3.6
"Hockley County, Texas(7)",48219,Urban,53.7 ,36.8, 75.8,N/A , N/A , N/A,7,stable,2.1 ,-2.4, 7.8
"Martinsville City, Virginia(2)",51690,Rural,53.7 ,33.6, 81.8,N/A , N/A , N/A,5,stable,-0.5 ,-5.4, 3.9
"Buena Vista County, Iowa(7)",19021,Rural,53.6 ,35.5, 77.8,N/A , N/A , N/A,6,stable,-1.7 ,-3.9, 0.1
"Chicot County, Arkansas(2)",05017,Rural,53.6 ,29.5, 90.3,N/A , N/A , N/A,4,stable,1.5 ,-2.8, 5.9
"Jasper County, Georgia(7)",13159,Urban,53.5 ,33.9, 80.8,N/A , N/A , N/A,5,stable,-1.1 ,-3.0, 1.0
"Allen Parish, Louisiana(7)",22003,Rural,53.4 ,36.4, 76.2,N/A , N/A , N/A,7,stable,-0.6 ,-3.5, 2.4
"Pendleton County, Kentucky(7)",21191,Urban,53.4 ,32.9, 82.4,N/A , N/A , N/A,5,stable,-0.6 ,-4.0, 3.2
"McCurtain County, Oklahoma(2)",40089,Rural,53.3 ,39.3, 71,N/A , N/A , N/A,10,stable,0.8 ,-2.5, 4.0
"Webster County, Kentucky(7)",21233,Rural,53.2 ,32.5, 82.9,N/A , N/A , N/A,4,stable,-1.4 ,-5.4, 2.2
"Neshoba County, Mississippi(2)",28099,Rural,53.2 ,39.4, 70.6,N/A , N/A , N/A,10,stable,2.5 ,-1.1, 6.8
"Sumter County, Georgia(7)",13261,Rural,53.1 ,39.5, 70.3,N/A , N/A , N/A,11,stable,-0.4 ,-3.3, 2.5
"Holmes County, Mississippi(2)",28051,Urban,52.9 ,34.7, 77.7,N/A , N/A , N/A,6,falling,-4.7 ,-8.0, -1.9
"Cass County, Texas(7)",48067,Rural,52.9 ,39.9, 69.3,N/A , N/A , N/A,12,stable,-0.4 ,-2.9, 2.2
"Crawford County, Missouri(2)",29055,Rural,52.7 ,37.3, 73,N/A , N/A , N/A,8,stable,1.6 ,-2.3, 5.7
"Wayne County, Kentucky(7)",21231,Rural,52.7 ,35.6, 75.6,N/A , N/A , N/A,7,stable,-0.2 ,-2.9, 2.8
"Harris County, Georgia(7)",13145,Urban,52.6 ,39.8, 68.6,N/A , N/A , N/A,12,rising,10.4 ,4.4, 23.5
"Appling County, Georgia(7)",13001,Rural,52.5 ,35.4, 75.7,N/A , N/A , N/A,6,stable,0.4 ,-2.2, 3.6
"Pike County, Alabama(2)",01109,Rural,52.5 ,38.1, 70.8,N/A , N/A , N/A,9,rising,30.6 ,4.3, 53.3
"Lyon County, Minnesota(2)",27083,Rural,52.5 ,37.4, 72,N/A , N/A , N/A,9,stable,-0.3 ,-3.4, 2.8
"Beltrami County, Minnesota(2)",27007,Rural,52.5 ,40.8, 66.7,N/A , N/A , N/A,15,stable,0.4 ,-3.2, 4.4
"Mercer County, Kentucky(7)",21167,Rural,52.4 ,37.2, 72.3,N/A , N/A , N/A,8,stable,1.0 ,-1.4, 3.8
"Guthrie County, Iowa(7)",19077,Urban,52.4 ,30.7, 85,N/A , N/A , N/A,4,stable,-1.8 ,-4.1, 0.2
"Franklin County, Florida(2)",12037,Rural,52.4 ,30.8, 85.1,N/A , N/A , N/A,5,*,*,*,*
"Morris County, Texas(7)",48343,Rural,52.2 ,32, 81.6,N/A , N/A , N/A,5,*,*,*,*
"Mason County, West Virginia(2)",54053,Rural,52.2 ,38.3, 70.1,N/A , N/A , N/A,10,stable,1.8 ,-1.0, 4.9
"Oregon County, Missouri(2)",29149,Rural,51.9 ,29.6, 86.9,N/A , N/A , N/A,4,*,*,*,*
"Randolph County, Alabama(2)",01111,Rural,51.9 ,36.8, 71.7,N/A , N/A , N/A,9,rising,3.7 ,0.3, 8.1
"Mayes County, Oklahoma(2)",40097,Rural,51.8 ,40, 66.3,N/A , N/A , N/A,14,stable,0.4 ,-1.7, 2.6
"Adams County, Ohio(2)",39001,Rural,51.5 ,37.2, 69.8,N/A , N/A , N/A,9,stable,-0.7 ,-3.7, 2.3
"Decatur County, Indiana(2)",18031,Rural,51.5 ,36.6, 70.6,N/A , N/A , N/A,9,falling,-5.3 ,-14.5, -0.6
"Cass County, Iowa(7)",19029,Rural,51.5 ,32.1, 79.3,N/A , N/A , N/A,5,stable,-0.7 ,-2.8, 1.2
"Rowan County, Kentucky(7)",21205,Rural,51.4 ,35.1, 72.8,N/A , N/A , N/A,7,stable,-0.3 ,-3.3, 3.1
"Leflore County, Mississippi(2)",28083,Rural,51.4 ,37.6, 68.9,N/A , N/A , N/A,10,stable,0.5 ,-2.7, 3.6
"Richardson County, Nebraska(2)",31147,Rural,51.3 ,27.9, 89.6,N/A , N/A , N/A,3,stable,-2.5 ,-8.6, 2.4
"Union Parish, Louisiana(7)",22111,Urban,51.3 ,35.4, 72.3,N/A , N/A , N/A,8,stable,1.5 ,-2.5, 5.9
"Morgan County, Kentucky(7)",21175,Rural,51.3 ,30.5, 81.9,N/A , N/A , N/A,4,stable,-1.6 ,-7.1, 3.8
"Texas County, Oklahoma(2)",40139,Rural,51.2 ,32.6, 76.5,N/A , N/A , N/A,5,stable,0.2 ,-4.8, 5.4
"Grundy County, Missouri(2)",29079,Rural,51.2 ,28, 86.7,N/A , N/A , N/A,4,stable,-0.7 ,-6.1, 4.2
"Evangeline Parish, Louisiana(7)",22039,Rural,51.2 ,37.9, 68,N/A , N/A , N/A,10,stable,-0.1 ,-2.8, 2.8
"Grundy County, Tennessee(2)",47061,Rural,51.2 ,31.5, 79.4,N/A , N/A , N/A,5,stable,-0.5 ,-3.9, 2.9
"Morgan County, Illinois(7)",17137,Rural,51.2 ,38.5, 67.1,N/A , N/A , N/A,12,stable,-1.5 ,-3.9, 0.8
"Butler County, Nebraska(2)",31023,Rural,51.2 ,29.3, 86.2,N/A , N/A , N/A,3,*,*,*,*
"Perry County, Ohio(2)",39127,Urban,51.2 ,38.4, 67,N/A , N/A , N/A,12,rising,7.4 ,2.0, 25.0
"Logan County, West Virginia(2)",54045,Rural,51.1 ,39.2, 66.1,N/A , N/A , N/A,13,stable,-1.0 ,-3.8, 1.7
"Blackford County, Indiana(2)",18009,Rural,51.1 ,30.3, 81.6,N/A , N/A , N/A,4,stable,-3.6 ,-7.7, 0.1
"Bertie County, North Carolina(2)",37015,Rural,51 ,33, 76.2,N/A , N/A , N/A,6,stable,-1.6 ,-5.8, 2.2
"Caldwell County, Kentucky(7)",21033,Rural,51 ,32.8, 77.1,N/A , N/A , N/A,5,stable,-1.5 ,-4.8, 1.7
"Clarke County, Alabama(2)",01025,Rural,50.9 ,36.2, 70.2,N/A , N/A , N/A,9,stable,0.4 ,-3.2, 4.0
"Perry County, Alabama(2)",01105,Rural,50.8 ,28.2, 86.2,N/A , N/A , N/A,3,*,*,*,*
"Orleans County, Vermont(2)",50019,Rural,50.8 ,36.4, 69.5,N/A , N/A , N/A,10,stable,1.7 ,-1.3, 4.9
"Frio County, Texas(7)",48163,Rural,50.8 ,31, 78.7,N/A , N/A , N/A,4,stable,4.1 ,-0.1, 10.2
"Leake County, Mississippi(2)",28079,Rural,50.7 ,35.1, 71.4,N/A , N/A , N/A,7,stable,-2.9 ,-7.2, 1.1
"Moultrie County, Illinois(7)",17139,Rural,50.7 ,32, 76.9,N/A , N/A , N/A,5,*,*,*,*
"Pickens County, Alabama(2)",01107,Urban,50.7 ,34.6, 72.4,N/A , N/A , N/A,7,stable,2.0 ,-1.3, 5.7
"Russell County, Kentucky(7)",21207,Rural,50.6 ,33.5, 73.9,N/A , N/A , N/A,6,stable,0.1 ,-3.4, 4.0
"Clay County, Kentucky(7)",21051,Rural,50.6 ,34, 73,N/A , N/A , N/A,6,stable,-1.5 ,-6.0, 3.0
"Carter County, Kentucky(7)",21043,Urban,50.6 ,36, 69.3,N/A , N/A , N/A,9,stable,-0.9 ,-3.2, 1.5
"Callahan County, Texas(7)",48059,Urban,50.5 ,32.5, 76.1,N/A , N/A , N/A,5,stable,1.4 ,-1.9, 5.3
"Benton County, Tennessee(2)",47005,Rural,50.5 ,33.1, 74.8,N/A , N/A , N/A,6,stable,-0.2 ,-3.8, 3.5
"Holt County, Nebraska(2)",31089,Rural,50.4 ,27.6, 85.7,N/A , N/A , N/A,3,stable,1.3 ,-1.9, 4.4
"Covington County, Mississippi(2)",28031,Rural,50.2 ,33.2, 73.2,N/A , N/A , N/A,6,stable,1.8 ,-1.9, 5.9
"Richland County, Wisconsin(2)",55103,Rural,50.2 ,31.3, 76.5,N/A , N/A , N/A,5,stable,1.7 ,-5.3, 8.7
"Lafayette County, Missouri(2)",29107,Urban,50.1 ,37, 66.7,N/A , N/A , N/A,11,stable,2.3 ,-0.1, 4.9
"Northumberland County, Virginia(2)",51133,Rural,50.1 ,31.7, 79.3,N/A , N/A , N/A,6,stable,1.3 ,-2.5, 5.4
"Bayfield County, Wisconsin(2)",55007,Rural,50 ,31.1, 77.4,N/A , N/A , N/A,6,stable,0.6 ,-5.8, 6.9
"Jersey County, Illinois(7)",17083,Urban,50 ,34.1, 71.2,N/A , N/A , N/A,7,stable,1.4 ,-1.9, 4.9
"Carroll County, Tennessee(2)",47017,Rural,50 ,36.8, 66.9,N/A , N/A , N/A,11,stable,1.9 ,-0.6, 4.5
"Macon County, Tennessee(2)",47111,Urban,50 ,35.7, 68.5,N/A , N/A , N/A,8,stable,0.0 ,-3.9, 4.4
"Claiborne Parish, Louisiana(7)",22027,Rural,49.9 ,31.1, 77.3,N/A , N/A , N/A,5,stable,-1.7 ,-7.0, 2.9
"Arkansas County, Arkansas(2)",05001,Rural,49.9 ,33.2, 72.7,N/A , N/A , N/A,6,stable,2.6 ,-1.8, 7.2
"Pulaski County, Indiana(2)",18131,Rural,49.7 ,31, 77.3,N/A , N/A , N/A,5,stable,0.0 ,-4.0, 4.1
"Dallas County, Missouri(2)",29059,Urban,49.7 ,31.8, 74.4,N/A , N/A , N/A,6,*,*,*,*
"Ray County, Missouri(2)",29177,Urban,49.6 ,33.3, 71.3,N/A , N/A , N/A,7,stable,-2.2 ,-5.0, 0.4
"Jackson County, Ohio(2)",39079,Rural,49.6 ,36.9, 65.7,N/A , N/A , N/A,11,stable,5.0 ,-0.2, 18.2
"Johnson County, Kentucky(7)",21115,Rural,49.6 ,35.1, 68.7,N/A , N/A , N/A,8,stable,0.5 ,-2.3, 3.7
"Ouachita County, Arkansas(2)",05103,Rural,49.5 ,34.9, 68.8,N/A , N/A , N/A,9,stable,-0.4 ,-4.1, 3.2
"Big Horn County, Montana(2)",30003,Rural,49.5 ,27.6, 81.7,N/A , N/A , N/A,3,*,*,*,*
"Harrison County, Iowa(7)",19085,Urban,49.5 ,31, 75.7,N/A , N/A , N/A,5,stable,-0.6 ,-2.7, 1.5
"Sunflower County, Mississippi(2)",28133,Rural,49.5 ,34.3, 69.4,N/A , N/A , N/A,7,stable,-0.4 ,-3.7, 3.0
"Heard County, Georgia(7)",13149,Urban,49.5 ,28.4, 80.9,N/A , N/A , N/A,4,*,*,*,*
"Hampton County, South Carolina(2)",45049,Rural,49.5 ,33.4, 71.7,N/A , N/A , N/A,6,stable,-2.3 ,-7.0, 1.8
"Bee County, Texas(7)",48025,Rural,49.4 ,33.6, 70.2,N/A , N/A , N/A,7,stable,-0.2 ,-4.5, 4.4
"Boone County, West Virginia(2)",54005,Urban,49.4 ,34.6, 69.4,N/A , N/A , N/A,8,stable,1.6 ,-1.3, 4.7
"Boyle County, Kentucky(7)",21021,Rural,49.4 ,36.3, 66,N/A , N/A , N/A,10,stable,1.1 ,-0.9, 3.5
"McLean County, Kentucky(7)",21149,Urban,49.3 ,27.8, 83,N/A , N/A , N/A,3,stable,0.5 ,-3.9, 5.5
"Poinsett County, Arkansas(2)",05111,Urban,49.3 ,34.7, 68.4,N/A , N/A , N/A,8,stable,0.1 ,-2.4, 2.5
"Cherokee County, Iowa(7)",19035,Rural,49.3 ,31.8, 75.5,N/A , N/A , N/A,6,*,*,*,*
"Brooks County, Georgia(7)",13027,Urban,49.2 ,32.5, 72.5,N/A , N/A , N/A,6,stable,1.8 ,-1.1, 5.4
"Marshall County, West Virginia(2)",54051,Urban,49.2 ,36.7, 65.2,N/A , N/A , N/A,12,stable,-0.4 ,-2.8, 1.8
"Chattooga County, Georgia(7)",13055,Rural,49.1 ,34.1, 68.8,N/A , N/A , N/A,8,stable,-0.4 ,-3.5, 2.9
"Grant County, Arkansas(2)",05053,Urban,49.1 ,32.1, 72.5,N/A , N/A , N/A,6,*,*,*,*
"Fulton County, Illinois(7)",17057,Rural,49.1 ,37.1, 64.3,N/A , N/A , N/A,13,stable,-0.4 ,-2.9, 2.0
"Henry County, Iowa(7)",19087,Rural,49.1 ,33.9, 69.5,N/A , N/A , N/A,7,stable,-0.5 ,-2.0, 1.1
"Mingo County, West Virginia(2)",54059,Rural,49.1 ,33.8, 69.3,N/A , N/A , N/A,8,stable,1.0 ,-1.5, 8.7
"Glacier County, Montana(2)",30035,Rural,49 ,28, 79.5,N/A , N/A , N/A,3,*,*,*,*
"Magoffin County, Kentucky(7)",21153,Rural,48.9 ,27.8, 80.6,N/A , N/A , N/A,3,stable,-0.2 ,-4.6, 4.8
"Lawrence County, Ohio(2)",39087,Urban,48.8 ,39.3, 60,N/A , N/A , N/A,20,stable,4.1 ,-0.4, 18.0
"Dade County, Georgia(7)",13083,Urban,48.8 ,31, 73.6,N/A , N/A , N/A,5,stable,0.1 ,-4.5, 5.6
"Cherokee County, North Carolina(2)",37039,Rural,48.7 ,35.8, 65.7,N/A , N/A , N/A,12,stable,0.4 ,-2.6, 3.6
"Newton County, Mississippi(2)",28101,Rural,48.6 ,32.3, 70.3,N/A , N/A , N/A,6,stable,0.6 ,-4.3, 5.8
"Jefferson County, Arkansas(2)",05069,Rural,48.6 ,39.6, 59.2,N/A , N/A , N/A,22,stable,-0.1 ,-2.4, 2.3
"Washington County, Georgia(7)",13303,Rural,48.6 ,32.8, 69.9,N/A , N/A , N/A,7,stable,0.2 ,-2.0, 2.7
"Nevada County, Arkansas(2)",05099,Rural,48.5 ,26.7, 83.8,N/A , N/A , N/A,3,*,*,*,*
"Morrow County, Oregon(2)",41049,Rural,48.5 ,27.2, 80.1,N/A , N/A , N/A,3,*,*,*,*
"Oglethorpe County, Georgia(7)",13221,Urban,48.4 ,30.3, 74.2,N/A , N/A , N/A,5,*,*,*,*
"Adair County, Missouri(2)",29001,Rural,48.4 ,33.8, 67.8,N/A , N/A , N/A,7,stable,-1.7 ,-5.2, 1.6
"Ramsey County, North Dakota(2)",38071,Rural,48.4 ,28.6, 77.9,N/A , N/A , N/A,4,stable,0.1 ,-4.1, 4.5
"Wilcox County, Alabama(2)",01131,Rural,48.3 ,27.7, 79.5,N/A , N/A , N/A,4,stable,-1.2 ,-5.3, 2.6
"Jefferson County, Illinois(7)",17081,Rural,48.3 ,36.7, 62.8,N/A , N/A , N/A,13,stable,-0.8 ,-2.7, 1.1
"Alleghany County and Clifton Forge City, Virginia(2)",51005,Rural,48.3 ,32, 71.7,N/A , N/A , N/A,7,*,*,*,*
"Ware County, Georgia(7)",13299,Rural,48.2 ,36, 63.4,N/A , N/A , N/A,11,stable,0.2 ,-2.8, 3.5
"Crawford County, Indiana(2)",18025,Rural,48.2 ,26.2, 82.1,N/A , N/A , N/A,3,stable,-0.3 ,-4.2, 3.8
"Decatur County, Georgia(7)",13087,Rural,48.2 ,35, 65,N/A , N/A , N/A,9,stable,2.6 ,-0.1, 6.2
"De Witt County, Illinois(7)",17039,Rural,48.2 ,30.5, 73.1,N/A , N/A , N/A,5,stable,-0.8 ,-4.0, 2.4
"McDowell County, West Virginia(2)",54047,Rural,48.1 ,32.6, 69.7,N/A , N/A , N/A,7,stable,0.1 ,-3.4, 3.3
"St. Francis County, Arkansas(2)",05123,Rural,48.1 ,33.7, 67.4,N/A , N/A , N/A,8,stable,-0.8 ,-5.2, 3.6
"Pike County, Missouri(2)",29163,Rural,48.1 ,29.9, 73.5,N/A , N/A , N/A,5,stable,-1.8 ,-8.5, 0.7
"Clark County, Illinois(7)",17023,Rural,48 ,29.9, 73.5,N/A , N/A , N/A,5,stable,0.2 ,-3.9, 4.3
"East Feliciana Parish, Louisiana(7)",22037,Urban,48 ,31.3, 71.2,N/A , N/A , N/A,6,stable,1.0 ,-3.1, 6.2
"Simpson County, Kentucky(7)",21213,Rural,47.9 ,32.1, 69.3,N/A , N/A , N/A,6,stable,-0.5 ,-3.9, 3.5
"Kay County, Oklahoma(2)",40071,Rural,47.9 ,36.6, 61.7,N/A , N/A , N/A,14,stable,-1.1 ,-3.3, 0.7
"Macon County, Alabama(2)",01087,Urban,47.9 ,31.8, 69.9,N/A , N/A , N/A,7,stable,1.3 ,-2.1, 5.0
"Taylor County, Kentucky(7)",21217,Rural,47.9 ,33.5, 66.5,N/A , N/A , N/A,8,stable,0.9 ,-1.7, 3.8
"Cheatham County, Tennessee(2)",47021,Urban,47.8 ,35.7, 62.8,N/A , N/A , N/A,11,stable,-1.3 ,-4.5, 2.1
"Halifax County with South Boston City, Virginia(2)",51083,Rural,47.7 ,35.2, 63.6,N/A , N/A , N/A,12,stable,-1.0 ,-5.1, 2.7
"Garrard County, Kentucky(7)",21079,Rural,47.7 ,31.7, 70,N/A , N/A , N/A,6,stable,-0.1 ,-3.6, 3.7
"Linn County, Missouri(2)",29115,Rural,47.7 ,28.4, 76.4,N/A , N/A , N/A,4,stable,0.5 ,-3.6, 4.5
"Perry County, Kentucky(7)",21193,Rural,47.7 ,34.1, 65.2,N/A , N/A , N/A,9,stable,-0.5 ,-3.4, 2.5
"Dorchester County, Maryland(2)",24019,Rural,47.7 ,35.2, 63.4,N/A , N/A , N/A,12,stable,-0.4 ,-2.5, 1.6
"Uinta County, Wyoming(2)",56041,Rural,47.6 ,29.8, 72,N/A , N/A , N/A,5,*,*,*,*
"Pike County, Kentucky(7)",21195,Rural,47.6 ,38.3, 58.8,N/A , N/A , N/A,20,stable,-1.1 ,-2.5, 0.3
"Dent County, Missouri(2)",29065,Rural,47.6 ,29.7, 73.3,N/A , N/A , N/A,5,stable,-2.1 ,-5.8, 1.3
"Indiana County, Pennsylvania(2)",42063,Rural,47.5 ,39.3, 57.1,N/A , N/A , N/A,27,rising,6.7 ,1.1, 19.5
"Estill County, Kentucky(7)",21065,Rural,47.5 ,29.1, 74.1,N/A , N/A , N/A,5,stable,1.8 ,-2.7, 7.3
"Montgomery County, Kentucky(7)",21173,Rural,47.5 ,34.4, 64.3,N/A , N/A , N/A,9,stable,-0.2 ,-2.8, 2.8
"Sumter County, Alabama(2)",01119,Rural,47.5 ,26.9, 78.2,N/A , N/A , N/A,4,stable,2.3 ,-3.3, 8.1
"Des Moines County, Iowa(7)",19057,Rural,47.4 ,35.4, 62.2,N/A , N/A , N/A,12,falling,-1.5 ,-3.0, -0.2
"Angelina County, Texas(7)",48005,Rural,47.4 ,39.4, 56.6,N/A , N/A , N/A,26,stable,1.5 ,-0.2, 7.5
"Clay County, Illinois(7)",17025,Rural,47.4 ,30.5, 71.8,N/A , N/A , N/A,5,stable,0.1 ,-3.1, 3.4
"Livingston County, Illinois(7)",17105,Rural,47.3 ,35.8, 61.8,N/A , N/A , N/A,12,stable,-0.7 ,-3.1, 1.7
"Amherst County, Virginia(2)",51009,Urban,47.3 ,34.5, 63.7,N/A , N/A , N/A,11,stable,-0.7 ,-3.2, 1.7
"Bell County, Kentucky(7)",21013,Rural,47.3 ,32.8, 66.4,N/A , N/A , N/A,8,stable,-1.0 ,-3.1, 1.0
"Wayne County, Mississippi(2)",28153,Rural,47.3 ,31.3, 68.9,N/A , N/A , N/A,6,stable,0.2 ,-2.8, 3.4
"Monroe County, Alabama(2)",01099,Rural,47.3 ,32.4, 67.4,N/A , N/A , N/A,7,stable,-2.2 ,-18.3, 1.5
"Cooper County, Missouri(2)",29053,Urban,47.3 ,30, 71.4,N/A , N/A , N/A,5,stable,1.5 ,-4.0, 7.8
"Douglas County, Illinois(7)",17041,Rural,47.1 ,30.9, 69.1,N/A , N/A , N/A,6,stable,8.5 ,-1.2, 37.3
"Osceola County, Michigan(2)",26133,Rural,47.1 ,32.9, 66.1,N/A , N/A , N/A,8,stable,0.7 ,-2.7, 4.1
"Clinton County, Indiana(2)",18023,Rural,47.1 ,34.5, 63.1,N/A , N/A , N/A,10,stable,-0.5 ,-2.7, 1.6
"Hamilton County, Florida(2)",12047,Rural,47.1 ,26.1, 78.7,N/A , N/A , N/A,3,*,*,*,*
"Ashland County, Ohio(2)",39005,Rural,47 ,37.5, 58.5,N/A , N/A , N/A,18,stable,0.8 ,-1.0, 2.7
"Faribault County, Minnesota(2)",27043,Rural,47 ,28.4, 74.4,N/A , N/A , N/A,5,falling,-4.0 ,-26.2, -1.0
"Taylor County, Florida(2)",12123,Rural,47 ,31, 68.9,N/A , N/A , N/A,6,stable,0.7 ,-3.6, 5.9
"Buchanan County, Missouri(2)",29021,Urban,47 ,38.8, 56.5,N/A , N/A , N/A,25,stable,-0.5 ,-2.0, 0.9
"DeWitt County, Texas(7)",48123,Rural,47 ,32, 67.5,N/A , N/A , N/A,7,stable,0.4 ,-2.6, 3.7
"Knox County, Kentucky(7)",21121,Rural,47 ,34, 63.4,N/A , N/A , N/A,9,stable,-0.1 ,-3.1, 3.1
"Potter County, Pennsylvania(2)",42105,Rural,47 ,30, 71,N/A , N/A , N/A,6,stable,-0.3 ,-3.4, 2.8
"Nodaway County, Missouri(2)",29147,Rural,46.9 ,32, 67.5,N/A , N/A , N/A,7,stable,-0.6 ,-4.9, 3.6
"Braxton County, West Virginia(2)",54007,Rural,46.9 ,29.8, 72.8,N/A , N/A , N/A,5,stable,3.8 ,-1.4, 10.6
"St. Martin Parish, Louisiana(7)",22099,Urban,46.9 ,36.8, 59,N/A , N/A , N/A,16,stable,-1.3 ,-3.3, 0.7
"Sequoyah County, Oklahoma(2)",40135,Urban,46.8 ,35.5, 60.7,N/A , N/A , N/A,12,stable,-0.4 ,-4.9, 4.5
"Charlotte County, Virginia(2)",51037,Rural,46.7 ,26, 78.2,N/A , N/A , N/A,4,stable,-1.1 ,-7.4, 5.5
"Mitchell County, North Carolina(2)",37121,Rural,46.7 ,28.7, 72.9,N/A , N/A , N/A,5,*,*,*,*
"Breathitt County, Kentucky(7)",21025,Rural,46.7 ,27.9, 74.2,N/A , N/A , N/A,4,stable,-0.7 ,-3.7, 2.3
"Marion County, Kentucky(7)",21155,Rural,46.7 ,30.8, 68.3,N/A , N/A , N/A,6,stable,-0.5 ,-3.6, 2.7
"Monroe County, Kentucky(7)",21171,Rural,46.7 ,27.9, 75,N/A , N/A , N/A,4,*,*,*,*
"Mills County, Iowa(7)",19129,Urban,46.6 ,29.3, 71.6,N/A , N/A , N/A,5,*,*,*,*
"Wyoming County, Pennsylvania(2)",42131,Urban,46.6 ,33.8, 63.5,N/A , N/A , N/A,10,stable,-0.3 ,-3.7, 3.2
"Schuyler County, New York(7)",36097,Rural,46.6 ,30.7, 68.7,N/A , N/A , N/A,6,stable,-2.5 ,-5.5, 0.1
"Caddo Parish, Louisiana(7)",22017,Urban,46.5 ,41.7, 51.8,N/A , N/A , N/A,74,stable,-0.9 ,-2.0, 0.1
"Tioga County, New York(7)",36107,Urban,46.4 ,35.7, 59.6,N/A , N/A , N/A,15,stable,9.7 ,-0.2, 30.5
"Dodge County, Minnesota(2)",27039,Urban,46.4 ,30.4, 68.2,N/A , N/A , N/A,5,*,*,*,*
"Coahoma County, Mississippi(2)",28027,Rural,46.4 ,31.8, 65.8,N/A , N/A , N/A,7,stable,-1.0 ,-4.8, 2.5
"Sabine County, Texas(7)",48403,Rural,46.4 ,29.2, 74.3,N/A , N/A , N/A,5,rising,7.8 ,0.5, 36.4
"Butler County, Alabama(2)",01013,Rural,46.4 ,31, 67.3,N/A , N/A , N/A,7,stable,-1.4 ,-5.8, 2.5
"Haywood County, Tennessee(2)",47075,Rural,46.4 ,31, 67.4,N/A , N/A , N/A,6,stable,-0.6 ,-4.2, 3.0
"Morehouse Parish, Louisiana(7)",22067,Urban,46.3 ,32.7, 64.1,N/A , N/A , N/A,8,stable,-0.2 ,-3.3, 3.0
"Waldo County, Maine(2)",23027,Rural,46.3 ,35.5, 59.9,N/A , N/A , N/A,14,stable,-0.9 ,-4.2, 2.5
"Marion County, Tennessee(2)",47115,Urban,46.3 ,34.1, 62,N/A , N/A , N/A,10,stable,-0.7 ,-3.4, 2.0
"Sibley County, Minnesota(2)",27143,Rural,46.3 ,27.9, 72.7,N/A , N/A , N/A,4,*,*,*,*
"Roane County, West Virginia(2)",54087,Rural,46.2 ,29.5, 70.7,N/A , N/A , N/A,5,stable,-2.2 ,-7.4, 2.2
"Iberia Parish, Louisiana(7)",22045,Rural,46.2 ,37.4, 56.6,N/A , N/A , N/A,20,stable,-0.4 ,-2.4, 1.7
"Brown County, Ohio(2)",39015,Urban,46.2 ,35.4, 59.5,N/A , N/A , N/A,13,rising,7.4 ,0.6, 20.9
"Knott County, Kentucky(7)",21119,Rural,46.2 ,28.2, 72.2,N/A , N/A , N/A,5,stable,-1.6 ,-5.8, 2.3
"Fayette County, Alabama(2)",01057,Rural,46.2 ,30.2, 68.7,N/A , N/A , N/A,6,stable,1.6 ,-1.7, 5.3
"Boyd County, Kentucky(7)",21019,Urban,46.2 ,36.2, 58.2,N/A , N/A , N/A,16,stable,1.8 ,-1.3, 14.2
"Washington County, Kentucky(7)",21229,Rural,46.1 ,27, 74.6,N/A , N/A , N/A,4,*,*,*,*
"Concordia Parish, Louisiana(7)",22029,Rural,46.1 ,30.5, 67.5,N/A , N/A , N/A,6,stable,1.3 ,-1.9, 4.8
"Terrell County, Georgia(7)",13273,Urban,46 ,26.4, 77.2,N/A , N/A , N/A,3,*,*,*,*
"Lewis County, New York(7)",36049,Rural,46 ,32.7, 63.5,N/A , N/A , N/A,9,stable,0.0 ,-2.7, 2.7
"Baldwin County, Georgia(7)",13009,Rural,46 ,34, 61,N/A , N/A , N/A,11,stable,0.6 ,-1.7, 3.2
"Jeff Davis County, Georgia(7)",13161,Rural,46 ,28.6, 70.9,N/A , N/A , N/A,4,stable,-1.7 ,-6.2, 3.6
"Colorado County, Texas(7)",48089,Rural,46 ,30.8, 66.6,N/A , N/A , N/A,7,stable,-0.8 ,-3.8, 2.2
"Randolph County, Indiana(2)",18135,Rural,46 ,32.4, 63.9,N/A , N/A , N/A,8,stable,-1.8 ,-5.2, 1.1
"Choctaw County, Alabama(2)",01023,Rural,45.9 ,28.2, 72.2,N/A , N/A , N/A,5,stable,1.4 ,-3.0, 6.4
"O'Brien County, Iowa(7)",19141,Rural,45.8 ,27.8, 72,N/A , N/A , N/A,5,*,*,*,*
"Dickson County, Tennessee(2)",47043,Urban,45.8 ,36.1, 57.6,N/A , N/A , N/A,16,rising,13.0 ,5.7, 26.8
"Adair County, Oklahoma(2)",40001,Rural,45.8 ,29.3, 68.4,N/A , N/A , N/A,5,stable,2.8 ,-0.7, 6.9
"Tuscarawas County, Ohio(2)",39157,Rural,45.8 ,38.3, 54.4,N/A , N/A , N/A,30,stable,0.8 ,-1.0, 2.5
"Franklin County, Illinois(7)",17055,Rural,45.8 ,35, 59.1,N/A , N/A , N/A,13,stable,-2.3 ,-5.1, 0.2
"Muhlenberg County, Kentucky(7)",21177,Rural,45.8 ,33.2, 61.8,N/A , N/A , N/A,10,stable,0.3 ,-2.4, 3.2
"Covington County, Alabama(2)",01039,Rural,45.7 ,34.5, 59.7,N/A , N/A , N/A,13,stable,0.3 ,-2.5, 3.0
"Gregg County, Texas(7)",48183,Urban,45.7 ,38.8, 53.5,N/A , N/A , N/A,34,stable,15.4 ,-0.6, 26.1
"Livingston County, Missouri(2)",29117,Rural,45.7 ,28.2, 70.6,N/A , N/A , N/A,5,stable,-1.2 ,-4.9, 2.1
"Butler County, Missouri(2)",29023,Rural,45.6 ,35.7, 57.8,N/A , N/A , N/A,15,stable,-1.3 ,-3.8, 1.0
"Noble County, Oklahoma(2)",40103,Rural,45.6 ,26.7, 74.5,N/A , N/A , N/A,4,stable,-0.4 ,-6.5, 5.7
"Butler County, Iowa(7)",19023,Rural,45.6 ,27, 72.5,N/A , N/A , N/A,4,*,*,*,*
"Casey County, Kentucky(7)",21045,Rural,45.6 ,29.4, 68.4,N/A , N/A , N/A,5,stable,-1.7 ,-4.6, 1.3
"Franklin County, Arkansas(2)",05047,Rural,45.6 ,29.3, 68.4,N/A , N/A , N/A,5,stable,0.5 ,-2.7, 3.6
"Calhoun County, Alabama(2)",01015,Urban,45.5 ,38.8, 53.1,N/A , N/A , N/A,36,stable,1.1 ,-0.8, 3.1
"Walthall County, Mississippi(2)",28147,Rural,45.5 ,28.2, 70.6,N/A , N/A , N/A,5,stable,1.4 ,-2.2, 5.4
"Wilkes County, Georgia(7)",13317,Rural,45.5 ,25.7, 76.6,N/A , N/A , N/A,4,stable,-2.8 ,-7.5, 1.5
"Wilbarger County, Texas(7)",48487,Rural,45.5 ,26.8, 72.9,N/A , N/A , N/A,4,*,*,*,*
"Jasper County, Texas(7)",48241,Rural,45.5 ,33.2, 61,N/A , N/A , N/A,11,stable,0.4 ,-1.1, 2.1
"Vernon Parish, Louisiana(7)",22115,Rural,45.5 ,34.1, 59.4,N/A , N/A , N/A,11,stable,1.0 ,-0.8, 3.1
"Dunklin County, Missouri(2)",29069,Rural,45.5 ,33.1, 61.4,N/A , N/A , N/A,10,stable,0.4 ,-2.2, 3.1
"White County, Arkansas(2)",05145,Rural,45.4 ,37.5, 54.7,N/A , N/A , N/A,24,stable,0.2 ,-1.0, 1.5
"Phillips County, Arkansas(2)",05107,Rural,45.4 ,28.6, 68.9,N/A , N/A , N/A,5,stable,-0.7 ,-3.8, 1.9
"Clarke County, Mississippi(2)",28023,Rural,45.4 ,28.8, 68.9,N/A , N/A , N/A,5,stable,-2.1 ,-5.7, 1.2
"Hardin County, Ohio(2)",39065,Rural,45.4 ,32.1, 62.5,N/A , N/A , N/A,8,stable,-0.6 ,-4.7, 3.4
"Independence County, Arkansas(2)",05063,Rural,45.4 ,33.8, 59.7,N/A , N/A , N/A,11,stable,-0.1 ,-2.6, 2.5
"Jim Wells County, Texas(7)",48249,Rural,45.3 ,33.6, 59.8,N/A , N/A , N/A,11,stable,1.1 ,-1.3, 3.8
"Maverick County, Texas(7)",48323,Urban,45.3 ,34.7, 58.1,N/A , N/A , N/A,13,rising,3.7 ,1.2, 7.3
"Stephens County, Georgia(7)",13257,Rural,45.3 ,32.4, 62.1,N/A , N/A , N/A,9,stable,-0.5 ,-3.7, 3.1
"Shelby County, Illinois(7)",17173,Rural,45.3 ,31, 64.7,N/A , N/A , N/A,8,stable,-1.0 ,-5.3, 3.5
"Stillwater County, Montana(2)",30095,Urban,45.2 ,24.7, 79.3,N/A , N/A , N/A,3,*,*,*,*
"Haralson County, Georgia(7)",13143,Urban,45.2 ,32.5, 61.5,N/A , N/A , N/A,9,stable,-0.5 ,-3.0, 2.1
"Sierra County, New Mexico(7)",35051,Rural,45.2 ,26.1, 75.8,N/A , N/A , N/A,5,stable,-0.7 ,-3.6, 2.1
"Breckinridge County, Kentucky(7)",21027,Rural,45.2 ,30.3, 65.5,N/A , N/A , N/A,6,stable,0.8 ,-1.7, 3.8
"Pawnee County, Oklahoma(2)",40117,Urban,45.2 ,28.6, 68.7,N/A , N/A , N/A,5,rising,14.9 ,0.6, 44.9
"Monroe County, Ohio(2)",39111,Rural,45.2 ,28.2, 70.4,N/A , N/A , N/A,5,*,*,*,*
"Marion County, Illinois(7)",17121,Rural,45.1 ,34, 58.9,N/A , N/A , N/A,12,stable,-0.6 ,-2.2, 0.9
"Marshall County, Kentucky(7)",21157,Rural,45.1 ,33.1, 60.5,N/A , N/A , N/A,11,stable,17.6 ,-2.6, 42.5
"Conecuh County, Alabama(2)",01035,Rural,45.1 ,25.4, 74.9,N/A , N/A , N/A,4,stable,-2.8 ,-6.9, 0.6
"Caroline County, Maryland(2)",24011,Rural,45 ,32.9, 60.4,N/A , N/A , N/A,10,stable,1.9 ,-0.5, 4.7
"Spencer County, Kentucky(7)",21215,Urban,45 ,28.4, 68.2,N/A , N/A , N/A,5,falling,-4.1 ,-6.7, -1.5
"Delaware County, New York(7)",36025,Rural,45 ,34, 58.6,N/A , N/A , N/A,14,stable,16.1 ,-0.7, 26.8
"Yazoo County, Mississippi(2)",28163,Urban,44.9 ,30.8, 63.8,N/A , N/A , N/A,7,stable,-0.2 ,-5.3, 5.0
"Vermilion County, Illinois(7)",17183,Rural,44.9 ,37, 54.1,N/A , N/A , N/A,25,stable,-0.5 ,-1.7, 0.5
"Sabine Parish, Louisiana(7)",22085,Rural,44.9 ,30.6, 64.1,N/A , N/A , N/A,7,stable,-1.1 ,-4.9, 2.8
"Elmore County, Idaho(7)",16039,Rural,44.9 ,30, 64.4,N/A , N/A , N/A,6,stable,-1.1 ,-4.3, 2.6
"Macon County, Illinois(7)",17115,Urban,44.9 ,38, 52.7,N/A , N/A , N/A,34,stable,-1.2 ,-2.8, 0.3
"Greene County, Pennsylvania(2)",42059,Rural,44.9 ,33.3, 59.6,N/A , N/A , N/A,11,stable,-0.8 ,-4.7, 2.9
"Adair County, Kentucky(7)",21001,Rural,44.8 ,29.1, 66.6,N/A , N/A , N/A,6,stable,0.4 ,-2.8, 4.0
"Muskogee County, Oklahoma(2)",40101,Rural,44.8 ,36, 55.2,N/A , N/A , N/A,19,stable,14.4 ,-0.6, 25.6
"Henry County, Ohio(2)",39069,Rural,44.8 ,32.1, 61.4,N/A , N/A , N/A,9,stable,0.9 ,-2.5, 4.5
"Emmet County, Iowa(7)",19063,Rural,44.8 ,27.8, 72.3,N/A , N/A , N/A,5,stable,-0.3 ,-2.5, 2.1
"Uvalde County, Texas(7)",48463,Rural,44.7 ,30.4, 63.7,N/A , N/A , N/A,7,stable,-0.2 ,-3.4, 3.2
"Madison County, Nebraska(2)",31119,Rural,44.7 ,32.8, 59.7,N/A , N/A , N/A,11,stable,3.9 ,-0.2, 18.6
"Marshall County, Tennessee(2)",47117,Rural,44.7 ,32.8, 59.8,N/A , N/A , N/A,10,stable,-1.5 ,-4.4, 1.4
"Lake County, Michigan(2)",26085,Rural,44.7 ,26.9, 73.4,N/A , N/A , N/A,5,*,*,*,*
"Jefferson Davis Parish, Louisiana(7)",22053,Urban,44.7 ,32.3, 60.5,N/A , N/A , N/A,9,stable,0.5 ,-1.6, 3.0
"Schuylkill County, Pennsylvania(2)",42107,Rural,44.7 ,38.8, 51.3,N/A , N/A , N/A,47,falling,-1.5 ,-2.9, -0.3
"Madison County, Ohio(2)",39097,Urban,44.7 ,34.4, 57.4,N/A , N/A , N/A,13,stable,1.2 ,-2.5, 5.6
"Carroll County, Indiana(2)",18015,Urban,44.7 ,29.1, 66,N/A , N/A , N/A,6,stable,1.1 ,-12.0, 14.8
"Coffee County, Tennessee(2)",47031,Rural,44.6 ,35.5, 55.6,N/A , N/A , N/A,17,stable,0.4 ,-3.5, 4.7
"Ste. Genevieve County, Missouri(2)",29186,Rural,44.6 ,28.7, 67,N/A , N/A , N/A,6,falling,-24.8 ,-47.6, -10.7
"Union County, Oregon(2)",41061,Rural,44.6 ,31.5, 62,N/A , N/A , N/A,8,stable,0.4 ,-2.4, 3.3
"Columbia County, Arkansas(2)",05027,Rural,44.6 ,29.6, 64.8,N/A , N/A , N/A,6,stable,0.5 ,-3.9, 4.9
"Hale County, Alabama(2)",01065,Urban,44.6 ,27.5, 69,N/A , N/A , N/A,5,*,*,*,*
"Shoshone County, Idaho(7)",16079,Rural,44.6 ,25.2, 73.5,N/A , N/A , N/A,4,stable,-2.5 ,-6.0, 0.7
"Lampasas County, Texas(7)",48281,Urban,44.6 ,30.1, 64.2,N/A , N/A , N/A,7,stable,-0.7 ,-3.1, 1.9
"Pushmataha County, Oklahoma(2)",40127,Rural,44.6 ,25.1, 74.7,N/A , N/A , N/A,4,stable,-3.8 ,-8.8, 0.5
"Levy County, Florida(2)",12075,Urban,44.6 ,34, 57.7,N/A , N/A , N/A,15,stable,0.9 ,-1.4, 3.4
"Massac County, Illinois(7)",17127,Urban,44.6 ,27.1, 69.9,N/A , N/A , N/A,5,stable,-1.0 ,-5.4, 3.4
"Bryan County, Georgia(7)",13029,Urban,44.5 ,32.9, 59,N/A , N/A , N/A,10,stable,-0.7 ,-3.9, 4.0
"Walker County, Alabama(2)",01127,Urban,44.5 ,36, 54.6,N/A , N/A , N/A,21,stable,0.5 ,-2.3, 3.2
"Bolivar County, Mississippi(2)",28011,Rural,44.5 ,32.4, 60,N/A , N/A , N/A,10,stable,-3.0 ,-22.5, 0.5
"Panola County, Mississippi(2)",28107,Rural,44.5 ,32.9, 59.1,N/A , N/A , N/A,10,stable,-2.3 ,-5.7, 0.8
"Scott County, Mississippi(2)",28123,Urban,44.5 ,31.1, 61.8,N/A , N/A , N/A,8,stable,-2.1 ,-4.7, 0.4
"Iron County, Missouri(2)",29093,Rural,44.5 ,24.4, 76.6,N/A , N/A , N/A,3,stable,0.1 ,-2.9, 3.1
"Mercer County, Illinois(7)",17131,Urban,44.5 ,27.8, 68.3,N/A , N/A , N/A,5,stable,1.0 ,-3.0, 5.5
"Bradford County, Florida(2)",12007,Rural,44.4 ,30.2, 63.3,N/A , N/A , N/A,7,stable,-0.9 ,-5.3, 3.4
"Nelson County, Kentucky(7)",21179,Urban,44.4 ,33.7, 57.5,N/A , N/A , N/A,12,stable,2.8 ,-13.7, 21.5
"Woodward County, Oklahoma(2)",40153,Rural,44.4 ,28.4, 66.3,N/A , N/A , N/A,5,stable,-0.1 ,-2.8, 2.6
"Randolph County, Illinois(7)",17157,Rural,44.4 ,32.2, 60.2,N/A , N/A , N/A,10,stable,0.1 ,-2.1, 2.6
"Lawrence County, Alabama(2)",01079,Urban,44.4 ,32.5, 59.5,N/A , N/A , N/A,10,stable,0.2 ,-3.5, 3.9
"Piscataquis County, Maine(2)",23021,Rural,44.3 ,27.8, 68.3,N/A , N/A , N/A,6,stable,-0.7 ,-4.0, 2.4
"Greene County, Mississippi(2)",28041,Rural,44.3 ,25.3, 73.4,N/A , N/A , N/A,3,stable,1.7 ,-3.8, 8.7
"Green County, Kentucky(7)",21087,Rural,44.3 ,26.2, 72,N/A , N/A , N/A,4,stable,-0.2 ,-4.7, 4.3
"Danville City, Virginia(2)",51590,Rural,44.3 ,34.4, 56.5,N/A , N/A , N/A,16,stable,-1.1 ,-4.2, 1.7
"Ashland County, Wisconsin(2)",55003,Rural,44.3 ,27.6, 68.2,N/A , N/A , N/A,5,stable,0.5 ,-2.9, 4.2
"Bradford County, Pennsylvania(2)",42015,Rural,44.3 ,34.9, 55.5,N/A , N/A , N/A,18,stable,0.0 ,-1.8, 1.7
"Isabella County, Michigan(2)",26073,Rural,44.2 ,34, 56.6,N/A , N/A , N/A,14,stable,-1.5 ,-3.8, 0.8
"Liberty County, Texas(7)",48291,Urban,44.2 ,35.9, 53.9,N/A , N/A , N/A,20,stable,-0.6 ,-2.5, 1.4
"Marion County, South Carolina(2)",45067,Rural,44.2 ,32.7, 59.1,N/A , N/A , N/A,11,stable,1.4 ,-1.1, 4.1
"Martin County, Kentucky(7)",21159,Rural,44.2 ,24.5, 75.2,N/A , N/A , N/A,3,stable,-1.1 ,-6.4, 4.5
"Woodbury County, Iowa(7)",19193,Urban,44.1 ,36.9, 52.5,N/A , N/A , N/A,27,stable,-0.6 ,-1.6, 0.3
"Lincoln County, West Virginia(2)",54043,Rural,44.1 ,30.2, 63.2,N/A , N/A , N/A,7,stable,9.6 ,-1.7, 33.4
"Vermillion County, Indiana(2)",18165,Urban,44.1 ,27.8, 67.5,N/A , N/A , N/A,5,stable,-1.2 ,-5.0, 2.4
"Kenai Peninsula Borough, Alaska(2)",02122,Rural,44 ,34.3, 55.7,N/A , N/A , N/A,16,stable,0.4 ,-3.1, 4.4
"Anson County, North Carolina(2)",37007,Urban,44 ,30.1, 62.9,N/A , N/A , N/A,7,stable,0.4 ,-4.8, 6.0
"Rockbridge County, Virginia(2)",51163,Rural,44 ,31.1, 61.7,N/A , N/A , N/A,9,stable,-2.5 ,-5.7, 0.6
"Jefferson County, Ohio(2)",39081,Urban,43.9 ,35.3, 54,N/A , N/A , N/A,22,stable,4.2 ,-1.0, 19.4
"Monroe County, Georgia(7)",13207,Urban,43.9 ,31.1, 60.6,N/A , N/A , N/A,8,rising,8.7 ,2.4, 25.7
"Orangeburg County, South Carolina(2)",45075,Rural,43.9 ,36.5, 52.4,N/A , N/A , N/A,28,stable,-0.4 ,-2.0, 5.7
"Barton County, Missouri(2)",29011,Rural,43.7 ,24.2, 73.5,N/A , N/A , N/A,3,*,*,*,*
"Marlboro County, South Carolina(2)",45069,Rural,43.6 ,30.7, 60.7,N/A , N/A , N/A,8,stable,-0.4 ,-3.7, 2.8
"Lauderdale County, Mississippi(2)",28075,Rural,43.6 ,35.6, 52.9,N/A , N/A , N/A,23,falling,-14.0 ,-21.8, -6.4
"Johnson County, Missouri(2)",29101,Rural,43.5 ,32.7, 56.8,N/A , N/A , N/A,11,stable,0.9 ,-1.2, 3.3
"Newton County, Georgia(7)",13217,Urban,43.5 ,36.7, 51.4,N/A , N/A , N/A,29,stable,0.5 ,-0.9, 2.3
"Starke County, Indiana(2)",18149,Rural,43.5 ,30.5, 61.1,N/A , N/A , N/A,8,stable,-0.4 ,-3.3, 2.6
"Mason County, Illinois(7)",17125,Rural,43.5 ,26.7, 68.5,N/A , N/A , N/A,5,stable,-0.2 ,-2.8, 2.4
"Essex County, Virginia(2)",51057,Rural,43.5 ,26.2, 70.8,N/A , N/A , N/A,4,stable,0.2 ,-3.7, 4.5
"Pemiscot County, Missouri(2)",29155,Rural,43.5 ,26.4, 67.9,N/A , N/A , N/A,4,stable,-0.9 ,-5.3, 2.8
"Van Zandt County, Texas(7)",48467,Rural,43.5 ,34.6, 54.1,N/A , N/A , N/A,18,rising,14.1 ,3.7, 26.9
"Gillespie County, Texas(7)",48171,Rural,43.5 ,30.9, 60.2,N/A , N/A , N/A,11,stable,2.5 ,-0.1, 5.6
"Hopkins County, Kentucky(7)",21107,Rural,43.4 ,33.6, 55.5,N/A , N/A , N/A,14,stable,-0.3 ,-2.6, 2.2
"Marion County, Missouri(2)",29127,Rural,43.4 ,30.7, 60,N/A , N/A , N/A,8,stable,-1.0 ,-4.6, 2.3
"Nicholas County, West Virginia(2)",54067,Rural,43.4 ,30.1, 61.3,N/A , N/A , N/A,8,stable,-0.6 ,-4.8, 3.6
"Hubbard County, Minnesota(2)",27057,Rural,43.4 ,29.1, 63.3,N/A , N/A , N/A,7,stable,-0.2 ,-4.7, 4.1
"Christian County, Kentucky(7)",21047,Urban,43.4 ,33.7, 54.9,N/A , N/A , N/A,15,stable,0.3 ,-1.7, 2.4
"Cleburne County, Alabama(2)",01029,Rural,43.3 ,26.7, 67.3,N/A , N/A , N/A,5,stable,0.2 ,-4.9, 5.7
"Choctaw County, Oklahoma(2)",40023,Rural,43.3 ,27.2, 66.7,N/A , N/A , N/A,5,stable,-0.9 ,-4.3, 2.3
"Bienville Parish, Louisiana(7)",22013,Rural,43.3 ,25.3, 69.9,N/A , N/A , N/A,4,stable,-1.4 ,-4.9, 1.8
"Cleveland County, North Carolina(2)",37045,Rural,43.3 ,36.3, 51.4,N/A , N/A , N/A,29,stable,0.9 ,-1.5, 3.3
"Lauderdale County, Tennessee(2)",47097,Rural,43.3 ,29.6, 61.6,N/A , N/A , N/A,7,stable,-0.7 ,-3.5, 1.9
"Ohio County, Kentucky(7)",21183,Rural,43.3 ,29.4, 61.8,N/A , N/A , N/A,7,stable,1.2 ,-1.4, 4.2
"Clinton County, Iowa(7)",19045,Rural,43.3 ,33.5, 55.3,N/A , N/A , N/A,15,falling,-1.9 ,-3.2, -0.8
"Stone County, Arkansas(2)",05137,Rural,43.2 ,25.4, 70.7,N/A , N/A , N/A,5,stable,0.2 ,-4.6, 5.5
"Bastrop County, Texas(7)",48021,Urban,43.2 ,35.6, 52.1,N/A , N/A , N/A,24,stable,-1.0 ,-3.5, 2.0
"Crockett County, Tennessee(2)",47033,Urban,43.2 ,26.4, 67.7,N/A , N/A , N/A,4,stable,-1.2 ,-7.6, 5.1
"Pipestone County, Minnesota(2)",27117,Rural,43.2 ,24.9, 72.6,N/A , N/A , N/A,3,*,*,*,*
"Jones County, Texas(7)",48253,Urban,43.2 ,25.7, 68.8,N/A , N/A , N/A,4,stable,0.4 ,-3.3, 4.0
"Wright County, Iowa(7)",19197,Rural,43.2 ,26, 68.9,N/A , N/A , N/A,5,stable,-1.2 ,-3.4, 0.6
"Union County, Arkansas(2)",05139,Rural,43.2 ,32.3, 56.8,N/A , N/A , N/A,11,stable,-1.2 ,-4.2, 1.5
"Huron County, Ohio(2)",39077,Rural,43.2 ,33.9, 54.3,N/A , N/A , N/A,16,stable,-0.6 ,-2.7, 1.4
"Spalding County, Georgia(7)",13255,Urban,43.2 ,34.6, 53.3,N/A , N/A , N/A,19,stable,-1.1 ,-3.2, 1.2
"Cleburne County, Arkansas(2)",05023,Rural,43.2 ,29.9, 61.1,N/A , N/A , N/A,9,rising,24.7 ,1.1, 41.7
"Williamson County, Illinois(7)",17199,Rural,43.2 ,35, 52.9,N/A , N/A , N/A,21,stable,-0.8 ,-2.6, 1.1
"Mercer County, Ohio(2)",39107,Rural,43.1 ,32.1, 56.8,N/A , N/A , N/A,12,stable,-0.9 ,-3.1, 1.3
"Sequatchie County, Tennessee(2)",47153,Urban,43.1 ,27.8, 65.1,N/A , N/A , N/A,5,*,*,*,*
"Perry County, Mississippi(2)",28111,Urban,43.1 ,24.3, 71.8,N/A , N/A , N/A,3,*,*,*,*
"Clinton County, Kentucky(7)",21053,Rural,43.1 ,24.9, 72.3,N/A , N/A , N/A,3,*,*,*,*
"Webster Parish, Louisiana(7)",22119,Rural,43 ,32.8, 55.9,N/A , N/A , N/A,13,stable,3.5 ,-0.8, 16.9
"Lyon County, Iowa(7)",19119,Rural,43 ,24, 71.8,N/A , N/A , N/A,3,stable,-0.8 ,-3.2, 1.4
"Pulaski County, Kentucky(7)",21199,Rural,43 ,34.4, 53.2,N/A , N/A , N/A,19,falling,-2.0 ,-3.8, -0.1
"Crawford County, Georgia(7)",13079,Urban,43 ,24.3, 71.7,N/A , N/A , N/A,3,*,*,*,*
"Warren County, Tennessee(2)",47177,Rural,43 ,32.6, 55.8,N/A , N/A , N/A,12,stable,-0.8 ,-3.2, 1.7
"Scott County, Tennessee(2)",47151,Rural,43 ,28.4, 62.7,N/A , N/A , N/A,6,*,*,*,*
"Fountain County, Indiana(2)",18045,Rural,42.9 ,27.6, 64.7,N/A , N/A , N/A,5,stable,-3.1 ,-6.8, 0.0
"Mason County, Kentucky(7)",21161,Rural,42.9 ,28.6, 63.2,N/A , N/A , N/A,6,stable,-1.4 ,-4.7, 1.9
"Mississippi County, Arkansas(2)",05093,Rural,42.9 ,31.6, 57.1,N/A , N/A , N/A,10,stable,-0.6 ,-3.3, 1.9
"Eastland County, Texas(7)",48133,Rural,42.9 ,28.6, 63.1,N/A , N/A , N/A,6,stable,-0.1 ,-4.2, 4.1
"Wyoming County, West Virginia(2)",54109,Rural,42.9 ,29.7, 61.1,N/A , N/A , N/A,7,stable,-3.1 ,-6.7, 0.0
"Bullitt County, Kentucky(7)",21029,Urban,42.9 ,35, 52.2,N/A , N/A , N/A,22,stable,0.1 ,-2.6, 3.3
"Lawrence County, Indiana(2)",18093,Rural,42.9 ,33.2, 54.8,N/A , N/A , N/A,15,stable,-1.1 ,-3.4, 1.1
"Granville County, North Carolina(2)",37077,Rural,42.9 ,33.9, 53.7,N/A , N/A , N/A,17,stable,10.0 ,-0.2, 22.0
"Jennings County, Indiana(2)",18079,Rural,42.9 ,30.1, 59.7,N/A , N/A , N/A,8,stable,1.8 ,-1.5, 5.7
"Lincoln County, Nebraska(2)",31111,Rural,42.8 ,31.5, 57.3,N/A , N/A , N/A,11,stable,-0.2 ,-3.4, 3.0
"Larue County, Kentucky(7)",21123,Urban,42.8 ,25.9, 67.2,N/A , N/A , N/A,4,stable,-1.9 ,-5.4, 1.7
"Calhoun County, Texas(7)",48057,Rural,42.7 ,27.4, 63.9,N/A , N/A , N/A,5,stable,-1.5 ,-5.3, 1.9
"Petersburg City, Virginia(2)",51730,Urban,42.7 ,30.7, 58,N/A , N/A , N/A,9,stable,-1.6 ,-4.7, 1.2
"Fayette County, Indiana(2)",18041,Rural,42.7 ,29.6, 60.2,N/A , N/A , N/A,8,stable,-2.7 ,-6.6, 0.7
"Adams County, Pennsylvania(2)",42001,Urban,42.7 ,36, 50.3,N/A , N/A , N/A,32,falling,-2.1 ,-3.7, -0.6
"Oktibbeha County, Mississippi(2)",28105,Rural,42.6 ,31.5, 56.6,N/A , N/A , N/A,10,stable,-1.3 ,-5.2, 2.7
"Wayne County, Tennessee(2)",47181,Rural,42.6 ,26.3, 66.9,N/A , N/A , N/A,5,stable,-0.6 ,-4.0, 2.9
"Bond County, Illinois(7)",17005,Urban,42.6 ,27.1, 64.9,N/A , N/A , N/A,5,*,*,*,*
"Knox County, Ohio(2)",39083,Rural,42.6 ,33.6, 53.3,N/A , N/A , N/A,18,stable,-1.6 ,-3.5, 0.4
"Wakulla County, Florida(2)",12129,Urban,42.6 ,29.9, 59.1,N/A , N/A , N/A,8,*,*,*,*
"Williams County, North Dakota(2)",38105,Rural,42.5 ,28.7, 60.4,N/A , N/A , N/A,6,stable,-0.9 ,-6.3, 4.1
"Meigs County, Ohio(2)",39105,Rural,42.5 ,29.4, 60.3,N/A , N/A , N/A,7,stable,-1.3 ,-5.9, 3.0
"Grayson County, Kentucky(7)",21085,Rural,42.5 ,29.6, 59.5,N/A , N/A , N/A,8,stable,-0.8 ,-3.4, 2.1
"Cassia County, Idaho(7)",16031,Rural,42.5 ,26.9, 63.5,N/A , N/A , N/A,5,*,*,*,*
"Cortland County, New York(7)",36023,Rural,42.5 ,32.1, 55.3,N/A , N/A , N/A,12,falling,-2.5 ,-4.5, -0.4
"Meeker County, Minnesota(2)",27093,Rural,42.5 ,28.3, 61.6,N/A , N/A , N/A,7,stable,-1.3 ,-5.2, 2.4
"Hardin County, Kentucky(7)",21093,Urban,42.4 ,35.4, 50.5,N/A , N/A , N/A,27,falling,-2.1 ,-3.3, -0.8
"Jackson County, Minnesota(2)",27063,Rural,42.4 ,23.1, 73.6,N/A , N/A , N/A,3,stable,-0.3 ,-6.2, 5.5
"Limestone County, Texas(7)",48293,Rural,42.4 ,28.7, 61,N/A , N/A , N/A,7,stable,0.7 ,-2.2, 3.8
"Osage County, Missouri(2)",29151,Urban,42.4 ,24.4, 69.3,N/A , N/A , N/A,4,stable,1.3 ,-3.9, 6.5
"Brooke County, West Virginia(2)",54009,Urban,42.4 ,29.7, 59.9,N/A , N/A , N/A,8,stable,-2.1 ,-5.7, 1.3
"Caldwell County, North Carolina(2)",37027,Urban,42.3 ,34.8, 51.2,N/A , N/A , N/A,25,stable,-1.1 ,-3.6, 1.4
"Silver Bow County, Montana(2)",30093,Rural,42.3 ,30.5, 57.5,N/A , N/A , N/A,10,stable,-2.5 ,-5.7, 0.2
"Logan County, Kentucky(7)",21141,Rural,42.3 ,29.8, 58.8,N/A , N/A , N/A,8,stable,-0.9 ,-3.9, 2.2
"Pontotoc County, Oklahoma(2)",40123,Rural,42.3 ,31, 56.5,N/A , N/A , N/A,10,falling,-21.8 ,-40.4, -2.0
"Calloway County, Kentucky(7)",21035,Rural,42.3 ,30.4, 57.5,N/A , N/A , N/A,9,stable,-0.8 ,-2.9, 1.2
"Upshur County, West Virginia(2)",54097,Rural,42.3 ,28.8, 60.4,N/A , N/A , N/A,7,stable,-2.3 ,-5.4, 0.5
"Barrow County, Georgia(7)",13013,Urban,42.3 ,34.2, 51.7,N/A , N/A , N/A,20,stable,0.0 ,-2.7, 3.7
"Idaho County, Idaho(7)",16049,Rural,42.2 ,27.7, 63.7,N/A , N/A , N/A,6,stable,1.5 ,-1.9, 5.6
"Pontotoc County, Mississippi(2)",28115,Rural,42.2 ,30.1, 57.9,N/A , N/A , N/A,8,stable,-0.3 ,-4.6, 4.2
"DeKalb County, Indiana(2)",18033,Rural,42.2 ,31.8, 55.1,N/A , N/A , N/A,12,stable,-0.7 ,-3.3, 2.0
"Anderson County, Texas(7)",48001,Rural,42.2 ,32.3, 54.4,N/A , N/A , N/A,13,stable,-0.9 ,-3.0, 1.2
"Howard County, Indiana(2)",18067,Urban,42.1 ,34.8, 50.6,N/A , N/A , N/A,26,stable,-1.3 ,-3.2, 0.6
"Creek County, Oklahoma(2)",40037,Urban,42.1 ,33.7, 52.1,N/A , N/A , N/A,19,stable,-1.3 ,-3.9, 1.2
"Herkimer County, New York(7)",36043,Urban,42.1 ,33.7, 52.1,N/A , N/A , N/A,20,stable,1.9 ,-2.3, 14.4
"Harrison County, Mississippi(2)",28047,Urban,42.1 ,37.1, 47.5,N/A , N/A , N/A,55,stable,0.4 ,-0.9, 1.9
"Brown County, Texas(7)",48049,Rural,42 ,30.8, 56.2,N/A , N/A , N/A,11,stable,-0.6 ,-2.6, 1.4
"Williams County, Ohio(2)",39171,Rural,42 ,31.4, 55.5,N/A , N/A , N/A,12,stable,0.2 ,-3.2, 3.6
"Dubuque County, Iowa(7)",19061,Urban,42 ,34.8, 50.4,N/A , N/A , N/A,27,stable,-1.3 ,-2.7, 0.0
"Randolph County, West Virginia(2)",54083,Rural,42 ,29.5, 58.6,N/A , N/A , N/A,9,stable,-1.1 ,-4.1, 1.9
"Union County, Florida(2)",12125,Rural,42 ,23.3, 70.5,N/A , N/A , N/A,3,*,*,*,*
"Dukes County, Massachusetts(2)",25007,Rural,42 ,28.4, 61,N/A , N/A , N/A,7,*,*,*,*
"Rice County, Minnesota(2)",27131,Rural,41.9 ,33, 52.6,N/A , N/A , N/A,17,stable,-0.9 ,-3.1, 1.3
"Williamsburg County, South Carolina(2)",45089,Rural,41.9 ,30.5, 56.8,N/A , N/A , N/A,10,stable,-0.2 ,-3.8, 3.5
"Barbour County, West Virginia(2)",54001,Rural,41.9 ,25.4, 65.8,N/A , N/A , N/A,4,stable,-1.2 ,-6.2, 3.6
"Effingham County, Illinois(7)",17049,Rural,41.9 ,30.5, 56.3,N/A , N/A , N/A,10,stable,-0.8 ,-3.1, 1.5
"Vermilion Parish, Louisiana(7)",22113,Urban,41.8 ,32.8, 52.8,N/A , N/A , N/A,15,falling,-5.3 ,-17.4, -1.1
"Genesee County, New York(7)",36037,Rural,41.8 ,32.8, 52.7,N/A , N/A , N/A,17,rising,7.7 ,0.5, 21.6
"Noxubee County, Mississippi(2)",28103,Rural,41.8 ,23.6, 70.2,N/A , N/A , N/A,3,*,*,*,*
"Troup County, Georgia(7)",13285,Rural,41.8 ,33.4, 51.8,N/A , N/A , N/A,18,falling,-1.7 ,-3.3, -0.1
"Appomattox County, Virginia(2)",51011,Urban,41.8 ,25, 65.9,N/A , N/A , N/A,4,stable,-0.7 ,-4.0, 2.5
"Madison County, Kentucky(7)",21151,Rural,41.8 ,34.2, 50.7,N/A , N/A , N/A,22,stable,1.9 ,-1.7, 14.6
"Manistee County, Michigan(2)",26101,Rural,41.8 ,29, 59.4,N/A , N/A , N/A,9,falling,-4.4 ,-8.0, -1.5
"Payette County, Idaho(7)",16075,Rural,41.8 ,28.5, 59.5,N/A , N/A , N/A,7,stable,1.9 ,-1.1, 5.7
"Union County, Illinois(7)",17181,Rural,41.8 ,26.8, 63.1,N/A , N/A , N/A,5,stable,-0.8 ,-3.8, 2.3
"Jackson County, Mississippi(2)",28059,Urban,41.8 ,35.9, 48.3,N/A , N/A , N/A,38,stable,1.7 ,-2.1, 11.0
"Montgomery County, Tennessee(2)",47125,Urban,41.8 ,36.1, 48,N/A , N/A , N/A,41,stable,-0.3 ,-1.6, 1.3
"Boone County, Iowa(7)",19015,Urban,41.8 ,28.8, 59,N/A , N/A , N/A,7,stable,-1.4 ,-3.6, 0.6
"Bates County, Missouri(2)",29013,Urban,41.8 ,26.6, 63.5,N/A , N/A , N/A,5,stable,-0.2 ,-3.0, 2.7
"Montgomery County, Alabama(2)",01101,Urban,41.8 ,37, 46.9,N/A , N/A , N/A,60,stable,-0.9 ,-2.6, 0.8
"Belmont County, Ohio(2)",39013,Urban,41.7 ,33.8, 51.2,N/A , N/A , N/A,22,stable,-1.6 ,-3.6, 0.2
"Fayette County, Illinois(7)",17051,Rural,41.7 ,27.3, 61.8,N/A , N/A , N/A,6,stable,10.9 ,-3.2, 35.5
"Marion County, Ohio(2)",39101,Rural,41.7 ,33, 52.3,N/A , N/A , N/A,17,stable,-1.3 ,-4.0, 1.2
"Marion County, West Virginia(2)",54049,Rural,41.7 ,32.7, 52.6,N/A , N/A , N/A,16,stable,-0.9 ,-3.6, 1.5
"Grayson County, Texas(7)",48181,Urban,41.7 ,35.7, 48.4,N/A , N/A , N/A,38,stable,-0.3 ,-1.5, 1.0
"Benton County, Missouri(2)",29015,Rural,41.7 ,27.9, 61.6,N/A , N/A , N/A,8,stable,0.3 ,-2.5, 3.2
"Val Verde County, Texas(7)",48465,Rural,41.7 ,31, 54.9,N/A , N/A , N/A,10,stable,1.6 ,-18.1, 18.9
"Freeborn County, Minnesota(2)",27047,Rural,41.7 ,30.4, 56.3,N/A , N/A , N/A,11,stable,-0.1 ,-3.1, 2.9
"Navarro County, Texas(7)",48349,Rural,41.7 ,32.1, 53.3,N/A , N/A , N/A,14,stable,-0.5 ,-2.5, 1.5
"Overton County, Tennessee(2)",47133,Rural,41.6 ,28.3, 59.8,N/A , N/A , N/A,7,stable,0.2 ,-3.1, 3.8
"Gibson County, Indiana(2)",18051,Rural,41.6 ,30, 56.6,N/A , N/A , N/A,9,falling,-2.6 ,-5.5, -0.2
"Pike County, Indiana(2)",18125,Rural,41.6 ,23.4, 69.4,N/A , N/A , N/A,4,*,*,*,*
"DeSoto County, Mississippi(2)",28033,Urban,41.6 ,36.2, 47.6,N/A , N/A , N/A,44,stable,-1.0 ,-2.7, 0.8
"Campbell County, Wyoming(2)",56005,Rural,41.6 ,30.1, 56,N/A , N/A , N/A,10,stable,-0.3 ,-3.9, 4.2
"Lee County, Georgia(7)",13177,Urban,41.5 ,29.1, 57.6,N/A , N/A , N/A,8,stable,-0.9 ,-3.3, 2.3
"Tift County, Georgia(7)",13277,Rural,41.5 ,30.6, 55.2,N/A , N/A , N/A,10,stable,0.4 ,-1.6, 2.7
"Itawamba County, Mississippi(2)",28057,Rural,41.5 ,28.2, 59.5,N/A , N/A , N/A,7,stable,-2.2 ,-4.7, 0.2
"Palo Pinto County, Texas(7)",48363,Rural,41.5 ,28.9, 58,N/A , N/A , N/A,8,stable,-1.7 ,-4.4, 0.9
"Ector County, Texas(7)",48135,Urban,41.5 ,34.9, 48.9,N/A , N/A , N/A,29,stable,0.4 ,-1.1, 2.1
"Orange County, Indiana(2)",18117,Rural,41.5 ,28, 60.3,N/A , N/A , N/A,6,stable,-1.9 ,-5.6, 1.7
"Walker County, Georgia(7)",13295,Urban,41.5 ,33.3, 51.1,N/A , N/A , N/A,20,stable,4.3 ,-2.2, 26.0
"Jasper County, Iowa(7)",19099,Urban,41.4 ,30.7, 55.1,N/A , N/A , N/A,11,stable,-1.0 ,-2.3, 0.2
"St. Francois County, Missouri(2)",29187,Rural,41.4 ,32.9, 51.7,N/A , N/A , N/A,17,stable,-0.2 ,-3.2, 2.7
"Elbert County, Georgia(7)",13105,Rural,41.4 ,26.9, 61.5,N/A , N/A , N/A,6,stable,-1.0 ,-4.2, 2.2
"Jefferson County, New York(7)",36045,Urban,41.4 ,34.5, 49.4,N/A , N/A , N/A,27,stable,-1.2 ,-2.6, 0.2
"Carson City, Nevada(2)",32510,Urban,41.4 ,32.6, 52,N/A , N/A , N/A,18,stable,0.5 ,-2.2, 3.4
"Grenada County, Mississippi(2)",28043,Rural,41.4 ,27.2, 60.6,N/A , N/A , N/A,6,stable,-2.6 ,-6.2, 0.6
"Poweshiek County, Iowa(7)",19157,Rural,41.4 ,27.3, 61.1,N/A , N/A , N/A,6,falling,-3.2 ,-5.3, -1.5
"Marion County, Mississippi(2)",28091,Rural,41.4 ,28.2, 58.9,N/A , N/A , N/A,7,stable,1.4 ,-3.7, 6.7
"Hardeman County, Tennessee(2)",47069,Rural,41.3 ,28.1, 59.3,N/A , N/A , N/A,7,stable,-0.5 ,-4.1, 3.1
"Upshur County, Texas(7)",48459,Urban,41.3 ,30.7, 54.6,N/A , N/A , N/A,11,stable,-0.9 ,-2.7, 1.0
"Wyoming County, New York(7)",36121,Rural,41.3 ,30, 55.7,N/A , N/A , N/A,10,stable,-2.1 ,-4.8, 0.4
"Langlade County, Wisconsin(2)",55067,Rural,41.3 ,26.3, 62.5,N/A , N/A , N/A,6,stable,0.1 ,-4.9, 4.7
"Grainger County, Tennessee(2)",47057,Urban,41.3 ,28.7, 58.5,N/A , N/A , N/A,7,stable,-1.3 ,-4.4, 1.8
"Bonner County, Idaho(7)",16017,Rural,41.3 ,31.7, 53.2,N/A , N/A , N/A,15,stable,-2.0 ,-4.1, 0.2
"Defiance County, Ohio(2)",39039,Rural,41.3 ,30.9, 54.4,N/A , N/A , N/A,11,stable,-0.5 ,-4.2, 3.4
"Newton County, Texas(7)",48351,Rural,41.3 ,25, 66.3,N/A , N/A , N/A,4,*,*,*,*
"Lincoln County, Wisconsin(2)",55069,Rural,41.2 ,29.4, 57,N/A , N/A , N/A,9,falling,-3.3 ,-6.9, -0.2
"Page County, Iowa(7)",19145,Rural,41.2 ,26, 63.9,N/A , N/A , N/A,5,falling,-5.9 ,-20.1, -2.1
"Wayne County, Georgia(7)",13305,Rural,41.2 ,28.7, 57.5,N/A , N/A , N/A,8,stable,-0.9 ,-4.6, 3.4
"Perry County, Pennsylvania(2)",42099,Urban,41.2 ,31.2, 53.5,N/A , N/A , N/A,13,stable,-1.3 ,-4.8, 2.1
"Howell County, Missouri(2)",29091,Rural,41.2 ,30.7, 54.3,N/A , N/A , N/A,12,falling,-3.4 ,-14.0, -0.4
"Floyd County, Virginia(2)",51063,Urban,41.2 ,25.5, 64.3,N/A , N/A , N/A,5,stable,-3.2 ,-7.7, 0.8
"Franklin County, Alabama(2)",01059,Rural,41.2 ,29.9, 55.7,N/A , N/A , N/A,9,stable,0.2 ,-2.9, 3.5
"Grady County, Georgia(7)",13131,Rural,41.1 ,28.6, 57.6,N/A , N/A , N/A,7,stable,-1.0 ,-5.1, 3.5
"Crenshaw County, Alabama(2)",01041,Rural,41.1 ,24.7, 65.7,N/A , N/A , N/A,4,stable,-8.2 ,-30.5, 3.4
"Preston County, West Virginia(2)",54077,Urban,41.1 ,30.1, 55.4,N/A , N/A , N/A,10,stable,-0.3 ,-3.8, 3.4
"Wayne County, Missouri(2)",29223,Rural,41.1 ,25.5, 66.1,N/A , N/A , N/A,4,stable,1.9 ,-2.4, 21.1
"Cottonwood County, Minnesota(2)",27033,Rural,41.1 ,22.3, 70.4,N/A , N/A , N/A,4,stable,-0.2 ,-4.3, 3.8
"Wise County, Texas(7)",48497,Urban,41.1 ,32.4, 51.4,N/A , N/A , N/A,16,stable,1.1 ,-1.1, 3.9
"Allen County, Kentucky(7)",21003,Urban,41.1 ,27.4, 59.8,N/A , N/A , N/A,6,stable,-1.0 ,-3.3, 1.7
"Ouachita Parish, Louisiana(7)",22073,Urban,41 ,35.4, 47.3,N/A , N/A , N/A,40,stable,-0.9 ,-2.3, 0.6
"Jessamine County, Kentucky(7)",21113,Urban,41 ,31.5, 52.6,N/A , N/A , N/A,13,stable,1.6 ,-1.9, 14.5
"Barren County, Kentucky(7)",21009,Rural,41 ,31.3, 53,N/A , N/A , N/A,13,stable,-0.8 ,-3.1, 1.5
"Owen County, Indiana(2)",18119,Urban,41 ,27.4, 59.7,N/A , N/A , N/A,6,stable,-1.3 ,-4.7, 2.0
"Lake County, Indiana(2)",18089,Urban,40.9 ,37.9, 44.2,N/A , N/A , N/A,138,falling,-1.1 ,-1.9, -0.3
"Chisago County, Minnesota(2)",27025,Urban,40.9 ,31.6, 52.3,N/A , N/A , N/A,14,stable,-1.0 ,-3.4, 1.6
"Grant County, Indiana(2)",18053,Rural,40.9 ,32.8, 50.7,N/A , N/A , N/A,19,stable,-0.7 ,-2.9, 1.4
"Fayette County, Ohio(2)",39047,Rural,40.9 ,28.9, 56.6,N/A , N/A , N/A,8,stable,0.7 ,-3.3, 4.9
"DeSoto County, Florida(2)",12027,Rural,40.9 ,29.1, 56.4,N/A , N/A , N/A,10,stable,-0.6 ,-4.9, 3.6
"Etowah County, Alabama(2)",01055,Urban,40.9 ,34.3, 48.5,N/A , N/A , N/A,30,stable,-1.0 ,-3.5, 1.4
"Wayne County, North Carolina(2)",37191,Urban,40.9 ,34.5, 48.1,N/A , N/A , N/A,31,stable,0.0 ,-1.6, 1.7
"Sandusky County, Ohio(2)",39143,Rural,40.8 ,32, 51.5,N/A , N/A , N/A,16,falling,-1.8 ,-3.6, -0.1
"Iroquois County, Illinois(7)",17075,Rural,40.8 ,28.2, 57.5,N/A , N/A , N/A,8,stable,-0.9 ,-4.1, 2.1
"Avoyelles Parish, Louisiana(7)",22009,Rural,40.8 ,30, 54.4,N/A , N/A , N/A,10,stable,-1.4 ,-3.0, 0.3
"Dixie County, Florida(2)",12029,Rural,40.8 ,24.9, 64.4,N/A , N/A , N/A,5,stable,-1.9 ,-6.8, 3.2
"Crittenden County, Arkansas(2)",05035,Urban,40.8 ,31.1, 52.6,N/A , N/A , N/A,13,stable,-1.1 ,-3.6, 1.4
"Becker County, Minnesota(2)",27005,Rural,40.8 ,28.9, 56.1,N/A , N/A , N/A,9,stable,0.3 ,-2.9, 3.5
"Matagorda County, Texas(7)",48321,Rural,40.7 ,29.9, 54.5,N/A , N/A , N/A,10,stable,0.1 ,-1.6, 1.8
"Greenbrier County, West Virginia(2)",54025,Rural,40.7 ,30.2, 54.4,N/A , N/A , N/A,11,stable,-0.4 ,-3.9, 2.9
"Brunswick County, Virginia(2)",51025,Rural,40.7 ,25.7, 63.3,N/A , N/A , N/A,5,stable,-0.2 ,-3.5, 3.2
"Emanuel County, Georgia(7)",13107,Rural,40.7 ,27, 59.4,N/A , N/A , N/A,6,stable,1.1 ,-1.7, 4.5
"Tallapoosa County, Alabama(2)",01123,Rural,40.7 ,30.3, 53.9,N/A , N/A , N/A,12,stable,0.8 ,-2.2, 3.8
"Adams County, Wisconsin(2)",55001,Rural,40.7 ,25.3, 63.4,N/A , N/A , N/A,7,stable,1.3 ,-2.0, 5.1
"Knox County, Maine(2)",23013,Rural,40.7 ,30.6, 53.6,N/A , N/A , N/A,14,rising,6.8 ,1.7, 22.2
"Copiah County, Mississippi(2)",28029,Urban,40.7 ,28.9, 56.1,N/A , N/A , N/A,8,stable,-0.7 ,-4.0, 2.7
"Preble County, Ohio(2)",39135,Rural,40.7 ,30.4, 53.6,N/A , N/A , N/A,11,stable,-0.9 ,-4.1, 2.0
"Benton County, Iowa(7)",19011,Urban,40.6 ,27.5, 58.1,N/A , N/A , N/A,7,stable,-0.8 ,-3.1, 1.4
"Koochiching County, Minnesota(2)",27071,Rural,40.6 ,22.3, 69.5,N/A , N/A , N/A,4,stable,-3.0 ,-8.7, 1.5
"Hillsdale County, Michigan(2)",26059,Rural,40.6 ,31.1, 52.4,N/A , N/A , N/A,14,stable,-0.2 ,-3.2, 2.8
"Oneida County, Wisconsin(2)",55085,Rural,40.6 ,30, 54.3,N/A , N/A , N/A,13,stable,-2.1 ,-5.1, 0.7
"Henry County, Indiana(2)",18065,Rural,40.5 ,31.1, 52.1,N/A , N/A , N/A,14,falling,-3.4 ,-6.8, -0.5
"Shelby County, Indiana(2)",18145,Urban,40.5 ,30.9, 52.4,N/A , N/A , N/A,13,stable,0.0 ,-2.8, 3.0
"Upson County, Georgia(7)",13293,Rural,40.5 ,28.2, 56.7,N/A , N/A , N/A,8,falling,-3.2 ,-6.0, -0.6
"Plymouth County, Iowa(7)",19149,Rural,40.5 ,28.1, 57,N/A , N/A , N/A,8,falling,-2.7 ,-4.0, -1.4
"Lamar County, Georgia(7)",13171,Rural,40.5 ,25, 62.3,N/A , N/A , N/A,5,stable,-2.7 ,-6.2, 0.9
"Lee County, Iowa(7)",19111,Rural,40.5 ,29.4, 54.7,N/A , N/A , N/A,11,stable,-0.7 ,-1.7, 0.3
"Greene County, Tennessee(2)",47059,Rural,40.5 ,32.8, 49.6,N/A , N/A , N/A,22,stable,0.3 ,-1.7, 2.5
"Jackson County, Illinois(7)",17077,Rural,40.4 ,30.6, 52.5,N/A , N/A , N/A,13,stable,7.5 ,-1.2, 21.1
"Fond du Lac County, Wisconsin(2)",55039,Urban,40.4 ,33.8, 48,N/A , N/A , N/A,29,stable,-0.3 ,-2.1, 1.5
"Newton County, Indiana(2)",18111,Urban,40.4 ,25, 63.7,N/A , N/A , N/A,4,stable,-0.3 ,-4.6, 4.0
"Bay County, Michigan(2)",26017,Urban,40.4 ,34, 47.8,N/A , N/A , N/A,32,stable,-0.8 ,-3.0, 1.3
"Polk County, Tennessee(2)",47139,Urban,40.4 ,26.8, 59.9,N/A , N/A , N/A,6,*,*,*,*
"Wichita County, Texas(7)",48485,Urban,40.4 ,34.1, 47.6,N/A , N/A , N/A,31,falling,-16.4 ,-24.6, -7.6
"Clayton County, Georgia(7)",13063,Urban,40.4 ,35.6, 45.5,N/A , N/A , N/A,59,stable,-0.2 ,-0.9, 0.7
"Salem City, Virginia(2)",51775,Urban,40.4 ,27.9, 57.1,N/A , N/A , N/A,8,stable,-0.6 ,-4.0, 2.9
"McDonald County, Missouri(2)",29119,Rural,40.3 ,26.4, 59.3,N/A , N/A , N/A,5,stable,4.1 ,-0.3, 10.3
"Union County, South Carolina(2)",45087,Urban,40.3 ,28.2, 56.4,N/A , N/A , N/A,8,stable,0.3 ,-2.9, 3.3
"Wayne County, Indiana(2)",18177,Rural,40.3 ,32.3, 49.8,N/A , N/A , N/A,19,stable,-0.5 ,-2.9, 1.8
"Marshall County, Iowa(7)",19127,Rural,40.3 ,29.7, 53.6,N/A , N/A , N/A,11,stable,-1.1 ,-3.0, 0.6
"Union County, Mississippi(2)",28145,Rural,40.2 ,27.9, 56.5,N/A , N/A , N/A,7,stable,-1.1 ,-5.3, 3.2
"Crawford County, Ohio(2)",39033,Rural,40.2 ,30.3, 52.7,N/A , N/A , N/A,13,stable,-1.8 ,-4.7, 0.8
"Kanabec County, Minnesota(2)",27065,Rural,40.2 ,24.9, 62.6,N/A , N/A , N/A,5,*,*,*,*
"Lafayette County, Mississippi(2)",28071,Rural,40.2 ,30.2, 52.5,N/A , N/A , N/A,11,stable,0.0 ,-3.6, 4.1
"Clatsop County, Oregon(2)",41007,Rural,40.2 ,30.3, 52.8,N/A , N/A , N/A,12,stable,-0.4 ,-2.5, 1.8
"Giles County, Tennessee(2)",47055,Rural,40.2 ,28.5, 55.4,N/A , N/A , N/A,9,stable,-1.7 ,-4.2, 0.8
"Craighead County, Arkansas(2)",05031,Urban,40.2 ,33.3, 48.1,N/A , N/A , N/A,25,stable,0.4 ,-1.3, 2.3
"Jackson County, Iowa(7)",19097,Rural,40.2 ,26.4, 59.6,N/A , N/A , N/A,6,falling,-2.0 ,-3.4, -0.7
"McDuffie County, Georgia(7)",13189,Urban,40.2 ,26.8, 58.3,N/A , N/A , N/A,6,stable,0.3 ,-2.7, 4.0
"Waseca County, Minnesota(2)",27161,Rural,40.2 ,25.7, 60.4,N/A , N/A , N/A,5,stable,1.6 ,-3.1, 6.4
"Washington County, Mississippi(2)",28151,Rural,40.2 ,30.5, 52.1,N/A , N/A , N/A,13,falling,-5.1 ,-9.2, -2.9
"Gloucester County, New Jersey(7)",34015,Urban,40.2 ,36.2, 44.5,N/A , N/A , N/A,80,falling,-2.3 ,-3.3, -1.2
"Glades County, Florida(2)",12043,Rural,40.2 ,23.3, 68.4,N/A , N/A , N/A,4,*,*,*,*
"Cuming County, Nebraska(2)",31039,Rural,40.1 ,21.2, 71.5,N/A , N/A , N/A,3,*,*,*,*
"Baxter County, Arkansas(2)",05005,Rural,40.1 ,29.7, 53.4,N/A , N/A , N/A,14,stable,12.9 ,-4.2, 38.5
"Franklin County, Idaho(7)",16041,Urban,40.1 ,22.6, 66.2,N/A , N/A , N/A,3,*,*,*,*
"Garvin County, Oklahoma(2)",40049,Rural,40.1 ,27.5, 57,N/A , N/A , N/A,7,stable,-0.7 ,-3.1, 1.5
"Beauregard Parish, Louisiana(7)",22011,Rural,40.1 ,28.8, 54.5,N/A , N/A , N/A,9,stable,0.1 ,-2.9, 3.5
"Colusa County, California(7)",06011,Rural,40.1 ,24.8, 61.1,N/A , N/A , N/A,4,*,*,*,*
"Chenango County, New York(7)",36017,Rural,40 ,31, 51.3,N/A , N/A , N/A,15,stable,0.1 ,-2.1, 2.6
"Chester County, Tennessee(2)",47023,Urban,40 ,25.2, 61.2,N/A , N/A , N/A,5,stable,2.1 ,-1.6, 6.6
"Pine County, Minnesota(2)",27115,Rural,40 ,28.2, 55.9,N/A , N/A , N/A,9,stable,13.2 ,-1.4, 36.5
"Jerome County, Idaho(7)",16053,Urban,40 ,25.1, 60.4,N/A , N/A , N/A,5,stable,-3.1 ,-8.8, 2.5
"McCreary County, Kentucky(7)",21147,Rural,40 ,24, 63.3,N/A , N/A , N/A,4,stable,-0.8 ,-3.5, 2.0
"Redwood County, Minnesota(2)",27127,Rural,40 ,23.2, 64.7,N/A , N/A , N/A,4,stable,-0.2 ,-4.4, 3.9
"Bossier Parish, Louisiana(7)",22015,Urban,40 ,33.6, 47.2,N/A , N/A , N/A,29,stable,-1.2 ,-2.9, 0.8
"Richmond County, North Carolina(2)",37153,Rural,40 ,29.5, 53.1,N/A , N/A , N/A,11,stable,-0.4 ,-3.5, 2.5
"Jefferson County, Indiana(2)",18077,Rural,40 ,29.1, 54,N/A , N/A , N/A,9,stable,1.3 ,-2.4, 5.6
"Patrick County, Virginia(2)",51141,Rural,40 ,24.8, 62.2,N/A , N/A , N/A,6,stable,-0.5 ,-4.4, 3.3
"Stephens County, Oklahoma(2)",40137,Rural,39.9 ,30.3, 51.9,N/A , N/A , N/A,13,stable,-1.5 ,-4.3, 1.0
"Lee County, Texas(7)",48287,Rural,39.9 ,25.5, 60.5,N/A , N/A , N/A,5,*,*,*,*
"Taney County, Missouri(2)",29213,Rural,39.9 ,30.9, 51,N/A , N/A , N/A,15,stable,3.2 ,-1.7, 19.1
"Pike County, Mississippi(2)",28113,Rural,39.9 ,29.6, 52.9,N/A , N/A , N/A,11,stable,0.1 ,-2.5, 2.7
"Shelby County, Texas(7)",48419,Rural,39.9 ,26.7, 57.7,N/A , N/A , N/A,6,stable,0.2 ,-2.1, 2.6
"Nacogdoches County, Texas(7)",48347,Rural,39.9 ,31.4, 50.1,N/A , N/A , N/A,16,stable,-0.9 ,-2.7, 1.0
"Acadia Parish, Louisiana(7)",22001,Urban,39.9 ,30.9, 50.8,N/A , N/A , N/A,14,stable,-1.3 ,-3.1, 0.6
"Clay County, Mississippi(2)",28025,Rural,39.9 ,25.8, 59.5,N/A , N/A , N/A,6,stable,-3.1 ,-8.1, 1.0
"Clinton County, Pennsylvania(2)",42035,Rural,39.9 ,29.8, 52.7,N/A , N/A , N/A,11,stable,-0.4 ,-2.7, 2.0
"Lee County, Mississippi(2)",28081,Rural,39.8 ,32.5, 48.5,N/A , N/A , N/A,21,falling,-13.1 ,-23.8, -0.8
"Webster County, Iowa(7)",19187,Rural,39.8 ,29.3, 53.2,N/A , N/A , N/A,11,falling,-2.8 ,-4.4, -1.4
"Sussex County, New Jersey(7)",34037,Urban,39.8 ,34.1, 46.2,N/A , N/A , N/A,39,falling,-2.4 ,-3.6, -1.2
"Gloucester County, Virginia(2)",51073,Urban,39.8 ,29.3, 53.2,N/A , N/A , N/A,11,rising,6.2 ,1.8, 12.1
"Clinton County, Illinois(7)",17027,Urban,39.7 ,29, 53.4,N/A , N/A , N/A,10,falling,-2.8 ,-5.6, -0.3
"Renville County, Minnesota(2)",27129,Rural,39.7 ,24.8, 62.1,N/A , N/A , N/A,5,*,*,*,*
"Wilkes County, North Carolina(2)",37193,Rural,39.7 ,31.7, 49.4,N/A , N/A , N/A,19,stable,0.2 ,-2.4, 2.8
"Kenton County, Kentucky(7)",21117,Urban,39.7 ,34.3, 45.9,N/A , N/A , N/A,40,falling,-2.3 ,-3.7, -0.9
"Peoria County, Illinois(7)",17143,Urban,39.7 ,34.8, 45.3,N/A , N/A , N/A,49,falling,-1.2 ,-2.2, -0.2
"Houston County, Georgia(7)",13153,Urban,39.7 ,34, 46.1,N/A , N/A , N/A,36,stable,0.0 ,-1.1, 1.3
"Freestone County, Texas(7)",48161,Rural,39.7 ,26.1, 58.9,N/A , N/A , N/A,6,rising,2.3 ,0.1, 8.7
"Mifflin County, Pennsylvania(2)",42087,Rural,39.7 ,30.9, 50.7,N/A , N/A , N/A,15,stable,-2.1 ,-5.2, 0.8
"Hood River County, Oregon(2)",41027,Rural,39.7 ,26.3, 57.8,N/A , N/A , N/A,6,*,*,*,*
"Gallia County, Ohio(2)",39053,Rural,39.7 ,27.8, 55.4,N/A , N/A , N/A,8,stable,-0.8 ,-4.9, 3.3
"Newaygo County, Michigan(2)",26123,Rural,39.7 ,30.1, 51.6,N/A , N/A , N/A,13,stable,20.2 ,-3.1, 43.1
"Bedford County, Pennsylvania(2)",42009,Rural,39.7 ,30.7, 50.8,N/A , N/A , N/A,15,stable,-1.1 ,-3.9, 1.5
"Escambia County, Alabama(2)",01053,Rural,39.6 ,29.1, 53.1,N/A , N/A , N/A,10,stable,-1.7 ,-4.7, 0.9
"Steuben County, New York(7)",36101,Rural,39.6 ,32.9, 47.5,N/A , N/A , N/A,27,stable,5.0 ,-2.1, 20.5
"Washington Parish, Louisiana(7)",22117,Rural,39.6 ,30.1, 51.4,N/A , N/A , N/A,13,stable,-1.5 ,-3.5, 0.4
"Seneca County, Ohio(2)",39147,Rural,39.6 ,30.9, 50.3,N/A , N/A , N/A,15,stable,-1.6 ,-3.8, 0.3
"Lewis County, Kentucky(7)",21135,Rural,39.6 ,22.4, 65.6,N/A , N/A , N/A,3,stable,-0.8 ,-3.5, 2.1
"Marshall County, Alabama(2)",01095,Rural,39.6 ,32.6, 47.7,N/A , N/A , N/A,24,stable,-0.6 ,-3.2, 2.0
"Flathead County, Montana(2)",30029,Rural,39.6 ,32.8, 47.4,N/A , N/A , N/A,26,stable,-0.7 ,-2.9, 1.6
"Barron County, Wisconsin(2)",55005,Rural,39.6 ,29.7, 51.8,N/A , N/A , N/A,13,stable,-0.2 ,-2.2, 1.8
"Mahaska County, Iowa(7)",19123,Rural,39.6 ,25.5, 58.9,N/A , N/A , N/A,6,stable,-0.6 ,-2.8, 1.3
"Fannin County, Georgia(7)",13111,Rural,39.5 ,27.7, 55.7,N/A , N/A , N/A,9,stable,-0.8 ,-3.2, 1.9
"White County, Tennessee(2)",47185,Rural,39.5 ,27.2, 55.8,N/A , N/A , N/A,8,stable,-0.9 ,-5.0, 3.2
"Assumption Parish, Louisiana(7)",22007,Urban,39.5 ,26, 58,N/A , N/A , N/A,6,stable,-1.4 ,-4.4, 1.7
"Washington County, Oklahoma(2)",40147,Rural,39.5 ,30.5, 50.5,N/A , N/A , N/A,15,stable,-1.3 ,-4.4, 1.6
"Mississippi County, Missouri(2)",29133,Rural,39.5 ,22.2, 66.2,N/A , N/A , N/A,3,stable,-1.4 ,-4.9, 1.6
"Salem County, New Jersey(7)",34033,Urban,39.4 ,31, 49.5,N/A , N/A , N/A,17,stable,-0.6 ,-2.4, 1.1
"St. John the Baptist Parish, Louisiana(7)",22095,Urban,39.4 ,28.9, 52.6,N/A , N/A , N/A,10,stable,-1.6 ,-3.8, 0.6
"Hinds County, Mississippi(2)",28049,Urban,39.4 ,34.7, 44.6,N/A , N/A , N/A,55,falling,-2.5 ,-3.4, -1.8
"Lenoir County, North Carolina(2)",37107,Rural,39.4 ,30.7, 50,N/A , N/A , N/A,16,falling,-2.5 ,-5.2, -0.1
"Sioux County, Iowa(7)",19167,Rural,39.4 ,28, 54,N/A , N/A , N/A,9,stable,-2.0 ,-4.3, 0.0
"Warren County, Kentucky(7)",21227,Urban,39.4 ,33, 46.6,N/A , N/A , N/A,28,stable,-1.3 ,-3.3, 0.9
"Iosco County, Michigan(2)",26069,Rural,39.4 ,25.8, 58.1,N/A , N/A , N/A,8,stable,-0.4 ,-4.0, 2.8
"Dallas County, Alabama(2)",01047,Rural,39.4 ,29.3, 52,N/A , N/A , N/A,11,stable,-1.2 ,-3.8, 1.2
"Hood County, Texas(7)",48221,Rural,39.4 ,30.9, 49.6,N/A , N/A , N/A,19,rising,20.4 ,3.4, 32.3
"Boone County, Arkansas(2)",05009,Rural,39.4 ,29.1, 52.4,N/A , N/A , N/A,11,stable,-0.1 ,-3.0, 2.8
"Kleberg County, Texas(7)",48273,Rural,39.4 ,27, 55.7,N/A , N/A , N/A,7,stable,-0.9 ,-3.6, 2.1
"Jasper County, Missouri(2)",29097,Urban,39.3 ,33.1, 46.5,N/A , N/A , N/A,29,stable,-0.3 ,-2.2, 1.5
"Laurel County, Kentucky(7)",21125,Rural,39.3 ,30.8, 49.6,N/A , N/A , N/A,15,falling,-2.0 ,-3.9, -0.1
"Smith County, Mississippi(2)",28129,Rural,39.3 ,23.1, 63.4,N/A , N/A , N/A,4,stable,-2.2 ,-7.2, 2.3
"Mercer County, West Virginia(2)",54055,Rural,39.3 ,31.3, 49,N/A , N/A , N/A,19,stable,-2.1 ,-4.8, 0.3
"Jones County, Iowa(7)",19105,Urban,39.3 ,25.1, 59.3,N/A , N/A , N/A,6,stable,-1.9 ,-3.9, 0.0
"Whitley County, Indiana(2)",18183,Urban,39.3 ,28.4, 53.3,N/A , N/A , N/A,9,stable,-1.6 ,-3.8, 0.6
"Queen Annes County, Maryland(2)",24035,Urban,39.3 ,30.4, 50.3,N/A , N/A , N/A,14,stable,-1.1 ,-4.4, 2.3
"Autauga County, Alabama(2)",01001,Urban,39.3 ,30.6, 49.8,N/A , N/A , N/A,15,falling,-2.2 ,-3.9, -0.5
"Buffalo County, Wisconsin(2)",55011,Rural,39.3 ,23.2, 63.9,N/A , N/A , N/A,4,stable,-1.4 ,-6.2, 2.7
"Northumberland County, Pennsylvania(2)",42097,Rural,39.3 ,32.6, 47.1,N/A , N/A , N/A,28,stable,1.2 ,-1.9, 11.2
"Bryan County, Oklahoma(2)",40013,Rural,39.3 ,29.5, 51.4,N/A , N/A , N/A,12,stable,-1.2 ,-4.8, 2.5
"Madison County, Illinois(7)",17119,Urban,39.3 ,35.1, 43.8,N/A , N/A , N/A,71,falling,-1.7 ,-2.7, -0.7
"Jefferson County, West Virginia(2)",54037,Urban,39.2 ,30.5, 49.9,N/A , N/A , N/A,14,falling,-3.9 ,-6.2, -1.7
"Hughes County, Oklahoma(2)",40063,Rural,39.2 ,23.1, 64.2,N/A , N/A , N/A,4,*,*,*,*
"Washington County, Alabama(2)",01129,Rural,39.2 ,23.8, 62,N/A , N/A , N/A,4,stable,-0.5 ,-4.8, 3.8
"Pickaway County, Ohio(2)",39129,Urban,39.2 ,30.5, 49.9,N/A , N/A , N/A,14,stable,-0.9 ,-3.2, 1.6
"Codington County, South Dakota(2)",46029,Rural,39.1 ,27.3, 54.8,N/A , N/A , N/A,8,stable,-2.3 ,-7.4, 2.4
"Portage County, Wisconsin(2)",55097,Rural,39.1 ,30.6, 49.4,N/A , N/A , N/A,16,stable,-0.4 ,-2.6, 2.0
"Campbell County, Kentucky(7)",21037,Urban,39.1 ,32.2, 47.2,N/A , N/A , N/A,24,stable,-1.0 ,-2.7, 0.6
"Minnehaha County, South Dakota(2)",46099,Urban,39.1 ,33.8, 45,N/A , N/A , N/A,42,stable,-1.1 ,-2.5, 0.3
"Anderson County, South Carolina(2)",45007,Urban,39.1 ,34.5, 44.2,N/A , N/A , N/A,55,falling,-1.5 ,-2.8, -0.2
"Raleigh County, West Virginia(2)",54081,Urban,39.1 ,31.8, 47.8,N/A , N/A , N/A,22,stable,-1.7 ,-4.0, 0.4
"Tom Green County, Texas(7)",48451,Urban,39 ,32.6, 46.4,N/A , N/A , N/A,28,stable,-0.6 ,-2.1, 0.9
"Rusk County, Texas(7)",48401,Urban,39 ,29.7, 50.6,N/A , N/A , N/A,13,stable,-1.0 ,-4.0, 1.9
"Henry County, Georgia(7)",13151,Urban,39 ,34.2, 44.3,N/A , N/A , N/A,51,stable,-0.7 ,-1.6, 0.4
"Baker County, Florida(2)",12003,Urban,39 ,26.5, 55.7,N/A , N/A , N/A,6,stable,-0.6 ,-4.9, 4.4
"Richmond County, Georgia(7)",13245,Urban,39 ,34, 44.6,N/A , N/A , N/A,47,stable,11.2 ,-2.6, 28.5
"Burke County, Georgia(7)",13033,Urban,39 ,25.7, 57,N/A , N/A , N/A,6,*,*,*,*
"Paulding County, Ohio(2)",39125,Rural,39 ,25.3, 58.4,N/A , N/A , N/A,5,stable,-1.8 ,-5.4, 1.3
"Klamath County, Oregon(2)",41035,Rural,39 ,31.2, 48.3,N/A , N/A , N/A,20,stable,-0.9 ,-3.6, 1.7
"McDowell County, North Carolina(2)",37111,Rural,39 ,29.5, 50.9,N/A , N/A , N/A,13,stable,0.0 ,-1.2, 1.3
"Roanoke City, Virginia(2)",51770,Urban,39 ,32.4, 46.6,N/A , N/A , N/A,27,falling,-1.7 ,-3.5, -0.1
"Habersham County, Georgia(7)",13137,Rural,39 ,29.4, 50.8,N/A , N/A , N/A,12,stable,-0.3 ,-1.8, 1.5
"Mille Lacs County, Minnesota(2)",27095,Urban,39 ,26.8, 55.2,N/A , N/A , N/A,7,rising,23.3 ,0.7, 44.7
"Cibola County, New Mexico(7)",35006,Rural,39 ,26.4, 55.8,N/A , N/A , N/A,7,stable,0.3 ,-1.3, 2.3
"Douglas County, Washington(2)",53017,Urban,39 ,28.2, 52.6,N/A , N/A , N/A,9,stable,0.4 ,-3.5, 4.4
"Richland County, North Dakota(2)",38077,Rural,39 ,24.9, 59.6,N/A , N/A , N/A,5,stable,-2.6 ,-7.3, 1.4
"Jefferson Davis County, Mississippi(2)",28065,Rural,38.9 ,21.2, 66.8,N/A , N/A , N/A,3,stable,1.5 ,-3.5, 7.2
"Kankakee County, Illinois(7)",17091,Urban,38.9 ,32.4, 46.4,N/A , N/A , N/A,27,falling,-1.7 ,-2.6, -0.8
"Franklin County, New York(7)",36033,Rural,38.9 ,29.4, 50.9,N/A , N/A , N/A,12,falling,-3.1 ,-6.0, -0.5
"Catoosa County, Georgia(7)",13047,Urban,38.9 ,31.1, 48.2,N/A , N/A , N/A,18,stable,6.6 ,-1.7, 25.3
"Pamlico County, North Carolina(2)",37137,Rural,38.9 ,21.3, 68.1,N/A , N/A , N/A,4,*,*,*,*
"Fulton County, New York(7)",36035,Rural,38.9 ,30.1, 49.7,N/A , N/A , N/A,15,falling,-1.9 ,-3.7, -0.2
"Morgan County, Alabama(2)",01103,Urban,38.9 ,32.9, 45.7,N/A , N/A , N/A,33,stable,-13.6 ,-26.0, 0.2
"Nobles County, Minnesota(2)",27105,Rural,38.9 ,24.8, 58.4,N/A , N/A , N/A,5,stable,-3.0 ,-7.5, 0.9
"Meigs County, Tennessee(2)",47121,Rural,38.9 ,22.5, 64.1,N/A , N/A , N/A,4,stable,-0.8 ,-5.1, 3.7
"Clarendon County, South Carolina(2)",45027,Rural,38.8 ,27.3, 54.1,N/A , N/A , N/A,9,stable,-2.1 ,-5.3, 0.7
"Moore County, Texas(7)",48341,Rural,38.8 ,22.9, 61.4,N/A , N/A , N/A,4,stable,-2.3 ,-6.1, 1.3
"Polk County, Missouri(2)",29167,Urban,38.8 ,27.4, 53.8,N/A , N/A , N/A,8,stable,-1.6 ,-6.5, 3.2
"Prince Edward County, Virginia(2)",51147,Rural,38.8 ,23.1, 61.2,N/A , N/A , N/A,5,stable,-2.4 ,-8.2, 2.6
"Bingham County, Idaho(7)",16011,Rural,38.8 ,28.4, 51.8,N/A , N/A , N/A,10,rising,3.1 ,0.2, 7.0
"Muskingum County, Ohio(2)",39119,Rural,38.8 ,31.7, 47.1,N/A , N/A , N/A,23,falling,-2.6 ,-4.7, -0.6
"Boundary County, Idaho(7)",16021,Rural,38.8 ,21.9, 65,N/A , N/A , N/A,4,*,*,*,*
"Okmulgee County, Oklahoma(2)",40111,Urban,38.8 ,28, 52.6,N/A , N/A , N/A,10,stable,1.5 ,-1.6, 4.8
"Phelps County, Missouri(2)",29161,Rural,38.8 ,28.4, 51.8,N/A , N/A , N/A,10,stable,-2.0 ,-4.3, 0.0
"St. Landry Parish, Louisiana(7)",22097,Rural,38.8 ,31.6, 47.2,N/A , N/A , N/A,22,stable,-10.2 ,-28.7, 0.3
"Roscommon County, Michigan(2)",26143,Rural,38.8 ,24.2, 59.6,N/A , N/A , N/A,7,stable,-0.1 ,-5.8, 5.0
"Fayette County, Iowa(7)",19065,Rural,38.8 ,26.7, 55.9,N/A , N/A , N/A,7,stable,-0.7 ,-2.1, 0.7
"Simpson County, Mississippi(2)",28127,Urban,38.8 ,26.5, 55.2,N/A , N/A , N/A,7,stable,-0.4 ,-3.9, 3.3
"Giles County, Virginia(2)",51071,Urban,38.8 ,24.2, 60,N/A , N/A , N/A,5,stable,-0.9 ,-4.6, 2.8
"Victoria County, Texas(7)",48469,Urban,38.7 ,31.7, 46.9,N/A , N/A , N/A,23,stable,-0.6 ,-2.2, 1.1
"Cass County, Missouri(2)",29037,Urban,38.7 ,32.3, 46.1,N/A , N/A , N/A,27,stable,-0.2 ,-2.2, 2.0
"Hocking County, Ohio(2)",39073,Urban,38.7 ,26.9, 54.4,N/A , N/A , N/A,7,stable,-1.1 ,-4.4, 2.4
"Winnebago County, Iowa(7)",19189,Rural,38.7 ,20.9, 67.2,N/A , N/A , N/A,3,stable,-1.3 ,-4.5, 1.6
"Clay County, Iowa(7)",19041,Rural,38.6 ,24.9, 58.4,N/A , N/A , N/A,5,stable,-1.8 ,-4.0, 0.1
"Hancock County, Illinois(7)",17067,Rural,38.6 ,25.4, 57.7,N/A , N/A , N/A,6,stable,-1.7 ,-5.9, 2.1
"Chambers County, Texas(7)",48071,Urban,38.6 ,27.9, 52.1,N/A , N/A , N/A,9,stable,-2.3 ,-5.6, 1.6
"Fayette County, Tennessee(2)",47047,Urban,38.6 ,29.1, 50.5,N/A , N/A , N/A,13,stable,-2.4 ,-5.0, 0.1
"Henderson County, Kentucky(7)",21101,Rural,38.5 ,28.6, 51,N/A , N/A , N/A,11,falling,-2.7 ,-5.0, -0.5
"Putnam County, Florida(2)",12107,Rural,38.5 ,31.2, 47.3,N/A , N/A , N/A,22,stable,-1.1 ,-3.0, 0.7
"Clinton County, Ohio(2)",39027,Rural,38.5 ,28.5, 51.2,N/A , N/A , N/A,11,stable,-1.5 ,-4.9, 1.7
"Jackson County, Arkansas(2)",05067,Rural,38.5 ,24, 59.6,N/A , N/A , N/A,5,stable,-0.4 ,-4.0, 3.2
"Hart County, Georgia(7)",13147,Rural,38.5 ,26, 55.4,N/A , N/A , N/A,7,stable,-1.6 ,-4.1, 1.0
"Hardy County, West Virginia(2)",54031,Rural,38.5 ,21.8, 64,N/A , N/A , N/A,4,*,*,*,*
"Richland County, Illinois(7)",17159,Rural,38.5 ,23.8, 60,N/A , N/A , N/A,5,stable,0.2 ,-3.9, 4.4
"Campbell County, Virginia(2)",51031,Urban,38.5 ,29.9, 49,N/A , N/A , N/A,16,stable,-1.4 ,-5.2, 2.3
"Bosque County, Texas(7)",48035,Urban,38.5 ,24.8, 58,N/A , N/A , N/A,6,stable,0.6 ,-2.5, 4.3
"Todd County, Minnesota(2)",27153,Rural,38.5 ,25.8, 55.7,N/A , N/A , N/A,7,stable,-2.0 ,-5.2, 0.9
"Vance County, North Carolina(2)",37181,Rural,38.5 ,29.1, 50.2,N/A , N/A , N/A,12,stable,-1.9 ,-3.9, 0.1
"Huron County, Michigan(2)",26063,Rural,38.5 ,28.4, 51.8,N/A , N/A , N/A,11,stable,-2.2 ,-5.3, 0.6
"Ben Hill County, Georgia(7)",13017,Rural,38.5 ,23.7, 59.5,N/A , N/A , N/A,5,stable,-0.7 ,-4.4, 3.4
"Tishomingo County, Mississippi(2)",28141,Rural,38.5 ,25.5, 56.8,N/A , N/A , N/A,6,stable,0.0 ,-3.9, 4.2
"Wood County, West Virginia(2)",54107,Urban,38.5 ,31.5, 46.7,N/A , N/A , N/A,24,stable,-0.7 ,-2.6, 1.0
"Douglas County, Minnesota(2)",27041,Rural,38.4 ,28.1, 51.6,N/A , N/A , N/A,11,stable,0.3 ,-1.9, 2.6
"Alcona County, Michigan(2)",26001,Rural,38.4 ,21.3, 69.6,N/A , N/A , N/A,4,*,*,*,*
"Cape May County, New Jersey(7)",34009,Urban,38.4 ,32.5, 45.3,N/A , N/A , N/A,36,falling,-1.7 ,-2.9, -0.6
"Montcalm County, Michigan(2)",26117,Urban,38.3 ,30, 48.5,N/A , N/A , N/A,16,stable,0.3 ,-2.5, 3.3
"Tioga County, Pennsylvania(2)",42117,Rural,38.3 ,29, 50.2,N/A , N/A , N/A,13,falling,-2.3 ,-4.4, -0.4
"Effingham County, Georgia(7)",13103,Urban,38.3 ,29.3, 49.3,N/A , N/A , N/A,13,stable,-1.8 ,-3.5, 0.4
"Hempstead County, Arkansas(2)",05057,Rural,38.3 ,24.5, 57.6,N/A , N/A , N/A,5,stable,-1.8 ,-4.4, 0.5
"Blue Earth County, Minnesota(2)",27013,Urban,38.3 ,29.7, 48.8,N/A , N/A , N/A,15,stable,3.2 ,-4.2, 25.2
"Saluda County, South Carolina(2)",45081,Urban,38.3 ,23.3, 59.7,N/A , N/A , N/A,5,stable,-1.1 ,-5.0, 2.6
"St. Mary Parish, Louisiana(7)",22101,Rural,38.3 ,29.2, 49.6,N/A , N/A , N/A,13,stable,-0.8 ,-3.0, 1.4
"Greene County, Georgia(7)",13133,Rural,38.3 ,25.2, 57.3,N/A , N/A , N/A,7,stable,-2.3 ,-4.8, 0.3
"Walton County, Georgia(7)",13297,Urban,38.3 ,31.6, 46.1,N/A , N/A , N/A,24,stable,-0.2 ,-2.0, 2.1
"Cumberland County, New Jersey(7)",34011,Urban,38.3 ,32.8, 44.5,N/A , N/A , N/A,36,stable,-0.5 ,-2.3, 5.8
"Putnam County, West Virginia(2)",54079,Urban,38.3 ,30, 48.4,N/A , N/A , N/A,15,stable,0.4 ,-3.6, 13.3
"Sullivan County, New Hampshire(2)",33019,Rural,38.3 ,28.6, 50.5,N/A , N/A , N/A,12,stable,0.3 ,-2.8, 3.5
"Hill County, Texas(7)",48217,Rural,38.3 ,27.9, 51.6,N/A , N/A , N/A,10,stable,0.3 ,-2.2, 3.0
"Laclede County, Missouri(2)",29105,Rural,38.2 ,27.8, 51.6,N/A , N/A , N/A,9,stable,-1.1 ,-4.5, 2.2
"Morgan County, Indiana(2)",18109,Urban,38.2 ,30.6, 47.4,N/A , N/A , N/A,18,stable,-1.7 ,-4.5, 1.2
"Rockdale County, Georgia(7)",13247,Urban,38.2 ,31.3, 46.2,N/A , N/A , N/A,23,stable,19.3 ,-0.3, 35.2
"Jasper County, Indiana(2)",18073,Urban,38.2 ,27.6, 51.9,N/A , N/A , N/A,9,stable,-1.9 ,-4.8, 0.9
"Scotland County, North Carolina(2)",37165,Rural,38.2 ,27.2, 52.4,N/A , N/A , N/A,9,stable,-0.7 ,-4.0, 2.4
"Tazewell County, Illinois(7)",17179,Urban,38.2 ,32.7, 44.5,N/A , N/A , N/A,38,stable,-1.5 ,-3.0, 0.0
"Adams County, Nebraska(2)",31001,Rural,38.1 ,26.9, 52.8,N/A , N/A , N/A,8,falling,-4.3 ,-12.8, -1.7
"Greene County, Illinois(7)",17061,Rural,38.1 ,21.1, 64.7,N/A , N/A , N/A,3,stable,-2.4 ,-6.1, 0.8
"Audrain County, Missouri(2)",29007,Rural,38.1 ,26.1, 54.3,N/A , N/A , N/A,7,stable,2.4 ,-1.2, 6.5
"Mariposa County, California(7)",06043,Rural,38.1 ,23.2, 60.1,N/A , N/A , N/A,5,stable,-0.2 ,-3.2, 3.0
"Brantley County, Georgia(7)",13025,Urban,38.1 ,24.1, 58,N/A , N/A , N/A,5,*,*,*,*
"Walker County, Texas(7)",48471,Rural,38.1 ,29.1, 49,N/A , N/A , N/A,13,stable,-1.1 ,-2.9, 0.8
"Franklin County, Indiana(2)",18047,Urban,38 ,25, 56,N/A , N/A , N/A,6,stable,-2.1 ,-6.7, 2.1
"Hertford County, North Carolina(2)",37091,Rural,38 ,25.3, 55.9,N/A , N/A , N/A,7,stable,-2.8 ,-7.7, 1.6
"Wayne County, Ohio(2)",39169,Rural,38 ,31.8, 45.2,N/A , N/A , N/A,29,stable,1.0 ,-1.4, 9.6
"Porter County, Indiana(2)",18127,Urban,38 ,33, 43.7,N/A , N/A , N/A,43,stable,-1.8 ,-3.7, 0.1
"Chambers County, Alabama(2)",01017,Rural,38 ,27.5, 51.5,N/A , N/A , N/A,10,stable,-0.6 ,-4.7, 3.3
"Stanly County, North Carolina(2)",37167,Rural,38 ,29.9, 47.8,N/A , N/A , N/A,16,stable,-0.3 ,-3.2, 2.7
"Maui County, Hawaii(7)",15009,Urban,38 ,32.7, 44,N/A , N/A , N/A,40,stable,0.4 ,-1.0, 2.0
"Grundy County, Illinois(7)",17063,Urban,38 ,28.7, 49.4,N/A , N/A , N/A,12,stable,-1.4 ,-3.3, 0.5
"Platte County, Nebraska(2)",31141,Rural,38 ,27.2, 52,N/A , N/A , N/A,9,stable,-1.2 ,-4.9, 2.4
"Jay County, Indiana(2)",18075,Rural,38 ,25, 56.1,N/A , N/A , N/A,6,stable,-2.6 ,-6.2, 0.5
"Sangamon County, Illinois(7)",17167,Urban,38 ,33.3, 43.2,N/A , N/A , N/A,51,falling,-1.8 ,-2.8, -0.7
"Roane County, Tennessee(2)",47145,Urban,38 ,29.7, 48.2,N/A , N/A , N/A,16,stable,-0.7 ,-2.8, 1.3
"Branch County, Michigan(2)",26023,Rural,38 ,28.2, 50.2,N/A , N/A , N/A,11,stable,-0.4 ,-2.6, 1.8
"Sebastian County, Arkansas(2)",05131,Urban,38 ,32, 44.8,N/A , N/A , N/A,30,stable,3.8 ,-0.3, 15.2
"Cullman County, Alabama(2)",01043,Rural,38 ,31, 46.1,N/A , N/A , N/A,23,stable,0.2 ,-2.1, 2.6
"Jackson County, Texas(7)",48239,Rural,38 ,22.1, 61.3,N/A , N/A , N/A,4,falling,-6.2 ,-19.6, -2.0
"Woodford County, Kentucky(7)",21239,Urban,37.9 ,26.2, 53.7,N/A , N/A , N/A,7,stable,-1.0 ,-3.7, 2.1
"Ohio County, West Virginia(2)",54069,Urban,37.9 ,28.3, 50.2,N/A , N/A , N/A,12,stable,1.6 ,-2.6, 15.3
"Burleson County, Texas(7)",48051,Urban,37.9 ,23.7, 58.3,N/A , N/A , N/A,5,stable,-0.9 ,-4.4, 2.8
"McClain County, Oklahoma(2)",40087,Urban,37.9 ,27.5, 51.1,N/A , N/A , N/A,9,stable,-1.1 ,-4.0, 2.2
"Cape Girardeau County, Missouri(2)",29031,Urban,37.9 ,30.4, 46.8,N/A , N/A , N/A,19,stable,-0.1 ,-2.0, 1.8
"Bartow County, Georgia(7)",13015,Urban,37.9 ,31.3, 45.6,N/A , N/A , N/A,24,falling,-2.3 ,-6.2, -1.1
"Barry County, Missouri(2)",29009,Rural,37.9 ,27.6, 51.2,N/A , N/A , N/A,10,stable,-1.7 ,-5.9, 2.3
"Macoupin County, Illinois(7)",17117,Urban,37.9 ,28.7, 49.4,N/A , N/A , N/A,13,falling,-2.4 ,-4.3, -0.7
"Berkeley County, West Virginia(2)",54003,Urban,37.9 ,31.6, 45,N/A , N/A , N/A,28,falling,-1.9 ,-3.2, -0.5
"Vigo County, Indiana(2)",18167,Urban,37.9 ,31.3, 45.5,N/A , N/A , N/A,26,stable,-0.8 ,-3.2, 1.4
"Page County, Virginia(2)",51139,Rural,37.9 ,25.8, 54.5,N/A , N/A , N/A,7,stable,-1.6 ,-4.5, 1.2
"Fredericksburg City, Virginia(2)",51630,Urban,37.9 ,24.3, 56.1,N/A , N/A , N/A,5,stable,0.1 ,-3.1, 3.6
"Mason County, Michigan(2)",26105,Rural,37.8 ,25.9, 53.9,N/A , N/A , N/A,8,stable,-0.8 ,-5.7, 3.9
"Orange County, Texas(7)",48361,Urban,37.8 ,30.6, 46.4,N/A , N/A , N/A,20,stable,-0.8 ,-2.7, 1.1
"Lee County, Illinois(7)",17103,Rural,37.8 ,26.4, 52.9,N/A , N/A , N/A,8,falling,-2.5 ,-4.2, -1.1
"Bamberg County, South Carolina(2)",45009,Rural,37.8 ,19.4, 66.3,N/A , N/A , N/A,3,falling,-3.7 ,-7.1, -0.9
"Isanti County, Minnesota(2)",27059,Urban,37.8 ,27.4, 51.1,N/A , N/A , N/A,9,stable,2.4 ,-1.2, 6.9
"Deaf Smith County, Texas(7)",48117,Rural,37.8 ,22.1, 60.3,N/A , N/A , N/A,4,*,*,*,*
"Bremer County, Iowa(7)",19017,Urban,37.8 ,24.8, 55.4,N/A , N/A , N/A,6,falling,-2.4 ,-5.0, -0.3
"Washington County, Ohio(2)",39167,Rural,37.8 ,29.9, 47.4,N/A , N/A , N/A,18,stable,-0.2 ,-2.9, 2.5
"Garfield County, Oklahoma(2)",40047,Urban,37.8 ,29.6, 47.7,N/A , N/A , N/A,15,stable,-0.3 ,-2.7, 9.0
"Butte County, California(7)",06007,Urban,37.8 ,33, 43.1,N/A , N/A , N/A,50,stable,-0.7 ,-1.4, 0.1
"Fentress County, Tennessee(2)",47049,Rural,37.8 ,24.7, 56.7,N/A , N/A , N/A,6,stable,-2.1 ,-5.9, 1.9
"Grays Harbor County, Washington(7)",53027,Rural,37.8 ,30.4, 46.6,N/A , N/A , N/A,20,falling,-1.2 ,-2.3, -0.1
"Hancock County, Maine(2)",23009,Rural,37.8 ,29.3, 48.3,N/A , N/A , N/A,16,stable,-1.5 ,-3.6, 0.4
"Whitfield County, Georgia(7)",13313,Urban,37.8 ,31, 45.6,N/A , N/A , N/A,23,stable,-0.5 ,-2.0, 1.2
"Big Horn County, Wyoming(2)",56003,Rural,37.8 ,20.5, 65.2,N/A , N/A , N/A,3,*,*,*,*
"Madison County, Idaho(7)",16065,Rural,37.7 ,22.9, 58,N/A , N/A , N/A,4,*,*,*,*
"Cooke County, Texas(7)",48097,Rural,37.7 ,27.7, 50.3,N/A , N/A , N/A,11,stable,-0.5 ,-3.1, 2.2
"Park County, Montana(2)",30067,Rural,37.7 ,22.8, 59.6,N/A , N/A , N/A,5,*,*,*,*
"White County, Georgia(7)",13311,Rural,37.7 ,26.5, 52.6,N/A , N/A , N/A,8,stable,-1.5 ,-5.3, 2.6
"Polk County, Florida(2)",12105,Urban,37.6 ,35.2, 40.2,N/A , N/A , N/A,193,falling,-1.6 ,-3.0, -0.2
"Bourbon County, Kentucky(7)",21017,Urban,37.6 ,24.7, 55.8,N/A , N/A , N/A,6,falling,-4.2 ,-8.5, -0.7
"Jackson County, Alabama(2)",01071,Rural,37.6 ,29.1, 48.2,N/A , N/A , N/A,15,stable,-1.8 ,-4.6, 0.7
"Oxford County, Maine(2)",23017,Rural,37.6 ,29.4, 47.7,N/A , N/A , N/A,17,stable,-1.3 ,-4.1, 1.3
"Harford County, Maryland(2)",24025,Urban,37.6 ,33.5, 42.2,N/A , N/A , N/A,64,stable,-0.8 ,-2.3, 0.7
"Washington County, Arkansas(2)",05143,Urban,37.6 ,32.8, 42.9,N/A , N/A , N/A,45,stable,-0.3 ,-1.5, 1.1
"Van Wert County, Ohio(2)",39161,Rural,37.6 ,25.9, 53.1,N/A , N/A , N/A,8,*,*,*,*
"Warren County, New Jersey(7)",34041,Urban,37.6 ,31.5, 44.6,N/A , N/A , N/A,30,stable,-3.4 ,-11.1, 0.3
"Umatilla County, Oregon(2)",41059,Rural,37.6 ,30, 46.5,N/A , N/A , N/A,18,stable,0.0 ,-2.4, 2.3
"Carroll County, Georgia(7)",13045,Urban,37.6 ,31.3, 44.8,N/A , N/A , N/A,26,stable,-0.3 ,-1.6, 1.3
"Lincoln County, Tennessee(2)",47103,Rural,37.6 ,27.6, 50.4,N/A , N/A , N/A,10,stable,-0.3 ,-3.3, 2.8
"Leon County, Texas(7)",48289,Rural,37.6 ,22.2, 60.3,N/A , N/A , N/A,4,stable,-2.1 ,-6.4, 1.6
"Delaware County, Indiana(2)",18035,Urban,37.6 ,31.2, 44.9,N/A , N/A , N/A,27,falling,-1.7 ,-3.2, -0.3
"Henderson County, Texas(7)",48213,Rural,37.5 ,30.7, 45.6,N/A , N/A , N/A,24,stable,-0.9 ,-2.6, 0.8
"Ocean County, New Jersey(7)",34029,Urban,37.5 ,35, 40.3,N/A , N/A , N/A,193,stable,0.8 ,-1.3, 5.5
"Allegany County, Maryland(2)",24001,Rural,37.5 ,29.6, 47.1,N/A , N/A , N/A,18,stable,-1.1 ,-2.8, 0.4
"Rapides Parish, Louisiana(7)",22079,Urban,37.5 ,31.8, 44.1,N/A , N/A , N/A,32,stable,-1.5 ,-3.0, 0.0
"Jefferson County, Kentucky(7)",21111,Urban,37.5 ,35.1, 40.1,N/A , N/A , N/A,189,falling,-2.1 ,-2.7, -1.4
"Callaway County, Missouri(2)",29027,Urban,37.5 ,27.9, 49.6,N/A , N/A , N/A,11,stable,-0.8 ,-4.1, 2.6
"Okanogan County, Washington(2)",53047,Rural,37.5 ,27.9, 49.7,N/A , N/A , N/A,11,stable,1.0 ,-1.2, 3.3
"DeKalb County, Illinois(7)",17037,Urban,37.5 ,30.4, 45.7,N/A , N/A , N/A,21,stable,-1.9 ,-3.9, 0.0
"Duplin County, North Carolina(2)",37061,Rural,37.5 ,28.7, 48.3,N/A , N/A , N/A,14,stable,1.8 ,-1.3, 5.1
"Boone County, Kentucky(7)",21015,Urban,37.5 ,31.5, 44.3,N/A , N/A , N/A,29,stable,-1.1 ,-2.7, 0.9
"Washington County, Pennsylvania(2)",42125,Urban,37.5 ,33, 42.4,N/A , N/A , N/A,60,falling,-1.2 ,-2.3, -0.3
"Wharton County, Texas(7)",48481,Rural,37.5 ,27.6, 49.8,N/A , N/A , N/A,10,stable,-1.9 ,-4.2, 0.3
"McLennan County, Texas(7)",48309,Urban,37.5 ,33, 42.3,N/A , N/A , N/A,56,stable,0.9 ,-3.0, 5.0
"Crawford County, Iowa(7)",19047,Rural,37.4 ,22.7, 58.9,N/A , N/A , N/A,4,stable,-1.4 ,-3.5, 0.5
"Payne County, Oklahoma(2)",40119,Rural,37.4 ,29.1, 47.4,N/A , N/A , N/A,15,stable,-1.4 ,-4.5, 1.7
"Mobile County, Alabama(2)",01097,Urban,37.4 ,34.1, 41,N/A , N/A , N/A,101,falling,-1.0 ,-1.8, -0.1
"Dubois County, Indiana(2)",18037,Rural,37.4 ,27.4, 50,N/A , N/A , N/A,10,stable,0.4 ,-1.7, 2.5
"Hot Spring County, Arkansas(2)",05059,Rural,37.4 ,26.4, 52,N/A , N/A , N/A,8,stable,1.4 ,-1.5, 4.4
"Christian County, Illinois(7)",17021,Rural,37.4 ,27, 51,N/A , N/A , N/A,9,falling,-2.4 ,-4.9, -0.2
"Menard County, Illinois(7)",17129,Urban,37.4 ,20.6, 63.5,N/A , N/A , N/A,3,*,*,*,*
"Clay County, Alabama(2)",01027,Rural,37.4 ,22.2, 60.2,N/A , N/A , N/A,4,*,*,*,*
"Marshall County, Mississippi(2)",28093,Urban,37.3 ,26.6, 51.4,N/A , N/A , N/A,9,stable,-0.5 ,-3.0, 1.9
"Summers County, West Virginia(2)",54089,Rural,37.3 ,23.1, 60.2,N/A , N/A , N/A,4,stable,1.8 ,-4.2, 9.2
"Otoe County, Nebraska(2)",31131,Rural,37.3 ,23.9, 57.1,N/A , N/A , N/A,5,stable,-0.8 ,-5.8, 4.2
"Lawrence County, Mississippi(2)",28077,Rural,37.3 ,20.8, 63.1,N/A , N/A , N/A,3,*,*,*,*
"Highland County, Ohio(2)",39071,Rural,37.3 ,27.8, 49.2,N/A , N/A , N/A,11,stable,-1.2 ,-4.6, 2.1
"Ogle County, Illinois(7)",17141,Rural,37.3 ,29, 47.5,N/A , N/A , N/A,15,stable,-1.1 ,-4.4, 2.3
"Iberville Parish, Louisiana(7)",22047,Urban,37.3 ,26, 52.1,N/A , N/A , N/A,8,stable,-2.1 ,-6.8, 2.3
"Newberry County, South Carolina(2)",45071,Rural,37.2 ,27.1, 50.2,N/A , N/A , N/A,10,stable,0.1 ,-2.8, 3.0
"Blair County, Pennsylvania(2)",42013,Urban,37.2 ,31.7, 43.5,N/A , N/A , N/A,37,falling,-2.0 ,-4.0, -0.3
"Union County, Georgia(7)",13291,Rural,37.2 ,24.1, 55.8,N/A , N/A , N/A,8,*,*,*,*
"Washburn County, Wisconsin(2)",55129,Rural,37.2 ,23.2, 58.4,N/A , N/A , N/A,5,stable,1.2 ,-3.3, 6.5
"Dawson County, Nebraska(2)",31047,Rural,37.2 ,23.9, 55.5,N/A , N/A , N/A,5,stable,0.1 ,-3.6, 3.6
"Island County, Washington(7)",53029,Rural,37.2 ,30.2, 45.5,N/A , N/A , N/A,24,stable,-0.7 ,-1.9, 0.7
"Fayette County, Pennsylvania(2)",42051,Urban,37.2 ,31.7, 43.5,N/A , N/A , N/A,38,falling,-1.8 ,-3.4, -0.3
"Orange County, Virginia(2)",51137,Rural,37.2 ,26.8, 50.7,N/A , N/A , N/A,9,stable,-2.0 ,-5.0, 0.9
"Wabash County, Indiana(2)",18169,Rural,37.2 ,26.7, 51,N/A , N/A , N/A,9,stable,-0.8 ,-4.0, 2.4
"Young County, Texas(7)",48503,Rural,37.2 ,22.8, 57.9,N/A , N/A , N/A,5,*,*,*,*
"Delaware County, Iowa(7)",19055,Rural,37.2 ,23.2, 57.4,N/A , N/A , N/A,5,stable,-1.5 ,-3.6, 0.6
"Clay County, Arkansas(2)",05021,Rural,37.1 ,22.9, 58.5,N/A , N/A , N/A,5,falling,-30.9 ,-52.3, -3.4
"Missaukee County, Michigan(2)",26113,Rural,37.1 ,22.5, 59.1,N/A , N/A , N/A,4,*,*,*,*
"Jones County, Mississippi(2)",28067,Rural,37.1 ,29.2, 46.6,N/A , N/A , N/A,16,stable,-0.6 ,-3.6, 2.4
"Portage County, Ohio(2)",39133,Urban,37.1 ,31.9, 43,N/A , N/A , N/A,38,stable,-0.5 ,-2.5, 1.6
"Fayette County, West Virginia(2)",54019,Urban,37.1 ,28, 48.8,N/A , N/A , N/A,12,falling,-2.3 ,-4.8, -0.1
"Bowie County, Texas(7)",48037,Urban,37.1 ,30.4, 44.9,N/A , N/A , N/A,23,falling,-2.0 ,-3.6, -0.5
"Cross County, Arkansas(2)",05037,Rural,37.1 ,22.8, 57.8,N/A , N/A , N/A,4,stable,-0.2 ,-4.7, 4.3
"Clark County, Ohio(2)",39023,Urban,37.1 ,31.7, 43.2,N/A , N/A , N/A,37,falling,-1.5 ,-2.6, -0.5
"Kaufman County, Texas(7)",48257,Urban,37.1 ,30.9, 44,N/A , N/A , N/A,27,stable,-0.8 ,-2.3, 0.9
"Lowndes County, Mississippi(2)",28087,Rural,37 ,28.7, 47.1,N/A , N/A , N/A,14,stable,-1.0 ,-3.2, 1.1
"Bulloch County, Georgia(7)",13031,Rural,37 ,28.7, 46.9,N/A , N/A , N/A,14,stable,-2.5 ,-5.2, 0.4
"West Baton Rouge Parish, Louisiana(7)",22121,Urban,37 ,24.8, 53.3,N/A , N/A , N/A,6,stable,-1.7 ,-4.3, 1.2
"Franklin County, Tennessee(2)",47051,Rural,37 ,27.7, 48.7,N/A , N/A , N/A,12,stable,-2.3 ,-12.3, 0.7
"Fannin County, Texas(7)",48147,Rural,37 ,26.5, 50.5,N/A , N/A , N/A,9,stable,-0.4 ,-2.8, 2.1
"Cherokee County, Oklahoma(2)",40021,Rural,36.9 ,27.8, 48.3,N/A , N/A , N/A,12,stable,-0.5 ,-3.5, 2.6
"Yankton County, South Dakota(2)",46135,Rural,36.9 ,23.7, 55.3,N/A , N/A , N/A,6,rising,4.1 ,0.3, 23.3
"Saginaw County, Michigan(2)",26145,Urban,36.9 ,32.2, 42.2,N/A , N/A , N/A,49,falling,-1.7 ,-3.2, -0.2
"Decatur County, Tennessee(2)",47039,Rural,36.9 ,22.5, 60.4,N/A , N/A , N/A,4,stable,-0.6 ,-4.4, 3.3
"Coffee County, Alabama(2)",01031,Rural,36.9 ,28.2, 47.6,N/A , N/A , N/A,13,stable,-0.8 ,-5.0, 3.5
"McDonough County, Illinois(7)",17109,Rural,36.9 ,24.9, 53.2,N/A , N/A , N/A,7,stable,-1.5 ,-4.6, 1.4
"Knox County, Indiana(2)",18083,Rural,36.9 ,26.8, 49.9,N/A , N/A , N/A,10,falling,-2.6 ,-5.0, -0.5
"Glynn County, Georgia(7)",13127,Urban,36.9 ,30.1, 44.8,N/A , N/A , N/A,24,stable,-0.9 ,-2.8, 1.1
"Fairbanks North Star, Alaska(2)",02090,Urban,36.9 ,28.7, 46.5,N/A , N/A , N/A,15,falling,-2.6 ,-4.9, -0.2
"Seneca County, New York(7)",36099,Rural,36.9 ,25.8, 51.4,N/A , N/A , N/A,8,stable,-1.6 ,-4.1, 0.7
"Calaveras County, California(7)",06009,Rural,36.9 ,27.8, 48.4,N/A , N/A , N/A,14,stable,7.6 ,-1.6, 26.2
"Hopewell City, Virginia(2)",51670,Urban,36.9 ,23.4, 55.3,N/A , N/A , N/A,5,stable,-1.3 ,-6.5, 3.6
"King William County, Virginia(2)",51101,Urban,36.8 ,22.2, 58.1,N/A , N/A , N/A,4,*,*,*,*
"Willacy County, Texas(7)",48489,Rural,36.8 ,22.1, 58,N/A , N/A , N/A,4,stable,-0.3 ,-4.1, 3.8
"Pottawattamie County, Iowa(7)",19155,Urban,36.8 ,30.1, 44.7,N/A , N/A , N/A,23,falling,-1.3 ,-2.4, -0.2
"Hardin County, Tennessee(2)",47071,Rural,36.8 ,25, 52.8,N/A , N/A , N/A,7,stable,-0.8 ,-3.8, 2.3
"Gibson County, Tennessee(2)",47053,Urban,36.8 ,28.1, 47.6,N/A , N/A , N/A,13,stable,-0.4 ,-2.2, 1.4
"Clark County, Indiana(2)",18019,Urban,36.8 ,30.9, 43.6,N/A , N/A , N/A,29,stable,-2.2 ,-4.7, 0.2
"Davidson County, North Carolina(2)",37057,Urban,36.8 ,31.9, 42.3,N/A , N/A , N/A,43,stable,-1.2 ,-3.1, 0.6
"Darlington County, South Carolina(2)",45031,Urban,36.8 ,28.8, 46.5,N/A , N/A , N/A,16,falling,-2.2 ,-3.8, -0.7
"Grand Traverse County, Michigan(2)",26055,Urban,36.8 ,30.4, 44.3,N/A , N/A , N/A,26,stable,1.1 ,-1.0, 3.5
"Montgomery County, North Carolina(2)",37123,Rural,36.8 ,24.8, 53.1,N/A , N/A , N/A,7,stable,-1.7 ,-7.3, 3.7
"Montrose County, Colorado(2)",08085,Rural,36.8 ,27.2, 48.9,N/A , N/A , N/A,12,stable,1.0 ,-2.0, 4.2
"Chickasaw County, Iowa(7)",19037,Rural,36.8 ,20.4, 62.6,N/A , N/A , N/A,4,stable,-1.2 ,-3.7, 1.2
"Lawrence County, South Dakota(2)",46081,Rural,36.8 ,24.7, 53.3,N/A , N/A , N/A,7,stable,-2.5 ,-5.4, 0.1
"Lowndes County, Georgia(7)",13185,Urban,36.8 ,30.2, 44.4,N/A , N/A , N/A,23,stable,8.8 ,-1.0, 24.4
"Washington County, Maine(2)",23029,Rural,36.8 ,25.5, 51.7,N/A , N/A , N/A,9,falling,-2.6 ,-5.3, -0.3
"Burlington County, New Jersey(7)",34005,Urban,36.7 ,33.8, 40,N/A , N/A , N/A,120,falling,-1.8 ,-2.7, -0.9
"Camden County, New Jersey(7)",34007,Urban,36.7 ,33.8, 39.9,N/A , N/A , N/A,124,stable,-1.8 ,-3.1, 1.9
"Blount County, Alabama(2)",01009,Urban,36.7 ,28.6, 46.7,N/A , N/A , N/A,15,stable,1.0 ,-2.1, 4.3
"St. Tammany Parish, Louisiana(7)",22103,Urban,36.7 ,32.7, 41.2,N/A , N/A , N/A,63,falling,-1.2 ,-2.1, -0.3
"Marion County, Iowa(7)",19125,Rural,36.7 ,26.2, 50.5,N/A , N/A , N/A,9,stable,-0.2 ,-1.6, 1.4
"Gem County, Idaho(7)",16045,Urban,36.7 ,23.7, 55.4,N/A , N/A , N/A,6,stable,-0.5 ,-3.4, 2.7
"Montgomery County, Indiana(2)",18107,Rural,36.7 ,26.2, 50.1,N/A , N/A , N/A,9,falling,-3.3 ,-5.9, -1.1
"Randolph County, North Carolina(2)",37151,Urban,36.7 ,31.3, 42.8,N/A , N/A , N/A,35,stable,-0.2 ,-13.3, 4.6
"Rockingham County, North Carolina(2)",37157,Urban,36.7 ,30.4, 44,N/A , N/A , N/A,27,falling,-6.1 ,-11.0, -3.0
"Clay County, Missouri(2)",29047,Urban,36.7 ,32.4, 41.4,N/A , N/A , N/A,55,stable,-0.9 ,-2.5, 0.8
"George County, Mississippi(2)",28039,Rural,36.7 ,24, 54.1,N/A , N/A , N/A,6,stable,-2.3 ,-6.0, 1.5
"Muscatine County, Iowa(7)",19139,Rural,36.7 ,27.3, 48.4,N/A , N/A , N/A,11,stable,-1.4 ,-3.2, 0.3
"Rutherford County, North Carolina(2)",37161,Rural,36.7 ,29, 45.9,N/A , N/A , N/A,18,stable,-1.9 ,-4.2, 0.2
"Buchanan County, Iowa(7)",19019,Rural,36.6 ,23.2, 55.5,N/A , N/A , N/A,5,stable,-0.9 ,-3.0, 1.2
"Richland County, Ohio(2)",39139,Urban,36.6 ,31.1, 43,N/A , N/A , N/A,34,falling,-1.7 ,-3.0, -0.5
"Mitchell County, Georgia(7)",13205,Rural,36.6 ,24.2, 54,N/A , N/A , N/A,6,stable,0.5 ,-3.7, 5.3
"Waupaca County, Wisconsin(2)",55135,Rural,36.6 ,28.1, 47.3,N/A , N/A , N/A,14,stable,-1.9 ,-3.9, 0.1
"Jackson County, Georgia(7)",13157,Rural,36.6 ,29, 45.7,N/A , N/A , N/A,17,stable,-1.2 ,-3.6, 1.7
"Terrebonne Parish, Louisiana(7)",22109,Urban,36.6 ,30.1, 44.1,N/A , N/A , N/A,24,stable,-0.9 ,-2.5, 0.7
"Fulton County, Indiana(2)",18049,Rural,36.6 ,22.9, 56,N/A , N/A , N/A,5,stable,-1.6 ,-5.5, 2.0
"Niagara County, New York(7)",36063,Urban,36.6 ,32.1, 41.5,N/A , N/A , N/A,54,stable,-0.3 ,-2.5, 8.4
"Letcher County, Kentucky(7)",21133,Rural,36.6 ,24.1, 53.9,N/A , N/A , N/A,6,falling,-2.9 ,-5.7, -0.4
"Gratiot County, Michigan(2)",26057,Rural,36.5 ,26.8, 49.1,N/A , N/A , N/A,10,stable,-2.1 ,-5.3, 0.7
"Calcasieu Parish, Louisiana(7)",22019,Urban,36.5 ,31.8, 41.8,N/A , N/A , N/A,46,falling,-2.0 ,-3.2, -0.9
"Richmond County, New York(7)",36085,Urban,36.5 ,33.6, 39.7,N/A , N/A , N/A,120,stable,5.7 ,-0.3, 9.2
"Shelby County, Tennessee(2)",47157,Urban,36.5 ,34.2, 38.9,N/A , N/A , N/A,201,falling,-4.2 ,-8.1, -2.3
"Gooding County, Idaho(7)",16047,Rural,36.5 ,21.1, 59.4,N/A , N/A , N/A,4,*,*,*,*
"Chesterfield County, South Carolina(2)",45025,Rural,36.5 ,26.9, 48.7,N/A , N/A , N/A,11,stable,-0.3 ,-3.3, 2.7
"Clearfield County, Pennsylvania(2)",42033,Rural,36.5 ,29.6, 44.8,N/A , N/A , N/A,22,falling,-2.8 ,-4.3, -1.4
"Parker County, Texas(7)",48367,Urban,36.5 ,30.9, 42.8,N/A , N/A , N/A,32,stable,-0.9 ,-2.4, 0.9
"Lackawanna County, Pennsylvania(2)",42069,Urban,36.5 ,32.3, 41.2,N/A , N/A , N/A,61,stable,-0.1 ,-3.4, 6.9
"Pike County, Georgia(7)",13231,Urban,36.5 ,22.7, 56.2,N/A , N/A , N/A,4,stable,-2.0 ,-4.6, 1.0
"Weakley County, Tennessee(2)",47183,Rural,36.5 ,25.3, 51.2,N/A , N/A , N/A,8,stable,-1.6 ,-5.7, 2.0
"Jefferson County, Iowa(7)",19101,Rural,36.5 ,22.7, 57.5,N/A , N/A , N/A,5,falling,-2.9 ,-5.4, -0.7
"Polk County, Minnesota(2)",27119,Urban,36.5 ,25.2, 51.4,N/A , N/A , N/A,8,stable,-3.4 ,-7.9, 0.3
"Elkhart County, Indiana(2)",18039,Urban,36.5 ,31.7, 41.8,N/A , N/A , N/A,44,falling,-1.3 ,-2.5, -0.1
"Allamakee County, Iowa(7)",19005,Rural,36.4 ,20.9, 60.3,N/A , N/A , N/A,4,falling,-5.7 ,-23.2, -3.2
"Jackson County, Wisconsin(2)",55053,Rural,36.4 ,23.5, 54.8,N/A , N/A , N/A,5,*,*,*,*
"Bannock County, Idaho(7)",16005,Urban,36.4 ,28.7, 45.6,N/A , N/A , N/A,16,stable,0.3 ,-2.1, 2.9
"Colquitt County, Georgia(7)",13071,Rural,36.4 ,26.7, 48.6,N/A , N/A , N/A,10,stable,-1.7 ,-4.0, 0.5
"Clayton County, Iowa(7)",19043,Rural,36.4 ,23.1, 56,N/A , N/A , N/A,5,falling,-2.6 ,-5.3, -0.5
"Randolph County, Arkansas(2)",05121,Rural,36.4 ,22.4, 56.5,N/A , N/A , N/A,5,falling,-3.4 ,-6.4, -1.0
"Meade County, South Dakota(2)",46093,Urban,36.4 ,24.4, 52.6,N/A , N/A , N/A,6,stable,-0.2 ,-3.0, 2.9
"Greene County, Arkansas(2)",05055,Rural,36.4 ,27.3, 47.8,N/A , N/A , N/A,11,stable,-2.0 ,-4.6, 0.6
"Dawson County, Georgia(7)",13085,Urban,36.4 ,24.1, 53.1,N/A , N/A , N/A,6,stable,-3.1 ,-7.5, 2.0
"Clay County, Florida(2)",12019,Urban,36.4 ,31.9, 41.4,N/A , N/A , N/A,50,stable,-1.2 ,-2.6, 0.3
"St. Croix County, Wisconsin(2)",55109,Urban,36.4 ,29.4, 44.6,N/A , N/A , N/A,20,stable,0.4 ,-2.1, 3.4
"Kosciusko County, Indiana(2)",18085,Rural,36.4 ,29.3, 44.8,N/A , N/A , N/A,19,stable,-1.3 ,-3.3, 0.6
"Otsego County, New York(7)",36077,Rural,36.4 ,27.8, 46.9,N/A , N/A , N/A,15,stable,-1.0 ,-3.2, 1.0
"Lincoln County, Missouri(2)",29113,Urban,36.3 ,27.6, 47,N/A , N/A , N/A,12,stable,-1.7 ,-5.0, 1.8
"Stewart County, Tennessee(2)",47161,Urban,36.3 ,21.5, 59.3,N/A , N/A , N/A,4,stable,-0.5 ,-7.1, 7.2
"Madison County, Iowa(7)",19121,Urban,36.3 ,21.9, 57.4,N/A , N/A , N/A,4,*,*,*,*
"Amelia County, Virginia(2)",51007,Urban,36.3 ,20.6, 60.7,N/A , N/A , N/A,4,*,*,*,*
"San Patricio County, Texas(7)",48409,Urban,36.3 ,28, 46.3,N/A , N/A , N/A,14,stable,-1.1 ,-3.0, 1.0
"Tyler County, Texas(7)",48457,Rural,36.3 ,23.5, 54.9,N/A , N/A , N/A,6,stable,2.3 ,-0.9, 6.1
"Hampshire County, West Virginia(2)",54027,Urban,36.3 ,24.4, 53.1,N/A , N/A , N/A,6,stable,-0.8 ,-3.2, 1.7
"Cheboygan County, Michigan(2)",26031,Rural,36.3 ,23.7, 54,N/A , N/A , N/A,7,stable,-2.5 ,-7.1, 1.4
"Madison County, Tennessee(2)",47113,Urban,36.3 ,29.7, 43.9,N/A , N/A , N/A,23,stable,-0.6 ,-2.0, 0.9
"Lee County, North Carolina(2)",37105,Rural,36.3 ,28.3, 46,N/A , N/A , N/A,15,falling,-3.3 ,-6.3, -0.4
"Polk County, Georgia(7)",13233,Rural,36.3 ,26.4, 48.7,N/A , N/A , N/A,9,stable,-2.2 ,-4.8, 0.3
"Tama County, Iowa(7)",19171,Rural,36.3 ,21.8, 57.5,N/A , N/A , N/A,4,falling,-2.1 ,-3.7, -0.7
"Osage County, Oklahoma(2)",40113,Urban,36.2 ,27.3, 47.6,N/A , N/A , N/A,12,stable,-0.5 ,-3.7, 2.9
"Cambria County, Pennsylvania(2)",42021,Urban,36.2 ,31, 42.3,N/A , N/A , N/A,40,falling,-2.0 ,-3.4, -0.8
"Fairfax City, Virginia(2)",51600,Urban,36.2 ,23.6, 53.4,N/A , N/A , N/A,5,stable,0.9 ,-2.7, 5.0
"Tillamook County, Oregon(2)",41057,Rural,36.2 ,24.6, 52.1,N/A , N/A , N/A,8,stable,0.6 ,-4.4, 5.6
"Saline County, Missouri(2)",29195,Rural,36.2 ,23.5, 53.8,N/A , N/A , N/A,6,stable,-2.9 ,-6.7, 0.5
"Dakota County, Nebraska(2)",31043,Urban,36.2 ,22, 56.3,N/A , N/A , N/A,4,*,*,*,*
"Brevard County, Florida(2)",12009,Urban,36.2 ,33.6, 39,N/A , N/A , N/A,175,stable,0.3 ,-0.9, 4.1
"Lincoln County, South Dakota(2)",46083,Urban,36.2 ,27.6, 46.6,N/A , N/A , N/A,12,stable,-1.6 ,-4.7, 2.3
"Chippewa County, Minnesota(2)",27023,Rural,36.2 ,20.4, 61,N/A , N/A , N/A,4,stable,-4.6 ,-44.0, 1.3
"Muscogee County, Georgia(7)",13215,Urban,36.1 ,31.4, 41.4,N/A , N/A , N/A,44,falling,-1.7 ,-2.7, -0.6
"La Salle County, Illinois(7)",17099,Rural,36.1 ,30.2, 43,N/A , N/A , N/A,29,falling,-1.7 ,-3.2, -0.3
"Onslow County, North Carolina(2)",37133,Urban,36.1 ,30.4, 42.6,N/A , N/A , N/A,29,stable,0.8 ,-0.7, 2.6
"Vernon County, Missouri(2)",29217,Rural,36.1 ,22.9, 54.8,N/A , N/A , N/A,5,stable,1.3 ,-1.4, 4.1
"Miller County, Missouri(2)",29131,Rural,36.1 ,24.8, 51.5,N/A , N/A , N/A,7,stable,-1.7 ,-3.8, 0.5
"Parke County, Indiana(2)",18121,Rural,36.1 ,21.3, 57.7,N/A , N/A , N/A,4,stable,-1.4 ,-6.8, 3.4
"Clare County, Michigan(2)",26035,Rural,36.1 ,25.5, 50.2,N/A , N/A , N/A,9,stable,0.4 ,-4.3, 5.3
"Le Flore County, Oklahoma(2)",40079,Rural,36.1 ,26.9, 47.5,N/A , N/A , N/A,11,stable,-1.7 ,-4.6, 0.8
"Walworth County, Wisconsin(2)",55127,Rural,36 ,29.7, 43.4,N/A , N/A , N/A,25,falling,-1.6 ,-3.1, -0.1
"Cherokee County, South Carolina(2)",45021,Rural,36 ,27.8, 46.1,N/A , N/A , N/A,14,stable,0.0 ,-2.0, 2.0
"Georgetown County, South Carolina(2)",45043,Rural,36 ,28.1, 45.6,N/A , N/A , N/A,19,stable,-1.2 ,-4.0, 1.5
"Pope County, Minnesota(2)",27121,Rural,36 ,19.8, 62.6,N/A , N/A , N/A,3,stable,-3.2 ,-9.9, 2.4
"Baltimore City, Maryland(2)",24510,Urban,36 ,33.2, 39,N/A , N/A , N/A,130,falling,-2.5 ,-3.4, -1.8
"Wright County, Missouri(2)",29229,Rural,36 ,22.3, 55.6,N/A , N/A , N/A,5,stable,-1.1 ,-6.0, 3.5
"Amite County, Mississippi(2)",28005,Rural,35.9 ,20.8, 59.9,N/A , N/A , N/A,4,stable,-1.1 ,-6.7, 4.8
"Emmet County, Michigan(2)",26047,Rural,35.9 ,25.3, 50,N/A , N/A , N/A,9,stable,21.0 ,-2.3, 38.1
"Oconee County, South Carolina(2)",45073,Rural,35.9 ,28.9, 44.3,N/A , N/A , N/A,21,stable,-0.6 ,-3.8, 2.5
"Osceola County, Florida(2)",12097,Urban,35.9 ,32.4, 39.7,N/A , N/A , N/A,79,stable,2.4 ,-0.5, 11.1
"Columbus County, North Carolina(2)",37047,Rural,35.9 ,27.7, 46.1,N/A , N/A , N/A,14,stable,0.3 ,-1.6, 2.2
"Plaquemines Parish, Louisiana(7)",22075,Urban,35.9 ,23.1, 53.6,N/A , N/A , N/A,5,stable,-2.3 ,-5.5, 0.9
"Taylor County, Texas(7)",48441,Urban,35.9 ,30.1, 42.5,N/A , N/A , N/A,29,stable,-1.3 ,-2.8, 0.3
"Champaign County, Ohio(2)",39021,Rural,35.9 ,26.2, 48.2,N/A , N/A , N/A,10,stable,-1.7 ,-4.5, 0.7
"Hillsborough County, Florida(2)",12057,Urban,35.8 ,34.1, 37.7,N/A , N/A , N/A,313,stable,2.3 ,-1.5, 4.8
"Butler County, Ohio(2)",39017,Urban,35.8 ,32.4, 39.5,N/A , N/A , N/A,84,falling,-2.1 ,-3.2, -1.1
"Louisa County, Iowa(7)",19115,Rural,35.8 ,20.3, 61.2,N/A , N/A , N/A,3,*,*,*,*
"Jefferson County, Pennsylvania(2)",42065,Rural,35.8 ,27.2, 46.7,N/A , N/A , N/A,13,stable,0.2 ,-1.8, 2.2
"Thomas County, Georgia(7)",13275,Rural,35.8 ,26.4, 47.6,N/A , N/A , N/A,11,stable,-2.2 ,-4.7, 0.3
"Lauderdale County, Alabama(2)",01077,Urban,35.8 ,29.3, 43.4,N/A , N/A , N/A,24,stable,-0.7 ,-2.4, 0.9
"Vernon County, Wisconsin(2)",55123,Urban,35.8 ,24.8, 50.3,N/A , N/A , N/A,8,stable,-1.8 ,-5.5, 1.5
"Macon County, North Carolina(2)",37113,Rural,35.8 ,26.7, 47.6,N/A , N/A , N/A,13,stable,0.0 ,-3.2, 3.2
"Buckingham County, Virginia(2)",51029,Rural,35.7 ,20.5, 58.9,N/A , N/A , N/A,4,*,*,*,*
"Johnson County, Arkansas(2)",05071,Rural,35.7 ,23.1, 52.9,N/A , N/A , N/A,5,stable,-0.8 ,-4.7, 2.8
"Luzerne County, Pennsylvania(2)",42079,Urban,35.7 ,32.2, 39.5,N/A , N/A , N/A,86,falling,-2.1 ,-3.1, -1.3
"Washington County, New York(7)",36115,Urban,35.7 ,27.4, 45.9,N/A , N/A , N/A,15,stable,-1.5 ,-3.4, 0.3
"Gonzales County, Texas(7)",48177,Rural,35.7 ,22.4, 54.5,N/A , N/A , N/A,5,stable,-0.9 ,-3.1, 1.4
"Alamance County, North Carolina(2)",37001,Urban,35.7 ,30.9, 41,N/A , N/A , N/A,42,stable,-1.3 ,-3.7, 1.2
"Clark County, Arkansas(2)",05019,Rural,35.7 ,21.9, 55.3,N/A , N/A , N/A,5,stable,0.7 ,-3.2, 3.1
"Hughes County, South Dakota(2)",46065,Rural,35.7 ,21.7, 55.9,N/A , N/A , N/A,4,stable,-2.6 ,-6.7, 1.1
"Coles County, Illinois(7)",17029,Rural,35.6 ,26.9, 46.6,N/A , N/A , N/A,12,falling,-3.1 ,-5.2, -1.2
"Flagler County, Florida(2)",12035,Urban,35.6 ,30.2, 42,N/A , N/A , N/A,39,stable,-1.0 ,-2.6, 0.8
"York County, Pennsylvania(2)",42133,Urban,35.6 ,32.6, 38.8,N/A , N/A , N/A,112,falling,-1.9 ,-2.9, -1.1
"Noble County, Indiana(2)",18113,Rural,35.6 ,26.2, 47.4,N/A , N/A , N/A,10,falling,-3.4 ,-6.7, -0.6
"Chippewa County, Michigan(2)",26033,Rural,35.6 ,24.7, 49.9,N/A , N/A , N/A,8,stable,-0.2 ,-4.5, 4.0
"Monroe County, Pennsylvania(2)",42089,Rural,35.6 ,30.7, 41.1,N/A , N/A , N/A,41,stable,-1.1 ,-2.4, 0.1
"Madison County, Florida(2)",12079,Rural,35.6 ,21.5, 56.3,N/A , N/A , N/A,5,stable,-1.1 ,-5.4, 2.9
"Apache County, Arizona(2)",04001,Rural,35.6 ,27.4, 45.5,N/A , N/A , N/A,14,*,*,*,*
"Cabarrus County, North Carolina(2)",37025,Urban,35.6 ,31.1, 40.5,N/A , N/A , N/A,46,stable,-1.2 ,-3.2, 0.8
"Greenwood County, South Carolina(2)",45047,Rural,35.6 ,28.2, 44.4,N/A , N/A , N/A,18,stable,-1.3 ,-4.1, 1.4
"Prince George County, Virginia(2)",51149,Urban,35.6 ,24.6, 49.8,N/A , N/A , N/A,7,stable,-2.0 ,-6.2, 2.3
"Lamb County, Texas(7)",48279,Rural,35.5 ,19.9, 59.6,N/A , N/A , N/A,3,*,*,*,*
"Floyd County, Iowa(7)",19067,Rural,35.5 ,21.9, 55.9,N/A , N/A , N/A,5,stable,-1.2 ,-3.3, 0.7
"Hernando County, Florida(2)",12053,Urban,35.5 ,31.4, 40.2,N/A , N/A , N/A,63,stable,2.2 ,-4.1, 8.4
"Green Lake County, Wisconsin(2)",55047,Rural,35.5 ,22.9, 54,N/A , N/A , N/A,5,stable,-1.6 ,-5.4, 1.7
"Gaston County, North Carolina(2)",37071,Urban,35.5 ,31.3, 40.2,N/A , N/A , N/A,54,falling,-1.6 ,-3.1, -0.1
"Elk County, Pennsylvania(2)",42047,Rural,35.5 ,25.5, 49.1,N/A , N/A , N/A,9,falling,-3.1 ,-5.7, -0.9
"Towns County, Georgia(7)",13281,Rural,35.5 ,19, 63,N/A , N/A , N/A,5,stable,-0.6 ,-6.7, 6.1
"Black Hawk County, Iowa(7)",19013,Urban,35.5 ,29.5, 42.3,N/A , N/A , N/A,28,falling,-1.5 ,-2.6, -0.4
"Red River County, Texas(7)",48387,Rural,35.5 ,19.6, 61.1,N/A , N/A , N/A,3,*,*,*,*
"Lincoln County, Mississippi(2)",28085,Rural,35.5 ,25.3, 48.7,N/A , N/A , N/A,8,stable,0.3 ,-3.3, 4.4
"Moniteau County, Missouri(2)",29135,Urban,35.5 ,19.8, 59.2,N/A , N/A , N/A,3,stable,-2.7 ,-7.7, 1.6
"Itasca County, Minnesota(2)",27061,Rural,35.5 ,26.3, 47.1,N/A , N/A , N/A,12,falling,-2.7 ,-4.9, -0.8
"Stokes County, North Carolina(2)",37169,Urban,35.5 ,26.3, 47,N/A , N/A , N/A,12,stable,-1.3 ,-4.3, 1.6
"Fulton County, Pennsylvania(2)",42057,Rural,35.5 ,21.5, 56.9,N/A , N/A , N/A,4,stable,-2.2 ,-6.1, 1.5
"McNairy County, Tennessee(2)",47109,Rural,35.4 ,24.3, 50.7,N/A , N/A , N/A,7,stable,-2.8 ,-7.6, 1.7
"Henderson County, Tennessee(2)",47077,Rural,35.4 ,24.4, 50.3,N/A , N/A , N/A,7,stable,-2.0 ,-4.7, 0.7
"Buffalo County, Nebraska(2)",31019,Rural,35.4 ,26.1, 47,N/A , N/A , N/A,11,stable,-2.1 ,-5.0, 0.7
"Tangipahoa Parish, Louisiana(7)",22105,Urban,35.4 ,29.5, 42.1,N/A , N/A , N/A,27,falling,-1.5 ,-2.6, -0.2
"Gladwin County, Michigan(2)",26051,Rural,35.4 ,23.6, 51.9,N/A , N/A , N/A,7,stable,-0.2 ,-4.0, 3.4
"Panola County, Texas(7)",48365,Rural,35.4 ,24.1, 51.1,N/A , N/A , N/A,6,stable,-2.3 ,-5.6, 0.9
"Pike County, Illinois(7)",17149,Rural,35.4 ,20.4, 58,N/A , N/A , N/A,4,stable,-0.5 ,-3.9, 2.8
"Kendall County, Illinois(7)",17093,Urban,35.4 ,29.1, 42.7,N/A , N/A , N/A,23,stable,-1.9 ,-3.5, 0.0
"Sullivan County, Indiana(2)",18153,Urban,35.4 ,22, 54.7,N/A , N/A , N/A,5,falling,-3.8 ,-7.7, -0.6
"Chowan County, North Carolina(2)",37041,Rural,35.4 ,21.3, 57.3,N/A , N/A , N/A,5,stable,-0.5 ,-4.0, 2.8
"Knox County, Illinois(7)",17095,Rural,35.4 ,26.6, 46.3,N/A , N/A , N/A,13,falling,-2.4 ,-4.2, -0.8
"Laurens County, South Carolina(2)",45059,Urban,35.4 ,28, 44.3,N/A , N/A , N/A,17,stable,-2.5 ,-5.7, 0.2
"Delta County, Colorado(2)",08029,Rural,35.3 ,25.3, 48.8,N/A , N/A , N/A,10,stable,1.9 ,-7.5, 22.5
"Trigg County, Kentucky(7)",21221,Urban,35.3 ,20.8, 57.7,N/A , N/A , N/A,4,*,*,*,*
"Northampton County, Pennsylvania(2)",42095,Urban,35.3 ,31.8, 39.2,N/A , N/A , N/A,81,stable,1.8 ,-2.9, 11.3
"Roosevelt County, New Mexico(7)",35041,Rural,35.3 ,20.2, 57.2,N/A , N/A , N/A,3,stable,0.6 ,-1.2, 2.7
"Starr County, Texas(7)",48427,Rural,35.3 ,26.5, 46.1,N/A , N/A , N/A,11,stable,1.9 ,-0.8, 5.3
"Hendry County, Florida(2)",12051,Rural,35.3 ,24.3, 49.6,N/A , N/A , N/A,7,stable,-1.4 ,-4.8, 2.2
"Cascade County, Montana(2)",30013,Urban,35.3 ,28.3, 43.5,N/A , N/A , N/A,20,stable,-1.9 ,-4.0, 0.1
"Presque Isle County, Michigan(2)",26141,Rural,35.3 ,19.7, 61.1,N/A , N/A , N/A,4,stable,-1.2 ,-4.8, 1.9
"Guernsey County, Ohio(2)",39059,Rural,35.3 ,25.3, 48.2,N/A , N/A , N/A,9,stable,-0.8 ,-3.8, 2.0
"Morgan County, Colorado(2)",08087,Rural,35.3 ,23.2, 51.5,N/A , N/A , N/A,6,stable,-2.2 ,-6.1, 1.6
"LaPorte County, Indiana(2)",18091,Urban,35.3 ,29.3, 42.3,N/A , N/A , N/A,27,falling,-1.9 ,-3.3, -0.6
"Galveston County, Texas(7)",48167,Urban,35.3 ,31.7, 39.2,N/A , N/A , N/A,74,rising,4.5 ,1.7, 10.1
"Florence County, South Carolina(2)",45041,Urban,35.3 ,30, 41.3,N/A , N/A , N/A,33,stable,-0.4 ,-2.6, 6.5
"Hopkins County, Texas(7)",48223,Rural,35.2 ,25.4, 48,N/A , N/A , N/A,9,stable,-1.3 ,-4.2, 1.6
"Lapeer County, Michigan(2)",26087,Urban,35.2 ,28.7, 43,N/A , N/A , N/A,22,stable,-2.0 ,-4.1, 0.1
"Tipton County, Tennessee(2)",47167,Urban,35.2 ,27, 45.3,N/A , N/A , N/A,13,stable,-2.4 ,-4.8, 0.0
"Atascosa County, Texas(7)",48013,Urban,35.2 ,26, 46.6,N/A , N/A , N/A,10,stable,15.1 ,-0.5, 26.1
"Waller County, Texas(7)",48473,Urban,35.2 ,25.5, 47.3,N/A , N/A , N/A,9,stable,-1.6 ,-5.3, 2.4
"Pearl River County, Mississippi(2)",28109,Rural,35.2 ,26.8, 45.6,N/A , N/A , N/A,13,stable,-1.6 ,-3.9, 0.6
"Haywood County, North Carolina(2)",37087,Rural,35.2 ,27.9, 44.1,N/A , N/A , N/A,19,stable,9.4 ,-1.5, 26.9
"Lumpkin County, Georgia(7)",13187,Urban,35.2 ,24.3, 49.7,N/A , N/A , N/A,7,stable,0.1 ,-2.7, 4.1
"Caswell County, North Carolina(2)",37033,Rural,35.2 ,22.5, 53.2,N/A , N/A , N/A,6,stable,-0.7 ,-4.6, 2.9
"Limestone County, Alabama(2)",01083,Urban,35.2 ,28.8, 42.6,N/A , N/A , N/A,22,stable,1.4 ,-1.5, 14.5
"Rogers County, Oklahoma(2)",40131,Urban,35.2 ,28.8, 42.7,N/A , N/A , N/A,22,stable,-1.9 ,-4.6, 0.8
"Carroll County, Maryland(2)",24013,Urban,35.2 ,30.3, 40.6,N/A , N/A , N/A,41,stable,-1.0 ,-2.9, 1.0
"Crawford County, Arkansas(2)",05033,Urban,35.2 ,27.1, 44.9,N/A , N/A , N/A,14,stable,0.4 ,-1.3, 2.2
"Daviess County, Kentucky(7)",21059,Urban,35.1 ,28.9, 42.5,N/A , N/A , N/A,24,stable,-1.4 ,-3.1, 0.3
"Morgan County, West Virginia(2)",54065,Urban,35.1 ,20.7, 56.9,N/A , N/A , N/A,4,stable,-1.6 ,-5.6, 2.5
"Fremont County, Wyoming(2)",56013,Rural,35.1 ,25, 48.2,N/A , N/A , N/A,9,falling,-2.6 ,-5.3, -0.2
"Columbiana County, Ohio(2)",39029,Rural,35.1 ,29, 42.3,N/A , N/A , N/A,26,stable,-2.0 ,-4.3, 0.0
"Winston County, Alabama(2)",01133,Rural,35.1 ,23.3, 51.6,N/A , N/A , N/A,6,stable,-0.5 ,-4.1, 3.0
"Coweta County, Georgia(7)",13077,Urban,35.1 ,29.7, 41.2,N/A , N/A , N/A,32,stable,-1.1 ,-2.5, 0.7
"Howard County, Arkansas(2)",05061,Rural,35.1 ,20.3, 57.9,N/A , N/A , N/A,3,stable,-1.2 ,-5.3, 2.8
"Tolland County, Connecticut(7)",09013,Urban,35.1 ,29.6, 41.4,N/A , N/A , N/A,32,falling,-2.0 ,-3.2, -0.8
"Sumner County, Tennessee(2)",47165,Urban,35.1 ,30.5, 40.2,N/A , N/A , N/A,43,stable,0.2 ,-0.9, 1.4
"Plumas County, California(7)",06063,Rural,35.1 ,22.8, 53.1,N/A , N/A , N/A,6,stable,-0.4 ,-4.6, 4.3
"Jackson County, Michigan(2)",26075,Urban,35 ,29.9, 40.8,N/A , N/A , N/A,37,stable,-1.2 ,-2.6, 0.2
"Carlton County, Minnesota(2)",27017,Urban,35 ,25.1, 48,N/A , N/A , N/A,9,stable,-1.2 ,-4.8, 2.4
"Atlantic County, New Jersey(7)",34001,Urban,35 ,31.3, 39,N/A , N/A , N/A,72,stable,0.3 ,-6.7, 9.8
"Lorain County, Ohio(2)",39093,Urban,35 ,31.4, 38.9,N/A , N/A , N/A,76,stable,1.1 ,-4.0, 10.1
"Otter Tail County, Minnesota(2)",27111,Rural,34.9 ,27.2, 44.5,N/A , N/A , N/A,17,stable,-0.7 ,-3.0, 1.6
"Scott County, Missouri(2)",29201,Rural,34.9 ,25.2, 47.5,N/A , N/A , N/A,9,stable,-1.7 ,-4.6, 0.9
"Colleton County, South Carolina(2)",45029,Rural,34.9 ,25.3, 47.2,N/A , N/A , N/A,10,stable,-2.1 ,-5.2, 0.7
"St. Marys County, Maryland(2)",24037,Urban,34.9 ,28.6, 42.2,N/A , N/A , N/A,22,stable,3.1 ,-1.5, 15.2
"Dinwiddie County, Virginia(2)",51053,Urban,34.9 ,23.8, 49.8,N/A , N/A , N/A,7,stable,-2.6 ,-5.9, 0.5
"Dorchester County, South Carolina(2)",45035,Urban,34.9 ,29.6, 40.9,N/A , N/A , N/A,32,stable,-1.2 ,-2.7, 0.5
"Graham County, Arizona(2)",04009,Rural,34.9 ,23.7, 49.4,N/A , N/A , N/A,7,stable,-0.5 ,-3.8, 2.9
"Augusta County, Virginia(2)",51015,Urban,34.9 ,28.1, 43,N/A , N/A , N/A,20,stable,-0.3 ,-3.2, 2.7
"Okeechobee County, Florida(2)",12093,Rural,34.9 ,24.9, 47.8,N/A , N/A , N/A,9,stable,0.9 ,-2.0, 3.9
"Crawford County, Pennsylvania(2)",42039,Rural,34.9 ,28.6, 42.2,N/A , N/A , N/A,24,falling,-2.9 ,-5.1, -1.1
"Boone County, Indiana(2)",18011,Urban,34.9 ,27.2, 44.1,N/A , N/A , N/A,15,stable,-0.9 ,-3.3, 1.8
"Woodford County, Illinois(7)",17203,Urban,34.8 ,25.1, 47.4,N/A , N/A , N/A,9,stable,-1.1 ,-3.9, 1.7
"Mason County, Washington(7)",53045,Rural,34.8 ,27.2, 44.1,N/A , N/A , N/A,17,falling,-1.5 ,-2.7, -0.2
"Cecil County, Maryland(2)",24015,Urban,34.8 ,28.4, 42.3,N/A , N/A , N/A,22,stable,-1.2 ,-2.9, 0.5
"Suffolk County, New York(7)",36103,Urban,34.8 ,33.2, 36.5,N/A , N/A , N/A,365,stable,0.9 ,-0.6, 2.9
"Scioto County, Ohio(2)",39145,Rural,34.8 ,27.7, 43.3,N/A , N/A , N/A,18,falling,-2.9 ,-5.1, -1.0
"Aroostook County, Maine(2)",23003,Rural,34.8 ,27.8, 43.4,N/A , N/A , N/A,20,stable,-2.0 ,-4.4, 0.1
"Calhoun County, South Carolina(2)",45017,Urban,34.8 ,19.6, 58.4,N/A , N/A , N/A,4,stable,-3.1 ,-7.6, 0.9
"Perquimans County, North Carolina(2)",37143,Rural,34.8 ,19.1, 59.7,N/A , N/A , N/A,4,*,*,*,*
"Hart County, Kentucky(7)",21099,Rural,34.8 ,21, 54.5,N/A , N/A , N/A,4,stable,-2.3 ,-5.3, 0.5
"Franklin County, Georgia(7)",13119,Rural,34.8 ,23.6, 50.2,N/A , N/A , N/A,6,stable,-1.8 ,-4.3, 0.7
"Adams County, Mississippi(2)",28001,Rural,34.8 ,24.1, 49.2,N/A , N/A , N/A,8,stable,-2.3 ,-6.1, 1.2
"Warren County, Virginia(2)",51187,Urban,34.8 ,25, 47.3,N/A , N/A , N/A,9,stable,-2.2 ,-5.2, 0.7
"Orleans Parish, Louisiana(7)",22071,Urban,34.7 ,31.4, 38.4,N/A , N/A , N/A,83,falling,-2.2 ,-3.2, -1.3
"Merced County, California(7)",06047,Urban,34.7 ,30.3, 39.6,N/A , N/A , N/A,46,stable,-0.5 ,-2.0, 1.2
"Caddo County, Oklahoma(2)",40015,Rural,34.7 ,22.3, 52,N/A , N/A , N/A,5,stable,-1.2 ,-6.1, 3.3
"Henrico County, Virginia(2)",51087,Urban,34.7 ,31.2, 38.5,N/A , N/A , N/A,76,stable,-1.3 ,-2.9, 0.4
"Wayne County, Michigan(2)",26163,Urban,34.7 ,33.1, 36.3,N/A , N/A , N/A,396,falling,-2.3 ,-2.9, -1.8
"Seward County, Nebraska(2)",31159,Urban,34.7 ,19.5, 57.2,N/A , N/A , N/A,3,stable,-0.4 ,-3.7, 2.9
"Dearborn County, Indiana(2)",18029,Urban,34.7 ,25.8, 45.8,N/A , N/A , N/A,11,stable,11.2 ,-2.8, 22.3
"Graves County, Kentucky(7)",21083,Rural,34.7 ,24.2, 48.2,N/A , N/A , N/A,8,stable,-1.0 ,-3.7, 8.8
"Fayette County, Kentucky(7)",21067,Urban,34.7 ,30.8, 38.9,N/A , N/A , N/A,62,falling,-1.5 ,-2.4, -0.5
"Scott County, Iowa(7)",19163,Urban,34.7 ,29.8, 40.2,N/A , N/A , N/A,38,falling,-2.2 ,-3.1, -1.3
"Anderson County, Kentucky(7)",21005,Rural,34.7 ,22.4, 51.5,N/A , N/A , N/A,5,stable,-2.6 ,-5.7, 0.8
"Greene County, Missouri(2)",29077,Urban,34.6 ,30.8, 38.9,N/A , N/A , N/A,63,stable,-0.9 ,-2.1, 0.2
"Pasco County, Florida(2)",12101,Urban,34.6 ,32.1, 37.4,N/A , N/A , N/A,150,stable,-0.7 ,-1.7, 0.8
"Talladega County, Alabama(2)",01121,Rural,34.6 ,28, 42.5,N/A , N/A , N/A,21,stable,-1.2 ,-3.5, 1.0
"Christian County, Missouri(2)",29043,Urban,34.6 ,27.9, 42.6,N/A , N/A , N/A,19,stable,-1.3 ,-3.7, 1.4
"Jefferson Parish, Louisiana(7)",22051,Urban,34.6 ,31.5, 37.9,N/A , N/A , N/A,102,falling,-1.6 ,-2.6, -0.7
"Dougherty County, Georgia(7)",13095,Urban,34.6 ,27.9, 42.5,N/A , N/A , N/A,20,stable,-1.6 ,-3.5, 0.3
"Yell County, Arkansas(2)",05149,Rural,34.6 ,22.5, 51.9,N/A , N/A , N/A,5,stable,-2.9 ,-7.0, 1.0
"Richmond City, Virginia(2)",51760,Urban,34.6 ,29.9, 39.8,N/A , N/A , N/A,43,falling,-2.3 ,-3.5, -1.1
"Oconto County, Wisconsin(2)",55083,Urban,34.6 ,24.5, 47.7,N/A , N/A , N/A,9,stable,-1.6 ,-3.8, 0.6
"Jefferson County, Missouri(2)",29099,Urban,34.6 ,30.2, 39.4,N/A , N/A , N/A,48,falling,-2.8 ,-4.7, -1.0
"Columbia County, Oregon(2)",41009,Urban,34.5 ,26, 45.3,N/A , N/A , N/A,12,stable,-0.5 ,-4.5, 3.8
"Guadalupe County, Texas(7)",48187,Urban,34.5 ,29.5, 40.2,N/A , N/A , N/A,34,stable,-0.8 ,-2.6, 1.4
"Texas County, Missouri(2)",29215,Rural,34.5 ,22.3, 51.6,N/A , N/A , N/A,6,falling,-4.4 ,-8.8, -1.0
"Volusia County, Florida(2)",12127,Urban,34.5 ,31.9, 37.3,N/A , N/A , N/A,157,stable,0.4 ,-1.3, 5.2
"Fauquier County, Virginia(2)",51061,Urban,34.5 ,27.2, 43.3,N/A , N/A , N/A,16,rising,3.6 ,0.1, 19.6
"Dale County, Alabama(2)",01045,Rural,34.5 ,25.9, 45.2,N/A , N/A , N/A,11,stable,2.5 ,-1.0, 6.8
"Kootenai County, Idaho(7)",16055,Urban,34.5 ,29.7, 39.8,N/A , N/A , N/A,41,stable,-1.2 ,-2.9, 0.7
"East Baton Rouge Parish, Louisiana(7)",22033,Urban,34.5 ,31.2, 37.9,N/A , N/A , N/A,91,falling,-2.5 ,-3.4, -1.7
"Merrimack County, New Hampshire(2)",33013,Rural,34.5 ,29.3, 40.3,N/A , N/A , N/A,35,rising,5.1 ,0.4, 14.5
"Butts County, Georgia(7)",13035,Urban,34.4 ,22.3, 51.2,N/A , N/A , N/A,5,stable,0.2 ,-3.5, 4.4
"Juneau Borough, Alaska(2)",02110,Rural,34.4 ,23.1, 49.6,N/A , N/A , N/A,6,falling,-3.1 ,-5.7, -0.5
"Bay County, Florida(2)",12005,Urban,34.4 ,29.8, 39.6,N/A , N/A , N/A,42,stable,-0.6 ,-2.1, 0.9
"Harrison County, Texas(7)",48203,Urban,34.4 ,26.8, 43.5,N/A , N/A , N/A,15,falling,-2.5 ,-4.0, -1.1
"Ontario County, New York(7)",36069,Urban,34.4 ,28.7, 41.1,N/A , N/A , N/A,29,falling,-1.3 ,-2.4, -0.1
"Humboldt County, California(7)",06023,Rural,34.4 ,28.9, 40.7,N/A , N/A , N/A,30,stable,-1.9 ,-3.8, 0.0
"Paulding County, Georgia(7)",13223,Urban,34.4 ,29, 40.5,N/A , N/A , N/A,31,stable,-1.6 ,-3.3, 0.6
"Delaware County, Oklahoma(2)",40041,Rural,34.4 ,25, 46.5,N/A , N/A , N/A,11,stable,-0.8 ,-3.4, 1.8
"Thurston County, Washington(7)",53067,Urban,34.4 ,30.6, 38.5,N/A , N/A , N/A,64,stable,-0.9 ,-1.7, 0.0
"Whitley County, Kentucky(7)",21235,Rural,34.4 ,24.2, 47.6,N/A , N/A , N/A,8,stable,-2.1 ,-4.6, 0.2
"Chippewa County, Wisconsin(2)",55017,Urban,34.4 ,27.2, 43.2,N/A , N/A , N/A,17,stable,-1.9 ,-4.7, 0.9
"Columbia County, Florida(2)",12023,Rural,34.4 ,26.8, 43.5,N/A , N/A , N/A,16,stable,-0.6 ,-3.9, 2.7
"Sharp County, Arkansas(2)",05135,Rural,34.4 ,21.1, 54.2,N/A , N/A , N/A,5,stable,0.4 ,-2.6, 3.3
"Johnson County, Indiana(2)",18081,Urban,34.4 ,29.3, 40.1,N/A , N/A , N/A,34,falling,-1.7 ,-3.1, -0.1
"Harrison County, Indiana(2)",18061,Urban,34.4 ,24.8, 46.7,N/A , N/A , N/A,9,falling,-3.2 ,-6.5, -0.1
"Robeson County, North Carolina(2)",37155,Rural,34.3 ,28.5, 41.1,N/A , N/A , N/A,26,stable,-1.6 ,-3.5, 0.1
"Campbell County, Tennessee(2)",47013,Urban,34.3 ,25.2, 46.1,N/A , N/A , N/A,10,stable,0.1 ,-3.0, 3.2
"McIntosh County, Georgia(7)",13191,Urban,34.3 ,19.8, 59.1,N/A , N/A , N/A,4,*,*,*,*
"St. Louis County, Minnesota(2)",27137,Urban,34.3 ,29.8, 39.4,N/A , N/A , N/A,48,stable,-0.6 ,-2.3, 1.0
"White County, Indiana(2)",18181,Rural,34.3 ,23, 49.9,N/A , N/A , N/A,6,stable,-2.1 ,-5.0, 0.4
"Cocke County, Tennessee(2)",47029,Rural,34.3 ,24.6, 46.9,N/A , N/A , N/A,9,stable,-0.1 ,-2.9, 2.8
"Stanislaus County, California(7)",06099,Urban,34.3 ,31.3, 37.5,N/A , N/A , N/A,101,stable,-0.8 ,-1.5, 0.0
"Custer County, Oklahoma(2)",40039,Rural,34.3 ,22.2, 50.7,N/A , N/A , N/A,5,stable,-1.7 ,-5.0, 1.4
"Kanawha County, West Virginia(2)",54039,Urban,34.3 ,29.7, 39.3,N/A , N/A , N/A,48,stable,-1.5 ,-3.4, 4.9
"Kent County, Rhode Island(2)",44003,Urban,34.3 ,29.7, 39.5,N/A , N/A , N/A,44,stable,10.2 ,-1.8, 22.7
"Monroe County, Florida(2)",12087,Rural,34.3 ,27.6, 42.2,N/A , N/A , N/A,21,stable,-2.0 ,-4.1, 0.0
"Hamilton County, Tennessee(2)",47065,Urban,34.3 ,30.9, 37.9,N/A , N/A , N/A,83,falling,-1.5 ,-2.7, -0.3
"Anne Arundel County, Maryland(2)",24003,Urban,34.2 ,31.5, 37.1,N/A , N/A , N/A,122,stable,0.3 ,-0.7, 2.6
"Lake County, California(7)",06033,Rural,34.2 ,26.6, 43.5,N/A , N/A , N/A,17,stable,-1.0 ,-2.7, 0.5
"Sevier County, Tennessee(2)",47155,Rural,34.2 ,28.1, 41.4,N/A , N/A , N/A,25,stable,-0.9 ,-2.9, 1.3
"Kingfisher County, Oklahoma(2)",40073,Rural,34.2 ,19.5, 56.5,N/A , N/A , N/A,3,*,*,*,*
"Murray County, Oklahoma(2)",40099,Rural,34.2 ,19, 57.8,N/A , N/A , N/A,3,stable,-0.1 ,-5.1, 4.9
"Fayette County, Texas(7)",48149,Rural,34.2 ,23.7, 48.8,N/A , N/A , N/A,8,falling,-3.7 ,-6.3, -1.1
"Liberty County, Georgia(7)",13179,Urban,34.2 ,24.9, 45.8,N/A , N/A , N/A,10,stable,-2.2 ,-5.3, 1.4
"Anchorage Borough, Alaska(2)",02020,Urban,34.2 ,29.9, 38.9,N/A , N/A , N/A,49,falling,-1.0 ,-1.9, -0.1
"Hunt County, Texas(7)",48231,Urban,34.2 ,27.8, 41.6,N/A , N/A , N/A,21,stable,-0.5 ,-2.3, 1.6
"DeKalb County, Tennessee(2)",47041,Rural,34.2 ,21.6, 52.3,N/A , N/A , N/A,5,stable,-1.6 ,-4.9, 1.6
"Marshall County, Indiana(2)",18099,Rural,34.2 ,25.3, 45.4,N/A , N/A , N/A,11,rising,9.9 ,0.5, 28.1
"Lawrence County, Pennsylvania(2)",42073,Urban,34.2 ,28, 41.4,N/A , N/A , N/A,25,falling,-1.9 ,-3.8, -0.2
"Yellowstone County, Montana(2)",30111,Urban,34.2 ,29.2, 39.8,N/A , N/A , N/A,37,stable,2.2 ,-1.8, 12.0
"Cherokee County, Georgia(7)",13057,Urban,34.1 ,30.2, 38.5,N/A , N/A , N/A,56,stable,-0.7 ,-1.9, 0.8
"Wilson County, Texas(7)",48493,Urban,34.1 ,25.4, 45.2,N/A , N/A , N/A,11,*,*,*,*
"Wexford County, Michigan(2)",26165,Rural,34.1 ,23.8, 47.7,N/A , N/A , N/A,8,stable,-1.1 ,-5.2, 3.1
"Houston County, Minnesota(2)",27055,Urban,34.1 ,20.9, 53.5,N/A , N/A , N/A,5,stable,-0.6 ,-4.8, 3.4
"Staunton City, Virginia(2)",51790,Urban,34.1 ,22.5, 49.9,N/A , N/A , N/A,6,stable,-2.6 ,-5.7, 0.1
"Gordon County, Georgia(7)",13129,Rural,34.1 ,26.1, 44,N/A , N/A , N/A,13,stable,-2.0 ,-3.9, 0.1
"Yamhill County, Oregon(2)",41071,Urban,34.1 ,28, 41.2,N/A , N/A , N/A,23,stable,-1.5 ,-3.9, 0.8
"Tuscola County, Michigan(2)",26157,Rural,34.1 ,25.9, 44.3,N/A , N/A , N/A,13,stable,-1.5 ,-3.9, 0.7
"Columbia County, New York(7)",36021,Rural,34.1 ,26.8, 43.1,N/A , N/A , N/A,17,falling,-2.1 ,-3.5, -0.7
"Strafford County, New Hampshire(2)",33017,Urban,34.1 ,28.5, 40.5,N/A , N/A , N/A,29,falling,-1.8 ,-3.2, -0.5
"Calumet County, Wisconsin(2)",55015,Urban,34.1 ,25.4, 44.9,N/A , N/A , N/A,11,stable,3.1 ,-2.2, 22.4
"Gilchrist County, Florida(2)",12041,Urban,34 ,19.5, 55.7,N/A , N/A , N/A,4,*,*,*,*
"Mower County, Minnesota(2)",27099,Rural,34 ,24, 46.9,N/A , N/A , N/A,9,stable,0.2 ,-2.9, 3.2
"Jefferson County, Wisconsin(2)",55055,Rural,34 ,27.3, 42.1,N/A , N/A , N/A,19,falling,-3.2 ,-5.4, -1.2
"Livingston Parish, Louisiana(7)",22063,Urban,34 ,28.4, 40.4,N/A , N/A , N/A,27,falling,-2.3 ,-3.9, -0.6
"Portsmouth City, Virginia(2)",51740,Urban,34 ,27.4, 41.8,N/A , N/A , N/A,20,falling,-1.9 ,-3.6, -0.4
"Coshocton County, Ohio(2)",39031,Rural,34 ,24.2, 46.7,N/A , N/A , N/A,9,stable,-1.2 ,-4.6, 2.0
"Morgan County, Tennessee(2)",47129,Urban,34 ,21.1, 52.8,N/A , N/A , N/A,5,stable,-3.1 ,-8.6, 2.4
"Franklin County, Missouri(2)",29071,Urban,34 ,27.8, 41.3,N/A , N/A , N/A,23,stable,-1.9 ,-4.2, 0.4
"St. Clair County, Michigan(2)",26147,Urban,34 ,29.2, 39.5,N/A , N/A , N/A,39,falling,-1.8 ,-3.3, -0.4
"Madison County, Alabama(2)",01089,Urban,34 ,30.7, 37.5,N/A , N/A , N/A,83,stable,-1.0 ,-2.3, 0.3
"Ottawa County, Oklahoma(2)",40115,Rural,34 ,23.3, 48.2,N/A , N/A , N/A,7,stable,-2.5 ,-7.1, 1.2
"Northampton County, Virginia(2)",51131,Rural,33.9 ,18, 60.2,N/A , N/A , N/A,4,stable,-20.4 ,-40.5, 6.7
"Scott County, Minnesota(2)",27139,Urban,33.9 ,28.3, 40.4,N/A , N/A , N/A,27,stable,-1.8 ,-4.0, 0.7
"Lycoming County, Pennsylvania(2)",42081,Urban,33.9 ,28, 40.9,N/A , N/A , N/A,26,falling,-2.0 ,-4.2, -0.2
"Tulsa County, Oklahoma(2)",40143,Urban,33.9 ,31.3, 36.6,N/A , N/A , N/A,132,falling,-1.2 ,-2.1, -0.3
"Bedford City and County, Virginia(2)",51917,Urban,33.9 ,27, 42.1,N/A , N/A , N/A,20,stable,-2.1 ,-4.7, 0.3
"Jackson County, Missouri(2)",29095,Urban,33.9 ,31.4, 36.5,N/A , N/A , N/A,151,falling,-1.6 ,-2.5, -0.9
"Bergen County, New Jersey(7)",34003,Urban,33.9 ,31.9, 36,N/A , N/A , N/A,230,stable,1.0 ,-0.8, 5.3
"Lehigh County, Pennsylvania(2)",42077,Urban,33.9 ,30.6, 37.4,N/A , N/A , N/A,84,stable,-1.3 ,-3.0, 0.3
"Forrest County, Mississippi(2)",28035,Urban,33.9 ,26.6, 42.6,N/A , N/A , N/A,15,stable,-0.9 ,-2.7, 1.1
"Wood County, Wisconsin(2)",55141,Rural,33.9 ,27, 42.2,N/A , N/A , N/A,19,falling,-3.0 ,-5.0, -1.3
"Delaware County, Pennsylvania(2)",42045,Urban,33.9 ,31.2, 36.7,N/A , N/A , N/A,130,falling,-2.4 ,-3.4, -1.7
"Pettis County, Missouri(2)",29159,Rural,33.9 ,24.9, 45.2,N/A , N/A , N/A,10,stable,-1.8 ,-3.9, 0.1
"Carbon County, Pennsylvania(2)",42025,Urban,33.9 ,26.8, 42.5,N/A , N/A , N/A,17,falling,-2.2 ,-3.9, -0.7
"Hancock County, Ohio(2)",39063,Rural,33.8 ,26.9, 42.2,N/A , N/A , N/A,17,stable,-1.5 ,-3.3, 0.3
"Wright County, Minnesota(2)",27171,Urban,33.8 ,28.1, 40.4,N/A , N/A , N/A,25,stable,-0.1 ,-1.7, 1.8
"Webster County, Missouri(2)",29225,Urban,33.8 ,23.8, 46.8,N/A , N/A , N/A,8,falling,-3.2 ,-5.3, -1.2
"Jackson County, West Virginia(2)",54035,Rural,33.8 ,23, 48.7,N/A , N/A , N/A,7,stable,0.2 ,-4.1, 4.6
"Lewis County, Washington(2)",53041,Rural,33.8 ,27.2, 41.7,N/A , N/A , N/A,20,stable,-1.5 ,-3.6, 0.7
"Lassen County, California(7)",06035,Rural,33.8 ,21.1, 51.5,N/A , N/A , N/A,5,stable,-2.0 ,-6.1, 2.0
"Cass County, North Dakota(2)",38017,Urban,33.8 ,28.6, 39.7,N/A , N/A , N/A,32,falling,-1.9 ,-3.7, -0.1
"McHenry County, Illinois(7)",17111,Urban,33.8 ,30.1, 37.9,N/A , N/A , N/A,64,falling,-2.6 ,-4.0, -1.2
"Shelby County, Ohio(2)",39149,Rural,33.8 ,25.3, 44.5,N/A , N/A , N/A,11,stable,-2.3 ,-6.7, 1.7
"Lexington County, South Carolina(2)",45063,Urban,33.8 ,30.1, 37.8,N/A , N/A , N/A,63,falling,-1.5 ,-2.8, -0.3
"Stevens County, Washington(2)",53065,Urban,33.8 ,24.4, 45.7,N/A , N/A , N/A,10,stable,-3.2 ,-7.0, 0.1
"Bibb County, Alabama(2)",01007,Urban,33.8 ,20.9, 52.1,N/A , N/A , N/A,5,falling,-3.7 ,-7.1, -0.8
"Person County, North Carolina(2)",37145,Urban,33.8 ,24.9, 45.2,N/A , N/A , N/A,10,stable,0.9 ,-1.9, 3.9
"McIntosh County, Oklahoma(2)",40091,Rural,33.8 ,21.6, 51.6,N/A , N/A , N/A,6,stable,-1.2 ,-4.8, 2.1
"Nottoway County, Virginia(2)",51135,Rural,33.8 ,20.7, 54,N/A , N/A , N/A,4,stable,-2.1 ,-5.8, 1.4
"Harnett County, North Carolina(2)",37085,Rural,33.8 ,28, 40.4,N/A , N/A , N/A,24,stable,-2.3 ,-4.6, 0.2
"Scott County, Kentucky(7)",21209,Urban,33.7 ,24.8, 44.9,N/A , N/A , N/A,10,stable,-2.4 ,-4.7, 0.2
"Duval County, Florida(2)",12031,Urban,33.7 ,31.7, 35.9,N/A , N/A , N/A,208,falling,-1.9 ,-2.3, -1.4
"De Soto Parish, Louisiana(7)",22031,Urban,33.7 ,23.2, 47.9,N/A , N/A , N/A,7,stable,-2.1 ,-4.4, 0.2
"Maury County, Tennessee(2)",47119,Urban,33.7 ,27.5, 41,N/A , N/A , N/A,21,stable,-1.7 ,-3.8, 0.4
"Anoka County, Minnesota(2)",27003,Urban,33.7 ,30.3, 37.5,N/A , N/A , N/A,73,stable,-1.0 ,-2.2, 0.3
"Ascension Parish, Louisiana(7)",22005,Urban,33.7 ,27.7, 40.6,N/A , N/A , N/A,23,stable,-2.2 ,-4.6, 0.5
"Wagoner County, Oklahoma(2)",40145,Urban,33.7 ,26.8, 41.9,N/A , N/A , N/A,17,stable,1.8 ,-0.9, 12.0
"Sullivan County, Tennessee(2)",47163,Urban,33.7 ,28.9, 39.1,N/A , N/A , N/A,40,stable,-1.0 ,-2.1, 0.0
"Brown County, Minnesota(2)",27015,Rural,33.7 ,22.8, 48.7,N/A , N/A , N/A,7,stable,-2.3 ,-5.2, 0.4
"Greene County, New York(7)",36039,Rural,33.7 ,25.1, 44.6,N/A , N/A , N/A,12,stable,-2.7 ,-15.3, 1.3
"Rowan County, North Carolina(2)",37159,Urban,33.7 ,28.5, 39.5,N/A , N/A , N/A,33,stable,-1.2 ,-2.7, 0.4
"Dillon County, South Carolina(2)",45033,Rural,33.7 ,23.4, 47.4,N/A , N/A , N/A,7,falling,-4.0 ,-8.0, -0.7
"Clinton County, New York(7)",36019,Rural,33.7 ,26.7, 42,N/A , N/A , N/A,18,stable,0.4 ,-2.7, 9.9
"Hutchinson County, Texas(7)",48233,Rural,33.7 ,21.3, 51.3,N/A , N/A , N/A,5,stable,-1.6 ,-4.2, 0.9
"Chelan County, Washington(2)",53007,Urban,33.6 ,26.7, 42,N/A , N/A , N/A,18,stable,-0.5 ,-3.7, 3.0
"Pennington County, Minnesota(2)",27113,Rural,33.6 ,19.2, 56,N/A , N/A , N/A,3,*,*,*,*
"Washington County, Maryland(2)",24043,Urban,33.6 ,28.7, 39.3,N/A , N/A , N/A,35,stable,-1.4 ,-3.2, 0.3
"Macomb County, Michigan(2)",26099,Urban,33.6 ,31.5, 35.9,N/A , N/A , N/A,203,falling,-2.0 ,-2.8, -1.2
"Shasta County, California(7)",06089,Urban,33.6 ,29, 38.9,N/A , N/A , N/A,43,stable,0.7 ,-1.3, 6.7
"Jones County, Georgia(7)",13169,Urban,33.6 ,22.8, 48.3,N/A , N/A , N/A,7,stable,0.8 ,-2.7, 5.1
"Brown County, South Dakota(2)",46013,Rural,33.6 ,23.4, 46.8,N/A , N/A , N/A,8,stable,-1.8 ,-5.0, 1.1
"Somerset County, New Jersey(7)",34035,Urban,33.6 ,30.3, 37.2,N/A , N/A , N/A,79,stable,2.8 ,-2.5, 12.4
"LaFourche Parish, Louisiana(7)",22057,Urban,33.6 ,27.3, 41,N/A , N/A , N/A,21,stable,0.0 ,-2.0, 2.3
"Cobb County, Georgia(7)",13067,Urban,33.6 ,31.2, 36.2,N/A , N/A , N/A,145,stable,4.5 ,-1.2, 7.6
"Windham County, Connecticut(7)",09015,Urban,33.6 ,27.9, 40.2,N/A , N/A , N/A,26,falling,-1.9 ,-2.8, -1.0
"Cuyahoga County, Ohio(2)",39035,Urban,33.6 ,31.8, 35.4,N/A , N/A , N/A,305,falling,-1.6 ,-2.4, -0.8
"Humboldt County, Nevada(2)",32013,Rural,33.6 ,18.9, 55.5,N/A , N/A , N/A,3,stable,28.7 ,-0.9, 61.8
"Caroline County, Virginia(2)",51033,Rural,33.6 ,22.7, 48.2,N/A , N/A , N/A,6,stable,-0.7 ,-4.9, 3.8
"Story County, Iowa(7)",19169,Urban,33.6 ,26.2, 42.4,N/A , N/A , N/A,15,falling,-2.0 ,-3.4, -0.7
"Indian River County, Florida(2)",12061,Urban,33.5 ,29.1, 38.7,N/A , N/A , N/A,58,falling,-1.8 ,-3.3, -0.3
"Ionia County, Michigan(2)",26067,Urban,33.5 ,25.3, 43.7,N/A , N/A , N/A,12,stable,-0.8 ,-3.3, 1.7
"Jo Daviess County, Illinois(7)",17085,Rural,33.5 ,21.4, 51.1,N/A , N/A , N/A,6,falling,-2.9 ,-5.8, -0.4
"Ford County, Illinois(7)",17053,Urban,33.5 ,18.1, 57.4,N/A , N/A , N/A,3,stable,-1.8 ,-4.6, 0.7
"Erie County, New York(7)",36029,Urban,33.5 ,31.5, 35.7,N/A , N/A , N/A,224,stable,-0.8 ,-1.6, 1.5
"Marion County, Oregon(2)",41047,Urban,33.5 ,30, 37.4,N/A , N/A , N/A,68,stable,1.5 ,-4.9, 6.6
"Pulaski County, Arkansas(2)",05119,Urban,33.5 ,30.3, 37,N/A , N/A , N/A,85,stable,-1.3 ,-2.8, 0.2
"Pennington County, South Dakota(2)",46103,Urban,33.5 ,27.2, 40.8,N/A , N/A , N/A,23,stable,-1.3 ,-3.3, 0.7
"Milwaukee County, Wisconsin(2)",55079,Urban,33.5 ,31.3, 35.8,N/A , N/A , N/A,182,falling,-1.7 ,-2.4, -1.1
"San Joaquin County, California(7)",06077,Urban,33.5 ,31, 36.1,N/A , N/A , N/A,140,stable,-0.8 ,-1.8, 0.4
"Eddy County, New Mexico(7)",35015,Rural,33.5 ,24.9, 44,N/A , N/A , N/A,11,stable,0.4 ,-1.1, 2.0
"Van Buren County, Arkansas(2)",05141,Rural,33.5 ,19.1, 55.6,N/A , N/A , N/A,4,*,*,*,*
"Baltimore County, Maryland(2)",24005,Urban,33.5 ,31.3, 35.7,N/A , N/A , N/A,197,stable,0.7 ,-1.7, 6.0
"Yuba County, California(7)",06115,Urban,33.5 ,25.9, 42.6,N/A , N/A , N/A,14,falling,-2.1 ,-3.9, -0.3
"Box Elder County, Utah(7)",49003,Rural,33.5 ,24.4, 44.8,N/A , N/A , N/A,9,*,*,*,*
"Lafayette Parish, Louisiana(7)",22055,Urban,33.5 ,29.2, 38.2,N/A , N/A , N/A,47,falling,-1.7 ,-3.1, -0.1
"Hendricks County, Indiana(2)",18063,Urban,33.5 ,28.6, 39,N/A , N/A , N/A,34,stable,-0.7 ,-2.8, 1.6
"Pierce County, Washington(7)",53053,Urban,33.4 ,31.2, 35.8,N/A , N/A , N/A,172,falling,-1.5 ,-2.0, -1.0
"Rhea County, Tennessee(2)",47143,Rural,33.4 ,22.9, 47.4,N/A , N/A , N/A,7,stable,-2.4 ,-5.7, 0.9
"Cameron County, Texas(7)",48061,Urban,33.4 ,30.1, 37,N/A , N/A , N/A,78,stable,0.6 ,-0.2, 1.6
"Roseau County, Minnesota(2)",27135,Rural,33.4 ,19.3, 55.1,N/A , N/A , N/A,4,*,*,*,*
"Asotin County, Washington(2)",53003,Urban,33.4 ,20.8, 51.4,N/A , N/A , N/A,5,stable,29.0 ,-4.4, 58.9
"Jackson County, Indiana(2)",18071,Rural,33.4 ,24.8, 44.2,N/A , N/A , N/A,10,stable,-1.0 ,-3.9, 1.9
"Berrien County, Michigan(2)",26021,Urban,33.4 ,28.6, 38.8,N/A , N/A , N/A,38,falling,-2.4 ,-4.1, -0.9
"Franklin County, Maine(2)",23007,Rural,33.4 ,23.1, 47.3,N/A , N/A , N/A,8,stable,-1.8 ,-4.5, 0.7
"Highlands County, Florida(2)",12055,Urban,33.4 ,27.4, 40.5,N/A , N/A , N/A,33,falling,-1.5 ,-3.0, -0.1
"Henry County, Missouri(2)",29083,Rural,33.4 ,21.4, 50.2,N/A , N/A , N/A,6,stable,-2.5 ,-5.8, 0.6
"Carroll County, Virginia(2)",51035,Rural,33.4 ,23.2, 47.2,N/A , N/A , N/A,9,stable,-0.9 ,-4.4, 2.4
"Santa Cruz County, California(7)",06087,Urban,33.3 ,29.4, 37.7,N/A , N/A , N/A,55,stable,2.2 ,-2.5, 13.5
"Churchill County, Nevada(2)",32001,Rural,33.3 ,21.5, 49.7,N/A , N/A , N/A,6,stable,-3.7 ,-21.9, 1.1
"Will County, Illinois(7)",17197,Urban,33.3 ,30.8, 36,N/A , N/A , N/A,133,falling,-1.9 ,-3.1, -0.7
"Oneida County, New York(7)",36065,Urban,33.3 ,29.1, 38,N/A , N/A , N/A,53,stable,0.5 ,-1.9, 8.2
"Solano County, California(7)",06095,Urban,33.3 ,30.3, 36.6,N/A , N/A , N/A,94,stable,-0.9 ,-1.8, 0.2
"Lucas County, Ohio(2)",39095,Urban,33.3 ,30.3, 36.6,N/A , N/A , N/A,95,falling,-1.5 ,-2.5, -0.6
"Columbia County, Pennsylvania(2)",42037,Rural,33.3 ,26.1, 42.2,N/A , N/A , N/A,16,stable,-0.3 ,-3.2, 2.5
"Madison County, Missouri(2)",29123,Rural,33.3 ,19.2, 55.8,N/A , N/A , N/A,3,stable,-2.4 ,-5.8, 0.6
"Lincoln County, Wyoming(2)",56023,Rural,33.3 ,18.7, 54.8,N/A , N/A , N/A,3,stable,-3.7 ,-8.6, 1.1
"Clark County, Wisconsin(2)",55019,Rural,33.3 ,22.5, 47.6,N/A , N/A , N/A,7,falling,-21.0 ,-50.5, -0.4
"Polk County, North Carolina(2)",37149,Rural,33.3 ,20.7, 52.2,N/A , N/A , N/A,6,stable,-1.6 ,-4.9, 1.5
"Rockland County, New York(7)",36087,Urban,33.3 ,29.7, 37.2,N/A , N/A , N/A,69,stable,1.5 ,-2.0, 11.7
"New Kent County, Virginia(2)",51127,Urban,33.3 ,20.6, 51.3,N/A , N/A , N/A,5,stable,1.3 ,-2.9, 6.6
"Armstrong County, Pennsylvania(2)",42005,Urban,33.3 ,26.5, 41.6,N/A , N/A , N/A,18,falling,-2.3 ,-4.3, -0.5
"Morgan County, Missouri(2)",29141,Rural,33.2 ,20.3, 52,N/A , N/A , N/A,5,stable,-0.2 ,-4.9, 4.5
"Bucks County, Pennsylvania(2)",42017,Urban,33.2 ,30.9, 35.8,N/A , N/A , N/A,159,stable,0.1 ,-3.1, 6.9
"Medina County, Ohio(2)",39103,Urban,33.2 ,28.7, 38.3,N/A , N/A , N/A,42,falling,-1.5 ,-2.5, -0.6
"Comanche County, Oklahoma(2)",40031,Urban,33.2 ,27.2, 40.3,N/A , N/A , N/A,22,stable,-1.0 ,-3.6, 1.7
"Montgomery County, Ohio(2)",39113,Urban,33.2 ,30.5, 36.1,N/A , N/A , N/A,124,falling,-1.6 ,-2.7, -0.6
"Hardin County, Texas(7)",48199,Urban,33.2 ,25.2, 43.2,N/A , N/A , N/A,12,stable,-1.8 ,-4.3, 1.0
"St. Joseph County, Michigan(2)",26149,Rural,33.2 ,25.4, 42.8,N/A , N/A , N/A,13,falling,-2.8 ,-5.0, -0.9
"Elko County, Nevada(2)",32007,Rural,33.2 ,24, 44.9,N/A , N/A , N/A,9,stable,0.6 ,-3.0, 5.2
"Citrus County, Florida(2)",12017,Urban,33.2 ,28.6, 38.5,N/A , N/A , N/A,54,stable,-0.7 ,-2.2, 0.6
"Robertson County, Tennessee(2)",47147,Urban,33.2 ,25.9, 42,N/A , N/A , N/A,15,stable,-2.0 ,-4.1, 0.3
"Washington County, Tennessee(2)",47179,Urban,33.2 ,27.7, 39.5,N/A , N/A , N/A,29,rising,13.0 ,1.8, 21.9
"Licking County, Ohio(2)",39089,Urban,33.2 ,28.5, 38.5,N/A , N/A , N/A,37,stable,-1.4 ,-3.5, 0.7
"Nassau County, New York(7)",36059,Urban,33.2 ,31.5, 34.9,N/A , N/A , N/A,323,stable,-0.4 ,-1.2, 1.0
"Franklin County, North Carolina(2)",37069,Urban,33.2 ,25.8, 42.1,N/A , N/A , N/A,15,stable,-1.4 ,-3.8, 1.2
"Smith County, Tennessee(2)",47159,Urban,33.1 ,20.4, 51.5,N/A , N/A , N/A,4,stable,-2.4 ,-5.6, 0.7
"Murray County, Georgia(7)",13213,Urban,33.1 ,23.4, 45.7,N/A , N/A , N/A,8,stable,-1.1 ,-3.6, 1.6
"Snohomish County, Washington(7)",53061,Urban,33.1 ,30.8, 35.6,N/A , N/A , N/A,156,falling,-1.5 ,-1.9, -0.9
"Morris County, New Jersey(7)",34027,Urban,33.1 ,30.4, 36,N/A , N/A , N/A,121,stable,0.3 ,-2.0, 6.1
"Orange County, Florida(2)",12095,Urban,33 ,31.2, 34.9,N/A , N/A , N/A,254,stable,0.6 ,-4.9, 5.9
"Carroll County, Iowa(7)",19027,Rural,33 ,21.2, 50,N/A , N/A , N/A,6,falling,-3.0 ,-4.7, -1.5
"Gray County, Texas(7)",48179,Rural,33 ,20.4, 51.1,N/A , N/A , N/A,4,stable,-1.1 ,-4.5, 1.9
"Hunterdon County, New Jersey(7)",34019,Urban,33 ,27.7, 39.1,N/A , N/A , N/A,31,falling,-2.1 ,-3.2, -1.0
"Grand Forks County, North Dakota(2)",38035,Urban,33 ,25, 42.8,N/A , N/A , N/A,13,stable,-0.8 ,-3.7, 2.2
"Morgan County, Georgia(7)",13211,Urban,33 ,21, 50.1,N/A , N/A , N/A,5,stable,-1.5 ,-3.5, 0.8
"Polk County, Iowa(7)",19153,Urban,33 ,29.9, 36.3,N/A , N/A , N/A,89,falling,-1.6 ,-2.3, -1.0
"Lavaca County, Texas(7)",48285,Rural,33 ,20.7, 50.7,N/A , N/A , N/A,5,stable,-2.3 ,-6.0, 1.2
"Abbeville County, South Carolina(2)",45001,Rural,33 ,22.4, 47.7,N/A , N/A , N/A,7,stable,-1.5 ,-3.3, 0.3
"Putnam County, Georgia(7)",13237,Rural,33 ,20.8, 50.2,N/A , N/A , N/A,6,stable,0.4 ,-2.1, 3.5
"Oakland County, Michigan(2)",26125,Urban,33 ,31.2, 34.8,N/A , N/A , N/A,287,stable,-1.3 ,-6.8, 2.9
"Berrien County, Georgia(7)",13019,Rural,32.9 ,20.2, 51.5,N/A , N/A , N/A,4,*,*,*,*
"Dodge County, Georgia(7)",13091,Rural,32.9 ,20.3, 51.4,N/A , N/A , N/A,4,*,*,*,*
"Marinette County, Wisconsin(2)",55075,Rural,32.9 ,24.3, 44.1,N/A , N/A , N/A,11,stable,1.7 ,-0.5, 5.3
"Faulkner County, Arkansas(2)",05045,Urban,32.9 ,27, 39.7,N/A , N/A , N/A,23,stable,-0.5 ,-2.7, 1.9
"Wayne County, New York(7)",36117,Urban,32.9 ,26.7, 40.3,N/A , N/A , N/A,21,falling,-2.4 ,-4.4, -0.6
"Pope County, Arkansas(2)",05115,Rural,32.9 ,25.2, 42.4,N/A , N/A , N/A,13,stable,-0.2 ,-3.1, 2.8
"Escambia County, Florida(2)",12033,Urban,32.9 ,29.4, 36.8,N/A , N/A , N/A,70,stable,-0.8 ,-2.4, 0.8
"Calhoun County, Michigan(2)",26025,Urban,32.9 ,27.7, 38.9,N/A , N/A , N/A,30,stable,4.1 ,-2.3, 16.0
"Spencer County, Indiana(2)",18147,Rural,32.9 ,20.6, 50.8,N/A , N/A , N/A,5,stable,-3.5 ,-7.3, 0.0
"Penobscot County, Maine(2)",23019,Urban,32.9 ,27.9, 38.6,N/A , N/A , N/A,35,falling,-3.4 ,-4.8, -2.1
"Pittsburg County, Oklahoma(2)",40121,Rural,32.9 ,24.1, 44.1,N/A , N/A , N/A,10,stable,-2.0 ,-4.6, 0.4
"Monmouth County, New Jersey(7)",34025,Urban,32.9 ,30.5, 35.4,N/A , N/A , N/A,153,stable,2.2 ,-2.1, 5.0
"Burke County, North Carolina(2)",37023,Urban,32.9 ,26.7, 40.2,N/A , N/A , N/A,22,falling,-3.4 ,-10.9, -1.4
"Lake County, Florida(2)",12069,Urban,32.8 ,29.9, 36,N/A , N/A , N/A,112,falling,-2.0 ,-3.2, -0.9
"Livingston County, Michigan(2)",26093,Urban,32.8 ,28.4, 37.9,N/A , N/A , N/A,42,falling,-1.7 ,-3.1, -0.1
"Sonoma County, California(7)",06097,Urban,32.8 ,30.1, 35.8,N/A , N/A , N/A,116,stable,5.1 ,-1.9, 9.8
"Clarke County, Georgia(7)",13059,Urban,32.8 ,26.6, 40,N/A , N/A , N/A,20,stable,-0.8 ,-2.1, 2.0
"Suwannee County, Florida(2)",12121,Rural,32.8 ,24.5, 43.5,N/A , N/A , N/A,11,stable,-1.6 ,-3.9, 0.7
"Northampton County, North Carolina(2)",37131,Rural,32.8 ,19.9, 52.5,N/A , N/A , N/A,5,falling,-25.0 ,-52.9, -3.3
"Camden County, Missouri(2)",29029,Rural,32.8 ,23.7, 44.8,N/A , N/A , N/A,11,stable,-2.0 ,-6.4, 2.1
"Wood County, Texas(7)",48499,Rural,32.8 ,24.3, 43.7,N/A , N/A , N/A,13,stable,-1.7 ,-3.7, 0.4
"Sauk County, Wisconsin(2)",55111,Rural,32.8 ,25.8, 41.4,N/A , N/A , N/A,16,falling,-2.6 ,-4.5, -0.8
"Tippecanoe County, Indiana(2)",18157,Urban,32.8 ,27.6, 38.7,N/A , N/A , N/A,29,stable,-1.4 ,-3.4, 0.7
"Madison County, New York(7)",36053,Urban,32.8 ,25.6, 41.6,N/A , N/A , N/A,15,falling,-3.8 ,-5.9, -1.9
"Union County, New Jersey(7)",34039,Urban,32.8 ,30.1, 35.6,N/A , N/A , N/A,115,falling,-2.4 ,-2.9, -1.9
"Crook County, Oregon(2)",41013,Urban,32.8 ,20.9, 49.4,N/A , N/A , N/A,5,stable,0.9 ,-4.3, 6.9
"Lamar County, Mississippi(2)",28073,Urban,32.8 ,25.1, 42.2,N/A , N/A , N/A,13,stable,-1.2 ,-3.2, 1.1
"Clermont County, Ohio(2)",39025,Urban,32.8 ,28.5, 37.5,N/A , N/A , N/A,45,falling,-1.9 ,-3.3, -0.6
"Essex County, New Jersey(7)",34013,Urban,32.7 ,30.5, 35.1,N/A , N/A , N/A,170,falling,-2.4 ,-3.1, -1.7
"Newport News City, Virginia(2)",51700,Urban,32.7 ,27.9, 38.2,N/A , N/A , N/A,34,stable,-1.1 ,-2.9, 0.6
"Union County, Pennsylvania(2)",42119,Rural,32.7 ,23.4, 44.9,N/A , N/A , N/A,9,stable,-1.5 ,-5.1, 1.9
"Miami-Dade County, Florida(2)",12086,Urban,32.7 ,31.5, 33.9,N/A , N/A , N/A,608,falling,-2.0 ,-2.5, -1.6
"Howard County, Texas(7)",48227,Rural,32.7 ,21.3, 48.1,N/A , N/A , N/A,5,stable,-1.2 ,-5.0, 2.2
"Clallam County, Washington(7)",53009,Rural,32.7 ,26.3, 40.6,N/A , N/A , N/A,24,stable,-1.0 ,-2.0, 0.0
"Bureau County, Illinois(7)",17011,Rural,32.7 ,23.8, 44.6,N/A , N/A , N/A,10,*,*,*,*
"Midland County, Michigan(2)",26111,Urban,32.7 ,26.3, 40.4,N/A , N/A , N/A,20,falling,-2.3 ,-4.4, -0.3
"Chemung County, New York(7)",36015,Urban,32.7 ,25.9, 40.8,N/A , N/A , N/A,18,stable,13.5 ,-1.4, 23.4
"Passaic County, New Jersey(7)",34031,Urban,32.7 ,29.9, 35.7,N/A , N/A , N/A,104,falling,-2.7 ,-3.4, -1.9
"Barry County, Michigan(2)",26015,Urban,32.7 ,25, 42.2,N/A , N/A , N/A,13,stable,-2.8 ,-6.2, 0.2
"Sumter County, South Carolina(2)",45085,Urban,32.7 ,26.7, 39.8,N/A , N/A , N/A,22,falling,-3.5 ,-5.0, -2.2
"Oswego County, New York(7)",36075,Urban,32.7 ,27, 39.3,N/A , N/A , N/A,25,falling,-3.1 ,-4.4, -1.9
"Bartholomew County, Indiana(2)",18005,Urban,32.7 ,25.9, 40.8,N/A , N/A , N/A,17,stable,-1.9 ,-4.6, 0.8
"San Luis Obispo County, California(7)",06079,Urban,32.7 ,28.9, 36.9,N/A , N/A , N/A,63,falling,-1.4 ,-2.3, -0.4
"Skagit County, Washington(7)",53057,Urban,32.7 ,27.2, 39.1,N/A , N/A , N/A,28,falling,-1.1 ,-2.1, -0.1
"Wayne County, West Virginia(2)",54099,Urban,32.7 ,23.8, 44.3,N/A , N/A , N/A,10,stable,-2.2 ,-5.2, 0.5
"Warren County, New York(7)",36113,Urban,32.7 ,25.8, 41.1,N/A , N/A , N/A,17,rising,14.5 ,1.4, 28.8
"Champaign County, Illinois(7)",17019,Urban,32.7 ,27.9, 38.1,N/A , N/A , N/A,35,falling,-1.9 ,-3.6, -0.3
"Brunswick County, North Carolina(2)",37019,Urban,32.7 ,27.8, 38.4,N/A , N/A , N/A,43,stable,0.4 ,-2.1, 3.1
"Hardee County, Florida(2)",12049,Rural,32.7 ,20.5, 49.7,N/A , N/A , N/A,5,falling,-17.3 ,-47.0, -2.4
"Bristol County, Rhode Island(2)",44001,Urban,32.6 ,24, 43.5,N/A , N/A , N/A,11,stable,16.4 ,-2.4, 31.9
"Coos County, Oregon(2)",41011,Rural,32.6 ,25.5, 41.4,N/A , N/A , N/A,18,stable,-0.2 ,-2.2, 1.7
"Henry County, Illinois(7)",17073,Urban,32.6 ,24.8, 42.4,N/A , N/A , N/A,13,falling,-2.1 ,-4.0, -0.4
"Natrona County, Wyoming(2)",56025,Urban,32.6 ,25.4, 41.3,N/A , N/A , N/A,15,stable,-1.3 ,-4.0, 1.2
"Watauga County, North Carolina(2)",37189,Rural,32.6 ,23.2, 44.7,N/A , N/A , N/A,9,stable,-0.3 ,-2.7, 2.2
"Hall County, Georgia(7)",13139,Urban,32.6 ,28.1, 37.6,N/A , N/A , N/A,40,stable,-0.7 ,-2.3, 1.1
"Rockwall County, Texas(7)",48397,Urban,32.6 ,26.3, 39.9,N/A , N/A , N/A,19,stable,3.5 ,-0.6, 13.6
"Brookings County, South Dakota(2)",46011,Rural,32.6 ,20.8, 48.6,N/A , N/A , N/A,5,stable,-1.7 ,-5.3, 1.9
"Greenup County, Kentucky(7)",21089,Urban,32.6 ,23.5, 44.5,N/A , N/A , N/A,9,falling,-2.3 ,-3.9, -0.7
"Hamilton County, Ohio(2)",39061,Urban,32.5 ,30.3, 34.9,N/A , N/A , N/A,174,falling,-2.1 ,-2.9, -1.3
"Cook County, Illinois(7)",17031,Urban,32.5 ,31.7, 33.5,N/A , N/A , N/A,1064,falling,-2.2 ,-2.5, -1.8
"Waynesboro City, Virginia(2)",51820,Urban,32.5 ,20.1, 50,N/A , N/A , N/A,5,stable,-3.1 ,-7.5, 0.7
"Marion County, Alabama(2)",01093,Rural,32.5 ,22.1, 46.7,N/A , N/A , N/A,7,stable,-1.9 ,-4.9, 0.8
"Dodge County, Wisconsin(2)",55027,Rural,32.5 ,25.8, 40.6,N/A , N/A , N/A,18,stable,-1.7 ,-4.1, 0.5
"Sandoval County, New Mexico(7)",35043,Urban,32.5 ,27.5, 38.2,N/A , N/A , N/A,33,stable,-1.0 ,-1.9, 0.2
"Baldwin County, Alabama(2)",01003,Urban,32.5 ,28.7, 36.8,N/A , N/A , N/A,57,stable,-0.6 ,-2.0, 0.9
"Lenawee County, Michigan(2)",26091,Rural,32.5 ,26.3, 39.9,N/A , N/A , N/A,21,stable,-0.3 ,-2.9, 2.2
"Onondaga County, New York(7)",36067,Urban,32.5 ,29.6, 35.6,N/A , N/A , N/A,104,falling,-1.9 ,-2.6, -1.1
"Morrow County, Ohio(2)",39117,Urban,32.5 ,23, 45.1,N/A , N/A , N/A,8,stable,-0.4 ,-3.5, 2.8
"Beaufort County, North Carolina(2)",37013,Rural,32.5 ,24.3, 43.1,N/A , N/A , N/A,12,falling,-3.0 ,-5.5, -0.8
"Broome County, New York(7)",36007,Urban,32.5 ,28.2, 37.4,N/A , N/A , N/A,46,stable,8.6 ,-1.5, 16.8
"Lincoln County, Maine(2)",23015,Rural,32.5 ,22.8, 45.6,N/A , N/A , N/A,10,stable,-1.6 ,-5.9, 2.1
"Beckham County, Oklahoma(2)",40009,Rural,32.5 ,18.8, 52.3,N/A , N/A , N/A,4,stable,0.6 ,-5.4, 6.4
"Lancaster County, Nebraska(2)",31109,Urban,32.5 ,28.7, 36.7,N/A , N/A , N/A,56,falling,-2.6 ,-3.9, -1.3
"Centre County, Pennsylvania(2)",42027,Urban,32.5 ,27.2, 38.6,N/A , N/A , N/A,28,stable,-1.2 ,-2.7, 0.3
"Peach County, Georgia(7)",13225,Urban,32.5 ,21.3, 47.7,N/A , N/A , N/A,6,stable,-1.7 ,-4.9, 1.8
"Shawano County, Wisconsin(2)",55115,Rural,32.5 ,23.4, 44.3,N/A , N/A , N/A,10,stable,-1.9 ,-4.1, 0.0
"Franklin County, Virginia(2)",51067,Urban,32.5 ,24.5, 42.5,N/A , N/A , N/A,14,falling,-25.9 ,-41.7, -10.4
"Johnson County, Iowa(7)",19103,Urban,32.5 ,26.8, 39,N/A , N/A , N/A,24,falling,-1.4 ,-2.1, -0.7
"St. Johns County, Florida(2)",12109,Urban,32.4 ,28.9, 36.4,N/A , N/A , N/A,65,stable,1.9 ,-1.3, 10.6
"Craven County, North Carolina(2)",37049,Rural,32.4 ,26.3, 39.6,N/A , N/A , N/A,22,falling,-2.1 ,-3.7, -0.7
"Douglas County, Nebraska(2)",31055,Urban,32.4 ,29.6, 35.4,N/A , N/A , N/A,102,falling,-2.3 ,-3.4, -1.3
"Chatham County, Georgia(7)",13051,Urban,32.4 ,28.7, 36.4,N/A , N/A , N/A,60,falling,-2.0 ,-3.3, -0.6
"Marquette County, Wisconsin(2)",55077,Rural,32.4 ,18.1, 55,N/A , N/A , N/A,4,stable,25.3 ,-7.3, 56.6
"Adams County, Colorado(2)",08001,Urban,32.4 ,29.2, 35.8,N/A , N/A , N/A,79,stable,-1.0 ,-2.5, 0.7
"St. Lawrence County, New York(7)",36089,Rural,32.4 ,26.5, 39.2,N/A , N/A , N/A,23,falling,-3.6 ,-5.3, -2.1
"Luna County, New Mexico(7)",35029,Rural,32.4 ,20.6, 48.7,N/A , N/A , N/A,5,stable,-0.7 ,-2.7, 1.3
"Belknap County, New Hampshire(2)",33001,Rural,32.4 ,25.4, 41,N/A , N/A , N/A,16,falling,-2.3 ,-4.7, -0.1
"Grant County, Wisconsin(2)",55043,Rural,32.3 ,23.9, 43.1,N/A , N/A , N/A,11,stable,-0.9 ,-4.2, 2.3
"Jefferson County, Tennessee(2)",47089,Urban,32.3 ,24.6, 42.1,N/A , N/A , N/A,13,stable,-0.6 ,-3.2, 2.2
"Allen County, Ohio(2)",39003,Urban,32.3 ,26.2, 39.5,N/A , N/A , N/A,22,falling,-1.6 ,-3.1, -0.4
"Union County, South Dakota(2)",46127,Urban,32.3 ,19, 52.4,N/A , N/A , N/A,4,stable,-2.9 ,-8.4, 2.3
"Surry County, North Carolina(2)",37171,Rural,32.3 ,25.8, 40.3,N/A , N/A , N/A,18,stable,-0.8 ,-2.6, 1.0
"Whiteside County, Illinois(7)",17195,Rural,32.3 ,24.5, 42,N/A , N/A , N/A,13,stable,-1.5 ,-3.8, 0.6
"Pender County, North Carolina(2)",37141,Urban,32.3 ,24.7, 41.6,N/A , N/A , N/A,13,stable,-1.1 ,-3.6, 1.5
"Rock County, Wisconsin(2)",55105,Urban,32.3 ,27.5, 37.8,N/A , N/A , N/A,34,stable,-1.1 ,-2.9, 0.6
"Madera County, California(7)",06039,Urban,32.3 ,27.1, 38.2,N/A , N/A , N/A,28,stable,2.2 ,-1.3, 12.8
"Henderson County, North Carolina(2)",37089,Urban,32.3 ,27.2, 38.2,N/A , N/A , N/A,33,stable,-1.1 ,-3.2, 0.9
"Cabell County, West Virginia(2)",54011,Urban,32.3 ,26.2, 39.4,N/A , N/A , N/A,22,falling,-3.2 ,-5.0, -1.6
"Tipton County, Indiana(2)",18159,Urban,32.3 ,18.9, 53,N/A , N/A , N/A,4,stable,-2.1 ,-6.5, 1.5
"St. Lucie County, Florida(2)",12111,Urban,32.3 ,29, 35.8,N/A , N/A , N/A,85,falling,-1.1 ,-2.1, -0.1
"Waushara County, Wisconsin(2)",55137,Rural,32.3 ,20.3, 49.6,N/A , N/A , N/A,6,stable,-0.6 ,-5.0, 3.9
"Lawrence County, Missouri(2)",29109,Rural,32.3 ,22.7, 44.8,N/A , N/A , N/A,8,stable,-2.0 ,-4.3, 0.1
"Trumbull County, Ohio(2)",39155,Urban,32.2 ,28.2, 36.8,N/A , N/A , N/A,51,falling,-3.5 ,-9.6, -2.1
"Putnam County, Tennessee(2)",47141,Rural,32.2 ,25.4, 40.5,N/A , N/A , N/A,16,falling,-3.0 ,-5.2, -1.0
"Orleans County, New York(7)",36073,Urban,32.2 ,23.1, 44.1,N/A , N/A , N/A,9,falling,-2.9 ,-5.1, -0.8
"Outagamie County, Wisconsin(2)",55087,Urban,32.2 ,27.7, 37.4,N/A , N/A , N/A,38,stable,5.3 ,-1.8, 13.6
"Kent County, Delaware(2)",10001,Urban,32.2 ,27.6, 37.4,N/A , N/A , N/A,38,falling,-2.4 ,-3.6, -1.2
"Washington County, Iowa(7)",19183,Urban,32.2 ,20.3, 49,N/A , N/A , N/A,5,falling,-3.3 ,-5.2, -1.7
"Chilton County, Alabama(2)",01021,Urban,32.2 ,23.2, 43.6,N/A , N/A , N/A,9,stable,-1.3 ,-4.0, 1.4
"Washington County, Nebraska(2)",31177,Urban,32.2 ,19.5, 50.5,N/A , N/A , N/A,4,stable,-2.8 ,-6.6, 0.7
"Ellis County, Texas(7)",48139,Urban,32.2 ,27.4, 37.5,N/A , N/A , N/A,34,falling,-2.3 ,-3.6, -0.8
"Caldwell County, Texas(7)",48055,Urban,32.2 ,23.2, 43.5,N/A , N/A , N/A,9,stable,-2.1 ,-4.3, 0.2
"Hudson County, New Jersey(7)",34017,Urban,32.2 ,29.6, 34.8,N/A , N/A , N/A,124,falling,-2.5 ,-3.2, -1.8
"St. Louis County, Missouri(2)",29189,Urban,32.2 ,30.2, 34.2,N/A , N/A , N/A,230,falling,-1.9 ,-2.5, -1.4
"Bexar County, Texas(7)",48029,Urban,32.1 ,30.6, 33.7,N/A , N/A , N/A,343,stable,0.9 ,-0.7, 5.2
"Rockingham County, New Hampshire(2)",33015,Urban,32.1 ,28.7, 36,N/A , N/A , N/A,69,falling,-2.3 ,-3.5, -1.3
"Harris County, Texas(7)",48201,Urban,32.1 ,31.1, 33.2,N/A , N/A , N/A,747,stable,-0.4 ,-1.1, 1.1
"Blount County, Tennessee(2)",47009,Urban,32.1 ,27.1, 37.9,N/A , N/A , N/A,32,stable,-1.2 ,-2.7, 0.3
"Duchesne County, Utah(7)",49013,Rural,32.1 ,18.1, 52.8,N/A , N/A , N/A,3,*,*,*,*
"Cherokee County, Texas(7)",48073,Rural,32.1 ,23.6, 42.8,N/A , N/A , N/A,10,stable,-0.8 ,-4.3, 2.9
"Lubbock County, Texas(7)",48303,Urban,32.1 ,28.2, 36.3,N/A , N/A , N/A,52,stable,2.3 ,-0.2, 7.8
"Cochise County, Arizona(2)",04003,Urban,32.1 ,26.7, 38.4,N/A , N/A , N/A,30,stable,-0.7 ,-2.6, 1.1
"Twin Falls County, Idaho(7)",16083,Urban,32.1 ,25.4, 40.1,N/A , N/A , N/A,17,stable,9.8 ,-2.0, 18.7
"Saratoga County, New York(7)",36091,Urban,32.1 ,28.2, 36.5,N/A , N/A , N/A,52,falling,-2.9 ,-4.0, -1.7
"Van Buren County, Michigan(2)",26159,Rural,32.1 ,25.2, 40.4,N/A , N/A , N/A,16,stable,-0.3 ,-2.1, 1.5
"Berks County, Pennsylvania(2)",42011,Urban,32.1 ,29.1, 35.3,N/A , N/A , N/A,90,falling,-2.3 ,-3.3, -1.4
"Saunders County, Nebraska(2)",31155,Urban,32.1 ,20.2, 49.1,N/A , N/A , N/A,5,stable,-1.1 ,-4.7, 2.3
"Shelby County, Alabama(2)",01117,Urban,32.1 ,27.9, 36.7,N/A , N/A , N/A,45,stable,-1.6 ,-3.3, 0.3
"Clay County, Indiana(2)",18021,Urban,32.1 ,21.1, 47.1,N/A , N/A , N/A,6,falling,-4.0 ,-7.6, -0.8
"Honolulu County, Hawaii(7)",15003,Urban,32 ,30.1, 34.1,N/A , N/A , N/A,219,falling,-1.5 ,-1.9, -1.1
"Lyon County, Nevada(2)",32019,Urban,32 ,24.3, 41.7,N/A , N/A , N/A,13,stable,-2.7 ,-6.1, 0.9
"Johnson County, Texas(7)",48251,Urban,32 ,27.3, 37.4,N/A , N/A , N/A,33,falling,-2.1 ,-3.9, -0.2
"Medina County, Texas(7)",48325,Urban,32 ,23.5, 42.8,N/A , N/A , N/A,10,stable,-0.3 ,-2.6, 2.4
"Oklahoma County, Oklahoma(2)",40109,Urban,32 ,29.7, 34.5,N/A , N/A , N/A,142,falling,-1.3 ,-2.1, -0.6
"Posey County, Indiana(2)",18129,Urban,32 ,20.4, 48.3,N/A , N/A , N/A,5,falling,-3.8 ,-6.6, -1.4
"Pueblo County, Colorado(2)",08101,Urban,32 ,27.3, 37.3,N/A , N/A , N/A,36,stable,-1.5 ,-4.9, 1.8
"Marion County, Florida(2)",12083,Urban,32 ,29.1, 35.2,N/A , N/A , N/A,110,falling,-2.3 ,-3.4, -1.3
"Tazewell County, Virginia(2)",51185,Rural,32 ,23.5, 43,N/A , N/A , N/A,11,stable,-1.1 ,-4.8, 2.3
"Matanuska-Susitna Borough, Alaska(2)",02170,Urban,32 ,25, 40.3,N/A , N/A , N/A,16,stable,0.3 ,-2.0, 3.2
"Henry County, Virginia(2)",51089,Rural,32 ,24.5, 41.5,N/A , N/A , N/A,14,stable,-2.1 ,-4.5, 0.2
"Pike County, Pennsylvania(2)",42103,Rural,32 ,24.6, 41.2,N/A , N/A , N/A,15,falling,-2.4 ,-4.1, -0.7
"Huntingdon County, Pennsylvania(2)",42061,Rural,32 ,22.6, 44.1,N/A , N/A , N/A,9,stable,-1.7 ,-3.9, 0.3
"Rutherford County, Tennessee(2)",47149,Urban,32 ,28.1, 36.2,N/A , N/A , N/A,52,stable,-1.0 ,-2.5, 0.7
"Franklin County, Kentucky(7)",21073,Rural,31.9 ,24.1, 41.8,N/A , N/A , N/A,12,falling,-2.4 ,-4.2, -0.8
"Polk County, Oregon(2)",41053,Urban,31.9 ,25.5, 39.6,N/A , N/A , N/A,19,falling,-2.5 ,-4.3, -0.8
"Vanderburgh County, Indiana(2)",18163,Urban,31.9 ,27.3, 37.1,N/A , N/A , N/A,39,stable,-1.5 ,-3.4, 0.2
"Madison County, Mississippi(2)",28089,Urban,31.9 ,26, 38.8,N/A , N/A , N/A,21,falling,-2.9 ,-4.2, -1.5
"Madison County, Indiana(2)",18095,Urban,31.9 ,26.8, 37.8,N/A , N/A , N/A,30,falling,-1.8 ,-3.5, -0.1
"Cattaraugus County, New York(7)",36009,Rural,31.9 ,25.3, 40,N/A , N/A , N/A,18,falling,-3.1 ,-7.6, -1.7
"Henry County, Kentucky(7)",21103,Urban,31.9 ,19, 51.6,N/A , N/A , N/A,4,*,*,*,*
"Smith County, Texas(7)",48423,Urban,31.9 ,27.9, 36.4,N/A , N/A , N/A,49,stable,-0.5 ,-2.3, 5.9
"Calvert County, Maryland(2)",24009,Urban,31.9 ,25.5, 39.5,N/A , N/A , N/A,18,stable,1.8 ,-2.7, 16.3
"Allegany County, New York(7)",36003,Rural,31.9 ,23.6, 42.6,N/A , N/A , N/A,11,stable,-1.6 ,-3.3, 0.0
"Forsyth County, Georgia(7)",13117,Urban,31.9 ,27.8, 36.5,N/A , N/A , N/A,44,falling,-1.9 ,-3.3, -0.1
"Fulton County, Georgia(7)",13121,Urban,31.9 ,29.9, 34.1,N/A , N/A , N/A,187,falling,-1.8 ,-2.2, -1.3
"Chautauqua County, New York(7)",36013,Rural,31.9 ,26.7, 37.9,N/A , N/A , N/A,30,falling,-2.0 ,-4.0, -0.1
"Adams County, Illinois(7)",17001,Rural,31.9 ,24.6, 40.8,N/A , N/A , N/A,15,falling,-1.6 ,-3.0, -0.3
"Fairfield County, South Carolina(2)",45039,Urban,31.9 ,20.4, 48.7,N/A , N/A , N/A,5,stable,-1.0 ,-5.6, 3.4
"Chester County, Pennsylvania(2)",42029,Urban,31.9 ,29.2, 34.8,N/A , N/A , N/A,112,stable,3.8 ,-1.6, 9.4
"Lamar County, Texas(7)",48277,Rural,31.9 ,23.7, 42.1,N/A , N/A , N/A,11,stable,-1.0 ,-3.6, 1.5
"Jefferson County, Alabama(2)",01073,Urban,31.9 ,29.5, 34.4,N/A , N/A , N/A,140,falling,-1.8 ,-2.7, -0.9
"Benton County, Washington(2)",53005,Urban,31.9 ,27.3, 37,N/A , N/A , N/A,37,falling,-2.0 ,-3.4, -0.5
"Tehama County, California(7)",06103,Rural,31.9 ,24.6, 40.8,N/A , N/A , N/A,15,falling,-2.6 ,-4.7, -0.6
"Riverside County, California(7)",06065,Urban,31.9 ,30.5, 33.2,N/A , N/A , N/A,448,falling,-1.3 ,-1.7, -0.8
"Lake County, Illinois(7)",17097,Urban,31.9 ,29.5, 34.4,N/A , N/A , N/A,137,stable,-0.4 ,-1.7, 4.1
"Polk County, Arkansas(2)",05113,Rural,31.8 ,19.5, 50,N/A , N/A , N/A,5,stable,-2.4 ,-5.1, 0.0
"Hall County, Nebraska(2)",31079,Urban,31.8 ,23.8, 41.8,N/A , N/A , N/A,11,falling,-20.4 ,-35.2, -3.7
"Carroll County, Arkansas(2)",05015,Rural,31.8 ,22.2, 45.1,N/A , N/A , N/A,8,stable,-0.5 ,-3.8, 3.0
"Loudon County, Tennessee(2)",47105,Urban,31.8 ,24.1, 41.6,N/A , N/A , N/A,14,stable,5.2 ,-2.2, 23.9
"Fayette County, Georgia(7)",13113,Urban,31.8 ,26.6, 37.9,N/A , N/A , N/A,28,stable,-1.4 ,-3.0, 0.4
"Glenn County, California(7)",06021,Rural,31.8 ,20.9, 46.8,N/A , N/A , N/A,6,stable,0.8 ,-2.0, 9.9
"Winnebago County, Illinois(7)",17201,Urban,31.8 ,28.2, 35.8,N/A , N/A , N/A,61,falling,-2.1 ,-3.0, -1.2
"Midland County, Texas(7)",48329,Urban,31.8 ,26.4, 38,N/A , N/A , N/A,25,falling,-2.6 ,-4.6, -0.6
"Mahoning County, Ohio(2)",39099,Urban,31.8 ,28, 36,N/A , N/A , N/A,59,falling,-2.3 ,-3.5, -1.3
"Gwinnett County, Georgia(7)",13135,Urban,31.8 ,29.5, 34.2,N/A , N/A , N/A,153,falling,-1.2 ,-1.6, -0.7
"Hartford County, Connecticut(7)",09003,Urban,31.8 ,29.8, 34,N/A , N/A , N/A,197,stable,-0.9 ,-2.6, 3.3
"Pointe Coupee Parish, Louisiana(7)",22077,Urban,31.8 ,20.2, 48.5,N/A , N/A , N/A,5,stable,0.0 ,-2.2, 2.4
"Androscoggin County, Maine(2)",23001,Urban,31.8 ,26.2, 38.4,N/A , N/A , N/A,25,stable,-2.3 ,-4.9, 0.1
"Fulton County, Ohio(2)",39051,Urban,31.8 ,22.5, 43.7,N/A , N/A , N/A,9,falling,-3.7 ,-6.7, -1.1
"Conway County, Arkansas(2)",05029,Rural,31.8 ,20.1, 48.7,N/A , N/A , N/A,5,stable,21.3 ,-1.8, 42.2
"Tarrant County, Texas(7)",48439,Urban,31.8 ,30.3, 33.3,N/A , N/A , N/A,350,stable,0.2 ,-1.3, 3.7
"Henry County, Alabama(2)",01067,Urban,31.8 ,19.4, 50.4,N/A , N/A , N/A,4,stable,-3.0 ,-6.9, 0.8
"Kandiyohi County, Minnesota(2)",27067,Rural,31.8 ,22.8, 43.4,N/A , N/A , N/A,9,stable,-2.6 ,-5.4, 0.0
"Tippah County, Mississippi(2)",28139,Rural,31.8 ,19.5, 49.2,N/A , N/A , N/A,4,stable,0.9 ,-3.6, 5.9
"Orange County, New York(7)",36071,Urban,31.8 ,28.5, 35.3,N/A , N/A , N/A,73,falling,-3.1 ,-3.8, -2.3
"Monongalia County, West Virginia(2)",54061,Urban,31.8 ,25.2, 39.6,N/A , N/A , N/A,17,stable,-2.0 ,-4.8, 0.9
"Jackson County, Oregon(2)",41029,Urban,31.8 ,27.7, 36.2,N/A , N/A , N/A,52,stable,-1.6 ,-8.5, 6.0
"Comanche County, Texas(7)",48093,Rural,31.8 ,17, 55.2,N/A , N/A , N/A,3,*,*,*,*
"Erath County, Texas(7)",48143,Rural,31.7 ,22, 44.4,N/A , N/A , N/A,7,stable,-1.3 ,-4.8, 2.2
"St. Charles Parish, Louisiana(7)",22089,Urban,31.7 ,23.4, 42.2,N/A , N/A , N/A,10,stable,0.2 ,-2.1, 3.1
"Frederick County, Virginia(2)",51069,Urban,31.7 ,25.4, 39.2,N/A , N/A , N/A,19,stable,-1.4 ,-3.1, 0.4
"Ulster County, New York(7)",36111,Urban,31.7 ,27.4, 36.6,N/A , N/A , N/A,43,falling,-2.4 ,-3.9, -0.9
"Santa Rosa County, Florida(2)",12113,Urban,31.7 ,27.2, 36.8,N/A , N/A , N/A,38,stable,-0.6 ,-2.3, 1.4
"Cumberland County, Pennsylvania(2)",42041,Urban,31.7 ,28, 35.8,N/A , N/A , N/A,57,falling,-1.7 ,-3.2, -0.2
"Montgomery County, New York(7)",36057,Rural,31.7 ,23.7, 41.8,N/A , N/A , N/A,11,falling,-2.8 ,-5.2, -0.8
"Stark County, North Dakota(2)",38089,Rural,31.7 ,21, 46.1,N/A , N/A , N/A,6,*,*,*,*
"York County, Maine(2)",23031,Urban,31.7 ,27.6, 36.2,N/A , N/A , N/A,50,stable,2.9 ,-4.1, 13.9
"Lake County, Ohio(2)",39085,Urban,31.7 ,27.9, 35.9,N/A , N/A , N/A,57,falling,-1.7 ,-3.1, -0.4
"Marshall County, Oklahoma(2)",40095,Rural,31.7 ,18.5, 51.9,N/A , N/A , N/A,4,stable,0.2 ,-4.7, 5.3
"Allegheny County, Pennsylvania(2)",42003,Urban,31.7 ,30, 33.5,N/A , N/A , N/A,292,stable,-1.2 ,-2.8, 2.8
"Mercer County, Pennsylvania(2)",42085,Rural,31.7 ,26.2, 38,N/A , N/A , N/A,29,stable,-1.6 ,-3.6, 0.2
"Ozaukee County, Wisconsin(2)",55089,Urban,31.7 ,25.6, 38.9,N/A , N/A , N/A,22,stable,-1.7 ,-3.8, 0.3
"San Bernardino County, California(7)",06071,Urban,31.7 ,30.2, 33.2,N/A , N/A , N/A,356,falling,-1.3 ,-1.8, -0.9
"Ross County, Ohio(2)",39141,Rural,31.7 ,25, 39.7,N/A , N/A , N/A,17,falling,-1.8 ,-3.6, -0.1
"Cass County, Indiana(2)",18017,Rural,31.7 ,22.5, 43.7,N/A , N/A , N/A,8,stable,-2.7 ,-6.4, 0.5
"Bladen County, North Carolina(2)",37017,Rural,31.7 ,21.6, 45.3,N/A , N/A , N/A,7,falling,-3.3 ,-5.7, -1.1
"Russell County, Alabama(2)",01113,Urban,31.6 ,23.7, 41.5,N/A , N/A , N/A,11,stable,-3.2 ,-6.9, 0.1
"Berkshire County, Massachusetts(2)",25003,Urban,31.6 ,26.8, 37.3,N/A , N/A , N/A,35,falling,-1.9 ,-3.5, -0.5
"Alpena County, Michigan(2)",26007,Rural,31.6 ,22, 45,N/A , N/A , N/A,8,stable,-2.0 ,-5.4, 1.3
"Cheshire County, New Hampshire(2)",33005,Rural,31.6 ,25, 39.6,N/A , N/A , N/A,18,stable,-2.8 ,-6.1, 0.4
"Charlottesville City, Virginia(2)",51540,Urban,31.6 ,21.9, 44.3,N/A , N/A , N/A,7,stable,-1.6 ,-4.9, 1.3
"York County, Virginia(2)",51199,Urban,31.6 ,24.4, 40.4,N/A , N/A , N/A,14,stable,3.8 ,-2.3, 28.3
"Boone County, Missouri(2)",29019,Urban,31.6 ,26.6, 37.4,N/A , N/A , N/A,29,stable,-0.6 ,-2.8, 1.7
"Logan County, Ohio(2)",39091,Rural,31.6 ,23.1, 42.5,N/A , N/A , N/A,10,stable,-1.1 ,-9.1, 9.5
"Shenandoah County, Virginia(2)",51171,Rural,31.6 ,23.3, 42.2,N/A , N/A , N/A,11,stable,0.0 ,-3.8, 4.2
"Jefferson County, Oregon(2)",41031,Urban,31.6 ,19.7, 48.3,N/A , N/A , N/A,5,*,*,*,*
"Kenosha County, Wisconsin(2)",55059,Urban,31.6 ,26.7, 37.1,N/A , N/A , N/A,31,falling,-2.3 ,-3.5, -1.2
"Kern County, California(7)",06029,Urban,31.5 ,29.2, 34.1,N/A , N/A , N/A,135,stable,6.5 ,-1.4, 11.8
"Iredell County, North Carolina(2)",37097,Urban,31.5 ,27.1, 36.5,N/A , N/A , N/A,38,falling,-1.7 ,-2.9, -0.4
"Talbot County, Maryland(2)",24041,Rural,31.5 ,22.8, 43.1,N/A , N/A , N/A,11,stable,9.2 ,-5.1, 35.0
"Ventura County, California(7)",06111,Urban,31.5 ,29.4, 33.8,N/A , N/A , N/A,168,stable,0.5 ,-1.2, 4.1
"Cass County, Nebraska(2)",31025,Urban,31.5 ,20.6, 46.8,N/A , N/A , N/A,6,falling,-4.6 ,-16.2, -1.1
"Anderson County, Tennessee(2)",47001,Urban,31.5 ,25, 39.4,N/A , N/A , N/A,17,falling,-3.1 ,-5.4, -1.2
"San Benito County, California(7)",06069,Urban,31.5 ,23.5, 41.4,N/A , N/A , N/A,11,falling,-2.0 ,-3.5, -0.3
"Stephenson County, Illinois(7)",17177,Rural,31.5 ,23, 42.4,N/A , N/A , N/A,11,stable,-1.8 ,-4.5, 0.8
"Huntington County, Indiana(2)",18069,Rural,31.5 ,22, 44,N/A , N/A , N/A,8,stable,-3.0 ,-6.9, 0.3
"Josephine County, Oregon(2)",41033,Urban,31.5 ,25.5, 38.6,N/A , N/A , N/A,24,stable,-1.0 ,-3.5, 1.4
"Falls County, Texas(7)",48145,Urban,31.5 ,18, 51.5,N/A , N/A , N/A,3,falling,-3.8 ,-7.7, -0.8
"Seminole County, Florida(2)",12117,Urban,31.5 ,28.7, 34.4,N/A , N/A , N/A,99,stable,1.7 ,-0.9, 7.2
"Bonneville County, Idaho(7)",16019,Urban,31.5 ,25.5, 38.4,N/A , N/A , N/A,20,stable,-0.8 ,-2.4, 1.1
"San Jacinto County, Texas(7)",48407,Urban,31.5 ,20.4, 46.7,N/A , N/A , N/A,6,stable,-1.2 ,-3.0, 0.8
"Teton County, Wyoming(2)",56039,Rural,31.5 ,18.8, 49.7,N/A , N/A , N/A,4,*,*,*,*
"San Diego County, California(7)",06073,Urban,31.5 ,30.3, 32.6,N/A , N/A , N/A,604,stable,-0.3 ,-1.0, 1.7
"Kossuth County, Iowa(7)",19109,Rural,31.4 ,18.1, 52.4,N/A , N/A , N/A,4,stable,-0.7 ,-3.1, 1.6
"Hancock County, Mississippi(2)",28045,Urban,31.4 ,23.5, 41.6,N/A , N/A , N/A,12,stable,0.0 ,-3.5, 3.9
"Halifax County, North Carolina(2)",37083,Rural,31.4 ,23.7, 41.3,N/A , N/A , N/A,13,stable,-1.4 ,-3.0, 0.0
"Andrew County, Missouri(2)",29003,Urban,31.4 ,19.5, 49.2,N/A , N/A , N/A,4,falling,-4.9 ,-10.0, -0.5
"Avery County, North Carolina(2)",37011,Rural,31.4 ,18.1, 52.2,N/A , N/A , N/A,4,stable,-1.7 ,-5.4, 1.7
"Laramie County, Wyoming(2)",56021,Urban,31.4 ,25.2, 38.8,N/A , N/A , N/A,19,rising,5.2 ,0.4, 15.9
"Crawford County, Michigan(2)",26039,Rural,31.4 ,18.7, 52.8,N/A , N/A , N/A,4,*,*,*,*
"Dallas County, Texas(7)",48113,Urban,31.4 ,30, 32.8,N/A , N/A , N/A,409,stable,-0.7 ,-1.8, 2.4
"Hanover County, Virginia(2)",51085,Urban,31.4 ,25.8, 38,N/A , N/A , N/A,24,stable,-1.8 ,-4.0, 0.4
"New Haven County, Connecticut(7)",09009,Urban,31.4 ,29.3, 33.6,N/A , N/A , N/A,187,stable,2.2 ,-0.7, 6.2
"Schoharie County, New York(7)",36095,Urban,31.4 ,21.5, 45,N/A , N/A , N/A,7,stable,-2.4 ,-5.7, 0.8
"Bandera County, Texas(7)",48019,Urban,31.4 ,21.3, 46.6,N/A , N/A , N/A,7,stable,-1.4 ,-3.8, 1.4
"Logan County, Oklahoma(2)",40083,Urban,31.4 ,23.1, 41.9,N/A , N/A , N/A,10,falling,-6.7 ,-10.8, -4.2
"James City County, Virginia(2)",51095,Urban,31.4 ,25.1, 39,N/A , N/A , N/A,21,stable,-0.3 ,-2.7, 2.3
"Cole County, Missouri(2)",29051,Urban,31.4 ,24.7, 39.5,N/A , N/A , N/A,16,falling,-14.9 ,-26.5, -2.6
"Lincoln County, Oklahoma(2)",40081,Urban,31.4 ,22.2, 43.7,N/A , N/A , N/A,8,stable,-2.8 ,-5.7, 0.1
"Washington County, Wisconsin(2)",55131,Urban,31.4 ,26.3, 37.2,N/A , N/A , N/A,29,falling,-2.5 ,-4.3, -0.8
"Dauphin County, Pennsylvania(2)",42043,Urban,31.4 ,27.8, 35.3,N/A , N/A , N/A,59,falling,-2.5 ,-3.5, -1.5
"Elbert County, Colorado(2)",08039,Urban,31.4 ,19.5, 48.2,N/A , N/A , N/A,5,stable,-2.3 ,-6.4, 2.1
"Washington County, Missouri(2)",29221,Rural,31.4 ,19.2, 48.8,N/A , N/A , N/A,4,stable,-2.9 ,-6.1, 0.0
"Lebanon County, Pennsylvania(2)",42075,Urban,31.4 ,26.6, 36.8,N/A , N/A , N/A,34,falling,-2.7 ,-3.9, -1.6
"Alcorn County, Mississippi(2)",28003,Rural,31.4 ,21.7, 44.1,N/A , N/A , N/A,8,stable,-3.2 ,-7.2, 0.4
"Clark County, Nevada(2)",32003,Urban,31.4 ,30, 32.8,N/A , N/A , N/A,413,stable,0.4 ,-2.3, 5.1
"Sacramento County, California(7)",06067,Urban,31.3 ,29.7, 33,N/A , N/A , N/A,297,falling,-1.9 ,-2.9, -1.4
"Middlesex County, New Jersey(7)",34023,Urban,31.3 ,29.2, 33.6,N/A , N/A , N/A,172,falling,-2.4 ,-3.1, -1.7
"Bell County, Texas(7)",48027,Urban,31.3 ,27.7, 35.3,N/A , N/A , N/A,56,falling,-1.9 ,-3.2, -0.5
"Ramsey County, Minnesota(2)",27123,Urban,31.3 ,28.5, 34.3,N/A , N/A , N/A,100,stable,0.2 ,-1.9, 6.2
"District of Columbia(2)",11001,Urban,31.3 ,28.7, 34,N/A , N/A , N/A,113,falling,-2.7 ,-3.6, -1.9
"Leon County, Florida(2)",12073,Urban,31.3 ,27.4, 35.6,N/A , N/A , N/A,50,stable,3.2 ,-1.8, 13.8
"Hickman County, Tennessee(2)",47081,Urban,31.2 ,19.7, 47.6,N/A , N/A , N/A,5,falling,-5.2 ,-9.2, -1.8
"Pinellas County, Florida(2)",12103,Urban,31.2 ,29.4, 33.2,N/A , N/A , N/A,268,stable,-0.3 ,-1.8, 5.0
"Logan County, Illinois(7)",17107,Rural,31.2 ,20.5, 46,N/A , N/A , N/A,6,stable,-18.3 ,-43.5, 1.5
"Hawkins County, Tennessee(2)",47073,Urban,31.2 ,24.5, 39.7,N/A , N/A , N/A,15,stable,-1.1 ,-3.2, 0.9
"Pottawatomie County, Oklahoma(2)",40125,Rural,31.2 ,24.5, 39.4,N/A , N/A , N/A,15,falling,-2.5 ,-4.3, -0.9
"Cayuga County, New York(7)",36011,Rural,31.2 ,24.4, 39.4,N/A , N/A , N/A,17,falling,-2.4 ,-3.9, -1.1
"Douglas County, Georgia(7)",13097,Urban,31.2 ,25.8, 37.4,N/A , N/A , N/A,25,stable,-1.4 ,-2.7, 0.0
"Jefferson County, Texas(7)",48245,Urban,31.2 ,27.2, 35.6,N/A , N/A , N/A,47,falling,-2.0 ,-3.2, -0.8
"Carver County, Minnesota(2)",27019,Urban,31.2 ,25, 38.5,N/A , N/A , N/A,18,stable,0.0 ,-3.5, 4.3
"Hickory County, Missouri(2)",29085,Rural,31.2 ,18.1, 58.4,N/A , N/A , N/A,3,stable,-2.7 ,-8.1, 2.4
"Newton County, Missouri(2)",29145,Urban,31.2 ,23.6, 40.6,N/A , N/A , N/A,12,stable,-1.1 ,-3.4, 1.1
"Davison County, South Dakota(2)",46035,Rural,31.2 ,19.7, 47.9,N/A , N/A , N/A,5,falling,-4.3 ,-7.2, -1.8
"Charlotte County, Florida(2)",12015,Urban,31.2 ,26.9, 36.1,N/A , N/A , N/A,64,stable,0.1 ,-6.0, 5.7
"Washington County, Indiana(2)",18175,Urban,31.2 ,20.1, 46.4,N/A , N/A , N/A,5,falling,-2.7 ,-5.5, -0.2
"Mercer County, New Jersey(7)",34021,Urban,31.2 ,28.1, 34.5,N/A , N/A , N/A,77,falling,-2.6 ,-3.9, -1.4
"Montgomery County, Pennsylvania(2)",42091,Urban,31.2 ,29.1, 33.3,N/A , N/A , N/A,190,stable,3.8 ,-1.3, 6.9
"Grady County, Oklahoma(2)",40051,Urban,31.1 ,23.3, 40.9,N/A , N/A , N/A,11,stable,-0.5 ,-3.4, 2.6
"Nueces County, Texas(7)",48355,Urban,31.1 ,27.8, 34.8,N/A , N/A , N/A,66,falling,-1.4 ,-2.3, -0.4
"Shelby County, Kentucky(7)",21211,Urban,31.1 ,22.8, 41.7,N/A , N/A , N/A,10,stable,-2.3 ,-5.1, 0.7
"Potter County, Texas(7)",48375,Urban,31.1 ,25.1, 38.2,N/A , N/A , N/A,20,stable,-1.5 ,-3.3, 0.2
"Pike County, Ohio(2)",39131,Rural,31.1 ,20.6, 45.6,N/A , N/A , N/A,6,*,*,*,*
"King George County, Virginia(2)",51099,Rural,31.1 ,19.5, 47.4,N/A , N/A , N/A,5,stable,-2.8 ,-8.3, 3.3
"Hampton City, Virginia(2)",51650,Urban,31.1 ,25.8, 37.3,N/A , N/A , N/A,26,stable,6.5 ,-2.9, 20.9
"San Juan County, New Mexico(7)",35045,Urban,31.1 ,25.4, 37.7,N/A , N/A , N/A,22,falling,-1.5 ,-2.8, -0.1
"Marion County, Indiana(2)",18097,Urban,31.1 ,29, 33.4,N/A , N/A , N/A,164,stable,-1.3 ,-2.5, 2.5
"Guilford County, North Carolina(2)",37081,Urban,31.1 ,28.4, 34,N/A , N/A , N/A,103,falling,-2.1 ,-3.3, -1.0
"Crow Wing County, Minnesota(2)",27035,Rural,31.1 ,24.1, 39.7,N/A , N/A , N/A,16,stable,-1.4 ,-4.0, 1.2
"Sheboygan County, Wisconsin(2)",55117,Urban,31.1 ,25.4, 37.7,N/A , N/A , N/A,24,falling,-3.6 ,-6.2, -1.5
"Sarpy County, Nebraska(2)",31153,Urban,31 ,26.2, 36.5,N/A , N/A , N/A,30,falling,-3.7 ,-5.4, -2.0
"Park County, Wyoming(2)",56029,Rural,31 ,20.4, 45.5,N/A , N/A , N/A,7,*,*,*,*
"Accomack County, Virginia(2)",51001,Rural,31 ,21.3, 44.1,N/A , N/A , N/A,8,stable,-1.4 ,-5.1, 1.8
"Spartanburg County, South Carolina(2)",45083,Urban,31 ,27.6, 34.7,N/A , N/A , N/A,64,falling,-2.0 ,-3.4, -0.8
"Snyder County, Pennsylvania(2)",42109,Rural,31 ,22.1, 42.7,N/A , N/A , N/A,9,stable,-2.8 ,-6.4, 0.4
"Holmes County, Ohio(2)",39075,Rural,31 ,21.7, 43.1,N/A , N/A , N/A,7,stable,-2.5 ,-5.2, 0.1
"Brazoria County, Texas(7)",48039,Urban,31 ,27.6, 34.8,N/A , N/A , N/A,61,falling,-2.5 ,-3.4, -1.6
"Fairfield County, Connecticut(7)",09001,Urban,31 ,29, 33.1,N/A , N/A , N/A,192,stable,0.5 ,-1.8, 5.1
"Sherburne County, Minnesota(2)",27141,Urban,31 ,24.3, 38.9,N/A , N/A , N/A,16,stable,-0.3 ,-3.1, 3.0
"Warren County, Mississippi(2)",28149,Rural,31 ,22.2, 42.3,N/A , N/A , N/A,9,falling,-8.8 ,-27.2, -1.6
"Miller County, Arkansas(2)",05091,Urban,31 ,22.3, 42.1,N/A , N/A , N/A,9,falling,-3.9 ,-7.1, -1.1
"Miami County, Ohio(2)",39109,Urban,31 ,25.4, 37.5,N/A , N/A , N/A,23,falling,-2.1 ,-3.4, -0.9
"Broward County, Florida(2)",12011,Urban,31 ,29.6, 32.4,N/A , N/A , N/A,411,stable,-1.1 ,-1.8, 0.3
"Canyon County, Idaho(7)",16027,Urban,31 ,26.6, 35.8,N/A , N/A , N/A,38,stable,-1.2 ,-2.7, 0.4
"Chesterfield County, Virginia(2)",51041,Urban,30.9 ,27.7, 34.4,N/A , N/A , N/A,70,stable,-0.9 ,-2.0, 3.4
"Bibb County, Georgia(7)",13021,Urban,30.9 ,26.1, 36.4,N/A , N/A , N/A,31,falling,-2.5 ,-4.0, -1.1
"Carter County, Oklahoma(2)",40019,Rural,30.9 ,22.5, 41.7,N/A , N/A , N/A,9,stable,-1.5 ,-4.4, 1.3
"Morrison County, Minnesota(2)",27097,Rural,30.9 ,21.3, 43.8,N/A , N/A , N/A,7,stable,0.4 ,-2.9, 3.8
"Carroll County, Illinois(7)",17015,Rural,30.9 ,17.3, 52.5,N/A , N/A , N/A,4,stable,-2.0 ,-8.1, 3.4
"Sussex County, Delaware(2)",10005,Rural,30.9 ,27.1, 35.1,N/A , N/A , N/A,63,stable,0.8 ,-2.4, 7.3
"Lynchburg City, Virginia(2)",51680,Urban,30.9 ,23.9, 39.4,N/A , N/A , N/A,14,stable,-0.1 ,-3.8, 3.6
"Atoka County, Oklahoma(2)",40005,Rural,30.9 ,17.2, 53.1,N/A , N/A , N/A,3,*,*,*,*
"Colbert County, Alabama(2)",01033,Urban,30.9 ,23.8, 39.8,N/A , N/A , N/A,14,falling,-17.0 ,-30.4, -2.7
"Hancock County, West Virginia(2)",54029,Urban,30.9 ,21.7, 43.6,N/A , N/A , N/A,8,stable,18.2 ,-2.9, 31.7
"Johnston County, North Carolina(2)",37101,Urban,30.9 ,26.6, 35.6,N/A , N/A , N/A,39,stable,-0.9 ,-3.0, 1.5
"Napa County, California(7)",06055,Urban,30.9 ,25.8, 36.7,N/A , N/A , N/A,29,falling,-1.9 ,-3.5, -0.4
"Clinton County, Michigan(2)",26037,Urban,30.9 ,24.2, 38.9,N/A , N/A , N/A,16,stable,-2.0 ,-5.0, 1.2
"Cowlitz County, Washington(2)",53015,Urban,30.8 ,25.2, 37.4,N/A , N/A , N/A,23,stable,-1.4 ,-3.1, 0.2
"Travis County, Texas(7)",48453,Urban,30.8 ,28.8, 33,N/A , N/A , N/A,181,stable,1.3 ,-0.8, 6.6
"Puerto Rico(2)",72001,Urban,30.8 ,29.8, 31.9,N/A , N/A , N/A,794,falling,-1.9 ,-4.2, -0.4
"Philadelphia County, Pennsylvania(2)",42101,Urban,30.8 ,29.2, 32.5,N/A , N/A , N/A,292,falling,-3.1 ,-3.6, -2.6
"Kitsap County, Washington(7)",53035,Urban,30.8 ,27, 35,N/A , N/A , N/A,52,falling,-1.5 ,-2.3, -0.8
"Isle of Wight County, Virginia(2)",51093,Urban,30.8 ,21.5, 43,N/A , N/A , N/A,8,stable,-0.8 ,-5.7, 4.0
"Grant County, Kentucky(7)",21081,Urban,30.8 ,19.1, 47.3,N/A , N/A , N/A,4,*,*,*,*
"Monroe County, New York(7)",36055,Urban,30.8 ,28.6, 33.1,N/A , N/A , N/A,157,stable,-1.7 ,-3.6, 1.8
"Coos County, New Hampshire(2)",33007,Rural,30.8 ,20.8, 44.6,N/A , N/A , N/A,7,stable,-2.2 ,-5.9, 0.7
"Wood County, Ohio(2)",39173,Urban,30.7 ,25.3, 37,N/A , N/A , N/A,24,stable,-0.8 ,-2.4, 0.7
"Mineral County, West Virginia(2)",54057,Rural,30.7 ,19.8, 45.9,N/A , N/A , N/A,6,stable,-4.2 ,-10.4, 0.8
"McKinley County, New Mexico(7)",35031,Rural,30.7 ,23.4, 39.7,N/A , N/A , N/A,12,stable,-0.7 ,-2.2, 1.1
"Floyd County, Georgia(7)",13115,Urban,30.7 ,24.8, 37.7,N/A , N/A , N/A,20,stable,-1.7 ,-3.5, 0.0
"St. Louis City, Missouri(2)",29510,Urban,30.7 ,27, 34.8,N/A , N/A , N/A,54,falling,-3.1 ,-4.4, -2.0
"Kane County, Illinois(7)",17089,Urban,30.7 ,27.9, 33.6,N/A , N/A , N/A,93,falling,-2.8 ,-3.8, -1.7
"DuPage County, Illinois(7)",17043,Urban,30.7 ,28.6, 32.8,N/A , N/A , N/A,184,falling,-1.8 ,-2.2, -1.3
"Cherokee County, Alabama(2)",01019,Rural,30.7 ,19.2, 47,N/A , N/A , N/A,5,stable,-1.1 ,-5.9, 3.6
"Shiawassee County, Michigan(2)",26155,Rural,30.6 ,23.6, 39.3,N/A , N/A , N/A,14,stable,-1.5 ,-4.3, 1.1
"Norfolk County, Massachusetts(2)",25021,Urban,30.6 ,28.4, 33,N/A , N/A , N/A,153,stable,-0.8 ,-2.1, 1.8
"Lamar County, Alabama(2)",01075,Rural,30.6 ,17, 52.3,N/A , N/A , N/A,3,stable,-0.1 ,-3.6, 3.4
"Montgomery County, Texas(7)",48339,Urban,30.6 ,28, 33.4,N/A , N/A , N/A,105,falling,-1.4 ,-2.2, -0.4
"Summit County, Ohio(2)",39153,Urban,30.6 ,28.1, 33.3,N/A , N/A , N/A,119,falling,-2.1 ,-3.1, -1.1
"Pickens County, Georgia(7)",13227,Urban,30.6 ,21, 43.5,N/A , N/A , N/A,8,stable,-0.4 ,-3.0, 2.7
"Clark County, Kentucky(7)",21049,Urban,30.6 ,21.6, 42.4,N/A , N/A , N/A,8,falling,-15.6 ,-32.0, -3.2
"Contra Costa County, California(7)",06013,Urban,30.6 ,28.8, 32.5,N/A , N/A , N/A,226,falling,-2.4 ,-4.3, -1.7
"Winneshiek County, Iowa(7)",19191,Rural,30.6 ,17.6, 49.8,N/A , N/A , N/A,4,falling,-2.9 ,-5.4, -0.9
"Roanoke County, Virginia(2)",51161,Urban,30.6 ,25.1, 37,N/A , N/A , N/A,24,stable,-0.8 ,-3.9, 2.2
"Winston County, Mississippi(2)",28159,Rural,30.6 ,18.7, 48.4,N/A , N/A , N/A,4,stable,-0.6 ,-6.6, 5.2
"Valencia County, New Mexico(7)",35061,Urban,30.6 ,23.7, 38.9,N/A , N/A , N/A,14,stable,-1.2 ,-2.6, 0.4
"Brown County, Wisconsin(2)",55009,Urban,30.6 ,26.8, 34.8,N/A , N/A , N/A,49,falling,-2.5 ,-3.8, -1.3
"Wicomico County, Maryland(2)",24045,Urban,30.6 ,24.6, 37.6,N/A , N/A , N/A,20,falling,-2.3 ,-4.3, -0.5
"Albany County, Wyoming(2)",56001,Rural,30.6 ,19.7, 45.4,N/A , N/A , N/A,5,stable,-0.3 ,-4.5, 4.2
"Racine County, Wisconsin(2)",55101,Urban,30.5 ,26.3, 35.3,N/A , N/A , N/A,40,falling,-1.7 ,-3.1, -0.4
"Bennington County, Vermont(2)",50003,Rural,30.5 ,21, 43.2,N/A , N/A , N/A,8,stable,-1.8 ,-5.4, 1.5
"Monroe County, Mississippi(2)",28095,Rural,30.5 ,21.3, 42.8,N/A , N/A , N/A,8,stable,-1.3 ,-4.3, 1.6
"Chatham County, North Carolina(2)",37037,Urban,30.5 ,24.1, 38.4,N/A , N/A , N/A,18,stable,-0.8 ,-4.3, 2.9
"Lancaster County, Pennsylvania(2)",42071,Urban,30.5 ,27.9, 33.3,N/A , N/A , N/A,115,stable,0.8 ,-2.6, 8.1
"Stone County, Mississippi(2)",28131,Urban,30.5 ,17, 50.7,N/A , N/A , N/A,3,*,*,*,*
"Erie County, Pennsylvania(2)",42049,Urban,30.5 ,26.8, 34.5,N/A , N/A , N/A,56,stable,1.6 ,-1.8, 10.1
"Camden County, Georgia(7)",13039,Rural,30.5 ,21.9, 41.4,N/A , N/A , N/A,9,stable,-1.3 ,-3.6, 1.5
"Prince Georges County, Maryland(2)",24033,Urban,30.5 ,28.4, 32.6,N/A , N/A , N/A,177,falling,-2.3 ,-3.4, -1.2
"DeKalb County, Georgia(7)",13089,Urban,30.4 ,28.1, 32.9,N/A , N/A , N/A,132,falling,-1.8 ,-2.2, -1.3
"Los Angeles County, California(7)",06037,Urban,30.4 ,29.8, 31.1,N/A , N/A , N/A,1818,stable,-0.7 ,-1.2, 0.2
"Williamson County, Texas(7)",48491,Urban,30.4 ,27.8, 33.3,N/A , N/A , N/A,100,stable,1.5 ,-1.4, 8.2
"Fresno County, California(7)",06019,Urban,30.4 ,28.3, 32.7,N/A , N/A , N/A,155,falling,-1.3 ,-2.2, -0.3
"Washington County, Virginia(2)",51191,Urban,30.4 ,22.9, 39.9,N/A , N/A , N/A,13,stable,-2.7 ,-6.0, 0.3
"Tate County, Mississippi(2)",28137,Urban,30.4 ,19.9, 44.8,N/A , N/A , N/A,6,falling,-3.6 ,-7.2, -0.3
"McLean County, Illinois(7)",17113,Urban,30.4 ,25.4, 36.1,N/A , N/A , N/A,28,falling,-3.0 ,-4.4, -1.6
"Putnam County, Ohio(2)",39137,Rural,30.4 ,20.7, 43.3,N/A , N/A , N/A,7,stable,-3.2 ,-6.8, 0.0
"Franklin County, Pennsylvania(2)",42055,Urban,30.3 ,25.7, 35.7,N/A , N/A , N/A,33,stable,-1.7 ,-3.6, 0.0
"Somerset County, Pennsylvania(2)",42111,Rural,30.3 ,23.9, 38.3,N/A , N/A , N/A,18,falling,-2.5 ,-4.7, -0.7
"Martin County, North Carolina(2)",37117,Rural,30.3 ,19.9, 45.4,N/A , N/A , N/A,6,stable,-1.7 ,-4.2, 0.8
"Warren County, Ohio(2)",39165,Urban,30.3 ,26.4, 34.7,N/A , N/A , N/A,44,stable,-1.7 ,-3.6, 0.2
"Warren County, Pennsylvania(2)",42123,Rural,30.3 ,21.8, 41.6,N/A , N/A , N/A,10,stable,-1.6 ,-4.2, 0.8
"Spotsylvania County, Virginia(2)",51177,Urban,30.3 ,25.1, 36.3,N/A , N/A , N/A,25,stable,-1.4 ,-3.0, 0.2
"Stone County, Missouri(2)",29209,Rural,30.3 ,21.2, 43.1,N/A , N/A , N/A,9,stable,-0.7 ,-5.2, 4.1
"Franklin County, Ohio(2)",39049,Urban,30.3 ,28.5, 32.2,N/A , N/A , N/A,210,falling,-2.0 ,-2.6, -1.4
"Dutchess County, New York(7)",36027,Urban,30.3 ,26.8, 34.1,N/A , N/A , N/A,61,falling,-2.6 ,-3.3, -1.8
"Ingham County, Michigan(2)",26065,Urban,30.3 ,26.5, 34.5,N/A , N/A , N/A,49,falling,-2.3 ,-3.9, -0.8
"Meade County, Kentucky(7)",21163,Urban,30.3 ,19.7, 44.9,N/A , N/A , N/A,5,stable,-3.0 ,-6.9, 0.9
"Kings County, New York(7)",36047,Urban,30.3 ,29.1, 31.5,N/A , N/A , N/A,500,falling,-2.7 ,-3.2, -2.2
"Dona Ana County, New Mexico(7)",35013,Urban,30.3 ,26, 35.1,N/A , N/A , N/A,39,stable,-0.9 ,-1.8, 0.1
"Westmoreland County, Virginia(2)",51193,Rural,30.3 ,17.4, 49.8,N/A , N/A , N/A,4,falling,-3.6 ,-7.1, -0.6
"Wetzel County, West Virginia(2)",54103,Rural,30.3 ,17.3, 50.9,N/A , N/A , N/A,4,stable,-3.4 ,-7.3, 0.0
"Kalamazoo County, Michigan(2)",26077,Urban,30.3 ,26.5, 34.5,N/A , N/A , N/A,48,falling,-2.8 ,-3.9, -1.6
"Bronx County, New York(7)",36005,Urban,30.2 ,28.6, 32,N/A , N/A , N/A,264,stable,0.9 ,-2.7, 4.5
"Milam County, Texas(7)",48331,Rural,30.2 ,19.7, 45,N/A , N/A , N/A,6,stable,-1.3 ,-5.0, 2.4
"Yuma County, Arizona(2)",04027,Urban,30.2 ,25.8, 35.2,N/A , N/A , N/A,38,stable,0.3 ,-1.1, 1.8
"Clay County, North Carolina(2)",37043,Rural,30.2 ,15.1, 57.3,N/A , N/A , N/A,3,*,*,*,*
"Cerro Gordo County, Iowa(7)",19033,Rural,30.2 ,22, 40.8,N/A , N/A , N/A,11,falling,-1.4 ,-2.7, -0.1
"Fluvanna County, Virginia(2)",51065,Urban,30.2 ,19.9, 44.4,N/A , N/A , N/A,6,stable,-3.3 ,-7.9, 1.5
"Elmore County, Alabama(2)",01051,Urban,30.2 ,24, 37.5,N/A , N/A , N/A,17,stable,-1.6 ,-3.4, 0.3
"Westchester County, New York(7)",36119,Urban,30.2 ,28.3, 32.1,N/A , N/A , N/A,212,stable,1.4 ,-1.8, 5.9
"Worcester County, Maryland(2)",24047,Rural,30.1 ,23, 39.3,N/A , N/A , N/A,15,stable,-2.7 ,-6.3, 0.7
"Weld County, Colorado(2)",08123,Urban,30.1 ,26.4, 34.2,N/A , N/A , N/A,49,stable,-1.5 ,-3.0, 0.1
"Appanoose County, Iowa(7)",19007,Rural,30.1 ,17.9, 50.5,N/A , N/A , N/A,4,falling,-3.3 ,-5.0, -1.9
"Knox County, Tennessee(2)",47093,Urban,30.1 ,27.3, 33.1,N/A , N/A , N/A,90,falling,-1.2 ,-2.3, -0.2
"Walton County, Florida(2)",12131,Urban,30.1 ,23.5, 38.2,N/A , N/A , N/A,16,stable,-0.7 ,-3.8, 2.9
"Washington County, Minnesota(2)",27163,Urban,30.1 ,26.4, 34.3,N/A , N/A , N/A,49,falling,-2.1 ,-3.5, -0.7
"Queens County, New York(7)",36081,Urban,30.1 ,28.9, 31.4,N/A , N/A , N/A,476,falling,-2.4 ,-2.8, -2.1
"Putnam County, Indiana(2)",18133,Rural,30.1 ,20.8, 42.6,N/A , N/A , N/A,7,stable,-0.5 ,-4.6, 3.8
"Charleston County, South Carolina(2)",45019,Urban,30.1 ,27.1, 33.4,N/A , N/A , N/A,78,falling,-1.9 ,-3.3, -0.4
"Douglas County, Nevada(2)",32005,Rural,30.1 ,22.6, 40,N/A , N/A , N/A,14,stable,-1.7 ,-4.2, 0.7
"DeKalb County, Alabama(2)",01049,Rural,30.1 ,23.5, 38.1,N/A , N/A , N/A,15,falling,-16.3 ,-33.2, -2.6
"San Miguel County, New Mexico(7)",35047,Rural,30.1 ,19, 45.7,N/A , N/A , N/A,6,falling,-2.2 ,-3.9, -0.5
"Austin County, Texas(7)",48015,Urban,30.1 ,20, 43.8,N/A , N/A , N/A,6,stable,-0.3 ,-3.9, 11.8
"Winnebago County, Wisconsin(2)",55139,Urban,30.1 ,25.4, 35.4,N/A , N/A , N/A,31,falling,-2.5 ,-4.0, -1.1
"Santa Clara County, California(7)",06085,Urban,30.1 ,28.6, 31.6,N/A , N/A , N/A,332,stable,1.0 ,-0.9, 4.8
"Albany County, New York(7)",36001,Urban,30.1 ,26.7, 33.7,N/A , N/A , N/A,65,falling,-3.1 ,-4.2, -2.1
"Rensselaer County, New York(7)",36083,Urban,30 ,25.4, 35.4,N/A , N/A , N/A,32,falling,-3.1 ,-3.8, -2.4
"Rock Island County, Illinois(7)",17161,Urban,30 ,25.3, 35.5,N/A , N/A , N/A,32,falling,-2.4 ,-4.2, -0.7
"Monroe County, Tennessee(2)",47123,Rural,30 ,22, 40.3,N/A , N/A , N/A,10,stable,-2.3 ,-6.1, 1.7
"Webb County, Texas(7)",48479,Urban,30 ,25.8, 34.7,N/A , N/A , N/A,36,stable,0.5 ,-0.7, 1.9
"Buncombe County, North Carolina(2)",37021,Urban,30 ,26.5, 33.8,N/A , N/A , N/A,60,falling,-1.6 ,-3.1, -0.1
"Delaware County, Ohio(2)",39041,Urban,30 ,25.7, 34.8,N/A , N/A , N/A,36,stable,-1.1 ,-2.4, 0.3
"Tuscaloosa County, Alabama(2)",01125,Urban,30 ,25.8, 34.8,N/A , N/A , N/A,37,falling,-2.5 ,-4.9, -0.1
"Ottawa County, Ohio(2)",39123,Urban,30 ,21.5, 41.3,N/A , N/A , N/A,10,stable,-1.1 ,-3.4, 1.2
"Fremont County, Colorado(2)",08043,Rural,30 ,21, 41.9,N/A , N/A , N/A,9,stable,-2.3 ,-7.0, 1.9
"Monroe County, Indiana(2)",18105,Urban,30 ,24.4, 36.5,N/A , N/A , N/A,22,stable,-1.6 ,-3.7, 0.5
"Amador County, California(7)",06005,Rural,30 ,21.3, 41.7,N/A , N/A , N/A,10,stable,-1.8 ,-4.1, 0.5
"Sanilac County, Michigan(2)",26151,Rural,30 ,21.5, 41.1,N/A , N/A , N/A,9,stable,-1.9 ,-4.8, 0.6
"Robertson County, Texas(7)",48395,Urban,30 ,17.4, 48.9,N/A , N/A , N/A,4,stable,-2.1 ,-5.7, 1.1
"Franklin County, Washington(2)",53021,Urban,30 ,22.6, 38.9,N/A , N/A , N/A,12,stable,-2.4 ,-5.2, 0.7
"Erie County, Ohio(2)",39043,Urban,30 ,23.9, 37.4,N/A , N/A , N/A,19,falling,-4.8 ,-12.8, -2.7
"Barnstable County, Massachusetts(2)",25001,Urban,30 ,26.3, 34.1,N/A , N/A , N/A,67,stable,-1.2 ,-10.6, 6.6
"Charles County, Maryland(2)",24017,Urban,30 ,25.3, 35.3,N/A , N/A , N/A,30,falling,-2.3 ,-4.2, -0.3
"Jackson County, North Carolina(2)",37099,Rural,29.9 ,21.1, 41.5,N/A , N/A , N/A,8,stable,-0.8 ,-4.7, 3.2
"Cumberland County, Tennessee(2)",47035,Rural,29.9 ,22.6, 39.1,N/A , N/A , N/A,16,stable,-1.8 ,-5.4, 1.7
"Hawaii County, Hawaii(7)",15001,Rural,29.9 ,25.7, 34.6,N/A , N/A , N/A,42,falling,-2.0 ,-3.5, -0.3
"Suffolk City, Virginia(2)",51800,Urban,29.9 ,23.7, 37.2,N/A , N/A , N/A,17,falling,-3.3 ,-5.1, -1.5
"Garland County, Arkansas(2)",05051,Urban,29.9 ,24.5, 36.3,N/A , N/A , N/A,25,stable,-1.0 ,-3.0, 0.8
"Benton County, Arkansas(2)",05007,Urban,29.9 ,26.2, 34,N/A , N/A , N/A,48,stable,-1.4 ,-2.9, 0.3
"Somerset County, Maine(2)",23025,Rural,29.9 ,22.3, 39.6,N/A , N/A , N/A,12,falling,-2.8 ,-5.2, -0.8
"El Dorado County, California(7)",06017,Urban,29.9 ,25.8, 34.5,N/A , N/A , N/A,44,stable,-1.3 ,-2.8, 0.5
"Pickens County, South Carolina(2)",45077,Urban,29.9 ,24.5, 36.1,N/A , N/A , N/A,24,stable,-0.9 ,-2.6, 0.7
"Fairfield County, Ohio(2)",39045,Urban,29.9 ,25.2, 35.1,N/A , N/A , N/A,30,falling,-4.2 ,-5.4, -3.0
"Washington County, Texas(7)",48477,Rural,29.8 ,20.9, 41.7,N/A , N/A , N/A,8,stable,-2.6 ,-5.2, 0.0
"Linn County, Iowa(7)",19113,Urban,29.8 ,25.8, 34.3,N/A , N/A , N/A,42,falling,-2.1 ,-2.7, -1.5
"Hamilton County, Indiana(2)",18057,Urban,29.8 ,26.4, 33.5,N/A , N/A , N/A,57,stable,-1.0 ,-2.6, 1.0
"Lincoln Parish, Louisiana(7)",22061,Rural,29.8 ,20.9, 41.4,N/A , N/A , N/A,8,falling,-4.1 ,-6.7, -1.8
"Norfolk City, Virginia(2)",51710,Urban,29.8 ,25.5, 34.6,N/A , N/A , N/A,37,falling,-2.7 ,-4.8, -0.9
"Kent County, Michigan(2)",26081,Urban,29.8 ,27.3, 32.5,N/A , N/A , N/A,108,falling,-1.8 ,-3.0, -0.6
"Westmoreland County, Pennsylvania(2)",42129,Urban,29.8 ,26.9, 33,N/A , N/A , N/A,88,falling,-3.0 ,-3.9, -2.2
"Pasquotank County, North Carolina(2)",37139,Rural,29.8 ,20.6, 41.9,N/A , N/A , N/A,7,falling,-3.5 ,-6.1, -1.1
"Clarion County, Pennsylvania(2)",42031,Rural,29.8 ,21.2, 41.2,N/A , N/A , N/A,8,stable,-2.4 ,-7.5, 2.1
"Hidalgo County, Texas(7)",48215,Urban,29.8 ,27.5, 32.2,N/A , N/A , N/A,125,rising,5.7 ,2.4, 11.5
"Marengo County, Alabama(2)",01091,Rural,29.8 ,19.1, 45.5,N/A , N/A , N/A,5,stable,-0.9 ,-4.9, 2.9
"Rockingham County, Virginia(2)",51165,Urban,29.8 ,23.6, 37.2,N/A , N/A , N/A,17,stable,-0.9 ,-3.6, 1.9
"Lee County, South Carolina(2)",45061,Rural,29.8 ,16.9, 49.7,N/A , N/A , N/A,4,falling,-5.1 ,-9.1, -2.2
"Essex County, New York(7)",36031,Rural,29.8 ,21.4, 41.1,N/A , N/A , N/A,10,falling,-3.4 ,-6.1, -0.9
"Randall County, Texas(7)",48381,Urban,29.7 ,24.7, 35.5,N/A , N/A , N/A,26,stable,3.0 ,-0.3, 13.4
"Barbour County, Alabama(2)",01005,Rural,29.7 ,19, 45.2,N/A , N/A , N/A,5,stable,-1.5 ,-6.9, 3.4
"Wythe County, Virginia(2)",51197,Rural,29.7 ,20.1, 43.2,N/A , N/A , N/A,7,stable,-0.6 ,-3.9, 2.8
"New Madrid County, Missouri(2)",29143,Rural,29.7 ,17.4, 48.4,N/A , N/A , N/A,4,*,*,*,*
"Edgecombe County, North Carolina(2)",37065,Urban,29.7 ,21.7, 39.9,N/A , N/A , N/A,11,stable,-2.5 ,-5.4, 0.1
"Athens County, Ohio(2)",39009,Rural,29.7 ,21.6, 40,N/A , N/A , N/A,10,stable,-2.5 ,-5.2, 0.1
"Hennepin County, Minnesota(2)",27053,Urban,29.7 ,27.9, 31.5,N/A , N/A , N/A,224,falling,-1.6 ,-2.1, -1.1
"Hays County, Texas(7)",48209,Urban,29.7 ,25.3, 34.6,N/A , N/A , N/A,34,stable,-0.8 ,-2.8, 1.9
"Putnam County, New York(7)",36079,Urban,29.7 ,24, 36.4,N/A , N/A , N/A,20,falling,-2.7 ,-4.3, -1.0
"Mohave County, Arizona(2)",04015,Urban,29.7 ,25.9, 33.9,N/A , N/A , N/A,60,falling,-2.7 ,-4.4, -1.2
"Ward County, North Dakota(2)",38101,Urban,29.6 ,22, 39.1,N/A , N/A , N/A,11,stable,-20.2 ,-40.6, 2.5
"Hampden County, Massachusetts(2)",25013,Urban,29.6 ,26.9, 32.6,N/A , N/A , N/A,91,stable,1.5 ,-1.4, 3.5
"New London County, Connecticut(7)",09011,Urban,29.6 ,26, 33.6,N/A , N/A , N/A,55,falling,-2.9 ,-3.6, -2.4
"Mecklenburg County, Virginia(2)",51117,Rural,29.6 ,20.8, 41.8,N/A , N/A , N/A,9,stable,-1.2 ,-5.7, 3.3
"Garfield County, Colorado(2)",08045,Rural,29.6 ,21.7, 39.5,N/A , N/A , N/A,10,stable,0.3 ,-4.2, 13.1
"Sarasota County, Florida(2)",12115,Urban,29.6 ,26.8, 32.6,N/A , N/A , N/A,137,stable,2.2 ,-0.9, 10.9
"Bledsoe County, Tennessee(2)",47007,Rural,29.6 ,16.6, 51.7,N/A , N/A , N/A,3,*,*,*,*
"Kerr County, Texas(7)",48265,Rural,29.6 ,22, 39.2,N/A , N/A , N/A,13,stable,-0.3 ,-3.6, 3.3
"Geauga County, Ohio(2)",39055,Urban,29.6 ,23.9, 36.4,N/A , N/A , N/A,22,stable,-1.4 ,-3.7, 0.9
"Dakota County, Minnesota(2)",27037,Urban,29.6 ,26.6, 32.7,N/A , N/A , N/A,78,falling,-2.8 ,-4.3, -1.2
"Crawford County, Wisconsin(2)",55023,Rural,29.5 ,16.4, 50.5,N/A , N/A , N/A,4,stable,-0.9 ,-7.0, 5.0
"Allen County, Indiana(2)",18003,Urban,29.5 ,26.4, 32.9,N/A , N/A , N/A,69,falling,-2.7 ,-3.8, -1.6
"Goochland County, Virginia(2)",51075,Urban,29.5 ,18.9, 44.9,N/A , N/A , N/A,6,stable,-0.7 ,-4.4, 3.4
"Pierce County, Georgia(7)",13229,Rural,29.5 ,17.2, 47.7,N/A , N/A , N/A,4,stable,-3.1 ,-7.9, 2.0
"Davidson County, Tennessee(2)",47037,Urban,29.5 ,27, 32.1,N/A , N/A , N/A,111,falling,-2.2 ,-2.9, -1.5
"Alexander County, North Carolina(2)",37003,Urban,29.5 ,20.8, 41.1,N/A , N/A , N/A,8,stable,-2.2 ,-5.4, 0.9
"St. Clair County, Illinois(7)",17163,Urban,29.5 ,25.8, 33.5,N/A , N/A , N/A,51,falling,-3.5 ,-4.7, -2.5
"Dyer County, Tennessee(2)",47045,Rural,29.5 ,20.5, 41.3,N/A , N/A , N/A,7,stable,-2.0 ,-5.1, 1.0
"Clackamas County, Oregon(2)",41005,Urban,29.5 ,26.6, 32.6,N/A , N/A , N/A,84,falling,-2.0 ,-3.0, -1.1
"LaGrange County, Indiana(2)",18087,Rural,29.5 ,19.7, 42.3,N/A , N/A , N/A,6,falling,-4.2 ,-7.0, -1.8
"Holmes County, Florida(2)",12059,Rural,29.4 ,16.4, 49.1,N/A , N/A , N/A,4,rising,4.9 ,1.2, 9.7
"Hillsborough County, New Hampshire(2)",33011,Urban,29.4 ,26.5, 32.6,N/A , N/A , N/A,79,falling,-3.3 ,-4.9, -1.9
"York County, South Carolina(2)",45091,Urban,29.4 ,25.7, 33.4,N/A , N/A , N/A,49,falling,-3.4 ,-4.9, -1.9
"Santa Barbara County, California(7)",06083,Urban,29.4 ,26.4, 32.6,N/A , N/A , N/A,79,falling,-1.2 ,-1.9, -0.6
"Bradley County, Tennessee(2)",47011,Urban,29.4 ,23.9, 35.8,N/A , N/A , N/A,21,stable,-1.2 ,-3.8, 1.3
"Beadle County, South Dakota(2)",46005,Rural,29.3 ,16.9, 47.9,N/A , N/A , N/A,4,stable,-3.0 ,-6.8, 0.2
"Uintah County, Utah(7)",49047,Rural,29.3 ,18.8, 43.7,N/A , N/A , N/A,5,stable,0.5 ,-1.4, 3.0
"Oceana County, Michigan(2)",26127,Rural,29.3 ,18.9, 44.2,N/A , N/A , N/A,5,stable,-2.7 ,-6.6, 0.9
"Morgan County, Ohio(2)",39115,Rural,29.3 ,16.6, 50,N/A , N/A , N/A,3,falling,-6.0 ,-11.3, -2.2
"El Paso County, Texas(7)",48141,Urban,29.3 ,27.1, 31.6,N/A , N/A , N/A,136,stable,0.7 ,-1.2, 6.7
"Wilson County, Tennessee(2)",47189,Urban,29.3 ,24.5, 34.9,N/A , N/A , N/A,27,stable,-2.1 ,-4.3, 0.2
"Crisp County, Georgia(7)",13081,Rural,29.3 ,17.6, 46.3,N/A , N/A , N/A,4,stable,-0.9 ,-4.7, 2.9
"King County, Washington(7)",53033,Urban,29.3 ,27.9, 30.7,N/A , N/A , N/A,365,stable,-0.3 ,-1.9, 2.7
"Jefferson County, Colorado(2)",08059,Urban,29.3 ,26.8, 31.9,N/A , N/A , N/A,109,falling,-1.7 ,-2.5, -0.9
"Taylor County, West Virginia(2)",54091,Rural,29.2 ,15.9, 50,N/A , N/A , N/A,3,stable,-2.5 ,-6.3, 1.1
"Chester County, South Carolina(2)",45023,Urban,29.2 ,20.2, 41.5,N/A , N/A , N/A,7,stable,-1.4 ,-4.2, 4.6
"Drew County, Arkansas(2)",05043,Rural,29.2 ,17, 47.7,N/A , N/A , N/A,4,stable,-1.5 ,-6.1, 3.0
"St. Bernard Parish, Louisiana(7)",22087,Urban,29.2 ,19.9, 41.3,N/A , N/A , N/A,7,stable,-0.8 ,-3.9, 1.5
"Lafayette County, Wisconsin(2)",55065,Rural,29.2 ,16.7, 48.5,N/A , N/A , N/A,4,stable,-3.3 ,-7.8, 0.7
"Harrison County, Ohio(2)",39067,Rural,29.2 ,17.7, 47.8,N/A , N/A , N/A,4,stable,8.3 ,-3.4, 65.6
"Howard County, Maryland(2)",24027,Urban,29.2 ,25.9, 32.8,N/A , N/A , N/A,58,falling,-2.2 ,-3.5, -0.8
"Monroe County, Illinois(7)",17133,Urban,29.2 ,19.7, 42,N/A , N/A , N/A,7,stable,12.5 ,-5.2, 35.1
"Pierce County, Wisconsin(2)",55093,Urban,29.2 ,20, 41.2,N/A , N/A , N/A,7,stable,-0.6 ,-3.5, 2.7
"Coffee County, Georgia(7)",13069,Rural,29.2 ,20.5, 40.4,N/A , N/A , N/A,8,stable,-2.1 ,-5.7, 1.5
"Union County, North Carolina(2)",37179,Urban,29.1 ,25.2, 33.6,N/A , N/A , N/A,40,falling,-2.3 ,-4.1, -0.3
"Mecklenburg County, North Carolina(2)",37119,Urban,29.1 ,27.2, 31.2,N/A , N/A , N/A,171,falling,-1.8 ,-2.8, -0.8
"Wyandot County, Ohio(2)",39175,Rural,29.1 ,18.4, 44.7,N/A , N/A , N/A,5,stable,0.0 ,-5.2, 5.9
"Manitowoc County, Wisconsin(2)",55071,Rural,29.1 ,22.9, 36.6,N/A , N/A , N/A,18,falling,-2.2 ,-4.0, -0.6
"Comal County, Texas(7)",48091,Urban,29.1 ,24.6, 34.2,N/A , N/A , N/A,32,stable,-1.1 ,-3.1, 1.4
"Summit County, Utah(7)",49043,Rural,29.1 ,19.4, 42.1,N/A , N/A , N/A,6,*,*,*,*
"Hancock County, Indiana(2)",18059,Urban,29.1 ,22.8, 36.8,N/A , N/A , N/A,15,stable,-2.5 ,-5.5, 0.5
"Ada County, Idaho(7)",16001,Urban,29.1 ,26.3, 32.1,N/A , N/A , N/A,83,falling,-1.4 ,-2.2, -0.5
"Spokane County, Washington(2)",53063,Urban,29.1 ,26.5, 31.9,N/A , N/A , N/A,97,falling,-2.3 ,-3.2, -1.4
"Virginia Beach City, Virginia(2)",51810,Urban,29.1 ,26.2, 32.2,N/A , N/A , N/A,80,falling,-2.2 ,-3.5, -1.1
"Cleveland County, Oklahoma(2)",40027,Urban,29.1 ,25.4, 33.1,N/A , N/A , N/A,48,falling,-2.4 ,-3.7, -1.2
"Lewis and Clark County, Montana(2)",30049,Urban,29.1 ,22.2, 37.5,N/A , N/A , N/A,14,stable,-1.3 ,-3.8, 1.1
"Alexandria City, Virginia(2)",51510,Urban,29.1 ,24, 34.9,N/A , N/A , N/A,24,stable,6.2 ,-2.5, 19.6
"Multnomah County, Oregon(2)",41051,Urban,29 ,26.8, 31.4,N/A , N/A , N/A,130,falling,-2.1 ,-3.0, -1.3
"Vilas County, Wisconsin(2)",55125,Rural,29 ,18.9, 44.6,N/A , N/A , N/A,7,stable,-4.9 ,-26.5, 1.1
"Rio Arriba County, New Mexico(7)",35039,Rural,29 ,20.6, 40.2,N/A , N/A , N/A,9,stable,0.0 ,-1.1, 1.5
"Fort Bend County, Texas(7)",48157,Urban,29 ,26.7, 31.5,N/A , N/A , N/A,126,stable,7.5 ,-0.7, 13.4
"New Castle County, Delaware(2)",10003,Urban,29 ,26.6, 31.7,N/A , N/A , N/A,108,falling,-2.4 ,-3.4, -1.5
"Mecosta County, Michigan(2)",26107,Rural,29 ,19.7, 41.4,N/A , N/A , N/A,7,stable,-1.2 ,-3.6, 1.1
"Brown County, Indiana(2)",18013,Urban,29 ,16, 50,N/A , N/A , N/A,3,stable,-0.9 ,-6.7, 5.3
"Carroll County, Ohio(2)",39019,Urban,29 ,18.7, 43.5,N/A , N/A , N/A,6,falling,-3.3 ,-6.4, -0.8
"Yolo County, California(7)",06113,Urban,29 ,24.6, 33.9,N/A , N/A , N/A,32,stable,-1.7 ,-3.3, 0.1
"Taos County, New Mexico(7)",35055,Rural,29 ,20.4, 40.6,N/A , N/A , N/A,9,falling,-1.6 ,-4.5, -0.3
"McMinn County, Tennessee(2)",47107,Rural,28.9 ,21.9, 37.9,N/A , N/A , N/A,12,falling,-4.4 ,-13.9, -0.6
"Delta County, Michigan(2)",26041,Rural,28.9 ,20.3, 40.5,N/A , N/A , N/A,9,stable,-2.9 ,-7.3, 0.7
"Plymouth County, Massachusetts(2)",25023,Urban,28.9 ,26.4, 31.6,N/A , N/A , N/A,107,falling,-3.5 ,-4.6, -2.5
"Cumberland County, Maine(2)",23005,Urban,28.9 ,25.7, 32.5,N/A , N/A , N/A,63,falling,-2.5 ,-4.2, -1.1
"Stearns County, Minnesota(2)",27145,Urban,28.9 ,24.1, 34.5,N/A , N/A , N/A,27,falling,-1.9 ,-3.8, -0.1
"Saline County, Illinois(7)",17165,Rural,28.9 ,19.3, 42.7,N/A , N/A , N/A,6,falling,-3.4 ,-5.8, -1.4
"St. Charles County, Missouri(2)",29183,Urban,28.9 ,25.9, 32.1,N/A , N/A , N/A,74,stable,-0.7 ,-2.9, 6.8
"Saline County, Arkansas(2)",05125,Urban,28.9 ,23.7, 34.9,N/A , N/A , N/A,23,falling,-1.9 ,-3.6, -0.2
"Benton County, Minnesota(2)",27009,Urban,28.9 ,19.7, 40.9,N/A , N/A , N/A,7,stable,-1.0 ,-4.1, 2.1
"Culpeper County, Virginia(2)",51047,Urban,28.9 ,21.1, 38.6,N/A , N/A , N/A,10,falling,-4.9 ,-7.7, -2.3
"Oldham County, Kentucky(7)",21185,Urban,28.9 ,21.6, 37.9,N/A , N/A , N/A,11,falling,-2.7 ,-5.0, -0.1
"Cass County, Minnesota(2)",27021,Rural,28.8 ,19.5, 42,N/A , N/A , N/A,7,falling,-5.1 ,-7.9, -2.7
"Windham County, Vermont(2)",50025,Rural,28.8 ,21.4, 38.6,N/A , N/A , N/A,11,stable,-1.2 ,-4.2, 2.0
"Sweetwater County, Wyoming(2)",56037,Rural,28.8 ,19.3, 41.4,N/A , N/A , N/A,6,falling,-3.1 ,-6.2, -0.1
"Lea County, New Mexico(7)",35025,Rural,28.8 ,21.1, 38.3,N/A , N/A , N/A,10,stable,-1.0 ,-2.8, 0.7
"Providence County, Rhode Island(2)",44007,Urban,28.8 ,26.5, 31.3,N/A , N/A , N/A,121,falling,-3.1 ,-3.9, -2.4
"Rankin County, Mississippi(2)",28121,Urban,28.8 ,24.2, 34,N/A , N/A , N/A,29,falling,-2.4 ,-3.8, -0.9
"Alameda County, California(7)",06001,Urban,28.8 ,27.3, 30.3,N/A , N/A , N/A,288,stable,-0.3 ,-1.6, 2.8
"Worcester County, Massachusetts(2)",25027,Urban,28.8 ,26.7, 30.9,N/A , N/A , N/A,158,falling,-2.8 ,-3.5, -2.1
"Kalkaska County, Michigan(2)",26079,Urban,28.8 ,16.5, 47.7,N/A , N/A , N/A,4,stable,-1.9 ,-5.6, 1.8
"Sullivan County, New York(7)",36105,Rural,28.7 ,22.3, 36.5,N/A , N/A , N/A,15,falling,-3.0 ,-4.2, -2.0
"Stark County, Ohio(2)",39151,Urban,28.7 ,25.8, 31.9,N/A , N/A , N/A,79,stable,-0.6 ,-2.9, 6.4
"Pend Oreille County, Washington(2)",53051,Rural,28.7 ,15.6, 50.9,N/A , N/A , N/A,3,stable,-3.9 ,-9.9, 1.3
"Orange County, California(7)",06059,Urban,28.7 ,27.6, 29.8,N/A , N/A , N/A,560,stable,0.4 ,-1.1, 3.7
"Wells County, Indiana(2)",18179,Urban,28.7 ,18.4, 43,N/A , N/A , N/A,6,stable,-2.3 ,-5.8, 0.8
"Laurens County, Georgia(7)",13175,Rural,28.7 ,20.6, 39,N/A , N/A , N/A,9,falling,-3.9 ,-5.5, -2.4
"Obion County, Tennessee(2)",47131,Rural,28.7 ,19.5, 41.3,N/A , N/A , N/A,7,falling,-3.3 ,-6.2, -0.9
"Berkeley County, South Carolina(2)",45015,Urban,28.7 ,24.7, 33.2,N/A , N/A , N/A,39,falling,-5.5 ,-13.0, -1.4
"Greenville County, South Carolina(2)",45045,Urban,28.7 ,26.1, 31.5,N/A , N/A , N/A,96,falling,-1.8 ,-3.1, -0.4
"Otsego County, Michigan(2)",26137,Rural,28.7 ,18.7, 43,N/A , N/A , N/A,6,stable,-2.1 ,-6.0, 1.7
"Warrick County, Indiana(2)",18173,Urban,28.7 ,21.7, 37.3,N/A , N/A , N/A,12,stable,-2.5 ,-5.2, 0.1
"Carteret County, North Carolina(2)",37031,Rural,28.7 ,22.3, 36.6,N/A , N/A , N/A,17,stable,-1.6 ,-3.4, 0.1
"Orange County, Vermont(2)",50017,Rural,28.7 ,18.3, 43.1,N/A , N/A , N/A,5,stable,-1.0 ,-5.0, 3.0
"Grafton County, New Hampshire(2)",33009,Rural,28.6 ,23, 35.5,N/A , N/A , N/A,20,stable,8.7 ,-2.6, 18.1
"Utah County, Utah(7)",49049,Urban,28.6 ,25.6, 32,N/A , N/A , N/A,65,stable,-0.8 ,-1.6, 0.3
"Kent County, Maryland(2)",24029,Rural,28.6 ,16.8, 46.8,N/A , N/A , N/A,5,stable,-3.1 ,-8.3, 1.3
"Douglas County, Oregon(2)",41019,Rural,28.6 ,23.4, 34.8,N/A , N/A , N/A,26,falling,-2.4 ,-4.5, -0.5
"Marathon County, Wisconsin(2)",55073,Urban,28.6 ,23.7, 34.3,N/A , N/A , N/A,26,stable,-1.5 ,-3.7, 0.5
"Brazos County, Texas(7)",48041,Urban,28.6 ,23.9, 34,N/A , N/A , N/A,27,falling,-1.8 ,-3.0, -0.5
"San Juan County, Washington(7)",53055,Rural,28.6 ,16.7, 47.9,N/A , N/A , N/A,5,*,*,*,*
"Wise County, Virginia(2)",51195,Rural,28.6 ,19.2, 41.3,N/A , N/A , N/A,7,falling,-6.1 ,-9.8, -3.6
"Carroll County, New Hampshire(2)",33003,Rural,28.6 ,21.3, 38.2,N/A , N/A , N/A,13,falling,-4.0 ,-6.2, -2.1
"Beaver County, Pennsylvania(2)",42007,Urban,28.6 ,24.5, 33.3,N/A , N/A , N/A,39,falling,-2.4 ,-3.9, -1.0
"Warren County, Missouri(2)",29219,Urban,28.6 ,19.3, 41.1,N/A , N/A , N/A,7,falling,-4.9 ,-8.3, -2.0
"St. Joseph County, Indiana(2)",18141,Urban,28.6 ,25, 32.6,N/A , N/A , N/A,48,falling,-3.2 ,-4.3, -2.2
"Frederick County, Maryland(2)",24021,Urban,28.6 ,25, 32.5,N/A , N/A , N/A,47,falling,-3.8 ,-5.5, -2.3
"Marin County, California(7)",06041,Urban,28.5 ,25.1, 32.3,N/A , N/A , N/A,60,falling,-1.8 ,-2.4, -1.1
"Nicollet County, Minnesota(2)",27103,Urban,28.5 ,18.3, 42.4,N/A , N/A , N/A,6,falling,-3.6 ,-7.5, -0.1
"Colonial Heights City, Virginia(2)",51570,Urban,28.5 ,16.6, 46.2,N/A , N/A , N/A,4,falling,-3.6 ,-7.5, -0.3
"Washington County, Oregon(2)",41067,Urban,28.5 ,26, 31.2,N/A , N/A , N/A,96,rising,5.7 ,1.5, 10.7
"McCracken County, Kentucky(7)",21145,Urban,28.5 ,21.6, 37,N/A , N/A , N/A,13,falling,-3.8 ,-6.0, -1.9
"Taylor County, Wisconsin(2)",55119,Rural,28.5 ,17.4, 45.2,N/A , N/A , N/A,4,*,*,*,*
"Allegan County, Michigan(2)",26005,Rural,28.5 ,23.1, 34.8,N/A , N/A , N/A,21,stable,-2.0 ,-4.5, 0.2
"Sutter County, California(7)",06101,Urban,28.5 ,22.5, 35.6,N/A , N/A , N/A,16,stable,-1.6 ,-3.6, 5.2
"Auglaize County, Ohio(2)",39011,Rural,28.5 ,20.5, 38.8,N/A , N/A , N/A,9,stable,-3.3 ,-7.4, 0.2
"Canadian County, Oklahoma(2)",40017,Urban,28.5 ,23.5, 34.1,N/A , N/A , N/A,24,falling,-3.2 ,-5.2, -1.2
"Dallas County, Iowa(7)",19049,Urban,28.4 ,22.3, 35.8,N/A , N/A , N/A,15,falling,-4.1 ,-8.9, -2.9
"Hampshire County, Massachusetts(2)",25015,Urban,28.4 ,23.7, 33.9,N/A , N/A , N/A,29,stable,-1.3 ,-3.2, 0.5
"Lake County, Montana(2)",30047,Rural,28.4 ,19.3, 41,N/A , N/A , N/A,7,falling,-4.4 ,-7.8, -1.3
"Burleigh County, North Dakota(2)",38015,Urban,28.4 ,22.4, 35.5,N/A , N/A , N/A,17,stable,-1.4 ,-3.5, 0.7
"Goodhue County, Minnesota(2)",27049,Rural,28.4 ,20.8, 38.1,N/A , N/A , N/A,10,falling,-3.1 ,-5.7, -0.9
"Marquette County, Michigan(2)",26103,Rural,28.4 ,21.1, 37.4,N/A , N/A , N/A,11,stable,-1.5 ,-4.1, 0.9
"Lincoln County, North Carolina(2)",37109,Urban,28.4 ,22.3, 35.7,N/A , N/A , N/A,16,falling,-2.7 ,-4.7, -0.8
"Dunn County, Wisconsin(2)",55033,Rural,28.3 ,19.6, 39.8,N/A , N/A , N/A,7,stable,-1.3 ,-4.9, 2.1
"Middlesex County, Connecticut(7)",09007,Urban,28.3 ,24.1, 33.2,N/A , N/A , N/A,37,falling,-1.9 ,-2.9, -1.0
"Denver County, Colorado(2)",08031,Urban,28.3 ,25.9, 31,N/A , N/A , N/A,100,falling,-1.5 ,-2.9, -0.2
"Pinal County, Arizona(2)",04021,Urban,28.3 ,25.5, 31.4,N/A , N/A , N/A,82,stable,-1.6 ,-3.2, 0.3
"Weber County, Utah(7)",49057,Urban,28.3 ,24.2, 32.9,N/A , N/A , N/A,35,stable,-0.8 ,-1.8, 0.3
"Windsor County, Vermont(2)",50027,Rural,28.3 ,21.5, 37,N/A , N/A , N/A,14,stable,-0.8 ,-3.3, 1.6
"Pima County, Arizona(2)",04019,Urban,28.3 ,26.5, 30.2,N/A , N/A , N/A,210,falling,-1.7 ,-2.3, -1.1
"San Francisco County, California(7)",06075,Urban,28.3 ,26.2, 30.4,N/A , N/A , N/A,154,stable,3.1 ,-2.8, 7.0
"Louisa County, Virginia(2)",51109,Rural,28.2 ,19.5, 40,N/A , N/A , N/A,8,stable,-2.9 ,-6.1, 0.3
"Palm Beach County, Florida(2)",12099,Urban,28.2 ,26.8, 29.7,N/A , N/A , N/A,360,stable,-0.4 ,-1.6, 2.7
"Horry County, South Carolina(2)",45051,Urban,28.2 ,25.2, 31.5,N/A , N/A , N/A,79,falling,-2.4 ,-3.5, -1.3
"Okaloosa County, Florida(2)",12091,Urban,28.2 ,24.1, 32.9,N/A , N/A , N/A,36,falling,-2.0 ,-3.6, -0.3
"Placer County, California(7)",06061,Urban,28.2 ,25.4, 31.2,N/A , N/A , N/A,84,falling,-1.8 ,-2.8, -0.6
"Forsyth County, North Carolina(2)",37067,Urban,28.2 ,25.2, 31.4,N/A , N/A , N/A,70,falling,-2.1 ,-3.1, -1.1
"Clay County, Minnesota(2)",27027,Urban,28.2 ,20.7, 37.6,N/A , N/A , N/A,10,stable,-3.2 ,-6.8, 0.0
"Cumberland County, North Carolina(2)",37051,Urban,28.2 ,24.8, 31.9,N/A , N/A , N/A,51,stable,-0.2 ,-3.2, 7.3
"Eau Claire County, Wisconsin(2)",55035,Urban,28.2 ,22.5, 34.9,N/A , N/A , N/A,18,stable,-2.0 ,-4.2, 0.2
"Olmsted County, Minnesota(2)",27109,Urban,28.2 ,23.5, 33.5,N/A , N/A , N/A,28,stable,-1.2 ,-3.0, 0.7
"St. Clair County, Alabama(2)",01115,Urban,28.2 ,22.5, 35,N/A , N/A , N/A,18,stable,-1.4 ,-3.0, 0.3
"Wapello County, Iowa(7)",19179,Rural,28.1 ,18.6, 41,N/A , N/A , N/A,6,falling,-2.8 ,-10.0, -1.3
"Unicoi County, Tennessee(2)",47171,Urban,28.1 ,17.1, 45.3,N/A , N/A , N/A,4,stable,-0.9 ,-4.4, 2.6
"Union County, Ohio(2)",39159,Urban,28.1 ,20.6, 37.5,N/A , N/A , N/A,10,stable,-3.3 ,-6.9, 0.2
"Linn County, Oregon(2)",41043,Urban,28.1 ,23.1, 33.9,N/A , N/A , N/A,24,falling,-3.2 ,-5.0, -1.7
"Kennebec County, Maine(2)",23011,Rural,28.1 ,23.3, 33.7,N/A , N/A , N/A,26,falling,-3.1 ,-4.9, -1.6
"Ripley County, Indiana(2)",18137,Rural,28.1 ,18.4, 41.6,N/A , N/A , N/A,6,falling,-3.0 ,-6.0, -0.2
"Curry County, New Mexico(7)",35009,Rural,28.1 ,19.3, 39.4,N/A , N/A , N/A,7,stable,0.2 ,-1.5, 2.1
"Steuben County, Indiana(2)",18151,Rural,28 ,19.6, 39.5,N/A , N/A , N/A,8,stable,-2.7 ,-7.0, 1.3
"Blaine County, Idaho(7)",16013,Rural,28 ,17, 44.1,N/A , N/A , N/A,4,*,*,*,*
"Wayne County, Pennsylvania(2)",42127,Rural,28 ,20.2, 38.2,N/A , N/A , N/A,11,falling,-4.0 ,-6.9, -1.5
"Arapahoe County, Colorado(2)",08005,Urban,28 ,25.6, 30.6,N/A , N/A , N/A,103,stable,-3.5 ,-9.1, 0.3
"Burnet County, Texas(7)",48053,Rural,28 ,20.2, 38,N/A , N/A , N/A,10,stable,-1.5 ,-3.9, 1.1
"Pulaski County, Virginia(2)",51155,Urban,28 ,19.2, 40,N/A , N/A , N/A,8,stable,-1.5 ,-4.3, 1.1
"Darke County, Ohio(2)",39037,Rural,28 ,21.1, 36.7,N/A , N/A , N/A,12,stable,-6.7 ,-12.6, 7.9
"Sampson County, North Carolina(2)",37163,Rural,28 ,21, 36.6,N/A , N/A , N/A,12,stable,-0.8 ,-3.4, 1.7
"Lee County, Florida(2)",12071,Urban,27.9 ,25.9, 30.1,N/A , N/A , N/A,184,stable,-0.9 ,-1.7, 2.3
"Antrim County, Michigan(2)",26009,Rural,27.9 ,17.9, 42.9,N/A , N/A , N/A,6,falling,-5.7 ,-10.2, -2.1
"Montgomery County, Virginia(2)",51121,Urban,27.9 ,21.6, 35.4,N/A , N/A , N/A,14,stable,-2.5 ,-5.3, 0.1
"Seminole County, Oklahoma(2)",40133,Rural,27.9 ,17.8, 42.2,N/A , N/A , N/A,5,falling,-4.0 ,-7.4, -1.3
"Morton County, North Dakota(2)",38059,Urban,27.8 ,18, 41.3,N/A , N/A , N/A,5,stable,-2.1 ,-6.4, 2.0
"Yancey County, North Carolina(2)",37199,Rural,27.8 ,15.8, 46.4,N/A , N/A , N/A,4,falling,-4.0 ,-8.4, -0.4
"Madison County, Georgia(7)",13195,Urban,27.8 ,18.1, 41.3,N/A , N/A , N/A,5,stable,-1.7 ,-4.7, 1.6
"Nye County, Nevada(2)",32023,Rural,27.8 ,20.2, 37.8,N/A , N/A , N/A,12,stable,-1.7 ,-5.6, 2.0
"Bristol County, Massachusetts(2)",25005,Urban,27.8 ,25.5, 30.4,N/A , N/A , N/A,109,falling,-2.8 ,-3.5, -2.2
"Washoe County, Nevada(2)",32031,Urban,27.8 ,25, 30.8,N/A , N/A , N/A,79,falling,-2.5 ,-3.5, -1.5
"Tuolumne County, California(7)",06109,Rural,27.8 ,20.8, 36.9,N/A , N/A , N/A,13,falling,-2.9 ,-5.4, -0.8
"Yavapai County, Arizona(2)",04025,Urban,27.8 ,24.2, 31.9,N/A , N/A , N/A,62,falling,-2.4 ,-4.0, -0.9
"El Paso County, Colorado(2)",08041,Urban,27.8 ,25.4, 30.3,N/A , N/A , N/A,106,falling,-1.9 ,-2.7, -1.0
"Ashtabula County, Ohio(2)",39007,Urban,27.8 ,22.2, 34.4,N/A , N/A , N/A,19,falling,-3.2 ,-5.0, -1.6
"Iron County, Utah(7)",49021,Rural,27.8 ,19.5, 38.4,N/A , N/A , N/A,8,stable,-1.2 ,-2.8, 0.8
"Clarke County, Virginia(2)",51043,Urban,27.8 ,15.3, 48,N/A , N/A , N/A,3,falling,-4.7 ,-8.8, -1.2
"Siskiyou County, California(7)",06093,Rural,27.7 ,20, 38,N/A , N/A , N/A,10,falling,-2.5 ,-4.3, -0.8
"Washtenaw County, Michigan(2)",26161,Urban,27.7 ,24.6, 31.2,N/A , N/A , N/A,59,stable,6.4 ,-3.9, 14.0
"Whatcom County, Washington(7)",53073,Urban,27.7 ,23.8, 32.1,N/A , N/A , N/A,38,falling,-2.1 ,-2.8, -1.3
"Boulder County, Colorado(2)",08013,Urban,27.7 ,24.4, 31.4,N/A , N/A , N/A,53,falling,-1.8 ,-3.3, -0.3
"Pitt County, North Carolina(2)",37147,Urban,27.7 ,23.1, 32.9,N/A , N/A , N/A,27,falling,-2.3 ,-3.8, -0.8
"Bernalillo County, New Mexico(7)",35001,Urban,27.7 ,25.4, 30.1,N/A , N/A , N/A,119,falling,-1.1 ,-1.6, -0.6
"Williamson County, Tennessee(2)",47187,Urban,27.7 ,23.8, 31.9,N/A , N/A , N/A,39,falling,-2.4 ,-4.1, -0.6
"Polk County, Wisconsin(2)",55095,Rural,27.6 ,20.3, 37.3,N/A , N/A , N/A,10,stable,-1.6 ,-3.4, 0.2
"Stafford County, Virginia(2)",51179,Urban,27.6 ,22.4, 33.6,N/A , N/A , N/A,21,falling,-2.2 ,-4.1, -0.1
"Floyd County, Indiana(2)",18043,Urban,27.6 ,21.4, 35,N/A , N/A , N/A,15,stable,-2.1 ,-5.4, 1.0
"Maricopa County, Arizona(2)",04013,Urban,27.6 ,26.7, 28.5,N/A , N/A , N/A,735,falling,-1.6 ,-2.0, -0.6
"Platte County, Missouri(2)",29165,Urban,27.6 ,22.1, 34,N/A , N/A , N/A,19,stable,3.5 ,-2.7, 17.4
"Cedar County, Missouri(2)",29039,Rural,27.5 ,16, 46.4,N/A , N/A , N/A,4,*,*,*,*
"Montgomery County, Illinois(7)",17135,Rural,27.5 ,17.7, 41.5,N/A , N/A , N/A,6,stable,-2.2 ,-5.4, 0.6
"Catawba County, North Carolina(2)",37035,Urban,27.5 ,23.2, 32.5,N/A , N/A , N/A,31,falling,-2.4 ,-3.9, -1.0
"Orange County, North Carolina(2)",37135,Urban,27.5 ,22.6, 33.2,N/A , N/A , N/A,23,falling,-2.4 ,-7.7, -0.8
"Pittsylvania County, Virginia(2)",51143,Rural,27.5 ,20.9, 35.8,N/A , N/A , N/A,14,falling,-2.0 ,-4.1, -0.2
"San Mateo County, California(7)",06081,Urban,27.5 ,25.4, 29.7,N/A , N/A , N/A,137,falling,-2.3 ,-2.8, -1.9
"Montgomery County, Maryland(2)",24031,Urban,27.4 ,25.7, 29.3,N/A , N/A , N/A,189,stable,0.7 ,-0.7, 3.8
"Litchfield County, Connecticut(7)",09005,Rural,27.4 ,23.5, 31.9,N/A , N/A , N/A,40,falling,-2.8 ,-3.5, -2.2
"Susquehanna County, Pennsylvania(2)",42115,Rural,27.4 ,20.4, 37,N/A , N/A , N/A,10,falling,-3.1 ,-6.4, -0.2
"Somerset County, Maryland(2)",24039,Urban,27.4 ,16.4, 43.8,N/A , N/A , N/A,4,stable,-1.8 ,-5.3, 1.5
"Daviess County, Indiana(2)",18027,Rural,27.4 ,17.6, 40.8,N/A , N/A , N/A,5,falling,-2.9 ,-6.0, -0.1
"Mesa County, Colorado(2)",08077,Urban,27.4 ,22.9, 32.6,N/A , N/A , N/A,29,stable,-1.4 ,-3.5, 0.6
"Hamblen County, Tennessee(2)",47063,Urban,27.4 ,20.9, 35.4,N/A , N/A , N/A,12,stable,-0.7 ,-3.5, 2.3
"Jackson County, Florida(2)",12063,Rural,27.4 ,19.5, 37.7,N/A , N/A , N/A,9,stable,-0.8 ,-4.3, 2.5
"Collin County, Texas(7)",48085,Urban,27.3 ,25.4, 29.4,N/A , N/A , N/A,149,stable,-0.1 ,-2.2, 5.8
"Montour County, Pennsylvania(2)",42093,Rural,27.3 ,15.5, 45.6,N/A , N/A , N/A,4,stable,-4.0 ,-10.0, 0.6
"Le Sueur County, Minnesota(2)",27079,Urban,27.3 ,17.5, 41.1,N/A , N/A , N/A,5,stable,-3.1 ,-7.6, 1.1
"Lincoln County, Oregon(2)",41041,Rural,27.3 ,20, 36.9,N/A , N/A , N/A,12,stable,2.0 ,-2.3, 15.6
"Muskegon County, Michigan(2)",26121,Urban,27.3 ,22.9, 32.4,N/A , N/A , N/A,30,stable,-1.9 ,-3.9, 0.0
"Genesee County, Michigan(2)",26049,Urban,27.3 ,24.5, 30.4,N/A , N/A , N/A,74,falling,-2.8 ,-4.3, -1.4
"Aiken County, South Carolina(2)",45003,Urban,27.3 ,23.1, 32.1,N/A , N/A , N/A,33,falling,-2.6 ,-4.2, -1.1
"Waukesha County, Wisconsin(2)",55133,Urban,27.3 ,24.5, 30.3,N/A , N/A , N/A,79,falling,-2.8 ,-4.1, -1.7
"Grant County, New Mexico(7)",35017,Rural,27.3 ,17.8, 40.7,N/A , N/A , N/A,7,stable,-1.5 ,-3.3, 0.2
"Scott County, Indiana(2)",18143,Rural,27.2 ,17, 41.9,N/A , N/A , N/A,5,falling,-4.0 ,-8.2, -0.3
"Alachua County, Florida(2)",12001,Urban,27.2 ,23.6, 31.3,N/A , N/A , N/A,42,falling,-2.4 ,-4.0, -0.8
"Tulare County, California(7)",06107,Urban,27.2 ,24.2, 30.5,N/A , N/A , N/A,62,falling,-1.7 ,-2.9, -0.4
"Clinton County, Missouri(2)",29049,Urban,27.2 ,16.7, 42.8,N/A , N/A , N/A,4,stable,-1.7 ,-6.4, 2.9
"Wabasha County, Minnesota(2)",27157,Urban,27.2 ,15.9, 44.1,N/A , N/A , N/A,4,stable,-1.1 ,-5.4, 3.1
"Izard County, Arkansas(2)",05065,Rural,27.2 ,14.9, 48.3,N/A , N/A , N/A,3,stable,-1.4 ,-7.2, 4.1
"Jefferson County, Washington(7)",53031,Rural,27.2 ,19.1, 39.2,N/A , N/A , N/A,10,stable,-1.3 ,-3.4, 1.1
"Wake County, North Carolina(2)",37183,Urban,27.2 ,25.3, 29.1,N/A , N/A , N/A,163,stable,4.7 ,-2.6, 10.0
"Schenectady County, New York(7)",36093,Urban,27.2 ,22.7, 32.3,N/A , N/A , N/A,29,falling,-2.7 ,-4.9, -0.8
"Mendocino County, California(7)",06045,Rural,27.1 ,21.6, 33.8,N/A , N/A , N/A,20,stable,-1.3 ,-3.0, 0.3
"Trinity County, Texas(7)",48455,Rural,27.1 ,15.7, 46.2,N/A , N/A , N/A,4,stable,-2.7 ,-6.8, 1.2
"Kauai County, Hawaii(7)",15007,Rural,27.1 ,20.9, 34.8,N/A , N/A , N/A,14,stable,-1.8 ,-4.1, 0.5
"Manatee County, Florida(2)",12081,Urban,27.1 ,24.5, 29.9,N/A , N/A , N/A,100,stable,-1.5 ,-3.0, 3.8
"Middlesex County, Massachusetts(2)",25017,Urban,27.1 ,25.7, 28.6,N/A , N/A , N/A,282,falling,-2.9 ,-3.6, -2.3
"Nez Perce County, Idaho(7)",16069,Urban,27.1 ,19.2, 37.4,N/A , N/A , N/A,9,stable,-3.0 ,-6.6, 0.3
"Hardin County, Iowa(7)",19083,Rural,27.1 ,15.5, 45.2,N/A , N/A , N/A,4,falling,-2.1 ,-4.6, -0.2
"New York County, New York(7)",36061,Urban,27 ,25.7, 28.5,N/A , N/A , N/A,304,stable,3.7 ,-1.6, 6.3
"Washington County, Utah(7)",49053,Urban,27 ,22.6, 32,N/A , N/A , N/A,31,stable,-1.0 ,-2.2, 0.5
"Aransas County, Texas(7)",48007,Urban,27 ,17.7, 40.8,N/A , N/A , N/A,6,stable,-3.0 ,-6.1, 0.2
"Perry County, Missouri(2)",29157,Rural,27 ,16.1, 43.5,N/A , N/A , N/A,4,*,*,*,*
"Missoula County, Montana(2)",30063,Urban,27 ,21.7, 33.3,N/A , N/A , N/A,19,falling,-2.5 ,-4.2, -0.8
"Coryell County, Texas(7)",48099,Urban,26.9 ,20, 35.4,N/A , N/A , N/A,10,falling,-4.2 ,-7.8, -0.7
"Bedford County, Tennessee(2)",47003,Rural,26.9 ,18.9, 37.2,N/A , N/A , N/A,8,stable,-2.1 ,-5.0, 0.8
"Moore County, North Carolina(2)",37125,Urban,26.9 ,21.7, 33,N/A , N/A , N/A,22,falling,-3.2 ,-5.6, -1.0
"Claiborne County, Tennessee(2)",47025,Rural,26.9 ,18.2, 38.8,N/A , N/A , N/A,7,falling,-3.0 ,-6.0, -0.1
"Grimes County, Texas(7)",48185,Rural,26.8 ,17.6, 39.8,N/A , N/A , N/A,6,stable,-1.5 ,-4.8, 2.3
"Rutland County, Vermont(2)",50021,Rural,26.8 ,20.2, 35.3,N/A , N/A , N/A,13,falling,-3.7 ,-6.3, -1.6
"Monroe County, Michigan(2)",26115,Urban,26.8 ,22.3, 31.9,N/A , N/A , N/A,28,falling,-1.8 ,-3.4, -0.2
"Columbia County, Georgia(7)",13073,Urban,26.8 ,22.2, 32,N/A , N/A , N/A,25,falling,-2.7 ,-4.1, -1.1
"Richland County, South Carolina(2)",45079,Urban,26.8 ,23.8, 30,N/A , N/A , N/A,62,falling,-3.6 ,-4.8, -2.5
"Houston County, Texas(7)",48225,Rural,26.8 ,16.1, 42.7,N/A , N/A , N/A,4,stable,0.4 ,-3.4, 4.5
"Chesapeake City, Virginia(2)",51550,Urban,26.7 ,23, 30.8,N/A , N/A , N/A,40,falling,-2.1 ,-3.6, -0.6
"Clark County, Washington(2)",53011,Urban,26.7 ,24.1, 29.6,N/A , N/A , N/A,79,falling,-2.8 ,-3.9, -1.6
"Douglas County, Colorado(2)",08035,Urban,26.7 ,23.5, 30.2,N/A , N/A , N/A,52,stable,7.2 ,-0.9, 14.4
"Johnson County, Tennessee(2)",47091,Rural,26.7 ,16.2, 43.7,N/A , N/A , N/A,4,falling,-16.7 ,-35.0, -4.1
"Eaton County, Michigan(2)",26045,Urban,26.7 ,21.6, 32.8,N/A , N/A , N/A,20,falling,-2.6 ,-4.6, -0.7
"Colfax County, New Mexico(7)",35007,Rural,26.7 ,14.8, 48,N/A , N/A , N/A,3,*,*,*,*
"Gila County, Arizona(2)",04007,Rural,26.7 ,19.2, 36.4,N/A , N/A , N/A,12,stable,-1.8 ,-5.3, 1.5
"Franklin County, Vermont(2)",50011,Urban,26.6 ,19.1, 36.4,N/A , N/A , N/A,9,falling,-2.5 ,-4.5, -0.6
"Wayne County, Illinois(7)",17191,Rural,26.6 ,16.2, 43.1,N/A , N/A , N/A,4,falling,-3.0 ,-6.3, -0.1
"Menominee County, Michigan(2)",26109,Rural,26.6 ,17.3, 40.6,N/A , N/A , N/A,6,stable,-0.1 ,-4.4, 4.4
"Monterey County, California(7)",06053,Urban,26.6 ,23.7, 29.8,N/A , N/A , N/A,63,falling,-1.9 ,-2.6, -1.2
"Essex County, Massachusetts(2)",25009,Urban,26.6 ,24.6, 28.7,N/A , N/A , N/A,147,falling,-3.6 ,-4.4, -2.9
"Yakima County, Washington(2)",53077,Urban,26.5 ,22.7, 30.9,N/A , N/A , N/A,35,falling,-10.2 ,-13.9, -5.2
"Yates County, New York(7)",36123,Rural,26.5 ,16.8, 40.6,N/A , N/A , N/A,5,stable,0.2 ,-2.6, 3.1
"Davie County, North Carolina(2)",37059,Urban,26.5 ,19.2, 36.1,N/A , N/A , N/A,9,stable,-1.6 ,-6.3, 3.2
"Butler County, Pennsylvania(2)",42019,Urban,26.5 ,22.6, 30.9,N/A , N/A , N/A,37,falling,-3.5 ,-5.1, -2.1
"Walla Walla County, Washington(2)",53071,Urban,26.5 ,19.5, 35.3,N/A , N/A , N/A,11,stable,-3.2 ,-23.8, 2.0
"Russell County, Virginia(2)",51167,Rural,26.5 ,16.6, 40.8,N/A , N/A , N/A,5,*,*,*,*
"Larimer County, Colorado(2)",08069,Urban,26.5 ,23.3, 29.9,N/A , N/A , N/A,56,stable,-1.0 ,-3.1, 7.0
"Denton County, Texas(7)",48121,Urban,26.4 ,24.3, 28.7,N/A , N/A , N/A,119,falling,-2.4 ,-3.3, -1.3
"Lancaster County, South Carolina(2)",45057,Urban,26.4 ,21.2, 32.7,N/A , N/A , N/A,20,falling,-3.1 ,-5.8, -0.4
"Prince William County, Virginia(2)",51153,Urban,26.4 ,23.5, 29.7,N/A , N/A , N/A,61,falling,-2.5 ,-3.8, -1.1
"Titus County, Texas(7)",48449,Rural,26.4 ,16.8, 39.7,N/A , N/A , N/A,5,stable,-1.5 ,-6.9, 4.0
"Fillmore County, Minnesota(2)",27045,Urban,26.4 ,16.7, 41.1,N/A , N/A , N/A,5,falling,-3.3 ,-6.5, -0.4
"Douglas County, Wisconsin(2)",55031,Urban,26.4 ,18.2, 37.3,N/A , N/A , N/A,7,stable,-2.8 ,-13.8, 0.8
"Tooele County, Utah(7)",49045,Urban,26.4 ,18.7, 36.2,N/A , N/A , N/A,8,falling,-2.6 ,-4.0, -0.9
"Harrisonburg City, Virginia(2)",51660,Urban,26.4 ,17.6, 38.1,N/A , N/A , N/A,6,falling,-3.5 ,-6.5, -0.8
"Washington County, Rhode Island(2)",44009,Urban,26.4 ,22, 31.6,N/A , N/A , N/A,29,stable,-3.7 ,-20.6, 3.3
"Wilson County, North Carolina(2)",37195,Rural,26.4 ,20.6, 33.5,N/A , N/A , N/A,15,stable,-2.8 ,-6.0, 0.1
"Imperial County, California(7)",06025,Urban,26.4 ,21.8, 31.6,N/A , N/A , N/A,25,falling,-2.1 ,-3.8, -0.2
"Davis County, Utah(7)",49011,Urban,26.4 ,22.9, 30.2,N/A , N/A , N/A,43,falling,-1.6 ,-2.4, -0.9
"Washington County, Vermont(2)",50023,Rural,26.4 ,19.5, 35.1,N/A , N/A , N/A,11,falling,-3.2 ,-5.3, -1.4
"Lamoille County, Vermont(2)",50015,Rural,26.4 ,16.1, 41.1,N/A , N/A , N/A,4,falling,-4.1 ,-8.1, -0.4
"Logan County, Arkansas(2)",05083,Rural,26.4 ,15.6, 42.5,N/A , N/A , N/A,4,*,*,*,*
"Lonoke County, Arkansas(2)",05085,Urban,26.4 ,19.7, 34.5,N/A , N/A , N/A,11,stable,-1.6 ,-4.5, 1.5
"Beaufort County, South Carolina(2)",45013,Urban,26.4 ,22.5, 30.8,N/A , N/A , N/A,42,stable,-1.7 ,-3.5, 0.1
"Fulton County, Arkansas(2)",05049,Rural,26.3 ,15.3, 45.9,N/A , N/A , N/A,3,stable,-2.4 ,-6.4, 1.5
"Newport County, Rhode Island(2)",44005,Urban,26.3 ,20.9, 32.8,N/A , N/A , N/A,19,falling,-2.5 ,-4.7, -0.4
"Latah County, Idaho(7)",16057,Rural,26.2 ,16.6, 39.3,N/A , N/A , N/A,5,*,*,*,*
"Jefferson County, Florida(2)",12065,Urban,26.2 ,15.4, 45,N/A , N/A , N/A,4,stable,-3.8 ,-7.9, 0.1
"Hoke County, North Carolina(2)",37093,Urban,26.2 ,18, 36.9,N/A , N/A , N/A,7,falling,-3.6 ,-6.2, -1.0
"Benton County, Oregon(2)",41003,Urban,26.2 ,20.1, 33.6,N/A , N/A , N/A,14,stable,-2.1 ,-5.0, 0.6
"New Hanover County, North Carolina(2)",37129,Urban,26.2 ,22.5, 30.3,N/A , N/A , N/A,39,stable,-1.9 ,-3.8, 0.0
"Powhatan County, Virginia(2)",51145,Urban,26.2 ,16.8, 39.5,N/A , N/A , N/A,5,stable,-1.9 ,-5.0, 1.8
"Garrett County, Maryland(2)",24023,Rural,26.1 ,17.1, 39,N/A , N/A , N/A,6,stable,-2.8 ,-6.1, 0.2
"Venango County, Pennsylvania(2)",42121,Rural,26.1 ,18.8, 35.7,N/A , N/A , N/A,10,falling,-3.2 ,-7.0, -0.1
"Worth County, Georgia(7)",13321,Urban,26.1 ,15.6, 41.7,N/A , N/A , N/A,4,stable,-1.2 ,-5.8, 3.7
"Sagadahoc County, Maine(2)",23023,Urban,26.1 ,18.2, 37,N/A , N/A , N/A,8,falling,-3.0 ,-5.8, -0.3
"Lawrence County, Tennessee(2)",47099,Rural,26.1 ,18.2, 36.5,N/A , N/A , N/A,8,stable,-2.9 ,-6.3, 0.0
"Dane County, Wisconsin(2)",55025,Urban,26 ,23.5, 28.8,N/A , N/A , N/A,80,falling,-2.4 ,-3.3, -1.4
"Dodge County, Nebraska(2)",31053,Rural,26 ,17.3, 37.8,N/A , N/A , N/A,6,falling,-3.0 ,-6.1, -0.5
"Toombs County, Georgia(7)",13279,Rural,26 ,16.5, 39.4,N/A , N/A , N/A,5,falling,-2.9 ,-5.2, -0.6
"Greene County, Ohio(2)",39057,Urban,26 ,21.7, 31,N/A , N/A , N/A,28,falling,-3.7 ,-5.5, -2.2
"Adams County, Indiana(2)",18001,Rural,25.9 ,17.3, 37.7,N/A , N/A , N/A,6,falling,-3.5 ,-7.0, -0.5
"Santa Fe County, New Mexico(7)",35049,Urban,25.9 ,21.7, 30.9,N/A , N/A , N/A,33,stable,-1.1 ,-2.1, 0.1
"Bristol City, Virginia(2)",51520,Urban,25.9 ,14.1, 44.5,N/A , N/A , N/A,3,*,*,*,*
"Hale County, Texas(7)",48189,Rural,25.9 ,16.4, 39.1,N/A , N/A , N/A,5,stable,-2.1 ,-5.4, 0.9
"Greene County, Indiana(2)",18055,Rural,25.9 ,17.2, 38,N/A , N/A , N/A,6,stable,-0.7 ,-5.6, 3.7
"Iowa County, Wisconsin(2)",55049,Urban,25.9 ,15.4, 41.3,N/A , N/A , N/A,4,stable,-1.0 ,-6.2, 3.9
"Deschutes County, Oregon(2)",41017,Urban,25.8 ,22, 30.2,N/A , N/A , N/A,35,falling,-3.1 ,-4.6, -1.6
"Charlevoix County, Michigan(2)",26029,Rural,25.8 ,16.6, 39.3,N/A , N/A , N/A,5,falling,-5.1 ,-18.3, -2.0
"Caledonia County, Vermont(2)",50005,Rural,25.7 ,16.7, 38.5,N/A , N/A , N/A,6,falling,-3.6 ,-6.8, -1.0
"Scotts Bluff County, Nebraska(2)",31157,Rural,25.7 ,17.4, 37.1,N/A , N/A , N/A,7,stable,-2.9 ,-6.2, 0.1
"Salt Lake County, Utah(7)",49035,Urban,25.7 ,23.8, 27.7,N/A , N/A , N/A,142,falling,-2.0 ,-2.5, -1.6
"Edgar County, Illinois(7)",17045,Rural,25.7 ,14.1, 44,N/A , N/A , N/A,4,falling,-8.9 ,-30.7, -4.4
"Buchanan County, Virginia(2)",51027,Rural,25.7 ,16.2, 40.6,N/A , N/A , N/A,5,stable,-1.5 ,-5.4, 2.3
"Houston County, Alabama(2)",01069,Urban,25.6 ,20.6, 31.5,N/A , N/A , N/A,19,falling,-2.6 ,-4.8, -0.5
"Navajo County, Arizona(2)",04017,Rural,25.6 ,20.4, 31.8,N/A , N/A , N/A,19,stable,-1.5 ,-4.5, 1.6
"Henry County, Tennessee(2)",47079,Rural,25.5 ,17.5, 36.8,N/A , N/A , N/A,7,stable,-2.5 ,-6.0, 0.8
"Martin County, Minnesota(2)",27091,Rural,25.5 ,15.5, 41,N/A , N/A , N/A,4,falling,-4.1 ,-7.9, -1.0
"Boone County, Illinois(7)",17007,Urban,25.5 ,18.3, 34.8,N/A , N/A , N/A,8,stable,-1.7 ,-4.3, 1.1
"Ashe County, North Carolina(2)",37009,Rural,25.5 ,16.1, 39.3,N/A , N/A , N/A,6,stable,-1.1 ,-5.2, 2.8
"Nassau County, Florida(2)",12089,Urban,25.5 ,20.3, 31.7,N/A , N/A , N/A,19,falling,-2.9 ,-4.8, -1.0
"Malheur County, Oregon(2)",41045,Rural,25.4 ,15.7, 39.2,N/A , N/A , N/A,5,stable,1.8 ,-2.7, 6.7
"Perry County, Indiana(2)",18123,Rural,25.4 ,14.7, 42.2,N/A , N/A , N/A,4,stable,-0.4 ,-4.9, 3.8
"Columbia County, Wisconsin(2)",55021,Urban,25.4 ,18.5, 34.2,N/A , N/A , N/A,10,falling,-3.7 ,-6.4, -1.2
"Ravalli County, Montana(2)",30081,Rural,25.3 ,18.2, 35,N/A , N/A , N/A,10,falling,-3.9 ,-6.1, -1.9
"Juniata County, Pennsylvania(2)",42067,Rural,25.3 ,15.7, 39.5,N/A , N/A , N/A,5,stable,-2.1 ,-7.1, 2.4
"Gallatin County, Montana(2)",30031,Urban,25.3 ,19.5, 32.3,N/A , N/A , N/A,14,stable,-2.5 ,-4.8, 0.1
"Sanpete County, Utah(7)",49039,Rural,25.3 ,14.5, 41,N/A , N/A , N/A,3,*,*,*,*
"Suffolk County, Massachusetts(2)",25025,Urban,25.3 ,23.1, 27.6,N/A , N/A , N/A,106,falling,-4.5 ,-5.3, -3.8
"Logan County, Colorado(2)",08075,Rural,25.3 ,14.2, 42.4,N/A , N/A , N/A,4,falling,-3.3 ,-7.0, -0.1
"Gage County, Nebraska(2)",31067,Rural,25.2 ,15, 40.7,N/A , N/A , N/A,4,falling,-31.1 ,-56.0, -1.9
"Barnwell County, South Carolina(2)",45011,Rural,25.2 ,15.7, 39.6,N/A , N/A , N/A,4,stable,-3.9 ,-8.9, 0.1
"Martin County, Florida(2)",12085,Urban,25.2 ,21, 30.1,N/A , N/A , N/A,38,stable,-1.9 ,-4.0, 0.0
"Franklin County, Massachusetts(2)",25011,Rural,25.2 ,19.5, 32.4,N/A , N/A , N/A,15,stable,-1.7 ,-4.3, 0.9
"La Crosse County, Wisconsin(2)",55063,Urban,25.2 ,20.1, 31.2,N/A , N/A , N/A,19,falling,-3.4 ,-5.9, -1.2
"Grant County, Washington(2)",53025,Rural,25.1 ,19, 32.5,N/A , N/A , N/A,12,stable,-1.4 ,-3.6, 0.7
"McKean County, Pennsylvania(2)",42083,Rural,25.1 ,16.7, 36.5,N/A , N/A , N/A,7,stable,-1.3 ,-5.7, 2.6
"Inyo County, California(7)",06027,Rural,25.1 ,13.6, 43.1,N/A , N/A , N/A,3,stable,-3.1 ,-7.7, 0.9
"Loudoun County, Virginia(2)",51107,Urban,25.1 ,22.1, 28.4,N/A , N/A , N/A,51,falling,-3.2 ,-4.9, -1.1
"Cedar County, Iowa(7)",19031,Rural,25 ,13.5, 43,N/A , N/A , N/A,3,falling,-3.6 ,-12.8, -1.7
"Pulaski County, Missouri(2)",29169,Rural,25 ,16.4, 36.3,N/A , N/A , N/A,6,falling,-4.0 ,-8.1, -0.4
"Otero County, New Mexico(7)",35035,Rural,25 ,18.1, 33.6,N/A , N/A , N/A,10,stable,-1.3 ,-2.8, 0.4
"Dickinson County, Iowa(7)",19059,Rural,24.9 ,14.6, 41.6,N/A , N/A , N/A,4,stable,-0.8 ,-2.6, 0.9
"La Plata County, Colorado(2)",08067,Rural,24.9 ,18.3, 33.6,N/A , N/A , N/A,10,stable,-1.4 ,-4.5, 2.2
"Smyth County, Virginia(2)",51173,Rural,24.9 ,16.2, 37.3,N/A , N/A , N/A,6,stable,-0.1 ,-2.6, 2.4
"Juneau County, Wisconsin(2)",55057,Rural,24.9 ,16.2, 37.7,N/A , N/A , N/A,5,stable,-2.3 ,-5.8, 0.9
"Prentiss County, Mississippi(2)",28117,Rural,24.9 ,15.4, 38.7,N/A , N/A , N/A,4,stable,-3.6 ,-9.3, 1.1
"Chittenden County, Vermont(2)",50007,Urban,24.8 ,20.6, 29.7,N/A , N/A , N/A,26,stable,-0.8 ,-3.9, 8.8
"Lee County, Alabama(2)",01081,Urban,24.7 ,20.3, 29.8,N/A , N/A , N/A,23,falling,-2.3 ,-4.1, -0.3
"Cache County, Utah(7)",49005,Urban,24.7 ,18.9, 31.6,N/A , N/A , N/A,13,stable,-1.8 ,-3.3, 0.0
"Ottawa County, Michigan(2)",26139,Urban,24.6 ,21.3, 28.3,N/A , N/A , N/A,43,stable,4.1 ,-3.6, 15.6
"Greene County, North Carolina(2)",37079,Rural,24.6 ,13.6, 42,N/A , N/A , N/A,3,falling,-6.8 ,-12.9, -2.6
"Ogemaw County, Michigan(2)",26129,Rural,24.6 ,14.9, 39.9,N/A , N/A , N/A,5,falling,-5.1 ,-9.3, -1.5
"Durham County, North Carolina(2)",37063,Urban,24.5 ,21.4, 28,N/A , N/A , N/A,46,falling,-2.8 ,-4.3, -1.3
"Carter County, Tennessee(2)",47019,Urban,24.5 ,18.3, 32.6,N/A , N/A , N/A,11,falling,-3.3 ,-5.8, -1.2
"Monroe County, Wisconsin(2)",55081,Rural,24.4 ,16.4, 35,N/A , N/A , N/A,6,falling,-3.7 ,-7.6, -0.3
"Jasper County, South Carolina(2)",45053,Urban,24.4 ,14.4, 38.8,N/A , N/A , N/A,4,stable,-2.8 ,-6.6, 0.9
"Chaves County, New Mexico(7)",35005,Rural,24.4 ,17.7, 32.8,N/A , N/A , N/A,9,falling,-2.3 ,-5.5, -1.1
"Arenac County, Michigan(2)",26011,Rural,24.3 ,13.6, 42.6,N/A , N/A , N/A,3,stable,-2.8 ,-8.1, 2.1
"Fairfax County, Virginia(2)",51059,Urban,24.2 ,22.5, 26,N/A , N/A , N/A,160,falling,-2.4 ,-3.2, -1.6
"McLeod County, Minnesota(2)",27085,Rural,24.2 ,16.6, 34.5,N/A , N/A , N/A,7,stable,-2.2 ,-6.5, 2.0
"Sawyer County, Wisconsin(2)",55113,Rural,24.1 ,12.9, 42.6,N/A , N/A , N/A,3,stable,-4.1 ,-8.7, 0.2
"Gilmer County, Georgia(7)",13123,Rural,24.1 ,16.4, 35.1,N/A , N/A , N/A,7,stable,-1.1 ,-5.5, 4.7
"Lee County, Virginia(2)",51105,Rural,24 ,14.4, 38.9,N/A , N/A , N/A,4,*,*,*,*
"Scott County, Virginia(2)",51169,Urban,23.9 ,13.8, 39.6,N/A , N/A , N/A,4,*,*,*,*
"Marion County, Arkansas(2)",05089,Rural,23.9 ,13.1, 41.8,N/A , N/A , N/A,4,stable,-3.9 ,-8.9, 0.5
"Nevada County, California(7)",06057,Rural,23.9 ,19.2, 29.6,N/A , N/A , N/A,23,falling,-4.5 ,-6.3, -2.9
"Lane County, Oregon(2)",41039,Urban,23.8 ,21.1, 26.8,N/A , N/A , N/A,63,falling,-2.8 ,-4.9, -0.9
"Winona County, Minnesota(2)",27169,Rural,23.8 ,16.6, 33.3,N/A , N/A , N/A,8,falling,-4.8 ,-7.2, -2.9
"Door County, Wisconsin(2)",55029,Rural,23.8 ,15.2, 36.4,N/A , N/A , N/A,7,falling,-4.5 ,-8.4, -1.3
"Yadkin County, North Carolina(2)",37197,Urban,23.7 ,15.9, 34.5,N/A , N/A , N/A,7,stable,-2.8 ,-7.3, 1.4
"Warren County, Iowa(7)",19181,Urban,23.7 ,16.8, 32.6,N/A , N/A , N/A,8,falling,-3.0 ,-4.4, -1.7
"Geneva County, Alabama(2)",01061,Urban,23.7 ,15.2, 36,N/A , N/A , N/A,5,stable,-1.6 ,-5.0, 1.6
"Edgefield County, South Carolina(2)",45037,Urban,23.6 ,14.4, 37.4,N/A , N/A , N/A,4,stable,-3.4 ,-7.3, 0.1
"Nelson County, Virginia(2)",51125,Urban,23.5 ,12.5, 42.5,N/A , N/A , N/A,3,falling,-4.3 ,-8.3, -0.7
"Jefferson County, Idaho(7)",16051,Urban,23.3 ,13.4, 37.6,N/A , N/A , N/A,3,stable,0.4 ,-2.2, 7.9
"Arlington County, Virginia(2)",51013,Urban,23.3 ,19.4, 27.7,N/A , N/A , N/A,26,falling,-3.3 ,-4.9, -1.8
"Miami County, Indiana(2)",18103,Rural,23.2 ,15.2, 34.5,N/A , N/A , N/A,6,falling,-11.0 ,-26.0, -3.3
"Lincoln County, Montana(2)",30053,Rural,23.2 ,13.5, 38.9,N/A , N/A , N/A,4,stable,-2.9 ,-7.0, 0.9
"Sumter County, Florida(2)",12119,Urban,23.1 ,18.5, 29.3,N/A , N/A , N/A,45,stable,-2.1 ,-4.3, 0.1
"Oconee County, Georgia(7)",13219,Urban,23 ,15.6, 33.2,N/A , N/A , N/A,6,falling,-3.1 ,-5.4, -0.3
"Coconino County, Arizona(2)",04005,Urban,23 ,18.2, 28.6,N/A , N/A , N/A,17,stable,-1.0 ,-3.6, 1.8
"Burnett County, Wisconsin(2)",55013,Rural,22.9 ,12.4, 41.4,N/A , N/A , N/A,3,falling,-4.7 ,-8.8, -1.2
"Addison County, Vermont(2)",50001,Rural,22.9 ,14.8, 34.1,N/A , N/A , N/A,6,stable,-2.5 ,-5.5, 0.2
"Benzie County, Michigan(2)",26019,Urban,22.8 ,12.7, 39.5,N/A , N/A , N/A,4,stable,-3.3 ,-7.3, 0.3
"Kings County, California(7)",06031,Urban,22.8 ,17.8, 28.7,N/A , N/A , N/A,15,falling,-3.6 ,-9.1, -2.3
"Tattnall County, Georgia(7)",13267,Rural,22.7 ,12.6, 38.3,N/A , N/A , N/A,3,falling,-4.0 ,-7.6, -0.9
"Manassas City, Virginia(2)",51683,Urban,22.7 ,13.9, 34.8,N/A , N/A , N/A,4,stable,-3.3 ,-8.0, 1.1
"Tompkins County, New York(7)",36109,Urban,22.7 ,17.4, 29.2,N/A , N/A , N/A,13,falling,-5.1 ,-7.3, -3.3
"Collier County, Florida(2)",12021,Urban,22.7 ,20.2, 25.5,N/A , N/A , N/A,83,falling,-2.3 ,-3.4, -1.3
"Curry County, Oregon(2)",41015,Rural,22.6 ,14.2, 36.4,N/A , N/A , N/A,6,falling,-5.5 ,-9.9, -2.1
"Sheridan County, Wyoming(2)",56033,Rural,22.6 ,14.8, 33.9,N/A , N/A , N/A,6,falling,-4.9 ,-7.7, -2.6
"Warren County, North Carolina(2)",37185,Rural,22.6 ,14, 37,N/A , N/A , N/A,5,stable,-4.2 ,-9.7, 0.5
"Broomfield County, Colorado(2)",08014,Urban,22.6 ,16.7, 30,N/A , N/A , N/A,10,falling,-5.4 ,-7.6, -3.1
"Livingston County, New York(7)",36051,Urban,22.5 ,16, 31,N/A , N/A , N/A,9,falling,-4.3 ,-6.2, -2.6
"Kendall County, Texas(7)",48259,Urban,22.5 ,15.3, 32.1,N/A , N/A , N/A,7,stable,-2.9 ,-6.9, 1.6
"Pacific County, Washington(2)",53049,Rural,22.4 ,13.7, 36.5,N/A , N/A , N/A,5,falling,-3.8 ,-7.3, -0.7
"Wasatch County, Utah(7)",49051,Rural,22.3 ,13.1, 35.4,N/A , N/A , N/A,4,*,*,*,*
"Santa Cruz County, Arizona(2)",04023,Rural,22.2 ,15.2, 31.6,N/A , N/A , N/A,7,stable,-2.4 ,-7.0, 2.3
"Gadsden County, Florida(2)",12039,Urban,22.2 ,15.5, 31.2,N/A , N/A , N/A,8,stable,-1.4 ,-4.3, 1.4
"Nash County, North Carolina(2)",37127,Urban,22.2 ,17.2, 28.4,N/A , N/A , N/A,15,falling,-4.7 ,-6.7, -3.0
"Currituck County, North Carolina(2)",37053,Urban,22.2 ,13.1, 35.6,N/A , N/A , N/A,4,falling,-4.3 ,-8.3, -0.7
"Cass County, Michigan(2)",26027,Urban,22.2 ,15.8, 30.6,N/A , N/A , N/A,9,stable,-1.8 ,-4.9, 1.2
"Botetourt County, Virginia(2)",51023,Urban,22.2 ,14.4, 33.2,N/A , N/A , N/A,6,stable,-1.3 ,-4.5, 1.9
"Crawford County, Illinois(7)",17033,Rural,22 ,12.2, 37.9,N/A , N/A , N/A,3,*,*,*,*
"Steele County, Minnesota(2)",27147,Rural,22 ,14.3, 32.8,N/A , N/A , N/A,6,falling,-4.5 ,-8.1, -1.4
"Rabun County, Georgia(7)",13241,Rural,21.8 ,12.1, 38.1,N/A , N/A , N/A,3,stable,-3.5 ,-8.1, 0.9
"Albemarle County, Virginia(2)",51003,Urban,21.8 ,17.1, 27.4,N/A , N/A , N/A,17,falling,-3.8 ,-4.9, -2.7
"Montezuma County, Colorado(2)",08083,Rural,21.6 ,12.8, 34.8,N/A , N/A , N/A,4,stable,-4.0 ,-9.4, 0.7
"Kershaw County, South Carolina(2)",45055,Urban,21.5 ,15.4, 29.4,N/A , N/A , N/A,9,falling,-5.2 ,-7.5, -3.3
"Dare County, North Carolina(2)",37055,Rural,21.3 ,14.1, 31.6,N/A , N/A , N/A,7,stable,-1.5 ,-4.0, 0.9
"Madison County, North Carolina(2)",37115,Urban,21.2 ,11.9, 35.9,N/A , N/A , N/A,3,*,*,*,*
"Klickitat County, Washington(2)",53039,Rural,21 ,11.6, 35.8,N/A , N/A , N/A,4,stable,-2.0 ,-6.7, 2.9
"La Paz County, Arizona(2)",04012,Rural,20.9 ,10.3, 40.2,N/A , N/A , N/A,4,stable,-1.6 ,-7.7, 4.2
"Trempealeau County, Wisconsin(2)",55121,Rural,20.6 ,12, 33.2,N/A , N/A , N/A,4,falling,-4.3 ,-8.3, -1.2
"Washington County, Florida(2)",12133,Urban,20.2 ,11.1, 34.4,N/A , N/A , N/A,3,*,*,*,*
"Kittitas County, Washington(2)",53037,Rural,19.8 ,12.6, 29.9,N/A , N/A , N/A,5,stable,-2.0 ,-5.8, 1.9
"Transylvania County, North Carolina(2)",37175,Rural,19.7 ,13, 29.8,N/A , N/A , N/A,7,falling,-6.9 ,-22.9, -3.5
"Winchester City, Virginia(2)",51840,Urban,19.6 ,11.7, 31.4,N/A , N/A , N/A,4,stable,-1.4 ,-5.6, 2.7
"Chaffee County, Colorado(2)",08015,Rural,18.8 ,11, 32.9,N/A , N/A , N/A,4,falling,-3.8 ,-7.1, -0.7
"Green County, Wisconsin(2)",55045,Urban,18.8 ,12.2, 28.3,N/A , N/A , N/A,5,stable,-3.3 ,-7.5, 0.3
"Teller County, Colorado(2)",08119,Urban,18.6 ,10.3, 32.4,N/A , N/A , N/A,4,stable,-4.0 ,-9.4, 1.9
"Lincoln County, New Mexico(7)",35027,Rural,18.4 ,10.9, 31.5,N/A , N/A , N/A,4,falling,-3.9 ,-5.8, -2.0
"Llano County, Texas(7)",48299,Rural,18.2 ,10, 32.5,N/A , N/A , N/A,4,falling,-4.2 ,-7.5, -1.4
"Del Norte County, California(7)",06015,Rural,17.2 ,10, 28.6,N/A , N/A , N/A,4,stable,-2.6 ,-6.5, 1.1
"Wasco County, Oregon(2)",41065,Rural,17.2 ,9.6, 29,N/A , N/A , N/A,3,stable,-2.5 ,-8.8, 3.1
"Eagle County, Colorado(2)",08037,Rural,14.9 ,8.7, 23.8,N/A , N/A , N/A,4,stable,-3.4 ,-9.1, 3.2
"Leelanau County, Michigan(2)",26089,Urban,14.5 ,8.1, 26.4,N/A , N/A , N/A,3,stable,-3.7 ,-8.6, 0.5
"Adair County, Iowa(7)",19001,Rural,* ,*, *,* , * , *,3 or fewer,*,*,*,*
"Adams County, Idaho(7)",16003,Rural,* ,*, *,* , * , *,3 or fewer,*,*,*,*
"Adams County, Iowa(7)",19003,Rural,* ,*, *,* , * , *,3 or fewer,*,*,*,*
"Adams County, North Dakota(2)",38001,Rural,* ,*, *,* , * , *,3 or fewer,*,*,*,*
"Adams County, Washington(2)",53001,Rural,* ,*, *,* , * , *,3 or fewer,*,*,*,*
"Alamosa County, Colorado(2)",08003,Rural,* ,*, *,* , * , *,3 or fewer,*,*,*,*
"Aleutians East Borough, Alaska(2)",02013,Rural,* ,*, *,* , * , *,3 or fewer,*,*,*,*
"Aleutians West Census Area, Alaska(2)",02016,Rural,* ,*, *,* , * , *,3 or fewer,*,*,*,*
"Alexander County, Illinois(7)",17003,Urban,* ,*, *,* , * , *,3 or fewer,*,*,*,*
"Alfalfa County, Oklahoma(2)",40003,Rural,* ,*, *,* , * , *,3 or fewer,*,*,*,*
"Alger County, Michigan(2)",26003,Rural,* ,*, *,* , * , *,3 or fewer,*,*,*,*
"Alleghany County, North Carolina(2)",37005,Rural,* ,*, *,* , * , *,3 or fewer,*,*,*,*
"Allendale County, South Carolina(2)",45005,Rural,* ,*, *,* , * , *,3 or fewer,*,*,*,*
"Alpine County, California(7)",06003,Rural,* ,*, *,* , * , *,3 or fewer,*,*,*,*
"Andrews County, Texas(7)",48003,Rural,* ,*, *,* , * , *,3 or fewer,*,*,*,*
"Archer County, Texas(7)",48009,Urban,* ,*, *,* , * , *,3 or fewer,*,*,*,*
"Archuleta County, Colorado(2)",08007,Rural,* ,*, *,* , * , *,3 or fewer,*,*,*,*
"Armstrong County, Texas(7)",48011,Urban,* ,*, *,* , * , *,3 or fewer,*,*,*,*
"Arthur County, Nebraska(2)",31005,Rural,* ,*, *,* , * , *,3 or fewer,*,*,*,*
"Atchison County, Missouri(2)",29005,Rural,* ,*, *,* , * , *,3 or fewer,*,*,*,*
"Atkinson County, Georgia(7)",13003,Rural,* ,*, *,* , * , *,3 or fewer,*,*,*,*
"Audubon County, Iowa(7)",19009,Rural,* ,*, *,* , * , *,3 or fewer,*,*,*,*
"Aurora County, South Dakota(2)",46003,Rural,* ,*, *,* , * , *,3 or fewer,*,*,*,*
"Baca County, Colorado(2)",08009,Rural,* ,*, *,* , * , *,3 or fewer,*,*,*,*
"Bailey County, Texas(7)",48017,Rural,* ,*, *,* , * , *,3 or fewer,*,*,*,*
"Baker County, Georgia(7)",13007,Rural,* ,*, *,* , * , *,3 or fewer,*,*,*,*
"Baker County, Oregon(2)",41001,Rural,* ,*, *,* , * , *,3 or fewer,*,*,*,*
"Ballard County, Kentucky(7)",21007,Urban,* ,*, *,* , * , *,3 or fewer,*,*,*,*
"Banner County, Nebraska(2)",31007,Rural,* ,*, *,* , * , *,3 or fewer,*,*,*,*
"Baraga County, Michigan(2)",26013,Rural,* ,*, *,* , * , *,3 or fewer,*,*,*,*
"Barnes County, North Dakota(2)",38003,Rural,* ,*, *,* , * , *,3 or fewer,*,*,*,*
"Bath County, Kentucky(7)",21011,Rural,* ,*, *,* , * , *,3 or fewer,*,*,*,*
"Bath County, Virginia(2)",51017,Rural,* ,*, *,* , * , *,3 or fewer,*,*,*,*
"Baylor County, Texas(7)",48023,Rural,* ,*, *,* , * , *,3 or fewer,*,*,*,*
"Bear Lake County, Idaho(7)",16007,Rural,* ,*, *,* , * , *,3 or fewer,*,*,*,*
"Beaver County, Oklahoma(2)",40007,Rural,* ,*, *,* , * , *,3 or fewer,*,*,*,*
"Beaver County, Utah(7)",49001,Rural,* ,*, *,* , * , *,3 or fewer,*,*,*,*
"Beaverhead County, Montana(2)",30001,Rural,* ,*, *,* , * , *,3 or fewer,*,*,*,*
"Benewah County, Idaho(7)",16009,Rural,* ,*, *,* , * , *,3 or fewer,*,*,*,*
"Bennett County, South Dakota(2)",46007,Rural,* ,*, *,* , * , *,3 or fewer,*,*,*,*
"Benson County, North Dakota(2)",38005,Rural,* ,*, *,* , * , *,3 or fewer,*,*,*,*
"Bent County, Colorado(2)",08011,Rural,* ,*, *,* , * , *,3 or fewer,*,*,*,*
"Benton County, Mississippi(2)",28009,Urban,* ,*, *,* , * , *,3 or fewer,*,*,*,*
"Big Stone County, Minnesota(2)",27011,Rural,* ,*, *,* , * , *,3 or fewer,*,*,*,*
"Billings County, North Dakota(2)",38007,Rural,* ,*, *,* , * , *,3 or fewer,*,*,*,*
"Blaine County, Montana(2)",30005,Rural,* ,*, *,* , * , *,3 or fewer,*,*,*,*
"Blaine County, Nebraska(2)",31009,Rural,* ,*, *,* , * , *,3 or fewer,*,*,*,*
"Blaine County, Oklahoma(2)",40011,Rural,* ,*, *,* , * , *,3 or fewer,*,*,*,*
"Blanco County, Texas(7)",48031,Rural,* ,*, *,* , * , *,3 or fewer,*,*,*,*
"Bland County, Virginia(2)",51021,Rural,* ,*, *,* , * , *,3 or fewer,*,*,*,*
"Bleckley County, Georgia(7)",13023,Rural,* ,*, *,* , * , *,3 or fewer,*,*,*,*
"Boise County, Idaho(7)",16015,Urban,* ,*, *,* , * , *,3 or fewer,*,*,*,*
"Bollinger County, Missouri(2)",29017,Urban,* ,*, *,* , * , *,3 or fewer,*,*,*,*
"Bon Homme County, South Dakota(2)",46009,Rural,* ,*, *,* , * , *,3 or fewer,*,*,*,*
"Boone County, Nebraska(2)",31011,Rural,* ,*, *,* , * , *,3 or fewer,*,*,*,*
"Borden County, Texas(7)",48033,Rural,* ,*, *,* , * , *,3 or fewer,*,*,*,*
"Bottineau County, North Dakota(2)",38009,Rural,* ,*, *,* , * , *,3 or fewer,*,*,*,*
"Bowman County, North Dakota(2)",38011,Rural,* ,*, *,* , * , *,3 or fewer,*,*,*,*
"Box Butte County, Nebraska(2)",31013,Rural,* ,*, *,* , * , *,3 or fewer,*,*,*,*
"Boyd County, Nebraska(2)",31015,Rural,* ,*, *,* , * , *,3 or fewer,*,*,*,*
"Bradley County, Arkansas(2)",05011,Rural,* ,*, *,* , * , *,3 or fewer,*,*,*,*
"Brewster County, Texas(7)",48043,Rural,* ,*, *,* , * , *,3 or fewer,*,*,*,*
"Briscoe County, Texas(7)",48045,Rural,* ,*, *,* , * , *,3 or fewer,*,*,*,*
"Bristol Bay Borough, Alaska(2)",02060,Rural,* ,*, *,* , * , *,3 or fewer,*,*,*,*
"Broadwater County, Montana(2)",30007,Urban,* ,*, *,* , * , *,3 or fewer,*,*,*,*
"Brooks County, Texas(7)",48047,Rural,* ,*, *,* , * , *,3 or fewer,*,*,*,*
"Brown County, Illinois(7)",17009,Rural,* ,*, *,* , * , *,3 or fewer,*,*,*,*
"Brown County, Nebraska(2)",31017,Rural,* ,*, *,* , * , *,3 or fewer,*,*,*,*
"Brule County, South Dakota(2)",46015,Rural,* ,*, *,* , * , *,3 or fewer,*,*,*,*
"Buena Vista City, Virginia(2)",51530,Rural,* ,*, *,* , * , *,3 or fewer,*,*,*,*
"Buffalo County, South Dakota(2)",46017,Rural,* ,*, *,* , * , *,3 or fewer,*,*,*,*
"Bullock County, Alabama(2)",01011,Rural,* ,*, *,* , * , *,3 or fewer,*,*,*,*
"Burke County, North Dakota(2)",38013,Rural,* ,*, *,* , * , *,3 or fewer,*,*,*,*
"Burt County, Nebraska(2)",31021,Rural,* ,*, *,* , * , *,3 or fewer,*,*,*,*
"Butte County, Idaho(7)",16023,Urban,* ,*, *,* , * , *,3 or fewer,*,*,*,*
"Butte County, South Dakota(2)",46019,Rural,* ,*, *,* , * , *,3 or fewer,*,*,*,*
"Caldwell County, Missouri(2)",29025,Urban,* ,*, *,* , * , *,3 or fewer,*,*,*,*
"Calhoun County, Arkansas(2)",05013,Rural,* ,*, *,* , * , *,3 or fewer,*,*,*,*
"Calhoun County, Florida(2)",12013,Rural,* ,*, *,* , * , *,3 or fewer,*,*,*,*
"Calhoun County, Georgia(7)",13037,Rural,* ,*, *,* , * , *,3 or fewer,*,*,*,*
"Calhoun County, Illinois(7)",17013,Urban,* ,*, *,* , * , *,3 or fewer,*,*,*,*
"Calhoun County, Iowa(7)",19025,Rural,* ,*, *,* , * , *,3 or fewer,*,*,*,*
"Calhoun County, West Virginia(2)",54013,Rural,* ,*, *,* , * , *,3 or fewer,*,*,*,*
"Camas County, Idaho(7)",16025,Rural,* ,*, *,* , * , *,3 or fewer,*,*,*,*
"Camden County, North Carolina(2)",37029,Urban,* ,*, *,* , * , *,3 or fewer,*,*,*,*
"Cameron County, Pennsylvania(2)",42023,Rural,* ,*, *,* , * , *,3 or fewer,*,*,*,*
"Cameron Parish, Louisiana(7)",22023,Urban,* ,*, *,* , * , *,3 or fewer,*,*,*,*
"Camp County, Texas(7)",48063,Rural,* ,*, *,* , * , *,3 or fewer,*,*,*,*
"Campbell County, South Dakota(2)",46021,Rural,* ,*, *,* , * , *,3 or fewer,*,*,*,*
"Candler County, Georgia(7)",13043,Rural,* ,*, *,* , * , *,3 or fewer,*,*,*,*
"Carbon County, Montana(2)",30009,Urban,* ,*, *,* , * , *,3 or fewer,*,*,*,*
"Carbon County, Utah(7)",49007,Rural,* ,*, *,* , * , *,3 or fewer,*,*,*,*
"Carbon County, Wyoming(2)",56007,Rural,* ,*, *,* , * , *,3 or fewer,*,*,*,*
"Caribou County, Idaho(7)",16029,Rural,* ,*, *,* , * , *,3 or fewer,*,*,*,*
"Carlisle County, Kentucky(7)",21039,Urban,* ,*, *,* , * , *,3 or fewer,*,*,*,*
"Carroll County, Kentucky(7)",21041,Rural,* ,*, *,* , * , *,3 or fewer,*,*,*,*
"Carroll County, Mississippi(2)",28015,Rural,* ,*, *,* , * , *,3 or fewer,*,*,*,*
"Carroll County, Missouri(2)",29033,Rural,* ,*, *,* , * , *,3 or fewer,*,*,*,*
"Carson County, Texas(7)",48065,Urban,* ,*, *,* , * , *,3 or fewer,*,*,*,*
"Carter County, Missouri(2)",29035,Rural,* ,*, *,* , * , *,3 or fewer,*,*,*,*
"Carter County, Montana(2)",30011,Rural,* ,*, *,* , * , *,3 or fewer,*,*,*,*
"Cass County, Illinois(7)",17017,Rural,* ,*, *,* , * , *,3 or fewer,*,*,*,*
"Castro County, Texas(7)",48069,Rural,* ,*, *,* , * , *,3 or fewer,*,*,*,*
"Catahoula Parish, Louisiana(7)",22025,Rural,* ,*, *,* , * , *,3 or fewer,*,*,*,*
"Catron County, New Mexico(7)",35003,Rural,* ,*, *,* , * , *,3 or fewer,*,*,*,*
"Cavalier County, North Dakota(2)",38019,Rural,* ,*, *,* , * , *,3 or fewer,*,*,*,*
"Cedar County, Nebraska(2)",31027,Rural,* ,*, *,* , * , *,3 or fewer,*,*,*,*
"Chariton County, Missouri(2)",29041,Rural,* ,*, *,* , * , *,3 or fewer,*,*,*,*
"Charles City County, Virginia(2)",51036,Urban,* ,*, *,* , * , *,3 or fewer,*,*,*,*
"Charlton County, Georgia(7)",13049,Rural,* ,*, *,* , * , *,3 or fewer,*,*,*,*
"Chase County, Nebraska(2)",31029,Rural,* ,*, *,* , * , *,3 or fewer,*,*,*,*
"Chattahoochee County, Georgia(7)",13053,Urban,* ,*, *,* , * , *,3 or fewer,*,*,*,*
"Cherry County, Nebraska(2)",31031,Rural,* ,*, *,* , * , *,3 or fewer,*,*,*,*
"Cheyenne County, Colorado(2)",08017,Rural,* ,*, *,* , * , *,3 or fewer,*,*,*,*
"Cheyenne County, Nebraska(2)",31033,Rural,* ,*, *,* , * , *,3 or fewer,*,*,*,*
"Childress County, Texas(7)",48075,Rural,* ,*, *,* , * , *,3 or fewer,*,*,*,*
"Choctaw County, Mississippi(2)",28019,Rural,* ,*, *,* , * , *,3 or fewer,*,*,*,*
"Chouteau County, Montana(2)",30015,Rural,* ,*, *,* , * , *,3 or fewer,*,*,*,*
"Cimarron County, Oklahoma(2)",40025,Rural,* ,*, *,* , * , *,3 or fewer,*,*,*,*
"Claiborne County, Mississippi(2)",28021,Rural,* ,*, *,* , * , *,3 or fewer,*,*,*,*
"Clark County, Idaho(7)",16033,Rural,* ,*, *,* , * , *,3 or fewer,*,*,*,*
"Clark County, Missouri(2)",29045,Rural,* ,*, *,* , * , *,3 or fewer,*,*,*,*
"Clark County, South Dakota(2)",46025,Rural,* ,*, *,* , * , *,3 or fewer,*,*,*,*
"Clarke County, Iowa(7)",19039,Rural,* ,*, *,* , * , *,3 or fewer,*,*,*,*
"Clay County, Georgia(7)",13061,Rural,* ,*, *,* , * , *,3 or fewer,*,*,*,*
"Clay County, Nebraska(2)",31035,Rural,* ,*, *,* , * , *,3 or fewer,*,*,*,*
"Clay County, South Dakota(2)",46027,Rural,* ,*, *,* , * , *,3 or fewer,*,*,*,*
"Clay County, Tennessee(2)",47027,Rural,* ,*, *,* , * , *,3 or fewer,*,*,*,*
"Clay County, West Virginia(2)",54015,Urban,* ,*, *,* , * , *,3 or fewer,*,*,*,*
"Clear Creek County, Colorado(2)",08019,Urban,* ,*, *,* , * , *,3 or fewer,*,*,*,*
"Clearwater County, Idaho(7)",16035,Rural,* ,*, *,* , * , *,3 or fewer,*,*,*,*
"Clearwater County, Minnesota(2)",27029,Rural,* ,*, *,* , * , *,3 or fewer,*,*,*,*
"Cleveland County, Arkansas(2)",05025,Rural,* ,*, *,* , * , *,3 or fewer,*,*,*,*
"Clinch County, Georgia(7)",13065,Rural,* ,*, *,* , * , *,3 or fewer,*,*,*,*
"Coal County, Oklahoma(2)",40029,Rural,* ,*, *,* , * , *,3 or fewer,*,*,*,*
"Cochran County, Texas(7)",48079,Urban,* ,*, *,* , * , *,3 or fewer,*,*,*,*
"Coke County, Texas(7)",48081,Rural,* ,*, *,* , * , *,3 or fewer,*,*,*,*
"Colfax County, Nebraska(2)",31037,Rural,* ,*, *,* , * , *,3 or fewer,*,*,*,*
"Collingsworth County, Texas(7)",48087,Rural,* ,*, *,* , * , *,3 or fewer,*,*,*,*
"Columbia County, Washington(2)",53013,Rural,* ,*, *,* , * , *,3 or fewer,*,*,*,*
"Concho County, Texas(7)",48095,Rural,* ,*, *,* , * , *,3 or fewer,*,*,*,*
"Conejos County, Colorado(2)",08021,Rural,* ,*, *,* , * , *,3 or fewer,*,*,*,*
"Converse County, Wyoming(2)",56009,Rural,* ,*, *,* , * , *,3 or fewer,*,*,*,*
"Cook County, Minnesota(2)",27031,Rural,* ,*, *,* , * , *,3 or fewer,*,*,*,*
"Coosa County, Alabama(2)",01037,Rural,* ,*, *,* , * , *,3 or fewer,*,*,*,*
"Corson County, South Dakota(2)",46031,Rural,* ,*, *,* , * , *,3 or fewer,*,*,*,*
"Costilla County, Colorado(2)",08023,Rural,* ,*, *,* , * , *,3 or fewer,*,*,*,*
"Cottle County, Texas(7)",48101,Rural,* ,*, *,* , * , *,3 or fewer,*,*,*,*
"Cotton County, Oklahoma(2)",40033,Urban,* ,*, *,* , * , *,3 or fewer,*,*,*,*
"Covington City, Virginia(2)",51580,Rural,* ,*, *,* , * , *,3 or fewer,*,*,*,*
"Craig County, Oklahoma(2)",40035,Rural,* ,*, *,* , * , *,3 or fewer,*,*,*,*
"Craig County, Virginia(2)",51045,Urban,* ,*, *,* , * , *,3 or fewer,*,*,*,*
"Crane County, Texas(7)",48103,Rural,* ,*, *,* , * , *,3 or fewer,*,*,*,*
"Crittenden County, Kentucky(7)",21055,Rural,* ,*, *,* , * , *,3 or fewer,*,*,*,*
"Crockett County, Texas(7)",48105,Rural,* ,*, *,* , * , *,3 or fewer,*,*,*,*
"Crook County, Wyoming(2)",56011,Rural,* ,*, *,* , * , *,3 or fewer,*,*,*,*
"Crosby County, Texas(7)",48107,Urban,* ,*, *,* , * , *,3 or fewer,*,*,*,*
"Crowley County, Colorado(2)",08025,Rural,* ,*, *,* , * , *,3 or fewer,*,*,*,*
"Culberson County, Texas(7)",48109,Rural,* ,*, *,* , * , *,3 or fewer,*,*,*,*
"Custer County, Colorado(2)",08027,Rural,* ,*, *,* , * , *,3 or fewer,*,*,*,*
"Custer County, Idaho(7)",16037,Rural,* ,*, *,* , * , *,3 or fewer,*,*,*,*
"Custer County, Montana(2)",30017,Rural,* ,*, *,* , * , *,3 or fewer,*,*,*,*
"Custer County, Nebraska(2)",31041,Rural,* ,*, *,* , * , *,3 or fewer,*,*,*,*
"Custer County, South Dakota(2)",46033,Urban,* ,*, *,* , * , *,3 or fewer,*,*,*,*
"Dade County, Missouri(2)",29057,Rural,* ,*, *,* , * , *,3 or fewer,*,*,*,*
"Daggett County, Utah(7)",49009,Rural,* ,*, *,* , * , *,3 or fewer,*,*,*,*
"Dallam County, Texas(7)",48111,Rural,* ,*, *,* , * , *,3 or fewer,*,*,*,*
"Dallas County, Arkansas(2)",05039,Rural,* ,*, *,* , * , *,3 or fewer,*,*,*,*
"Daniels County, Montana(2)",30019,Rural,* ,*, *,* , * , *,3 or fewer,*,*,*,*
"Daviess County, Missouri(2)",29061,Rural,* ,*, *,* , * , *,3 or fewer,*,*,*,*
"Davis County, Iowa(7)",19051,Rural,* ,*, *,* , * , *,3 or fewer,*,*,*,*
"Dawes County, Nebraska(2)",31045,Rural,* ,*, *,* , * , *,3 or fewer,*,*,*,*
"Dawson County, Montana(2)",30021,Rural,* ,*, *,* , * , *,3 or fewer,*,*,*,*
"Day County, South Dakota(2)",46037,Rural,* ,*, *,* , * , *,3 or fewer,*,*,*,*
"DeBaca County, New Mexico(7)",35011,Rural,* ,*, *,* , * , *,3 or fewer,*,*,*,*
"DeKalb County, Missouri(2)",29063,Urban,* ,*, *,* , * , *,3 or fewer,*,*,*,*
"Decatur County, Iowa(7)",19053,Rural,* ,*, *,* , * , *,3 or fewer,*,*,*,*
"Deer Lodge County, Montana(2)",30023,Rural,* ,*, *,* , * , *,3 or fewer,*,*,*,*
"Delta County, Texas(7)",48119,Rural,* ,*, *,* , * , *,3 or fewer,*,*,*,*
"Denali, Alaska(2)",02068,Rural,* ,*, *,* , * , *,3 or fewer,*,*,*,*
"Deuel County, Nebraska(2)",31049,Rural,* ,*, *,* , * , *,3 or fewer,*,*,*,*
"Deuel County, South Dakota(2)",46039,Rural,* ,*, *,* , * , *,3 or fewer,*,*,*,*
"Dewey County, Oklahoma(2)",40043,Rural,* ,*, *,* , * , *,3 or fewer,*,*,*,*
"Dewey County, South Dakota(2)",46041,Rural,* ,*, *,* , * , *,3 or fewer,*,*,*,*
"Dickens County, Texas(7)",48125,Rural,* ,*, *,* , * , *,3 or fewer,*,*,*,*
"Dickenson County, Virginia(2)",51051,Rural,* ,*, *,* , * , *,3 or fewer,*,*,*,*
"Dickey County, North Dakota(2)",38021,Rural,* ,*, *,* , * , *,3 or fewer,*,*,*,*
"Dickinson County, Michigan(2)",26043,Rural,* ,*, *,* , * , *,3 or fewer,*,*,*,*
"Dillingham Census Area, Alaska(2)",02070,Rural,* ,*, *,* , * , *,3 or fewer,*,*,*,*
"Divide County, North Dakota(2)",38023,Rural,* ,*, *,* , * , *,3 or fewer,*,*,*,*
"Dixon County, Nebraska(2)",31051,Rural,* ,*, *,* , * , *,3 or fewer,*,*,*,*
"Doddridge County, West Virginia(2)",54017,Rural,* ,*, *,* , * , *,3 or fewer,*,*,*,*
"Dolores County, Colorado(2)",08033,Rural,* ,*, *,* , * , *,3 or fewer,*,*,*,*
"Donley County, Texas(7)",48129,Rural,* ,*, *,* , * , *,3 or fewer,*,*,*,*
"Dooly County, Georgia(7)",13093,Rural,* ,*, *,* , * , *,3 or fewer,*,*,*,*
"Douglas County, South Dakota(2)",46043,Rural,* ,*, *,* , * , *,3 or fewer,*,*,*,*
"Dundy County, Nebraska(2)",31057,Rural,* ,*, *,* , * , *,3 or fewer,*,*,*,*
"Dunn County, North Dakota(2)",38025,Rural,* ,*, *,* , * , *,3 or fewer,*,*,*,*
"Duval County, Texas(7)",48131,Rural,* ,*, *,* , * , *,3 or fewer,*,*,*,*
"Early County, Georgia(7)",13099,Rural,* ,*, *,* , * , *,3 or fewer,*,*,*,*
"East Carroll Parish, Louisiana(7)",22035,Rural,* ,*, *,* , * , *,3 or fewer,*,*,*,*
"Echols County, Georgia(7)",13101,Urban,* ,*, *,* , * , *,3 or fewer,*,*,*,*
"Eddy County, North Dakota(2)",38027,Rural,* ,*, *,* , * , *,3 or fewer,*,*,*,*
"Edmonson County, Kentucky(7)",21061,Urban,* ,*, *,* , * , *,3 or fewer,*,*,*,*
"Edmunds County, South Dakota(2)",46045,Rural,* ,*, *,* , * , *,3 or fewer,*,*,*,*
"Edwards County, Illinois(7)",17047,Rural,* ,*, *,* , * , *,3 or fewer,*,*,*,*
"Edwards County, Texas(7)",48137,Rural,* ,*, *,* , * , *,3 or fewer,*,*,*,*
"Elliott County, Kentucky(7)",21063,Rural,* ,*, *,* , * , *,3 or fewer,*,*,*,*
"Ellis County, Oklahoma(2)",40045,Rural,* ,*, *,* , * , *,3 or fewer,*,*,*,*
"Emery County, Utah(7)",49015,Rural,* ,*, *,* , * , *,3 or fewer,*,*,*,*
"Emmons County, North Dakota(2)",38029,Rural,* ,*, *,* , * , *,3 or fewer,*,*,*,*
"Emporia City, Virginia(2)",51595,Rural,* ,*, *,* , * , *,3 or fewer,*,*,*,*
"Esmeralda County, Nevada(2)",32009,Rural,* ,*, *,* , * , *,3 or fewer,*,*,*,*
"Essex County, Vermont(2)",50009,Rural,* ,*, *,* , * , *,3 or fewer,*,*,*,*
"Eureka County, Nevada(2)",32011,Rural,* ,*, *,* , * , *,3 or fewer,*,*,*,*
"Evans County, Georgia(7)",13109,Rural,* ,*, *,* , * , *,3 or fewer,*,*,*,*
"Fall River County, South Dakota(2)",46047,Rural,* ,*, *,* , * , *,3 or fewer,*,*,*,*
"Fallon County, Montana(2)",30025,Rural,* ,*, *,* , * , *,3 or fewer,*,*,*,*
"Falls Church City, Virginia(2)",51610,Urban,* ,*, *,* , * , *,3 or fewer,*,*,*,*
"Faulk County, South Dakota(2)",46049,Rural,* ,*, *,* , * , *,3 or fewer,*,*,*,*
"Fergus County, Montana(2)",30027,Rural,* ,*, *,* , * , *,3 or fewer,*,*,*,*
"Ferry County, Washington(2)",53019,Rural,* ,*, *,* , * , *,3 or fewer,*,*,*,*
"Fillmore County, Nebraska(2)",31059,Rural,* ,*, *,* , * , *,3 or fewer,*,*,*,*
"Fisher County, Texas(7)",48151,Rural,* ,*, *,* , * , *,3 or fewer,*,*,*,*
"Florence County, Wisconsin(2)",55037,Rural,* ,*, *,* , * , *,3 or fewer,*,*,*,*
"Floyd County, Texas(7)",48153,Rural,* ,*, *,* , * , *,3 or fewer,*,*,*,*
"Foard County, Texas(7)",48155,Rural,* ,*, *,* , * , *,3 or fewer,*,*,*,*
"Forest County, Pennsylvania(2)",42053,Rural,* ,*, *,* , * , *,3 or fewer,*,*,*,*
"Forest County, Wisconsin(2)",55041,Rural,* ,*, *,* , * , *,3 or fewer,*,*,*,*
"Foster County, North Dakota(2)",38031,Rural,* ,*, *,* , * , *,3 or fewer,*,*,*,*
"Franklin City, Virginia(2)",51620,Rural,* ,*, *,* , * , *,3 or fewer,*,*,*,*
"Franklin County, Iowa(7)",19069,Rural,* ,*, *,* , * , *,3 or fewer,*,*,*,*
"Franklin County, Mississippi(2)",28037,Rural,* ,*, *,* , * , *,3 or fewer,*,*,*,*
"Franklin County, Nebraska(2)",31061,Rural,* ,*, *,* , * , *,3 or fewer,*,*,*,*
"Franklin County, Texas(7)",48159,Rural,* ,*, *,* , * , *,3 or fewer,*,*,*,*
"Fremont County, Idaho(7)",16043,Rural,* ,*, *,* , * , *,3 or fewer,*,*,*,*
"Fremont County, Iowa(7)",19071,Rural,* ,*, *,* , * , *,3 or fewer,*,*,*,*
"Frontier County, Nebraska(2)",31063,Rural,* ,*, *,* , * , *,3 or fewer,*,*,*,*
"Fulton County, Kentucky(7)",21075,Rural,* ,*, *,* , * , *,3 or fewer,*,*,*,*
"Furnas County, Nebraska(2)",31065,Rural,* ,*, *,* , * , *,3 or fewer,*,*,*,*
"Gaines County, Texas(7)",48165,Rural,* ,*, *,* , * , *,3 or fewer,*,*,*,*
"Galax City, Virginia(2)",51640,Rural,* ,*, *,* , * , *,3 or fewer,*,*,*,*
"Gallatin County, Illinois(7)",17059,Rural,* ,*, *,* , * , *,3 or fewer,*,*,*,*
"Gallatin County, Kentucky(7)",21077,Urban,* ,*, *,* , * , *,3 or fewer,*,*,*,*
"Garden County, Nebraska(2)",31069,Rural,* ,*, *,* , * , *,3 or fewer,*,*,*,*
"Garfield County, Montana(2)",30033,Rural,* ,*, *,* , * , *,3 or fewer,*,*,*,*
"Garfield County, Nebraska(2)",31071,Rural,* ,*, *,* , * , *,3 or fewer,*,*,*,*
"Garfield County, Utah(7)",49017,Rural,* ,*, *,* , * , *,3 or fewer,*,*,*,*
"Garfield County, Washington(2)",53023,Rural,* ,*, *,* , * , *,3 or fewer,*,*,*,*
"Garza County, Texas(7)",48169,Urban,* ,*, *,* , * , *,3 or fewer,*,*,*,*
"Gasconade County, Missouri(2)",29073,Rural,* ,*, *,* , * , *,3 or fewer,*,*,*,*
"Gates County, North Carolina(2)",37073,Urban,* ,*, *,* , * , *,3 or fewer,*,*,*,*
"Gentry County, Missouri(2)",29075,Rural,* ,*, *,* , * , *,3 or fewer,*,*,*,*
"Gilliam County, Oregon(2)",41021,Rural,* ,*, *,* , * , *,3 or fewer,*,*,*,*
"Gilmer County, West Virginia(2)",54021,Rural,* ,*, *,* , * , *,3 or fewer,*,*,*,*
"Gilpin County, Colorado(2)",08047,Urban,* ,*, *,* , * , *,3 or fewer,*,*,*,*
"Glascock County, Georgia(7)",13125,Rural,* ,*, *,* , * , *,3 or fewer,*,*,*,*
"Glasscock County, Texas(7)",48173,Rural,* ,*, *,* , * , *,3 or fewer,*,*,*,*
"Gogebic County, Michigan(2)",26053,Rural,* ,*, *,* , * , *,3 or fewer,*,*,*,*
"Golden Valley County, Montana(2)",30037,Rural,* ,*, *,* , * , *,3 or fewer,*,*,*,*
"Golden Valley County, North Dakota(2)",38033,Rural,* ,*, *,* , * , *,3 or fewer,*,*,*,*
"Goliad County, Texas(7)",48175,Urban,* ,*, *,* , * , *,3 or fewer,*,*,*,*
"Goshen County, Wyoming(2)",56015,Rural,* ,*, *,* , * , *,3 or fewer,*,*,*,*
"Gosper County, Nebraska(2)",31073,Rural,* ,*, *,* , * , *,3 or fewer,*,*,*,*
"Graham County, North Carolina(2)",37075,Rural,* ,*, *,* , * , *,3 or fewer,*,*,*,*
"Grand County, Colorado(2)",08049,Rural,* ,*, *,* , * , *,3 or fewer,*,*,*,*
"Grand County, Utah(7)",49019,Rural,* ,*, *,* , * , *,3 or fewer,*,*,*,*
"Grand Isle County, Vermont(2)",50013,Urban,* ,*, *,* , * , *,3 or fewer,*,*,*,*
"Granite County, Montana(2)",30039,Rural,* ,*, *,* , * , *,3 or fewer,*,*,*,*
"Grant County, Minnesota(2)",27051,Rural,* ,*, *,* , * , *,3 or fewer,*,*,*,*
"Grant County, Nebraska(2)",31075,Rural,* ,*, *,* , * , *,3 or fewer,*,*,*,*
"Grant County, North Dakota(2)",38037,Rural,* ,*, *,* , * , *,3 or fewer,*,*,*,*
"Grant County, Oklahoma(2)",40053,Rural,* ,*, *,* , * , *,3 or fewer,*,*,*,*
"Grant County, Oregon(2)",41023,Rural,* ,*, *,* , * , *,3 or fewer,*,*,*,*
"Grant County, West Virginia(2)",54023,Rural,* ,*, *,* , * , *,3 or fewer,*,*,*,*
"Grayson County, Virginia(2)",51077,Rural,* ,*, *,* , * , *,3 or fewer,*,*,*,*
"Greeley County, Nebraska(2)",31077,Rural,* ,*, *,* , * , *,3 or fewer,*,*,*,*
"Greene County, Virginia(2)",51079,Urban,* ,*, *,* , * , *,3 or fewer,*,*,*,*
"Greenlee County, Arizona(2)",04011,Rural,* ,*, *,* , * , *,3 or fewer,*,*,*,*
"Greer County, Oklahoma(2)",40055,Rural,* ,*, *,* , * , *,3 or fewer,*,*,*,*
"Gregory County, South Dakota(2)",46053,Rural,* ,*, *,* , * , *,3 or fewer,*,*,*,*
"Griggs County, North Dakota(2)",38039,Rural,* ,*, *,* , * , *,3 or fewer,*,*,*,*
"Grundy County, Iowa(7)",19075,Urban,* ,*, *,* , * , *,3 or fewer,*,*,*,*
"Guadalupe County, New Mexico(7)",35019,Rural,* ,*, *,* , * , *,3 or fewer,*,*,*,*
"Gulf County, Florida(2)",12045,Rural,* ,*, *,* , * , *,3 or fewer,*,*,*,*
"Gunnison County, Colorado(2)",08051,Rural,* ,*, *,* , * , *,3 or fewer,*,*,*,*
"Haakon County, South Dakota(2)",46055,Rural,* ,*, *,* , * , *,3 or fewer,*,*,*,*
"Haines Borough, Alaska(2)",02100,Rural,* ,*, *,* , * , *,3 or fewer,*,*,*,*
"Hall County, Texas(7)",48191,Rural,* ,*, *,* , * , *,3 or fewer,*,*,*,*
"Hamilton County, Illinois(7)",17065,Rural,* ,*, *,* , * , *,3 or fewer,*,*,*,*
"Hamilton County, Iowa(7)",19079,Rural,* ,*, *,* , * , *,3 or fewer,*,*,*,*
"Hamilton County, Nebraska(2)",31081,Rural,* ,*, *,* , * , *,3 or fewer,*,*,*,*
"Hamilton County, New York(7)",36041,Rural,* ,*, *,* , * , *,3 or fewer,*,*,*,*
"Hamilton County, Texas(7)",48193,Rural,* ,*, *,* , * , *,3 or fewer,*,*,*,*
"Hamlin County, South Dakota(2)",46057,Rural,* ,*, *,* , * , *,3 or fewer,*,*,*,*
"Hancock County, Georgia(7)",13141,Rural,* ,*, *,* , * , *,3 or fewer,*,*,*,*
"Hancock County, Iowa(7)",19081,Rural,* ,*, *,* , * , *,3 or fewer,*,*,*,*
"Hancock County, Kentucky(7)",21091,Rural,* ,*, *,* , * , *,3 or fewer,*,*,*,*
"Hancock County, Tennessee(2)",47067,Rural,* ,*, *,* , * , *,3 or fewer,*,*,*,*
"Hand County, South Dakota(2)",46059,Rural,* ,*, *,* , * , *,3 or fewer,*,*,*,*
"Hansford County, Texas(7)",48195,Rural,* ,*, *,* , * , *,3 or fewer,*,*,*,*
"Hanson County, South Dakota(2)",46061,Rural,* ,*, *,* , * , *,3 or fewer,*,*,*,*
"Hardeman County, Texas(7)",48197,Rural,* ,*, *,* , * , *,3 or fewer,*,*,*,*
"Hardin County, Illinois(7)",17069,Rural,* ,*, *,* , * , *,3 or fewer,*,*,*,*
"Harding County, New Mexico(7)",35021,Rural,* ,*, *,* , * , *,3 or fewer,*,*,*,*
"Harding County, South Dakota(2)",46063,Rural,* ,*, *,* , * , *,3 or fewer,*,*,*,*
"Harlan County, Nebraska(2)",31083,Rural,* ,*, *,* , * , *,3 or fewer,*,*,*,*
"Harmon County, Oklahoma(2)",40057,Rural,* ,*, *,* , * , *,3 or fewer,*,*,*,*
"Harney County, Oregon(2)",41025,Rural,* ,*, *,* , * , *,3 or fewer,*,*,*,*
"Harper County, Oklahoma(2)",40059,Rural,* ,*, *,* , * , *,3 or fewer,*,*,*,*
"Harrison County, Missouri(2)",29081,Rural,* ,*, *,* , * , *,3 or fewer,*,*,*,*
"Hartley County, Texas(7)",48205,Rural,* ,*, *,* , * , *,3 or fewer,*,*,*,*
"Haskell County, Oklahoma(2)",40061,Rural,* ,*, *,* , * , *,3 or fewer,*,*,*,*
"Haskell County, Texas(7)",48207,Rural,* ,*, *,* , * , *,3 or fewer,*,*,*,*
"Hayes County, Nebraska(2)",31085,Rural,* ,*, *,* , * , *,3 or fewer,*,*,*,*
"Hemphill County, Texas(7)",48211,Rural,* ,*, *,* , * , *,3 or fewer,*,*,*,*
"Henderson County, Illinois(7)",17071,Rural,* ,*, *,* , * , *,3 or fewer,*,*,*,*
"Hettinger County, North Dakota(2)",38041,Rural,* ,*, *,* , * , *,3 or fewer,*,*,*,*
"Hickman County, Kentucky(7)",21105,Rural,* ,*, *,* , * , *,3 or fewer,*,*,*,*
"Hidalgo County, New Mexico(7)",35023,Rural,* ,*, *,* , * , *,3 or fewer,*,*,*,*
"Highland County, Virginia(2)",51091,Rural,* ,*, *,* , * , *,3 or fewer,*,*,*,*
"Hill County, Montana(2)",30041,Rural,* ,*, *,* , * , *,3 or fewer,*,*,*,*
"Hinsdale County, Colorado(2)",08053,Rural,* ,*, *,* , * , *,3 or fewer,*,*,*,*
"Hitchcock County, Nebraska(2)",31087,Rural,* ,*, *,* , * , *,3 or fewer,*,*,*,*
"Holt County, Missouri(2)",29087,Rural,* ,*, *,* , * , *,3 or fewer,*,*,*,*
"Hooker County, Nebraska(2)",31091,Rural,* ,*, *,* , * , *,3 or fewer,*,*,*,*
"Hoonah-Angoon Census Area, Alaska(2)",02105,Rural,* ,*, *,* , * , *,3 or fewer,*,*,*,*
"Hot Springs County, Wyoming(2)",56017,Rural,* ,*, *,* , * , *,3 or fewer,*,*,*,*
"Houghton County, Michigan(2)",26061,Rural,* ,*, *,* , * , *,3 or fewer,*,*,*,*
"Houston County, Tennessee(2)",47083,Rural,* ,*, *,* , * , *,3 or fewer,*,*,*,*
"Howard County, Iowa(7)",19089,Rural,* ,*, *,* , * , *,3 or fewer,*,*,*,*
"Howard County, Missouri(2)",29089,Urban,* ,*, *,* , * , *,3 or fewer,*,*,*,*
"Howard County, Nebraska(2)",31093,Urban,* ,*, *,* , * , *,3 or fewer,*,*,*,*
"Hudspeth County, Texas(7)",48229,Urban,* ,*, *,* , * , *,3 or fewer,*,*,*,*
"Huerfano County, Colorado(2)",08055,Rural,* ,*, *,* , * , *,3 or fewer,*,*,*,*
"Humboldt County, Iowa(7)",19091,Rural,* ,*, *,* , * , *,3 or fewer,*,*,*,*
"Humphreys County, Mississippi(2)",28053,Rural,* ,*, *,* , * , *,3 or fewer,*,*,*,*
"Hutchinson County, South Dakota(2)",46067,Rural,* ,*, *,* , * , *,3 or fewer,*,*,*,*
"Hyde County, North Carolina(2)",37095,Rural,* ,*, *,* , * , *,3 or fewer,*,*,*,*
"Hyde County, South Dakota(2)",46069,Rural,* ,*, *,* , * , *,3 or fewer,*,*,*,*
"Ida County, Iowa(7)",19093,Rural,* ,*, *,* , * , *,3 or fewer,*,*,*,*
"Iowa County, Iowa(7)",19095,Rural,* ,*, *,* , * , *,3 or fewer,*,*,*,*
"Irion County, Texas(7)",48235,Urban,* ,*, *,* , * , *,3 or fewer,*,*,*,*
"Iron County, Michigan(2)",26071,Rural,* ,*, *,* , * , *,3 or fewer,*,*,*,*
"Iron County, Wisconsin(2)",55051,Rural,* ,*, *,* , * , *,3 or fewer,*,*,*,*
"Issaquena County, Mississippi(2)",28055,Rural,* ,*, *,* , * , *,3 or fewer,*,*,*,*
"Jack County, Texas(7)",48237,Rural,* ,*, *,* , * , *,3 or fewer,*,*,*,*
"Jackson County, Colorado(2)",08057,Rural,* ,*, *,* , * , *,3 or fewer,*,*,*,*
"Jackson County, Kentucky(7)",21109,Rural,* ,*, *,* , * , *,3 or fewer,*,*,*,*
"Jackson County, Oklahoma(2)",40065,Rural,* ,*, *,* , * , *,3 or fewer,*,*,*,*
"Jackson County, South Dakota(2)",46071,Rural,* ,*, *,* , * , *,3 or fewer,*,*,*,*
"Jackson County, Tennessee(2)",47087,Rural,* ,*, *,* , * , *,3 or fewer,*,*,*,*
"Jasper County, Mississippi(2)",28061,Rural,* ,*, *,* , * , *,3 or fewer,*,*,*,*
"Jeff Davis County, Texas(7)",48243,Rural,* ,*, *,* , * , *,3 or fewer,*,*,*,*
"Jefferson County, Mississippi(2)",28063,Rural,* ,*, *,* , * , *,3 or fewer,*,*,*,*
"Jefferson County, Montana(2)",30043,Urban,* ,*, *,* , * , *,3 or fewer,*,*,*,*
"Jefferson County, Nebraska(2)",31095,Rural,* ,*, *,* , * , *,3 or fewer,*,*,*,*
"Jefferson County, Oklahoma(2)",40067,Rural,* ,*, *,* , * , *,3 or fewer,*,*,*,*
"Jenkins County, Georgia(7)",13165,Rural,* ,*, *,* , * , *,3 or fewer,*,*,*,*
"Jerauld County, South Dakota(2)",46073,Rural,* ,*, *,* , * , *,3 or fewer,*,*,*,*
"Jim Hogg County, Texas(7)",48247,Rural,* ,*, *,* , * , *,3 or fewer,*,*,*,*
"Johnson County, Georgia(7)",13167,Rural,* ,*, *,* , * , *,3 or fewer,*,*,*,*
"Johnson County, Illinois(7)",17087,Rural,* ,*, *,* , * , *,3 or fewer,*,*,*,*
"Johnson County, Nebraska(2)",31097,Rural,* ,*, *,* , * , *,3 or fewer,*,*,*,*
"Johnson County, Wyoming(2)",56019,Rural,* ,*, *,* , * , *,3 or fewer,*,*,*,*
"Johnston County, Oklahoma(2)",40069,Rural,* ,*, *,* , * , *,3 or fewer,*,*,*,*
"Jones County, North Carolina(2)",37103,Rural,* ,*, *,* , * , *,3 or fewer,*,*,*,*
"Jones County, South Dakota(2)",46075,Rural,* ,*, *,* , * , *,3 or fewer,*,*,*,*
"Juab County, Utah(7)",49023,Urban,* ,*, *,* , * , *,3 or fewer,*,*,*,*
"Judith Basin County, Montana(2)",30045,Rural,* ,*, *,* , * , *,3 or fewer,*,*,*,*
"Kalawao County, Hawaii(7)",15005,Urban,* ,*, *,* , * , *,3 or fewer,*,*,*,*
"Kane County, Utah(7)",49025,Rural,* ,*, *,* , * , *,3 or fewer,*,*,*,*
"Karnes County, Texas(7)",48255,Rural,* ,*, *,* , * , *,3 or fewer,*,*,*,*
"Kearney County, Nebraska(2)",31099,Rural,* ,*, *,* , * , *,3 or fewer,*,*,*,*
"Keith County, Nebraska(2)",31101,Rural,* ,*, *,* , * , *,3 or fewer,*,*,*,*
"Kemper County, Mississippi(2)",28069,Rural,* ,*, *,* , * , *,3 or fewer,*,*,*,*
"Kenedy County, Texas(7)",48261,Rural,* ,*, *,* , * , *,3 or fewer,*,*,*,*
"Kent County, Texas(7)",48263,Rural,* ,*, *,* , * , *,3 or fewer,*,*,*,*
"Keokuk County, Iowa(7)",19107,Rural,* ,*, *,* , * , *,3 or fewer,*,*,*,*
"Ketchikan Gateway Borough, Alaska(2)",02130,Rural,* ,*, *,* , * , *,3 or fewer,*,*,*,*
"Kewaunee County, Wisconsin(2)",55061,Urban,* ,*, *,* , * , *,3 or fewer,*,*,*,*
"Keweenaw County, Michigan(2)",26083,Rural,* ,*, *,* , * , *,3 or fewer,*,*,*,*
"Keya Paha County, Nebraska(2)",31103,Rural,* ,*, *,* , * , *,3 or fewer,*,*,*,*
"Kidder County, North Dakota(2)",38043,Rural,* ,*, *,* , * , *,3 or fewer,*,*,*,*
"Kimball County, Nebraska(2)",31105,Rural,* ,*, *,* , * , *,3 or fewer,*,*,*,*
"Kimble County, Texas(7)",48267,Rural,* ,*, *,* , * , *,3 or fewer,*,*,*,*
"King County, Texas(7)",48269,Rural,* ,*, *,* , * , *,3 or fewer,*,*,*,*
"King and Queen County, Virginia(2)",51097,Urban,* ,*, *,* , * , *,3 or fewer,*,*,*,*
"Kingsbury County, South Dakota(2)",46077,Rural,* ,*, *,* , * , *,3 or fewer,*,*,*,*
"Kinney County, Texas(7)",48271,Rural,* ,*, *,* , * , *,3 or fewer,*,*,*,*
"Kiowa County, Colorado(2)",08061,Rural,* ,*, *,* , * , *,3 or fewer,*,*,*,*
"Kiowa County, Oklahoma(2)",40075,Rural,* ,*, *,* , * , *,3 or fewer,*,*,*,*
"Kit Carson County, Colorado(2)",08063,Rural,* ,*, *,* , * , *,3 or fewer,*,*,*,*
"Kittson County, Minnesota(2)",27069,Rural,* ,*, *,* , * , *,3 or fewer,*,*,*,*
"Knox County, Missouri(2)",29103,Rural,* ,*, *,* , * , *,3 or fewer,*,*,*,*
"Knox County, Nebraska(2)",31107,Rural,* ,*, *,* , * , *,3 or fewer,*,*,*,*
"Knox County, Texas(7)",48275,Rural,* ,*, *,* , * , *,3 or fewer,*,*,*,*
"Kodiak Island Borough, Alaska(2)",02150,Rural,* ,*, *,* , * , *,3 or fewer,*,*,*,*
"La Salle County, Texas(7)",48283,Rural,* ,*, *,* , * , *,3 or fewer,*,*,*,*
"LaMoure County, North Dakota(2)",38045,Rural,* ,*, *,* , * , *,3 or fewer,*,*,*,*
"Lac qui Parle County, Minnesota(2)",27073,Rural,* ,*, *,* , * , *,3 or fewer,*,*,*,*
"Lafayette County, Arkansas(2)",05073,Rural,* ,*, *,* , * , *,3 or fewer,*,*,*,*
"Lafayette County, Florida(2)",12067,Rural,* ,*, *,* , * , *,3 or fewer,*,*,*,*
"Lake County, Colorado(2)",08065,Rural,* ,*, *,* , * , *,3 or fewer,*,*,*,*
"Lake County, Minnesota(2)",27075,Rural,* ,*, *,* , * , *,3 or fewer,*,*,*,*
"Lake County, Oregon(2)",41037,Rural,* ,*, *,* , * , *,3 or fewer,*,*,*,*
"Lake County, South Dakota(2)",46079,Rural,* ,*, *,* , * , *,3 or fewer,*,*,*,*
"Lake County, Tennessee(2)",47095,Rural,* ,*, *,* , * , *,3 or fewer,*,*,*,*
"Lake and Peninsula Borough, Alaska(2)",02164,Rural,* ,*, *,* , * , *,3 or fewer,*,*,*,*
"Lake of the Woods County, Minnesota(2)",27077,Rural,* ,*, *,* , * , *,3 or fewer,*,*,*,*
"Lander County, Nevada(2)",32015,Rural,* ,*, *,* , * , *,3 or fewer,*,*,*,*
"Lanier County, Georgia(7)",13173,Urban,* ,*, *,* , * , *,3 or fewer,*,*,*,*
"Las Animas County, Colorado(2)",08071,Rural,* ,*, *,* , * , *,3 or fewer,*,*,*,*
"Latimer County, Oklahoma(2)",40077,Rural,* ,*, *,* , * , *,3 or fewer,*,*,*,*
"Lawrence County, Illinois(7)",17101,Rural,* ,*, *,* , * , *,3 or fewer,*,*,*,*
"Lee County, Kentucky(7)",21129,Rural,* ,*, *,* , * , *,3 or fewer,*,*,*,*
"Lemhi County, Idaho(7)",16059,Rural,* ,*, *,* , * , *,3 or fewer,*,*,*,*
"Lewis County, Idaho(7)",16061,Rural,* ,*, *,* , * , *,3 or fewer,*,*,*,*
"Lewis County, Missouri(2)",29111,Rural,* ,*, *,* , * , *,3 or fewer,*,*,*,*
"Lewis County, Tennessee(2)",47101,Rural,* ,*, *,* , * , *,3 or fewer,*,*,*,*
"Lexington City, Virginia(2)",51678,Rural,* ,*, *,* , * , *,3 or fewer,*,*,*,*
"Liberty County, Florida(2)",12077,Rural,* ,*, *,* , * , *,3 or fewer,*,*,*,*
"Liberty County, Montana(2)",30051,Rural,* ,*, *,* , * , *,3 or fewer,*,*,*,*
"Lincoln County, Colorado(2)",08073,Rural,* ,*, *,* , * , *,3 or fewer,*,*,*,*
"Lincoln County, Georgia(7)",13181,Urban,* ,*, *,* , * , *,3 or fewer,*,*,*,*
"Lincoln County, Idaho(7)",16063,Rural,* ,*, *,* , * , *,3 or fewer,*,*,*,*
"Lincoln County, Minnesota(2)",27081,Rural,* ,*, *,* , * , *,3 or fewer,*,*,*,*
"Lincoln County, Nevada(2)",32017,Rural,* ,*, *,* , * , *,3 or fewer,*,*,*,*
"Lincoln County, Washington(2)",53043,Rural,* ,*, *,* , * , *,3 or fewer,*,*,*,*
"Lipscomb County, Texas(7)",48295,Rural,* ,*, *,* , * , *,3 or fewer,*,*,*,*
"Little River County, Arkansas(2)",05081,Urban,* ,*, *,* , * , *,3 or fewer,*,*,*,*
"Live Oak County, Texas(7)",48297,Rural,* ,*, *,* , * , *,3 or fewer,*,*,*,*
"Livingston County, Kentucky(7)",21139,Urban,* ,*, *,* , * , *,3 or fewer,*,*,*,*
"Logan County, Nebraska(2)",31113,Rural,* ,*, *,* , * , *,3 or fewer,*,*,*,*
"Logan County, North Dakota(2)",38047,Rural,* ,*, *,* , * , *,3 or fewer,*,*,*,*
"Long County, Georgia(7)",13183,Urban,* ,*, *,* , * , *,3 or fewer,*,*,*,*
"Los Alamos County, New Mexico(7)",35028,Rural,* ,*, *,* , * , *,3 or fewer,*,*,*,*
"Loup County, Nebraska(2)",31115,Rural,* ,*, *,* , * , *,3 or fewer,*,*,*,*
"Love County, Oklahoma(2)",40085,Rural,* ,*, *,* , * , *,3 or fewer,*,*,*,*
"Loving County, Texas(7)",48301,Rural,* ,*, *,* , * , *,3 or fewer,*,*,*,*
"Lowndes County, Alabama(2)",01085,Urban,* ,*, *,* , * , *,3 or fewer,*,*,*,*
"Lucas County, Iowa(7)",19117,Rural,* ,*, *,* , * , *,3 or fewer,*,*,*,*
"Luce County, Michigan(2)",26095,Rural,* ,*, *,* , * , *,3 or fewer,*,*,*,*
"Lunenburg County, Virginia(2)",51111,Rural,* ,*, *,* , * , *,3 or fewer,*,*,*,*
"Lyman County, South Dakota(2)",46085,Rural,* ,*, *,* , * , *,3 or fewer,*,*,*,*
"Lynn County, Texas(7)",48305,Urban,* ,*, *,* , * , *,3 or fewer,*,*,*,*
"Lyon County, Kentucky(7)",21143,Rural,* ,*, *,* , * , *,3 or fewer,*,*,*,*
"Mackinac County, Michigan(2)",26097,Rural,* ,*, *,* , * , *,3 or fewer,*,*,*,*
"Macon County, Georgia(7)",13193,Rural,* ,*, *,* , * , *,3 or fewer,*,*,*,*
"Madison County, Arkansas(2)",05087,Urban,* ,*, *,* , * , *,3 or fewer,*,*,*,*
"Madison County, Montana(2)",30057,Rural,* ,*, *,* , * , *,3 or fewer,*,*,*,*
"Madison County, Texas(7)",48313,Rural,* ,*, *,* , * , *,3 or fewer,*,*,*,*
"Madison County, Virginia(2)",51113,Rural,* ,*, *,* , * , *,3 or fewer,*,*,*,*
"Madison Parish, Louisiana(7)",22065,Rural,* ,*, *,* , * , *,3 or fewer,*,*,*,*
"Mahnomen County, Minnesota(2)",27087,Rural,* ,*, *,* , * , *,3 or fewer,*,*,*,*
"Major County, Oklahoma(2)",40093,Rural,* ,*, *,* , * , *,3 or fewer,*,*,*,*
"Manassas Park City, Virginia(2)",51685,Urban,* ,*, *,* , * , *,3 or fewer,*,*,*,*
"Maries County, Missouri(2)",29125,Rural,* ,*, *,* , * , *,3 or fewer,*,*,*,*
"Marion County, Georgia(7)",13197,Urban,* ,*, *,* , * , *,3 or fewer,*,*,*,*
"Marion County, Texas(7)",48315,Rural,* ,*, *,* , * , *,3 or fewer,*,*,*,*
"Marshall County, Minnesota(2)",27089,Rural,* ,*, *,* , * , *,3 or fewer,*,*,*,*
"Marshall County, South Dakota(2)",46091,Rural,* ,*, *,* , * , *,3 or fewer,*,*,*,*
"Martin County, Indiana(2)",18101,Rural,* ,*, *,* , * , *,3 or fewer,*,*,*,*
"Martin County, Texas(7)",48317,Urban,* ,*, *,* , * , *,3 or fewer,*,*,*,*
"Mason County, Texas(7)",48319,Rural,* ,*, *,* , * , *,3 or fewer,*,*,*,*
"McCone County, Montana(2)",30055,Rural,* ,*, *,* , * , *,3 or fewer,*,*,*,*
"McCook County, South Dakota(2)",46087,Urban,* ,*, *,* , * , *,3 or fewer,*,*,*,*
"McCormick County, South Carolina(2)",45065,Rural,* ,*, *,* , * , *,3 or fewer,*,*,*,*
"McCulloch County, Texas(7)",48307,Rural,* ,*, *,* , * , *,3 or fewer,*,*,*,*
"McHenry County, North Dakota(2)",38049,Urban,* ,*, *,* , * , *,3 or fewer,*,*,*,*
"McIntosh County, North Dakota(2)",38051,Rural,* ,*, *,* , * , *,3 or fewer,*,*,*,*
"McKenzie County, North Dakota(2)",38053,Rural,* ,*, *,* , * , *,3 or fewer,*,*,*,*
"McLean County, North Dakota(2)",38055,Rural,* ,*, *,* , * , *,3 or fewer,*,*,*,*
"McMullen County, Texas(7)",48311,Rural,* ,*, *,* , * , *,3 or fewer,*,*,*,*
"McPherson County, Nebraska(2)",31117,Rural,* ,*, *,* , * , *,3 or fewer,*,*,*,*
"McPherson County, South Dakota(2)",46089,Rural,* ,*, *,* , * , *,3 or fewer,*,*,*,*
"Meagher County, Montana(2)",30059,Rural,* ,*, *,* , * , *,3 or fewer,*,*,*,*
"Mellette County, South Dakota(2)",46095,Rural,* ,*, *,* , * , *,3 or fewer,*,*,*,*
"Menard County, Texas(7)",48327,Rural,* ,*, *,* , * , *,3 or fewer,*,*,*,*
"Menifee County, Kentucky(7)",21165,Rural,* ,*, *,* , * , *,3 or fewer,*,*,*,*
"Menominee County, Wisconsin(2)",55078,Rural,* ,*, *,* , * , *,3 or fewer,*,*,*,*
"Mercer County, Missouri(2)",29129,Rural,* ,*, *,* , * , *,3 or fewer,*,*,*,*
"Mercer County, North Dakota(2)",38057,Rural,* ,*, *,* , * , *,3 or fewer,*,*,*,*
"Merrick County, Nebraska(2)",31121,Urban,* ,*, *,* , * , *,3 or fewer,*,*,*,*
"Metcalfe County, Kentucky(7)",21169,Rural,* ,*, *,* , * , *,3 or fewer,*,*,*,*
"Middlesex County, Virginia(2)",51119,Rural,* ,*, *,* , * , *,3 or fewer,*,*,*,*
"Millard County, Utah(7)",49027,Rural,* ,*, *,* , * , *,3 or fewer,*,*,*,*
"Miller County, Georgia(7)",13201,Rural,* ,*, *,* , * , *,3 or fewer,*,*,*,*
"Mills County, Texas(7)",48333,Rural,* ,*, *,* , * , *,3 or fewer,*,*,*,*
"Miner County, South Dakota(2)",46097,Rural,* ,*, *,* , * , *,3 or fewer,*,*,*,*
"Mineral County, Colorado(2)",08079,Rural,* ,*, *,* , * , *,3 or fewer,*,*,*,*
"Mineral County, Montana(2)",30061,Urban,* ,*, *,* , * , *,3 or fewer,*,*,*,*
"Mineral County, Nevada(2)",32021,Rural,* ,*, *,* , * , *,3 or fewer,*,*,*,*
"Minidoka County, Idaho(7)",16067,Rural,* ,*, *,* , * , *,3 or fewer,*,*,*,*
"Mitchell County, Texas(7)",48335,Rural,* ,*, *,* , * , *,3 or fewer,*,*,*,*
"Modoc County, California(7)",06049,Rural,* ,*, *,* , * , *,3 or fewer,*,*,*,*
"Moffat County, Colorado(2)",08081,Rural,* ,*, *,* , * , *,3 or fewer,*,*,*,*
"Mono County, California(7)",06051,Rural,* ,*, *,* , * , *,3 or fewer,*,*,*,*
"Monona County, Iowa(7)",19133,Rural,* ,*, *,* , * , *,3 or fewer,*,*,*,*
"Monroe County, Arkansas(2)",05095,Rural,* ,*, *,* , * , *,3 or fewer,*,*,*,*
"Monroe County, Missouri(2)",29137,Rural,* ,*, *,* , * , *,3 or fewer,*,*,*,*
"Monroe County, West Virginia(2)",54063,Rural,* ,*, *,* , * , *,3 or fewer,*,*,*,*
"Montgomery County, Arkansas(2)",05097,Rural,* ,*, *,* , * , *,3 or fewer,*,*,*,*
"Montgomery County, Georgia(7)",13209,Rural,* ,*, *,* , * , *,3 or fewer,*,*,*,*
"Montgomery County, Iowa(7)",19137,Rural,* ,*, *,* , * , *,3 or fewer,*,*,*,*
"Montgomery County, Mississippi(2)",28097,Rural,* ,*, *,* , * , *,3 or fewer,*,*,*,*
"Montmorency County, Michigan(2)",26119,Rural,* ,*, *,* , * , *,3 or fewer,*,*,*,*
"Moody County, South Dakota(2)",46101,Rural,* ,*, *,* , * , *,3 or fewer,*,*,*,*
"Moore County, Tennessee(2)",47127,Rural,* ,*, *,* , * , *,3 or fewer,*,*,*,*
"Mora County, New Mexico(7)",35033,Rural,* ,*, *,* , * , *,3 or fewer,*,*,*,*
"Morgan County, Utah(7)",49029,Urban,* ,*, *,* , * , *,3 or fewer,*,*,*,*
"Morrill County, Nebraska(2)",31123,Rural,* ,*, *,* , * , *,3 or fewer,*,*,*,*
"Motley County, Texas(7)",48345,Rural,* ,*, *,* , * , *,3 or fewer,*,*,*,*
"Mountrail County, North Dakota(2)",38061,Rural,* ,*, *,* , * , *,3 or fewer,*,*,*,*
"Musselshell County, Montana(2)",30065,Rural,* ,*, *,* , * , *,3 or fewer,*,*,*,*
"Nance County, Nebraska(2)",31125,Rural,* ,*, *,* , * , *,3 or fewer,*,*,*,*
"Nantucket County, Massachusetts(2)",25019,Rural,* ,*, *,* , * , *,3 or fewer,*,*,*,*
"Nelson County, North Dakota(2)",38063,Rural,* ,*, *,* , * , *,3 or fewer,*,*,*,*
"Nemaha County, Nebraska(2)",31127,Rural,* ,*, *,* , * , *,3 or fewer,*,*,*,*
"Newton County, Arkansas(2)",05101,Rural,* ,*, *,* , * , *,3 or fewer,*,*,*,*
"Nicholas County, Kentucky(7)",21181,Rural,* ,*, *,* , * , *,3 or fewer,*,*,*,*
"Niobrara County, Wyoming(2)",56027,Rural,* ,*, *,* , * , *,3 or fewer,*,*,*,*
"Nolan County, Texas(7)",48353,Rural,* ,*, *,* , * , *,3 or fewer,*,*,*,*
"Nome Census Area, Alaska(2)",02180,Rural,* ,*, *,* , * , *,3 or fewer,*,*,*,*
"Norman County, Minnesota(2)",27107,Rural,* ,*, *,* , * , *,3 or fewer,*,*,*,*
"North Slope Borough, Alaska(2)",02185,Rural,* ,*, *,* , * , *,3 or fewer,*,*,*,*
"Northwest Arctic Borough, Alaska(2)",02188,Rural,* ,*, *,* , * , *,3 or fewer,*,*,*,*
"Norton City, Virginia(2)",51720,Rural,* ,*, *,* , * , *,3 or fewer,*,*,*,*
"Nowata County, Oklahoma(2)",40105,Rural,* ,*, *,* , * , *,3 or fewer,*,*,*,*
"Nuckolls County, Nebraska(2)",31129,Rural,* ,*, *,* , * , *,3 or fewer,*,*,*,*
"Ochiltree County, Texas(7)",48357,Rural,* ,*, *,* , * , *,3 or fewer,*,*,*,*
"Oglala Lakota, South Dakota(2)",46102,Rural,* ,*, *,* , * , *,3 or fewer,*,*,*,*
"Ohio County, Indiana(2)",18115,Urban,* ,*, *,* , * , *,3 or fewer,*,*,*,*
"Oldham County, Texas(7)",48359,Urban,* ,*, *,* , * , *,3 or fewer,*,*,*,*
"Oliver County, North Dakota(2)",38065,Urban,* ,*, *,* , * , *,3 or fewer,*,*,*,*
"Oneida County, Idaho(7)",16071,Rural,* ,*, *,* , * , *,3 or fewer,*,*,*,*
"Ontonagon County, Michigan(2)",26131,Rural,* ,*, *,* , * , *,3 or fewer,*,*,*,*
"Osceola County, Iowa(7)",19143,Rural,* ,*, *,* , * , *,3 or fewer,*,*,*,*
"Oscoda County, Michigan(2)",26135,Rural,* ,*, *,* , * , *,3 or fewer,*,*,*,*
"Otero County, Colorado(2)",08089,Rural,* ,*, *,* , * , *,3 or fewer,*,*,*,*
"Ouray County, Colorado(2)",08091,Rural,* ,*, *,* , * , *,3 or fewer,*,*,*,*
"Owsley County, Kentucky(7)",21189,Rural,* ,*, *,* , * , *,3 or fewer,*,*,*,*
"Owyhee County, Idaho(7)",16073,Urban,* ,*, *,* , * , *,3 or fewer,*,*,*,*
"Ozark County, Missouri(2)",29153,Rural,* ,*, *,* , * , *,3 or fewer,*,*,*,*
"Palo Alto County, Iowa(7)",19147,Rural,* ,*, *,* , * , *,3 or fewer,*,*,*,*
"Park County, Colorado(2)",08093,Urban,* ,*, *,* , * , *,3 or fewer,*,*,*,*
"Parmer County, Texas(7)",48369,Rural,* ,*, *,* , * , *,3 or fewer,*,*,*,*
"Pawnee County, Nebraska(2)",31133,Rural,* ,*, *,* , * , *,3 or fewer,*,*,*,*
"Pecos County, Texas(7)",48371,Rural,* ,*, *,* , * , *,3 or fewer,*,*,*,*
"Pembina County, North Dakota(2)",38067,Rural,* ,*, *,* , * , *,3 or fewer,*,*,*,*
"Pendleton County, West Virginia(2)",54071,Rural,* ,*, *,* , * , *,3 or fewer,*,*,*,*
"Pepin County, Wisconsin(2)",55091,Rural,* ,*, *,* , * , *,3 or fewer,*,*,*,*
"Perkins County, Nebraska(2)",31135,Rural,* ,*, *,* , * , *,3 or fewer,*,*,*,*
"Perkins County, South Dakota(2)",46105,Rural,* ,*, *,* , * , *,3 or fewer,*,*,*,*
"Perry County, Arkansas(2)",05105,Urban,* ,*, *,* , * , *,3 or fewer,*,*,*,*
"Perry County, Tennessee(2)",47135,Rural,* ,*, *,* , * , *,3 or fewer,*,*,*,*
"Pershing County, Nevada(2)",32027,Rural,* ,*, *,* , * , *,3 or fewer,*,*,*,*
"Petersburg Census Area, Alaska(2)",02195,Rural,* ,*, *,* , * , *,3 or fewer,*,*,*,*
"Petroleum County, Montana(2)",30069,Rural,* ,*, *,* , * , *,3 or fewer,*,*,*,*
"Phelps County, Nebraska(2)",31137,Rural,* ,*, *,* , * , *,3 or fewer,*,*,*,*
"Phillips County, Colorado(2)",08095,Rural,* ,*, *,* , * , *,3 or fewer,*,*,*,*
"Phillips County, Montana(2)",30071,Rural,* ,*, *,* , * , *,3 or fewer,*,*,*,*
"Piatt County, Illinois(7)",17147,Urban,* ,*, *,* , * , *,3 or fewer,*,*,*,*
"Pickett County, Tennessee(2)",47137,Rural,* ,*, *,* , * , *,3 or fewer,*,*,*,*
"Pierce County, Nebraska(2)",31139,Rural,* ,*, *,* , * , *,3 or fewer,*,*,*,*
"Pierce County, North Dakota(2)",38069,Rural,* ,*, *,* , * , *,3 or fewer,*,*,*,*
"Pitkin County, Colorado(2)",08097,Rural,* ,*, *,* , * , *,3 or fewer,*,*,*,*
"Piute County, Utah(7)",49031,Rural,* ,*, *,* , * , *,3 or fewer,*,*,*,*
"Platte County, Wyoming(2)",56031,Rural,* ,*, *,* , * , *,3 or fewer,*,*,*,*
"Pleasants County, West Virginia(2)",54073,Rural,* ,*, *,* , * , *,3 or fewer,*,*,*,*
"Pocahontas County, Iowa(7)",19151,Rural,* ,*, *,* , * , *,3 or fewer,*,*,*,*
"Polk County, Nebraska(2)",31143,Rural,* ,*, *,* , * , *,3 or fewer,*,*,*,*
"Pondera County, Montana(2)",30073,Rural,* ,*, *,* , * , *,3 or fewer,*,*,*,*
"Pope County, Illinois(7)",17151,Rural,* ,*, *,* , * , *,3 or fewer,*,*,*,*
"Poquoson City, Virginia(2)",51735,Urban,* ,*, *,* , * , *,3 or fewer,*,*,*,*
"Potter County, South Dakota(2)",46107,Rural,* ,*, *,* , * , *,3 or fewer,*,*,*,*
"Powder River County, Montana(2)",30075,Rural,* ,*, *,* , * , *,3 or fewer,*,*,*,*
"Powell County, Montana(2)",30077,Rural,* ,*, *,* , * , *,3 or fewer,*,*,*,*
"Power County, Idaho(7)",16077,Rural,* ,*, *,* , * , *,3 or fewer,*,*,*,*
"Prairie County, Arkansas(2)",05117,Rural,* ,*, *,* , * , *,3 or fewer,*,*,*,*
"Prairie County, Montana(2)",30079,Rural,* ,*, *,* , * , *,3 or fewer,*,*,*,*
"Presidio County, Texas(7)",48377,Rural,* ,*, *,* , * , *,3 or fewer,*,*,*,*
"Price County, Wisconsin(2)",55099,Rural,* ,*, *,* , * , *,3 or fewer,*,*,*,*
"Prince of Wales-Hyder Census Area, Alaska(2)",02198,Rural,* ,*, *,* , * , *,3 or fewer,*,*,*,*
"Prowers County, Colorado(2)",08099,Rural,* ,*, *,* , * , *,3 or fewer,*,*,*,*
"Pulaski County, Georgia(7)",13235,Rural,* ,*, *,* , * , *,3 or fewer,*,*,*,*
"Pulaski County, Illinois(7)",17153,Rural,* ,*, *,* , * , *,3 or fewer,*,*,*,*
"Putnam County, Illinois(7)",17155,Rural,* ,*, *,* , * , *,3 or fewer,*,*,*,*
"Putnam County, Missouri(2)",29171,Rural,* ,*, *,* , * , *,3 or fewer,*,*,*,*
"Quay County, New Mexico(7)",35037,Rural,* ,*, *,* , * , *,3 or fewer,*,*,*,*
"Quitman County, Georgia(7)",13239,Rural,* ,*, *,* , * , *,3 or fewer,*,*,*,*
"Radford City, Virginia(2)",51750,Urban,* ,*, *,* , * , *,3 or fewer,*,*,*,*
"Rains County, Texas(7)",48379,Rural,* ,*, *,* , * , *,3 or fewer,*,*,*,*
"Ralls County, Missouri(2)",29173,Rural,* ,*, *,* , * , *,3 or fewer,*,*,*,*
"Randolph County, Georgia(7)",13243,Rural,* ,*, *,* , * , *,3 or fewer,*,*,*,*
"Ransom County, North Dakota(2)",38073,Rural,* ,*, *,* , * , *,3 or fewer,*,*,*,*
"Rappahannock County, Virginia(2)",51157,Urban,* ,*, *,* , * , *,3 or fewer,*,*,*,*
"Reagan County, Texas(7)",48383,Rural,* ,*, *,* , * , *,3 or fewer,*,*,*,*
"Real County, Texas(7)",48385,Rural,* ,*, *,* , * , *,3 or fewer,*,*,*,*
"Red Lake County, Minnesota(2)",27125,Rural,* ,*, *,* , * , *,3 or fewer,*,*,*,*
"Red River Parish, Louisiana(7)",22081,Rural,* ,*, *,* , * , *,3 or fewer,*,*,*,*
"Red Willow County, Nebraska(2)",31145,Rural,* ,*, *,* , * , *,3 or fewer,*,*,*,*
"Reeves County, Texas(7)",48389,Rural,* ,*, *,* , * , *,3 or fewer,*,*,*,*
"Refugio County, Texas(7)",48391,Rural,* ,*, *,* , * , *,3 or fewer,*,*,*,*
"Renville County, North Dakota(2)",38075,Urban,* ,*, *,* , * , *,3 or fewer,*,*,*,*
"Reynolds County, Missouri(2)",29179,Rural,* ,*, *,* , * , *,3 or fewer,*,*,*,*
"Rich County, Utah(7)",49033,Rural,* ,*, *,* , * , *,3 or fewer,*,*,*,*
"Richland County, Montana(2)",30083,Rural,* ,*, *,* , * , *,3 or fewer,*,*,*,*
"Ringgold County, Iowa(7)",19159,Rural,* ,*, *,* , * , *,3 or fewer,*,*,*,*
"Rio Blanco County, Colorado(2)",08103,Rural,* ,*, *,* , * , *,3 or fewer,*,*,*,*
"Rio Grande County, Colorado(2)",08105,Rural,* ,*, *,* , * , *,3 or fewer,*,*,*,*
"Ritchie County, West Virginia(2)",54085,Rural,* ,*, *,* , * , *,3 or fewer,*,*,*,*
"Roberts County, South Dakota(2)",46109,Rural,* ,*, *,* , * , *,3 or fewer,*,*,*,*
"Roberts County, Texas(7)",48393,Rural,* ,*, *,* , * , *,3 or fewer,*,*,*,*
"Robertson County, Kentucky(7)",21201,Rural,* ,*, *,* , * , *,3 or fewer,*,*,*,*
"Rock County, Minnesota(2)",27133,Urban,* ,*, *,* , * , *,3 or fewer,*,*,*,*
"Rock County, Nebraska(2)",31149,Rural,* ,*, *,* , * , *,3 or fewer,*,*,*,*
"Roger Mills County, Oklahoma(2)",40129,Rural,* ,*, *,* , * , *,3 or fewer,*,*,*,*
"Roosevelt County, Montana(2)",30085,Rural,* ,*, *,* , * , *,3 or fewer,*,*,*,*
"Rosebud County, Montana(2)",30087,Rural,* ,*, *,* , * , *,3 or fewer,*,*,*,*
"Routt County, Colorado(2)",08107,Rural,* ,*, *,* , * , *,3 or fewer,*,*,*,*
"Runnels County, Texas(7)",48399,Rural,* ,*, *,* , * , *,3 or fewer,*,*,*,*
"Rusk County, Wisconsin(2)",55107,Rural,* ,*, *,* , * , *,3 or fewer,*,*,*,*
"Saguache County, Colorado(2)",08109,Rural,* ,*, *,* , * , *,3 or fewer,*,*,*,*
"Saline County, Nebraska(2)",31151,Rural,* ,*, *,* , * , *,3 or fewer,*,*,*,*
"San Juan County, Colorado(2)",08111,Rural,* ,*, *,* , * , *,3 or fewer,*,*,*,*
"San Juan County, Utah(7)",49037,Rural,* ,*, *,* , * , *,3 or fewer,*,*,*,*
"San Miguel County, Colorado(2)",08113,Rural,* ,*, *,* , * , *,3 or fewer,*,*,*,*
"San Saba County, Texas(7)",48411,Rural,* ,*, *,* , * , *,3 or fewer,*,*,*,*
"Sanborn County, South Dakota(2)",46111,Rural,* ,*, *,* , * , *,3 or fewer,*,*,*,*
"Sanders County, Montana(2)",30089,Rural,* ,*, *,* , * , *,3 or fewer,*,*,*,*
"Sargent County, North Dakota(2)",38081,Rural,* ,*, *,* , * , *,3 or fewer,*,*,*,*
"Schleicher County, Texas(7)",48413,Rural,* ,*, *,* , * , *,3 or fewer,*,*,*,*
"Schley County, Georgia(7)",13249,Rural,* ,*, *,* , * , *,3 or fewer,*,*,*,*
"Schoolcraft County, Michigan(2)",26153,Rural,* ,*, *,* , * , *,3 or fewer,*,*,*,*
"Schuyler County, Illinois(7)",17169,Rural,* ,*, *,* , * , *,3 or fewer,*,*,*,*
"Schuyler County, Missouri(2)",29197,Rural,* ,*, *,* , * , *,3 or fewer,*,*,*,*
"Scotland County, Missouri(2)",29199,Rural,* ,*, *,* , * , *,3 or fewer,*,*,*,*
"Scott County, Arkansas(2)",05127,Rural,* ,*, *,* , * , *,3 or fewer,*,*,*,*
"Scott County, Illinois(7)",17171,Rural,* ,*, *,* , * , *,3 or fewer,*,*,*,*
"Screven County, Georgia(7)",13251,Rural,* ,*, *,* , * , *,3 or fewer,*,*,*,*
"Scurry County, Texas(7)",48415,Rural,* ,*, *,* , * , *,3 or fewer,*,*,*,*
"Searcy County, Arkansas(2)",05129,Rural,* ,*, *,* , * , *,3 or fewer,*,*,*,*
"Sedgwick County, Colorado(2)",08115,Rural,* ,*, *,* , * , *,3 or fewer,*,*,*,*
"Seminole County, Georgia(7)",13253,Rural,* ,*, *,* , * , *,3 or fewer,*,*,*,*
"Sevier County, Arkansas(2)",05133,Rural,* ,*, *,* , * , *,3 or fewer,*,*,*,*
"Sevier County, Utah(7)",49041,Rural,* ,*, *,* , * , *,3 or fewer,*,*,*,*
"Shackelford County, Texas(7)",48417,Rural,* ,*, *,* , * , *,3 or fewer,*,*,*,*
"Sharkey County, Mississippi(2)",28125,Rural,* ,*, *,* , * , *,3 or fewer,*,*,*,*
"Shelby County, Iowa(7)",19165,Rural,* ,*, *,* , * , *,3 or fewer,*,*,*,*
"Shelby County, Missouri(2)",29205,Rural,* ,*, *,* , * , *,3 or fewer,*,*,*,*
"Sheridan County, Montana(2)",30091,Rural,* ,*, *,* , * , *,3 or fewer,*,*,*,*
"Sheridan County, Nebraska(2)",31161,Rural,* ,*, *,* , * , *,3 or fewer,*,*,*,*
"Sheridan County, North Dakota(2)",38083,Rural,* ,*, *,* , * , *,3 or fewer,*,*,*,*
"Sherman County, Nebraska(2)",31163,Rural,* ,*, *,* , * , *,3 or fewer,*,*,*,*
"Sherman County, Oregon(2)",41055,Rural,* ,*, *,* , * , *,3 or fewer,*,*,*,*
"Sherman County, Texas(7)",48421,Rural,* ,*, *,* , * , *,3 or fewer,*,*,*,*
"Sierra County, California(7)",06091,Rural,* ,*, *,* , * , *,3 or fewer,*,*,*,*
"Sioux County, Nebraska(2)",31165,Rural,* ,*, *,* , * , *,3 or fewer,*,*,*,*
"Sioux County, North Dakota(2)",38085,Rural,* ,*, *,* , * , *,3 or fewer,*,*,*,*
"Sitka Borough, Alaska(2)",02220,Rural,* ,*, *,* , * , *,3 or fewer,*,*,*,*
"Skagway Municipality, Alaska(2)",02230,Rural,* ,*, *,* , * , *,3 or fewer,*,*,*,*
"Skamania County, Washington(2)",53059,Urban,* ,*, *,* , * , *,3 or fewer,*,*,*,*
"Slope County, North Dakota(2)",38087,Rural,* ,*, *,* , * , *,3 or fewer,*,*,*,*
"Socorro County, New Mexico(7)",35053,Rural,* ,*, *,* , * , *,3 or fewer,*,*,*,*
"Somervell County, Texas(7)",48425,Rural,* ,*, *,* , * , *,3 or fewer,*,*,*,*
"Southampton County, Virginia(2)",51175,Rural,* ,*, *,* , * , *,3 or fewer,*,*,*,*
"Southeast Fairbanks Census Area, Alaska(2)",02240,Rural,* ,*, *,* , * , *,3 or fewer,*,*,*,*
"Spink County, South Dakota(2)",46115,Rural,* ,*, *,* , * , *,3 or fewer,*,*,*,*
"St. Clair County, Missouri(2)",29185,Rural,* ,*, *,* , * , *,3 or fewer,*,*,*,*
"St. Helena Parish, Louisiana(7)",22091,Urban,* ,*, *,* , * , *,3 or fewer,*,*,*,*
"Stanley County, South Dakota(2)",46117,Rural,* ,*, *,* , * , *,3 or fewer,*,*,*,*
"Stanton County, Nebraska(2)",31167,Rural,* ,*, *,* , * , *,3 or fewer,*,*,*,*
"Stark County, Illinois(7)",17175,Urban,* ,*, *,* , * , *,3 or fewer,*,*,*,*
"Steele County, North Dakota(2)",38091,Rural,* ,*, *,* , * , *,3 or fewer,*,*,*,*
"Stephens County, Texas(7)",48429,Rural,* ,*, *,* , * , *,3 or fewer,*,*,*,*
"Sterling County, Texas(7)",48431,Rural,* ,*, *,* , * , *,3 or fewer,*,*,*,*
"Stevens County, Minnesota(2)",27149,Rural,* ,*, *,* , * , *,3 or fewer,*,*,*,*
"Stewart County, Georgia(7)",13259,Urban,* ,*, *,* , * , *,3 or fewer,*,*,*,*
"Stonewall County, Texas(7)",48433,Rural,* ,*, *,* , * , *,3 or fewer,*,*,*,*
"Storey County, Nevada(2)",32029,Urban,* ,*, *,* , * , *,3 or fewer,*,*,*,*
"Stutsman County, North Dakota(2)",38093,Rural,* ,*, *,* , * , *,3 or fewer,*,*,*,*
"Sublette County, Wyoming(2)",56035,Rural,* ,*, *,* , * , *,3 or fewer,*,*,*,*
"Sullivan County, Missouri(2)",29211,Rural,* ,*, *,* , * , *,3 or fewer,*,*,*,*
"Sullivan County, Pennsylvania(2)",42113,Rural,* ,*, *,* , * , *,3 or fewer,*,*,*,*
"Sully County, South Dakota(2)",46119,Rural,* ,*, *,* , * , *,3 or fewer,*,*,*,*
"Summit County, Colorado(2)",08117,Rural,* ,*, *,* , * , *,3 or fewer,*,*,*,*
"Surry County, Virginia(2)",51181,Urban,* ,*, *,* , * , *,3 or fewer,*,*,*,*
"Sussex County, Virginia(2)",51183,Urban,* ,*, *,* , * , *,3 or fewer,*,*,*,*
"Sutton County, Texas(7)",48435,Rural,* ,*, *,* , * , *,3 or fewer,*,*,*,*
"Sweet Grass County, Montana(2)",30097,Rural,* ,*, *,* , * , *,3 or fewer,*,*,*,*
"Swift County, Minnesota(2)",27151,Rural,* ,*, *,* , * , *,3 or fewer,*,*,*,*
"Swisher County, Texas(7)",48437,Rural,* ,*, *,* , * , *,3 or fewer,*,*,*,*
"Switzerland County, Indiana(2)",18155,Rural,* ,*, *,* , * , *,3 or fewer,*,*,*,*
"Talbot County, Georgia(7)",13263,Urban,* ,*, *,* , * , *,3 or fewer,*,*,*,*
"Taliaferro County, Georgia(7)",13265,Rural,* ,*, *,* , * , *,3 or fewer,*,*,*,*
"Taylor County, Georgia(7)",13269,Rural,* ,*, *,* , * , *,3 or fewer,*,*,*,*
"Taylor County, Iowa(7)",19173,Rural,* ,*, *,* , * , *,3 or fewer,*,*,*,*
"Telfair County, Georgia(7)",13271,Rural,* ,*, *,* , * , *,3 or fewer,*,*,*,*
"Tensas Parish, Louisiana(7)",22107,Rural,* ,*, *,* , * , *,3 or fewer,*,*,*,*
"Terrell County, Texas(7)",48443,Rural,* ,*, *,* , * , *,3 or fewer,*,*,*,*
"Terry County, Texas(7)",48445,Rural,* ,*, *,* , * , *,3 or fewer,*,*,*,*
"Teton County, Idaho(7)",16081,Rural,* ,*, *,* , * , *,3 or fewer,*,*,*,*
"Teton County, Montana(2)",30099,Rural,* ,*, *,* , * , *,3 or fewer,*,*,*,*
"Thayer County, Nebraska(2)",31169,Rural,* ,*, *,* , * , *,3 or fewer,*,*,*,*
"Thomas County, Nebraska(2)",31171,Rural,* ,*, *,* , * , *,3 or fewer,*,*,*,*
"Throckmorton County, Texas(7)",48447,Rural,* ,*, *,* , * , *,3 or fewer,*,*,*,*
"Thurston County, Nebraska(2)",31173,Rural,* ,*, *,* , * , *,3 or fewer,*,*,*,*
"Tillman County, Oklahoma(2)",40141,Rural,* ,*, *,* , * , *,3 or fewer,*,*,*,*
"Todd County, Kentucky(7)",21219,Rural,* ,*, *,* , * , *,3 or fewer,*,*,*,*
"Todd County, South Dakota(2)",46121,Rural,* ,*, *,* , * , *,3 or fewer,*,*,*,*
"Toole County, Montana(2)",30101,Rural,* ,*, *,* , * , *,3 or fewer,*,*,*,*
"Torrance County, New Mexico(7)",35057,Urban,* ,*, *,* , * , *,3 or fewer,*,*,*,*
"Towner County, North Dakota(2)",38095,Rural,* ,*, *,* , * , *,3 or fewer,*,*,*,*
"Traill County, North Dakota(2)",38097,Rural,* ,*, *,* , * , *,3 or fewer,*,*,*,*
"Traverse County, Minnesota(2)",27155,Rural,* ,*, *,* , * , *,3 or fewer,*,*,*,*
"Treasure County, Montana(2)",30103,Rural,* ,*, *,* , * , *,3 or fewer,*,*,*,*
"Treutlen County, Georgia(7)",13283,Rural,* ,*, *,* , * , *,3 or fewer,*,*,*,*
"Trimble County, Kentucky(7)",21223,Rural,* ,*, *,* , * , *,3 or fewer,*,*,*,*
"Trinity County, California(7)",06105,Rural,* ,*, *,* , * , *,3 or fewer,*,*,*,*
"Tripp County, South Dakota(2)",46123,Rural,* ,*, *,* , * , *,3 or fewer,*,*,*,*
"Tucker County, West Virginia(2)",54093,Rural,* ,*, *,* , * , *,3 or fewer,*,*,*,*
"Tunica County, Mississippi(2)",28143,Urban,* ,*, *,* , * , *,3 or fewer,*,*,*,*
"Turner County, Georgia(7)",13287,Rural,* ,*, *,* , * , *,3 or fewer,*,*,*,*
"Turner County, South Dakota(2)",46125,Urban,* ,*, *,* , * , *,3 or fewer,*,*,*,*
"Twiggs County, Georgia(7)",13289,Urban,* ,*, *,* , * , *,3 or fewer,*,*,*,*
"Tyrrell County, North Carolina(2)",37177,Rural,* ,*, *,* , * , *,3 or fewer,*,*,*,*
"Union County, Indiana(2)",18161,Rural,* ,*, *,* , * , *,3 or fewer,*,*,*,*
"Union County, Iowa(7)",19175,Rural,* ,*, *,* , * , *,3 or fewer,*,*,*,*
"Union County, Kentucky(7)",21225,Rural,* ,*, *,* , * , *,3 or fewer,*,*,*,*
"Union County, New Mexico(7)",35059,Rural,* ,*, *,* , * , *,3 or fewer,*,*,*,*
"Union County, Tennessee(2)",47173,Urban,* ,*, *,* , * , *,3 or fewer,*,*,*,*
"Upton County, Texas(7)",48461,Rural,* ,*, *,* , * , *,3 or fewer,*,*,*,*
"Valdez-Cordova Census Area, Alaska(2)",02261,Rural,* ,*, *,* , * , *,3 or fewer,*,*,*,*
"Valley County, Idaho(7)",16085,Rural,* ,*, *,* , * , *,3 or fewer,*,*,*,*
"Valley County, Montana(2)",30105,Rural,* ,*, *,* , * , *,3 or fewer,*,*,*,*
"Valley County, Nebraska(2)",31175,Rural,* ,*, *,* , * , *,3 or fewer,*,*,*,*
"Van Buren County, Iowa(7)",19177,Rural,* ,*, *,* , * , *,3 or fewer,*,*,*,*
"Van Buren County, Tennessee(2)",47175,Rural,* ,*, *,* , * , *,3 or fewer,*,*,*,*
"Vinton County, Ohio(2)",39163,Rural,* ,*, *,* , * , *,3 or fewer,*,*,*,*
"Wabash County, Illinois(7)",17185,Rural,* ,*, *,* , * , *,3 or fewer,*,*,*,*
"Wadena County, Minnesota(2)",27159,Rural,* ,*, *,* , * , *,3 or fewer,*,*,*,*
"Wahkiakum County, Washington(2)",53069,Rural,* ,*, *,* , * , *,3 or fewer,*,*,*,*
"Wallowa County, Oregon(2)",41063,Rural,* ,*, *,* , * , *,3 or fewer,*,*,*,*
"Walsh County, North Dakota(2)",38099,Rural,* ,*, *,* , * , *,3 or fewer,*,*,*,*
"Walworth County, South Dakota(2)",46129,Rural,* ,*, *,* , * , *,3 or fewer,*,*,*,*
"Ward County, Texas(7)",48475,Rural,* ,*, *,* , * , *,3 or fewer,*,*,*,*
"Warren County, Georgia(7)",13301,Rural,* ,*, *,* , * , *,3 or fewer,*,*,*,*
"Warren County, Illinois(7)",17187,Rural,* ,*, *,* , * , *,3 or fewer,*,*,*,*
"Warren County, Indiana(2)",18171,Urban,* ,*, *,* , * , *,3 or fewer,*,*,*,*
"Washakie County, Wyoming(2)",56043,Rural,* ,*, *,* , * , *,3 or fewer,*,*,*,*
"Washington County, Colorado(2)",08121,Rural,* ,*, *,* , * , *,3 or fewer,*,*,*,*
"Washington County, Illinois(7)",17189,Rural,* ,*, *,* , * , *,3 or fewer,*,*,*,*
"Washita County, Oklahoma(2)",40149,Rural,* ,*, *,* , * , *,3 or fewer,*,*,*,*
"Watonwan County, Minnesota(2)",27165,Rural,* ,*, *,* , * , *,3 or fewer,*,*,*,*
"Wayne County, Iowa(7)",19185,Rural,* ,*, *,* , * , *,3 or fewer,*,*,*,*
"Wayne County, Nebraska(2)",31179,Rural,* ,*, *,* , * , *,3 or fewer,*,*,*,*
"Wayne County, Utah(7)",49055,Rural,* ,*, *,* , * , *,3 or fewer,*,*,*,*
"Webster County, Georgia(7)",13307,Rural,* ,*, *,* , * , *,3 or fewer,*,*,*,*
"Webster County, Nebraska(2)",31181,Rural,* ,*, *,* , * , *,3 or fewer,*,*,*,*
"Wells County, North Dakota(2)",38103,Rural,* ,*, *,* , * , *,3 or fewer,*,*,*,*
"West Feliciana Parish, Louisiana(7)",22125,Urban,* ,*, *,* , * , *,3 or fewer,*,*,*,*
"Weston County, Wyoming(2)",56045,Rural,* ,*, *,* , * , *,3 or fewer,*,*,*,*
"Wheatland County, Montana(2)",30107,Rural,* ,*, *,* , * , *,3 or fewer,*,*,*,*
"Wheeler County, Georgia(7)",13309,Rural,* ,*, *,* , * , *,3 or fewer,*,*,*,*
"Wheeler County, Nebraska(2)",31183,Rural,* ,*, *,* , * , *,3 or fewer,*,*,*,*
"Wheeler County, Oregon(2)",41069,Rural,* ,*, *,* , * , *,3 or fewer,*,*,*,*
"Wheeler County, Texas(7)",48483,Rural,* ,*, *,* , * , *,3 or fewer,*,*,*,*
"White County, Illinois(7)",17193,Rural,* ,*, *,* , * , *,3 or fewer,*,*,*,*
"White Pine County, Nevada(2)",32033,Rural,* ,*, *,* , * , *,3 or fewer,*,*,*,*
"Whitman County, Washington(2)",53075,Rural,* ,*, *,* , * , *,3 or fewer,*,*,*,*
"Wibaux County, Montana(2)",30109,Rural,* ,*, *,* , * , *,3 or fewer,*,*,*,*
"Wilcox County, Georgia(7)",13315,Rural,* ,*, *,* , * , *,3 or fewer,*,*,*,*
"Wilkin County, Minnesota(2)",27167,Rural,* ,*, *,* , * , *,3 or fewer,*,*,*,*
"Wilkinson County, Georgia(7)",13319,Rural,* ,*, *,* , * , *,3 or fewer,*,*,*,*
"Wilkinson County, Mississippi(2)",28157,Rural,* ,*, *,* , * , *,3 or fewer,*,*,*,*
"Williamsburg City, Virginia(2)",51830,Urban,* ,*, *,* , * , *,3 or fewer,*,*,*,*
"Winkler County, Texas(7)",48495,Rural,* ,*, *,* , * , *,3 or fewer,*,*,*,*
"Wirt County, West Virginia(2)",54105,Urban,* ,*, *,* , * , *,3 or fewer,*,*,*,*
"Woodruff County, Arkansas(2)",05147,Rural,* ,*, *,* , * , *,3 or fewer,*,*,*,*
"Woods County, Oklahoma(2)",40151,Rural,* ,*, *,* , * , *,3 or fewer,*,*,*,*
"Worth County, Iowa(7)",19195,Rural,* ,*, *,* , * , *,3 or fewer,*,*,*,*
"Worth County, Missouri(2)",29227,Rural,* ,*, *,* , * , *,3 or fewer,*,*,*,*
"Wrangell Borough, Alaska(2)",02275,Rural,* ,*, *,* , * , *,3 or fewer,*,*,*,*
"Yakutat City and Borough, Alaska(2)",02282,Rural,* ,*, *,* , * , *,3 or fewer,*,*,*,*
"Yellow Medicine County, Minnesota(2)",27173,Rural,* ,*, *,* , * , *,3 or fewer,*,*,*,*
"Yoakum County, Texas(7)",48501,Rural,* ,*, *,* , * , *,3 or fewer,*,*,*,*
"Yukon-Koyukuk Census Area, Alaska(2)",02290,Rural,* ,*, *,* , * , *,3 or fewer,*,*,*,*
"Yuma County, Colorado(2)",08125,Rural,* ,*, *,* , * , *,3 or fewer,*,*,*,*
"Zapata County, Texas(7)",48505,Rural,* ,*, *,* , * , *,3 or fewer,*,*,*,*
"Zavala County, Texas(7)",48507,Rural,* ,*, *,* , * , *,3 or fewer,*,*,*,*
"Ziebach County, South Dakota(2)",46137,Rural,* ,*, *,* , * , *,3 or fewer,*,*,*,*
"Allen County, Kansas(2)",20001,Rural,[P1 note] ,[P1 note], [P1 note],&para; , &para; , &para;,[P1 note],[P1 note],[P1 note],[P1 note],[P1 note]
"Anderson County, Kansas(2)",20003,Rural,[P1 note] ,[P1 note], [P1 note],&para; , &para; , &para;,[P1 note],[P1 note],[P1 note],[P1 note],[P1 note]
"Atchison County, Kansas(2)",20005,Rural,[P1 note] ,[P1 note], [P1 note],&para; , &para; , &para;,[P1 note],[P1 note],[P1 note],[P1 note],[P1 note]
"Barber County, Kansas(2)",20007,Rural,[P1 note] ,[P1 note], [P1 note],&para; , &para; , &para;,[P1 note],[P1 note],[P1 note],[P1 note],[P1 note]
"Barton County, Kansas(2)",20009,Rural,[P1 note] ,[P1 note], [P1 note],&para; , &para; , &para;,[P1 note],[P1 note],[P1 note],[P1 note],[P1 note]
"Bourbon County, Kansas(2)",20011,Rural,[P1 note] ,[P1 note], [P1 note],&para; , &para; , &para;,[P1 note],[P1 note],[P1 note],[P1 note],[P1 note]
"Brown County, Kansas(2)",20013,Rural,[P1 note] ,[P1 note], [P1 note],&para; , &para; , &para;,[P1 note],[P1 note],[P1 note],[P1 note],[P1 note]
"Butler County, Kansas(2)",20015,Urban,[P1 note] ,[P1 note], [P1 note],&para; , &para; , &para;,[P1 note],[P1 note],[P1 note],[P1 note],[P1 note]
"Chase County, Kansas(2)",20017,Rural,[P1 note] ,[P1 note], [P1 note],&para; , &para; , &para;,[P1 note],[P1 note],[P1 note],[P1 note],[P1 note]
"Chautauqua County, Kansas(2)",20019,Rural,[P1 note] ,[P1 note], [P1 note],&para; , &para; , &para;,[P1 note],[P1 note],[P1 note],[P1 note],[P1 note]
"Cherokee County, Kansas(2)",20021,Urban,[P1 note] ,[P1 note], [P1 note],&para; , &para; , &para;,[P1 note],[P1 note],[P1 note],[P1 note],[P1 note]
"Cheyenne County, Kansas(2)",20023,Rural,[P1 note] ,[P1 note], [P1 note],&para; , &para; , &para;,[P1 note],[P1 note],[P1 note],[P1 note],[P1 note]
"Clark County, Kansas(2)",20025,Rural,[P1 note] ,[P1 note], [P1 note],&para; , &para; , &para;,[P1 note],[P1 note],[P1 note],[P1 note],[P1 note]
"Clay County, Kansas(2)",20027,Rural,[P1 note] ,[P1 note], [P1 note],&para; , &para; , &para;,[P1 note],[P1 note],[P1 note],[P1 note],[P1 note]
"Cloud County, Kansas(2)",20029,Rural,[P1 note] ,[P1 note], [P1 note],&para; , &para; , &para;,[P1 note],[P1 note],[P1 note],[P1 note],[P1 note]
"Coffey County, Kansas(2)",20031,Rural,[P1 note] ,[P1 note], [P1 note],&para; , &para; , &para;,[P1 note],[P1 note],[P1 note],[P1 note],[P1 note]
"Comanche County, Kansas(2)",20033,Rural,[P1 note] ,[P1 note], [P1 note],&para; , &para; , &para;,[P1 note],[P1 note],[P1 note],[P1 note],[P1 note]
"Cowley County, Kansas(2)",20035,Rural,[P1 note] ,[P1 note], [P1 note],&para; , &para; , &para;,[P1 note],[P1 note],[P1 note],[P1 note],[P1 note]
"Crawford County, Kansas(2)",20037,Rural,[P1 note] ,[P1 note], [P1 note],&para; , &para; , &para;,[P1 note],[P1 note],[P1 note],[P1 note],[P1 note]
"Decatur County, Kansas(2)",20039,Rural,[P1 note] ,[P1 note], [P1 note],&para; , &para; , &para;,[P1 note],[P1 note],[P1 note],[P1 note],[P1 note]
"Dickinson County, Kansas(2)",20041,Rural,[P1 note] ,[P1 note], [P1 note],&para; , &para; , &para;,[P1 note],[P1 note],[P1 note],[P1 note],[P1 note]
"Doniphan County, Kansas(2)",20043,Urban,[P1 note] ,[P1 note], [P1 note],&para; , &para; , &para;,[P1 note],[P1 note],[P1 note],[P1 note],[P1 note]
"Douglas County, Kansas(2)",20045,Urban,[P1 note] ,[P1 note], [P1 note],&para; , &para; , &para;,[P1 note],[P1 note],[P1 note],[P1 note],[P1 note]
"Edwards County, Kansas(2)",20047,Rural,[P1 note] ,[P1 note], [P1 note],&para; , &para; , &para;,[P1 note],[P1 note],[P1 note],[P1 note],[P1 note]
"Elk County, Kansas(2)",20049,Rural,[P1 note] ,[P1 note], [P1 note],&para; , &para; , &para;,[P1 note],[P1 note],[P1 note],[P1 note],[P1 note]
"Ellis County, Kansas(2)",20051,Rural,[P1 note] ,[P1 note], [P1 note],&para; , &para; , &para;,[P1 note],[P1 note],[P1 note],[P1 note],[P1 note]
"Ellsworth County, Kansas(2)",20053,Rural,[P1 note] ,[P1 note], [P1 note],&para; , &para; , &para;,[P1 note],[P1 note],[P1 note],[P1 note],[P1 note]
"Finney County, Kansas(2)",20055,Rural,[P1 note] ,[P1 note], [P1 note],&para; , &para; , &para;,[P1 note],[P1 note],[P1 note],[P1 note],[P1 note]
"Ford County, Kansas(2)",20057,Rural,[P1 note] ,[P1 note], [P1 note],&para; , &para; , &para;,[P1 note],[P1 note],[P1 note],[P1 note],[P1 note]
"Franklin County, Kansas(2)",20059,Rural,[P1 note] ,[P1 note], [P1 note],&para; , &para; , &para;,[P1 note],[P1 note],[P1 note],[P1 note],[P1 note]
"Geary County, Kansas(2)",20061,Urban,[P1 note] ,[P1 note], [P1 note],&para; , &para; , &para;,[P1 note],[P1 note],[P1 note],[P1 note],[P1 note]
"Gove County, Kansas(2)",20063,Rural,[P1 note] ,[P1 note], [P1 note],&para; , &para; , &para;,[P1 note],[P1 note],[P1 note],[P1 note],[P1 note]
"Graham County, Kansas(2)",20065,Rural,[P1 note] ,[P1 note], [P1 note],&para; , &para; , &para;,[P1 note],[P1 note],[P1 note],[P1 note],[P1 note]
"Grant County, Kansas(2)",20067,Rural,[P1 note] ,[P1 note], [P1 note],&para; , &para; , &para;,[P1 note],[P1 note],[P1 note],[P1 note],[P1 note]
"Gray County, Kansas(2)",20069,Rural,[P1 note] ,[P1 note], [P1 note],&para; , &para; , &para;,[P1 note],[P1 note],[P1 note],[P1 note],[P1 note]
"Greeley County, Kansas(2)",20071,Rural,[P1 note] ,[P1 note], [P1 note],&para; , &para; , &para;,[P1 note],[P1 note],[P1 note],[P1 note],[P1 note]
"Greenwood County, Kansas(2)",20073,Rural,[P1 note] ,[P1 note], [P1 note],&para; , &para; , &para;,[P1 note],[P1 note],[P1 note],[P1 note],[P1 note]
"Hamilton County, Kansas(2)",20075,Rural,[P1 note] ,[P1 note], [P1 note],&para; , &para; , &para;,[P1 note],[P1 note],[P1 note],[P1 note],[P1 note]
"Harper County, Kansas(2)",20077,Rural,[P1 note] ,[P1 note], [P1 note],&para; , &para; , &para;,[P1 note],[P1 note],[P1 note],[P1 note],[P1 note]
"Harvey County, Kansas(2)",20079,Urban,[P1 note] ,[P1 note], [P1 note],&para; , &para; , &para;,[P1 note],[P1 note],[P1 note],[P1 note],[P1 note]
"Haskell County, Kansas(2)",20081,Rural,[P1 note] ,[P1 note], [P1 note],&para; , &para; , &para;,[P1 note],[P1 note],[P1 note],[P1 note],[P1 note]
"Hodgeman County, Kansas(2)",20083,Rural,[P1 note] ,[P1 note], [P1 note],&para; , &para; , &para;,[P1 note],[P1 note],[P1 note],[P1 note],[P1 note]
"Jackson County, Kansas(2)",20085,Urban,[P1 note] ,[P1 note], [P1 note],&para; , &para; , &para;,[P1 note],[P1 note],[P1 note],[P1 note],[P1 note]
"Jefferson County, Kansas(2)",20087,Urban,[P1 note] ,[P1 note], [P1 note],&para; , &para; , &para;,[P1 note],[P1 note],[P1 note],[P1 note],[P1 note]
"Jewell County, Kansas(2)",20089,Rural,[P1 note] ,[P1 note], [P1 note],&para; , &para; , &para;,[P1 note],[P1 note],[P1 note],[P1 note],[P1 note]
"Johnson County, Kansas(2)",20091,Urban,[P1 note] ,[P1 note], [P1 note],&para; , &para; , &para;,[P1 note],[P1 note],[P1 note],[P1 note],[P1 note]
"Kearny County, Kansas(2)",20093,Rural,[P1 note] ,[P1 note], [P1 note],&para; , &para; , &para;,[P1 note],[P1 note],[P1 note],[P1 note],[P1 note]
"Kingman County, Kansas(2)",20095,Rural,[P1 note] ,[P1 note], [P1 note],&para; , &para; , &para;,[P1 note],[P1 note],[P1 note],[P1 note],[P1 note]
"Kiowa County, Kansas(2)",20097,Rural,[P1 note] ,[P1 note], [P1 note],&para; , &para; , &para;,[P1 note],[P1 note],[P1 note],[P1 note],[P1 note]
"Labette County, Kansas(2)",20099,Rural,[P1 note] ,[P1 note], [P1 note],&para; , &para; , &para;,[P1 note],[P1 note],[P1 note],[P1 note],[P1 note]
"Lane County, Kansas(2)",20101,Rural,[P1 note] ,[P1 note], [P1 note],&para; , &para; , &para;,[P1 note],[P1 note],[P1 note],[P1 note],[P1 note]
"Leavenworth County, Kansas(2)",20103,Urban,[P1 note] ,[P1 note], [P1 note],&para; , &para; , &para;,[P1 note],[P1 note],[P1 note],[P1 note],[P1 note]
"Lincoln County, Kansas(2)",20105,Rural,[P1 note] ,[P1 note], [P1 note],&para; , &para; , &para;,[P1 note],[P1 note],[P1 note],[P1 note],[P1 note]
"Linn County, Kansas(2)",20107,Urban,[P1 note] ,[P1 note], [P1 note],&para; , &para; , &para;,[P1 note],[P1 note],[P1 note],[P1 note],[P1 note]
"Logan County, Kansas(2)",20109,Rural,[P1 note] ,[P1 note], [P1 note],&para; , &para; , &para;,[P1 note],[P1 note],[P1 note],[P1 note],[P1 note]
"Lyon County, Kansas(2)",20111,Rural,[P1 note] ,[P1 note], [P1 note],&para; , &para; , &para;,[P1 note],[P1 note],[P1 note],[P1 note],[P1 note]
"Marion County, Kansas(2)",20115,Rural,[P1 note] ,[P1 note], [P1 note],&para; , &para; , &para;,[P1 note],[P1 note],[P1 note],[P1 note],[P1 note]
"Marshall County, Kansas(2)",20117,Rural,[P1 note] ,[P1 note], [P1 note],&para; , &para; , &para;,[P1 note],[P1 note],[P1 note],[P1 note],[P1 note]
"McPherson County, Kansas(2)",20113,Rural,[P1 note] ,[P1 note], [P1 note],&para; , &para; , &para;,[P1 note],[P1 note],[P1 note],[P1 note],[P1 note]
"Meade County, Kansas(2)",20119,Rural,[P1 note] ,[P1 note], [P1 note],&para; , &para; , &para;,[P1 note],[P1 note],[P1 note],[P1 note],[P1 note]
"Miami County, Kansas(2)",20121,Urban,[P1 note] ,[P1 note], [P1 note],&para; , &para; , &para;,[P1 note],[P1 note],[P1 note],[P1 note],[P1 note]
"Mitchell County, Kansas(2)",20123,Rural,[P1 note] ,[P1 note], [P1 note],&para; , &para; , &para;,[P1 note],[P1 note],[P1 note],[P1 note],[P1 note]
"Montgomery County, Kansas(2)",20125,Rural,[P1 note] ,[P1 note], [P1 note],&para; , &para; , &para;,[P1 note],[P1 note],[P1 note],[P1 note],[P1 note]
"Morris County, Kansas(2)",20127,Rural,[P1 note] ,[P1 note], [P1 note],&para; , &para; , &para;,[P1 note],[P1 note],[P1 note],[P1 note],[P1 note]
"Morton County, Kansas(2)",20129,Rural,[P1 note] ,[P1 note], [P1 note],&para; , &para; , &para;,[P1 note],[P1 note],[P1 note],[P1 note],[P1 note]
"Nemaha County, Kansas(2)",20131,Rural,[P1 note] ,[P1 note], [P1 note],&para; , &para; , &para;,[P1 note],[P1 note],[P1 note],[P1 note],[P1 note]
"Neosho County, Kansas(2)",20133,Rural,[P1 note] ,[P1 note], [P1 note],&para; , &para; , &para;,[P1 note],[P1 note],[P1 note],[P1 note],[P1 note]
"Ness County, Kansas(2)",20135,Rural,[P1 note] ,[P1 note], [P1 note],&para; , &para; , &para;,[P1 note],[P1 note],[P1 note],[P1 note],[P1 note]
"Norton County, Kansas(2)",20137,Rural,[P1 note] ,[P1 note], [P1 note],&para; , &para; , &para;,[P1 note],[P1 note],[P1 note],[P1 note],[P1 note]
"Osage County, Kansas(2)",20139,Urban,[P1 note] ,[P1 note], [P1 note],&para; , &para; , &para;,[P1 note],[P1 note],[P1 note],[P1 note],[P1 note]
"Osborne County, Kansas(2)",20141,Rural,[P1 note] ,[P1 note], [P1 note],&para; , &para; , &para;,[P1 note],[P1 note],[P1 note],[P1 note],[P1 note]
"Ottawa County, Kansas(2)",20143,Rural,[P1 note] ,[P1 note], [P1 note],&para; , &para; , &para;,[P1 note],[P1 note],[P1 note],[P1 note],[P1 note]
"Pawnee County, Kansas(2)",20145,Rural,[P1 note] ,[P1 note], [P1 note],&para; , &para; , &para;,[P1 note],[P1 note],[P1 note],[P1 note],[P1 note]
"Phillips County, Kansas(2)",20147,Rural,[P1 note] ,[P1 note], [P1 note],&para; , &para; , &para;,[P1 note],[P1 note],[P1 note],[P1 note],[P1 note]
"Pottawatomie County, Kansas(2)",20149,Urban,[P1 note] ,[P1 note], [P1 note],&para; , &para; , &para;,[P1 note],[P1 note],[P1 note],[P1 note],[P1 note]
"Pratt County, Kansas(2)",20151,Rural,[P1 note] ,[P1 note], [P1 note],&para; , &para; , &para;,[P1 note],[P1 note],[P1 note],[P1 note],[P1 note]
"Rawlins County, Kansas(2)",20153,Rural,[P1 note] ,[P1 note], [P1 note],&para; , &para; , &para;,[P1 note],[P1 note],[P1 note],[P1 note],[P1 note]
"Reno County, Kansas(2)",20155,Rural,[P1 note] ,[P1 note], [P1 note],&para; , &para; , &para;,[P1 note],[P1 note],[P1 note],[P1 note],[P1 note]
"Republic County, Kansas(2)",20157,Rural,[P1 note] ,[P1 note], [P1 note],&para; , &para; , &para;,[P1 note],[P1 note],[P1 note],[P1 note],[P1 note]
"Rice County, Kansas(2)",20159,Rural,[P1 note] ,[P1 note], [P1 note],&para; , &para; , &para;,[P1 note],[P1 note],[P1 note],[P1 note],[P1 note]
"Riley County, Kansas(2)",20161,Urban,[P1 note] ,[P1 note], [P1 note],&para; , &para; , &para;,[P1 note],[P1 note],[P1 note],[P1 note],[P1 note]
"Rooks County, Kansas(2)",20163,Rural,[P1 note] ,[P1 note], [P1 note],&para; , &para; , &para;,[P1 note],[P1 note],[P1 note],[P1 note],[P1 note]
"Rush County, Kansas(2)",20165,Rural,[P1 note] ,[P1 note], [P1 note],&para; , &para; , &para;,[P1 note],[P1 note],[P1 note],[P1 note],[P1 note]
"Russell County, Kansas(2)",20167,Rural,[P1 note] ,[P1 note], [P1 note],&para; , &para; , &para;,[P1 note],[P1 note],[P1 note],[P1 note],[P1 note]
"Saline County, Kansas(2)",20169,Rural,[P1 note] ,[P1 note], [P1 note],&para; , &para; , &para;,[P1 note],[P1 note],[P1 note],[P1 note],[P1 note]
"Scott County, Kansas(2)",20171,Rural,[P1 note] ,[P1 note], [P1 note],&para; , &para; , &para;,[P1 note],[P1 note],[P1 note],[P1 note],[P1 note]
"Sedgwick County, Kansas(2)",20173,Urban,[P1 note] ,[P1 note], [P1 note],&para; , &para; , &para;,[P1 note],[P1 note],[P1 note],[P1 note],[P1 note]
"Seward County, Kansas(2)",20175,Rural,[P1 note] ,[P1 note], [P1 note],&para; , &para; , &para;,[P1 note],[P1 note],[P1 note],[P1 note],[P1 note]
"Shawnee County, Kansas(2)",20177,Urban,[P1 note] ,[P1 note], [P1 note],&para; , &para; , &para;,[P1 note],[P1 note],[P1 note],[P1 note],[P1 note]
"Sheridan County, Kansas(2)",20179,Rural,[P1 note] ,[P1 note], [P1 note],&para; , &para; , &para;,[P1 note],[P1 note],[P1 note],[P1 note],[P1 note]
"Sherman County, Kansas(2)",20181,Rural,[P1 note] ,[P1 note], [P1 note],&para; , &para; , &para;,[P1 note],[P1 note],[P1 note],[P1 note],[P1 note]
"Smith County, Kansas(2)",20183,Rural,[P1 note] ,[P1 note], [P1 note],&para; , &para; , &para;,[P1 note],[P1 note],[P1 note],[P1 note],[P1 note]
"Stafford County, Kansas(2)",20185,Rural,[P1 note] ,[P1 note], [P1 note],&para; , &para; , &para;,[P1 note],[P1 note],[P1 note],[P1 note],[P1 note]
"Stanton County, Kansas(2)",20187,Rural,[P1 note] ,[P1 note], [P1 note],&para; , &para; , &para;,[P1 note],[P1 note],[P1 note],[P1 note],[P1 note]
"Stevens County, Kansas(2)",20189,Rural,[P1 note] ,[P1 note], [P1 note],&para; , &para; , &para;,[P1 note],[P1 note],[P1 note],[P1 note],[P1 note]
"Sumner County, Kansas(2)",20191,Urban,[P1 note] ,[P1 note], [P1 note],&para; , &para; , &para;,[P1 note],[P1 note],[P1 note],[P1 note],[P1 note]
"Thomas County, Kansas(2)",20193,Rural,[P1 note] ,[P1 note], [P1 note],&para; , &para; , &para;,[P1 note],[P1 note],[P1 note],[P1 note],[P1 note]
"Trego County, Kansas(2)",20195,Rural,[P1 note] ,[P1 note], [P1 note],&para; , &para; , &para;,[P1 note],[P1 note],[P1 note],[P1 note],[P1 note]
"Wabaunsee County, Kansas(2)",20197,Urban,[P1 note] ,[P1 note], [P1 note],&para; , &para; , &para;,[P1 note],[P1 note],[P1 note],[P1 note],[P1 note]
"Wallace County, Kansas(2)",20199,Rural,[P1 note] ,[P1 note], [P1 note],&para; , &para; , &para;,[P1 note],[P1 note],[P1 note],[P1 note],[P1 note]
"Washington County, Kansas(2)",20201,Rural,[P1 note] ,[P1 note], [P1 note],&para; , &para; , &para;,[P1 note],[P1 note],[P1 note],[P1 note],[P1 note]
"Wichita County, Kansas(2)",20203,Rural,[P1 note] ,[P1 note], [P1 note],&para; , &para; , &para;,[P1 note],[P1 note],[P1 note],[P1 note],[P1 note]
"Wilson County, Kansas(2)",20205,Rural,[P1 note] ,[P1 note], [P1 note],&para; , &para; , &para;,[P1 note],[P1 note],[P1 note],[P1 note],[P1 note]
"Woodson County, Kansas(2)",20207,Rural,[P1 note] ,[P1 note], [P1 note],&para; , &para; , &para;,[P1 note],[P1 note],[P1 note],[P1 note],[P1 note]
"Wyandotte County, Kansas(2)",20209,Urban,[P1 note] ,[P1 note], [P1 note],&para; , &para; , &para;,[P1 note],[P1 note],[P1 note],[P1 note],[P1 note]