County,FIPS,2023 Rural-Urban Continuum Codes([rural urban note]),"Age-Adjusted Incidence Rate([rate note]) - cases per 100,000","Lower 95% Confidence Interval","Upper 95% Confidence Interval","CI*Rank([rank note])","Lower CI (CI*Rank)","Upper CI (CI*Rank)",Average Annual Count,Recent Trend,"Recent 5-Year Trend ([trend note]) in Incidence Rates","Lower 95% Confidence Interval","Upper 95% Confidence Interval"
"US (SEER+NPCR)(1)",00000,N/A,58.2 ,58.1, 58.4,N/A , N/A , N/A,112392,falling,-4.3 ,-4.8, -3.9
"Union County, Florida(2)",12125,Rural,210.8 ,174.5, 253,N/A , N/A , N/A,26,falling,-3.4 ,-5.1, -1.7
"Rockcastle County, Kentucky(7)",21203,Rural,178.1 ,143.1, 219.9,N/A , N/A , N/A,19,stable,0.6 ,-1.5, 3.0
"Owsley County, Kentucky(7)",21189,Rural,163.8 ,102.5, 252.5,N/A , N/A , N/A,5,falling,-39.0 ,-61.8, -3.5
"Alexander County, Illinois(7)",17003,Urban,162 ,112.9, 230.9,N/A , N/A , N/A,7,stable,-1.6 ,-4.4, 1.0
"Fulton County, Kentucky(7)",21075,Rural,159.5 ,108.2, 228.2,N/A , N/A , N/A,7,stable,-0.6 ,-3.8, 2.6
"Dunklin County, Missouri(2)",29069,Rural,153 ,127.2, 182.7,N/A , N/A , N/A,26,stable,1.3 ,-0.8, 3.5
"McCreary County, Kentucky(7)",21147,Rural,151.8 ,118.5, 192,N/A , N/A , N/A,15,falling,-2.5 ,-4.6, -0.2
"Leslie County, Kentucky(7)",21131,Rural,146.7 ,107.7, 196.6,N/A , N/A , N/A,10,stable,-1.7 ,-4.1, 0.7
"Montgomery County, Missouri(2)",29139,Rural,144.9 ,108.6, 190.6,N/A , N/A , N/A,11,rising,2.7 ,0.1, 5.7
"Dillon County, South Carolina(2)",45033,Rural,144.1 ,118.9, 173.4,N/A , N/A , N/A,25,rising,3.5 ,0.5, 7.6
"Galax City, Virginia(2)",51640,Rural,144.1 ,91.6, 216.3,N/A , N/A , N/A,5,stable,1.2 ,-2.2, 4.9
"Lawrence County, Arkansas(2)",05075,Rural,143.5 ,113, 180.4,N/A , N/A , N/A,16,stable,-0.4 ,-2.9, 2.2
"Ripley County, Missouri(2)",29181,Rural,143.1 ,108.3, 187,N/A , N/A , N/A,12,stable,1.2 ,-1.7, 4.2
"Estill County, Kentucky(7)",21065,Rural,142.4 ,109.7, 183.1,N/A , N/A , N/A,14,stable,-1.7 ,-4.1, 0.9
"Poinsett County, Arkansas(2)",05111,Urban,141.2 ,114.2, 172.9,N/A , N/A , N/A,20,stable,-0.6 ,-2.1, 0.9
"Carroll County, Kentucky(7)",21041,Rural,141.1 ,102.2, 190.6,N/A , N/A , N/A,9,stable,0.4 ,-3.2, 4.7
"Carter County, Missouri(2)",29035,Rural,140.8 ,90.5, 212.3,N/A , N/A , N/A,5,stable,-0.5 ,-5.0, 3.9
"Mingo County, West Virginia(2)",54059,Rural,139.8 ,113.9, 170.3,N/A , N/A , N/A,23,stable,-1.1 ,-2.9, 0.7
"Union County, Tennessee(2)",47173,Urban,138.7 ,110.2, 172.9,N/A , N/A , N/A,19,stable,0.2 ,-1.7, 2.2
"Grayson County, Kentucky(7)",21085,Rural,138.3 ,113.4, 167.4,N/A , N/A , N/A,24,rising,5.4 ,1.4, 13.7
"Coal County, Oklahoma(2)",40029,Rural,137.9 ,88.8, 207.6,N/A , N/A , N/A,5,stable,-1.4 ,-7.3, 4.2
"Allen County, Kentucky(7)",21003,Urban,137.7 ,110.2, 170.4,N/A , N/A , N/A,19,stable,0.1 ,-2.0, 2.5
"Whitley County, Kentucky(7)",21235,Rural,137.3 ,115.4, 162.5,N/A , N/A , N/A,29,stable,-0.9 ,-2.4, 0.8
"Pendleton County, Kentucky(7)",21191,Urban,137.1 ,104.6, 177.4,N/A , N/A , N/A,13,stable,-1.3 ,-3.6, 1.3
"Clay County, Arkansas(2)",05021,Rural,137.1 ,106.7, 174.5,N/A , N/A , N/A,14,stable,0.8 ,-1.7, 3.4
"Lincoln County, West Virginia(2)",54043,Rural,136.6 ,111.5, 166.6,N/A , N/A , N/A,22,stable,12.5 ,-1.5, 23.3
"Knox County, Kentucky(7)",21121,Rural,136.3 ,113.5, 162.7,N/A , N/A , N/A,26,stable,-1.6 ,-3.4, 0.3
"Trousdale County, Tennessee(2)",47169,Urban,136.2 ,96, 187.7,N/A , N/A , N/A,8,stable,-0.4 ,-3.6, 3.1
"Trimble County, Kentucky(7)",21223,Rural,136.1 ,94.4, 191.5,N/A , N/A , N/A,8,stable,1.7 ,-1.2, 5.5
"Buena Vista City, Virginia(2)",51530,Rural,134 ,87.8, 197.9,N/A , N/A , N/A,5,*,*,*,*
"Livingston County, Kentucky(7)",21139,Urban,133 ,97.1, 180.5,N/A , N/A , N/A,10,stable,-0.6 ,-3.6, 2.6
"Sussex County, Virginia(2)",51183,Urban,132.6 ,96.5, 178.9,N/A , N/A , N/A,10,stable,1.2 ,-2.2, 5.0
"Breathitt County, Kentucky(7)",21025,Rural,132.3 ,99.6, 173.5,N/A , N/A , N/A,12,stable,-0.4 ,-4.5, 4.4
"Barren County, Kentucky(7)",21009,Rural,132 ,112.2, 154.5,N/A , N/A , N/A,34,stable,-0.3 ,-1.2, 0.8
"Clay County, Kentucky(7)",21051,Rural,131.6 ,103.5, 165.6,N/A , N/A , N/A,16,falling,-2.7 ,-6.4, -1.0
"Adair County, Kentucky(7)",21001,Rural,131.1 ,104.3, 163.6,N/A , N/A , N/A,17,stable,0.2 ,-1.8, 2.6
"Bath County, Kentucky(7)",21011,Rural,131.1 ,97.2, 173.8,N/A , N/A , N/A,11,stable,0.6 ,-1.1, 2.8
"Powell County, Kentucky(7)",21197,Rural,130.9 ,92.6, 179.9,N/A , N/A , N/A,10,stable,-1.3 ,-4.5, 2.1
"Mahnomen County, Minnesota(2)",27087,Rural,130.7 ,78.7, 205.4,N/A , N/A , N/A,4,stable,0.2 ,-3.8, 4.4
"Mississippi County, Missouri(2)",29133,Rural,130.5 ,96.7, 173.1,N/A , N/A , N/A,10,stable,0.4 ,-2.7, 3.7
"Pike County, Kentucky(7)",21195,Rural,130.5 ,114.5, 148.4,N/A , N/A , N/A,52,falling,-1.3 ,-2.3, -0.2
"Calhoun County, Mississippi(2)",28013,Rural,130 ,97, 171.5,N/A , N/A , N/A,11,stable,-0.3 ,-3.1, 2.5
"Stark County, Illinois(7)",17175,Urban,128.7 ,83.3, 194,N/A , N/A , N/A,5,*,*,*,*
"Wayne County, Missouri(2)",29223,Rural,127.8 ,97.1, 167.6,N/A , N/A , N/A,12,stable,-1.0 ,-2.7, 0.6
"Butler County, Kentucky(7)",21031,Urban,127.1 ,93.9, 169.3,N/A , N/A , N/A,10,stable,-2.1 ,-5.9, 1.5
"Sharp County, Arkansas(2)",05135,Rural,126.5 ,102.2, 156.3,N/A , N/A , N/A,20,falling,-16.8 ,-25.9, -9.5
"Gallatin County, Kentucky(7)",21077,Urban,125.9 ,83.6, 183.8,N/A , N/A , N/A,7,stable,-1.1 ,-5.2, 3.9
"Pulaski County, Illinois(7)",17153,Rural,125.4 ,80.2, 191,N/A , N/A , N/A,5,stable,0.5 ,-3.8, 5.7
"Grant County, Kentucky(7)",21081,Urban,125.4 ,99, 156.8,N/A , N/A , N/A,18,stable,-0.7 ,-2.7, 1.5
"Carter County, Kentucky(7)",21043,Urban,125.1 ,103, 151.1,N/A , N/A , N/A,24,stable,-1.2 ,-2.7, 0.4
"Randolph County, Arkansas(2)",05121,Rural,125 ,98.3, 157.3,N/A , N/A , N/A,15,stable,0.2 ,-1.7, 2.2
"Tunica County, Mississippi(2)",28143,Urban,124.9 ,82.8, 181.2,N/A , N/A , N/A,6,stable,1.0 ,-2.7, 5.4
"Harlan County, Kentucky(7)",21095,Rural,124.4 ,101.1, 152.1,N/A , N/A , N/A,22,falling,-2.3 ,-4.7, -0.9
"Christian County, Illinois(7)",17021,Rural,124.4 ,104.7, 147.1,N/A , N/A , N/A,29,stable,-1.3 ,-2.8, 0.2
"Perry County, Kentucky(7)",21193,Rural,123.2 ,101.4, 148.7,N/A , N/A , N/A,24,falling,-3.1 ,-4.8, -1.3
"Butler County, Missouri(2)",29023,Rural,123.1 ,104.7, 144,N/A , N/A , N/A,33,stable,-1.5 ,-3.2, 0.1
"Morgan County, Ohio(2)",39115,Rural,123 ,95.7, 157.2,N/A , N/A , N/A,14,stable,9.2 ,-5.0, 39.5
"McLean County, Kentucky(7)",21149,Urban,123 ,88, 169.2,N/A , N/A , N/A,8,stable,-1.0 ,-3.1, 1.2
"Campbell County, Tennessee(2)",47013,Urban,122.8 ,105.3, 142.8,N/A , N/A , N/A,36,stable,-2.0 ,-3.9, 0.0
"Clay County, Alabama(2)",01027,Rural,122.7 ,94.6, 157.8,N/A , N/A , N/A,13,stable,-1.0 ,-3.3, 1.4
"Crenshaw County, Alabama(2)",01041,Rural,122.6 ,90, 163.9,N/A , N/A , N/A,10,stable,2.4 ,-0.7, 6.2
"Montgomery County, Kentucky(7)",21173,Rural,122.5 ,99.4, 149.8,N/A , N/A , N/A,21,stable,-1.0 ,-2.9, 1.1
"North Slope Borough, Alaska(2)",02185,Rural,122.4 ,51.3, 230.8,N/A , N/A , N/A,3,*,*,*,*
"Jasper County, Illinois(7)",17079,Rural,122.1 ,86.3, 169.4,N/A , N/A , N/A,8,stable,21.1 ,-0.1, 53.7
"Lancaster County, Virginia(2)",51103,Rural,122.1 ,87.9, 168,N/A , N/A , N/A,13,stable,2.7 ,0.0, 5.6
"Crockett County, Tennessee(2)",47033,Urban,121.9 ,89.8, 162.4,N/A , N/A , N/A,10,stable,0.1 ,-3.5, 3.9
"Palo Alto County, Iowa(7)",19147,Rural,121.4 ,87.1, 167,N/A , N/A , N/A,9,stable,0.5 ,-1.3, 2.4
"Wilkinson County, Georgia(7)",13319,Rural,121.3 ,84.1, 171.4,N/A , N/A , N/A,7,stable,-2.2 ,-4.6, 0.2
"Clay County, Illinois(7)",17025,Rural,121.1 ,90, 160.2,N/A , N/A , N/A,11,stable,0.4 ,-1.7, 2.7
"Scott County, Arkansas(2)",05127,Rural,121 ,88.2, 163.8,N/A , N/A , N/A,9,stable,0.0 ,-3.6, 3.9
"Baylor County, Texas(7)",48023,Rural,121 ,67.5, 205.9,N/A , N/A , N/A,3,*,*,*,*
"Lawrence County, Kentucky(7)",21127,Urban,120.9 ,92.5, 156.2,N/A , N/A , N/A,13,stable,-1.3 ,-3.0, 0.6
"Garrard County, Kentucky(7)",21079,Rural,120.1 ,91.8, 155,N/A , N/A , N/A,14,stable,-0.4 ,-2.4, 1.9
"Polk County, Texas(7)",48373,Rural,119.7 ,99.8, 142.4,N/A , N/A , N/A,38,stable,-0.6 ,-1.7, 0.4
"Chariton County, Missouri(2)",29041,Rural,119.6 ,80.8, 172.9,N/A , N/A , N/A,7,stable,-0.5 ,-4.9, 3.9
"Greene County, Illinois(7)",17061,Rural,119.3 ,88.8, 158.4,N/A , N/A , N/A,11,stable,-0.6 ,-3.1, 2.0
"Jackson County, Kentucky(7)",21109,Rural,119.1 ,88.5, 158.3,N/A , N/A , N/A,11,stable,-0.2 ,-2.6, 2.4
"Chickasaw County, Mississippi(2)",28017,Rural,119 ,90.5, 154.2,N/A , N/A , N/A,12,stable,-0.7 ,-3.5, 2.1
"Floyd County, Kentucky(7)",21071,Rural,118.6 ,99.5, 140.7,N/A , N/A , N/A,29,falling,-5.3 ,-18.2, -2.0
"Traverse County, Minnesota(2)",27155,Rural,118.5 ,68.7, 199.1,N/A , N/A , N/A,3,*,*,*,*
"Jennings County, Indiana(2)",18079,Rural,118.5 ,96.5, 144.5,N/A , N/A , N/A,21,stable,-0.6 ,-2.7, 1.7
"Hart County, Kentucky(7)",21099,Rural,118.2 ,91.7, 150.7,N/A , N/A , N/A,15,stable,-1.3 ,-3.0, 0.6
"Johnson County, Kentucky(7)",21115,Rural,117.4 ,93.4, 146.4,N/A , N/A , N/A,18,falling,-2.3 ,-4.4, -0.2
"Drew County, Arkansas(2)",05043,Rural,117.4 ,89.4, 151.9,N/A , N/A , N/A,13,stable,-1.7 ,-4.2, 0.8
"Ohio County, Kentucky(7)",21183,Rural,117.2 ,93.8, 145,N/A , N/A , N/A,18,stable,-0.8 ,-2.5, 1.0
"Macon County, Tennessee(2)",47111,Urban,117 ,92.5, 146.1,N/A , N/A , N/A,17,stable,-0.7 ,-2.9, 1.6
"Schley County, Georgia(7)",13249,Rural,116.8 ,67.9, 192.7,N/A , N/A , N/A,3,*,*,*,*
"Lawrence County, Ohio(2)",39087,Urban,116.5 ,101.6, 133.2,N/A , N/A , N/A,46,stable,-1.2 ,-3.1, 0.7
"Shelby County, Missouri(2)",29205,Rural,116.4 ,75.4, 174.9,N/A , N/A , N/A,5,stable,0.8 ,-4.3, 6.4
"Tallahatchie County, Mississippi(2)",28135,Rural,116.2 ,83.4, 158,N/A , N/A , N/A,9,stable,1.8 ,-2.9, 7.2
"St. Francois County, Missouri(2)",29187,Rural,116 ,101.4, 132.2,N/A , N/A , N/A,48,stable,-0.4 ,-1.9, 1.1
"Latimer County, Oklahoma(2)",40077,Rural,115.8 ,84.8, 156.9,N/A , N/A , N/A,9,stable,0.7 ,-2.4, 4.0
"Hickman County, Tennessee(2)",47081,Urban,115.6 ,93.6, 141.8,N/A , N/A , N/A,20,stable,-1.2 ,-3.4, 1.3
"Heard County, Georgia(7)",13149,Urban,115.5 ,83, 157.7,N/A , N/A , N/A,9,stable,-1.4 ,-4.7, 2.5
"Lincoln County, Kentucky(7)",21137,Rural,115.5 ,92.4, 143,N/A , N/A , N/A,18,falling,-2.3 ,-4.0, -0.5
"Mason County, Illinois(7)",17125,Rural,115.3 ,87.1, 151.4,N/A , N/A , N/A,12,stable,-1.5 ,-3.4, 0.4
"St. Clair County, Missouri(2)",29185,Rural,115.2 ,85.3, 155.3,N/A , N/A , N/A,10,stable,0.8 ,-2.8, 14.8
"Pierce County, Georgia(7)",13229,Rural,115 ,89.5, 146.2,N/A , N/A , N/A,15,stable,-1.8 ,-4.3, 1.2
"Meade County, Kentucky(7)",21163,Urban,115 ,92.9, 141.1,N/A , N/A , N/A,21,stable,-1.4 ,-3.1, 0.6
"Mason County, Kentucky(7)",21161,Rural,115 ,86.3, 150.7,N/A , N/A , N/A,12,stable,-0.1 ,-2.4, 2.4
"Pulaski County, Indiana(2)",18131,Rural,114.8 ,86, 151.6,N/A , N/A , N/A,11,stable,1.4 ,-1.5, 4.9
"Lanier County, Georgia(7)",13173,Urban,114.8 ,78.5, 163.2,N/A , N/A , N/A,7,rising,6.1 ,1.0, 22.0
"Stoddard County, Missouri(2)",29207,Rural,114.4 ,94.1, 138.1,N/A , N/A , N/A,23,stable,-1.7 ,-12.5, 0.8
"Elbert County, Georgia(7)",13105,Rural,114.3 ,89.3, 144.9,N/A , N/A , N/A,16,stable,-0.3 ,-1.9, 1.6
"Vinton County, Ohio(2)",39163,Rural,114.3 ,85.2, 151.6,N/A , N/A , N/A,11,stable,-2.0 ,-4.8, 0.7
"Decatur County, Tennessee(2)",47039,Rural,114 ,84.9, 152,N/A , N/A , N/A,11,stable,-0.2 ,-3.1, 2.9
"Edwards County, Illinois(7)",17047,Rural,113.8 ,72, 173.8,N/A , N/A , N/A,5,stable,-2.3 ,-5.5, 0.7
"Clark County, Arkansas(2)",05019,Rural,113.7 ,88, 144.9,N/A , N/A , N/A,14,stable,-14.7 ,-27.0, 0.9
"Taylor County, Florida(2)",12123,Rural,113.6 ,91.2, 140.4,N/A , N/A , N/A,19,stable,-1.2 ,-2.8, 0.5
"Knott County, Kentucky(7)",21119,Rural,113.5 ,85.1, 149.8,N/A , N/A , N/A,12,falling,-4.1 ,-12.2, -0.4
"Wolfe County, Kentucky(7)",21237,Rural,113.5 ,73.8, 170.2,N/A , N/A , N/A,6,falling,-4.6 ,-7.7, -1.7
"Pawnee County, Oklahoma(2)",40117,Urban,113.4 ,85.8, 147.9,N/A , N/A , N/A,12,stable,-0.6 ,-3.3, 2.1
"Washington County, Missouri(2)",29221,Rural,113.4 ,91.1, 139.9,N/A , N/A , N/A,19,stable,-1.8 ,-3.8, 0.3
"Miller County, Georgia(7)",13201,Rural,113.3 ,69.2, 177,N/A , N/A , N/A,4,stable,-2.8 ,-6.7, 0.8
"Marion County, Missouri(2)",29127,Rural,113.1 ,91.7, 138.3,N/A , N/A , N/A,21,stable,-0.1 ,-1.7, 1.6
"Monroe County, Arkansas(2)",05095,Rural,112.9 ,76.4, 165,N/A , N/A , N/A,6,stable,-1.1 ,-4.1, 1.6
"Cumberland County, Kentucky(7)",21057,Rural,112.9 ,69.4, 176.3,N/A , N/A , N/A,5,stable,1.0 ,-2.0, 4.4
"Arkansas County, Arkansas(2)",05001,Rural,112.9 ,86.4, 145.8,N/A , N/A , N/A,13,stable,-1.0 ,-3.0, 1.0
"Mason County, West Virginia(2)",54053,Rural,112.8 ,92.2, 137.4,N/A , N/A , N/A,22,stable,-1.3 ,-3.2, 0.7
"Fountain County, Indiana(2)",18045,Rural,112.8 ,87.1, 144.6,N/A , N/A , N/A,14,stable,-1.6 ,-5.2, 2.0
"Tippah County, Mississippi(2)",28139,Rural,112.5 ,88.7, 141.4,N/A , N/A , N/A,16,stable,0.4 ,-2.9, 3.8
"Metcalfe County, Kentucky(7)",21169,Rural,112.3 ,80.1, 154.8,N/A , N/A , N/A,8,stable,-2.3 ,-4.8, 0.3
"Pontotoc County, Mississippi(2)",28115,Rural,112 ,90.3, 137.6,N/A , N/A , N/A,20,stable,-0.1 ,-1.8, 1.7
"Laurel County, Kentucky(7)",21125,Rural,112 ,96.8, 129,N/A , N/A , N/A,42,stable,-1.2 ,-2.4, 0.1
"Marshall County, Mississippi(2)",28093,Urban,111.8 ,92.4, 134.4,N/A , N/A , N/A,25,stable,0.6 ,-0.9, 2.2
"Perry County, Arkansas(2)",05105,Urban,111.7 ,80.3, 153.4,N/A , N/A , N/A,9,stable,-1.7 ,-5.0, 1.7
"Jefferson County, Georgia(7)",13163,Rural,111.7 ,81.9, 149.2,N/A , N/A , N/A,10,stable,-1.7 ,-3.4, 0.0
"Russell County, Kentucky(7)",21207,Rural,111.2 ,87, 141,N/A , N/A , N/A,15,stable,-1.9 ,-3.8, 0.1
"Okfuskee County, Oklahoma(2)",40107,Rural,111 ,81, 149.7,N/A , N/A , N/A,9,stable,1.9 ,-1.8, 6.1
"Clay County, West Virginia(2)",54015,Urban,110.7 ,75.5, 159.2,N/A , N/A , N/A,7,stable,-1.0 ,-4.8, 2.8
"Yadkin County, North Carolina(2)",37197,Urban,110.7 ,92.9, 131.3,N/A , N/A , N/A,29,stable,0.6 ,-1.6, 3.0
"Rowan County, Kentucky(7)",21205,Rural,110.6 ,85.8, 140.8,N/A , N/A , N/A,14,stable,-1.6 ,-3.1, 0.1
"Marlboro County, South Carolina(2)",45069,Rural,110.6 ,89, 136.3,N/A , N/A , N/A,19,stable,-0.4 ,-3.8, 3.3
"Prentiss County, Mississippi(2)",28117,Rural,110.4 ,87.2, 138.2,N/A , N/A , N/A,16,stable,-1.6 ,-4.3, 1.1
"Breckinridge County, Kentucky(7)",21027,Rural,110.4 ,87.6, 138.1,N/A , N/A , N/A,17,stable,0.5 ,-1.8, 3.3
"Phillips County, Arkansas(2)",05107,Rural,110.1 ,82.7, 144.5,N/A , N/A , N/A,12,stable,0.5 ,-2.5, 3.6
"Rhea County, Tennessee(2)",47143,Rural,110.1 ,90.9, 132.4,N/A , N/A , N/A,25,falling,-2.4 ,-4.3, -0.4
"McDowell County, West Virginia(2)",54047,Rural,109.6 ,85.9, 138.5,N/A , N/A , N/A,16,falling,-2.4 ,-4.4, -0.6
"Greene County, North Carolina(2)",37079,Rural,109.2 ,83.3, 140.9,N/A , N/A , N/A,14,stable,-0.7 ,-4.0, 2.8
"Chicot County, Arkansas(2)",05017,Rural,109.1 ,77.5, 150.9,N/A , N/A , N/A,8,stable,0.2 ,-4.9, 5.5
"Charlotte County, Virginia(2)",51037,Rural,109.1 ,80, 147.3,N/A , N/A , N/A,10,stable,-0.4 ,-4.5, 3.8
"Monroe County, Mississippi(2)",28095,Rural,109.1 ,90.3, 131,N/A , N/A , N/A,25,stable,-2.0 ,-4.9, 0.8
"Hancock County, Tennessee(2)",47067,Rural,109.1 ,72.7, 161.2,N/A , N/A , N/A,6,stable,0.8 ,-4.1, 7.2
"Vermillion County, Indiana(2)",18165,Urban,109 ,81.7, 143.4,N/A , N/A , N/A,11,stable,-0.3 ,-3.9, 3.5
"Dent County, Missouri(2)",29065,Rural,109 ,83.9, 140.7,N/A , N/A , N/A,13,stable,3.5 ,-1.4, 20.7
"Bollinger County, Missouri(2)",29017,Urban,108.9 ,79.5, 147.8,N/A , N/A , N/A,9,stable,0.0 ,-2.3, 2.4
"Amelia County, Virginia(2)",51007,Urban,108.9 ,81.3, 144.4,N/A , N/A , N/A,11,stable,-1.3 ,-4.8, 2.6
"Nowata County, Oklahoma(2)",40105,Rural,108.8 ,75, 154,N/A , N/A , N/A,7,stable,-4.4 ,-15.7, 1.8
"Bell County, Kentucky(7)",21013,Rural,108.7 ,86.7, 135.3,N/A , N/A , N/A,18,falling,-2.5 ,-4.5, -0.5
"Warren County, Tennessee(2)",47177,Rural,108.7 ,90.5, 129.7,N/A , N/A , N/A,27,stable,-0.8 ,-2.9, 1.3
"De Witt County, Illinois(7)",17039,Rural,108.7 ,81.6, 142.7,N/A , N/A , N/A,11,stable,-1.0 ,-3.1, 1.2
"Claiborne County, Tennessee(2)",47025,Rural,108.5 ,89.6, 130.6,N/A , N/A , N/A,25,falling,-11.0 ,-22.7, -2.2
"Meigs County, Ohio(2)",39105,Rural,108.3 ,86, 135.4,N/A , N/A , N/A,18,stable,-1.1 ,-4.0, 1.9
"Wayne County, Tennessee(2)",47181,Rural,108.3 ,82.2, 140.7,N/A , N/A , N/A,12,stable,0.0 ,-2.7, 2.7
"McDowell County, North Carolina(2)",37111,Rural,108.2 ,92.7, 126,N/A , N/A , N/A,36,stable,0.4 ,-1.9, 3.0
"Tate County, Mississippi(2)",28137,Urban,108.2 ,86.7, 133.7,N/A , N/A , N/A,19,stable,-10.7 ,-22.5, 1.2
"Iron County, Wisconsin(2)",55051,Rural,108.1 ,75.9, 158.3,N/A , N/A , N/A,8,stable,1.0 ,-0.9, 3.0
"Madison County, Missouri(2)",29123,Rural,108.1 ,79.5, 144.8,N/A , N/A , N/A,10,stable,-0.4 ,-2.9, 2.3
"Lee County, Mississippi(2)",28081,Rural,108 ,93.5, 124.2,N/A , N/A , N/A,44,stable,-1.2 ,-3.3, 0.7
"DeKalb County, Tennessee(2)",47041,Rural,108 ,84.2, 137,N/A , N/A , N/A,15,stable,-2.0 ,-4.7, 0.9
"Henry County, Indiana(2)",18065,Rural,108 ,92.5, 125.4,N/A , N/A , N/A,36,stable,-0.7 ,-2.2, 0.7
"Nelson County, Kentucky(7)",21179,Urban,107.9 ,90.4, 127.9,N/A , N/A , N/A,30,stable,-0.2 ,-1.4, 1.2
"Bracken County, Kentucky(7)",21023,Urban,107.8 ,71.4, 158.2,N/A , N/A , N/A,6,stable,21.0 ,-3.1, 42.6
"Vermilion County, Illinois(7)",17183,Rural,107.7 ,95.3, 121.6,N/A , N/A , N/A,57,stable,-0.8 ,-1.7, 0.2
"Kalkaska County, Michigan(2)",26079,Urban,107.7 ,84.1, 137,N/A , N/A , N/A,16,stable,-1.3 ,-4.0, 1.4
"Benton County, Indiana(2)",18007,Urban,107.7 ,70.9, 157.7,N/A , N/A , N/A,6,stable,-0.6 ,-4.5, 3.3
"Smith County, Mississippi(2)",28129,Rural,107.6 ,78.8, 144.2,N/A , N/A , N/A,10,stable,-2.1 ,-6.2, 2.0
"Logan County, West Virginia(2)",54045,Rural,107.5 ,88.8, 129.5,N/A , N/A , N/A,25,falling,-2.2 ,-4.0, -0.5
"Kanabec County, Minnesota(2)",27065,Rural,107.5 ,82.3, 139.1,N/A , N/A , N/A,13,rising,9.3 ,3.1, 30.0
"Iberville Parish, Louisiana(7)",22047,Urban,107.4 ,86.5, 132.1,N/A , N/A , N/A,20,stable,-0.4 ,-2.0, 1.5
"Covington County, Mississippi(2)",28031,Rural,107.4 ,82.3, 138.3,N/A , N/A , N/A,13,stable,-1.1 ,-3.7, 1.6
"Camp County, Texas(7)",48063,Rural,107.1 ,76.4, 147.1,N/A , N/A , N/A,9,stable,0.6 ,-2.4, 4.2
"Haskell County, Oklahoma(2)",40061,Rural,107.1 ,77.8, 145.3,N/A , N/A , N/A,9,stable,0.5 ,-3.6, 4.9
"Norman County, Minnesota(2)",27107,Rural,107.1 ,69.3, 161.1,N/A , N/A , N/A,5,stable,2.6 ,-2.8, 9.1
"Gladwin County, Michigan(2)",26051,Rural,107 ,88.1, 129.6,N/A , N/A , N/A,25,stable,0.4 ,-1.4, 2.3
"Fremont County, Iowa(7)",19071,Rural,106.8 ,70.1, 159.1,N/A , N/A , N/A,6,stable,0.1 ,-1.6, 1.9
"Robeson County, North Carolina(2)",37155,Rural,106.8 ,95.3, 119.3,N/A , N/A , N/A,69,stable,-0.3 ,-1.7, 1.1
"Ross County, Ohio(2)",39141,Rural,106.6 ,93.8, 120.8,N/A , N/A , N/A,54,stable,-1.0 ,-3.0, 1.1
"Scott County, Indiana(2)",18143,Rural,106.6 ,84, 133.8,N/A , N/A , N/A,17,stable,-2.5 ,-5.0, 0.2
"Clinton County, Ohio(2)",39027,Rural,106.5 ,88.9, 126.8,N/A , N/A , N/A,28,stable,0.4 ,-1.5, 2.4
"Leflore County, Mississippi(2)",28083,Rural,106.5 ,82.7, 135.1,N/A , N/A , N/A,15,stable,-0.3 ,-2.9, 2.3
"Page County, Iowa(7)",19145,Rural,106.5 ,81.7, 137.5,N/A , N/A , N/A,13,stable,-0.6 ,-1.9, 0.7
"Wayne County, Kentucky(7)",21231,Rural,106.4 ,83.5, 134.6,N/A , N/A , N/A,16,stable,-1.1 ,-2.9, 0.8
"Dixie County, Florida(2)",12029,Rural,106.4 ,84.3, 133.8,N/A , N/A , N/A,16,stable,-1.3 ,-3.7, 1.1
"Stone County, Mississippi(2)",28131,Urban,106.3 ,77.9, 141.7,N/A , N/A , N/A,11,falling,-3.1 ,-6.0, -0.2
"Sampson County, North Carolina(2)",37163,Rural,106.3 ,91.5, 122.9,N/A , N/A , N/A,39,stable,-0.4 ,-1.8, 1.0
"Colleton County, South Carolina(2)",45029,Rural,106.3 ,88.6, 126.7,N/A , N/A , N/A,28,falling,-2.2 ,-4.3, -0.1
"Ottawa County, Oklahoma(2)",40115,Rural,106.2 ,86.3, 129.8,N/A , N/A , N/A,21,stable,-1.1 ,-3.2, 0.9
"Green County, Kentucky(7)",21087,Rural,106 ,76.1, 145.5,N/A , N/A , N/A,9,stable,-0.7 ,-6.5, 1.6
"Harrison County, Kentucky(7)",21097,Rural,105.9 ,81.5, 136.2,N/A , N/A , N/A,14,stable,-1.0 ,-4.1, 2.5
"Pickett County, Tennessee(2)",47137,Rural,105.9 ,67.8, 166.1,N/A , N/A , N/A,5,falling,-9.3 ,-36.1, -1.1
"Benton County, Tennessee(2)",47005,Rural,105.9 ,82, 136,N/A , N/A , N/A,14,stable,-1.4 ,-3.5, 0.8
"Caswell County, North Carolina(2)",37033,Rural,105.9 ,84.8, 131.4,N/A , N/A , N/A,19,stable,-1.3 ,-4.8, 2.5
"Cleveland County, Arkansas(2)",05025,Rural,105.8 ,70.8, 155.1,N/A , N/A , N/A,6,stable,-1.0 ,-5.1, 3.2
"King and Queen County, Virginia(2)",51097,Urban,105.8 ,68.8, 159.2,N/A , N/A , N/A,6,stable,-2.3 ,-6.9, 2.6
"Hempstead County, Arkansas(2)",05057,Rural,105.5 ,81.8, 134.6,N/A , N/A , N/A,14,stable,-1.9 ,-4.3, 0.4
"Holmes County, Mississippi(2)",28051,Urban,105.4 ,76, 142.5,N/A , N/A , N/A,9,stable,-0.3 ,-4.4, 3.6
"Union County, South Carolina(2)",45087,Urban,105.4 ,85.7, 128.9,N/A , N/A , N/A,21,stable,-2.9 ,-22.2, 2.1
"Logan County, Illinois(7)",17107,Rural,105.3 ,85.2, 129.1,N/A , N/A , N/A,20,stable,1.1 ,-0.9, 3.7
"Mississippi County, Arkansas(2)",05093,Rural,105.1 ,86.4, 126.7,N/A , N/A , N/A,24,falling,-10.8 ,-21.1, -5.4
"Quitman County, Mississippi(2)",28119,Rural,104.9 ,61.7, 168.7,N/A , N/A , N/A,4,stable,-2.3 ,-6.0, 1.1
"Jones County, North Carolina(2)",37103,Rural,104.8 ,74.4, 146.6,N/A , N/A , N/A,8,stable,-2.2 ,-5.6, 1.4
"Lewis County, Kentucky(7)",21135,Rural,104.8 ,76.9, 140.6,N/A , N/A , N/A,10,falling,-8.2 ,-25.0, -2.1
"Macoupin County, Illinois(7)",17117,Urban,104.7 ,89.2, 122.4,N/A , N/A , N/A,34,stable,0.4 ,-1.0, 2.0
"Scott County, Tennessee(2)",47151,Rural,104.6 ,81, 133.2,N/A , N/A , N/A,14,stable,-2.0 ,-4.7, 0.5
"Jackson County, Tennessee(2)",47087,Rural,104.5 ,77.9, 139.7,N/A , N/A , N/A,11,stable,-3.0 ,-6.4, 0.5
"Hardin County, Tennessee(2)",47071,Rural,104.5 ,85, 127.8,N/A , N/A , N/A,22,stable,-0.9 ,-2.6, 0.9
"Magoffin County, Kentucky(7)",21153,Rural,104.4 ,72.5, 146.3,N/A , N/A , N/A,7,stable,-1.3 ,-4.2, 2.0
"Lincoln County, Arkansas(2)",05079,Rural,104.4 ,73.8, 143.9,N/A , N/A , N/A,8,stable,-1.1 ,-4.7, 2.6
"Red River Parish, Louisiana(7)",22081,Rural,104.4 ,68.3, 155.6,N/A , N/A , N/A,5,stable,-0.4 ,-3.6, 3.2
"Covington City, Virginia(2)",51580,Rural,104.3 ,63.8, 165.3,N/A , N/A , N/A,4,stable,0.8 ,-2.4, 4.4
"Gallia County, Ohio(2)",39053,Rural,104.3 ,84.9, 127.2,N/A , N/A , N/A,21,falling,-1.7 ,-6.9, -0.5
"Murray County, Georgia(7)",13213,Urban,104.2 ,85.2, 126.4,N/A , N/A , N/A,23,stable,-2.2 ,-4.2, 0.1
"Yazoo County, Mississippi(2)",28163,Urban,104.2 ,79.9, 133.3,N/A , N/A , N/A,14,falling,-6.6 ,-20.8, -1.8
"San Jacinto County, Texas(7)",48407,Urban,104.1 ,85.4, 126.3,N/A , N/A , N/A,24,falling,-2.0 ,-3.5, -0.5
"Tishomingo County, Mississippi(2)",28141,Rural,104.1 ,80.4, 133.4,N/A , N/A , N/A,14,stable,-1.0 ,-4.5, 2.6
"Pottawatomie County, Oklahoma(2)",40125,Rural,103.9 ,90, 119.4,N/A , N/A , N/A,43,stable,-0.2 ,-2.6, 2.4
"Hot Spring County, Arkansas(2)",05059,Rural,103.9 ,85.8, 124.9,N/A , N/A , N/A,24,falling,-2.4 ,-4.4, -0.5
"Ware County, Georgia(7)",13299,Rural,103.8 ,84.3, 126.6,N/A , N/A , N/A,21,stable,-1.3 ,-3.6, 1.2
"Calloway County, Kentucky(7)",21035,Rural,103.8 ,85.2, 125.4,N/A , N/A , N/A,23,stable,-0.9 ,-2.7, 1.0
"Roane County, West Virginia(2)",54087,Rural,103.7 ,78.5, 136.1,N/A , N/A , N/A,12,stable,0.1 ,-2.9, 3.4
"Crawford County, Missouri(2)",29055,Rural,103.7 ,82.6, 129.1,N/A , N/A , N/A,18,falling,-14.6 ,-26.9, -0.3
"Long County, Georgia(7)",13183,Urban,103.6 ,67.9, 150.1,N/A , N/A , N/A,6,stable,-2.8 ,-8.1, 3.9
"Warren County, Georgia(7)",13301,Rural,103.6 ,62.5, 166.5,N/A , N/A , N/A,4,*,*,*,*
"Dinwiddie County, Virginia(2)",51053,Urban,103.6 ,83, 128.2,N/A , N/A , N/A,19,stable,-1.2 ,-3.9, 1.9
"Chester County, South Carolina(2)",45023,Urban,103.5 ,84.1, 126.4,N/A , N/A , N/A,22,stable,-1.3 ,-3.0, 0.5
"Hardin County, Illinois(7)",17069,Rural,103.4 ,60.1, 176.7,N/A , N/A , N/A,4,*,*,*,*
"Hardin County, Ohio(2)",39065,Rural,103.2 ,82.4, 128,N/A , N/A , N/A,18,stable,-0.2 ,-2.5, 2.2
"Boyd County, Kentucky(7)",21019,Urban,103.1 ,87.9, 120.3,N/A , N/A , N/A,35,falling,-1.4 ,-2.4, -0.2
"Monroe County, Iowa(7)",19135,Rural,102.9 ,66.5, 154,N/A , N/A , N/A,5,*,*,*,*
"Lee County, Kentucky(7)",21129,Rural,102.8 ,66.4, 154.1,N/A , N/A , N/A,5,stable,-2.0 ,-5.1, 1.0
"Pemiscot County, Missouri(2)",29155,Rural,102.7 ,75.2, 137.7,N/A , N/A , N/A,10,stable,-1.9 ,-4.4, 0.5
"Talbot County, Georgia(7)",13263,Urban,102.7 ,66, 159.6,N/A , N/A , N/A,6,stable,-0.4 ,-4.1, 4.0
"Shannon County, Missouri(2)",29203,Rural,102.6 ,67.9, 152.1,N/A , N/A , N/A,6,stable,-4.6 ,-9.4, 0.0
"Highland County, Ohio(2)",39071,Rural,102.5 ,86.6, 120.8,N/A , N/A , N/A,31,stable,-0.4 ,-2.1, 1.4
"Richmond County, North Carolina(2)",37153,Rural,102.5 ,85.8, 121.6,N/A , N/A , N/A,28,stable,-0.9 ,-2.6, 0.8
"Franklin Parish, Louisiana(7)",22041,Rural,102.5 ,77.3, 133.6,N/A , N/A , N/A,12,stable,-1.9 ,-4.7, 0.9
"Monroe County, Kentucky(7)",21171,Rural,102.2 ,72, 142.4,N/A , N/A , N/A,8,stable,-1.5 ,-5.1, 2.4
"Mercer County, Illinois(7)",17131,Urban,102.2 ,78.1, 132.6,N/A , N/A , N/A,13,stable,1.4 ,-0.5, 3.8
"Walker County, Georgia(7)",13295,Urban,102.2 ,89.2, 116.7,N/A , N/A , N/A,46,stable,-2.4 ,-4.8, 2.2
"Essex County, Virginia(2)",51057,Rural,102.1 ,71.5, 143.5,N/A , N/A , N/A,8,stable,-0.4 ,-3.2, 2.5
"Taylor County, West Virginia(2)",54091,Rural,102.1 ,77.7, 132.7,N/A , N/A , N/A,13,stable,0.1 ,-2.3, 2.7
"Henry County, Missouri(2)",29083,Rural,102 ,81, 127.5,N/A , N/A , N/A,17,falling,-2.4 ,-4.6, -0.3
"Louisa County, Iowa(7)",19115,Rural,101.9 ,70.8, 143,N/A , N/A , N/A,7,stable,-1.2 ,-3.0, 0.6
"Chattooga County, Georgia(7)",13055,Rural,101.9 ,80.9, 127.1,N/A , N/A , N/A,17,stable,-1.6 ,-3.2, 0.1
"Pike County, Illinois(7)",17149,Rural,101.9 ,75.9, 134.9,N/A , N/A , N/A,11,stable,0.0 ,-3.4, 3.7
"Greene County, Arkansas(2)",05055,Rural,101.8 ,85.1, 121,N/A , N/A , N/A,27,stable,-0.9 ,-2.6, 0.8
"Cabell County, West Virginia(2)",54011,Urban,101.7 ,90.4, 114.2,N/A , N/A , N/A,61,falling,-1.2 ,-2.3, -0.2
"Ballard County, Kentucky(7)",21007,Urban,101.6 ,67.1, 149.9,N/A , N/A , N/A,6,stable,-1.9 ,-4.6, 0.9
"Oswego County, New York(7)",36075,Urban,101.6 ,91.2, 112.8,N/A , N/A , N/A,77,stable,-0.7 ,-1.6, 0.4
"Gilchrist County, Florida(2)",12041,Urban,101.5 ,78.2, 130.3,N/A , N/A , N/A,14,stable,0.1 ,-2.4, 2.8
"Morgan County, Illinois(7)",17137,Rural,101.4 ,83.8, 122.1,N/A , N/A , N/A,24,stable,-0.4 ,-1.7, 1.0
"Freestone County, Texas(7)",48161,Rural,101.4 ,78.8, 129.1,N/A , N/A , N/A,14,stable,-1.1 ,-3.7, 1.8
"West Carroll Parish, Louisiana(7)",22123,Rural,101.3 ,69, 145.1,N/A , N/A , N/A,7,stable,-1.1 ,-4.1, 2.1
"Humphreys County, Mississippi(2)",28053,Rural,101.3 ,63.1, 155.7,N/A , N/A , N/A,5,stable,-3.7 ,-10.4, 2.3
"Lewis County, West Virginia(2)",54041,Rural,101.3 ,77.4, 131.2,N/A , N/A , N/A,13,stable,-0.3 ,-3.7, 3.5
"Lunenburg County, Virginia(2)",51111,Rural,101.2 ,73.7, 137,N/A , N/A , N/A,10,stable,-1.2 ,-4.7, 2.4
"Macon County, Missouri(2)",29121,Rural,101.2 ,75.9, 133.1,N/A , N/A , N/A,11,stable,2.9 ,-1.6, 17.9
"Kenton County, Kentucky(7)",21117,Urban,101.2 ,91.6, 111.5,N/A , N/A , N/A,91,falling,-2.3 ,-3.4, -1.1
"East Carroll Parish, Louisiana(7)",22035,Rural,101.1 ,57.2, 164.2,N/A , N/A , N/A,4,*,*,*,*
"Hocking County, Ohio(2)",39073,Urban,101.1 ,82.1, 123.7,N/A , N/A , N/A,21,stable,-1.5 ,-4.2, 1.4
"Mercer County, Kentucky(7)",21167,Rural,101 ,79.6, 127.1,N/A , N/A , N/A,16,falling,-2.8 ,-4.1, -1.5
"Yalobusha County, Mississippi(2)",28161,Rural,101 ,72, 138.8,N/A , N/A , N/A,9,stable,-0.5 ,-2.8, 1.8
"Piscataquis County, Maine(2)",23021,Rural,100.9 ,79.2, 128.6,N/A , N/A , N/A,17,stable,-0.8 ,-3.5, 2.0
"Henderson County, Illinois(7)",17071,Rural,100.9 ,67.4, 150.5,N/A , N/A , N/A,6,stable,-0.7 ,-3.1, 1.9
"Crittenden County, Kentucky(7)",21055,Rural,100.9 ,68.6, 145.1,N/A , N/A , N/A,7,stable,-1.6 ,-4.6, 1.5
"Lowndes County, Alabama(2)",01085,Urban,100.9 ,69.4, 143.4,N/A , N/A , N/A,7,stable,0.6 ,-3.9, 5.4
"Monroe County, Tennessee(2)",47123,Rural,100.8 ,86.1, 117.8,N/A , N/A , N/A,36,stable,-1.2 ,-3.0, 0.8
"Vance County, North Carolina(2)",37181,Rural,100.8 ,83.8, 120.5,N/A , N/A , N/A,27,stable,-2.0 ,-4.2, 0.2
"Randolph County, Missouri(2)",29175,Rural,100.7 ,78.5, 127.4,N/A , N/A , N/A,15,stable,-0.2 ,-3.1, 2.8
"Ouachita County, Arkansas(2)",05103,Rural,100.6 ,79.1, 126.8,N/A , N/A , N/A,16,stable,-2.0 ,-6.4, 2.1
"Daviess County, Kentucky(7)",21059,Urban,100.5 ,89.2, 112.9,N/A , N/A , N/A,61,falling,-1.8 ,-2.9, -0.7
"Cass County, Illinois(7)",17017,Rural,100.5 ,70.7, 139.2,N/A , N/A , N/A,8,stable,0.2 ,-2.2, 2.9
"Jefferson County, Arkansas(2)",05069,Rural,100.5 ,86.9, 115.8,N/A , N/A , N/A,42,stable,-0.6 ,-2.0, 0.8
"Fayette County, West Virginia(2)",54019,Urban,100.5 ,84.7, 118.8,N/A , N/A , N/A,31,stable,-1.7 ,-3.8, 0.3
"Polk County, Georgia(7)",13233,Rural,100.5 ,82.2, 121.6,N/A , N/A , N/A,24,stable,-1.1 ,-2.7, 0.6
"Putnam County, Florida(2)",12107,Rural,100.4 ,89, 113.1,N/A , N/A , N/A,61,falling,-1.7 ,-3.2, -0.3
"Owen County, Kentucky(7)",21187,Rural,100.3 ,71.7, 138.6,N/A , N/A , N/A,9,stable,-1.3 ,-3.8, 1.5
"Onslow County, North Carolina(2)",37133,Urban,100.2 ,89.6, 111.7,N/A , N/A , N/A,70,stable,0.3 ,-2.3, 7.9
"Scioto County, Ohio(2)",39145,Rural,100.2 ,87.5, 114.4,N/A , N/A , N/A,47,falling,-1.6 ,-3.1, -0.1
"Pike County, Ohio(2)",39131,Rural,100.2 ,80.5, 123.8,N/A , N/A , N/A,19,falling,-13.2 ,-25.2, -6.0
"Casey County, Kentucky(7)",21045,Rural,100.1 ,74.2, 133,N/A , N/A , N/A,11,stable,-2.0 ,-5.5, 1.8
"Morris County, Texas(7)",48343,Rural,100.1 ,71.3, 137.8,N/A , N/A , N/A,8,stable,-1.8 ,-4.3, 0.8
"Wayne County, West Virginia(2)",54099,Urban,100 ,84.2, 118.3,N/A , N/A , N/A,30,stable,-1.5 ,-3.0, 0.0
"Hopewell City, Virginia(2)",51670,Urban,99.9 ,76, 129.2,N/A , N/A , N/A,12,stable,-1.1 ,-3.5, 1.4
"Evangeline Parish, Louisiana(7)",22039,Rural,99.9 ,80.7, 122.4,N/A , N/A , N/A,20,stable,-0.8 ,-2.1, 0.5
"Forrest County, Mississippi(2)",28035,Urban,99.8 ,85.6, 115.8,N/A , N/A , N/A,37,stable,-1.7 ,-3.5, 0.1
"Obion County, Tennessee(2)",47131,Rural,99.7 ,81.2, 121.8,N/A , N/A , N/A,21,stable,-1.2 ,-3.7, 1.3
"Humphreys County, Tennessee(2)",47085,Rural,99.7 ,76.4, 128.7,N/A , N/A , N/A,13,stable,-2.1 ,-5.1, 0.9
"Logan County, Arkansas(2)",05083,Rural,99.7 ,78.3, 125.9,N/A , N/A , N/A,15,stable,-1.8 ,-4.6, 1.0
"Marion County, Mississippi(2)",28091,Rural,99.6 ,77.9, 125.9,N/A , N/A , N/A,15,falling,-15.6 ,-32.3, -0.3
"Brantley County, Georgia(7)",13025,Urban,99.6 ,76, 129.2,N/A , N/A , N/A,13,falling,-24.8 ,-45.0, -0.7
"Pulaski County, Kentucky(7)",21199,Rural,99.6 ,86.5, 114.3,N/A , N/A , N/A,44,falling,-1.9 ,-3.4, -0.3
"Warren County, Illinois(7)",17187,Rural,99.6 ,75.1, 130.2,N/A , N/A , N/A,12,stable,-0.7 ,-3.2, 2.0
"Marion County, Illinois(7)",17121,Rural,99.5 ,82.8, 119,N/A , N/A , N/A,26,stable,-0.8 ,-2.3, 0.7
"Delaware County, Indiana(2)",18035,Urban,99.5 ,88.8, 111.2,N/A , N/A , N/A,65,stable,-0.1 ,-1.4, 1.2
"Petersburg City, Virginia(2)",51730,Urban,99.4 ,79.4, 123.3,N/A , N/A , N/A,19,falling,-2.6 ,-4.4, -1.0
"Prince Edward County, Virginia(2)",51147,Rural,99.4 ,74.8, 129.8,N/A , N/A , N/A,12,stable,-1.6 ,-4.4, 1.2
"Lee County, Georgia(7)",13177,Urban,99.3 ,76, 127.4,N/A , N/A , N/A,15,stable,0.2 ,-2.3, 3.5
"Clarke County, Mississippi(2)",28023,Rural,99.3 ,73.2, 132.6,N/A , N/A , N/A,10,stable,-1.9 ,-5.5, 1.7
"Letcher County, Kentucky(7)",21133,Rural,99.3 ,78, 125.5,N/A , N/A , N/A,16,falling,-2.6 ,-4.7, -0.4
"Martin County, Kentucky(7)",21159,Rural,99.2 ,68.3, 140.1,N/A , N/A , N/A,7,stable,-2.7 ,-6.4, 1.4
"Lafayette County, Arkansas(2)",05073,Rural,99.2 ,65.4, 149.6,N/A , N/A , N/A,6,stable,-1.9 ,-5.5, 1.5
"Twiggs County, Georgia(7)",13289,Urban,99.1 ,68.4, 143.1,N/A , N/A , N/A,7,falling,-3.3 ,-5.9, -0.6
"Jasper County, Mississippi(2)",28061,Rural,99 ,74, 130.7,N/A , N/A , N/A,11,stable,-0.4 ,-2.9, 2.3
"Edmonson County, Kentucky(7)",21061,Urban,99 ,72.3, 134.1,N/A , N/A , N/A,10,stable,-2.2 ,-4.5, 0.1
"Effingham County, Georgia(7)",13103,Urban,99 ,83.4, 116.8,N/A , N/A , N/A,32,stable,-0.8 ,-2.1, 0.7
"Clare County, Michigan(2)",26035,Rural,98.8 ,82.2, 118.4,N/A , N/A , N/A,28,stable,-0.7 ,-2.9, 1.5
"Lake County, Michigan(2)",26085,Rural,98.7 ,74.2, 131.1,N/A , N/A , N/A,12,stable,-2.3 ,-5.0, 0.3
"Washington Parish, Louisiana(7)",22117,Rural,98.7 ,83.1, 116.6,N/A , N/A , N/A,30,falling,-1.9 ,-3.5, -0.3
"Grenada County, Mississippi(2)",28043,Rural,98.5 ,75.9, 126.4,N/A , N/A , N/A,14,stable,-1.5 ,-4.2, 1.2
"Laurens County, Georgia(7)",13175,Rural,98.5 ,82.5, 116.9,N/A , N/A , N/A,28,stable,-0.5 ,-2.2, 1.4
"Pike County, Arkansas(2)",05109,Rural,98.5 ,68.3, 139.1,N/A , N/A , N/A,7,stable,-1.0 ,-2.7, 0.6
"Jackson Parish, Louisiana(7)",22049,Rural,98.5 ,73, 130.9,N/A , N/A , N/A,10,stable,-1.0 ,-3.4, 1.6
"Muhlenberg County, Kentucky(7)",21177,Rural,98.4 ,80, 120.1,N/A , N/A , N/A,21,falling,-1.8 ,-3.4, -0.2
"Graves County, Kentucky(7)",21083,Rural,98.3 ,81.1, 118.5,N/A , N/A , N/A,24,falling,-2.6 ,-4.1, -1.2
"Anderson County, Kentucky(7)",21005,Rural,98.2 ,75.1, 126.6,N/A , N/A , N/A,14,stable,-2.2 ,-5.7, 1.7
"Lewis County, Tennessee(2)",47101,Rural,98.2 ,71.7, 132.8,N/A , N/A , N/A,10,stable,-2.8 ,-6.0, 0.6
"Blackford County, Indiana(2)",18009,Rural,98.1 ,70.8, 134.1,N/A , N/A , N/A,9,stable,-2.1 ,-5.8, 1.6
"Leake County, Mississippi(2)",28079,Rural,98.1 ,75.1, 126.2,N/A , N/A , N/A,13,falling,-17.1 ,-29.2, -1.6
"Red River County, Texas(7)",48387,Rural,98.1 ,71.7, 133,N/A , N/A , N/A,10,stable,-1.6 ,-3.5, 0.4
"Clay County, Indiana(2)",18021,Urban,97.9 ,77.9, 122,N/A , N/A , N/A,18,stable,-0.3 ,-2.5, 2.1
"Taylor County, Georgia(7)",13269,Rural,97.9 ,64.2, 145.9,N/A , N/A , N/A,6,stable,-0.1 ,-3.3, 3.6
"Prairie County, Arkansas(2)",05117,Rural,97.7 ,67.4, 140.1,N/A , N/A , N/A,7,stable,-0.6 ,-4.9, 3.7
"Greene County, Indiana(2)",18055,Rural,97.7 ,79.6, 119.1,N/A , N/A , N/A,22,stable,-0.6 ,-2.5, 1.3
"Hertford County, North Carolina(2)",37091,Rural,97.7 ,74.9, 125.8,N/A , N/A , N/A,13,stable,-0.8 ,-3.3, 1.8
"Desha County, Arkansas(2)",05041,Rural,97.6 ,68.2, 137.1,N/A , N/A , N/A,8,stable,-0.9 ,-4.8, 2.9
"Haralson County, Georgia(7)",13143,Urban,97.5 ,77.5, 121.4,N/A , N/A , N/A,17,falling,-3.0 ,-4.6, -1.4
"Lee County, South Carolina(2)",45061,Rural,97.3 ,71.2, 130.4,N/A , N/A , N/A,10,stable,-0.5 ,-2.9, 1.8
"Taylor County, Kentucky(7)",21217,Rural,97.2 ,76.3, 122.5,N/A , N/A , N/A,16,falling,-2.3 ,-4.0, -0.5
"Ray County, Missouri(2)",29177,Urban,97.2 ,75.8, 123.1,N/A , N/A , N/A,15,stable,-1.2 ,-3.9, 1.7
"Stewart County, Tennessee(2)",47161,Urban,97.2 ,70.8, 131.3,N/A , N/A , N/A,10,stable,-1.4 ,-4.3, 1.6
"Perry County, Ohio(2)",39127,Urban,97.1 ,79.1, 118.3,N/A , N/A , N/A,23,stable,-1.3 ,-3.8, 1.4
"Adams County, Ohio(2)",39001,Rural,97.1 ,78.3, 119.8,N/A , N/A , N/A,20,falling,-13.8 ,-32.3, -3.0
"Washington County, North Carolina(2)",37187,Rural,97.1 ,67.9, 136.6,N/A , N/A , N/A,9,stable,0.8 ,-2.4, 4.4
"Caldwell County, Kentucky(7)",21033,Rural,96.9 ,69.8, 132.5,N/A , N/A , N/A,9,stable,-2.4 ,-5.0, 0.0
"Colquitt County, Georgia(7)",13071,Rural,96.9 ,79.6, 117,N/A , N/A , N/A,24,stable,-1.5 ,-3.2, 0.3
"Scott County, Mississippi(2)",28123,Urban,96.8 ,75.3, 122.7,N/A , N/A , N/A,15,falling,-2.5 ,-4.7, -0.4
"Jefferson Davis County, Mississippi(2)",28065,Rural,96.8 ,68.5, 134.7,N/A , N/A , N/A,8,stable,-0.9 ,-3.4, 1.8
"Scott County, Missouri(2)",29201,Rural,96.7 ,79.4, 117,N/A , N/A , N/A,23,stable,-1.8 ,-3.8, 0.0
"Wyoming County, West Virginia(2)",54109,Rural,96.7 ,74.4, 124.1,N/A , N/A , N/A,15,falling,-2.1 ,-4.1, -0.4
"Ashley County, Arkansas(2)",05003,Rural,96.6 ,74.3, 124.5,N/A , N/A , N/A,13,stable,0.4 ,-2.3, 3.2
"Cocke County, Tennessee(2)",47029,Rural,96.5 ,80.3, 115.6,N/A , N/A , N/A,27,stable,-0.1 ,-2.4, 2.3
"Morgan County, Missouri(2)",29141,Rural,96.5 ,76.8, 120.7,N/A , N/A , N/A,18,stable,-1.3 ,-4.4, 1.8
"Calhoun County, Alabama(2)",01015,Urban,96.5 ,85.8, 108.1,N/A , N/A , N/A,66,stable,2.9 ,-1.9, 11.0
"Itawamba County, Mississippi(2)",28057,Rural,96.4 ,75.3, 122.1,N/A , N/A , N/A,15,stable,-2.3 ,-5.4, 0.7
"Cleburne County, Arkansas(2)",05023,Rural,96.3 ,78.2, 118.3,N/A , N/A , N/A,21,stable,-0.6 ,-3.3, 2.1
"Dade County, Georgia(7)",13083,Urban,96.3 ,71.8, 127.4,N/A , N/A , N/A,11,stable,-1.3 ,-4.0, 2.0
"Marshall County, Kentucky(7)",21157,Rural,96.2 ,78.6, 117.2,N/A , N/A , N/A,22,stable,-1.1 ,-3.0, 0.8
"Craighead County, Arkansas(2)",05031,Urban,96.2 ,84.5, 109.2,N/A , N/A , N/A,51,stable,-1.1 ,-2.3, 0.1
"Lincoln County, Minnesota(2)",27081,Rural,96.2 ,58.1, 153.5,N/A , N/A , N/A,4,stable,0.1 ,-4.4, 4.8
"Webster Parish, Louisiana(7)",22119,Rural,96.2 ,79.1, 116.2,N/A , N/A , N/A,24,falling,-2.0 ,-3.4, -0.7
"Vigo County, Indiana(2)",18167,Urban,96.2 ,85.1, 108.4,N/A , N/A , N/A,58,stable,-1.2 ,-2.5, 0.2
"Harrison County, Ohio(2)",39067,Rural,96.1 ,71.6, 127.7,N/A , N/A , N/A,12,stable,-1.9 ,-4.8, 0.7
"Mitchell County, North Carolina(2)",37121,Rural,96.1 ,72.9, 126,N/A , N/A , N/A,12,stable,0.6 ,-2.6, 4.0
"Terrell County, Georgia(7)",13273,Urban,96 ,63.7, 141.1,N/A , N/A , N/A,6,falling,-4.0 ,-6.8, -1.2
"Lenoir County, North Carolina(2)",37107,Rural,95.9 ,81.9, 111.9,N/A , N/A , N/A,35,stable,-1.7 ,-3.8, 0.3
"Christian County, Kentucky(7)",21047,Urban,95.9 ,80.7, 113.1,N/A , N/A , N/A,29,falling,-1.9 ,-3.5, -0.2
"Muskingum County, Ohio(2)",39119,Rural,95.8 ,84.1, 108.8,N/A , N/A , N/A,52,stable,-1.4 ,-2.7, 0.0
"Jackson County, Ohio(2)",39079,Rural,95.8 ,77.3, 117.7,N/A , N/A , N/A,20,stable,-1.2 ,-3.7, 1.4
"Van Buren County, Iowa(7)",19177,Rural,95.7 ,63.1, 142.2,N/A , N/A , N/A,6,stable,0.6 ,-1.0, 2.4
"Washington County, Ohio(2)",39167,Rural,95.6 ,83, 109.9,N/A , N/A , N/A,44,stable,-0.8 ,-2.5, 0.9
"Grant County, Indiana(2)",18053,Rural,95.6 ,82.5, 110.4,N/A , N/A , N/A,40,stable,-0.9 ,-2.4, 0.6
"Chester County, Tennessee(2)",47023,Urban,95.6 ,69.6, 128.5,N/A , N/A , N/A,10,stable,1.4 ,-3.3, 7.1
"Shoshone County, Idaho(7)",16079,Rural,95.5 ,69.9, 129,N/A , N/A , N/A,10,falling,-2.7 ,-5.3, -0.1
"Copiah County, Mississippi(2)",28029,Urban,95.5 ,75.2, 120,N/A , N/A , N/A,16,stable,-1.9 ,-4.6, 0.8
"Roanoke City, Virginia(2)",51770,Urban,95.5 ,83.8, 108.4,N/A , N/A , N/A,53,falling,-2.6 ,-4.3, -1.0
"Waynesboro City, Virginia(2)",51820,Urban,95.5 ,73.1, 122.9,N/A , N/A , N/A,13,stable,-0.1 ,-3.1, 3.0
"Banks County, Georgia(7)",13011,Rural,95.5 ,71.2, 126,N/A , N/A , N/A,11,stable,-1.2 ,-3.8, 1.8
"Conecuh County, Alabama(2)",01035,Rural,95.4 ,69.3, 130.3,N/A , N/A , N/A,9,stable,-1.1 ,-3.3, 1.3
"Wheeler County, Texas(7)",48483,Rural,95.4 ,56.6, 155.5,N/A , N/A , N/A,4,*,*,*,*
"Madison County, Georgia(7)",13195,Urban,95.3 ,76.4, 118,N/A , N/A , N/A,19,stable,-1.4 ,-2.7, 0.1
"Caroline County, Virginia(2)",51033,Rural,95.3 ,76.2, 118,N/A , N/A , N/A,19,stable,-1.3 ,-4.4, 1.9
"Elliott County, Kentucky(7)",21063,Rural,95.2 ,62.4, 142,N/A , N/A , N/A,5,stable,-1.4 ,-4.4, 2.5
"Marion County, Ohio(2)",39101,Rural,95.2 ,82.2, 109.8,N/A , N/A , N/A,41,stable,-0.8 ,-1.9, 0.3
"Noxubee County, Mississippi(2)",28103,Rural,95.2 ,60.8, 142.3,N/A , N/A , N/A,5,*,*,*,*
"Attala County, Mississippi(2)",28007,Rural,95.2 ,71.3, 125.3,N/A , N/A , N/A,11,stable,-0.6 ,-4.1, 2.7
"Saline County, Missouri(2)",29195,Rural,95.2 ,74, 121.1,N/A , N/A , N/A,14,stable,-0.4 ,-3.7, 3.1
"Grainger County, Tennessee(2)",47057,Urban,95.2 ,75.5, 119.2,N/A , N/A , N/A,18,falling,-2.7 ,-4.7, -0.6
"Madison County, Ohio(2)",39097,Urban,95.1 ,78.8, 113.8,N/A , N/A , N/A,26,stable,-1.0 ,-3.4, 1.5
"Northampton County, North Carolina(2)",37131,Rural,95.1 ,71.6, 124.9,N/A , N/A , N/A,14,stable,0.7 ,-1.6, 3.0
"Crawford County, Georgia(7)",13079,Urban,95 ,68.1, 130.9,N/A , N/A , N/A,9,stable,-0.6 ,-3.2, 2.5
"Hale County, Alabama(2)",01065,Urban,94.9 ,68.4, 129.3,N/A , N/A , N/A,9,rising,9.8 ,0.1, 36.1
"Macon County, Illinois(7)",17115,Urban,94.9 ,84.9, 106,N/A , N/A , N/A,68,falling,-2.6 ,-6.2, -1.6
"Wilkin County, Minnesota(2)",27167,Rural,94.9 ,58.8, 147.3,N/A , N/A , N/A,4,*,*,*,*
"Carroll County, Tennessee(2)",47017,Rural,94.8 ,75.7, 117.7,N/A , N/A , N/A,18,stable,-0.6 ,-3.7, 2.6
"Mitchell County, Georgia(7)",13205,Rural,94.8 ,71.3, 123.7,N/A , N/A , N/A,12,falling,-2.9 ,-5.2, -0.5
"Benton County, Missouri(2)",29015,Rural,94.7 ,76.6, 117.8,N/A , N/A , N/A,20,falling,-2.0 ,-4.0, -0.1
"Morgan County, West Virginia(2)",54065,Urban,94.7 ,72.1, 123.5,N/A , N/A , N/A,13,stable,0.2 ,-3.2, 4.2
"Terrebonne Parish, Louisiana(7)",22109,Urban,94.7 ,83.4, 107.1,N/A , N/A , N/A,55,stable,-0.6 ,-1.7, 0.5
"Muskogee County, Oklahoma(2)",40101,Rural,94.6 ,81.3, 109.7,N/A , N/A , N/A,38,stable,-0.8 ,-2.2, 0.6
"Fleming County, Kentucky(7)",21069,Rural,94.6 ,69.8, 126.7,N/A , N/A , N/A,10,stable,-1.5 ,-4.6, 2.0
"Boone County, West Virginia(2)",54005,Urban,94.6 ,74.4, 119.5,N/A , N/A , N/A,16,falling,-3.0 ,-5.4, -0.8
"Bladen County, North Carolina(2)",37017,Rural,94.6 ,76.7, 115.9,N/A , N/A , N/A,22,falling,-2.7 ,-4.5, -1.0
"Clarendon County, South Carolina(2)",45027,Rural,94.5 ,77.4, 115,N/A , N/A , N/A,23,stable,-0.9 ,-3.0, 1.2
"St. Francis County, Arkansas(2)",05123,Rural,94.5 ,73.3, 120.2,N/A , N/A , N/A,14,stable,-0.9 ,-4.9, 1.0
"Marion County, Tennessee(2)",47115,Urban,94.4 ,76, 116.6,N/A , N/A , N/A,19,stable,-1.6 ,-4.3, 1.1
"Macon County, Georgia(7)",13193,Rural,94.3 ,66, 131.8,N/A , N/A , N/A,8,stable,-2.4 ,-5.7, 1.1
"Tyler County, West Virginia(2)",54095,Rural,94.3 ,65, 135.9,N/A , N/A , N/A,7,stable,6.8 ,-0.7, 30.5
"Pocahontas County, Iowa(7)",19151,Rural,94.2 ,62.2, 140.6,N/A , N/A , N/A,6,stable,-0.4 ,-2.6, 2.0
"Marshall County, Tennessee(2)",47117,Rural,94.1 ,75.9, 115.7,N/A , N/A , N/A,20,stable,-1.6 ,-4.5, 1.6
"Thomas County, Georgia(7)",13275,Rural,94 ,78.2, 112.3,N/A , N/A , N/A,27,falling,-2.4 ,-4.0, -0.8
"Buckingham County, Virginia(2)",51029,Rural,94 ,71, 122.9,N/A , N/A , N/A,12,stable,-0.5 ,-3.1, 2.3
"Pittsburg County, Oklahoma(2)",40121,Rural,94 ,78.8, 111.4,N/A , N/A , N/A,28,falling,-2.3 ,-3.9, -0.7
"Ford County, Illinois(7)",17053,Urban,94 ,66.4, 129.9,N/A , N/A , N/A,8,stable,-0.8 ,-3.7, 2.3
"Evans County, Georgia(7)",13109,Rural,93.9 ,62.3, 136.6,N/A , N/A , N/A,6,falling,-4.0 ,-6.9, -1.4
"New Kent County, Virginia(2)",51127,Urban,93.7 ,71.8, 120.7,N/A , N/A , N/A,15,stable,-2.7 ,-5.7, 0.8
"Coffee County, Georgia(7)",13069,Rural,93.6 ,75.6, 114.7,N/A , N/A , N/A,20,stable,-1.1 ,-2.5, 0.7
"Orleans County, New York(7)",36073,Urban,93.6 ,77.2, 112.7,N/A , N/A , N/A,25,stable,-12.5 ,-24.5, 0.7
"Bedford County, Tennessee(2)",47003,Rural,93.4 ,77.2, 111.9,N/A , N/A , N/A,26,stable,-0.8 ,-2.4, 1.0
"Franklin County, Arkansas(2)",05047,Rural,93.3 ,69.9, 122.8,N/A , N/A , N/A,11,stable,-1.1 ,-3.9, 1.8
"Pushmataha County, Oklahoma(2)",40127,Rural,93.3 ,67.1, 128.6,N/A , N/A , N/A,8,stable,-2.8 ,-6.3, 0.4
"Geneva County, Alabama(2)",01061,Urban,93.2 ,74.1, 116.4,N/A , N/A , N/A,17,stable,-1.8 ,-4.1, 0.3
"Randolph County, Alabama(2)",01111,Rural,93.2 ,72, 119.4,N/A , N/A , N/A,15,stable,-15.2 ,-27.3, 1.3
"Roscommon County, Michigan(2)",26143,Rural,93.2 ,74.4, 116.8,N/A , N/A , N/A,23,stable,0.0 ,-2.0, 2.0
"Scotland County, North Carolina(2)",37165,Rural,93.1 ,74.5, 115,N/A , N/A , N/A,19,falling,-1.9 ,-3.7, -0.1
"McIntosh County, Georgia(7)",13191,Urban,93 ,69.3, 125.7,N/A , N/A , N/A,11,stable,4.1 ,-0.3, 17.5
"Henderson County, Tennessee(2)",47077,Rural,93 ,74, 115.8,N/A , N/A , N/A,17,stable,-1.7 ,-3.8, 0.4
"Alpena County, Michigan(2)",26007,Rural,93 ,75.5, 114,N/A , N/A , N/A,22,stable,-1.4 ,-3.8, 0.9
"Perry County, Tennessee(2)",47135,Rural,92.9 ,62.7, 135.2,N/A , N/A , N/A,6,stable,1.3 ,-3.8, 17.9
"Clinton County, Iowa(7)",19045,Rural,92.9 ,78.4, 109.5,N/A , N/A , N/A,31,falling,-1.1 ,-2.0, -0.1
"Brown County, Ohio(2)",39015,Urban,92.9 ,77.9, 110.2,N/A , N/A , N/A,28,falling,-1.8 ,-3.3, -0.3
"Pine County, Minnesota(2)",27115,Rural,92.8 ,76.1, 112.9,N/A , N/A , N/A,23,stable,1.1 ,-1.1, 3.6
"Wayne County, North Carolina(2)",37191,Urban,92.8 ,82.7, 103.9,N/A , N/A , N/A,65,stable,-1.1 ,-2.3, 0.1
"Trigg County, Kentucky(7)",21221,Urban,92.8 ,68.9, 124,N/A , N/A , N/A,11,stable,-2.0 ,-4.1, 0.1
"Decatur County, Iowa(7)",19053,Rural,92.6 ,56.7, 143.9,N/A , N/A , N/A,4,stable,0.2 ,-2.3, 2.9
"Henry County, Kentucky(7)",21103,Urban,92.6 ,68.6, 123.5,N/A , N/A , N/A,10,falling,-2.8 ,-4.6, -0.9
"Montgomery County, Illinois(7)",17135,Rural,92.5 ,74.6, 114,N/A , N/A , N/A,19,stable,-0.8 ,-2.5, 0.9
"Atoka County, Oklahoma(2)",40005,Rural,92.4 ,67.2, 124.8,N/A , N/A , N/A,9,stable,0.2 ,-3.1, 3.9
"Jefferson County, Tennessee(2)",47089,Urban,92.4 ,79.2, 107.6,N/A , N/A , N/A,37,stable,-0.6 ,-2.8, 1.9
"Screven County, Georgia(7)",13251,Rural,92.4 ,66.9, 125.7,N/A , N/A , N/A,9,stable,-0.3 ,-3.2, 3.0
"Lincoln County, Mississippi(2)",28085,Rural,92.4 ,74.1, 113.9,N/A , N/A , N/A,19,stable,-0.1 ,-2.7, 2.5
"Smith County, Tennessee(2)",47159,Urban,92.4 ,69.9, 120.4,N/A , N/A , N/A,12,stable,-1.9 ,-5.2, 1.4
"Martinsville City, Virginia(2)",51690,Rural,92.4 ,55.9, 142.1,N/A , N/A , N/A,6,stable,-1.1 ,-3.9, 1.5
"Iron County, Missouri(2)",29093,Rural,92.3 ,64.1, 131.2,N/A , N/A , N/A,7,stable,-1.2 ,-4.6, 2.4
"Marion County, Kentucky(7)",21155,Rural,92.3 ,68.3, 122.3,N/A , N/A , N/A,11,stable,-0.6 ,-2.5, 1.7
"Lauderdale County, Tennessee(2)",47097,Rural,92.3 ,71.7, 117.3,N/A , N/A , N/A,15,stable,-1.7 ,-4.0, 0.7
"Knox County, Illinois(7)",17095,Rural,92.3 ,78.6, 107.8,N/A , N/A , N/A,34,stable,-1.3 ,-2.9, 0.3
"Williamson County, Illinois(7)",17199,Rural,92.2 ,80, 106,N/A , N/A , N/A,42,falling,-4.0 ,-8.5, -2.2
"Rockingham County, North Carolina(2)",37157,Urban,92.2 ,81.9, 103.6,N/A , N/A , N/A,62,falling,-2.0 ,-3.1, -0.9
"Tipton County, Tennessee(2)",47167,Urban,92.2 ,77.8, 108.6,N/A , N/A , N/A,32,falling,-3.1 ,-11.5, -0.6
"Campbell County, Kentucky(7)",21037,Urban,92.1 ,80.8, 104.7,N/A , N/A , N/A,52,falling,-1.9 ,-3.0, -0.7
"Dyer County, Tennessee(2)",47045,Rural,92.1 ,75.3, 112,N/A , N/A , N/A,22,stable,-1.4 ,-3.1, 0.3
"Howard County, Missouri(2)",29089,Urban,92.1 ,62.1, 133,N/A , N/A , N/A,6,stable,21.1 ,-1.0, 42.5
"New Madrid County, Missouri(2)",29143,Rural,92 ,68, 122.7,N/A , N/A , N/A,10,falling,-2.8 ,-5.4, -0.5
"Ohio County, Indiana(2)",18115,Urban,92 ,58.4, 143.3,N/A , N/A , N/A,5,*,*,*,*
"Chesterfield County, South Carolina(2)",45025,Rural,91.9 ,76.2, 110.2,N/A , N/A , N/A,26,stable,-1.5 ,-3.4, 0.5
"Iosco County, Michigan(2)",26069,Rural,91.7 ,74.7, 112.7,N/A , N/A , N/A,23,stable,-0.8 ,-3.1, 1.5
"Parke County, Indiana(2)",18121,Rural,91.7 ,68.4, 121.6,N/A , N/A , N/A,11,stable,-0.9 ,-3.7, 1.9
"West Feliciana Parish, Louisiana(7)",22125,Urban,91.7 ,66.6, 124.1,N/A , N/A , N/A,10,stable,-1.1 ,-3.4, 1.7
"Jones County, Mississippi(2)",28067,Rural,91.7 ,78.4, 106.7,N/A , N/A , N/A,36,falling,-1.8 ,-3.4, -0.3
"Bath County, Virginia(2)",51017,Rural,91.6 ,55.8, 153.7,N/A , N/A , N/A,4,*,*,*,*
"Calhoun County, Florida(2)",12013,Rural,91.6 ,66.4, 124.2,N/A , N/A , N/A,9,stable,-0.7 ,-4.5, 11.6
"Bates County, Missouri(2)",29013,Urban,91.6 ,67.7, 122,N/A , N/A , N/A,10,stable,-1.7 ,-4.8, 1.3
"Larue County, Kentucky(7)",21123,Urban,91.6 ,65.6, 125.1,N/A , N/A , N/A,9,stable,-1.2 ,-4.5, 2.3
"Gasconade County, Missouri(2)",29073,Rural,91.5 ,68.4, 121.5,N/A , N/A , N/A,11,stable,-0.6 ,-3.4, 2.2
"Fulton County, Arkansas(2)",05049,Rural,91.5 ,66.6, 124.7,N/A , N/A , N/A,10,stable,-0.7 ,-5.2, 4.1
"Alcorn County, Mississippi(2)",28003,Rural,91.4 ,73.9, 112.1,N/A , N/A , N/A,20,falling,-3.1 ,-5.8, -0.6
"Grundy County, Tennessee(2)",47061,Rural,91.4 ,65.8, 124.7,N/A , N/A , N/A,9,stable,-1.4 ,-3.8, 0.8
"Johnston County, Oklahoma(2)",40069,Rural,91.4 ,61.1, 132.4,N/A , N/A , N/A,6,stable,-1.7 ,-5.9, 2.6
"Walker County, Alabama(2)",01127,Urban,91.3 ,78.8, 105.6,N/A , N/A , N/A,40,falling,-2.9 ,-4.6, -1.3
"St. Mary Parish, Louisiana(7)",22101,Rural,91.1 ,76.4, 108.1,N/A , N/A , N/A,29,stable,-1.4 ,-3.1, 0.3
"Burke County, North Carolina(2)",37023,Urban,91.1 ,80.7, 102.6,N/A , N/A , N/A,59,falling,-1.6 ,-3.1, -0.1
"Wabash County, Illinois(7)",17185,Rural,91 ,63.3, 128.2,N/A , N/A , N/A,7,falling,-3.3 ,-6.0, -0.7
"Crawford County, Arkansas(2)",05033,Urban,91 ,77.7, 106.1,N/A , N/A , N/A,35,falling,-4.5 ,-12.1, -1.3
"Surry County, North Carolina(2)",37171,Rural,91 ,79.3, 104.2,N/A , N/A , N/A,46,stable,-11.2 ,-23.0, 0.0
"Union County, Iowa(7)",19175,Rural,91 ,63.9, 126.9,N/A , N/A , N/A,8,stable,-1.0 ,-3.0, 0.9
"Bradley County, Arkansas(2)",05011,Rural,91 ,61.3, 131.4,N/A , N/A , N/A,6,falling,-4.3 ,-30.8, -0.4
"Washington County, Georgia(7)",13303,Rural,91 ,67.9, 120.1,N/A , N/A , N/A,11,stable,-0.4 ,-1.8, 1.2
"Newton County, Indiana(2)",18111,Urban,91 ,66.6, 122.6,N/A , N/A , N/A,10,stable,-2.0 ,-4.2, 0.2
"Franklin County, Alabama(2)",01059,Rural,90.9 ,72.3, 113,N/A , N/A , N/A,17,stable,-1.2 ,-3.0, 0.5
"Early County, Georgia(7)",13099,Rural,90.9 ,59.6, 133.6,N/A , N/A , N/A,6,stable,-3.0 ,-6.2, 0.1
"Grant County, Arkansas(2)",05053,Urban,90.8 ,68.3, 119.1,N/A , N/A , N/A,11,stable,-3.2 ,-6.6, 0.1
"Bienville Parish, Louisiana(7)",22013,Rural,90.7 ,65, 124.5,N/A , N/A , N/A,8,stable,-1.4 ,-4.5, 1.6
"Escambia County, Alabama(2)",01053,Rural,90.7 ,74, 110.3,N/A , N/A , N/A,21,falling,-2.4 ,-4.8, -0.1
"Wabash County, Indiana(2)",18169,Rural,90.7 ,73.3, 111.4,N/A , N/A , N/A,20,stable,0.5 ,-1.9, 3.1
"Somerset County, Maine(2)",23025,Rural,90.6 ,77.8, 105.3,N/A , N/A , N/A,39,stable,-1.1 ,-3.0, 0.8
"Pike County, Indiana(2)",18125,Rural,90.6 ,64.7, 124.9,N/A , N/A , N/A,8,stable,-1.4 ,-3.1, 0.3
"Emporia City, Virginia(2)",51595,Rural,90.6 ,51.3, 151.3,N/A , N/A , N/A,3,stable,-1.3 ,-6.2, 3.9
"McCracken County, Kentucky(7)",21145,Urban,90.5 ,78.4, 104.2,N/A , N/A , N/A,42,falling,-3.0 ,-4.2, -1.7
"Coryell County, Texas(7)",48099,Urban,90.5 ,75.7, 107.3,N/A , N/A , N/A,28,falling,-2.2 ,-3.9, -0.3
"Marshall County, Illinois(7)",17123,Urban,90.5 ,65.1, 124.4,N/A , N/A , N/A,9,stable,-1.1 ,-3.5, 1.5
"Robertson County, Tennessee(2)",47147,Urban,90.4 ,77.1, 105.4,N/A , N/A , N/A,37,stable,-1.4 ,-3.2, 0.4
"Peoria County, Illinois(7)",17143,Urban,90.4 ,82.4, 98.9,N/A , N/A , N/A,100,stable,-0.6 ,-1.5, 0.3
"Penobscot County, Maine(2)",23019,Urban,90.4 ,82.1, 99.3,N/A , N/A , N/A,93,falling,-1.4 ,-2.4, -0.3
"Knox County, Indiana(2)",18083,Rural,90.4 ,73.4, 110.3,N/A , N/A , N/A,21,stable,-0.6 ,-2.6, 1.4
"Jackson County, Illinois(7)",17077,Rural,90.4 ,75.1, 108,N/A , N/A , N/A,26,stable,-0.4 ,-2.3, 1.8
"Coffee County, Tennessee(2)",47031,Rural,90.3 ,76.4, 106.1,N/A , N/A , N/A,31,stable,-1.3 ,-3.3, 0.6
"McCulloch County, Texas(7)",48307,Rural,90.3 ,58.2, 136.2,N/A , N/A , N/A,5,*,*,*,*
"Henderson County, Texas(7)",48213,Rural,90.3 ,79.9, 101.8,N/A , N/A , N/A,58,falling,-1.7 ,-2.5, -0.8
"Cotton County, Oklahoma(2)",40033,Urban,90.3 ,52.6, 148.3,N/A , N/A , N/A,4,stable,-0.3 ,-4.7, 4.2
"Rolette County, North Dakota(2)",38079,Rural,90.2 ,56.2, 136.6,N/A , N/A , N/A,5,*,*,*,*
"Newton County, Mississippi(2)",28101,Rural,90.2 ,66.5, 119.8,N/A , N/A , N/A,10,stable,-2.0 ,-6.0, 1.7
"Mayes County, Oklahoma(2)",40097,Rural,90.2 ,74.3, 108.9,N/A , N/A , N/A,24,falling,-2.3 ,-4.2, -0.6
"Oregon County, Missouri(2)",29149,Rural,90.2 ,61, 131.4,N/A , N/A , N/A,6,stable,1.4 ,-1.2, 4.4
"Ozark County, Missouri(2)",29153,Rural,90.2 ,62.7, 129.9,N/A , N/A , N/A,8,stable,-0.9 ,-4.5, 2.7
"Owen County, Indiana(2)",18119,Urban,90.1 ,69.4, 115.8,N/A , N/A , N/A,15,stable,-1.9 ,-4.8, 0.9
"Osceola County, Iowa(7)",19143,Rural,90.1 ,55.9, 141,N/A , N/A , N/A,4,*,*,*,*
"Preble County, Ohio(2)",39135,Rural,90.1 ,75.2, 107.3,N/A , N/A , N/A,27,falling,-15.3 ,-23.9, -6.7
"Franklin County, Illinois(7)",17055,Rural,90.1 ,74.6, 108.2,N/A , N/A , N/A,25,falling,-6.9 ,-19.9, -1.8
"Pike County, Missouri(2)",29163,Rural,90.1 ,67, 118.9,N/A , N/A , N/A,11,stable,-1.7 ,-5.4, 2.0
"Lincoln County, Missouri(2)",29113,Urban,90 ,75.6, 106.4,N/A , N/A , N/A,31,stable,-1.8 ,-4.2, 0.7
"Anson County, North Carolina(2)",37007,Urban,90 ,69.3, 115.5,N/A , N/A , N/A,14,stable,0.0 ,-3.2, 3.2
"Pike County, Mississippi(2)",28113,Rural,90 ,73.2, 109.7,N/A , N/A , N/A,21,falling,-2.2 ,-3.3, -1.1
"Jackson County, West Virginia(2)",54035,Rural,90 ,72.1, 111.5,N/A , N/A , N/A,18,falling,-1.7 ,-3.4, -0.1
"Cherokee County, Oklahoma(2)",40021,Rural,90 ,74.5, 107.8,N/A , N/A , N/A,25,stable,-0.9 ,-2.6, 0.8
"Berrien County, Georgia(7)",13019,Rural,89.8 ,67.4, 118.2,N/A , N/A , N/A,11,stable,-1.1 ,-3.0, 1.2
"Montcalm County, Michigan(2)",26117,Urban,89.8 ,77.4, 103.8,N/A , N/A , N/A,40,stable,-0.4 ,-2.1, 1.5
"La Salle Parish, Louisiana(7)",22059,Rural,89.8 ,62.5, 125.2,N/A , N/A , N/A,7,stable,-1.0 ,-4.1, 2.1
"Carroll County, Georgia(7)",13045,Urban,89.8 ,78.9, 101.8,N/A , N/A , N/A,53,falling,-1.1 ,-2.1, -0.1
"Columbia County, Arkansas(2)",05027,Rural,89.8 ,67.8, 117,N/A , N/A , N/A,12,stable,-3.3 ,-7.9, 0.4
"Bethel Census Area, Alaska(2)",02050,Rural,89.7 ,40.8, 162.6,N/A , N/A , N/A,4,stable,-3.1 ,-8.4, 2.0
"Hunt County, Texas(7)",48231,Urban,89.7 ,78.9, 101.6,N/A , N/A , N/A,53,falling,-1.2 ,-1.9, -0.3
"Hardin County, Kentucky(7)",21093,Urban,89.7 ,78.8, 101.7,N/A , N/A , N/A,53,falling,-2.0 ,-2.9, -1.0
"Upson County, Georgia(7)",13293,Rural,89.7 ,71, 112.4,N/A , N/A , N/A,17,falling,-4.5 ,-12.0, -1.6
"Montague County, Texas(7)",48337,Rural,89.7 ,69.1, 115.3,N/A , N/A , N/A,14,stable,0.4 ,-1.5, 2.6
"Panola County, Mississippi(2)",28107,Rural,89.7 ,71.4, 111.4,N/A , N/A , N/A,18,stable,-0.8 ,-2.6, 1.0
"Danville City, Virginia(2)",51590,Rural,89.6 ,73.6, 108.4,N/A , N/A , N/A,24,falling,-2.6 ,-4.7, -0.8
"Sabine Parish, Louisiana(7)",22085,Rural,89.6 ,69.3, 114.7,N/A , N/A , N/A,14,stable,-2.1 ,-4.6, 0.3
"Independence County, Arkansas(2)",05063,Rural,89.6 ,73, 109.1,N/A , N/A , N/A,21,falling,-2.6 ,-4.4, -0.9
"Franklin County, New York(7)",36033,Rural,89.6 ,75.3, 106.1,N/A , N/A , N/A,30,falling,-1.5 ,-2.5, -0.3
"Ben Hill County, Georgia(7)",13017,Rural,89.6 ,64.9, 121.3,N/A , N/A , N/A,9,falling,-2.9 ,-4.9, -1.0
"Carlisle County, Kentucky(7)",21039,Urban,89.5 ,50.1, 152.2,N/A , N/A , N/A,3,stable,-3.6 ,-8.5, 1.0
"Randolph County, North Carolina(2)",37151,Urban,89.5 ,80.8, 98.8,N/A , N/A , N/A,84,falling,-5.5 ,-15.2, -1.5
"Houston County, Tennessee(2)",47083,Rural,89.5 ,58.6, 133.4,N/A , N/A , N/A,6,stable,-1.6 ,-23.0, 5.7
"Sangamon County, Illinois(7)",17167,Urban,89.4 ,81.8, 97.6,N/A , N/A , N/A,109,falling,-1.1 ,-2.0, -0.2
"Hughes County, Oklahoma(2)",40063,Rural,89.4 ,63, 123.7,N/A , N/A , N/A,8,falling,-2.7 ,-5.0, -0.7
"Logan County, Kentucky(7)",21141,Rural,89.4 ,71, 111.7,N/A , N/A , N/A,17,falling,-2.9 ,-4.8, -0.9
"Columbus County, North Carolina(2)",37047,Rural,89.4 ,75.4, 105.5,N/A , N/A , N/A,31,stable,-1.5 ,-3.1, 0.1
"Clark County, Kentucky(7)",21049,Urban,89.4 ,72.9, 108.8,N/A , N/A , N/A,22,falling,-2.6 ,-4.4, -0.9
"Jefferson County, Illinois(7)",17081,Rural,89.4 ,73.7, 107.8,N/A , N/A , N/A,24,stable,-1.5 ,-3.2, 0.4
"Jersey County, Illinois(7)",17083,Urban,89.4 ,68.8, 115,N/A , N/A , N/A,14,stable,0.1 ,-2.3, 2.9
"Wyandot County, Ohio(2)",39175,Rural,89.4 ,68.9, 114.6,N/A , N/A , N/A,14,stable,-0.7 ,-3.0, 1.7
"Liberty County, Texas(7)",48291,Urban,89.4 ,76.7, 103.5,N/A , N/A , N/A,40,falling,-2.9 ,-4.0, -1.7
"Baker County, Florida(2)",12003,Urban,89.3 ,69, 113.9,N/A , N/A , N/A,14,stable,-0.9 ,-4.0, 2.4
"Emanuel County, Georgia(7)",13107,Rural,89.3 ,67, 117,N/A , N/A , N/A,12,stable,-1.0 ,-3.2, 1.4
"Swain County, North Carolina(2)",37173,Rural,89.3 ,64.3, 122.1,N/A , N/A , N/A,9,falling,-5.5 ,-28.4, -1.1
"Lonoke County, Arkansas(2)",05085,Urban,89.3 ,76.1, 104.2,N/A , N/A , N/A,35,falling,-2.4 ,-3.8, -0.9
"Menifee County, Kentucky(7)",21165,Rural,89.3 ,55.3, 141.3,N/A , N/A , N/A,5,falling,-6.0 ,-22.6, -1.9
"Madison County, Indiana(2)",18095,Urban,89.2 ,80.2, 99.1,N/A , N/A , N/A,74,falling,-1.8 ,-2.9, -0.7
"Morgan County, Indiana(2)",18109,Urban,89.2 ,76.9, 103,N/A , N/A , N/A,42,falling,-1.9 ,-2.9, -0.7
"Floyd County, Georgia(7)",13115,Urban,89.2 ,78.3, 101.2,N/A , N/A , N/A,51,falling,-1.9 ,-3.1, -0.6
"Orange County, Indiana(2)",18117,Rural,89.2 ,68.1, 115.5,N/A , N/A , N/A,13,falling,-2.6 ,-5.1, -0.2
"Lawrence County, Tennessee(2)",47099,Rural,89.2 ,73.4, 107.5,N/A , N/A , N/A,24,falling,-11.1 ,-21.5, -3.2
"Vernon Parish, Louisiana(7)",22115,Rural,89.2 ,72.1, 109,N/A , N/A , N/A,20,falling,-1.8 ,-3.5, -0.1
"Fayette County, Illinois(7)",17051,Rural,89.1 ,68.6, 114.3,N/A , N/A , N/A,13,stable,-0.9 ,-3.0, 1.4
"Cleveland County, North Carolina(2)",37045,Rural,89.1 ,78.7, 100.6,N/A , N/A , N/A,58,falling,-2.0 ,-3.3, -0.7
"Dallas County, Arkansas(2)",05039,Rural,89 ,54.9, 140.2,N/A , N/A , N/A,4,stable,-2.9 ,-6.3, 0.1
"Madison County, Texas(7)",48313,Rural,88.9 ,60.3, 126.6,N/A , N/A , N/A,6,stable,-0.8 ,-4.4, 2.9
"Barrow County, Georgia(7)",13013,Urban,88.9 ,74.7, 104.8,N/A , N/A , N/A,32,falling,-2.7 ,-4.2, -1.0
"Johnson County, Arkansas(2)",05071,Rural,88.8 ,69.3, 112.6,N/A , N/A , N/A,15,falling,-20.9 ,-35.4, -4.9
"Pike County, Alabama(2)",01109,Rural,88.7 ,69.3, 112.2,N/A , N/A , N/A,15,stable,0.2 ,-2.5, 3.1
"Winn Parish, Louisiana(7)",22127,Rural,88.6 ,62.8, 122.1,N/A , N/A , N/A,8,falling,-17.4 ,-24.4, -10.4
"Lamar County, Texas(7)",48277,Rural,88.5 ,74.7, 104.5,N/A , N/A , N/A,30,falling,-2.1 ,-3.5, -0.7
"Raleigh County, West Virginia(2)",54081,Urban,88.4 ,77.3, 100.9,N/A , N/A , N/A,49,stable,-1.0 ,-2.2, 0.3
"Fulton County, Illinois(7)",17057,Rural,88.4 ,72.2, 107.5,N/A , N/A , N/A,22,stable,-1.6 ,-3.4, 0.1
"Perry County, Mississippi(2)",28111,Urban,88.3 ,60.9, 125.3,N/A , N/A , N/A,7,stable,-1.9 ,-5.3, 1.7
"Lee County, Iowa(7)",19111,Rural,88.3 ,72, 107.7,N/A , N/A , N/A,22,falling,-1.5 ,-2.4, -0.5
"Stokes County, North Carolina(2)",37169,Urban,88.3 ,74.6, 104.2,N/A , N/A , N/A,31,stable,-0.9 ,-2.5, 0.8
"Coleman County, Texas(7)",48083,Rural,88.2 ,58.7, 131.2,N/A , N/A , N/A,6,stable,-2.4 ,-5.5, 0.5
"Davidson County, North Carolina(2)",37057,Urban,88.2 ,80.4, 96.7,N/A , N/A , N/A,100,falling,-1.4 ,-2.1, -0.6
"Keokuk County, Iowa(7)",19107,Rural,88.1 ,60.2, 126.3,N/A , N/A , N/A,7,falling,-1.6 ,-3.1, -0.2
"Gibson County, Tennessee(2)",47053,Urban,88.1 ,73.8, 104.5,N/A , N/A , N/A,28,stable,-1.3 ,-3.0, 0.3
"Union County, Mississippi(2)",28145,Rural,88.1 ,68.4, 111.8,N/A , N/A , N/A,14,stable,0.7 ,-2.4, 4.0
"Clark County, Ohio(2)",39023,Urban,88 ,79.6, 97.1,N/A , N/A , N/A,84,falling,-1.1 ,-2.2, -0.1
"Acadia Parish, Louisiana(7)",22001,Urban,88 ,73.7, 104.2,N/A , N/A , N/A,29,stable,-1.1 ,-2.3, 0.2
"Wapello County, Iowa(7)",19179,Rural,88 ,71, 107.9,N/A , N/A , N/A,20,stable,-1.0 ,-2.1, 0.0
"Cass County, Iowa(7)",19029,Rural,87.9 ,64, 119.5,N/A , N/A , N/A,9,stable,-0.7 ,-2.2, 0.8
"Clearwater County, Minnesota(2)",27029,Rural,87.9 ,56.7, 131.9,N/A , N/A , N/A,5,stable,-1.5 ,-5.6, 2.8
"Madison County, Kentucky(7)",21151,Rural,87.9 ,76, 101.2,N/A , N/A , N/A,42,falling,-1.6 ,-2.8, -0.4
"Fayette County, Indiana(2)",18041,Rural,87.9 ,69.1, 110.9,N/A , N/A , N/A,16,stable,-1.4 ,-3.9, 1.1
"Pickaway County, Ohio(2)",39129,Urban,87.8 ,74.1, 103.4,N/A , N/A , N/A,31,stable,-1.3 ,-2.8, 0.3
"Giles County, Tennessee(2)",47055,Rural,87.7 ,71, 107.7,N/A , N/A , N/A,20,falling,-3.6 ,-14.9, -1.0
"Bibb County, Alabama(2)",01007,Urban,87.7 ,67.1, 113,N/A , N/A , N/A,13,stable,-1.3 ,-3.7, 1.3
"Bourbon County, Kentucky(7)",21017,Urban,87.7 ,66.7, 113.8,N/A , N/A , N/A,12,stable,-1.4 ,-4.4, 2.0
"Lawrence County, Alabama(2)",01079,Urban,87.6 ,70.5, 108.1,N/A , N/A , N/A,20,stable,-1.8 ,-4.1, 0.6
"Richland Parish, Louisiana(7)",22083,Urban,87.6 ,65.1, 115.8,N/A , N/A , N/A,11,falling,-2.6 ,-4.3, -0.9
"Defiance County, Ohio(2)",39039,Rural,87.6 ,71.7, 106.2,N/A , N/A , N/A,23,stable,-1.6 ,-3.5, 0.3
"Union Parish, Louisiana(7)",22111,Urban,87.5 ,67.4, 112.6,N/A , N/A , N/A,14,stable,-1.2 ,-3.0, 0.9
"Aransas County, Texas(7)",48007,Urban,87.4 ,69.9, 109.1,N/A , N/A , N/A,19,falling,-2.1 ,-3.7, -0.4
"Hinds County, Mississippi(2)",28049,Urban,87.4 ,79.6, 95.8,N/A , N/A , N/A,101,falling,-2.0 ,-2.9, -1.1
"White County, Illinois(7)",17193,Rural,87.4 ,63.3, 119,N/A , N/A , N/A,9,stable,-2.1 ,-4.9, 0.6
"Webster County, Mississippi(2)",28155,Rural,87.4 ,53.7, 134.5,N/A , N/A , N/A,5,stable,-2.5 ,-7.1, 1.7
"Clinton County, New York(7)",36019,Rural,87.4 ,76.3, 99.7,N/A , N/A , N/A,48,falling,-11.6 ,-19.4, -2.3
"Peach County, Georgia(7)",13225,Urban,87.3 ,66.9, 112.3,N/A , N/A , N/A,14,falling,-2.3 ,-3.9, -0.6
"Bacon County, Georgia(7)",13005,Rural,87.3 ,58.4, 126.9,N/A , N/A , N/A,6,stable,-1.5 ,-6.1, 3.4
"Hardeman County, Tennessee(2)",47069,Rural,87.3 ,68.5, 110,N/A , N/A , N/A,15,falling,-7.0 ,-23.9, -0.6
"Stone County, Arkansas(2)",05137,Rural,87.2 ,64.7, 117.6,N/A , N/A , N/A,10,stable,-0.4 ,-2.3, 1.5
"Bullitt County, Kentucky(7)",21029,Urban,87.2 ,75.3, 100.5,N/A , N/A , N/A,42,falling,-2.2 ,-3.2, -1.0
"Crittenden County, Arkansas(2)",05035,Urban,87.1 ,70.8, 106.2,N/A , N/A , N/A,22,stable,-1.7 ,-4.2, 0.9
"Winston County, Mississippi(2)",28159,Rural,87.1 ,65.1, 115.1,N/A , N/A , N/A,11,stable,-1.8 ,-4.4, 0.8
"Candler County, Georgia(7)",13043,Rural,87.1 ,56.6, 128.9,N/A , N/A , N/A,6,stable,-0.4 ,-3.3, 2.8
"Yancey County, North Carolina(2)",37199,Rural,87.1 ,67, 112.5,N/A , N/A , N/A,14,stable,-1.1 ,-3.3, 1.3
"Greene County, Tennessee(2)",47059,Rural,87 ,75.8, 99.7,N/A , N/A , N/A,46,falling,-2.2 ,-3.7, -0.7
"Gilmer County, West Virginia(2)",54021,Rural,87 ,54.2, 134.2,N/A , N/A , N/A,4,stable,-0.3 ,-3.6, 3.2
"Marshall County, Oklahoma(2)",40095,Rural,87 ,65.7, 114.4,N/A , N/A , N/A,11,stable,-1.6 ,-5.2, 2.0
"Alleghany County and Clifton Forge City, Virginia(2)",51005,Rural,86.9 ,65.5, 115.1,N/A , N/A , N/A,12,falling,-2.5 ,-4.5, -0.5
"Crawford County, Ohio(2)",39033,Rural,86.9 ,72.3, 104,N/A , N/A , N/A,26,stable,0.0 ,-1.9, 2.2
"Edgecombe County, North Carolina(2)",37065,Urban,86.9 ,72.5, 103.6,N/A , N/A , N/A,28,falling,-2.1 ,-4.0, -0.3
"Livingston Parish, Louisiana(7)",22063,Urban,86.8 ,77, 97.6,N/A , N/A , N/A,62,falling,-1.6 ,-2.6, -0.4
"Sequoyah County, Oklahoma(2)",40135,Urban,86.8 ,71.1, 105.2,N/A , N/A , N/A,22,falling,-3.1 ,-6.0, -0.4
"Camden County, Georgia(7)",13039,Rural,86.8 ,72.1, 103.7,N/A , N/A , N/A,26,falling,-2.6 ,-4.3, -0.4
"Schuylkill County, Pennsylvania(2)",42107,Rural,86.8 ,78.8, 95.4,N/A , N/A , N/A,91,falling,-1.0 ,-1.7, -0.3
"Grundy County, Missouri(2)",29079,Rural,86.8 ,57.1, 127.7,N/A , N/A , N/A,6,rising,9.3 ,3.0, 24.7
"Wayne County, Georgia(7)",13305,Rural,86.7 ,68.2, 109,N/A , N/A , N/A,16,falling,-3.6 ,-6.4, -0.8
"McCurtain County, Oklahoma(2)",40089,Rural,86.7 ,69, 107.8,N/A , N/A , N/A,17,falling,-3.4 ,-6.2, -0.8
"Hawkins County, Tennessee(2)",47073,Urban,86.7 ,74.3, 100.8,N/A , N/A , N/A,38,falling,-6.0 ,-16.9, -2.5
"Hopkins County, Kentucky(7)",21107,Rural,86.6 ,71.8, 103.8,N/A , N/A , N/A,26,falling,-3.5 ,-4.6, -2.4
"Okmulgee County, Oklahoma(2)",40111,Urban,86.6 ,70.4, 105.6,N/A , N/A , N/A,21,stable,-1.7 ,-3.7, 0.2
"Blount County, Alabama(2)",01009,Urban,86.5 ,73.7, 101.2,N/A , N/A , N/A,34,falling,-1.7 ,-2.9, -0.5
"Calhoun County, Arkansas(2)",05013,Rural,86.5 ,49.6, 146.6,N/A , N/A , N/A,3,stable,0.7 ,-3.2, 5.1
"Murray County, Oklahoma(2)",40099,Rural,86.5 ,62.6, 117.7,N/A , N/A , N/A,9,falling,-3.0 ,-5.3, -0.9
"Montgomery County, Iowa(7)",19137,Rural,86.4 ,58.9, 124.2,N/A , N/A , N/A,7,stable,-0.9 ,-3.0, 1.1
"McIntosh County, Oklahoma(2)",40091,Rural,86.4 ,66.2, 111.9,N/A , N/A , N/A,14,falling,-2.4 ,-4.6, -0.4
"Cannon County, Tennessee(2)",47015,Urban,86.4 ,61.5, 119,N/A , N/A , N/A,8,stable,-1.4 ,-5.0, 2.3
"Harrison County, West Virginia(2)",54033,Rural,86.3 ,74.3, 99.9,N/A , N/A , N/A,39,falling,-1.8 ,-3.0, -0.7
"Avoyelles Parish, Louisiana(7)",22009,Rural,86.3 ,70.4, 104.9,N/A , N/A , N/A,22,falling,-1.9 ,-3.6, -0.1
"Des Moines County, Iowa(7)",19057,Rural,86.3 ,71.3, 103.9,N/A , N/A , N/A,24,falling,-2.7 ,-9.9, -1.2
"Cheatham County, Tennessee(2)",47021,Urban,86.2 ,69, 106.6,N/A , N/A , N/A,20,falling,-3.2 ,-5.3, -1.1
"Perry County, Missouri(2)",29157,Rural,86.2 ,64.7, 113.3,N/A , N/A , N/A,11,stable,-0.9 ,-5.3, 3.5
"Delta County, Texas(7)",48119,Rural,86.2 ,52.5, 139.7,N/A , N/A , N/A,4,*,*,*,*
"Garvin County, Oklahoma(2)",40049,Rural,86.2 ,67, 109.6,N/A , N/A , N/A,14,stable,-1.3 ,-4.3, 1.4
"Jefferson County, Indiana(2)",18077,Rural,86.2 ,68.8, 107.1,N/A , N/A , N/A,19,stable,-1.5 ,-5.1, 2.2
"Caldwell County, North Carolina(2)",37027,Urban,86.2 ,75.6, 98.1,N/A , N/A , N/A,51,falling,-2.1 ,-3.5, -0.7
"Tazewell County, Illinois(7)",17179,Urban,86.2 ,77.6, 95.6,N/A , N/A , N/A,76,falling,-1.2 ,-2.1, -0.2
"Richmond County, Georgia(7)",13245,Urban,86.2 ,78, 95,N/A , N/A , N/A,89,falling,-2.2 ,-3.2, -1.2
"Harrison County, Mississippi(2)",28047,Urban,86.2 ,78.6, 94.4,N/A , N/A , N/A,101,falling,-4.5 ,-10.5, -2.2
"Gadsden County, Florida(2)",12039,Urban,86.2 ,71, 103.9,N/A , N/A , N/A,24,falling,-2.6 ,-4.2, -1.0
"Franklin County, Georgia(7)",13119,Rural,86.2 ,66.6, 110.3,N/A , N/A , N/A,14,stable,-0.9 ,-2.4, 0.9
"Norfolk City, Virginia(2)",51710,Urban,86.1 ,77.9, 95,N/A , N/A , N/A,89,falling,-0.9 ,-1.8, -0.1
"Guernsey County, Ohio(2)",39059,Rural,86.1 ,71.1, 103.8,N/A , N/A , N/A,24,stable,-0.5 ,-2.2, 1.3
"Marion County, South Carolina(2)",45067,Rural,86.1 ,67.2, 109,N/A , N/A , N/A,16,stable,-1.2 ,-2.7, 0.4
"Bradford County, Florida(2)",12007,Rural,86 ,67.9, 107.8,N/A , N/A , N/A,16,stable,-2.0 ,-5.2, 1.2
"Trinity County, Texas(7)",48455,Rural,86 ,64.4, 114.7,N/A , N/A , N/A,11,falling,-3.8 ,-12.7, -0.8
"Decatur County, Georgia(7)",13087,Rural,85.9 ,67.6, 108.1,N/A , N/A , N/A,16,stable,-0.6 ,-3.3, 2.5
"Nevada County, Arkansas(2)",05099,Rural,85.9 ,54.7, 130.4,N/A , N/A , N/A,5,stable,-2.6 ,-5.5, 0.1
"Overton County, Tennessee(2)",47133,Rural,85.9 ,66.3, 110.1,N/A , N/A , N/A,14,falling,-3.1 ,-5.9, -0.4
"Jefferson County, Missouri(2)",29099,Urban,85.9 ,78.6, 93.6,N/A , N/A , N/A,116,falling,-1.7 ,-2.7, -0.6
"Putnam County, Indiana(2)",18133,Rural,85.9 ,69.7, 104.9,N/A , N/A , N/A,21,falling,-2.7 ,-5.1, -0.2
"Pope County, Illinois(7)",17151,Rural,85.8 ,50, 153.8,N/A , N/A , N/A,4,stable,-1.4 ,-4.3, 1.9
"Huntington County, Indiana(2)",18069,Rural,85.8 ,68.9, 105.7,N/A , N/A , N/A,19,stable,0.3 ,-1.6, 2.4
"Morgan County, Tennessee(2)",47129,Urban,85.8 ,65.1, 111.5,N/A , N/A , N/A,12,stable,-2.8 ,-5.7, 0.1
"Panola County, Texas(7)",48365,Rural,85.8 ,65.8, 110.4,N/A , N/A , N/A,13,falling,-2.6 ,-4.8, -0.4
"Ransom County, North Dakota(2)",38073,Rural,85.7 ,50.1, 140.2,N/A , N/A , N/A,4,*,*,*,*
"Coles County, Illinois(7)",17029,Rural,85.7 ,70.6, 103.3,N/A , N/A , N/A,24,falling,-1.8 ,-3.2, -0.5
"Buchanan County, Missouri(2)",29021,Urban,85.7 ,74.4, 98.3,N/A , N/A , N/A,44,stable,-1.3 ,-2.7, 0.1
"Bibb County, Georgia(7)",13021,Urban,85.6 ,76.5, 95.5,N/A , N/A , N/A,70,falling,-1.5 ,-2.2, -0.8
"Wadena County, Minnesota(2)",27159,Rural,85.6 ,61.9, 116.7,N/A , N/A , N/A,9,stable,4.1 ,-0.2, 21.7
"Craven County, North Carolina(2)",37049,Rural,85.6 ,75.5, 96.6,N/A , N/A , N/A,56,stable,-0.6 ,-1.7, 0.5
"Winnebago County, Iowa(7)",19189,Rural,85.6 ,57.4, 124,N/A , N/A , N/A,6,stable,0.9 ,-1.4, 3.6
"Warren County, Indiana(2)",18171,Urban,85.5 ,57.3, 125.8,N/A , N/A , N/A,6,stable,-2.9 ,-7.4, 2.0
"Caddo County, Oklahoma(2)",40015,Rural,85.5 ,65.2, 110,N/A , N/A , N/A,13,falling,-2.3 ,-4.1, -0.8
"Covington County, Alabama(2)",01039,Rural,85.4 ,70.3, 103.3,N/A , N/A , N/A,24,stable,-1.2 ,-2.8, 0.4
"Belmont County, Ohio(2)",39013,Urban,85.4 ,73.6, 98.8,N/A , N/A , N/A,40,stable,1.8 ,-1.2, 9.8
"Miller County, Arkansas(2)",05091,Urban,85.3 ,69.9, 103.4,N/A , N/A , N/A,22,stable,-1.5 ,-4.2, 1.3
"Marion County, West Virginia(2)",54049,Rural,85.3 ,72.4, 100.1,N/A , N/A , N/A,33,stable,-0.8 ,-2.9, 1.2
"Morgan County, Kentucky(7)",21175,Rural,85.3 ,61.3, 116.7,N/A , N/A , N/A,9,stable,-0.8 ,-2.5, 1.2
"Dale County, Alabama(2)",01045,Rural,85.3 ,70.7, 102.1,N/A , N/A , N/A,26,stable,8.5 ,-3.3, 17.3
"Kershaw County, South Carolina(2)",45055,Urban,85.3 ,73.1, 99.1,N/A , N/A , N/A,38,falling,-2.2 ,-3.9, -0.4
"Harnett County, North Carolina(2)",37085,Rural,85.2 ,75, 96.4,N/A , N/A , N/A,55,falling,-6.7 ,-12.1, -2.6
"Lumpkin County, Georgia(7)",13187,Urban,85.2 ,67.8, 106.2,N/A , N/A , N/A,18,falling,-2.7 ,-4.7, -0.3
"Shelby County, Kentucky(7)",21211,Urban,85.2 ,69.8, 103,N/A , N/A , N/A,23,falling,-3.1 ,-5.6, -0.3
"De Soto Parish, Louisiana(7)",22031,Urban,85.1 ,66.3, 108.1,N/A , N/A , N/A,15,falling,-6.9 ,-23.4, -2.6
"Meriwether County, Georgia(7)",13199,Urban,85.1 ,63.9, 111.8,N/A , N/A , N/A,12,stable,-1.5 ,-4.4, 1.7
"Washington County, Indiana(2)",18175,Urban,85.1 ,67.1, 106.9,N/A , N/A , N/A,16,falling,-27.4 ,-40.0, -10.5
"Rush County, Indiana(2)",18139,Rural,85.1 ,62, 114.8,N/A , N/A , N/A,9,falling,-2.7 ,-5.1, -0.4
"Jasper County, Missouri(2)",29097,Urban,85.1 ,75.3, 95.9,N/A , N/A , N/A,57,stable,-1.3 ,-3.0, 0.4
"Martin County, North Carolina(2)",37117,Rural,85 ,66, 108.9,N/A , N/A , N/A,15,stable,-1.2 ,-2.7, 0.3
"Greenwood County, South Carolina(2)",45047,Rural,85 ,72.9, 98.7,N/A , N/A , N/A,37,stable,-1.0 ,-2.1, 0.2
"Fayette County, Iowa(7)",19065,Rural,84.9 ,64.8, 110.2,N/A , N/A , N/A,13,stable,-0.3 ,-1.7, 1.2
"Fentress County, Tennessee(2)",47049,Rural,84.9 ,64.1, 111.3,N/A , N/A , N/A,13,falling,-17.2 ,-28.6, -3.0
"Wilson County, North Carolina(2)",37195,Rural,84.8 ,73.3, 97.8,N/A , N/A , N/A,42,falling,-1.5 ,-2.7, -0.3
"Todd County, Kentucky(7)",21219,Rural,84.8 ,57.9, 120.9,N/A , N/A , N/A,7,stable,-2.0 ,-5.0, 1.2
"Winston County, Alabama(2)",01133,Rural,84.8 ,66.7, 107.2,N/A , N/A , N/A,16,falling,-3.0 ,-5.2, -0.9
"Howell County, Missouri(2)",29091,Rural,84.8 ,69.8, 102.3,N/A , N/A , N/A,23,falling,-2.5 ,-4.0, -1.1
"White County, Georgia(7)",13311,Rural,84.7 ,68.2, 104.9,N/A , N/A , N/A,19,stable,-0.9 ,-2.6, 1.1
"Arenac County, Michigan(2)",26011,Rural,84.7 ,64.1, 112,N/A , N/A , N/A,13,stable,-1.5 ,-4.4, 1.5
"Pettis County, Missouri(2)",29159,Rural,84.7 ,69.3, 102.6,N/A , N/A , N/A,22,falling,-1.3 ,-2.4, -0.1
"Claiborne Parish, Louisiana(7)",22027,Rural,84.6 ,60.8, 115.7,N/A , N/A , N/A,9,stable,-1.4 ,-3.6, 0.8
"Carroll County, Mississippi(2)",28015,Rural,84.6 ,56.7, 123.3,N/A , N/A , N/A,7,stable,-3.6 ,-41.1, 6.6
"Perry County, Illinois(7)",17145,Rural,84.5 ,64.1, 109.9,N/A , N/A , N/A,12,stable,-1.7 ,-3.9, 0.5
"Liberty County, Georgia(7)",13179,Urban,84.5 ,67, 105,N/A , N/A , N/A,19,stable,-1.5 ,-3.4, 0.7
"Spalding County, Georgia(7)",13255,Urban,84.5 ,72.3, 98.4,N/A , N/A , N/A,36,stable,-1.5 ,-3.0, 0.2
"White County, Tennessee(2)",47185,Rural,84.5 ,66.8, 106,N/A , N/A , N/A,16,falling,-2.9 ,-4.7, -1.2
"Dearborn County, Indiana(2)",18029,Urban,84.5 ,71, 100.1,N/A , N/A , N/A,30,falling,-2.3 ,-4.4, -0.2
"Simpson County, Kentucky(7)",21213,Rural,84.4 ,62.9, 111.8,N/A , N/A , N/A,11,stable,-2.6 ,-5.6, 0.7
"Jackson County, Arkansas(2)",05067,Rural,84.4 ,61.1, 114.4,N/A , N/A , N/A,9,falling,-7.1 ,-20.4, -3.7
"Wilkes County, North Carolina(2)",37193,Rural,84.4 ,73.2, 97.1,N/A , N/A , N/A,43,stable,-1.3 ,-3.2, 0.8
"Hoke County, North Carolina(2)",37093,Urban,84.3 ,67.4, 104.1,N/A , N/A , N/A,19,falling,-4.1 ,-7.2, -1.1
"Wyoming County, Pennsylvania(2)",42131,Urban,84.3 ,66.6, 105.9,N/A , N/A , N/A,17,stable,-1.5 ,-3.8, 0.9
"Rensselaer County, New York(7)",36083,Urban,84.3 ,76.1, 93.1,N/A , N/A , N/A,84,falling,-1.4 ,-1.9, -0.8
"Douglas County, Illinois(7)",17041,Rural,84.2 ,62, 112.1,N/A , N/A , N/A,10,falling,-2.9 ,-5.0, -0.9
"Wood County, West Virginia(2)",54107,Urban,84.2 ,74, 95.6,N/A , N/A , N/A,52,falling,-2.1 ,-3.7, -0.6
"Lawrence County, Indiana(2)",18093,Rural,84.1 ,70.1, 100.4,N/A , N/A , N/A,27,falling,-2.0 ,-3.2, -0.7
"Pottawattamie County, Iowa(7)",19155,Urban,84.1 ,73.6, 95.8,N/A , N/A , N/A,50,falling,-1.8 ,-2.5, -1.0
"Jessamine County, Kentucky(7)",21113,Urban,84.1 ,69.9, 100.5,N/A , N/A , N/A,26,stable,-1.7 ,-3.3, 0.1
"Shelby County, Illinois(7)",17173,Rural,84.1 ,65.7, 107,N/A , N/A , N/A,15,stable,-1.1 ,-2.7, 0.6
"St. Martin Parish, Louisiana(7)",22099,Urban,84.1 ,69.8, 100.6,N/A , N/A , N/A,27,falling,-2.5 ,-4.6, -0.3
"Jefferson County, Ohio(2)",39081,Urban,84.1 ,72.5, 97.2,N/A , N/A , N/A,41,stable,-1.4 ,-3.1, 0.2
"Beaufort County, North Carolina(2)",37013,Rural,84 ,70.5, 99.8,N/A , N/A , N/A,31,falling,-3.1 ,-6.9, -1.6
"Warren County, Kentucky(7)",21227,Urban,84 ,73.9, 95,N/A , N/A , N/A,54,falling,-3.2 ,-4.6, -1.6
"Cumberland County, North Carolina(2)",37051,Urban,84 ,77.2, 91.2,N/A , N/A , N/A,121,falling,-1.3 ,-2.0, -0.6
"Simpson County, Mississippi(2)",28127,Urban,83.9 ,65, 107,N/A , N/A , N/A,14,falling,-3.7 ,-6.3, -1.2
"Wise County, Virginia(2)",51195,Rural,83.9 ,68.1, 102.5,N/A , N/A , N/A,21,falling,-4.0 ,-6.7, -1.6
"Black Hawk County, Iowa(7)",19013,Urban,83.9 ,74.6, 94,N/A , N/A , N/A,63,stable,-0.1 ,-1.5, 7.1
"St. Clair County, Alabama(2)",01115,Urban,83.9 ,73.2, 95.8,N/A , N/A , N/A,48,falling,-2.9 ,-4.6, -1.2
"DeSoto County, Mississippi(2)",28033,Urban,83.8 ,74.9, 93.4,N/A , N/A , N/A,73,stable,-0.7 ,-2.2, 1.1
"Santa Rosa County, Florida(2)",12113,Urban,83.7 ,76.1, 92,N/A , N/A , N/A,95,falling,-2.0 ,-2.7, -1.2
"Florence County, South Carolina(2)",45041,Urban,83.7 ,74.6, 93.7,N/A , N/A , N/A,66,falling,-1.6 ,-2.7, -0.5
"Morrow County, Ohio(2)",39117,Urban,83.7 ,67.8, 102.5,N/A , N/A , N/A,21,stable,-1.5 ,-3.9, 1.0
"Bledsoe County, Tennessee(2)",47007,Rural,83.7 ,62.1, 111.8,N/A , N/A , N/A,10,stable,-1.4 ,-4.9, 2.9
"Licking County, Ohio(2)",39089,Urban,83.6 ,75.8, 92.1,N/A , N/A , N/A,91,stable,-0.4 ,-1.8, 1.0
"White County, Arkansas(2)",05145,Rural,83.6 ,71.8, 96.9,N/A , N/A , N/A,37,falling,-2.3 ,-3.4, -1.3
"Warren County, Missouri(2)",29219,Urban,83.5 ,67.6, 102.5,N/A , N/A , N/A,20,stable,-0.6 ,-3.0, 2.1
"Franklin County, Missouri(2)",29071,Urban,83.5 ,73.8, 94.2,N/A , N/A , N/A,58,falling,-9.3 ,-16.1, -1.4
"Columbia County, Florida(2)",12023,Rural,83.5 ,72.5, 95.8,N/A , N/A , N/A,43,falling,-1.7 ,-3.0, -0.3
"Buchanan County, Iowa(7)",19019,Rural,83.5 ,62.9, 109.2,N/A , N/A , N/A,12,stable,-0.7 ,-2.3, 1.0
"Gaston County, North Carolina(2)",37071,Urban,83.4 ,76.3, 91.1,N/A , N/A , N/A,109,falling,-2.2 ,-3.2, -1.3
"Fayette County, Pennsylvania(2)",42051,Urban,83.4 ,75.1, 92.5,N/A , N/A , N/A,79,stable,-1.3 ,-3.2, 0.5
"Appanoose County, Iowa(7)",19007,Rural,83.4 ,59.1, 116,N/A , N/A , N/A,8,*,*,*,*
"Brown County, Indiana(2)",18013,Urban,83.4 ,62.3, 111.3,N/A , N/A , N/A,12,stable,-1.1 ,-4.4, 2.7
"Jackson County, Alabama(2)",01071,Rural,83.4 ,70.4, 98.3,N/A , N/A , N/A,32,stable,-1.6 ,-3.5, 0.2
"Creek County, Oklahoma(2)",40037,Urban,83.3 ,72, 96.2,N/A , N/A , N/A,40,falling,-2.4 ,-3.8, -1.0
"Webster County, Kentucky(7)",21233,Rural,83.3 ,57.8, 117.3,N/A , N/A , N/A,7,falling,-3.1 ,-5.9, -0.4
"Madison County, Illinois(7)",17119,Urban,83.3 ,77, 90.1,N/A , N/A , N/A,136,falling,-1.7 ,-2.2, -1.0
"Shelby County, Indiana(2)",18145,Urban,83.3 ,68.8, 100.2,N/A , N/A , N/A,25,falling,-10.0 ,-17.3, -4.0
"Henry County, Alabama(2)",01067,Urban,83.3 ,61.6, 111.2,N/A , N/A , N/A,11,stable,-1.3 ,-4.0, 1.3
"Kankakee County, Illinois(7)",17091,Urban,83.3 ,73.6, 93.9,N/A , N/A , N/A,56,falling,-1.7 ,-2.8, -0.6
"Morehouse Parish, Louisiana(7)",22067,Urban,83.3 ,64.1, 106.8,N/A , N/A , N/A,14,stable,-1.5 ,-3.2, 0.2
"Cayuga County, New York(7)",36011,Rural,83.3 ,72.7, 95.1,N/A , N/A , N/A,48,stable,-0.6 ,-1.9, 0.8
"Talladega County, Alabama(2)",01121,Rural,83.2 ,72.4, 95.4,N/A , N/A , N/A,45,falling,-2.2 ,-9.4, -0.4
"McMinn County, Tennessee(2)",47107,Rural,83.2 ,70.6, 97.8,N/A , N/A , N/A,32,falling,-12.0 ,-20.5, -2.0
"Escambia County, Florida(2)",12033,Urban,83.2 ,77.4, 89.4,N/A , N/A , N/A,161,falling,-1.9 ,-2.6, -1.2
"Laurens County, South Carolina(2)",45059,Urban,83.2 ,71.2, 96.8,N/A , N/A , N/A,37,falling,-1.9 ,-2.9, -0.9
"Hill County, Texas(7)",48217,Rural,83.2 ,68, 101.2,N/A , N/A , N/A,22,falling,-2.0 ,-3.3, -0.6
"Weakley County, Tennessee(2)",47183,Rural,83.1 ,66.3, 103.3,N/A , N/A , N/A,18,stable,-1.0 ,-2.6, 0.7
"Dickson County, Tennessee(2)",47043,Urban,83.1 ,69.1, 99.2,N/A , N/A , N/A,27,falling,-17.8 ,-29.1, -4.0
"Halifax County, North Carolina(2)",37083,Rural,83.1 ,69.7, 98.6,N/A , N/A , N/A,29,stable,-1.1 ,-2.5, 0.3
"Blair County, Pennsylvania(2)",42013,Urban,83.1 ,74.5, 92.6,N/A , N/A , N/A,71,stable,-0.9 ,-2.0, 0.1
"Lee County, Arkansas(2)",05077,Rural,83.1 ,53.6, 124.7,N/A , N/A , N/A,5,stable,-1.1 ,-7.2, 4.6
"Cooper County, Missouri(2)",29053,Urban,83.1 ,60.1, 112.5,N/A , N/A , N/A,9,stable,-1.2 ,-3.7, 1.2
"Bartow County, Georgia(7)",13015,Urban,83 ,72.4, 94.8,N/A , N/A , N/A,49,falling,-2.5 ,-4.0, -0.7
"Coshocton County, Ohio(2)",39031,Rural,83 ,67.8, 101,N/A , N/A , N/A,22,stable,-1.7 ,-3.9, 0.5
"Worth County, Georgia(7)",13321,Urban,83 ,63.9, 107.1,N/A , N/A , N/A,13,stable,-0.9 ,-3.3, 2.0
"Matagorda County, Texas(7)",48321,Rural,83 ,66.1, 103,N/A , N/A , N/A,18,stable,-1.6 ,-3.4, 0.3
"Calhoun County, West Virginia(2)",54013,Rural,82.9 ,49, 135.7,N/A , N/A , N/A,4,stable,-4.0 ,-9.6, 0.9
"Searcy County, Arkansas(2)",05129,Rural,82.9 ,55.1, 123.9,N/A , N/A , N/A,6,stable,-2.6 ,-6.2, 0.9
"Clearfield County, Pennsylvania(2)",42033,Rural,82.9 ,72.7, 94.4,N/A , N/A , N/A,50,stable,4.8 ,-1.7, 12.2
"Oscoda County, Michigan(2)",26135,Rural,82.9 ,54.7, 124.5,N/A , N/A , N/A,6,stable,0.2 ,-2.8, 3.2
"Dougherty County, Georgia(7)",13095,Urban,82.8 ,70.9, 96.2,N/A , N/A , N/A,37,falling,-2.2 ,-3.7, -0.7
"Starke County, Indiana(2)",18149,Rural,82.8 ,64.8, 105,N/A , N/A , N/A,15,stable,-1.7 ,-3.8, 0.4
"Wayne County, Indiana(2)",18177,Rural,82.8 ,70.8, 96.4,N/A , N/A , N/A,36,falling,-2.9 ,-4.3, -1.6
"Baltimore City, Maryland(2)",24510,Urban,82.7 ,77.8, 87.8,N/A , N/A , N/A,233,falling,-2.2 ,-3.0, -1.4
"Pulaski County, Missouri(2)",29169,Rural,82.7 ,65.2, 103.3,N/A , N/A , N/A,16,stable,-2.3 ,-5.0, 0.4
"Citrus County, Florida(2)",12017,Urban,82.7 ,76.1, 89.9,N/A , N/A , N/A,144,falling,-1.5 ,-2.7, -0.4
"Levy County, Florida(2)",12075,Urban,82.7 ,70.2, 97.3,N/A , N/A , N/A,33,falling,-3.0 ,-4.5, -1.5
"Noble County, Indiana(2)",18113,Rural,82.7 ,68.1, 99.6,N/A , N/A , N/A,25,stable,-0.3 ,-2.5, 2.3
"Walthall County, Mississippi(2)",28147,Rural,82.7 ,58.6, 114.5,N/A , N/A , N/A,8,stable,-0.2 ,-4.5, 4.4
"Troup County, Georgia(7)",13285,Rural,82.7 ,69.7, 97.4,N/A , N/A , N/A,31,stable,-1.6 ,-3.2, 0.2
"Hancock County, Kentucky(7)",21091,Rural,82.6 ,53.4, 124.1,N/A , N/A , N/A,5,*,*,*,*
"Mecklenburg County, Virginia(2)",51117,Rural,82.6 ,67.7, 100.6,N/A , N/A , N/A,23,stable,-1.1 ,-3.3, 1.2
"Marion County, Texas(7)",48315,Rural,82.6 ,56.1, 120.4,N/A , N/A , N/A,7,stable,-1.6 ,-5.3, 2.3
"Iroquois County, Illinois(7)",17075,Rural,82.5 ,65.9, 102.7,N/A , N/A , N/A,18,stable,0.3 ,-1.4, 2.1
"Polk County, Arkansas(2)",05113,Rural,82.5 ,62.7, 107.6,N/A , N/A , N/A,13,stable,-1.2 ,-4.0, 1.6
"Faulkner County, Arkansas(2)",05045,Urban,82.5 ,72.1, 94,N/A , N/A , N/A,48,falling,-2.1 ,-3.5, -0.5
"Ogemaw County, Michigan(2)",26129,Rural,82.5 ,65.2, 104.5,N/A , N/A , N/A,17,stable,-1.8 ,-4.4, 0.7
"Putnam County, Missouri(2)",29171,Rural,82.5 ,47.5, 139.5,N/A , N/A , N/A,3,stable,-2.8 ,-6.7, 0.7
"Greene County, Iowa(7)",19073,Rural,82.4 ,53.5, 123.5,N/A , N/A , N/A,5,*,*,*,*
"Audrain County, Missouri(2)",29007,Rural,82.4 ,61.3, 108.5,N/A , N/A , N/A,12,falling,-2.7 ,-5.2, -0.6
"Lawrence County, Mississippi(2)",28077,Rural,82.3 ,55.3, 118.9,N/A , N/A , N/A,6,falling,-3.7 ,-6.0, -1.5
"Harrison County, Missouri(2)",29081,Rural,82.2 ,52.6, 125,N/A , N/A , N/A,5,stable,0.9 ,-2.4, 4.3
"Bosque County, Texas(7)",48035,Urban,82.2 ,63.8, 105.8,N/A , N/A , N/A,14,stable,-0.5 ,-3.2, 2.7
"Montgomery County, Georgia(7)",13209,Rural,82.2 ,50.6, 127.9,N/A , N/A , N/A,4,falling,-5.3 ,-23.0, -1.8
"Assumption Parish, Louisiana(7)",22007,Urban,82.2 ,62.1, 107.5,N/A , N/A , N/A,12,falling,-2.4 ,-4.6, -0.2
"Lynchburg City, Virginia(2)",51680,Urban,82.2 ,69.2, 96.9,N/A , N/A , N/A,29,falling,-2.3 ,-4.5, -0.3
"King William County, Virginia(2)",51101,Urban,82.1 ,59.1, 111.6,N/A , N/A , N/A,9,stable,-1.8 ,-4.2, 0.8
"Fannin County, Texas(7)",48147,Rural,82.1 ,66.5, 100.5,N/A , N/A , N/A,20,falling,-2.1 ,-3.9, -0.1
"Caddo Parish, Louisiana(7)",22017,Urban,82 ,75.2, 89.3,N/A , N/A , N/A,114,falling,-1.7 ,-2.3, -1.1
"Wakulla County, Florida(2)",12129,Urban,82 ,64.7, 102.8,N/A , N/A , N/A,17,stable,-1.5 ,-3.5, 0.7
"Barry County, Missouri(2)",29009,Rural,82 ,67.3, 99.6,N/A , N/A , N/A,23,stable,-0.5 ,-2.2, 1.3
"Washington County, Mississippi(2)",28151,Rural,82 ,66.5, 100.3,N/A , N/A , N/A,22,stable,-0.8 ,-3.9, 2.3
"Van Buren County, Tennessee(2)",47175,Rural,82 ,49, 132.7,N/A , N/A , N/A,4,*,*,*,*
"Surry County, Virginia(2)",51181,Urban,82 ,52.5, 127.9,N/A , N/A , N/A,5,stable,1.2 ,-2.1, 5.5
"Kemper County, Mississippi(2)",28069,Rural,82 ,52.8, 123.6,N/A , N/A , N/A,5,stable,-3.2 ,-9.0, 2.0
"Bryan County, Oklahoma(2)",40013,Rural,82 ,67.4, 98.9,N/A , N/A , N/A,23,stable,-2.0 ,-4.2, 0.4
"Schuyler County, Illinois(7)",17169,Rural,81.9 ,52.7, 125.6,N/A , N/A , N/A,5,stable,-0.3 ,-3.0, 2.9
"Neshoba County, Mississippi(2)",28099,Rural,81.9 ,62.6, 105.4,N/A , N/A , N/A,13,falling,-3.1 ,-5.8, -0.6
"Le Flore County, Oklahoma(2)",40079,Rural,81.9 ,67.9, 98.1,N/A , N/A , N/A,26,falling,-3.4 ,-5.3, -1.7
"Haywood County, Tennessee(2)",47075,Rural,81.9 ,60.7, 109.1,N/A , N/A , N/A,11,stable,-2.4 ,-5.2, 0.6
"Carter County, Tennessee(2)",47019,Urban,81.8 ,70.1, 95.2,N/A , N/A , N/A,36,stable,-0.3 ,-1.8, 4.0
"Moniteau County, Missouri(2)",29135,Urban,81.8 ,58.3, 112.2,N/A , N/A , N/A,8,stable,-0.3 ,-3.7, 3.4
"Washington County, New York(7)",36115,Urban,81.8 ,70.2, 95,N/A , N/A , N/A,38,falling,-1.6 ,-2.6, -0.4
"Harrison County, Indiana(2)",18061,Urban,81.8 ,66.9, 99.3,N/A , N/A , N/A,23,stable,-1.7 ,-4.2, 1.0
"Seminole County, Oklahoma(2)",40133,Rural,81.8 ,62.5, 105.6,N/A , N/A , N/A,13,stable,-1.8 ,-4.1, 0.5
"St. Joseph County, Michigan(2)",26149,Rural,81.6 ,69.1, 95.9,N/A , N/A , N/A,32,stable,-1.4 ,-3.1, 0.3
"Sumter County, South Carolina(2)",45085,Urban,81.6 ,71.4, 92.9,N/A , N/A , N/A,49,stable,-1.2 ,-2.7, 0.2
"Schuyler County, New York(7)",36097,Rural,81.6 ,60.9, 108.1,N/A , N/A , N/A,12,stable,-1.0 ,-3.2, 1.6
"Wright County, Missouri(2)",29229,Rural,81.6 ,60.4, 108.4,N/A , N/A , N/A,10,falling,-2.8 ,-5.0, -0.7
"Tift County, Georgia(7)",13277,Rural,81.5 ,64.9, 101.3,N/A , N/A , N/A,18,stable,-1.2 ,-3.5, 1.3
"Perry County, Indiana(2)",18123,Rural,81.5 ,60.4, 108.1,N/A , N/A , N/A,11,falling,-2.5 ,-4.4, -0.5
"Hancock County, Mississippi(2)",28045,Urban,81.5 ,68, 97.2,N/A , N/A , N/A,28,falling,-6.7 ,-19.8, -1.7
"Davis County, Iowa(7)",19051,Rural,81.4 ,50.4, 125.3,N/A , N/A , N/A,5,*,*,*,*
"Barbour County, West Virginia(2)",54001,Rural,81.4 ,58.7, 111.1,N/A , N/A , N/A,9,stable,1.8 ,-2.1, 15.8
"Gordon County, Georgia(7)",13129,Rural,81.4 ,68, 96.8,N/A , N/A , N/A,27,falling,-2.7 ,-4.3, -1.1
"Person County, North Carolina(2)",37145,Urban,81.3 ,66.5, 98.9,N/A , N/A , N/A,23,stable,-1.6 ,-3.8, 0.6
"Webster County, Missouri(2)",29225,Urban,81.2 ,65.5, 99.7,N/A , N/A , N/A,19,falling,-2.2 ,-4.0, -0.4
"Cherokee County, Texas(7)",48073,Rural,81.2 ,67.8, 96.6,N/A , N/A , N/A,27,stable,-2.7 ,-12.2, 0.0
"Athens County, Ohio(2)",39009,Rural,81.2 ,67.1, 97.4,N/A , N/A , N/A,26,stable,-1.2 ,-3.0, 0.5
"Cooke County, Texas(7)",48097,Rural,81.1 ,66.6, 98.1,N/A , N/A , N/A,23,stable,-1.8 ,-3.4, 0.0
"Meigs County, Tennessee(2)",47121,Rural,81.1 ,57.3, 113.1,N/A , N/A , N/A,8,falling,-10.1 ,-25.5, -2.3
"LaPorte County, Indiana(2)",18091,Urban,81.1 ,71.9, 91.2,N/A , N/A , N/A,60,falling,-12.7 ,-20.3, -3.3
"Greene County, Pennsylvania(2)",42059,Rural,81.1 ,65.8, 99.2,N/A , N/A , N/A,21,falling,-2.6 ,-4.6, -0.7
"Clarke County, Iowa(7)",19039,Rural,81 ,52.2, 121.2,N/A , N/A , N/A,5,stable,1.1 ,-0.8, 3.4
"St. Landry Parish, Louisiana(7)",22097,Rural,81 ,69.6, 93.8,N/A , N/A , N/A,39,falling,-1.7 ,-2.5, -1.0
"McNairy County, Tennessee(2)",47109,Rural,81 ,62.9, 103.2,N/A , N/A , N/A,15,stable,-1.2 ,-3.2, 0.8
"Greene County, New York(7)",36039,Rural,81 ,68.6, 95.3,N/A , N/A , N/A,32,stable,-0.4 ,-1.5, 0.9
"Howard County, Arkansas(2)",05061,Rural,80.9 ,53.7, 117.5,N/A , N/A , N/A,6,falling,-3.7 ,-7.2, -0.8
"Hancock County, West Virginia(2)",54029,Urban,80.9 ,64.9, 100.4,N/A , N/A , N/A,19,falling,-2.5 ,-4.4, -0.7
"Reynolds County, Missouri(2)",29179,Rural,80.9 ,49.9, 128.7,N/A , N/A , N/A,4,*,*,*,*
"Scott County, Kentucky(7)",21209,Urban,80.9 ,65.4, 98.9,N/A , N/A , N/A,22,stable,-2.0 ,-4.0, 0.4
"Columbiana County, Ohio(2)",39029,Rural,80.8 ,71.7, 91,N/A , N/A , N/A,61,falling,-1.8 ,-2.9, -0.7
"Lamar County, Alabama(2)",01075,Rural,80.8 ,58.1, 110.9,N/A , N/A , N/A,9,stable,-1.3 ,-3.7, 1.1
"Berkeley County, West Virginia(2)",54003,Urban,80.8 ,71.3, 91.3,N/A , N/A , N/A,58,falling,-2.0 ,-3.1, -0.9
"Granville County, North Carolina(2)",37077,Rural,80.8 ,68.1, 95.3,N/A , N/A , N/A,31,falling,-2.4 ,-3.9, -0.9
"Washington County, Kentucky(7)",21229,Rural,80.8 ,53.3, 118.4,N/A , N/A , N/A,6,stable,-0.7 ,-3.9, 3.1
"West Baton Rouge Parish, Louisiana(7)",22121,Urban,80.8 ,60.4, 105.9,N/A , N/A , N/A,12,falling,-2.9 ,-4.8, -0.9
"Rowan County, North Carolina(2)",37159,Urban,80.8 ,72.5, 89.8,N/A , N/A , N/A,75,falling,-4.9 ,-13.9, -1.6
"Wood County, Texas(7)",48499,Rural,80.7 ,68.7, 94.9,N/A , N/A , N/A,34,stable,-1.3 ,-2.5, 0.1
"Warren County, Virginia(2)",51187,Urban,80.7 ,65.2, 99.1,N/A , N/A , N/A,21,stable,-1.1 ,-3.5, 1.4
"Yell County, Arkansas(2)",05149,Rural,80.7 ,60, 106.8,N/A , N/A , N/A,11,falling,-4.7 ,-7.1, -2.7
"Clinton County, Kentucky(7)",21053,Rural,80.7 ,53.6, 119.1,N/A , N/A , N/A,6,falling,-17.0 ,-43.1, -1.8
"Linn County, Missouri(2)",29115,Rural,80.6 ,55.4, 114.9,N/A , N/A , N/A,7,stable,-1.1 ,-5.9, 3.4
"Suwannee County, Florida(2)",12121,Rural,80.6 ,67.4, 95.9,N/A , N/A , N/A,28,falling,-2.2 ,-3.6, -0.9
"Sebastian County, Arkansas(2)",05131,Urban,80.5 ,71.4, 90.6,N/A , N/A , N/A,60,falling,-2.0 ,-3.0, -1.0
"Jackson County, Michigan(2)",26075,Urban,80.5 ,72.9, 88.7,N/A , N/A , N/A,88,stable,-1.8 ,-3.6, 0.0
"Henry County, Tennessee(2)",47079,Rural,80.4 ,65.5, 98.5,N/A , N/A , N/A,21,falling,-2.5 ,-4.5, -0.6
"Stephens County, Georgia(7)",13257,Rural,80.3 ,62.8, 101.8,N/A , N/A , N/A,15,falling,-2.0 ,-3.8, -0.1
"Anderson County, South Carolina(2)",45007,Urban,80.3 ,73.3, 87.8,N/A , N/A , N/A,105,falling,-2.8 ,-4.3, -1.3
"Pope County, Arkansas(2)",05115,Rural,80.2 ,67.6, 94.6,N/A , N/A , N/A,30,falling,-2.1 ,-3.6, -0.6
"Bowie County, Texas(7)",48037,Urban,80.2 ,69.7, 92,N/A , N/A , N/A,44,falling,-2.5 ,-3.8, -1.2
"Oneida County, New York(7)",36065,Urban,80.2 ,73.8, 87.1,N/A , N/A , N/A,122,falling,-0.9 ,-1.6, -0.2
"Spencer County, Kentucky(7)",21215,Urban,80.2 ,56.9, 110.2,N/A , N/A , N/A,9,stable,-1.0 ,-3.6, 2.1
"St. Clair County, Illinois(7)",17163,Urban,80.2 ,73.6, 87.3,N/A , N/A , N/A,118,falling,-2.4 ,-3.3, -1.5
"Duplin County, North Carolina(2)",37061,Rural,80.2 ,67.1, 95.4,N/A , N/A , N/A,28,stable,-0.7 ,-3.1, 1.9
"Cole County, Missouri(2)",29051,Urban,80.2 ,68.7, 93.1,N/A , N/A , N/A,37,falling,-1.2 ,-2.2, -0.2
"Prince of Wales-Hyder Census Area, Alaska(2)",02198,Rural,80.2 ,40.2, 142.7,N/A , N/A , N/A,3,*,*,*,*
"Crawford County, Michigan(2)",26039,Rural,80.1 ,59, 108.8,N/A , N/A , N/A,11,stable,-1.2 ,-4.3, 2.1
"Anderson County, Tennessee(2)",47001,Urban,80.1 ,69.6, 91.9,N/A , N/A , N/A,44,falling,-2.0 ,-3.7, -0.4
"Marion County, Indiana(2)",18097,Urban,80.1 ,76.2, 84.1,N/A , N/A , N/A,353,falling,-6.5 ,-8.9, -3.4
"Saline County, Illinois(7)",17165,Rural,80 ,61.7, 102.8,N/A , N/A , N/A,13,falling,-4.7 ,-11.5, -3.3
"Williams County, Ohio(2)",39171,Rural,80 ,64.7, 98.2,N/A , N/A , N/A,20,stable,-1.5 ,-3.4, 0.4
"Adams County, Illinois(7)",17001,Rural,80 ,68.7, 92.8,N/A , N/A , N/A,37,stable,-1.0 ,-2.2, 0.2
"Bond County, Illinois(7)",17005,Urban,80 ,57.2, 109.4,N/A , N/A , N/A,9,falling,-3.4 ,-5.6, -1.3
"Catoosa County, Georgia(7)",13047,Urban,79.9 ,68.2, 93.3,N/A , N/A , N/A,34,falling,-3.4 ,-4.6, -2.1
"Butler County, Alabama(2)",01013,Rural,79.9 ,58.7, 107.1,N/A , N/A , N/A,10,falling,-3.5 ,-6.8, -0.6
"Madison County, Iowa(7)",19121,Urban,79.9 ,56.4, 110.5,N/A , N/A , N/A,8,stable,-1.7 ,-3.4, 0.0
"Burleson County, Texas(7)",48051,Urban,79.9 ,59.9, 105.4,N/A , N/A , N/A,11,falling,-2.1 ,-3.9, -0.1
"Sevier County, Tennessee(2)",47155,Rural,79.9 ,70.5, 90.3,N/A , N/A , N/A,57,falling,-8.8 ,-19.9, -1.7
"Camden County, Missouri(2)",29029,Rural,79.9 ,68.3, 93.6,N/A , N/A , N/A,37,stable,-2.0 ,-3.8, 0.0
"Butler County, Iowa(7)",19023,Rural,79.8 ,57.8, 108.9,N/A , N/A , N/A,9,stable,0.0 ,-1.5, 1.7
"Dodge County, Georgia(7)",13091,Rural,79.8 ,59.5, 105.5,N/A , N/A , N/A,11,falling,-4.6 ,-14.1, -2.3
"Fayette County, Ohio(2)",39047,Rural,79.8 ,61.7, 101.9,N/A , N/A , N/A,15,stable,-1.6 ,-4.8, 1.5
"Langlade County, Wisconsin(2)",55067,Rural,79.8 ,62.1, 102.3,N/A , N/A , N/A,15,stable,0.5 ,-9.9, 18.0
"Stephens County, Texas(7)",48429,Rural,79.8 ,50.4, 120.8,N/A , N/A , N/A,5,stable,-1.3 ,-3.9, 1.4
"Decatur County, Indiana(2)",18031,Rural,79.7 ,60.9, 102.8,N/A , N/A , N/A,13,stable,-2.1 ,-4.6, 0.3
"McDuffie County, Georgia(7)",13189,Urban,79.7 ,59, 106.1,N/A , N/A , N/A,11,stable,-2.5 ,-4.9, 0.1
"Pickens County, Georgia(7)",13227,Urban,79.7 ,64.7, 97.8,N/A , N/A , N/A,22,stable,-1.4 ,-3.1, 0.7
"Franklin County, Tennessee(2)",47051,Rural,79.7 ,65.7, 96.1,N/A , N/A , N/A,24,stable,-0.9 ,-2.8, 1.1
"Pontotoc County, Oklahoma(2)",40123,Rural,79.7 ,64.1, 98.1,N/A , N/A , N/A,19,stable,-0.8 ,-3.4, 2.0
"La Salle County, Illinois(7)",17099,Rural,79.7 ,70.7, 89.6,N/A , N/A , N/A,61,falling,-1.6 ,-2.5, -0.5
"Tattnall County, Georgia(7)",13267,Rural,79.7 ,58.9, 105.5,N/A , N/A , N/A,11,falling,-6.2 ,-22.1, -2.8
"Tyler County, Texas(7)",48457,Rural,79.6 ,60.8, 103.3,N/A , N/A , N/A,13,falling,-2.6 ,-4.6, -0.5
"Ramsey County, North Dakota(2)",38071,Rural,79.6 ,55.4, 112.5,N/A , N/A , N/A,7,stable,0.7 ,-4.1, 6.5
"Grady County, Oklahoma(2)",40051,Urban,79.6 ,66, 95.2,N/A , N/A , N/A,26,falling,-1.4 ,-2.8, -0.1
"Faribault County, Minnesota(2)",27043,Rural,79.6 ,57.8, 108.5,N/A , N/A , N/A,9,stable,1.7 ,-2.1, 6.1
"Clinton County, Indiana(2)",18023,Rural,79.6 ,62.9, 99.6,N/A , N/A , N/A,16,stable,-1.6 ,-4.2, 0.8
"Iberia Parish, Louisiana(7)",22045,Rural,79.6 ,67, 93.9,N/A , N/A , N/A,31,falling,-2.5 ,-3.7, -1.4
"Marshall County, Minnesota(2)",27089,Rural,79.6 ,53.3, 116.9,N/A , N/A , N/A,6,stable,1.4 ,-1.8, 4.9
"Colonial Heights City, Virginia(2)",51570,Urban,79.5 ,57.9, 107.3,N/A , N/A , N/A,9,stable,0.8 ,-2.0, 3.9
"Graham County, North Carolina(2)",37075,Rural,79.5 ,52.2, 119.3,N/A , N/A , N/A,6,stable,0.9 ,-2.6, 5.2
"Osage County, Missouri(2)",29151,Urban,79.4 ,55, 111.8,N/A , N/A , N/A,7,stable,-0.1 ,-5.4, 5.9
"Montgomery County, Indiana(2)",18107,Rural,79.3 ,64.6, 96.7,N/A , N/A , N/A,21,stable,-2.3 ,-4.9, 0.3
"Bryan County, Georgia(7)",13029,Urban,79.3 ,60.9, 101.3,N/A , N/A , N/A,14,stable,-1.7 ,-4.5, 1.8
"Washington County, Maine(2)",23029,Rural,79.3 ,64.1, 97.8,N/A , N/A , N/A,21,falling,-3.3 ,-4.8, -1.9
"Johnson County, Missouri(2)",29101,Rural,79.3 ,64.3, 96.6,N/A , N/A , N/A,21,stable,-0.1 ,-1.5, 1.4
"St. Louis City, Missouri(2)",29510,Urban,79.3 ,72.8, 86.1,N/A , N/A , N/A,127,falling,-2.7 ,-3.6, -1.9
"Beckham County, Oklahoma(2)",40009,Rural,79.2 ,58.2, 105.5,N/A , N/A , N/A,10,stable,-0.6 ,-4.7, 3.8
"DeKalb County, Missouri(2)",29063,Urban,79.2 ,53.1, 114.3,N/A , N/A , N/A,6,stable,0.6 ,-4.2, 6.1
"Alamance County, North Carolina(2)",37001,Urban,79.1 ,71.3, 87.5,N/A , N/A , N/A,78,falling,-1.9 ,-3.1, -0.6
"Clermont County, Ohio(2)",39025,Urban,79 ,72, 86.6,N/A , N/A , N/A,102,falling,-3.0 ,-3.6, -2.4
"Chowan County, North Carolina(2)",37041,Rural,79 ,57, 108.7,N/A , N/A , N/A,9,stable,-0.8 ,-3.4, 1.9
"East Feliciana Parish, Louisiana(7)",22037,Urban,79 ,59.8, 103.4,N/A , N/A , N/A,12,stable,-1.4 ,-4.1, 1.6
"Oglethorpe County, Georgia(7)",13221,Urban,79 ,55.5, 110.2,N/A , N/A , N/A,8,stable,-2.2 ,-4.1, 0.0
"Caldwell Parish, Louisiana(7)",22021,Rural,79 ,50.9, 118.5,N/A , N/A , N/A,5,stable,-1.1 ,-4.1, 2.1
"Monroe County, Missouri(2)",29137,Rural,79 ,53.2, 116.2,N/A , N/A , N/A,6,stable,-0.9 ,-4.4, 2.8
"Pleasants County, West Virginia(2)",54073,Rural,78.9 ,47.3, 125.1,N/A , N/A , N/A,4,*,*,*,*
"Pulaski County, Virginia(2)",51155,Urban,78.9 ,63.8, 97,N/A , N/A , N/A,21,falling,-1.7 ,-3.3, -0.2
"Shelby County, Ohio(2)",39149,Rural,78.9 ,64.4, 95.7,N/A , N/A , N/A,23,stable,1.8 ,-0.7, 10.1
"Franklin County, Maine(2)",23007,Rural,78.8 ,63.3, 97.8,N/A , N/A , N/A,19,stable,-0.2 ,-2.5, 2.2
"Izard County, Arkansas(2)",05065,Rural,78.8 ,58.4, 106.1,N/A , N/A , N/A,10,stable,-1.7 ,-3.8, 0.3
"McDonald County, Missouri(2)",29119,Rural,78.8 ,59.4, 103,N/A , N/A , N/A,12,falling,-2.6 ,-4.8, -0.3
"DeKalb County, Indiana(2)",18033,Rural,78.8 ,63.9, 96.3,N/A , N/A , N/A,21,stable,-0.7 ,-2.7, 1.4
"Wicomico County, Maryland(2)",24045,Urban,78.8 ,68.6, 90.1,N/A , N/A , N/A,46,falling,-2.5 ,-4.0, -1.1
"Stanly County, North Carolina(2)",37167,Rural,78.7 ,66.9, 92.2,N/A , N/A , N/A,34,falling,-4.2 ,-9.2, -2.7
"Natchitoches Parish, Louisiana(7)",22069,Rural,78.7 ,62.3, 98.3,N/A , N/A , N/A,17,stable,-1.6 ,-3.3, 0.2
"Allegany County, Maryland(2)",24001,Rural,78.7 ,67.9, 90.9,N/A , N/A , N/A,39,stable,-1.6 ,-3.3, 0.1
"Rutherford County, North Carolina(2)",37161,Rural,78.7 ,67.6, 91.4,N/A , N/A , N/A,38,falling,-2.8 ,-7.5, -1.7
"Marion County, Alabama(2)",01093,Rural,78.7 ,62.8, 98,N/A , N/A , N/A,17,stable,-2.6 ,-5.3, 0.0
"Appling County, Georgia(7)",13001,Rural,78.7 ,57.4, 106,N/A , N/A , N/A,10,stable,-0.9 ,-3.1, 1.7
"Caroline County, Maryland(2)",24011,Rural,78.7 ,61.6, 99.3,N/A , N/A , N/A,16,stable,-2.6 ,-5.8, 0.4
"Upshur County, Texas(7)",48459,Urban,78.7 ,64.2, 95.8,N/A , N/A , N/A,22,falling,-2.3 ,-4.0, -0.4
"Tucker County, West Virginia(2)",54093,Rural,78.7 ,50.7, 122.7,N/A , N/A , N/A,5,stable,-2.8 ,-5.8, 0.0
"Sullivan County, Tennessee(2)",47163,Urban,78.7 ,71.5, 86.4,N/A , N/A , N/A,93,falling,-2.1 ,-3.2, -1.1
"Emmet County, Iowa(7)",19063,Rural,78.7 ,51.5, 117,N/A , N/A , N/A,6,stable,-1.7 ,-3.7, 0.2
"Cass County, Indiana(2)",18017,Rural,78.6 ,63.2, 96.8,N/A , N/A , N/A,19,stable,-0.5 ,-2.7, 1.6
"Jackson County, Florida(2)",12063,Rural,78.6 ,65.9, 93.3,N/A , N/A , N/A,28,stable,-0.6 ,-6.0, 1.1
"Chemung County, New York(7)",36015,Urban,78.6 ,68.4, 90,N/A , N/A , N/A,45,falling,-1.3 ,-2.6, -0.1
"Clark County, Illinois(7)",17023,Rural,78.6 ,56.4, 107.6,N/A , N/A , N/A,9,stable,-2.3 ,-4.6, 0.0
"Howard County, Indiana(2)",18067,Urban,78.6 ,68.1, 90.3,N/A , N/A , N/A,42,stable,-1.1 ,-2.4, 0.1
"Montgomery County, Mississippi(2)",28097,Rural,78.5 ,50.5, 118.3,N/A , N/A , N/A,6,stable,-1.5 ,-5.1, 1.9
"Burt County, Nebraska(2)",31021,Rural,78.5 ,49.9, 122.2,N/A , N/A , N/A,5,stable,-1.5 ,-5.4, 2.5
"Fulton County, Pennsylvania(2)",42057,Rural,78.5 ,57.6, 106.2,N/A , N/A , N/A,10,stable,-0.3 ,-4.2, 4.2
"Tangipahoa Parish, Louisiana(7)",22105,Urban,78.5 ,69.1, 88.9,N/A , N/A , N/A,56,falling,-1.6 ,-2.6, -0.4
"Lowndes County, Mississippi(2)",28087,Rural,78.4 ,64.8, 94.1,N/A , N/A , N/A,25,stable,-1.5 ,-3.7, 0.6
"Jefferson County, New York(7)",36045,Urban,78.4 ,68.4, 89.5,N/A , N/A , N/A,47,falling,-1.7 ,-2.9, -0.5
"Kennebec County, Maine(2)",23011,Rural,78.3 ,70.1, 87.4,N/A , N/A , N/A,70,falling,-1.5 ,-2.5, -0.5
"Newton County, Texas(7)",48351,Rural,78.3 ,55.9, 109,N/A , N/A , N/A,8,stable,-0.1 ,-2.6, 2.9
"Cross County, Arkansas(2)",05037,Rural,78.3 ,55.6, 107.7,N/A , N/A , N/A,8,falling,-4.7 ,-7.1, -2.8
"Jackson County, Wisconsin(2)",55053,Rural,78.2 ,59.9, 101,N/A , N/A , N/A,13,stable,-0.9 ,-4.9, 3.4
"Bolivar County, Mississippi(2)",28011,Rural,78.2 ,59.2, 101.5,N/A , N/A , N/A,13,stable,-2.1 ,-16.7, 0.7
"Franklin County, North Carolina(2)",37069,Urban,78.2 ,66, 92,N/A , N/A , N/A,32,falling,-2.0 ,-3.5, -0.3
"Putnam County, Tennessee(2)",47141,Rural,78.1 ,66.5, 91.3,N/A , N/A , N/A,34,falling,-2.8 ,-4.8, -1.0
"Cumberland County, New Jersey(7)",34011,Urban,78.1 ,69.7, 87.2,N/A , N/A , N/A,67,falling,-1.7 ,-2.7, -0.6
"Wayne County, Mississippi(2)",28153,Rural,78.1 ,56.4, 105.7,N/A , N/A , N/A,9,stable,-1.0 ,-4.3, 2.3
"Lincoln County, North Carolina(2)",37109,Urban,78.1 ,68, 89.4,N/A , N/A , N/A,47,falling,-2.0 ,-3.4, -0.4
"Coosa County, Alabama(2)",01037,Rural,78.1 ,54, 112.4,N/A , N/A , N/A,7,stable,-2.4 ,-5.2, 0.3
"Choctaw County, Oklahoma(2)",40023,Rural,78 ,56.2, 107,N/A , N/A , N/A,9,falling,-5.4 ,-8.6, -2.8
"Loudon County, Tennessee(2)",47105,Urban,78 ,66.9, 90.9,N/A , N/A , N/A,39,stable,-1.4 ,-3.2, 0.5
"Greenup County, Kentucky(7)",21089,Urban,78 ,63.2, 95.6,N/A , N/A , N/A,20,falling,-2.3 ,-3.8, -0.8
"Etowah County, Alabama(2)",01055,Urban,78 ,68.7, 88.3,N/A , N/A , N/A,54,falling,-2.6 ,-4.0, -1.3
"Morgan County, Alabama(2)",01103,Urban,78 ,69.1, 87.7,N/A , N/A , N/A,60,falling,-1.9 ,-3.3, -0.6
"Baldwin County, Georgia(7)",13009,Rural,78 ,63.6, 94.8,N/A , N/A , N/A,22,falling,-2.0 ,-3.6, -0.2
"Kingsbury County, South Dakota(2)",46077,Rural,78 ,45.7, 130.1,N/A , N/A , N/A,4,*,*,*,*
"Northumberland County, Pennsylvania(2)",42097,Rural,78 ,68.6, 88.4,N/A , N/A , N/A,53,stable,-0.5 ,-1.9, 1.0
"Kanawha County, West Virginia(2)",54039,Urban,77.9 ,71, 85.4,N/A , N/A , N/A,100,falling,-2.7 ,-3.5, -1.9
"Marion County, Florida(2)",12083,Urban,77.9 ,73.6, 82.5,N/A , N/A , N/A,267,falling,-2.4 ,-3.2, -1.7
"Marshall County, Iowa(7)",19127,Rural,77.9 ,63.2, 95.2,N/A , N/A , N/A,20,falling,-1.5 ,-2.5, -0.5
"Cass County, Texas(7)",48067,Rural,77.9 ,62.3, 96.9,N/A , N/A , N/A,18,stable,-1.3 ,-3.4, 1.0
"Marion County, Arkansas(2)",05089,Rural,77.9 ,59.6, 102.2,N/A , N/A , N/A,14,stable,-1.4 ,-4.2, 1.5
"Newberry County, South Carolina(2)",45071,Rural,77.9 ,63.2, 95.3,N/A , N/A , N/A,21,falling,-2.9 ,-5.0, -0.8
"Monroe County, Ohio(2)",39111,Rural,77.8 ,56.1, 106.9,N/A , N/A , N/A,9,stable,-1.9 ,-5.9, 2.1
"Hancock County, Georgia(7)",13141,Rural,77.8 ,50.2, 118.2,N/A , N/A , N/A,5,*,*,*,*
"Lewis County, Missouri(2)",29111,Rural,77.8 ,51.4, 115,N/A , N/A , N/A,6,stable,-2.2 ,-6.0, 1.5
"Massac County, Illinois(7)",17127,Urban,77.8 ,54.9, 108.3,N/A , N/A , N/A,8,falling,-7.6 ,-29.9, -3.7
"Wichita County, Texas(7)",48485,Urban,77.8 ,68.4, 88.1,N/A , N/A , N/A,53,falling,-2.8 ,-3.7, -1.9
"Hendry County, Florida(2)",12051,Rural,77.8 ,61.9, 96.4,N/A , N/A , N/A,17,falling,-13.1 ,-22.2, -6.5
"Prince George County, Virginia(2)",51149,Urban,77.7 ,60.9, 97.7,N/A , N/A , N/A,16,stable,-2.1 ,-4.3, 0.3
"Lauderdale County, Mississippi(2)",28075,Rural,77.7 ,66.5, 90.3,N/A , N/A , N/A,36,falling,-3.0 ,-4.1, -1.9
"Codington County, South Dakota(2)",46029,Rural,77.7 ,60.4, 98.7,N/A , N/A , N/A,15,stable,-0.3 ,-2.7, 2.3
"Franklin County, Indiana(2)",18047,Urban,77.7 ,58.8, 101.3,N/A , N/A , N/A,12,stable,-1.8 ,-4.7, 1.2
"Comanche County, Oklahoma(2)",40031,Urban,77.6 ,67.6, 88.7,N/A , N/A , N/A,45,falling,-2.4 ,-4.1, -0.6
"Jackson County, Mississippi(2)",28059,Urban,77.6 ,69.2, 86.9,N/A , N/A , N/A,67,falling,-1.6 ,-2.9, -0.3
"Jefferson County, Nebraska(2)",31095,Rural,77.6 ,50.7, 118.5,N/A , N/A , N/A,5,stable,-0.1 ,-6.1, 6.3
"Oxford County, Maine(2)",23017,Rural,77.6 ,66.7, 90.2,N/A , N/A , N/A,39,stable,-1.5 ,-3.2, 0.3
"Fulton County, New York(7)",36035,Rural,77.6 ,65, 92.2,N/A , N/A , N/A,29,stable,-1.3 ,-2.6, 0.0
"Paulding County, Georgia(7)",13223,Urban,77.6 ,67.5, 88.8,N/A , N/A , N/A,54,falling,-2.7 ,-3.7, -1.6
"Abbeville County, South Carolina(2)",45001,Rural,77.6 ,60, 99.6,N/A , N/A , N/A,14,stable,-2.2 ,-4.8, 0.5
"Pitt County, North Carolina(2)",37147,Urban,77.6 ,68.9, 87.1,N/A , N/A , N/A,62,falling,-1.6 ,-2.8, -0.4
"Liberty County, Florida(2)",12077,Rural,77.6 ,46.9, 122.4,N/A , N/A , N/A,4,stable,-2.4 ,-6.8, 2.1
"Woodruff County, Arkansas(2)",05147,Rural,77.6 ,46.9, 125.3,N/A , N/A , N/A,4,falling,-4.1 ,-7.7, -1.0
"Montgomery County, New York(7)",36057,Rural,77.5 ,64.3, 92.9,N/A , N/A , N/A,26,stable,-1.0 ,-2.4, 0.5
"Clay County, Florida(2)",12019,Urban,77.5 ,70.6, 84.9,N/A , N/A , N/A,101,falling,-1.6 ,-2.8, -0.4
"Powhatan County, Virginia(2)",51145,Urban,77.5 ,60.7, 98,N/A , N/A , N/A,17,stable,-2.2 ,-6.0, 2.2
"Powell County, Montana(2)",30077,Rural,77.5 ,47.1, 122.7,N/A , N/A , N/A,4,stable,-3.0 ,-6.1, 0.1
"Iowa County, Iowa(7)",19095,Rural,77.5 ,55.4, 106,N/A , N/A , N/A,9,stable,-1.0 ,-2.6, 0.7
"Paulding County, Ohio(2)",39125,Rural,77.4 ,56.9, 103.7,N/A , N/A , N/A,10,stable,-1.6 ,-4.4, 1.5
"Davie County, North Carolina(2)",37059,Urban,77.4 ,64.2, 93,N/A , N/A , N/A,25,stable,-1.7 ,-3.5, 0.2
"Nicholas County, West Virginia(2)",54067,Rural,77.4 ,60.9, 97.8,N/A , N/A , N/A,16,falling,-2.5 ,-4.9, -0.2
"Jackson County, Minnesota(2)",27063,Rural,77.4 ,51.2, 114,N/A , N/A , N/A,6,stable,1.7 ,-1.9, 5.8
"Aroostook County, Maine(2)",23003,Rural,77.4 ,67.1, 89.2,N/A , N/A , N/A,44,falling,-3.0 ,-4.4, -1.8
"Baxter County, Arkansas(2)",05005,Rural,77.4 ,65.1, 91.9,N/A , N/A , N/A,32,falling,-14.4 ,-21.4, -5.2
"Summers County, West Virginia(2)",54089,Rural,77.4 ,54.6, 109.6,N/A , N/A , N/A,8,stable,-1.1 ,-4.4, 2.1
"Randolph County, Indiana(2)",18135,Rural,77.3 ,59.8, 98.9,N/A , N/A , N/A,14,stable,-2.2 ,-5.0, 0.5
"Union County, Kentucky(7)",21225,Rural,77.3 ,50.8, 113.1,N/A , N/A , N/A,6,falling,-3.4 ,-5.5, -1.6
"Vermilion Parish, Louisiana(7)",22113,Urban,77.2 ,64.1, 92.5,N/A , N/A , N/A,26,stable,-1.4 ,-2.9, 0.1
"Schoolcraft County, Michigan(2)",26153,Rural,77.2 ,51.1, 116.7,N/A , N/A , N/A,6,stable,-3.0 ,-7.0, 0.6
"Martin County, Indiana(2)",18101,Rural,77.1 ,50.6, 114.4,N/A , N/A , N/A,6,stable,-1.4 ,-6.3, 3.8
"Brown County, Texas(7)",48049,Rural,77.1 ,63.1, 93.7,N/A , N/A , N/A,22,falling,-1.7 ,-2.9, -0.3
"Jasper County, Georgia(7)",13159,Urban,77.1 ,53.3, 108.8,N/A , N/A , N/A,7,falling,-3.0 ,-5.5, -0.2
"Kay County, Oklahoma(2)",40071,Rural,77.1 ,63.3, 93.3,N/A , N/A , N/A,23,stable,-1.5 ,-4.0, 1.0
"Miami County, Indiana(2)",18103,Rural,77.1 ,61.7, 95.4,N/A , N/A , N/A,18,falling,-2.6 ,-4.8, -0.4
"Muscogee County, Georgia(7)",13215,Urban,77 ,69.2, 85.4,N/A , N/A , N/A,77,falling,-2.4 ,-3.1, -1.7
"Monroe County, Wisconsin(2)",55081,Rural,77 ,63.6, 92.6,N/A , N/A , N/A,25,stable,-0.9 ,-3.1, 1.4
"Hamilton County, Iowa(7)",19079,Rural,77 ,54.9, 106,N/A , N/A , N/A,8,stable,-1.2 ,-2.8, 0.4
"Woodford County, Illinois(7)",17203,Urban,76.9 ,62.1, 94.5,N/A , N/A , N/A,20,stable,1.1 ,-1.1, 3.7
"Jones County, Iowa(7)",19105,Urban,76.9 ,58.7, 99.7,N/A , N/A , N/A,13,falling,-1.5 ,-2.7, -0.1
"Greenbrier County, West Virginia(2)",54025,Rural,76.8 ,61.9, 94.9,N/A , N/A , N/A,20,stable,-1.9 ,-4.3, 0.4
"Laclede County, Missouri(2)",29105,Rural,76.7 ,61.4, 95.1,N/A , N/A , N/A,18,stable,-1.6 ,-4.2, 1.1
"Maury County, Tennessee(2)",47119,Urban,76.7 ,66.8, 87.9,N/A , N/A , N/A,47,falling,-2.2 ,-4.1, -0.1
"Carter County, Oklahoma(2)",40019,Rural,76.7 ,62.5, 93.3,N/A , N/A , N/A,22,falling,-2.2 ,-3.9, -0.5
"Sunflower County, Mississippi(2)",28133,Rural,76.7 ,57, 101.2,N/A , N/A , N/A,11,falling,-23.2 ,-39.9, -3.0
"Marion County, Iowa(7)",19125,Rural,76.7 ,60.9, 95.7,N/A , N/A , N/A,17,falling,-1.5 ,-2.9, -0.1
"Cherokee County, South Carolina(2)",45021,Rural,76.7 ,63.7, 91.7,N/A , N/A , N/A,27,falling,-3.4 ,-12.4, -1.8
"Smyth County, Virginia(2)",51173,Rural,76.6 ,61.5, 95,N/A , N/A , N/A,18,falling,-6.8 ,-16.8, -1.9
"Whiteside County, Illinois(7)",17195,Rural,76.6 ,65, 90,N/A , N/A , N/A,32,stable,-1.1 ,-2.2, 0.2
"Cattaraugus County, New York(7)",36009,Rural,76.6 ,66.3, 88.2,N/A , N/A , N/A,43,stable,-0.9 ,-2.4, 0.7
"Somerset County, Maryland(2)",24039,Urban,76.6 ,58.1, 99.5,N/A , N/A , N/A,12,falling,-3.0 ,-5.4, -0.9
"Randolph County, Illinois(7)",17157,Rural,76.6 ,60.7, 95.7,N/A , N/A , N/A,17,stable,-1.2 ,-2.6, 0.2
"Orange County, Vermont(2)",50017,Rural,76.6 ,60.4, 96.2,N/A , N/A , N/A,17,stable,-0.7 ,-3.1, 2.1
"Monroe County, Georgia(7)",13207,Urban,76.5 ,59.6, 97.3,N/A , N/A , N/A,15,falling,-9.8 ,-24.6, -2.8
"Marshall County, Alabama(2)",01095,Rural,76.5 ,66.5, 87.8,N/A , N/A , N/A,44,falling,-2.6 ,-3.8, -1.4
"Androscoggin County, Maine(2)",23001,Urban,76.5 ,67.4, 86.6,N/A , N/A , N/A,55,falling,-2.0 ,-2.8, -1.1
"Gates County, North Carolina(2)",37073,Urban,76.5 ,49.9, 114.2,N/A , N/A , N/A,6,stable,-1.9 ,-7.5, 4.4
"Brooke County, West Virginia(2)",54009,Urban,76.5 ,58.6, 99.1,N/A , N/A , N/A,13,stable,-2.0 ,-4.4, 0.2
"Livingston County, Illinois(7)",17105,Rural,76.5 ,61.7, 94.1,N/A , N/A , N/A,19,stable,-0.4 ,-2.5, 1.8
"Walsh County, North Dakota(2)",38099,Rural,76.5 ,51.5, 111.2,N/A , N/A , N/A,6,stable,-0.8 ,-4.9, 3.5
"Mercer County, West Virginia(2)",54055,Rural,76.5 ,64.9, 89.8,N/A , N/A , N/A,33,falling,-11.7 ,-24.4, -3.1
"Brown County, Minnesota(2)",27015,Rural,76.4 ,59.1, 97.7,N/A , N/A , N/A,14,stable,2.4 ,0.0, 5.1
"Cleburne County, Alabama(2)",01029,Rural,76.4 ,53.6, 106.5,N/A , N/A , N/A,8,stable,-2.3 ,-5.5, 0.9
"Greene County, Alabama(2)",01063,Urban,76.3 ,47.3, 120,N/A , N/A , N/A,4,*,*,*,*
"Upshur County, West Virginia(2)",54097,Rural,76.3 ,59.5, 97.2,N/A , N/A , N/A,14,stable,-1.0 ,-3.8, 2.0
"Radford City, Virginia(2)",51750,Urban,76.3 ,46.1, 118.8,N/A , N/A , N/A,4,*,*,*,*
"Allen County, Ohio(2)",39003,Urban,76.2 ,66.8, 86.8,N/A , N/A , N/A,50,stable,-1.1 ,-2.4, 0.2
"Minnehaha County, South Dakota(2)",46099,Urban,76.2 ,68, 85.1,N/A , N/A , N/A,74,falling,-1.4 ,-2.7, -0.1
"Callaway County, Missouri(2)",29027,Urban,76.2 ,62.1, 92.7,N/A , N/A , N/A,22,falling,-2.2 ,-4.0, -0.2
"Robertson County, Texas(7)",48395,Urban,76.2 ,54.8, 104,N/A , N/A , N/A,9,stable,-1.5 ,-4.4, 1.5
"Effingham County, Illinois(7)",17049,Rural,76.2 ,60.4, 95.1,N/A , N/A , N/A,17,stable,-2.2 ,-4.3, 0.0
"Hancock County, Illinois(7)",17067,Rural,76.2 ,57.1, 100.8,N/A , N/A , N/A,11,stable,-1.4 ,-3.9, 1.3
"Lincoln County, Oklahoma(2)",40081,Urban,76.1 ,61.1, 94.2,N/A , N/A , N/A,19,falling,-3.0 ,-5.3, -0.7
"Nassau County, Florida(2)",12089,Urban,76.1 ,67.1, 86.2,N/A , N/A , N/A,55,stable,-1.7 ,-3.6, 0.6
"Livingston County, Missouri(2)",29117,Rural,76.1 ,53.2, 106.8,N/A , N/A , N/A,7,stable,-2.3 ,-4.9, 0.1
"Mille Lacs County, Minnesota(2)",27095,Urban,76.1 ,58.1, 98.2,N/A , N/A , N/A,13,stable,-0.7 ,-3.7, 2.3
"Spartanburg County, South Carolina(2)",45083,Urban,76.1 ,70.4, 82.2,N/A , N/A , N/A,141,falling,-2.6 ,-3.6, -1.8
"Itasca County, Minnesota(2)",27061,Rural,76.1 ,63.6, 90.7,N/A , N/A , N/A,29,stable,-0.3 ,-2.0, 1.4
"Bell County, Texas(7)",48027,Urban,76 ,69.8, 82.7,N/A , N/A , N/A,116,falling,-2.3 ,-2.9, -1.6
"Duval County, Florida(2)",12031,Urban,76 ,72.6, 79.6,N/A , N/A , N/A,394,falling,-2.0 ,-2.6, -1.5
"Newaygo County, Michigan(2)",26123,Rural,76 ,63.5, 90.5,N/A , N/A , N/A,28,falling,-2.5 ,-4.0, -1.1
"Cullman County, Alabama(2)",01043,Rural,76 ,66, 87.1,N/A , N/A , N/A,44,falling,-2.3 ,-4.2, -0.4
"Page County, Virginia(2)",51139,Rural,75.9 ,59.4, 96.6,N/A , N/A , N/A,15,stable,-1.9 ,-3.7, 0.0
"Menard County, Illinois(7)",17129,Urban,75.8 ,52.2, 108.2,N/A , N/A , N/A,7,stable,-0.7 ,-2.5, 1.5
"Darke County, Ohio(2)",39037,Rural,75.8 ,63.4, 90.2,N/A , N/A , N/A,27,stable,-0.3 ,-1.4, 0.9
"Alcona County, Michigan(2)",26001,Rural,75.8 ,55.4, 107.9,N/A , N/A , N/A,10,stable,-1.4 ,-4.1, 1.2
"Grant Parish, Louisiana(7)",22043,Urban,75.8 ,56, 100.8,N/A , N/A , N/A,10,falling,-2.5 ,-4.8, -0.1
"Fayette County, Kentucky(7)",21067,Urban,75.8 ,69.5, 82.5,N/A , N/A , N/A,116,falling,-2.3 ,-3.2, -1.3
"Jefferson County, Kentucky(7)",21111,Urban,75.8 ,72.1, 79.7,N/A , N/A , N/A,333,falling,-2.9 ,-3.3, -2.5
"Montgomery County, Tennessee(2)",47125,Urban,75.8 ,67, 85.3,N/A , N/A , N/A,61,falling,-5.5 ,-13.3, -2.8
"Muscatine County, Iowa(7)",19139,Rural,75.8 ,61.4, 92.7,N/A , N/A , N/A,21,stable,-1.1 ,-2.3, 0.1
"Sullivan County, Missouri(2)",29211,Rural,75.8 ,43.4, 126.3,N/A , N/A , N/A,3,*,*,*,*
"Allen Parish, Louisiana(7)",22003,Rural,75.7 ,55.4, 101.2,N/A , N/A , N/A,10,stable,-1.6 ,-3.8, 0.6
"Fannin County, Georgia(7)",13111,Rural,75.7 ,59.9, 95.8,N/A , N/A , N/A,19,falling,-1.9 ,-3.3, -0.4
"Franklin County, Kentucky(7)",21073,Rural,75.7 ,62.4, 91.3,N/A , N/A , N/A,24,falling,-3.5 ,-5.0, -2.0
"Webster County, Iowa(7)",19187,Rural,75.7 ,60.6, 93.7,N/A , N/A , N/A,18,falling,-1.5 ,-2.7, -0.4
"St. James Parish, Louisiana(7)",22093,Urban,75.7 ,55.4, 101.7,N/A , N/A , N/A,10,stable,-2.2 ,-5.4, 1.4
"Union County, Arkansas(2)",05139,Rural,75.7 ,60.6, 93.7,N/A , N/A , N/A,19,falling,-2.2 ,-3.6, -0.9
"Van Zandt County, Texas(7)",48467,Rural,75.7 ,64.3, 88.8,N/A , N/A , N/A,33,stable,-1.3 ,-2.6, 0.2
"Jackson County, Georgia(7)",13157,Rural,75.7 ,63.5, 89.5,N/A , N/A , N/A,31,falling,-2.2 ,-3.7, -0.5
"Lawrence County, Illinois(7)",17101,Rural,75.7 ,52.9, 105.5,N/A , N/A , N/A,7,stable,-1.7 ,-4.4, 1.2
"Benton County, Mississippi(2)",28009,Urban,75.7 ,43.3, 123.9,N/A , N/A , N/A,4,stable,-2.8 ,-6.4, 0.6
"Carbon County, Pennsylvania(2)",42025,Urban,75.7 ,65.1, 87.7,N/A , N/A , N/A,40,stable,-1.9 ,-4.2, 0.3
"Calhoun County, Illinois(7)",17013,Urban,75.6 ,42.6, 132.6,N/A , N/A , N/A,3,*,*,*,*
"Douglas County, Wisconsin(2)",55031,Urban,75.6 ,62.5, 91.1,N/A , N/A , N/A,25,stable,0.4 ,-2.1, 3.3
"Roane County, Tennessee(2)",47145,Urban,75.6 ,64, 89.2,N/A , N/A , N/A,32,falling,-3.4 ,-4.8, -2.1
"Hamblen County, Tennessee(2)",47063,Urban,75.6 ,63.8, 89.1,N/A , N/A , N/A,30,stable,-3.4 ,-14.8, 1.5
"Carroll County, Ohio(2)",39019,Urban,75.6 ,59.6, 95.3,N/A , N/A , N/A,17,stable,-1.6 ,-4.0, 0.8
"Crisp County, Georgia(7)",13081,Rural,75.6 ,55.1, 101.8,N/A , N/A , N/A,10,falling,-4.1 ,-6.6, -1.8
"Wythe County, Virginia(2)",51197,Rural,75.6 ,59.2, 95.7,N/A , N/A , N/A,16,stable,-1.8 ,-3.8, 0.3
"Carteret County, North Carolina(2)",37031,Rural,75.5 ,65.2, 87.3,N/A , N/A , N/A,43,stable,-1.5 ,-3.3, 0.4
"Kenosha County, Wisconsin(2)",55059,Urban,75.5 ,67.4, 84.3,N/A , N/A , N/A,70,stable,-1.1 ,-2.3, 0.2
"Beltrami County, Minnesota(2)",27007,Rural,75.4 ,61.5, 91.8,N/A , N/A , N/A,22,stable,0.5 ,-1.7, 3.3
"Gregg County, Texas(7)",48183,Urban,75.4 ,66, 85.8,N/A , N/A , N/A,49,falling,-3.2 ,-4.3, -2.0
"Madison County, North Carolina(2)",37115,Urban,75.4 ,56.9, 98.9,N/A , N/A , N/A,12,falling,-2.4 ,-4.6, -0.3
"Russell County, Alabama(2)",01113,Urban,75.4 ,61.9, 91.1,N/A , N/A , N/A,24,falling,-2.4 ,-4.6, -0.1
"Saline County, Arkansas(2)",05125,Urban,75.4 ,66.9, 84.8,N/A , N/A , N/A,59,falling,-1.6 ,-2.7, -0.5
"Redwood County, Minnesota(2)",27127,Rural,75.4 ,54.3, 103.1,N/A , N/A , N/A,9,stable,-0.3 ,-3.4, 2.8
"Morton County, North Dakota(2)",38059,Urban,75.3 ,58.6, 95.5,N/A , N/A , N/A,15,stable,-1.1 ,-3.1, 1.1
"Dooly County, Georgia(7)",13093,Rural,75.3 ,50.9, 109.1,N/A , N/A , N/A,7,stable,-1.9 ,-5.2, 1.8
"Grayson County, Virginia(2)",51077,Rural,75.3 ,55.4, 101.7,N/A , N/A , N/A,10,falling,-3.0 ,-5.3, -0.8
"Mineral County, Nevada(2)",32021,Rural,75.3 ,44.1, 129.5,N/A , N/A , N/A,4,*,*,*,*
"LaFourche Parish, Louisiana(7)",22057,Urban,75.2 ,65.3, 86.4,N/A , N/A , N/A,44,falling,-1.5 ,-2.7, -0.1
"Salem County, New Jersey(7)",34033,Urban,75.2 ,63.7, 88.4,N/A , N/A , N/A,32,stable,-1.4 ,-2.9, 0.1
"Falls County, Texas(7)",48145,Urban,75.2 ,55.1, 101.5,N/A , N/A , N/A,9,stable,-1.7 ,-4.7, 1.3
"Schenectady County, New York(7)",36093,Urban,75.2 ,67.4, 83.7,N/A , N/A , N/A,72,stable,-1.2 ,-2.4, 0.1
"Rabun County, Georgia(7)",13241,Rural,75.2 ,55.3, 101.4,N/A , N/A , N/A,11,stable,0.1 ,-2.3, 3.0
"Madison County, Tennessee(2)",47113,Urban,75.2 ,65.3, 86.2,N/A , N/A , N/A,44,falling,-2.6 ,-8.3, -1.2
"Nottoway County, Virginia(2)",51135,Rural,75.1 ,52.7, 104.5,N/A , N/A , N/A,8,stable,-1.9 ,-4.9, 1.2
"Blount County, Tennessee(2)",47009,Urban,75.1 ,67.5, 83.5,N/A , N/A , N/A,74,falling,-2.8 ,-8.1, -1.5
"Gloucester County, Virginia(2)",51073,Urban,75.1 ,61.1, 91.8,N/A , N/A , N/A,22,falling,-3.1 ,-5.4, -0.8
"Hart County, Georgia(7)",13147,Rural,75.1 ,58.4, 95.7,N/A , N/A , N/A,15,falling,-2.3 ,-4.1, -0.4
"Clinton County, Missouri(2)",29049,Urban,75.1 ,56.5, 98.6,N/A , N/A , N/A,11,stable,-0.7 ,-3.6, 2.5
"Montgomery County, Ohio(2)",39113,Urban,75.1 ,70.8, 79.6,N/A , N/A , N/A,242,falling,-1.6 ,-2.3, -1.0
"Iron County, Michigan(2)",26071,Rural,75 ,53.8, 105.7,N/A , N/A , N/A,9,stable,-2.4 ,-7.0, 1.8
"Alexander County, North Carolina(2)",37003,Urban,75 ,60.5, 92.3,N/A , N/A , N/A,20,stable,-1.7 ,-3.5, 0.2
"Portsmouth City, Virginia(2)",51740,Urban,75 ,64.1, 87.2,N/A , N/A , N/A,37,falling,-1.8 ,-3.3, -0.3
"King George County, Virginia(2)",51099,Rural,74.9 ,55.5, 99,N/A , N/A , N/A,11,stable,0.3 ,-3.7, 5.4
"Lucas County, Iowa(7)",19117,Rural,74.9 ,48.6, 112.8,N/A , N/A , N/A,5,stable,-1.0 ,-2.7, 0.8
"Amherst County, Virginia(2)",51009,Urban,74.9 ,59.4, 93.7,N/A , N/A , N/A,17,falling,-4.0 ,-6.5, -1.7
"Mercer County, North Dakota(2)",38057,Rural,74.9 ,46.9, 115.7,N/A , N/A , N/A,5,*,*,*,*
"Pickens County, Alabama(2)",01107,Urban,74.9 ,55.5, 99.6,N/A , N/A , N/A,10,falling,-2.6 ,-5.1, -0.3
"Bossier Parish, Louisiana(7)",22015,Urban,74.8 ,65.6, 84.8,N/A , N/A , N/A,51,falling,-2.8 ,-4.0, -1.5
"Ketchikan Gateway Borough, Alaska(2)",02130,Rural,74.7 ,50.1, 107.8,N/A , N/A , N/A,7,stable,-2.0 ,-6.1, 2.3
"Conway County, Arkansas(2)",05029,Rural,74.7 ,55.8, 98.7,N/A , N/A , N/A,11,falling,-2.7 ,-5.2, -0.3
"Lycoming County, Pennsylvania(2)",42081,Urban,74.7 ,66.1, 84.2,N/A , N/A , N/A,58,stable,-0.6 ,-1.7, 0.5
"Ritchie County, West Virginia(2)",54085,Rural,74.7 ,49.6, 111.9,N/A , N/A , N/A,6,stable,-1.5 ,-5.0, 2.0
"Pearl River County, Mississippi(2)",28109,Rural,74.7 ,62.6, 88.7,N/A , N/A , N/A,29,falling,-4.8 ,-8.0, -3.2
"Sullivan County, Indiana(2)",18153,Urban,74.7 ,55.1, 99.4,N/A , N/A , N/A,10,stable,-2.8 ,-6.3, 0.4
"Adair County, Oklahoma(2)",40001,Rural,74.7 ,54.2, 100.7,N/A , N/A , N/A,9,falling,-15.9 ,-33.3, -2.3
"Jeff Davis County, Georgia(7)",13161,Rural,74.7 ,51.7, 105.4,N/A , N/A , N/A,7,falling,-3.7 ,-5.5, -1.9
"Lee County, North Carolina(2)",37105,Rural,74.7 ,62.5, 88.5,N/A , N/A , N/A,29,falling,-2.3 ,-3.9, -0.7
"Johnson County, Indiana(2)",18081,Urban,74.6 ,66.4, 83.6,N/A , N/A , N/A,64,falling,-2.3 ,-3.7, -0.8
"Clay County, Missouri(2)",29047,Urban,74.6 ,68, 81.7,N/A , N/A , N/A,100,falling,-2.8 ,-3.8, -1.8
"Vilas County, Wisconsin(2)",55125,Rural,74.6 ,60.5, 92.8,N/A , N/A , N/A,20,stable,-0.8 ,-2.6, 1.0
"Seneca County, New York(7)",36099,Rural,74.6 ,59.6, 92.7,N/A , N/A , N/A,18,falling,-2.0 ,-3.6, -0.4
"McDonough County, Illinois(7)",17109,Rural,74.6 ,56.8, 96.6,N/A , N/A , N/A,13,stable,-0.4 ,-2.9, 2.3
"Boone County, Kentucky(7)",21015,Urban,74.6 ,65.3, 84.8,N/A , N/A , N/A,52,falling,-2.6 ,-4.0, -0.9
"Darlington County, South Carolina(2)",45031,Urban,74.6 ,63, 87.9,N/A , N/A , N/A,32,stable,-1.8 ,-3.7, 0.1
"Pasco County, Florida(2)",12101,Urban,74.5 ,70.9, 78.3,N/A , N/A , N/A,323,falling,-2.3 ,-3.2, -1.5
"Harrison County, Texas(7)",48203,Urban,74.5 ,63, 87.6,N/A , N/A , N/A,32,falling,-2.9 ,-5.0, -0.8
"Trumbull County, Ohio(2)",39155,Urban,74.5 ,68.3, 81.2,N/A , N/A , N/A,112,falling,-4.1 ,-5.7, -2.5
"Hernando County, Florida(2)",12053,Urban,74.4 ,68.7, 80.5,N/A , N/A , N/A,133,falling,-2.0 ,-2.7, -1.3
"Bertie County, North Carolina(2)",37015,Rural,74.4 ,54.3, 100.4,N/A , N/A , N/A,10,stable,-0.6 ,-4.4, 3.3
"Towns County, Georgia(7)",13281,Rural,74.4 ,50.1, 108.8,N/A , N/A , N/A,9,falling,-3.8 ,-6.4, -1.1
"Okeechobee County, Florida(2)",12093,Rural,74.3 ,61, 90,N/A , N/A , N/A,22,falling,-2.0 ,-3.8, -0.3
"Kent County, Rhode Island(2)",44003,Urban,74.3 ,67.2, 82.1,N/A , N/A , N/A,84,stable,-1.3 ,-2.9, 0.4
"Perry County, Pennsylvania(2)",42099,Urban,74.3 ,61.2, 89.7,N/A , N/A , N/A,25,falling,-3.3 ,-10.1, -1.5
"Johnson County, Georgia(7)",13167,Rural,74.3 ,47.5, 112.3,N/A , N/A , N/A,5,stable,-0.2 ,-3.8, 4.1
"Johnston County, North Carolina(2)",37101,Urban,74.3 ,66.8, 82.3,N/A , N/A , N/A,82,falling,-5.8 ,-12.7, -2.9
"Clay County, Mississippi(2)",28025,Rural,74.3 ,54.1, 100.4,N/A , N/A , N/A,9,stable,-2.4 ,-5.6, 0.7
"Bartholomew County, Indiana(2)",18005,Urban,74.3 ,63.5, 86.3,N/A , N/A , N/A,36,falling,-1.5 ,-3.0, -0.1
"Sullivan County, New Hampshire(2)",33019,Rural,74.2 ,61.7, 89,N/A , N/A , N/A,27,stable,-1.0 ,-2.4, 0.6
"Chilton County, Alabama(2)",01021,Urban,74.2 ,60.2, 90.8,N/A , N/A , N/A,21,falling,-3.3 ,-5.4, -1.3
"Rains County, Texas(7)",48379,Rural,74.2 ,53, 103.5,N/A , N/A , N/A,8,stable,-0.2 ,-3.7, 4.4
"Whitfield County, Georgia(7)",13313,Urban,74.2 ,64.3, 85.1,N/A , N/A , N/A,42,falling,-3.5 ,-4.8, -2.2
"Richland County, Ohio(2)",39139,Urban,74.1 ,66.1, 83,N/A , N/A , N/A,64,stable,-1.3 ,-2.5, 0.0
"Knox County, Tennessee(2)",47093,Urban,74.1 ,69.4, 79.1,N/A , N/A , N/A,195,falling,-2.7 ,-5.5, -1.9
"Colbert County, Alabama(2)",01033,Urban,74.1 ,62.1, 87.9,N/A , N/A , N/A,28,falling,-15.8 ,-28.4, -1.6
"Lake County, Minnesota(2)",27075,Rural,74.1 ,52.5, 104.7,N/A , N/A , N/A,8,stable,-0.7 ,-4.9, 4.1
"Cameron County, Pennsylvania(2)",42023,Rural,74 ,39.5, 134.5,N/A , N/A , N/A,3,stable,-0.4 ,-5.2, 4.4
"Guilford County, North Carolina(2)",37081,Urban,74 ,69.4, 78.8,N/A , N/A , N/A,208,falling,-1.7 ,-2.8, -0.7
"Hardin County, Texas(7)",48199,Urban,74 ,61.1, 88.9,N/A , N/A , N/A,25,falling,-3.5 ,-5.7, -1.2
"Switzerland County, Indiana(2)",18155,Rural,74 ,48.3, 110.3,N/A , N/A , N/A,6,stable,-2.4 ,-6.4, 1.7
"Elmore County, Alabama(2)",01051,Urban,74 ,63.4, 85.9,N/A , N/A , N/A,38,falling,-3.1 ,-4.8, -1.4
"Iredell County, North Carolina(2)",37097,Urban,73.9 ,66.7, 81.8,N/A , N/A , N/A,83,stable,-1.5 ,-3.8, 1.0
"Cecil County, Maryland(2)",24015,Urban,73.9 ,64.4, 84.5,N/A , N/A , N/A,48,stable,-1.1 ,-3.0, 1.1
"Butts County, Georgia(7)",13035,Urban,73.9 ,55.2, 97.4,N/A , N/A , N/A,11,falling,-4.1 ,-7.2, -0.9
"Washington County, Oklahoma(2)",40147,Rural,73.9 ,61.4, 88.4,N/A , N/A , N/A,25,falling,-16.9 ,-26.6, -6.7
"Dawson County, Montana(2)",30021,Rural,73.9 ,45.4, 114.8,N/A , N/A , N/A,4,*,*,*,*
"Tuscarawas County, Ohio(2)",39157,Rural,73.9 ,64.3, 84.6,N/A , N/A , N/A,45,stable,-0.8 ,-1.9, 0.2
"Charles City County, Virginia(2)",51036,Urban,73.9 ,44.5, 121.1,N/A , N/A , N/A,4,stable,-1.0 ,-5.7, 4.3
"Brunswick County, Virginia(2)",51025,Rural,73.8 ,54.1, 99.8,N/A , N/A , N/A,10,stable,-1.5 ,-5.1, 2.1
"Pender County, North Carolina(2)",37141,Urban,73.8 ,62.1, 87.3,N/A , N/A , N/A,31,stable,-1.1 ,-2.3, 0.2
"Rusk County, Texas(7)",48401,Urban,73.8 ,61, 88.6,N/A , N/A , N/A,25,falling,-1.8 ,-3.1, -0.4
"Sawyer County, Wisconsin(2)",55113,Rural,73.8 ,55.6, 97.7,N/A , N/A , N/A,13,stable,-0.9 ,-4.1, 2.5
"Garland County, Arkansas(2)",05051,Urban,73.8 ,65.5, 83.1,N/A , N/A , N/A,60,falling,-2.2 ,-3.1, -1.4
"Lauderdale County, Alabama(2)",01077,Urban,73.8 ,64.3, 84.4,N/A , N/A , N/A,46,falling,-2.6 ,-4.2, -1.2
"Lackawanna County, Pennsylvania(2)",42069,Urban,73.8 ,67.5, 80.5,N/A , N/A , N/A,109,falling,-1.4 ,-2.2, -0.5
"Concordia Parish, Louisiana(7)",22029,Rural,73.7 ,52.5, 101,N/A , N/A , N/A,8,stable,-2.2 ,-5.4, 1.1
"Vanderburgh County, Indiana(2)",18163,Urban,73.7 ,66.4, 81.6,N/A , N/A , N/A,79,falling,-10.9 ,-16.8, -4.8
"Henry County, Iowa(7)",19087,Rural,73.7 ,54.7, 97.7,N/A , N/A , N/A,10,stable,-1.3 ,-2.8, 0.3
"White County, Indiana(2)",18181,Rural,73.7 ,56.5, 95,N/A , N/A , N/A,13,falling,-3.4 ,-5.3, -1.6
"Orange County, Texas(7)",48361,Urban,73.6 ,62.9, 85.7,N/A , N/A , N/A,36,falling,-3.5 ,-5.1, -2.0
"Lafayette County, Florida(2)",12067,Rural,73.6 ,44.6, 116.2,N/A , N/A , N/A,4,stable,-1.9 ,-5.6, 2.0
"Andrew County, Missouri(2)",29003,Urban,73.6 ,53.8, 99.2,N/A , N/A , N/A,10,stable,0.6 ,-2.4, 4.2
"Trempealeau County, Wisconsin(2)",55121,Rural,73.6 ,57.5, 93.1,N/A , N/A , N/A,15,stable,1.0 ,-1.4, 3.6
"Montour County, Pennsylvania(2)",42093,Rural,73.6 ,53.6, 99.5,N/A , N/A , N/A,10,stable,0.1 ,-4.6, 5.3
"Atkinson County, Georgia(7)",13003,Rural,73.6 ,42.2, 120.9,N/A , N/A , N/A,3,stable,-0.9 ,-4.2, 2.8
"Fulton County, Indiana(2)",18049,Rural,73.5 ,54.6, 97.6,N/A , N/A , N/A,11,falling,-3.1 ,-6.2, -0.2
"Union County, Illinois(7)",17181,Rural,73.5 ,54.1, 98.8,N/A , N/A , N/A,10,falling,-10.6 ,-26.6, -3.3
"Weston County, Wyoming(2)",56045,Rural,73.5 ,43.7, 118.9,N/A , N/A , N/A,4,stable,0.6 ,-4.9, 7.1
"Barbour County, Alabama(2)",01005,Rural,73.5 ,56, 95.2,N/A , N/A , N/A,13,falling,-3.8 ,-5.5, -2.3
"Macomb County, Michigan(2)",26099,Urban,73.5 ,70.1, 76.9,N/A , N/A , N/A,391,falling,-2.1 ,-2.5, -1.6
"Henderson County, Kentucky(7)",21101,Rural,73.4 ,60, 89.3,N/A , N/A , N/A,22,falling,-9.4 ,-21.1, -4.2
"Lincoln County, Georgia(7)",13181,Urban,73.3 ,45, 116.5,N/A , N/A , N/A,4,stable,-1.7 ,-5.8, 2.5
"Kent County, Delaware(2)",10001,Urban,73.3 ,66.2, 81.1,N/A , N/A , N/A,81,falling,-2.3 ,-3.3, -1.3
"Newton County, Arkansas(2)",05101,Rural,73.3 ,47, 114,N/A , N/A , N/A,5,stable,-2.1 ,-5.1, 0.7
"Chippewa County, Minnesota(2)",27023,Rural,73.3 ,51.2, 103.3,N/A , N/A , N/A,7,stable,1.9 ,-1.1, 5.5
"Pamlico County, North Carolina(2)",37137,Rural,73.3 ,53.3, 101.7,N/A , N/A , N/A,9,stable,-2.3 ,-5.9, 1.5
"Racine County, Wisconsin(2)",55101,Urban,73.3 ,66.4, 80.8,N/A , N/A , N/A,89,stable,-1.0 ,-2.1, 0.1
"Jackson County, Iowa(7)",19097,Rural,73.3 ,55.2, 96.5,N/A , N/A , N/A,11,stable,0.2 ,-1.8, 9.3
"Calcasieu Parish, Louisiana(7)",22019,Urban,73.3 ,66.3, 80.8,N/A , N/A , N/A,85,falling,-2.6 ,-3.6, -1.5
"Jones County, Georgia(7)",13169,Urban,73.3 ,56.4, 94.2,N/A , N/A , N/A,14,falling,-6.0 ,-17.4, -2.3
"Boone County, Iowa(7)",19015,Urban,73.3 ,55.7, 95,N/A , N/A , N/A,13,falling,-1.7 ,-3.1, -0.5
"Woodford County, Kentucky(7)",21239,Urban,73.3 ,56.3, 94.3,N/A , N/A , N/A,14,falling,-3.0 ,-4.9, -0.9
"Strafford County, New Hampshire(2)",33017,Urban,73.2 ,64.3, 83,N/A , N/A , N/A,53,falling,-16.0 ,-21.6, -9.6
"Floyd County, Virginia(2)",51063,Urban,73.2 ,51.7, 101.8,N/A , N/A , N/A,9,stable,-0.1 ,-2.9, 3.0
"Washington County, Pennsylvania(2)",42125,Urban,73.2 ,67, 79.8,N/A , N/A , N/A,112,falling,-1.7 ,-2.5, -1.0
"Albany County, New York(7)",36001,Urban,73.1 ,67.6, 79.1,N/A , N/A , N/A,136,falling,-1.2 ,-1.9, -0.4
"Wise County, Texas(7)",48497,Urban,73.1 ,61, 86.9,N/A , N/A , N/A,29,falling,-14.1 ,-23.8, -1.8
"Love County, Oklahoma(2)",40085,Rural,73.1 ,48.4, 107.8,N/A , N/A , N/A,6,falling,-3.1 ,-6.1, -0.2
"Bay County, Michigan(2)",26017,Urban,73 ,64.4, 82.7,N/A , N/A , N/A,55,falling,-2.0 ,-3.0, -1.0
"Volusia County, Florida(2)",12127,Urban,73 ,69.5, 76.7,N/A , N/A , N/A,345,falling,-2.0 ,-2.9, -1.2
"Fall River County, South Dakota(2)",46047,Rural,73 ,47.9, 113.8,N/A , N/A , N/A,6,falling,-5.9 ,-9.0, -3.4
"Madison Parish, Louisiana(7)",22065,Rural,73 ,44.5, 113.9,N/A , N/A , N/A,4,falling,-2.9 ,-5.5, -0.3
"Manistee County, Michigan(2)",26101,Rural,73 ,58.1, 91.7,N/A , N/A , N/A,18,falling,-2.3 ,-4.2, -0.4
"Rock County, Wisconsin(2)",55105,Urban,73 ,65.5, 81.2,N/A , N/A , N/A,74,falling,-1.1 ,-1.9, -0.2
"Putnam County, West Virginia(2)",54079,Urban,73 ,61, 86.9,N/A , N/A , N/A,28,falling,-14.6 ,-24.5, -3.6
"Johnson County, Texas(7)",48251,Urban,72.9 ,65, 81.5,N/A , N/A , N/A,68,falling,-2.1 ,-3.1, -1.0
"Jefferson County, Pennsylvania(2)",42065,Rural,72.9 ,60.1, 88,N/A , N/A , N/A,24,falling,-3.6 ,-11.7, -0.9
"Nash County, North Carolina(2)",37127,Urban,72.8 ,63.2, 83.6,N/A , N/A , N/A,45,falling,-2.2 ,-3.4, -1.0
"Ashtabula County, Ohio(2)",39007,Urban,72.8 ,64, 82.7,N/A , N/A , N/A,52,stable,-1.2 ,-2.6, 0.3
"Jackson County, Missouri(2)",29095,Urban,72.8 ,68.9, 76.9,N/A , N/A , N/A,276,falling,-2.1 ,-2.8, -1.5
"LaGrange County, Indiana(2)",18087,Rural,72.8 ,56.9, 91.7,N/A , N/A , N/A,15,stable,-0.7 ,-3.9, 2.9
"Limestone County, Texas(7)",48293,Rural,72.7 ,55, 95.1,N/A , N/A , N/A,12,stable,-2.2 ,-4.6, 0.2
"Atlantic County, New Jersey(7)",34001,Urban,72.7 ,67, 78.8,N/A , N/A , N/A,128,stable,0.9 ,-2.5, 6.9
"Milwaukee County, Wisconsin(2)",55079,Urban,72.7 ,69.1, 76.4,N/A , N/A , N/A,331,falling,-6.3 ,-8.5, -3.5
"Mobile County, Alabama(2)",01097,Urban,72.7 ,67.8, 77.9,N/A , N/A , N/A,176,falling,-3.3 ,-8.7, -1.8
"Seneca County, Ohio(2)",39147,Rural,72.7 ,60.7, 86.6,N/A , N/A , N/A,28,stable,-1.5 ,-4.0, 0.9
"Jasper County, Texas(7)",48241,Rural,72.6 ,57.9, 90.5,N/A , N/A , N/A,18,stable,-1.7 ,-3.6, 0.4
"Miami County, Ohio(2)",39109,Urban,72.6 ,63.7, 82.5,N/A , N/A , N/A,51,stable,-0.8 ,-2.5, 1.1
"Montmorency County, Michigan(2)",26119,Rural,72.6 ,51.1, 105.7,N/A , N/A , N/A,8,stable,-0.3 ,-2.5, 1.9
"St. Bernard Parish, Louisiana(7)",22087,Urban,72.6 ,56.2, 92.2,N/A , N/A , N/A,15,falling,-2.7 ,-4.7, -1.0
"Polk County, Tennessee(2)",47139,Urban,72.6 ,52.9, 98.2,N/A , N/A , N/A,10,falling,-7.2 ,-25.2, -3.7
"Mills County, Iowa(7)",19129,Urban,72.6 ,50.1, 102.6,N/A , N/A , N/A,7,stable,-1.3 ,-3.3, 1.0
"Taney County, Missouri(2)",29213,Rural,72.5 ,61.1, 85.7,N/A , N/A , N/A,30,falling,-2.0 ,-3.6, -0.4
"Ida County, Iowa(7)",19093,Rural,72.4 ,42.1, 118.5,N/A , N/A , N/A,4,stable,-0.7 ,-3.1, 1.8
"Wetzel County, West Virginia(2)",54103,Rural,72.4 ,51.1, 100.8,N/A , N/A , N/A,8,falling,-4.8 ,-8.1, -2.1
"Tallapoosa County, Alabama(2)",01123,Rural,72.4 ,59.8, 87.3,N/A , N/A , N/A,25,falling,-2.0 ,-3.3, -0.7
"Pulaski County, Arkansas(2)",05119,Urban,72.3 ,67.1, 77.8,N/A , N/A , N/A,155,falling,-2.2 ,-2.8, -1.6
"Monroe County, Alabama(2)",01099,Rural,72.3 ,53.6, 96.5,N/A , N/A , N/A,11,falling,-3.5 ,-6.6, -0.7
"St. Lawrence County, New York(7)",36089,Rural,72.3 ,63.6, 82.1,N/A , N/A , N/A,52,falling,-2.6 ,-3.9, -1.3
"Wayne County, Michigan(2)",26163,Urban,72.3 ,69.8, 74.8,N/A , N/A , N/A,710,falling,-3.6 ,-4.8, -3.1
"Jasper County, Indiana(2)",18073,Urban,72.3 ,56.8, 90.9,N/A , N/A , N/A,16,falling,-4.3 ,-12.0, -2.4
"Vernon County, Missouri(2)",29217,Rural,72.2 ,52.4, 97.6,N/A , N/A , N/A,9,stable,-1.7 ,-4.9, 1.4
"Montgomery County, North Carolina(2)",37123,Rural,72.2 ,55.7, 92.7,N/A , N/A , N/A,14,falling,-4.1 ,-6.3, -2.0
"Chambers County, Texas(7)",48071,Urban,72.2 ,56, 91.5,N/A , N/A , N/A,16,falling,-3.0 ,-5.4, -0.3
"Hamilton County, Tennessee(2)",47065,Urban,72.2 ,67.2, 77.5,N/A , N/A , N/A,162,falling,-2.3 ,-3.3, -1.2
"Texas County, Missouri(2)",29215,Rural,72.2 ,55.7, 92.5,N/A , N/A , N/A,14,stable,-2.3 ,-5.3, 0.6
"Venango County, Pennsylvania(2)",42121,Rural,72.1 ,60.9, 85.3,N/A , N/A , N/A,31,falling,-3.0 ,-4.5, -1.6
"Hill County, Montana(2)",30041,Rural,72.1 ,48.3, 103.6,N/A , N/A , N/A,6,stable,-0.8 ,-4.7, 3.3
"Lamar County, Georgia(7)",13171,Rural,72.1 ,51.2, 99.2,N/A , N/A , N/A,8,stable,-2.1 ,-4.7, 0.7
"Richmond City, Virginia(2)",51760,Urban,72.1 ,64.6, 80.1,N/A , N/A , N/A,77,falling,-2.5 ,-3.6, -1.4
"Toombs County, Georgia(7)",13279,Rural,72 ,53.5, 95.1,N/A , N/A , N/A,11,falling,-3.9 ,-6.4, -1.6
"Moultrie County, Illinois(7)",17139,Rural,72 ,49.4, 102.2,N/A , N/A , N/A,7,stable,-0.3 ,-3.3, 3.0
"Cortland County, New York(7)",36023,Rural,71.9 ,58.3, 88.1,N/A , N/A , N/A,21,stable,-0.4 ,-2.5, 1.9
"Wayne County, New York(7)",36117,Urban,71.9 ,62.9, 82,N/A , N/A , N/A,49,stable,-0.8 ,-1.7, 0.2
"Hubbard County, Minnesota(2)",27057,Rural,71.9 ,55.9, 92.3,N/A , N/A , N/A,15,stable,1.3 ,-1.3, 4.4
"Wayne County, Illinois(7)",17191,Rural,71.9 ,52.7, 97.2,N/A , N/A , N/A,9,stable,-1.9 ,-4.1, 0.3
"Botetourt County, Virginia(2)",51023,Urban,71.9 ,57.5, 89.3,N/A , N/A , N/A,19,stable,-1.7 ,-4.4, 1.0
"Taylor County, Iowa(7)",19173,Rural,71.8 ,42.4, 118.4,N/A , N/A , N/A,4,*,*,*,*
"Delta County, Michigan(2)",26041,Rural,71.8 ,58.8, 87.5,N/A , N/A , N/A,23,stable,-0.6 ,-4.2, 3.1
"St. Clair County, Michigan(2)",26147,Urban,71.8 ,64.7, 79.6,N/A , N/A , N/A,80,falling,-1.9 ,-2.9, -1.0
"Sanilac County, Michigan(2)",26151,Rural,71.8 ,59.1, 87,N/A , N/A , N/A,24,stable,-0.8 ,-2.6, 1.1
"Brooks County, Georgia(7)",13027,Urban,71.8 ,52.2, 97.7,N/A , N/A , N/A,9,falling,-3.5 ,-6.0, -0.9
"Tuscaloosa County, Alabama(2)",01125,Urban,71.8 ,64.5, 79.7,N/A , N/A , N/A,79,falling,-3.6 ,-4.7, -2.6
"Edgar County, Illinois(7)",17045,Rural,71.8 ,52.5, 97.2,N/A , N/A , N/A,10,falling,-3.1 ,-4.8, -1.5
"Genesee County, New York(7)",36037,Rural,71.8 ,60.4, 85,N/A , N/A , N/A,30,falling,-2.3 ,-4.0, -0.5
"Turner County, South Dakota(2)",46125,Urban,71.8 ,44.5, 111.7,N/A , N/A , N/A,4,stable,0.2 ,-6.5, 7.8
"Johnson County, Tennessee(2)",47091,Rural,71.8 ,53.5, 95.5,N/A , N/A , N/A,11,stable,-13.6 ,-42.0, 1.7
"Sumner County, Tennessee(2)",47165,Urban,71.7 ,64.7, 79.4,N/A , N/A , N/A,81,falling,-3.1 ,-9.6, -1.3
"Gibson County, Indiana(2)",18051,Rural,71.7 ,55.8, 90.9,N/A , N/A , N/A,15,stable,-1.1 ,-3.4, 1.3
"Luzerne County, Pennsylvania(2)",42079,Urban,71.7 ,66.7, 77.1,N/A , N/A , N/A,157,falling,-1.9 ,-2.9, -1.0
"Madison County, Virginia(2)",51113,Rural,71.7 ,50.4, 100.6,N/A , N/A , N/A,8,stable,0.7 ,-1.5, 3.1
"Boundary County, Idaho(7)",16021,Rural,71.7 ,49.1, 102.7,N/A , N/A , N/A,7,stable,-0.9 ,-3.3, 2.2
"Hamilton County, Texas(7)",48193,Rural,71.7 ,47.1, 108.1,N/A , N/A , N/A,5,stable,-2.8 ,-6.0, 0.2
"Grundy County, Illinois(7)",17063,Urban,71.6 ,57.7, 88,N/A , N/A , N/A,20,falling,-1.5 ,-2.7, -0.2
"Parker County, Texas(7)",48367,Urban,71.6 ,63.6, 80.4,N/A , N/A , N/A,63,falling,-3.4 ,-4.5, -2.3
"Goliad County, Texas(7)",48175,Urban,71.6 ,44.4, 113.6,N/A , N/A , N/A,4,stable,-2.3 ,-5.0, 0.5
"Vernon County, Wisconsin(2)",55123,Urban,71.6 ,56.4, 90.2,N/A , N/A , N/A,16,stable,-0.9 ,-4.4, 2.7
"Doddridge County, West Virginia(2)",54017,Rural,71.6 ,45.6, 110.7,N/A , N/A , N/A,5,stable,0.5 ,-5.0, 8.0
"Bristol County, Massachusetts(2)",25005,Urban,71.6 ,67.5, 75.9,N/A , N/A , N/A,248,falling,-5.2 ,-9.2, -1.2
"Lapeer County, Michigan(2)",26087,Urban,71.6 ,62, 82.4,N/A , N/A , N/A,45,falling,-10.5 ,-15.8, -1.5
"Woods County, Oklahoma(2)",40151,Rural,71.6 ,42.3, 114.4,N/A , N/A , N/A,4,*,*,*,*
"Otoe County, Nebraska(2)",31131,Rural,71.6 ,51.2, 98.4,N/A , N/A , N/A,8,stable,-0.2 ,-3.7, 3.5
"Lincoln County, Nebraska(2)",31111,Rural,71.5 ,56.8, 89.3,N/A , N/A , N/A,17,stable,-1.0 ,-3.4, 1.4
"Catawba County, North Carolina(2)",37035,Urban,71.5 ,64.1, 79.7,N/A , N/A , N/A,72,falling,-2.0 ,-3.6, -0.4
"Scott County, Iowa(7)",19163,Urban,71.5 ,64.3, 79.4,N/A , N/A , N/A,76,falling,-1.8 ,-2.5, -1.1
"Fairfield County, Ohio(2)",39045,Urban,71.5 ,63.8, 79.9,N/A , N/A , N/A,66,falling,-3.5 ,-8.9, -2.0
"Onondaga County, New York(7)",36067,Urban,71.5 ,67, 76.2,N/A , N/A , N/A,204,falling,-1.9 ,-2.4, -1.3
"Marshall County, West Virginia(2)",54051,Urban,71.5 ,56.7, 89.5,N/A , N/A , N/A,17,stable,-1.5 ,-3.8, 0.8
"Richmond County, Virginia(2)",51159,Rural,71.4 ,45.5, 108.9,N/A , N/A , N/A,5,stable,-0.8 ,-5.2, 3.9
"Carroll County, Arkansas(2)",05015,Rural,71.4 ,56.2, 90.1,N/A , N/A , N/A,17,stable,-0.1 ,-2.7, 2.7
"Clay County, Minnesota(2)",27027,Urban,71.4 ,58.8, 85.9,N/A , N/A , N/A,23,stable,-0.2 ,-2.8, 2.8
"Putnam County, Georgia(7)",13237,Rural,71.4 ,54.3, 93.2,N/A , N/A , N/A,13,falling,-1.6 ,-2.7, -0.4
"Wayne County, Iowa(7)",19185,Rural,71.4 ,39.8, 120.6,N/A , N/A , N/A,3,stable,-0.2 ,-1.9, 1.6
"Hampton City, Virginia(2)",51650,Urban,71.3 ,62.7, 80.9,N/A , N/A , N/A,53,falling,-2.5 ,-3.7, -1.3
"Burke County, Georgia(7)",13033,Urban,71.3 ,52.4, 95.3,N/A , N/A , N/A,11,falling,-27.0 ,-45.2, -3.8
"Westmoreland County, Virginia(2)",51193,Rural,71.3 ,52.8, 95.5,N/A , N/A , N/A,11,falling,-2.9 ,-5.1, -0.8
"Greenlee County, Arizona(2)",04011,Rural,71.3 ,39.7, 117.1,N/A , N/A , N/A,3,*,*,*,*
"Jefferson County, West Virginia(2)",54037,Urban,71.2 ,58.8, 85.7,N/A , N/A , N/A,26,falling,-2.2 ,-3.6, -0.7
"Beaver County, Pennsylvania(2)",42007,Urban,71.2 ,64.5, 78.5,N/A , N/A , N/A,88,falling,-1.5 ,-2.7, -0.4
"Crawford County, Pennsylvania(2)",42039,Rural,71.2 ,62, 81.5,N/A , N/A , N/A,46,stable,-1.1 ,-2.4, 0.1
"Wilkes County, Georgia(7)",13317,Rural,71.1 ,47, 106.3,N/A , N/A , N/A,6,falling,-4.7 ,-7.6, -2.0
"Traill County, North Dakota(2)",38097,Rural,71.1 ,43.4, 112.2,N/A , N/A , N/A,4,*,*,*,*
"Stark County, Ohio(2)",39151,Urban,71.1 ,66.4, 76.1,N/A , N/A , N/A,178,falling,-1.7 ,-2.5, -1.0
"Moody County, South Dakota(2)",46101,Rural,71.1 ,39.8, 120,N/A , N/A , N/A,3,stable,-1.7 ,-5.8, 2.2
"Dallas County, Alabama(2)",01047,Rural,71.1 ,56, 89.2,N/A , N/A , N/A,17,stable,-2.0 ,-4.8, 0.6
"Douglas County, Georgia(7)",13097,Urban,71 ,61.2, 82,N/A , N/A , N/A,43,falling,-3.1 ,-4.5, -1.7
"Isabella County, Michigan(2)",26073,Rural,71 ,57.9, 86.3,N/A , N/A , N/A,23,stable,-2.2 ,-4.6, 0.2
"Miller County, Missouri(2)",29131,Rural,71 ,54, 92.2,N/A , N/A , N/A,12,falling,-3.5 ,-5.7, -1.4
"Grand Forks County, North Dakota(2)",38035,Urban,71 ,58.5, 85.3,N/A , N/A , N/A,24,stable,-1.3 ,-2.9, 0.4
"Huron County, Ohio(2)",39077,Rural,71 ,59, 84.9,N/A , N/A , N/A,26,falling,-1.9 ,-3.3, -0.5
"Warren County, North Carolina(2)",37185,Rural,71 ,53.6, 93.6,N/A , N/A , N/A,12,stable,-2.5 ,-5.8, 0.9
"Hamilton County, Florida(2)",12047,Rural,70.9 ,48.4, 101.2,N/A , N/A , N/A,7,stable,-2.3 ,-6.5, 2.5
"Polk County, Missouri(2)",29167,Urban,70.9 ,55.4, 89.8,N/A , N/A , N/A,15,falling,-2.5 ,-5.0, -0.1
"Ripley County, Indiana(2)",18137,Rural,70.9 ,54.7, 90.9,N/A , N/A , N/A,14,falling,-2.7 ,-4.1, -1.2
"Hampshire County, West Virginia(2)",54027,Urban,70.9 ,55.2, 90.7,N/A , N/A , N/A,15,stable,-2.4 ,-4.6, 0.0
"Armstrong County, Pennsylvania(2)",42005,Urban,70.9 ,60.6, 82.6,N/A , N/A , N/A,37,stable,-1.9 ,-4.3, 0.4
"Jefferson Davis Parish, Louisiana(7)",22053,Urban,70.9 ,55.3, 89.7,N/A , N/A , N/A,15,falling,-2.6 ,-4.5, -0.7
"Walker County, Texas(7)",48471,Rural,70.9 ,59.4, 83.9,N/A , N/A , N/A,30,stable,-2.2 ,-4.1, 6.5
"Marion County, Georgia(7)",13197,Urban,70.8 ,43.3, 113.1,N/A , N/A , N/A,4,*,*,*,*
"Carroll County, Virginia(2)",51035,Rural,70.8 ,57.2, 87.7,N/A , N/A , N/A,20,stable,-1.5 ,-3.7, 0.8
"Niagara County, New York(7)",36063,Urban,70.8 ,64.7, 77.4,N/A , N/A , N/A,106,falling,-4.5 ,-12.0, -1.8
"Palo Pinto County, Texas(7)",48363,Rural,70.8 ,55.2, 90,N/A , N/A , N/A,15,falling,-3.0 ,-5.0, -1.1
"McClain County, Oklahoma(2)",40087,Urban,70.8 ,56.2, 88.2,N/A , N/A , N/A,17,falling,-20.0 ,-31.6, -3.8
"Butler County, Ohio(2)",39017,Urban,70.8 ,65.6, 76.2,N/A , N/A , N/A,150,falling,-2.4 ,-3.2, -1.6
"Clay County, Tennessee(2)",47027,Rural,70.7 ,45, 110.4,N/A , N/A , N/A,5,stable,-1.7 ,-4.3, 1.0
"Braxton County, West Virginia(2)",54007,Rural,70.7 ,49.8, 99.7,N/A , N/A , N/A,8,falling,-2.5 ,-4.8, -0.3
"Windham County, Connecticut(7)",09015,Urban,70.7 ,62.1, 80.3,N/A , N/A , N/A,52,falling,-1.6 ,-2.3, -0.8
"Grundy County, Iowa(7)",19075,Urban,70.7 ,47.5, 102.5,N/A , N/A , N/A,6,stable,-0.9 ,-2.8, 0.9
"Irwin County, Georgia(7)",13155,Rural,70.7 ,43.9, 109.1,N/A , N/A , N/A,4,stable,-1.2 ,-3.9, 1.6
"Isanti County, Minnesota(2)",27059,Urban,70.7 ,56.3, 87.7,N/A , N/A , N/A,18,stable,0.1 ,-2.0, 2.7
"Crawford County, Indiana(2)",18025,Rural,70.6 ,47.9, 103.2,N/A , N/A , N/A,7,stable,-2.6 ,-7.0, 1.9
"Randolph County, West Virginia(2)",54083,Rural,70.6 ,55.3, 89.3,N/A , N/A , N/A,15,stable,-1.3 ,-3.6, 1.2
"Fredericksburg City, Virginia(2)",51630,Urban,70.6 ,49.6, 97.2,N/A , N/A , N/A,8,stable,-2.1 ,-5.4, 1.4
"Meeker County, Minnesota(2)",27093,Rural,70.6 ,54.1, 91.2,N/A , N/A , N/A,13,stable,-0.5 ,-3.5, 2.7
"Wilson County, Tennessee(2)",47189,Urban,70.6 ,62.5, 79.4,N/A , N/A , N/A,60,falling,-2.4 ,-3.7, -0.9
"Hillsdale County, Michigan(2)",26059,Rural,70.5 ,58, 85.3,N/A , N/A , N/A,24,stable,-0.5 ,-2.6, 1.7
"Southampton County, Virginia(2)",51175,Rural,70.5 ,51.6, 95.2,N/A , N/A , N/A,10,stable,-2.6 ,-5.7, 0.5
"Washita County, Oklahoma(2)",40149,Rural,70.5 ,44.7, 106.8,N/A , N/A , N/A,5,stable,-2.2 ,-6.7, 1.9
"Steuben County, Indiana(2)",18151,Rural,70.5 ,56.7, 87.1,N/A , N/A , N/A,19,stable,-0.6 ,-3.1, 2.3
"Johnson County, Illinois(7)",17087,Rural,70.4 ,49.2, 99,N/A , N/A , N/A,7,stable,-2.4 ,-5.0, 0.5
"Mifflin County, Pennsylvania(2)",42087,Rural,70.4 ,58, 85,N/A , N/A , N/A,24,falling,-4.1 ,-15.7, -1.0
"Glynn County, Georgia(7)",13127,Urban,70.4 ,60.9, 81.2,N/A , N/A , N/A,42,falling,-2.5 ,-3.3, -1.5
"Menominee County, Michigan(2)",26109,Rural,70.3 ,54.4, 90.5,N/A , N/A , N/A,15,stable,-0.7 ,-4.9, 3.8
"Greene County, Mississippi(2)",28041,Rural,70.3 ,45.3, 104.2,N/A , N/A , N/A,5,stable,-3.0 ,-6.4, 0.3
"Forsyth County, North Carolina(2)",37067,Urban,70.3 ,65.1, 75.7,N/A , N/A , N/A,146,falling,-2.3 ,-3.4, -1.1
"Logan County, Ohio(2)",39091,Rural,70.2 ,57.4, 85.3,N/A , N/A , N/A,23,falling,-2.4 ,-4.4, -0.5
"Rankin County, Mississippi(2)",28121,Urban,70.2 ,62.3, 78.9,N/A , N/A , N/A,60,falling,-3.1 ,-4.5, -1.8
"Genesee County, Michigan(2)",26049,Urban,70.2 ,65.5, 75.1,N/A , N/A , N/A,180,falling,-2.4 ,-3.0, -1.9
"Fairfield County, South Carolina(2)",45039,Urban,70.1 ,51.4, 94.4,N/A , N/A , N/A,11,stable,-1.8 ,-5.4, 1.8
"Greene County, Missouri(2)",29077,Urban,70.1 ,64.4, 76.2,N/A , N/A , N/A,117,stable,2.8 ,-2.6, 6.9
"Forest County, Wisconsin(2)",55041,Rural,70.1 ,47.7, 103.4,N/A , N/A , N/A,6,*,*,*,*
"Missaukee County, Michigan(2)",26113,Rural,70.1 ,49.9, 97,N/A , N/A , N/A,9,stable,-1.7 ,-5.6, 2.4
"Angelina County, Texas(7)",48005,Rural,70 ,60, 81.4,N/A , N/A , N/A,36,falling,-3.7 ,-4.8, -2.6
"Autauga County, Alabama(2)",01001,Urban,70 ,57.7, 84.3,N/A , N/A , N/A,24,falling,-3.0 ,-5.1, -0.7
"Gratiot County, Michigan(2)",26057,Rural,70 ,56.4, 86.1,N/A , N/A , N/A,19,stable,-0.1 ,-2.9, 2.8
"Winnebago County, Illinois(7)",17201,Urban,70 ,64.5, 75.9,N/A , N/A , N/A,126,falling,-2.1 ,-2.9, -1.2
"Washington County, Florida(2)",12133,Urban,70 ,53.4, 90.7,N/A , N/A , N/A,12,stable,-0.5 ,-2.7, 1.8
"Northampton County, Virginia(2)",51131,Rural,70 ,47.6, 101.6,N/A , N/A , N/A,7,stable,-2.8 ,-6.9, 0.7
"Henry County, Ohio(2)",39069,Rural,70 ,53.7, 90.1,N/A , N/A , N/A,13,stable,-0.3 ,-2.6, 2.3
"Cape Girardeau County, Missouri(2)",29031,Urban,69.9 ,59.4, 81.8,N/A , N/A , N/A,33,falling,-1.6 ,-2.9, -0.1
"Hamilton County, Ohio(2)",39061,Urban,69.9 ,66.3, 73.6,N/A , N/A , N/A,311,falling,-1.8 ,-2.8, -0.9
"Knox County, Nebraska(2)",31107,Rural,69.8 ,44.6, 107.6,N/A , N/A , N/A,5,stable,-2.6 ,-6.7, 1.0
"Van Buren County, Arkansas(2)",05141,Rural,69.8 ,51.8, 94.1,N/A , N/A , N/A,10,stable,-0.6 ,-3.3, 2.1
"Boone County, Arkansas(2)",05009,Rural,69.8 ,56.3, 86,N/A , N/A , N/A,19,falling,-2.2 ,-4.3, -0.2
"Hopkins County, Texas(7)",48223,Rural,69.8 ,55.5, 87,N/A , N/A , N/A,17,stable,-1.8 ,-3.6, 0.2
"Warren County, Mississippi(2)",28149,Rural,69.8 ,55.8, 86.4,N/A , N/A , N/A,19,falling,-2.9 ,-5.3, -0.5
"DeKalb County, Alabama(2)",01049,Rural,69.8 ,58.9, 82.2,N/A , N/A , N/A,31,falling,-2.2 ,-3.8, -0.5
"Lampasas County, Texas(7)",48281,Urban,69.7 ,52.2, 92,N/A , N/A , N/A,11,stable,-1.6 ,-4.2, 1.4
"Potter County, Pennsylvania(2)",42105,Rural,69.7 ,50.6, 95.1,N/A , N/A , N/A,10,stable,-3.2 ,-6.9, 0.5
"Madison County, Arkansas(2)",05087,Urban,69.7 ,49.7, 95.9,N/A , N/A , N/A,9,stable,-1.1 ,-6.1, 4.7
"Washington County, Tennessee(2)",47179,Urban,69.6 ,61.9, 78.2,N/A , N/A , N/A,61,falling,-2.8 ,-5.0, -1.8
"Noble County, Oklahoma(2)",40103,Rural,69.5 ,45.4, 103.5,N/A , N/A , N/A,5,stable,-1.8 ,-6.5, 2.5
"Cherokee County, North Carolina(2)",37039,Rural,69.5 ,56.4, 86.1,N/A , N/A , N/A,21,stable,-2.3 ,-4.9, 0.4
"Saginaw County, Michigan(2)",26145,Urban,69.5 ,63.1, 76.5,N/A , N/A , N/A,89,falling,-2.0 ,-2.9, -1.1
"Alfalfa County, Oklahoma(2)",40003,Rural,69.5 ,39.1, 117.9,N/A , N/A , N/A,3,stable,-1.6 ,-6.4, 3.0
"Polk County, Florida(2)",12105,Urban,69.5 ,66.3, 72.9,N/A , N/A , N/A,353,falling,-1.7 ,-2.3, -0.4
"Bay County, Florida(2)",12005,Urban,69.5 ,62.8, 76.8,N/A , N/A , N/A,83,falling,-2.7 ,-4.0, -1.4
"Cedar County, Missouri(2)",29039,Rural,69.4 ,49, 96.9,N/A , N/A , N/A,8,falling,-3.8 ,-6.9, -1.0
"Turner County, Georgia(7)",13287,Rural,69.4 ,39.8, 113.5,N/A , N/A , N/A,4,falling,-16.3 ,-37.9, -4.8
"Smith County, Texas(7)",48423,Urban,69.4 ,63.2, 76.1,N/A , N/A , N/A,94,falling,-8.7 ,-14.8, -2.2
"Habersham County, Georgia(7)",13137,Rural,69.4 ,56.6, 84.5,N/A , N/A , N/A,21,stable,-0.9 ,-3.1, 1.7
"Ohio County, West Virginia(2)",54069,Urban,69.4 ,56.2, 85.1,N/A , N/A , N/A,21,falling,-3.9 ,-5.9, -2.2
"Lexington County, South Carolina(2)",45063,Urban,69.4 ,63.8, 75.3,N/A , N/A , N/A,121,falling,-2.8 ,-3.7, -1.9
"Putnam County, Illinois(7)",17155,Rural,69.3 ,38.6, 120.2,N/A , N/A , N/A,3,stable,-1.6 ,-5.5, 2.8
"Monroe County, Pennsylvania(2)",42089,Rural,69.3 ,62.3, 77,N/A , N/A , N/A,79,falling,-2.2 ,-3.2, -1.2
"Grayson County, Texas(7)",48181,Urban,69.3 ,61.4, 78,N/A , N/A , N/A,60,falling,-3.0 ,-4.3, -1.8
"Henry County, Illinois(7)",17073,Urban,69.3 ,57.7, 82.9,N/A , N/A , N/A,26,stable,-1.3 ,-2.9, 0.4
"Floyd County, Indiana(2)",18043,Urban,69.3 ,58.6, 81.4,N/A , N/A , N/A,32,falling,-8.9 ,-21.3, -2.7
"Lamar County, Mississippi(2)",28073,Urban,69.2 ,56.8, 83.7,N/A , N/A , N/A,23,stable,3.2 ,-5.8, 17.0
"Crook County, Oregon(2)",41013,Urban,69.2 ,54.1, 88.1,N/A , N/A , N/A,16,stable,-1.6 ,-4.7, 1.8
"Lucas County, Ohio(2)",39095,Urban,69.2 ,64.5, 74.1,N/A , N/A , N/A,176,falling,-2.1 ,-2.6, -1.7
"St. Joseph County, Indiana(2)",18141,Urban,69.2 ,63.2, 75.5,N/A , N/A , N/A,107,falling,-2.1 ,-3.1, -1.2
"Madison County, Florida(2)",12079,Rural,69.2 ,50.8, 93,N/A , N/A , N/A,10,stable,-2.4 ,-6.1, 1.2
"Summit County, Ohio(2)",39153,Urban,69.1 ,65.1, 73.3,N/A , N/A , N/A,238,falling,-2.0 ,-2.8, -1.2
"Grady County, Georgia(7)",13131,Rural,69.1 ,52.2, 90.3,N/A , N/A , N/A,12,falling,-2.3 ,-3.7, -0.7
"Schoharie County, New York(7)",36095,Urban,69.1 ,54.4, 87.2,N/A , N/A , N/A,17,falling,-2.4 ,-4.2, -0.6
"Dorchester County, Maryland(2)",24019,Rural,69.1 ,54.9, 86.5,N/A , N/A , N/A,17,falling,-4.3 ,-6.4, -2.4
"Leon County, Texas(7)",48289,Rural,69.1 ,50.6, 93.7,N/A , N/A , N/A,10,falling,-3.5 ,-6.2, -0.9
"Richland County, Illinois(7)",17159,Rural,69.1 ,49, 95.6,N/A , N/A , N/A,8,stable,-1.8 ,-4.6, 1.0
"Mecosta County, Michigan(2)",26107,Rural,69.1 ,55.3, 85.6,N/A , N/A , N/A,20,stable,-1.4 ,-4.3, 1.6
"Staunton City, Virginia(2)",51790,Urban,69 ,52.2, 90.1,N/A , N/A , N/A,12,stable,-1.9 ,-4.5, 0.6
"Orange County, Virginia(2)",51137,Rural,69 ,55.2, 85.7,N/A , N/A , N/A,18,stable,-0.1 ,-2.9, 3.1
"Lawrence County, Pennsylvania(2)",42073,Urban,68.9 ,59.8, 79.2,N/A , N/A , N/A,44,falling,-2.1 ,-4.0, -0.2
"Lafayette Parish, Louisiana(7)",22055,Urban,68.9 ,62.1, 76.3,N/A , N/A , N/A,81,falling,-3.2 ,-4.4, -2.0
"Brunswick County, North Carolina(2)",37019,Urban,68.9 ,62.3, 76.2,N/A , N/A , N/A,99,falling,-2.1 ,-3.4, -0.5
"Russell County, Virginia(2)",51167,Rural,68.8 ,52.9, 88.9,N/A , N/A , N/A,14,falling,-4.0 ,-6.7, -1.5
"Boone County, Missouri(2)",29019,Urban,68.8 ,60.9, 77.5,N/A , N/A , N/A,59,falling,-2.0 ,-3.5, -0.4
"Green Lake County, Wisconsin(2)",55047,Rural,68.8 ,51, 91.9,N/A , N/A , N/A,11,stable,0.0 ,-2.5, 2.6
"Branch County, Michigan(2)",26023,Rural,68.8 ,55.7, 84.3,N/A , N/A , N/A,21,falling,-2.4 ,-4.3, -0.5
"Hamilton County, Illinois(7)",17065,Rural,68.8 ,41.4, 110.2,N/A , N/A , N/A,4,stable,-1.3 ,-4.9, 2.3
"Nolan County, Texas(7)",48353,Rural,68.8 ,46.6, 98.7,N/A , N/A , N/A,6,falling,-3.0 ,-5.4, -0.8
"Clinton County, Pennsylvania(2)",42035,Rural,68.8 ,54.9, 85.4,N/A , N/A , N/A,18,stable,-0.6 ,-3.3, 2.1
"Tippecanoe County, Indiana(2)",18157,Urban,68.7 ,60.5, 77.7,N/A , N/A , N/A,53,falling,-2.8 ,-4.2, -1.5
"Crawford County, Illinois(7)",17033,Rural,68.7 ,49.2, 94,N/A , N/A , N/A,9,stable,-0.1 ,-4.2, 4.2
"Nicholas County, Kentucky(7)",21181,Rural,68.7 ,39.4, 113.1,N/A , N/A , N/A,3,stable,-1.2 ,-5.9, 4.0
"Lee County, Virginia(2)",51105,Rural,68.7 ,52.3, 89.4,N/A , N/A , N/A,12,falling,-5.3 ,-8.3, -2.7
"Haywood County, North Carolina(2)",37087,Rural,68.6 ,58.6, 80.1,N/A , N/A , N/A,36,stable,-1.1 ,-3.6, 1.4
"Portage County, Ohio(2)",39133,Urban,68.6 ,61.3, 76.6,N/A , N/A , N/A,70,falling,-2.3 ,-3.2, -1.4
"Elkhart County, Indiana(2)",18039,Urban,68.6 ,61.7, 75.9,N/A , N/A , N/A,77,falling,-1.7 ,-2.8, -0.6
"Atchison County, Missouri(2)",29005,Rural,68.5 ,38.4, 119.5,N/A , N/A , N/A,3,stable,-1.2 ,-5.1, 2.8
"Worth County, Iowa(7)",19195,Rural,68.5 ,40.4, 111.3,N/A , N/A , N/A,4,stable,-2.1 ,-4.7, 0.1
"Champaign County, Ohio(2)",39021,Rural,68.5 ,54.8, 84.9,N/A , N/A , N/A,18,stable,-1.2 ,-3.5, 1.3
"Franklin County, Ohio(2)",39049,Urban,68.4 ,65.3, 71.7,N/A , N/A , N/A,400,falling,-2.3 ,-2.8, -1.9
"Chautauqua County, New York(7)",36013,Rural,68.4 ,60.9, 76.8,N/A , N/A , N/A,64,stable,-1.1 ,-2.3, 0.2
"Delaware County, Oklahoma(2)",40041,Rural,68.4 ,56.9, 82.3,N/A , N/A , N/A,26,falling,-2.4 ,-4.2, -0.5
"Frio County, Texas(7)",48163,Rural,68.4 ,44.1, 100.8,N/A , N/A , N/A,5,stable,-1.0 ,-4.6, 2.8
"Grant County, Minnesota(2)",27051,Rural,68.3 ,40.3, 113.3,N/A , N/A , N/A,4,*,*,*,*
"Porter County, Indiana(2)",18127,Urban,68.3 ,61.1, 76.2,N/A , N/A , N/A,72,falling,-3.7 ,-11.0, -2.2
"Sherburne County, Minnesota(2)",27141,Urban,68.3 ,57.3, 80.7,N/A , N/A , N/A,31,stable,0.6 ,-1.2, 3.0
"Oconee County, South Carolina(2)",45073,Rural,68.3 ,59.2, 78.6,N/A , N/A , N/A,45,falling,-3.7 ,-14.9, -1.5
"Caldwell County, Missouri(2)",29025,Urban,68.3 ,41.6, 107.3,N/A , N/A , N/A,4,stable,-3.5 ,-7.9, 0.7
"Wayne County, Pennsylvania(2)",42127,Rural,68.2 ,57.6, 80.8,N/A , N/A , N/A,31,stable,-0.9 ,-2.7, 1.0
"Ouachita Parish, Louisiana(7)",22073,Urban,68.2 ,60.3, 77,N/A , N/A , N/A,57,falling,-7.1 ,-14.9, -3.2
"Lawrence County, Missouri(2)",29109,Rural,68.2 ,54.5, 84.7,N/A , N/A , N/A,17,falling,-2.9 ,-5.3, -0.6
"Elmore County, Idaho(7)",16039,Rural,68.2 ,50.3, 90.5,N/A , N/A , N/A,10,stable,-2.9 ,-5.9, 0.6
"Greene County, Virginia(2)",51079,Urban,68.1 ,49.3, 92.5,N/A , N/A , N/A,9,stable,-2.5 ,-6.0, 1.4
"Waldo County, Maine(2)",23027,Rural,68.1 ,55.4, 83.4,N/A , N/A , N/A,22,stable,-1.3 ,-3.9, 1.4
"Polk County, Minnesota(2)",27119,Urban,68.1 ,52.4, 87.3,N/A , N/A , N/A,14,stable,-0.6 ,-4.3, 3.2
"Chambers County, Alabama(2)",01017,Rural,68.1 ,53.7, 85.6,N/A , N/A , N/A,16,falling,-2.7 ,-4.7, -0.8
"Fayette County, Tennessee(2)",47047,Urban,68.1 ,55.3, 83.4,N/A , N/A , N/A,22,stable,-0.5 ,-2.6, 1.9
"Jenkins County, Georgia(7)",13165,Rural,68.1 ,40, 109.9,N/A , N/A , N/A,4,*,*,*,*
"Craig County, Oklahoma(2)",40035,Rural,68.1 ,46.1, 97.8,N/A , N/A , N/A,6,falling,-2.6 ,-5.2, -0.1
"Carroll County, Missouri(2)",29033,Rural,68 ,42, 106.7,N/A , N/A , N/A,4,falling,-9.1 ,-25.2, -4.8
"Adams County, Mississippi(2)",28001,Rural,68 ,52.2, 87.4,N/A , N/A , N/A,14,falling,-2.5 ,-4.6, -0.5
"Grant County, West Virginia(2)",54023,Rural,68 ,46, 99.2,N/A , N/A , N/A,6,*,*,*,*
"Brevard County, Florida(2)",12009,Urban,67.9 ,64.7, 71.4,N/A , N/A , N/A,344,falling,-2.3 ,-2.7, -1.9
"Osceola County, Michigan(2)",26133,Rural,67.9 ,51.6, 88.6,N/A , N/A , N/A,13,stable,-2.1 ,-5.3, 1.2
"Polk County, Iowa(7)",19153,Urban,67.9 ,63.1, 73,N/A , N/A , N/A,161,falling,-1.7 ,-2.2, -1.2
"Hardee County, Florida(2)",12049,Rural,67.9 ,51.1, 88.8,N/A , N/A , N/A,11,stable,-0.6 ,-2.9, 1.9
"Garfield County, Oklahoma(2)",40047,Urban,67.9 ,56.1, 81.6,N/A , N/A , N/A,24,stable,-1.3 ,-4.3, 1.6
"Dubois County, Indiana(2)",18037,Rural,67.9 ,54.4, 83.9,N/A , N/A , N/A,19,stable,-1.1 ,-2.9, 0.8
"Clinton County, Illinois(7)",17027,Urban,67.9 ,53.7, 84.9,N/A , N/A , N/A,17,falling,-2.2 ,-3.8, -0.4
"Herkimer County, New York(7)",36043,Urban,67.9 ,57.3, 80.1,N/A , N/A , N/A,31,stable,-1.4 ,-2.9, 0.2
"Choctaw County, Mississippi(2)",28019,Rural,67.8 ,41.5, 107.4,N/A , N/A , N/A,4,*,*,*,*
"Rutherford County, Tennessee(2)",47149,Urban,67.8 ,61.3, 74.8,N/A , N/A , N/A,91,falling,-2.0 ,-2.8, -1.1
"Wayne County, Ohio(2)",39169,Rural,67.8 ,59.6, 76.9,N/A , N/A , N/A,52,falling,-2.3 ,-3.8, -0.7
"Lamoille County, Vermont(2)",50015,Rural,67.8 ,51.9, 87.7,N/A , N/A , N/A,13,stable,-2.1 ,-4.8, 1.2
"Telfair County, Georgia(7)",13271,Rural,67.8 ,45.4, 98.6,N/A , N/A , N/A,6,stable,-2.1 ,-4.7, 0.6
"Gulf County, Florida(2)",12045,Rural,67.8 ,49, 93,N/A , N/A , N/A,9,falling,-5.0 ,-18.2, -1.7
"La Paz County, Arizona(2)",04012,Rural,67.8 ,51.7, 90.2,N/A , N/A , N/A,16,stable,-0.1 ,-1.6, 1.4
"Jefferson County, Alabama(2)",01073,Urban,67.7 ,63.9, 71.8,N/A , N/A , N/A,245,falling,-2.5 ,-3.1, -1.9
"Walton County, Florida(2)",12131,Urban,67.7 ,58, 78.8,N/A , N/A , N/A,38,falling,-2.7 ,-4.6, -0.7
"Mercer County, Pennsylvania(2)",42085,Rural,67.7 ,59.8, 76.5,N/A , N/A , N/A,57,stable,-1.1 ,-2.4, 0.1
"Bradford County, Pennsylvania(2)",42015,Rural,67.7 ,57.4, 79.6,N/A , N/A , N/A,32,falling,-2.1 ,-3.7, -0.6
"Madison County, New York(7)",36053,Urban,67.7 ,57.3, 79.6,N/A , N/A , N/A,32,falling,-2.2 ,-3.5, -0.7
"Sauk County, Wisconsin(2)",55111,Rural,67.6 ,56.8, 80,N/A , N/A , N/A,29,stable,-0.1 ,-2.5, 2.5
"Pickens County, South Carolina(2)",45077,Urban,67.6 ,59.5, 76.6,N/A , N/A , N/A,53,falling,-2.6 ,-3.8, -1.4
"Lorain County, Ohio(2)",39093,Urban,67.6 ,62.5, 72.9,N/A , N/A , N/A,141,falling,-2.4 ,-3.1, -1.7
"Transylvania County, North Carolina(2)",37175,Rural,67.6 ,55.5, 82.6,N/A , N/A , N/A,23,stable,-0.7 ,-3.4, 2.3
"Daviess County, Indiana(2)",18027,Rural,67.6 ,51.4, 87.3,N/A , N/A , N/A,13,stable,-1.4 ,-3.8, 1.0
"Bedford County, Pennsylvania(2)",42009,Rural,67.6 ,56, 81.2,N/A , N/A , N/A,26,stable,-0.9 ,-3.3, 1.5
"Washington County, Maryland(2)",24043,Urban,67.6 ,60.4, 75.4,N/A , N/A , N/A,67,falling,-2.0 ,-3.3, -0.8
"Bulloch County, Georgia(7)",13031,Rural,67.5 ,55.5, 81.4,N/A , N/A , N/A,24,stable,-1.8 ,-3.6, 0.2
"Jones County, Texas(7)",48253,Urban,67.5 ,48, 92.7,N/A , N/A , N/A,8,stable,-2.0 ,-4.7, 0.7
"Juneau County, Wisconsin(2)",55057,Rural,67.5 ,52.5, 86.1,N/A , N/A , N/A,15,stable,-2.4 ,-4.9, 0.1
"Piatt County, Illinois(7)",17147,Urban,67.5 ,47.4, 94,N/A , N/A , N/A,8,stable,-2.0 ,-4.4, 0.5
"Tioga County, New York(7)",36107,Urban,67.5 ,56, 80.9,N/A , N/A , N/A,25,stable,-1.1 ,-2.9, 0.7
"Unicoi County, Tennessee(2)",47171,Urban,67.4 ,49.3, 91.4,N/A , N/A , N/A,9,stable,-1.8 ,-4.0, 0.4
"Cherokee County, Alabama(2)",01019,Rural,67.4 ,52.3, 86.5,N/A , N/A , N/A,14,falling,-3.0 ,-5.7, -0.3
"Spotsylvania County, Virginia(2)",51177,Urban,67.4 ,59, 76.7,N/A , N/A , N/A,50,falling,-2.2 ,-3.6, -0.7
"Snyder County, Pennsylvania(2)",42109,Rural,67.4 ,54.2, 83.1,N/A , N/A , N/A,19,falling,-2.5 ,-4.9, -0.2
"Cape May County, New Jersey(7)",34009,Urban,67.3 ,59.2, 76.4,N/A , N/A , N/A,57,falling,-5.2 ,-9.4, -3.2
"Cuyahoga County, Ohio(2)",39035,Urban,67.3 ,64.7, 70,N/A , N/A , N/A,528,falling,-2.5 ,-5.2, -2.0
"DeKalb County, Illinois(7)",17037,Urban,67.3 ,56.7, 79.2,N/A , N/A , N/A,31,stable,-0.8 ,-2.4, 1.0
"Beauregard Parish, Louisiana(7)",22011,Rural,67.3 ,52.3, 85.4,N/A , N/A , N/A,14,falling,-2.2 ,-4.0, -0.3
"Lehigh County, Pennsylvania(2)",42077,Urban,67.2 ,62.4, 72.4,N/A , N/A , N/A,149,falling,-1.8 ,-2.5, -1.0
"Phelps County, Missouri(2)",29161,Rural,67.2 ,54, 82.8,N/A , N/A , N/A,19,falling,-2.2 ,-4.1, -0.3
"Washington County, Illinois(7)",17189,Rural,67.1 ,46.8, 94.8,N/A , N/A , N/A,7,stable,-2.3 ,-4.9, 0.3
"Coahoma County, Mississippi(2)",28027,Rural,67.1 ,47, 93.3,N/A , N/A , N/A,8,stable,-2.9 ,-6.8, 0.7
"Cumberland County, Illinois(7)",17035,Rural,67.1 ,43.4, 100.9,N/A , N/A , N/A,5,stable,-2.1 ,-5.2, 1.0
"York County, Maine(2)",23031,Urban,67 ,61.2, 73.3,N/A , N/A , N/A,106,falling,-5.8 ,-11.4, -2.2
"Louisa County, Virginia(2)",51109,Rural,67 ,54.3, 82.3,N/A , N/A , N/A,21,falling,-3.3 ,-5.0, -1.6
"Suffolk City, Virginia(2)",51800,Urban,67 ,56.9, 78.3,N/A , N/A , N/A,34,falling,-1.9 ,-3.3, -0.3
"Shelby County, Texas(7)",48419,Rural,66.9 ,50.3, 88,N/A , N/A , N/A,11,stable,-1.6 ,-3.7, 0.4
"Charlton County, Georgia(7)",13049,Rural,66.9 ,42.6, 100.8,N/A , N/A , N/A,5,stable,-0.9 ,-4.3, 3.4
"Kiowa County, Oklahoma(2)",40075,Rural,66.9 ,40.5, 106.3,N/A , N/A , N/A,4,stable,-2.8 ,-6.3, 0.3
"Pasquotank County, North Carolina(2)",37139,Rural,66.9 ,52.9, 83.6,N/A , N/A , N/A,17,stable,-1.7 ,-4.4, 1.1
"Philadelphia County, Pennsylvania(2)",42101,Urban,66.9 ,64.2, 69.6,N/A , N/A , N/A,502,falling,-5.7 ,-10.0, -3.4
"Ocean County, New Jersey(7)",34029,Urban,66.9 ,63.5, 70.3,N/A , N/A , N/A,309,falling,-1.8 ,-2.3, -1.3
"Wyoming County, New York(7)",36121,Rural,66.8 ,54, 82,N/A , N/A , N/A,20,stable,-2.0 ,-4.3, 0.5
"Guthrie County, Iowa(7)",19077,Urban,66.7 ,44, 99.3,N/A , N/A , N/A,6,stable,-0.8 ,-3.1, 1.6
"Tama County, Iowa(7)",19171,Rural,66.7 ,47.8, 91.6,N/A , N/A , N/A,8,stable,-0.4 ,-2.0, 1.4
"Hampton County, South Carolina(2)",45049,Rural,66.7 ,48.1, 90.9,N/A , N/A , N/A,9,falling,-5.5 ,-9.5, -2.0
"Oneida County, Wisconsin(2)",55085,Rural,66.7 ,54.9, 81,N/A , N/A , N/A,25,falling,-2.2 ,-4.2, -0.4
"Hampden County, Massachusetts(2)",25013,Urban,66.7 ,62.3, 71.3,N/A , N/A , N/A,187,falling,-1.1 ,-1.9, -0.3
"Cass County, North Dakota(2)",38017,Urban,66.7 ,58.6, 75.4,N/A , N/A , N/A,54,stable,-1.0 ,-2.3, 0.4
"Blaine County, Oklahoma(2)",40011,Rural,66.7 ,39.3, 107.1,N/A , N/A , N/A,4,stable,-2.1 ,-6.6, 1.6
"Jefferson Parish, Louisiana(7)",22051,Urban,66.6 ,62.2, 71.4,N/A , N/A , N/A,177,falling,-2.7 ,-3.3, -2.2
"Ionia County, Michigan(2)",26067,Urban,66.6 ,55.2, 79.8,N/A , N/A , N/A,26,falling,-6.3 ,-21.7, -1.1
"Steuben County, New York(7)",36101,Rural,66.6 ,58, 76.2,N/A , N/A , N/A,46,falling,-3.6 ,-7.5, -2.3
"O'Brien County, Iowa(7)",19141,Rural,66.5 ,45.8, 94.5,N/A , N/A , N/A,7,stable,0.7 ,-1.3, 2.9
"Erie County, New York(7)",36029,Urban,66.5 ,63.5, 69.6,N/A , N/A , N/A,393,falling,-3.2 ,-4.5, -2.4
"Mahoning County, Ohio(2)",39099,Urban,66.5 ,60.9, 72.6,N/A , N/A , N/A,109,falling,-2.3 ,-4.0, -0.8
"Harrison County, Iowa(7)",19085,Urban,66.5 ,45.7, 94.6,N/A , N/A , N/A,7,stable,-1.3 ,-3.1, 0.6
"Union County, North Carolina(2)",37179,Urban,66.4 ,59.7, 73.7,N/A , N/A , N/A,78,falling,-2.5 ,-3.6, -1.2
"Tuscola County, Michigan(2)",26157,Rural,66.4 ,55.5, 79.1,N/A , N/A , N/A,28,stable,-1.3 ,-3.8, 1.2
"Lafayette County, Mississippi(2)",28071,Rural,66.4 ,51.5, 84.1,N/A , N/A , N/A,16,falling,-2.2 ,-4.2, -0.3
"Franklin County, Iowa(7)",19069,Rural,66.4 ,42.3, 100.9,N/A , N/A , N/A,5,stable,-1.5 ,-3.6, 0.6
"Kaufman County, Texas(7)",48257,Urban,66.4 ,56.7, 77.1,N/A , N/A , N/A,40,falling,-3.2 ,-4.2, -2.2
"Sullivan County, Pennsylvania(2)",42113,Rural,66.4 ,40.4, 113.3,N/A , N/A , N/A,4,stable,0.3 ,-2.7, 3.3
"Campbell County, Virginia(2)",51031,Urban,66.4 ,55.1, 79.5,N/A , N/A , N/A,26,falling,-3.5 ,-6.2, -0.9
"Barton County, Missouri(2)",29011,Rural,66.2 ,43.1, 98.8,N/A , N/A , N/A,5,stable,-2.5 ,-6.8, 1.9
"Boone County, Illinois(7)",17007,Urban,66.2 ,54.1, 80.5,N/A , N/A , N/A,22,stable,-1.1 ,-2.1, 0.1
"Josephine County, Oregon(2)",41033,Urban,66.2 ,58.1, 75.5,N/A , N/A , N/A,51,falling,-2.1 ,-3.1, -1.1
"Pointe Coupee Parish, Louisiana(7)",22077,Urban,66.2 ,48.7, 88.8,N/A , N/A , N/A,10,falling,-4.7 ,-7.1, -2.5
"Amite County, Mississippi(2)",28005,Rural,66.2 ,46.1, 94.5,N/A , N/A , N/A,7,stable,-2.4 ,-5.3, 0.6
"Eastland County, Texas(7)",48133,Rural,66.2 ,48.1, 90,N/A , N/A , N/A,9,stable,-2.6 ,-5.4, 0.1
"Chenango County, New York(7)",36017,Rural,66.2 ,54.9, 79.5,N/A , N/A , N/A,25,stable,-1.4 ,-3.3, 0.6
"Lowndes County, Georgia(7)",13185,Urban,66.2 ,56.4, 77.1,N/A , N/A , N/A,35,falling,-3.9 ,-5.3, -2.4
"St. Louis County, Minnesota(2)",27137,Urban,66.2 ,60.1, 72.7,N/A , N/A , N/A,96,falling,-1.1 ,-2.0, -0.1
"Oldham County, Kentucky(7)",21185,Urban,66.1 ,54.3, 79.9,N/A , N/A , N/A,24,falling,-5.0 ,-6.6, -3.2
"Stephens County, Oklahoma(2)",40137,Rural,66.1 ,53.6, 81,N/A , N/A , N/A,20,falling,-3.8 ,-5.2, -2.5
"Monroe County, New York(7)",36055,Urban,66.1 ,62.7, 69.6,N/A , N/A , N/A,304,falling,-1.1 ,-1.4, -0.8
"Berrien County, Michigan(2)",26021,Urban,66.1 ,59.3, 73.5,N/A , N/A , N/A,73,falling,-1.8 ,-3.2, -0.4
"Gloucester County, New Jersey(7)",34015,Urban,66.1 ,60.5, 72.1,N/A , N/A , N/A,111,falling,-4.6 ,-7.4, -0.1
"Auglaize County, Ohio(2)",39011,Rural,66.1 ,53.5, 80.9,N/A , N/A , N/A,20,falling,-3.0 ,-5.5, -0.6
"Dorchester County, South Carolina(2)",45035,Urban,66 ,58.2, 74.7,N/A , N/A , N/A,56,falling,-3.3 ,-4.5, -2.1
"Wright County, Iowa(7)",19197,Rural,66 ,44.2, 96,N/A , N/A , N/A,6,falling,-2.3 ,-3.9, -0.8
"Shelby County, Tennessee(2)",47157,Urban,66 ,62.5, 69.7,N/A , N/A , N/A,292,falling,-2.0 ,-3.0, -1.4
"Saluda County, South Carolina(2)",45081,Urban,66 ,48.2, 89.1,N/A , N/A , N/A,9,stable,-0.9 ,-3.6, 2.0
"Caledonia County, Vermont(2)",50005,Rural,66 ,51.3, 84.2,N/A , N/A , N/A,16,stable,5.8 ,-3.6, 19.5
"Gilmer County, Georgia(7)",13123,Rural,66 ,53.2, 81.7,N/A , N/A , N/A,20,stable,-0.9 ,-3.4, 2.4
"St. Tammany Parish, Louisiana(7)",22103,Urban,65.9 ,60.2, 72.1,N/A , N/A , N/A,106,falling,-2.5 ,-3.2, -1.7
"Nelson County, Virginia(2)",51125,Urban,65.9 ,47.4, 91.6,N/A , N/A , N/A,9,stable,-2.9 ,-6.8, 0.9
"Sevier County, Arkansas(2)",05133,Rural,65.9 ,43, 96.6,N/A , N/A , N/A,6,stable,-2.9 ,-6.8, 0.9
"Houston County, Alabama(2)",01069,Urban,65.9 ,57.2, 75.5,N/A , N/A , N/A,44,falling,-3.1 ,-4.7, -1.5
"York County, South Carolina(2)",45091,Urban,65.8 ,59.8, 72.3,N/A , N/A , N/A,97,falling,-3.1 ,-4.1, -2.1
"Sussex County, Delaware(2)",10005,Rural,65.8 ,60.8, 71.2,N/A , N/A , N/A,148,falling,-2.9 ,-4.2, -1.7
"Rapides Parish, Louisiana(7)",22079,Urban,65.8 ,57.6, 74.9,N/A , N/A , N/A,50,falling,-2.8 ,-4.1, -1.6
"Lebanon County, Pennsylvania(2)",42075,Urban,65.8 ,58.6, 73.7,N/A , N/A , N/A,63,stable,-1.2 ,-2.6, 0.1
"Walton County, Georgia(7)",13297,Urban,65.7 ,56.3, 76.4,N/A , N/A , N/A,37,falling,-6.4 ,-15.7, -2.2
"Archer County, Texas(7)",48009,Urban,65.7 ,41.3, 102.3,N/A , N/A , N/A,5,stable,0.1 ,-4.4, 5.7
"Okaloosa County, Florida(2)",12091,Urban,65.7 ,59.2, 72.8,N/A , N/A , N/A,79,falling,-2.7 ,-3.7, -1.7
"Orangeburg County, South Carolina(2)",45075,Rural,65.7 ,56.2, 76.5,N/A , N/A , N/A,36,falling,-2.3 ,-3.9, -0.6
"Adair County, Iowa(7)",19001,Rural,65.7 ,37.1, 109.4,N/A , N/A , N/A,3,stable,0.6 ,-2.2, 3.7
"Rock Island County, Illinois(7)",17161,Urban,65.7 ,58.5, 73.6,N/A , N/A , N/A,64,falling,-2.1 ,-3.1, -1.1
"Moore County, North Carolina(2)",37125,Urban,65.7 ,57.6, 74.7,N/A , N/A , N/A,51,falling,-2.3 ,-3.9, -0.8
"Fillmore County, Nebraska(2)",31059,Rural,65.7 ,37.1, 113.2,N/A , N/A , N/A,3,stable,-1.2 ,-5.5, 3.0
"Lyon County, Kentucky(7)",21143,Rural,65.6 ,42.5, 101,N/A , N/A , N/A,5,falling,-4.0 ,-7.2, -0.9
"Williamsburg County, South Carolina(2)",45089,Rural,65.6 ,50.2, 84.7,N/A , N/A , N/A,14,stable,-2.3 ,-4.9, 0.3
"Benton County, Iowa(7)",19011,Urban,65.6 ,49.8, 85.4,N/A , N/A , N/A,12,falling,-1.3 ,-2.4, -0.2
"Giles County, Virginia(2)",51071,Urban,65.6 ,46.6, 91,N/A , N/A , N/A,8,stable,-2.4 ,-5.3, 0.6
"Jefferson County, Montana(2)",30043,Urban,65.6 ,44.1, 96,N/A , N/A , N/A,7,stable,-3.1 ,-8.7, 3.1
"Linn County, Iowa(7)",19113,Urban,65.6 ,59.4, 72.2,N/A , N/A , N/A,86,falling,-1.8 ,-2.3, -1.2
"Mohave County, Arizona(2)",04015,Urban,65.6 ,60.7, 70.8,N/A , N/A , N/A,155,falling,-2.3 ,-3.1, -1.5
"Anoka County, Minnesota(2)",27003,Urban,65.5 ,60.3, 71.1,N/A , N/A , N/A,128,stable,-0.9 ,-2.1, 0.4
"Chippewa County, Michigan(2)",26033,Rural,65.5 ,51.8, 82,N/A , N/A , N/A,16,stable,-1.7 ,-4.0, 0.6
"Cherokee County, Iowa(7)",19035,Rural,65.5 ,44, 95.8,N/A , N/A , N/A,6,stable,-0.8 ,-2.8, 1.3
"Little River County, Arkansas(2)",05081,Urban,65.5 ,43.4, 96.5,N/A , N/A , N/A,6,stable,-3.2 ,-6.7, 0.0
"Deer Lodge County, Montana(2)",30023,Rural,65.5 ,42.7, 99.9,N/A , N/A , N/A,6,stable,-2.0 ,-6.6, 2.8
"Berkeley County, South Carolina(2)",45015,Urban,65.4 ,58.8, 72.6,N/A , N/A , N/A,78,falling,-8.7 ,-18.6, -4.4
"Cedar County, Iowa(7)",19031,Rural,65.4 ,47.1, 89.4,N/A , N/A , N/A,9,falling,-1.6 ,-3.0, -0.1
"Clarke County, Alabama(2)",01025,Rural,65.4 ,49, 86.3,N/A , N/A , N/A,11,falling,-3.4 ,-5.6, -1.4
"Howard County, Texas(7)",48227,Rural,65.4 ,48.8, 85.7,N/A , N/A , N/A,11,falling,-2.1 ,-4.0, -0.2
"Yuba County, California(7)",06115,Urban,65.4 ,54.3, 78.1,N/A , N/A , N/A,27,falling,-3.4 ,-5.0, -1.8
"Carroll County, Indiana(2)",18015,Urban,65.4 ,47.5, 88.4,N/A , N/A , N/A,9,falling,-2.6 ,-5.0, -0.3
"Hendricks County, Indiana(2)",18063,Urban,65.3 ,57.7, 73.7,N/A , N/A , N/A,57,falling,-9.8 ,-16.1, -2.1
"Monroe County, West Virginia(2)",54063,Rural,65.3 ,45.2, 93.7,N/A , N/A , N/A,7,stable,-2.0 ,-5.7, 1.7
"Caldwell County, Texas(7)",48055,Urban,65.3 ,51, 82.3,N/A , N/A , N/A,15,stable,-1.6 ,-3.1, 0.1
"Mason County, Michigan(2)",26105,Rural,65.3 ,50.7, 83.4,N/A , N/A , N/A,16,stable,-2.6 ,-5.7, 0.3
"Marinette County, Wisconsin(2)",55075,Rural,65.2 ,54, 78.7,N/A , N/A , N/A,25,stable,-0.5 ,-2.7, 1.7
"Calhoun County, Michigan(2)",26025,Urban,65.2 ,57.6, 73.6,N/A , N/A , N/A,57,falling,-2.5 ,-4.0, -1.0
"Richmond County, New York(7)",36085,Urban,65.2 ,60.9, 69.7,N/A , N/A , N/A,185,falling,-1.8 ,-2.5, -1.1
"Sequatchie County, Tennessee(2)",47153,Urban,65.1 ,46.8, 89.7,N/A , N/A , N/A,9,stable,-3.0 ,-6.3, 0.6
"Otsego County, New York(7)",36077,Rural,65.1 ,54.2, 77.8,N/A , N/A , N/A,27,falling,-2.4 ,-3.5, -1.3
"Cass County, Minnesota(2)",27021,Rural,65.1 ,52.3, 81,N/A , N/A , N/A,19,falling,-1.8 ,-3.2, -0.4
"Wright County, Minnesota(2)",27171,Urban,65 ,56.6, 74.4,N/A , N/A , N/A,46,stable,-0.6 ,-2.0, 1.0
"Jack County, Texas(7)",48237,Rural,65 ,37.4, 105.8,N/A , N/A , N/A,3,stable,-3.3 ,-7.9, 0.8
"Bedford City and County, Virginia(2)",51917,Urban,64.9 ,56, 75.1,N/A , N/A , N/A,42,falling,-2.2 ,-4.0, -0.5
"Middlesex County, Virginia(2)",51119,Rural,64.9 ,46.4, 93.1,N/A , N/A , N/A,8,stable,-2.6 ,-6.7, 1.8
"Erie County, Pennsylvania(2)",42049,Urban,64.9 ,59.5, 70.6,N/A , N/A , N/A,116,falling,-1.8 ,-2.6, -1.1
"Rogers County, Oklahoma(2)",40131,Urban,64.8 ,55.7, 75.2,N/A , N/A , N/A,37,falling,-2.4 ,-3.8, -1.0
"Columbia County, New York(7)",36021,Rural,64.8 ,55, 76.2,N/A , N/A , N/A,34,falling,-2.4 ,-3.7, -1.1
"Young County, Texas(7)",48503,Rural,64.8 ,46.2, 89.2,N/A , N/A , N/A,8,stable,-23.1 ,-42.7, 0.0
"Alger County, Michigan(2)",26003,Rural,64.8 ,41.5, 99.8,N/A , N/A , N/A,5,stable,4.6 ,-1.7, 25.5
"Cass County, Missouri(2)",29037,Urban,64.8 ,56.2, 74.3,N/A , N/A , N/A,43,falling,-2.3 ,-3.9, -0.7
"Allendale County, South Carolina(2)",45005,Rural,64.7 ,38.2, 105.2,N/A , N/A , N/A,4,stable,0.9 ,-5.0, 7.6
"Ellis County, Texas(7)",48139,Urban,64.7 ,57.2, 72.9,N/A , N/A , N/A,59,falling,-2.6 ,-4.0, -1.1
"Highlands County, Florida(2)",12055,Urban,64.7 ,57.9, 72.4,N/A , N/A , N/A,76,falling,-2.5 ,-3.7, -1.4
"Erie County, Ohio(2)",39043,Urban,64.7 ,55.6, 75,N/A , N/A , N/A,38,falling,-3.0 ,-4.6, -1.5
"St. Charles County, Missouri(2)",29183,Urban,64.6 ,59.9, 69.6,N/A , N/A , N/A,148,falling,-3.0 ,-4.1, -1.9
"Douglas County, Nebraska(2)",31055,Urban,64.6 ,60.4, 69.1,N/A , N/A , N/A,185,falling,-2.7 ,-3.5, -1.8
"Nye County, Nevada(2)",32023,Rural,64.6 ,54.9, 76.1,N/A , N/A , N/A,36,falling,-2.5 ,-4.2, -0.7
"Franklin County, Vermont(2)",50011,Urban,64.6 ,52.4, 79,N/A , N/A , N/A,22,falling,-18.7 ,-34.2, -2.4
"Spencer County, Indiana(2)",18147,Rural,64.6 ,47.3, 87.1,N/A , N/A , N/A,10,falling,-6.9 ,-19.7, -3.2
"Jackson County, Indiana(2)",18071,Rural,64.5 ,51.4, 80.1,N/A , N/A , N/A,18,falling,-11.9 ,-30.4, -2.0
"Newton County, Georgia(7)",13217,Urban,64.5 ,54.8, 75.5,N/A , N/A , N/A,34,falling,-3.4 ,-4.7, -2.0
"Henrico County, Virginia(2)",51087,Urban,64.5 ,59.1, 70.2,N/A , N/A , N/A,113,falling,-1.9 ,-2.8, -1.0
"Cumberland County, Tennessee(2)",47035,Rural,64.5 ,55.2, 75.3,N/A , N/A , N/A,40,falling,-5.0 ,-8.0, -3.4
"Buncombe County, North Carolina(2)",37021,Urban,64.5 ,59.2, 70.1,N/A , N/A , N/A,117,falling,-2.1 ,-2.8, -1.3
"Adams County, Pennsylvania(2)",42001,Urban,64.4 ,56.5, 73.3,N/A , N/A , N/A,50,stable,-0.9 ,-2.8, 1.2
"Davidson County, Tennessee(2)",47037,Urban,64.4 ,60.3, 68.8,N/A , N/A , N/A,202,falling,-3.8 ,-4.6, -3.3
"Skamania County, Washington(2)",53059,Urban,64.4 ,43.3, 94.4,N/A , N/A , N/A,6,*,*,*,*
"Fayette County, Alabama(2)",01057,Rural,64.4 ,45.6, 89.5,N/A , N/A , N/A,8,falling,-2.9 ,-5.7, -0.4
"Flagler County, Florida(2)",12035,Urban,64.2 ,57.8, 71.5,N/A , N/A , N/A,79,falling,-1.9 ,-3.2, -0.5
"Yates County, New York(7)",36123,Rural,64.2 ,48.6, 84.1,N/A , N/A , N/A,12,stable,-1.0 ,-3.6, 2.1
"Chesapeake City, Virginia(2)",51550,Urban,64.2 ,57.6, 71.3,N/A , N/A , N/A,78,falling,-2.9 ,-4.0, -1.8
"Berks County, Pennsylvania(2)",42011,Urban,64.2 ,59.8, 68.8,N/A , N/A , N/A,170,falling,-1.6 ,-2.6, -0.6
"Plaquemines Parish, Louisiana(7)",22075,Urban,64.2 ,45.3, 88.4,N/A , N/A , N/A,8,falling,-3.7 ,-6.7, -1.0
"Halifax County with South Boston City, Virginia(2)",51083,Rural,64.1 ,50.9, 80.4,N/A , N/A , N/A,18,falling,-2.5 ,-4.8, -0.2
"Providence County, Rhode Island(2)",44007,Urban,64.1 ,60.3, 68.1,N/A , N/A , N/A,227,falling,-8.1 ,-13.8, -2.9
"Lake County, Florida(2)",12069,Urban,64.1 ,60.3, 68.2,N/A , N/A , N/A,220,falling,-3.1 ,-3.9, -2.4
"Tipton County, Indiana(2)",18159,Urban,64.1 ,45.7, 89,N/A , N/A , N/A,8,falling,-3.7 ,-6.0, -1.5
"Carroll County, Maryland(2)",24013,Urban,64.1 ,57.3, 71.5,N/A , N/A , N/A,69,falling,-2.6 ,-4.0, -1.2
"Tehama County, California(7)",06103,Rural,64.1 ,53.7, 76.1,N/A , N/A , N/A,28,falling,-3.4 ,-4.3, -2.4
"Monona County, Iowa(7)",19133,Rural,64.1 ,40.4, 99.8,N/A , N/A , N/A,5,stable,-0.9 ,-2.5, 0.8
"Madison County, Mississippi(2)",28089,Urban,64.1 ,54, 75.4,N/A , N/A , N/A,33,falling,-2.9 ,-4.4, -1.5
"Benton County, Minnesota(2)",27009,Urban,64.1 ,48.9, 82.3,N/A , N/A , N/A,13,stable,-0.7 ,-3.2, 1.9
"Horry County, South Carolina(2)",45051,Urban,64.1 ,59.7, 68.6,N/A , N/A , N/A,188,falling,-5.1 ,-9.7, -2.6
"Saratoga County, New York(7)",36091,Urban,64 ,58.3, 70.2,N/A , N/A , N/A,99,falling,-1.9 ,-2.6, -1.1
"Marshall County, Indiana(2)",18099,Rural,64 ,51.4, 79,N/A , N/A , N/A,19,stable,-1.3 ,-4.1, 1.5
"Potter County, Texas(7)",48375,Urban,64 ,54.9, 74.1,N/A , N/A , N/A,38,falling,-3.2 ,-4.0, -2.4
"Dunn County, Wisconsin(2)",55033,Rural,64 ,50.7, 79.9,N/A , N/A , N/A,17,stable,0.2 ,-2.1, 2.7
"Morgan County, Georgia(7)",13211,Urban,64 ,46.9, 86.3,N/A , N/A , N/A,10,falling,-2.6 ,-3.8, -1.2
"Sandusky County, Ohio(2)",39143,Rural,64 ,53.2, 76.5,N/A , N/A , N/A,27,falling,-2.6 ,-4.7, -0.6
"Allegheny County, Pennsylvania(2)",42003,Urban,63.9 ,61.4, 66.6,N/A , N/A , N/A,503,falling,-2.6 ,-3.1, -2.3
"Dallas County, Missouri(2)",29059,Urban,63.9 ,46.1, 87.6,N/A , N/A , N/A,9,stable,-3.1 ,-6.8, 0.4
"Hall County, Nebraska(2)",31079,Urban,63.9 ,52.4, 77.2,N/A , N/A , N/A,22,falling,-2.2 ,-4.2, -0.2
"Franklin County, Virginia(2)",51067,Urban,63.9 ,53.2, 76.5,N/A , N/A , N/A,28,stable,-1.1 ,-2.5, 0.3
"Berkshire County, Massachusetts(2)",25003,Urban,63.9 ,57, 71.6,N/A , N/A , N/A,67,falling,-1.9 ,-3.2, -0.7
"Anderson County, Texas(7)",48001,Rural,63.9 ,51.7, 78.1,N/A , N/A , N/A,21,falling,-8.3 ,-23.1, -2.1
"Ogle County, Illinois(7)",17141,Rural,63.9 ,52.4, 77.3,N/A , N/A , N/A,23,falling,-1.8 ,-3.4, -0.1
"Wilcox County, Alabama(2)",01131,Rural,63.9 ,39.7, 99.1,N/A , N/A , N/A,5,falling,-3.8 ,-15.0, -0.9
"Elk County, Pennsylvania(2)",42047,Rural,63.8 ,49.9, 81,N/A , N/A , N/A,15,falling,-2.2 ,-4.2, -0.3
"Chippewa County, Wisconsin(2)",55017,Urban,63.8 ,53.4, 75.9,N/A , N/A , N/A,28,stable,-0.5 ,-2.3, 1.6
"Hancock County, Indiana(2)",18059,Urban,63.8 ,53.9, 75.1,N/A , N/A , N/A,31,falling,-3.5 ,-5.1, -1.9
"Hamilton County, Nebraska(2)",31081,Rural,63.8 ,39.6, 99.2,N/A , N/A , N/A,4,*,*,*,*
"Baldwin County, Alabama(2)",01003,Urban,63.8 ,58.4, 69.6,N/A , N/A , N/A,110,falling,-4.0 ,-10.0, -1.8
"Pacific County, Washington(2)",53049,Rural,63.8 ,49.9, 82,N/A , N/A , N/A,16,stable,-1.7 ,-3.8, 0.6
"Juniata County, Pennsylvania(2)",42067,Rural,63.7 ,48, 83.6,N/A , N/A , N/A,11,stable,0.4 ,-2.2, 3.4
"Bradley County, Tennessee(2)",47011,Urban,63.7 ,55.1, 73.3,N/A , N/A , N/A,42,stable,-1.9 ,-4.2, 0.5
"Adair County, Missouri(2)",29001,Rural,63.7 ,45.8, 86.7,N/A , N/A , N/A,9,stable,-1.9 ,-5.7, 1.8
"Perquimans County, North Carolina(2)",37143,Rural,63.6 ,45.4, 89.8,N/A , N/A , N/A,8,falling,-3.1 ,-5.8, -0.5
"Bamberg County, South Carolina(2)",45009,Rural,63.6 ,42.6, 93.1,N/A , N/A , N/A,6,stable,-2.5 ,-5.6, 0.6
"Rutland County, Vermont(2)",50021,Rural,63.6 ,53.5, 75.3,N/A , N/A , N/A,31,stable,8.2 ,-3.2, 17.7
"Lafayette County, Missouri(2)",29107,Urban,63.6 ,49.9, 80.3,N/A , N/A , N/A,15,stable,-2.4 ,-4.8, 0.0
"Coffee County, Alabama(2)",01031,Rural,63.6 ,51.6, 77.6,N/A , N/A , N/A,21,falling,-5.8 ,-10.6, -3.4
"St. John the Baptist Parish, Louisiana(7)",22095,Urban,63.5 ,49, 81.2,N/A , N/A , N/A,15,stable,-1.8 ,-3.9, 0.6
"Augusta County, Virginia(2)",51015,Urban,63.5 ,54.7, 73.5,N/A , N/A , N/A,39,falling,-3.0 ,-4.6, -1.4
"Midland County, Michigan(2)",26111,Urban,63.5 ,54.5, 73.7,N/A , N/A , N/A,37,falling,-2.8 ,-4.4, -1.2
"Harford County, Maryland(2)",24025,Urban,63.5 ,57.7, 69.7,N/A , N/A , N/A,96,falling,-2.2 ,-3.2, -1.1
"Grays Harbor County, Washington(7)",53027,Rural,63.5 ,54.5, 73.8,N/A , N/A , N/A,38,stable,0.2 ,-4.5, 8.3
"Camden County, North Carolina(2)",37029,Urban,63.4 ,37.8, 100.7,N/A , N/A , N/A,4,stable,-3.9 ,-7.9, 0.2
"Oktibbeha County, Mississippi(2)",28105,Rural,63.4 ,48.9, 80.9,N/A , N/A , N/A,14,stable,-2.5 ,-5.0, 0.0
"Franklin City, Virginia(2)",51620,Rural,63.4 ,36.4, 105.3,N/A , N/A , N/A,3,falling,-3.2 ,-6.4, -0.4
"Logan County, Oklahoma(2)",40083,Urban,63.4 ,51.1, 77.9,N/A , N/A , N/A,20,stable,-2.5 ,-4.9, 0.1
"Columbia County, Oregon(2)",41009,Urban,63.4 ,52.2, 76.5,N/A , N/A , N/A,24,falling,-2.4 ,-3.9, -0.7
"Bristol City, Virginia(2)",51520,Urban,63.3 ,44.2, 88.9,N/A , N/A , N/A,7,falling,-4.7 ,-9.6, -0.9
"Essex County, Vermont(2)",50009,Rural,63.3 ,38, 106.9,N/A , N/A , N/A,4,stable,-1.8 ,-5.9, 2.7
"Shenandoah County, Virginia(2)",51171,Rural,63.3 ,51.3, 77.7,N/A , N/A , N/A,21,stable,-1.4 ,-3.5, 0.7
"Monroe County, Indiana(2)",18105,Urban,63.3 ,54.9, 72.7,N/A , N/A , N/A,43,falling,-2.1 ,-3.6, -0.6
"Lake County, Ohio(2)",39085,Urban,63.3 ,57.7, 69.2,N/A , N/A , N/A,102,falling,-2.7 ,-4.4, -1.1
"Pike County, Pennsylvania(2)",42103,Rural,63.2 ,53.6, 74.6,N/A , N/A , N/A,33,falling,-2.9 ,-4.9, -1.0
"Hancock County, Maine(2)",23009,Rural,63.2 ,53.2, 75,N/A , N/A , N/A,31,falling,-2.8 ,-4.8, -0.8
"Kossuth County, Iowa(7)",19109,Rural,63.2 ,44.8, 88.2,N/A , N/A , N/A,8,stable,-0.7 ,-2.4, 1.1
"Coos County, New Hampshire(2)",33007,Rural,63.2 ,50.3, 79.2,N/A , N/A , N/A,18,stable,-0.9 ,-2.8, 1.1
"Warren County, New Jersey(7)",34041,Urban,63.2 ,55.1, 72.3,N/A , N/A , N/A,46,falling,-2.0 ,-3.2, -0.7
"Pierce County, Nebraska(2)",31139,Rural,63.2 ,35.8, 105.5,N/A , N/A , N/A,3,*,*,*,*
"St. Louis County, Missouri(2)",29189,Urban,63.2 ,60.3, 66.1,N/A , N/A , N/A,381,falling,-2.2 ,-2.8, -1.7
"Montgomery County, Alabama(2)",01101,Urban,63.1 ,56.7, 70.1,N/A , N/A , N/A,75,falling,-2.3 ,-3.4, -1.2
"Ector County, Texas(7)",48135,Urban,63.1 ,53.8, 73.4,N/A , N/A , N/A,37,falling,-3.1 ,-5.0, -1.4
"Hillsborough County, Florida(2)",12057,Urban,63.1 ,60.5, 65.7,N/A , N/A , N/A,480,falling,-3.8 ,-6.6, -3.0
"Pierce County, Washington(7)",53053,Urban,63.1 ,59.8, 66.6,N/A , N/A , N/A,291,falling,-3.3 ,-5.3, -0.9
"Chickasaw County, Iowa(7)",19037,Rural,63.1 ,42.2, 92.4,N/A , N/A , N/A,6,falling,-2.1 ,-4.1, -0.2
"Carroll County, New Hampshire(2)",33003,Rural,63.1 ,53, 75.1,N/A , N/A , N/A,31,stable,-1.1 ,-2.8, 0.8
"Washington County, Arkansas(2)",05143,Urban,63.1 ,56.3, 70.4,N/A , N/A , N/A,67,falling,-6.5 ,-14.4, -3.3
"McHenry County, Illinois(7)",17111,Urban,63.1 ,57.7, 68.8,N/A , N/A , N/A,112,falling,-1.7 ,-2.8, -0.3
"Adams County, Wisconsin(2)",55001,Rural,63 ,49.4, 81.4,N/A , N/A , N/A,15,stable,-0.9 ,-3.7, 2.1
"Dauphin County, Pennsylvania(2)",42043,Urban,63 ,57.6, 68.9,N/A , N/A , N/A,106,falling,-1.9 ,-2.9, -0.9
"Ashland County, Ohio(2)",39005,Rural,63 ,51.9, 76.2,N/A , N/A , N/A,23,stable,-1.3 ,-3.5, 7.4
"Nobles County, Minnesota(2)",27105,Rural,63 ,45.3, 85.7,N/A , N/A , N/A,9,falling,-17.3 ,-30.3, -3.4
"Baraga County, Michigan(2)",26013,Rural,63 ,39, 99.4,N/A , N/A , N/A,4,*,*,*,*
"Camden County, New Jersey(7)",34007,Urban,63 ,58.8, 67.4,N/A , N/A , N/A,181,falling,-2.3 ,-3.0, -1.7
"Hickory County, Missouri(2)",29085,Rural,63 ,39.9, 100.2,N/A , N/A , N/A,6,falling,-4.8 ,-8.0, -2.3
"Washington County, Virginia(2)",51191,Urban,63 ,52.6, 75.2,N/A , N/A , N/A,28,falling,-3.2 ,-4.6, -1.8
"Coweta County, Georgia(7)",13077,Urban,63 ,54.9, 71.9,N/A , N/A , N/A,49,falling,-2.7 ,-3.8, -1.4
"Henry County, Virginia(2)",51089,Rural,62.9 ,52.5, 75.3,N/A , N/A , N/A,27,falling,-2.6 ,-4.0, -1.2
"Indian River County, Florida(2)",12061,Urban,62.9 ,57.2, 69.2,N/A , N/A , N/A,107,falling,-1.9 ,-3.3, -0.5
"Orange County, New York(7)",36071,Urban,62.9 ,58, 68.1,N/A , N/A , N/A,131,falling,-2.2 ,-3.0, -1.3
"Lake County, Indiana(2)",18089,Urban,62.9 ,58.8, 67.3,N/A , N/A , N/A,185,falling,-6.6 ,-12.9, -3.4
"Custer County, Montana(2)",30017,Rural,62.9 ,40.6, 94.3,N/A , N/A , N/A,5,falling,-3.5 ,-7.2, -0.1
"Lamb County, Texas(7)",48279,Rural,62.9 ,40.8, 93.6,N/A , N/A , N/A,5,stable,-1.8 ,-5.8, 2.0
"Sabine County, Texas(7)",48403,Rural,62.9 ,43.1, 93.1,N/A , N/A , N/A,7,falling,-3.1 ,-5.7, -0.6
"Antrim County, Michigan(2)",26009,Rural,62.8 ,48.3, 81.7,N/A , N/A , N/A,14,falling,-2.8 ,-5.1, -0.6
"Titus County, Texas(7)",48449,Rural,62.8 ,46.8, 82.9,N/A , N/A , N/A,11,falling,-3.3 ,-6.2, -0.4
"Bristol County, Rhode Island(2)",44001,Urban,62.8 ,51.5, 76.3,N/A , N/A , N/A,22,stable,-1.6 ,-4.1, 0.9
"Franklin County, Florida(2)",12037,Rural,62.8 ,43.6, 90,N/A , N/A , N/A,7,falling,-4.4 ,-7.0, -1.9
"Okanogan County, Washington(2)",53047,Rural,62.8 ,51.2, 76.7,N/A , N/A , N/A,22,stable,-0.5 ,-3.4, 2.7
"Sumter County, Alabama(2)",01119,Rural,62.8 ,39, 97.3,N/A , N/A , N/A,5,stable,-2.1 ,-8.6, 4.2
"Bottineau County, North Dakota(2)",38009,Rural,62.8 ,37.3, 103.9,N/A , N/A , N/A,4,stable,-0.3 ,-4.2, 3.9
"Wagoner County, Oklahoma(2)",40145,Urban,62.7 ,53.2, 73.5,N/A , N/A , N/A,33,falling,-2.9 ,-4.7, -1.0
"Oklahoma County, Oklahoma(2)",40109,Urban,62.7 ,59.1, 66.5,N/A , N/A , N/A,239,falling,-2.9 ,-3.5, -2.4
"Warrick County, Indiana(2)",18173,Urban,62.7 ,52.3, 74.8,N/A , N/A , N/A,27,falling,-2.1 ,-4.0, -0.1
"Dakota County, Nebraska(2)",31043,Urban,62.7 ,42.1, 89.6,N/A , N/A , N/A,6,stable,-2.5 ,-6.0, 0.9
"Pike County, Georgia(7)",13231,Urban,62.7 ,42.6, 89.4,N/A , N/A , N/A,7,stable,-1.7 ,-5.9, 3.1
"Whitley County, Indiana(2)",18183,Urban,62.7 ,48.3, 80.3,N/A , N/A , N/A,14,falling,-13.9 ,-33.7, -2.7
"Lee County, Illinois(7)",17103,Rural,62.6 ,49.6, 78.4,N/A , N/A , N/A,17,falling,-2.6 ,-4.8, -0.4
"Webster County, West Virginia(2)",54101,Rural,62.6 ,39.7, 98.1,N/A , N/A , N/A,5,falling,-3.6 ,-6.6, -0.8
"Osage County, Oklahoma(2)",40113,Urban,62.6 ,51.1, 76.3,N/A , N/A , N/A,21,falling,-2.5 ,-4.7, -0.3
"Galveston County, Texas(7)",48167,Urban,62.6 ,57.4, 68.1,N/A , N/A , N/A,122,falling,-3.2 ,-4.1, -2.3
"Van Wert County, Ohio(2)",39161,Rural,62.6 ,47.9, 80.9,N/A , N/A , N/A,13,stable,-2.2 ,-4.5, 0.1
"Blue Earth County, Minnesota(2)",27013,Urban,62.6 ,51, 76,N/A , N/A , N/A,22,stable,-0.8 ,-3.0, 1.4
"Orleans Parish, Louisiana(7)",22071,Urban,62.6 ,57.7, 67.7,N/A , N/A , N/A,136,falling,-8.2 ,-14.6, -1.8
"Ottawa County, Ohio(2)",39123,Urban,62.6 ,51, 76.6,N/A , N/A , N/A,23,falling,-5.4 ,-16.4, -3.2
"Grant County, Wisconsin(2)",55043,Rural,62.5 ,50.4, 76.9,N/A , N/A , N/A,19,stable,-2.1 ,-5.0, 0.8
"Pennington County, Minnesota(2)",27113,Rural,62.5 ,41.9, 90.9,N/A , N/A , N/A,6,stable,-0.4 ,-5.8, 6.1
"Bureau County, Illinois(7)",17011,Rural,62.5 ,49.3, 78.7,N/A , N/A , N/A,16,falling,-2.1 ,-3.7, -0.3
"Roanoke County, Virginia(2)",51161,Urban,62.5 ,54.2, 71.8,N/A , N/A , N/A,43,stable,-1.5 ,-3.1, 0.2
"Forest County, Pennsylvania(2)",42053,Rural,62.5 ,33.4, 147.2,N/A , N/A , N/A,4,stable,-2.5 ,-7.5, 2.5
"Wilkinson County, Mississippi(2)",28157,Rural,62.4 ,36.8, 101,N/A , N/A , N/A,4,stable,-2.4 ,-6.0, 1.1
"Northumberland County, Virginia(2)",51133,Rural,62.4 ,44, 90.7,N/A , N/A , N/A,9,stable,-2.4 ,-6.0, 1.3
"Power County, Idaho(7)",16077,Rural,62.4 ,35.4, 103.9,N/A , N/A , N/A,3,*,*,*,*
"San Patricio County, Texas(7)",48409,Urban,62.4 ,51.3, 75.2,N/A , N/A , N/A,24,falling,-2.4 ,-4.1, -0.6
"East Baton Rouge Parish, Louisiana(7)",22033,Urban,62.4 ,57.6, 67.5,N/A , N/A , N/A,137,falling,-2.1 ,-2.7, -1.4
"Glenn County, California(7)",06021,Rural,62.4 ,46.2, 82.5,N/A , N/A , N/A,11,stable,-1.7 ,-4.4, 1.1
"Morrison County, Minnesota(2)",27097,Rural,62.3 ,49, 78.6,N/A , N/A , N/A,16,stable,-0.7 ,-2.6, 1.4
"Burnett County, Wisconsin(2)",55013,Rural,62.3 ,46.7, 84.2,N/A , N/A , N/A,12,stable,-1.0 ,-3.6, 1.9
"Ralls County, Missouri(2)",29173,Rural,62.3 ,38.8, 96.8,N/A , N/A , N/A,5,stable,-2.0 ,-6.8, 3.1
"Cambria County, Pennsylvania(2)",42021,Urban,62.3 ,55.4, 70,N/A , N/A , N/A,64,falling,-1.7 ,-2.6, -0.7
"Kandiyohi County, Minnesota(2)",27067,Rural,62.2 ,49.9, 76.9,N/A , N/A , N/A,19,stable,0.8 ,-1.1, 3.0
"Franklin County, Mississippi(2)",28037,Rural,62.2 ,36.9, 101.7,N/A , N/A , N/A,4,stable,-1.8 ,-8.0, 4.3
"Taylor County, Texas(7)",48441,Urban,62.2 ,54.2, 71,N/A , N/A , N/A,45,stable,-1.6 ,-3.2, 0.1
"Washington County, Alabama(2)",01129,Rural,62.2 ,42.6, 88.7,N/A , N/A , N/A,7,stable,-3.5 ,-7.6, 0.2
"Allen County, Indiana(2)",18003,Urban,62.2 ,57.2, 67.4,N/A , N/A , N/A,125,falling,-5.7 ,-13.2, -1.8
"Newton County, Missouri(2)",29145,Urban,62.2 ,51.2, 74.9,N/A , N/A , N/A,24,falling,-2.2 ,-4.0, -0.5
"New Haven County, Connecticut(7)",09009,Urban,62.1 ,59.1, 65.3,N/A , N/A , N/A,324,falling,-3.1 ,-5.6, -2.1
"Warren County, New York(7)",36113,Urban,62.1 ,52.8, 72.9,N/A , N/A , N/A,33,falling,-9.1 ,-16.4, -4.0
"San Augustine County, Texas(7)",48405,Rural,62.1 ,38.6, 98.9,N/A , N/A , N/A,5,stable,-1.9 ,-5.3, 1.5
"Northampton County, Pennsylvania(2)",42095,Urban,62.1 ,57.3, 67.2,N/A , N/A , N/A,130,falling,-3.5 ,-8.6, -2.2
"Shiawassee County, Michigan(2)",26155,Rural,62.1 ,52, 73.8,N/A , N/A , N/A,29,falling,-7.1 ,-18.3, -1.9
"Pinellas County, Florida(2)",12103,Urban,62.1 ,59.6, 64.7,N/A , N/A , N/A,506,falling,-2.9 ,-3.4, -2.4
"Cook County, Georgia(7)",13075,Rural,62.1 ,40.1, 91.9,N/A , N/A , N/A,6,falling,-25.4 ,-36.8, -9.5
"Barron County, Wisconsin(2)",55005,Rural,62.1 ,50.9, 75.4,N/A , N/A , N/A,23,stable,-1.9 ,-4.4, 0.6
"Worcester County, Massachusetts(2)",25027,Urban,62.1 ,58.9, 65.4,N/A , N/A , N/A,309,falling,-2.4 ,-5.7, -1.6
"Sumter County, Georgia(7)",13261,Rural,61.9 ,46.3, 81.6,N/A , N/A , N/A,11,falling,-3.1 ,-6.0, -0.2
"Wexford County, Michigan(2)",26165,Rural,61.9 ,48.5, 78.3,N/A , N/A , N/A,16,stable,-1.6 ,-3.8, 0.6
"Crow Wing County, Minnesota(2)",27035,Rural,61.9 ,52.7, 72.5,N/A , N/A , N/A,34,stable,-1.3 ,-2.9, 0.4
"Virginia Beach City, Virginia(2)",51810,Urban,61.9 ,57.3, 66.7,N/A , N/A , N/A,145,falling,-2.4 ,-3.6, -1.0
"Merrimack County, New Hampshire(2)",33013,Rural,61.9 ,55, 69.4,N/A , N/A , N/A,64,falling,-2.1 ,-3.2, -1.0
"Sierra County, New Mexico(7)",35051,Rural,61.9 ,45.2, 87.6,N/A , N/A , N/A,10,stable,-0.7 ,-1.9, 0.6
"York County, Pennsylvania(2)",42133,Urban,61.8 ,57.8, 66.1,N/A , N/A , N/A,187,falling,-10.2 ,-14.4, -5.9
"Cheshire County, New Hampshire(2)",33005,Rural,61.8 ,52.7, 72.2,N/A , N/A , N/A,36,falling,-2.1 ,-3.1, -1.0
"Clark County, Missouri(2)",29045,Rural,61.8 ,35.5, 103.5,N/A , N/A , N/A,3,*,*,*,*
"Clayton County, Georgia(7)",13063,Urban,61.7 ,54.3, 69.7,N/A , N/A , N/A,66,falling,-2.4 ,-3.0, -1.8
"Boyle County, Kentucky(7)",21021,Rural,61.7 ,46.9, 79.9,N/A , N/A , N/A,12,falling,-4.0 ,-6.2, -1.9
"Dickenson County, Virginia(2)",51051,Rural,61.7 ,42.9, 87.7,N/A , N/A , N/A,7,falling,-4.5 ,-8.9, -0.8
"Karnes County, Texas(7)",48255,Rural,61.6 ,39.1, 92.4,N/A , N/A , N/A,5,stable,-0.3 ,-3.5, 3.1
"Benzie County, Michigan(2)",26019,Urban,61.6 ,44.8, 84.3,N/A , N/A , N/A,10,stable,-2.8 ,-6.2, 0.4
"Bullock County, Alabama(2)",01011,Rural,61.6 ,37.1, 97,N/A , N/A , N/A,4,stable,0.5 ,-3.9, 5.1
"Green County, Wisconsin(2)",55045,Urban,61.5 ,48.6, 77.2,N/A , N/A , N/A,17,stable,-0.2 ,-2.7, 2.4
"Greene County, Georgia(7)",13133,Rural,61.5 ,44.3, 84.6,N/A , N/A , N/A,11,stable,-2.2 ,-4.0, 0.1
"McCormick County, South Carolina(2)",45065,Rural,61.5 ,41.1, 94.2,N/A , N/A , N/A,7,stable,-20.2 ,-49.4, 1.1
"Coos County, Oregon(2)",41011,Rural,61.4 ,52.3, 72,N/A , N/A , N/A,36,falling,-2.6 ,-4.6, -0.7
"Charlotte County, Florida(2)",12015,Urban,61.4 ,56.5, 66.9,N/A , N/A , N/A,150,falling,-2.2 ,-3.7, -0.8
"Columbia County, Pennsylvania(2)",42037,Rural,61.4 ,51.4, 73,N/A , N/A , N/A,28,falling,-2.6 ,-3.9, -1.4
"Mower County, Minnesota(2)",27099,Rural,61.4 ,48.6, 76.8,N/A , N/A , N/A,16,stable,-0.7 ,-2.4, 1.1
"Big Horn County, Montana(2)",30003,Rural,61.4 ,37.4, 95.5,N/A , N/A , N/A,4,stable,-1.3 ,-5.3, 3.0
"Shelby County, Iowa(7)",19165,Rural,61.3 ,39.5, 92.5,N/A , N/A , N/A,5,stable,-0.6 ,-2.3, 1.1
"Limestone County, Alabama(2)",01083,Urban,61.3 ,52.6, 71.2,N/A , N/A , N/A,38,falling,-5.0 ,-13.6, -3.3
"Delaware County, New York(7)",36025,Rural,61.3 ,50.3, 74.6,N/A , N/A , N/A,24,falling,-1.8 ,-3.5, -0.2
"Walworth County, Wisconsin(2)",55127,Rural,61.3 ,53.1, 70.5,N/A , N/A , N/A,43,stable,-1.5 ,-3.2, 0.3
"Howard County, Iowa(7)",19089,Rural,61.3 ,37.1, 96.9,N/A , N/A , N/A,4,stable,-0.3 ,-2.2, 1.6
"Broome County, New York(7)",36007,Urban,61.3 ,55.3, 67.8,N/A , N/A , N/A,82,falling,-2.2 ,-3.0, -1.4
"Ascension Parish, Louisiana(7)",22005,Urban,61.2 ,52, 71.6,N/A , N/A , N/A,36,falling,-3.7 ,-4.9, -2.4
"Gage County, Nebraska(2)",31067,Rural,61.2 ,45.1, 82,N/A , N/A , N/A,10,falling,-3.3 ,-12.8, -0.3
"Thurston County, Washington(7)",53067,Urban,61.2 ,56, 66.8,N/A , N/A , N/A,110,falling,-1.9 ,-2.6, -1.1
"Brazoria County, Texas(7)",48039,Urban,61.2 ,55.8, 67,N/A , N/A , N/A,107,falling,-3.0 ,-3.7, -2.2
"Plymouth County, Massachusetts(2)",25023,Urban,61.2 ,57.4, 65.2,N/A , N/A , N/A,210,falling,-8.7 ,-12.3, -3.9
"Knox County, Ohio(2)",39083,Rural,61.2 ,50.6, 73.5,N/A , N/A , N/A,25,falling,-14.4 ,-23.7, -3.7
"Chisago County, Minnesota(2)",27025,Urban,61.1 ,49.7, 74.5,N/A , N/A , N/A,21,stable,-1.5 ,-3.7, 0.9
"Tulsa County, Oklahoma(2)",40143,Urban,61.1 ,57.3, 65.1,N/A , N/A , N/A,205,falling,-3.0 ,-3.7, -2.4
"Custer County, Oklahoma(2)",40039,Rural,61.1 ,44.3, 82.3,N/A , N/A , N/A,9,falling,-3.9 ,-6.4, -1.6
"Stone County, Missouri(2)",29209,Rural,61.1 ,48.9, 76.5,N/A , N/A , N/A,21,falling,-3.4 ,-6.1, -0.8
"St. Marys County, Maryland(2)",24037,Urban,61 ,52.4, 70.7,N/A , N/A , N/A,38,falling,-2.3 ,-3.7, -0.8
"Warren County, Ohio(2)",39165,Urban,61 ,55, 67.5,N/A , N/A , N/A,81,falling,-2.6 ,-3.9, -1.2
"St. Charles Parish, Louisiana(7)",22089,Urban,61 ,48.1, 76.4,N/A , N/A , N/A,18,falling,-3.2 ,-5.2, -1.1
"Jefferson County, Texas(7)",48245,Urban,61 ,55.2, 67.3,N/A , N/A , N/A,86,falling,-3.2 ,-3.8, -2.5
"George County, Mississippi(2)",28039,Rural,61 ,43.2, 83.9,N/A , N/A , N/A,9,stable,-3.0 ,-7.0, 0.8
"Dodge County, Wisconsin(2)",55027,Rural,60.9 ,52.3, 70.8,N/A , N/A , N/A,37,stable,-0.3 ,-1.7, 1.1
"Boone County, Indiana(2)",18011,Urban,60.9 ,49.7, 73.9,N/A , N/A , N/A,22,falling,-2.7 ,-5.0, -0.2
"Waushara County, Wisconsin(2)",55137,Rural,60.9 ,47.4, 78.2,N/A , N/A , N/A,15,falling,-2.5 ,-4.6, -0.5
"Kosciusko County, Indiana(2)",18085,Rural,60.9 ,51.3, 71.9,N/A , N/A , N/A,30,falling,-18.5 ,-27.8, -8.4
"Litchfield County, Connecticut(7)",09005,Rural,60.9 ,55.1, 67.2,N/A , N/A , N/A,88,falling,-1.3 ,-1.8, -0.8
"Cabarrus County, North Carolina(2)",37025,Urban,60.9 ,54.1, 68.2,N/A , N/A , N/A,65,falling,-7.4 ,-15.3, -0.4
"Lake County, California(7)",06033,Rural,60.8 ,51.8, 71.3,N/A , N/A , N/A,35,falling,-3.3 ,-4.6, -2.1
"Greensville County, Virginia(2)",51081,Rural,60.8 ,37.6, 94.4,N/A , N/A , N/A,5,stable,-1.1 ,-6.1, 4.3
"McLean County, Illinois(7)",17113,Urban,60.8 ,53.4, 69,N/A , N/A , N/A,52,falling,-1.9 ,-2.9, -0.8
"Callahan County, Texas(7)",48059,Urban,60.8 ,41.5, 87.5,N/A , N/A , N/A,7,falling,-4.5 ,-6.9, -2.3
"Butler County, Nebraska(2)",31023,Rural,60.7 ,35.3, 99.2,N/A , N/A , N/A,4,*,*,*,*
"Marengo County, Alabama(2)",01091,Rural,60.7 ,41.8, 85.7,N/A , N/A , N/A,8,falling,-2.4 ,-5.1, -0.1
"Woodbury County, Iowa(7)",19193,Urban,60.7 ,51.6, 71,N/A , N/A , N/A,34,falling,-1.9 ,-2.4, -1.3
"Calvert County, Maryland(2)",24009,Urban,60.6 ,51.3, 71.3,N/A , N/A , N/A,32,falling,-2.7 ,-4.4, -0.9
"Preston County, West Virginia(2)",54077,Urban,60.6 ,47.6, 76.6,N/A , N/A , N/A,16,falling,-1.9 ,-3.8, -0.1
"Charles County, Maryland(2)",24017,Urban,60.5 ,52.6, 69.3,N/A , N/A , N/A,46,falling,-2.6 ,-3.9, -1.1
"Linn County, Oregon(2)",41043,Urban,60.5 ,53.2, 68.7,N/A , N/A , N/A,52,falling,-2.5 ,-9.6, -1.1
"Tillamook County, Oregon(2)",41057,Rural,60.5 ,46.7, 78,N/A , N/A , N/A,15,stable,-2.0 ,-4.5, 0.5
"Clay County, North Carolina(2)",37043,Rural,60.5 ,41.5, 89.1,N/A , N/A , N/A,7,stable,-3.9 ,-9.1, 1.2
"Rockingham County, Virginia(2)",51165,Urban,60.5 ,51.9, 70.2,N/A , N/A , N/A,37,stable,-1.1 ,-2.3, 0.3
"Allegany County, New York(7)",36003,Rural,60.5 ,48.7, 74.6,N/A , N/A , N/A,19,stable,-2.0 ,-4.0, 0.0
"Winchester City, Virginia(2)",51840,Urban,60.5 ,44.4, 80.7,N/A , N/A , N/A,10,falling,-3.6 ,-6.3, -1.0
"Baltimore County, Maryland(2)",24005,Urban,60.5 ,57.4, 63.7,N/A , N/A , N/A,301,falling,-2.2 ,-2.8, -1.7
"Stearns County, Minnesota(2)",27145,Urban,60.4 ,53.2, 68.3,N/A , N/A , N/A,53,stable,-0.7 ,-2.4, 1.2
"Oconto County, Wisconsin(2)",55083,Urban,60.4 ,48.7, 74.7,N/A , N/A , N/A,20,falling,-2.2 ,-4.0, -0.3
"Lancaster County, South Carolina(2)",45057,Urban,60.4 ,52.3, 69.5,N/A , N/A , N/A,42,falling,-3.6 ,-5.6, -1.3
"Somerset County, Pennsylvania(2)",42111,Rural,60.4 ,51.5, 70.5,N/A , N/A , N/A,36,falling,-2.2 ,-4.1, -0.5
"Cowlitz County, Washington(2)",53015,Urban,60.3 ,52.5, 69.1,N/A , N/A , N/A,46,falling,-2.0 ,-3.5, -0.6
"Brown County, South Dakota(2)",46013,Rural,60.3 ,46.3, 77.3,N/A , N/A , N/A,13,stable,-0.4 ,-2.8, 2.0
"Chittenden County, Vermont(2)",50007,Urban,60.3 ,53.1, 68.2,N/A , N/A , N/A,55,stable,-1.3 ,-3.3, 1.0
"Jefferson County, Wisconsin(2)",55055,Rural,60.3 ,51.1, 70.7,N/A , N/A , N/A,33,falling,-1.5 ,-2.5, -0.5
"Poweshiek County, Iowa(7)",19157,Rural,60.3 ,43.1, 83.1,N/A , N/A , N/A,8,stable,-0.6 ,-2.4, 1.4
"Winona County, Minnesota(2)",27169,Rural,60.3 ,48.2, 74.6,N/A , N/A , N/A,19,stable,-0.8 ,-3.1, 1.6
"Will County, Illinois(7)",17197,Urban,60.2 ,56.4, 64.2,N/A , N/A , N/A,207,falling,-3.6 ,-7.3, -2.5
"Dubuque County, Iowa(7)",19061,Urban,60.2 ,51.8, 69.8,N/A , N/A , N/A,38,falling,-2.4 ,-3.2, -1.6
"Monongalia County, West Virginia(2)",54061,Urban,60.2 ,50.5, 71.2,N/A , N/A , N/A,30,falling,-4.4 ,-12.0, -1.9
"Montgomery County, Arkansas(2)",05097,Rural,60.2 ,37.7, 95.5,N/A , N/A , N/A,5,stable,-3.8 ,-8.1, 0.0
"Clark County, Indiana(2)",18019,Urban,60.2 ,52, 69.3,N/A , N/A , N/A,43,falling,-13.8 ,-27.8, -4.9
"Nacogdoches County, Texas(7)",48347,Rural,60.2 ,48.7, 73.6,N/A , N/A , N/A,20,falling,-4.0 ,-6.5, -1.8
"Fond du Lac County, Wisconsin(2)",55039,Urban,60.2 ,52, 69.3,N/A , N/A , N/A,41,stable,-1.5 ,-3.2, 0.2
"Greenville County, South Carolina(2)",45045,Urban,60.1 ,56, 64.4,N/A , N/A , N/A,174,falling,-3.3 ,-3.9, -2.8
"Calhoun County, South Carolina(2)",45017,Urban,60.1 ,40.4, 87.6,N/A , N/A , N/A,7,falling,-3.3 ,-6.2, -0.4
"Champaign County, Illinois(7)",17019,Urban,60 ,53.1, 67.7,N/A , N/A , N/A,57,falling,-2.4 ,-3.6, -1.3
"Huntingdon County, Pennsylvania(2)",42061,Rural,60 ,48.8, 73.4,N/A , N/A , N/A,21,falling,-2.4 ,-4.5, -0.4
"Live Oak County, Texas(7)",48297,Rural,60 ,39, 89.6,N/A , N/A , N/A,5,falling,-4.0 ,-8.3, -0.2
"Sussex County, New Jersey(7)",34037,Urban,60 ,52.8, 68,N/A , N/A , N/A,56,stable,-1.4 ,-2.7, 0.0
"Benton County, Arkansas(2)",05007,Urban,60 ,54.2, 66.1,N/A , N/A , N/A,83,falling,-8.2 ,-14.1, -1.8
"Glades County, Florida(2)",12043,Rural,60 ,41.9, 86.3,N/A , N/A , N/A,7,stable,-2.1 ,-5.4, 1.2
"Hillsborough County, New Hampshire(2)",33011,Urban,59.9 ,55.6, 64.6,N/A , N/A , N/A,151,falling,-1.9 ,-2.7, -1.2
"Kent County, Michigan(2)",26081,Urban,59.9 ,56.1, 63.9,N/A , N/A , N/A,200,falling,-1.7 ,-2.5, -0.9
"Union County, Pennsylvania(2)",42119,Rural,59.9 ,47.3, 75,N/A , N/A , N/A,16,falling,-2.3 ,-4.4, -0.2
"Rockbridge County, Virginia(2)",51163,Rural,59.9 ,44.7, 79.7,N/A , N/A , N/A,12,stable,-1.1 ,-4.2, 2.1
"Otsego County, Michigan(2)",26137,Rural,59.8 ,44.9, 79,N/A , N/A , N/A,12,stable,-2.5 ,-5.2, 0.1
"Monroe County, Illinois(7)",17133,Urban,59.8 ,45.8, 77,N/A , N/A , N/A,13,stable,-1.8 ,-3.6, 0.0
"Carlton County, Minnesota(2)",27017,Urban,59.8 ,46.4, 76.1,N/A , N/A , N/A,14,stable,-1.6 ,-3.9, 0.6
"Manitowoc County, Wisconsin(2)",55071,Rural,59.8 ,51.3, 69.4,N/A , N/A , N/A,38,stable,-1.1 ,-2.7, 0.5
"Stafford County, Virginia(2)",51179,Urban,59.8 ,51.1, 69.5,N/A , N/A , N/A,38,falling,-4.1 ,-5.9, -2.0
"Davison County, South Dakota(2)",46035,Rural,59.8 ,42, 83,N/A , N/A , N/A,8,stable,-23.9 ,-47.7, 2.1
"Hartford County, Connecticut(7)",09003,Urban,59.7 ,56.8, 62.8,N/A , N/A , N/A,319,falling,-1.6 ,-1.9, -1.3
"Marquette County, Michigan(2)",26103,Rural,59.7 ,49.8, 71.3,N/A , N/A , N/A,27,falling,-2.3 ,-4.1, -0.5
"La Crosse County, Wisconsin(2)",55063,Urban,59.7 ,51.7, 68.7,N/A , N/A , N/A,42,falling,-1.7 ,-3.2, -0.1
"Union County, Ohio(2)",39159,Urban,59.7 ,47.5, 74,N/A , N/A , N/A,18,falling,-2.3 ,-4.4, -0.1
"New Hanover County, North Carolina(2)",37129,Urban,59.7 ,53.9, 65.9,N/A , N/A , N/A,83,falling,-3.7 ,-6.5, -2.9
"Muskegon County, Michigan(2)",26121,Urban,59.7 ,53.2, 66.8,N/A , N/A , N/A,67,falling,-11.6 ,-20.4, -2.3
"Delaware County, Iowa(7)",19055,Rural,59.7 ,42, 83.3,N/A , N/A , N/A,8,stable,-1.5 ,-3.3, 0.3
"Alleghany County, North Carolina(2)",37005,Rural,59.6 ,40.4, 88.2,N/A , N/A , N/A,6,stable,-1.8 ,-5.3, 1.9
"Maries County, Missouri(2)",29125,Rural,59.6 ,35.7, 96.2,N/A , N/A , N/A,4,stable,-2.1 ,-7.9, 3.5
"Suffolk County, New York(7)",36103,Urban,59.6 ,57.3, 61.9,N/A , N/A , N/A,546,falling,-2.1 ,-2.5, -1.8
"Accomack County, Virginia(2)",51001,Rural,59.6 ,47.6, 74.5,N/A , N/A , N/A,18,falling,-4.1 ,-6.3, -2.0
"Freeborn County, Minnesota(2)",27047,Rural,59.6 ,46.6, 75.8,N/A , N/A , N/A,15,stable,-0.2 ,-2.6, 2.2
"Becker County, Minnesota(2)",27005,Rural,59.6 ,47.1, 74.8,N/A , N/A , N/A,17,stable,-0.8 ,-3.3, 1.8
"Polk County, Wisconsin(2)",55095,Rural,59.5 ,48.5, 72.8,N/A , N/A , N/A,22,stable,-0.2 ,-1.9, 1.6
"Carson City, Nevada(2)",32510,Urban,59.5 ,49.3, 71.4,N/A , N/A , N/A,25,stable,-2.4 ,-4.9, 0.0
"Moore County, Tennessee(2)",47127,Rural,59.5 ,33.6, 101.9,N/A , N/A , N/A,3,stable,-3.5 ,-7.4, 0.0
"Medina County, Ohio(2)",39103,Urban,59.4 ,53.2, 66.2,N/A , N/A , N/A,71,falling,-2.3 ,-3.3, -1.1
"Ontario County, New York(7)",36069,Urban,59.4 ,51.8, 68,N/A , N/A , N/A,47,falling,-2.4 ,-3.6, -1.2
"Goodhue County, Minnesota(2)",27049,Rural,59.4 ,48, 72.9,N/A , N/A , N/A,20,stable,-0.8 ,-3.1, 1.6
"York County, Nebraska(2)",31185,Rural,59.3 ,39.4, 86.8,N/A , N/A , N/A,6,stable,-2.5 ,-6.1, 0.9
"Ashe County, North Carolina(2)",37009,Rural,59.3 ,46.2, 76.1,N/A , N/A , N/A,15,stable,-2.6 ,-5.2, 0.0
"Chatham County, Georgia(7)",13051,Urban,59.3 ,54, 65.1,N/A , N/A , N/A,95,falling,-3.1 ,-3.8, -2.3
"Cottonwood County, Minnesota(2)",27033,Rural,59.3 ,38.8, 88.7,N/A , N/A , N/A,5,stable,-0.1 ,-4.8, 4.7
"Westmoreland County, Pennsylvania(2)",42129,Urban,59.3 ,55.2, 63.7,N/A , N/A , N/A,166,falling,-2.5 ,-3.4, -1.7
"Belknap County, New Hampshire(2)",33001,Rural,59.3 ,49.9, 70.2,N/A , N/A , N/A,31,falling,-4.5 ,-6.5, -3.5
"Dade County, Missouri(2)",29057,Rural,59.3 ,35.6, 96.6,N/A , N/A , N/A,4,stable,-2.6 ,-5.3, 0.0
"Kootenai County, Idaho(7)",16055,Urban,59.2 ,52.8, 66.3,N/A , N/A , N/A,67,falling,-1.4 ,-2.6, -0.1
"Rockingham County, New Hampshire(2)",33015,Urban,59.2 ,54.5, 64.3,N/A , N/A , N/A,127,falling,-3.1 ,-4.0, -2.3
"Hancock County, Ohio(2)",39063,Rural,59.2 ,49.6, 70.2,N/A , N/A , N/A,28,falling,-2.0 ,-3.8, -0.2
"Richardson County, Nebraska(2)",31147,Rural,59.2 ,36.4, 95.1,N/A , N/A , N/A,4,stable,-1.1 ,-5.9, 3.7
"Livingston County, New York(7)",36051,Urban,59.2 ,49, 71.1,N/A , N/A , N/A,25,falling,-2.4 ,-3.8, -0.9
"Payne County, Oklahoma(2)",40119,Rural,59.2 ,48.3, 71.7,N/A , N/A , N/A,21,falling,-3.4 ,-5.1, -1.9
"St. Lucie County, Florida(2)",12111,Urban,59.1 ,55, 63.5,N/A , N/A , N/A,163,falling,-2.8 ,-3.3, -2.2
"Jay County, Indiana(2)",18075,Rural,59.1 ,40.7, 83.3,N/A , N/A , N/A,7,falling,-5.3 ,-8.6, -2.7
"Aitkin County, Minnesota(2)",27001,Rural,59.1 ,44.4, 80.5,N/A , N/A , N/A,12,falling,-15.5 ,-34.5, -1.7
"Todd County, Minnesota(2)",27153,Rural,59 ,45.3, 76.5,N/A , N/A , N/A,13,stable,-1.3 ,-3.3, 0.9
"Culpeper County, Virginia(2)",51047,Urban,59 ,47.6, 72.5,N/A , N/A , N/A,19,falling,-2.7 ,-5.1, -0.1
"Mackinac County, Michigan(2)",26097,Rural,59 ,38.1, 90.3,N/A , N/A , N/A,6,stable,-2.1 ,-4.9, 0.4
"Marion County, Oregon(2)",41047,Urban,59 ,54.1, 64.2,N/A , N/A , N/A,114,falling,-2.1 ,-2.7, -1.5
"Cherokee County, Georgia(7)",13057,Urban,59 ,53, 65.4,N/A , N/A , N/A,83,falling,-2.9 ,-4.2, -1.4
"Platte County, Nebraska(2)",31141,Rural,59 ,45.2, 75.8,N/A , N/A , N/A,13,falling,-3.4 ,-6.0, -0.8
"Saunders County, Nebraska(2)",31155,Urban,58.9 ,42.5, 80.1,N/A , N/A , N/A,9,stable,-1.8 ,-4.4, 0.9
"Clarke County, Georgia(7)",13059,Urban,58.9 ,49.1, 70.1,N/A , N/A , N/A,28,falling,-2.2 ,-3.9, -0.4
"Posey County, Indiana(2)",18129,Urban,58.9 ,43.3, 78.9,N/A , N/A , N/A,10,falling,-3.4 ,-6.4, -0.5
"Christian County, Missouri(2)",29043,Urban,58.9 ,49.7, 69.3,N/A , N/A , N/A,30,falling,-3.2 ,-4.8, -1.4
"McKean County, Pennsylvania(2)",42083,Rural,58.8 ,46.8, 73.4,N/A , N/A , N/A,17,stable,-2.0 ,-5.2, 1.0
"Henderson County, North Carolina(2)",37089,Urban,58.8 ,52, 66.5,N/A , N/A , N/A,57,falling,-1.7 ,-2.8, -0.5
"Fluvanna County, Virginia(2)",51065,Urban,58.8 ,44.3, 77.3,N/A , N/A , N/A,12,stable,-1.4 ,-5.2, 2.6
"Pend Oreille County, Washington(2)",53051,Rural,58.8 ,40.7, 84.6,N/A , N/A , N/A,8,falling,-4.2 ,-8.1, -0.4
"Appomattox County, Virginia(2)",51011,Urban,58.8 ,41.3, 82.6,N/A , N/A , N/A,7,stable,-2.6 ,-17.0, 4.8
"Newport News City, Virginia(2)",51700,Urban,58.8 ,51.5, 66.8,N/A , N/A , N/A,51,falling,-3.2 ,-4.6, -1.7
"Lincoln County, Tennessee(2)",47103,Rural,58.7 ,45.7, 74.8,N/A , N/A , N/A,15,falling,-4.2 ,-7.3, -2.3
"Wasco County, Oregon(2)",41065,Rural,58.7 ,44.2, 77.2,N/A , N/A , N/A,12,stable,-1.5 ,-6.0, 2.8
"New London County, Connecticut(7)",09011,Urban,58.7 ,53.7, 64.1,N/A , N/A , N/A,107,falling,-1.8 ,-2.5, -1.2
"Eaton County, Michigan(2)",26045,Urban,58.7 ,50.8, 67.5,N/A , N/A , N/A,43,falling,-2.1 ,-3.8, -0.4
"Manassas Park City, Virginia(2)",51685,Urban,58.6 ,32.8, 95.2,N/A , N/A , N/A,4,*,*,*,*
"Alachua County, Florida(2)",12001,Urban,58.6 ,52.9, 64.7,N/A , N/A , N/A,83,falling,-3.3 ,-4.1, -2.5
"Umatilla County, Oregon(2)",41059,Rural,58.6 ,49, 69.6,N/A , N/A , N/A,27,stable,-1.3 ,-3.6, 1.1
"Mahaska County, Iowa(7)",19123,Rural,58.6 ,42.6, 79.2,N/A , N/A , N/A,9,falling,-2.2 ,-3.6, -0.7
"Lyon County, Iowa(7)",19119,Rural,58.6 ,37.2, 88.8,N/A , N/A , N/A,5,stable,-1.9 ,-4.1, 0.2
"Lemhi County, Idaho(7)",16059,Rural,58.6 ,37, 93.1,N/A , N/A , N/A,5,stable,-0.5 ,-3.9, 3.6
"DeSoto County, Florida(2)",12027,Rural,58.5 ,46.5, 73.2,N/A , N/A , N/A,17,falling,-1.6 ,-3.1, -0.1
"Cass County, Michigan(2)",26027,Urban,58.5 ,48.4, 70.6,N/A , N/A , N/A,25,stable,-2.3 ,-4.9, 0.3
"Marquette County, Wisconsin(2)",55077,Rural,58.5 ,42.4, 81,N/A , N/A , N/A,9,stable,-2.3 ,-5.6, 0.9
"Daviess County, Missouri(2)",29061,Rural,58.5 ,32.7, 98.2,N/A , N/A , N/A,3,stable,-0.9 ,-6.4, 4.6
"Richland County, Montana(2)",30083,Rural,58.4 ,34.8, 92.4,N/A , N/A , N/A,4,stable,-2.9 ,-7.5, 1.4
"Monroe County, Michigan(2)",26115,Urban,58.4 ,51.8, 65.7,N/A , N/A , N/A,61,falling,-5.0 ,-12.2, -2.8
"Cleveland County, Oklahoma(2)",40027,Urban,58.4 ,52.8, 64.4,N/A , N/A , N/A,86,falling,-3.4 ,-4.7, -2.2
"Navarro County, Texas(7)",48349,Rural,58.4 ,46.7, 72.3,N/A , N/A , N/A,18,falling,-4.6 ,-6.4, -2.9
"Duval County, Texas(7)",48131,Rural,58.3 ,34.4, 93.3,N/A , N/A , N/A,4,stable,-0.7 ,-3.6, 2.4
"Burlington County, New Jersey(7)",34005,Urban,58.3 ,54.3, 62.6,N/A , N/A , N/A,165,falling,-5.8 ,-9.0, -2.2
"Winnebago County, Wisconsin(2)",55139,Urban,58.3 ,51.7, 65.6,N/A , N/A , N/A,59,falling,-1.8 ,-3.3, -0.3
"Dickinson County, Iowa(7)",19059,Rural,58.3 ,42.7, 79.3,N/A , N/A , N/A,10,falling,-1.9 ,-3.1, -0.6
"Cerro Gordo County, Iowa(7)",19033,Rural,58.3 ,46.4, 72.5,N/A , N/A , N/A,18,falling,-2.5 ,-6.1, -1.4
"Lancaster County, Nebraska(2)",31109,Urban,58.3 ,52.9, 64,N/A , N/A , N/A,94,falling,-2.0 ,-3.0, -1.0
"Iowa County, Wisconsin(2)",55049,Urban,58.2 ,42.4, 78.7,N/A , N/A , N/A,10,stable,0.2 ,-3.9, 4.9
"Salem City, Virginia(2)",51775,Urban,58.1 ,42.4, 78.3,N/A , N/A , N/A,9,falling,-4.1 ,-6.2, -2.3
"Leon County, Florida(2)",12073,Urban,58.1 ,52.4, 64.3,N/A , N/A , N/A,82,falling,-2.7 ,-3.6, -1.7
"Moffat County, Colorado(2)",08081,Rural,58 ,36.4, 88.4,N/A , N/A , N/A,5,*,*,*,*
"Aiken County, South Carolina(2)",45003,Urban,57.9 ,51.7, 64.8,N/A , N/A , N/A,67,falling,-2.9 ,-3.8, -2.0
"Ingham County, Michigan(2)",26065,Urban,57.9 ,52.2, 64.1,N/A , N/A , N/A,81,falling,-1.0 ,-1.8, -0.2
"Jasper County, Iowa(7)",19099,Urban,57.9 ,45.5, 72.9,N/A , N/A , N/A,16,falling,-6.2 ,-15.6, -3.4
"Cochise County, Arizona(2)",04003,Urban,57.8 ,51.2, 65.2,N/A , N/A , N/A,59,falling,-1.7 ,-2.9, -0.5
"Waseca County, Minnesota(2)",27161,Rural,57.8 ,40.3, 81.2,N/A , N/A , N/A,7,stable,-1.4 ,-5.7, 3.1
"Gonzales County, Texas(7)",48177,Rural,57.8 ,40.2, 81.1,N/A , N/A , N/A,7,falling,-2.4 ,-4.3, -0.6
"Kalamazoo County, Michigan(2)",26077,Urban,57.8 ,52.2, 63.9,N/A , N/A , N/A,81,falling,-2.9 ,-4.6, -1.3
"Shasta County, California(7)",06089,Urban,57.8 ,52, 64.2,N/A , N/A , N/A,76,falling,-3.2 ,-4.2, -2.3
"Ulster County, New York(7)",36111,Urban,57.8 ,52, 64.1,N/A , N/A , N/A,77,falling,-8.0 ,-12.2, -2.1
"Jackson County, Texas(7)",48239,Rural,57.8 ,39, 83.5,N/A , N/A , N/A,6,*,*,*,*
"Cumberland County, Maine(2)",23005,Urban,57.8 ,53, 62.9,N/A , N/A , N/A,115,falling,-3.7 ,-6.1, -3.0
"Holmes County, Florida(2)",12059,Rural,57.7 ,41.5, 79,N/A , N/A , N/A,8,stable,-0.3 ,-3.0, 2.7
"Van Buren County, Michigan(2)",26159,Rural,57.7 ,48.6, 68.2,N/A , N/A , N/A,31,falling,-3.3 ,-5.4, -1.4
"Le Sueur County, Minnesota(2)",27079,Urban,57.7 ,43.1, 76,N/A , N/A , N/A,11,stable,-2.5 ,-5.1, 0.2
"Pennington County, South Dakota(2)",46103,Urban,57.7 ,49.7, 66.7,N/A , N/A , N/A,41,falling,-2.1 ,-3.4, -0.7
"Watonwan County, Minnesota(2)",27165,Rural,57.7 ,36.2, 88.6,N/A , N/A , N/A,5,stable,-0.1 ,-5.6, 5.8
"Payette County, Idaho(7)",16075,Rural,57.7 ,42.7, 76.8,N/A , N/A , N/A,10,stable,-1.9 ,-5.2, 1.7
"Dickinson County, Michigan(2)",26043,Rural,57.7 ,43.5, 75.7,N/A , N/A , N/A,12,stable,-0.3 ,-3.0, 2.4
"St. Helena Parish, Louisiana(7)",22091,Urban,57.6 ,35.8, 89.8,N/A , N/A , N/A,5,falling,-7.4 ,-22.6, -5.0
"Randall County, Texas(7)",48381,Urban,57.6 ,49.8, 66.4,N/A , N/A , N/A,42,falling,-1.7 ,-2.8, -0.5
"Patrick County, Virginia(2)",51141,Rural,57.6 ,42.5, 78.3,N/A , N/A , N/A,10,stable,-2.0 ,-5.4, 1.4
"Wayne County, Nebraska(2)",31179,Rural,57.5 ,32.6, 95.4,N/A , N/A , N/A,3,*,*,*,*
"Union County, Georgia(7)",13291,Rural,57.5 ,44.4, 74.8,N/A , N/A , N/A,16,stable,-0.9 ,-2.6, 1.0
"Choctaw County, Alabama(2)",01023,Rural,57.5 ,38.6, 84.8,N/A , N/A , N/A,6,stable,-3.6 ,-8.5, 0.9
"Dallas County, Iowa(7)",19049,Urban,57.4 ,47.5, 68.8,N/A , N/A , N/A,25,falling,-2.0 ,-2.9, -0.9
"Hanover County, Virginia(2)",51085,Urban,57.3 ,49.5, 66.1,N/A , N/A , N/A,41,falling,-2.7 ,-4.2, -1.1
"Lyon County, Minnesota(2)",27083,Rural,57.3 ,41.7, 77.2,N/A , N/A , N/A,9,stable,-0.6 ,-3.3, 2.3
"Catahoula Parish, Louisiana(7)",22025,Rural,57.3 ,32.8, 94.8,N/A , N/A , N/A,4,stable,-1.7 ,-4.9, 1.8
"Waupaca County, Wisconsin(2)",55135,Rural,57.3 ,47.2, 69.3,N/A , N/A , N/A,24,falling,-2.3 ,-4.1, -0.5
"Tolland County, Connecticut(7)",09013,Urban,57.3 ,50.3, 65,N/A , N/A , N/A,52,falling,-2.0 ,-2.7, -1.2
"Franklin County, Massachusetts(2)",25011,Rural,57.3 ,48.2, 67.8,N/A , N/A , N/A,32,stable,-2.2 ,-4.4, 0.1
"Austin County, Texas(7)",48015,Urban,57.3 ,43.3, 74.8,N/A , N/A , N/A,12,falling,-3.0 ,-5.3, -0.6
"Curry County, New Mexico(7)",35009,Rural,57.2 ,43.7, 73.5,N/A , N/A , N/A,13,stable,-1.5 ,-2.9, 0.0
"Clarion County, Pennsylvania(2)",42031,Rural,57.2 ,44.6, 72.6,N/A , N/A , N/A,15,stable,-1.4 ,-3.1, 0.3
"Renville County, Minnesota(2)",27129,Rural,57.2 ,39.4, 81.7,N/A , N/A , N/A,7,stable,0.7 ,-3.3, 5.0
"Madison County, Alabama(2)",01089,Urban,57.2 ,52.6, 62.1,N/A , N/A , N/A,122,falling,-2.3 ,-3.1, -1.5
"Tazewell County, Virginia(2)",51185,Rural,57.2 ,45.6, 71.2,N/A , N/A , N/A,18,falling,-8.5 ,-21.9, -4.5
"Swift County, Minnesota(2)",27151,Rural,57.1 ,36, 88.6,N/A , N/A , N/A,5,stable,-0.6 ,-3.5, 2.5
"Chesterfield County, Virginia(2)",51041,Urban,57.1 ,52.1, 62.4,N/A , N/A , N/A,107,falling,-3.0 ,-4.5, -1.5
"Delaware County, Pennsylvania(2)",42045,Urban,57.1 ,53.4, 61,N/A , N/A , N/A,187,falling,-3.0 ,-3.8, -2.2
"McLennan County, Texas(7)",48309,Urban,57.1 ,51.4, 63.2,N/A , N/A , N/A,78,falling,-3.6 ,-4.5, -2.8
"Susquehanna County, Pennsylvania(2)",42115,Rural,57 ,46, 70.6,N/A , N/A , N/A,20,stable,-2.7 ,-5.7, 0.2
"Lenawee County, Michigan(2)",26091,Rural,57 ,49, 66.1,N/A , N/A , N/A,39,falling,-2.0 ,-3.8, -0.2
"Tom Green County, Texas(7)",48451,Urban,57 ,49.1, 65.9,N/A , N/A , N/A,38,falling,-2.2 ,-3.2, -1.2
"Skagit County, Washington(7)",53057,Urban,57 ,50.2, 64.5,N/A , N/A , N/A,54,falling,-1.9 ,-2.7, -1.0
"Sheboygan County, Wisconsin(2)",55117,Urban,57 ,49.6, 65.2,N/A , N/A , N/A,45,stable,-0.8 ,-2.8, 1.2
"Burnet County, Texas(7)",48053,Rural,57 ,46.8, 69.1,N/A , N/A , N/A,23,falling,-1.9 ,-3.4, -0.2
"Rice County, Minnesota(2)",27131,Rural,56.9 ,46.6, 68.9,N/A , N/A , N/A,22,stable,-1.6 ,-3.5, 0.4
"Sullivan County, New York(7)",36105,Rural,56.8 ,48.1, 66.8,N/A , N/A , N/A,32,falling,-2.6 ,-3.8, -1.3
"Seminole County, Georgia(7)",13253,Rural,56.8 ,34.3, 91.7,N/A , N/A , N/A,4,stable,-2.5 ,-6.4, 2.1
"Hardin County, Iowa(7)",19083,Rural,56.8 ,39.7, 80,N/A , N/A , N/A,8,stable,-1.5 ,-3.1, 0.0
"Mineral County, West Virginia(2)",54057,Rural,56.8 ,42.9, 74.4,N/A , N/A , N/A,12,falling,-4.5 ,-6.8, -2.4
"Charles Mix County, South Dakota(2)",46023,Rural,56.8 ,32.7, 93.2,N/A , N/A , N/A,3,stable,-0.6 ,-5.8, 4.6
"Lincoln County, Wisconsin(2)",55069,Rural,56.8 ,43.5, 73.6,N/A , N/A , N/A,13,falling,-3.3 ,-5.2, -1.5
"Ramsey County, Minnesota(2)",27123,Urban,56.7 ,52.7, 60.9,N/A , N/A , N/A,160,falling,-1.5 ,-2.6, -0.4
"Antelope County, Nebraska(2)",31003,Rural,56.7 ,32.2, 97.6,N/A , N/A , N/A,3,stable,-1.1 ,-4.9, 2.9
"Grand Traverse County, Michigan(2)",26055,Urban,56.7 ,48.5, 66,N/A , N/A , N/A,37,stable,-1.3 ,-3.2, 0.9
"Richland County, South Carolina(2)",45079,Urban,56.7 ,51.8, 62,N/A , N/A , N/A,108,falling,-3.6 ,-4.6, -2.7
"Las Animas County, Colorado(2)",08071,Rural,56.7 ,38.7, 82,N/A , N/A , N/A,7,stable,-0.8 ,-5.2, 3.9
"Kent County, Maryland(2)",24029,Rural,56.7 ,41.2, 77.7,N/A , N/A , N/A,9,falling,-2.9 ,-6.0, -0.1
"Randolph County, Georgia(7)",13243,Rural,56.6 ,32.1, 99.2,N/A , N/A , N/A,3,stable,-3.3 ,-7.5, 0.9
"Canadian County, Oklahoma(2)",40017,Urban,56.6 ,48.9, 65.2,N/A , N/A , N/A,42,falling,-3.0 ,-4.8, -1.1
"Greene County, Ohio(2)",39057,Urban,56.6 ,50.2, 63.7,N/A , N/A , N/A,59,falling,-2.4 ,-3.7, -1.1
"Mathews County, Virginia(2)",51115,Urban,56.6 ,35.9, 90.9,N/A , N/A , N/A,5,falling,-3.0 ,-5.9, -0.3
"DeWitt County, Texas(7)",48123,Rural,56.6 ,39.7, 78.8,N/A , N/A , N/A,8,stable,-2.6 ,-5.6, 0.2
"Stutsman County, North Dakota(2)",38093,Rural,56.6 ,40.1, 78,N/A , N/A , N/A,8,falling,-3.0 ,-6.3, -0.1
"Kenai Peninsula Borough, Alaska(2)",02122,Rural,56.5 ,46, 68.8,N/A , N/A , N/A,23,falling,-3.2 ,-5.7, -0.4
"Texas County, Oklahoma(2)",40139,Rural,56.5 ,37.5, 81.6,N/A , N/A , N/A,6,falling,-3.5 ,-7.1, -0.3
"Charleston County, South Carolina(2)",45019,Urban,56.4 ,52.1, 61.1,N/A , N/A , N/A,133,falling,-3.0 ,-3.7, -2.2
"Bee County, Texas(7)",48025,Rural,56.4 ,39.9, 77.3,N/A , N/A , N/A,8,falling,-3.2 ,-5.7, -0.8
"Multnomah County, Oregon(2)",41051,Urban,56.4 ,53, 60,N/A , N/A , N/A,223,stable,0.5 ,-2.9, 3.0
"Frederick County, Virginia(2)",51069,Urban,56.4 ,48.1, 65.8,N/A , N/A , N/A,35,stable,-3.8 ,-18.5, 0.7
"Barry County, Michigan(2)",26015,Urban,56.4 ,46.1, 68.4,N/A , N/A , N/A,24,stable,-1.9 ,-4.0, 0.2
"Douglas County, Missouri(2)",29067,Rural,56.4 ,37.7, 83.5,N/A , N/A , N/A,6,stable,-2.3 ,-5.3, 0.7
"Bandera County, Texas(7)",48019,Urban,56.4 ,43.1, 74.3,N/A , N/A , N/A,13,stable,-2.3 ,-5.1, 0.9
"Lyon County, Nevada(2)",32019,Urban,56.3 ,46.6, 67.7,N/A , N/A , N/A,26,stable,-2.3 ,-4.7, 0.2
"Tompkins County, New York(7)",36109,Urban,56.2 ,47.4, 66.3,N/A , N/A , N/A,31,stable,-1.0 ,-2.1, 0.2
"Houston County, Georgia(7)",13153,Urban,56.2 ,48.7, 64.5,N/A , N/A , N/A,45,falling,-8.8 ,-19.8, -2.6
"Floyd County, Iowa(7)",19067,Rural,56.2 ,39, 79.7,N/A , N/A , N/A,7,stable,-1.3 ,-3.1, 0.6
"Churchill County, Nevada(2)",32001,Rural,56.1 ,41.6, 74.7,N/A , N/A , N/A,10,stable,-1.5 ,-4.7, 1.7
"Carroll County, Illinois(7)",17015,Rural,56.1 ,39.4, 78.9,N/A , N/A , N/A,8,stable,0.5 ,-2.9, 12.6
"Dutchess County, New York(7)",36027,Urban,56.1 ,51.4, 61.1,N/A , N/A , N/A,112,falling,-2.5 ,-3.3, -1.8
"Marathon County, Wisconsin(2)",55073,Urban,56.1 ,49.2, 63.7,N/A , N/A , N/A,51,falling,-1.7 ,-3.0, -0.3
"Pembina County, North Dakota(2)",38067,Rural,56.1 ,32.7, 94.1,N/A , N/A , N/A,4,stable,-1.1 ,-6.1, 4.1
"Middlesex County, Connecticut(7)",09007,Urban,56 ,50, 62.6,N/A , N/A , N/A,68,falling,-1.5 ,-2.0, -0.9
"Emmet County, Michigan(2)",26047,Rural,56 ,43.4, 71.6,N/A , N/A , N/A,15,stable,-2.9 ,-6.1, 0.3
"Putnam County, New York(7)",36079,Urban,56 ,47.8, 65.3,N/A , N/A , N/A,36,falling,-2.4 ,-3.4, -1.4
"Mason County, Washington(7)",53045,Rural,55.9 ,47.2, 66.1,N/A , N/A , N/A,31,falling,-9.5 ,-19.0, -3.0
"Cumberland County, Pennsylvania(2)",42041,Urban,55.9 ,50.8, 61.4,N/A , N/A , N/A,93,falling,-1.4 ,-2.6, -0.2
"St. Johns County, Florida(2)",12109,Urban,55.9 ,51.2, 60.9,N/A , N/A , N/A,111,falling,-2.9 ,-3.7, -2.2
"Milam County, Texas(7)",48331,Rural,55.9 ,41.4, 74.4,N/A , N/A , N/A,11,falling,-3.3 ,-5.1, -1.5
"Macon County, Alabama(2)",01087,Urban,55.9 ,39.4, 78.4,N/A , N/A , N/A,8,stable,-0.7 ,-4.5, 3.5
"Lincoln County, Montana(2)",30053,Rural,55.8 ,42, 74.7,N/A , N/A , N/A,12,stable,-2.7 ,-6.4, 1.2
"Bleckley County, Georgia(7)",13023,Rural,55.8 ,34.7, 86.3,N/A , N/A , N/A,4,stable,-2.7 ,-6.6, 1.2
"Carbon County, Utah(7)",49007,Rural,55.8 ,37.7, 79.8,N/A , N/A , N/A,7,stable,-0.2 ,-2.0, 1.7
"Allamakee County, Iowa(7)",19005,Rural,55.7 ,37.4, 81.3,N/A , N/A , N/A,6,falling,-2.3 ,-4.4, -0.4
"Sibley County, Minnesota(2)",27143,Rural,55.7 ,36.5, 82.3,N/A , N/A , N/A,6,stable,-0.5 ,-2.7, 1.8
"Anchorage Borough, Alaska(2)",02020,Urban,55.7 ,49.7, 62.1,N/A , N/A , N/A,75,falling,-3.1 ,-3.7, -2.4
"Colorado County, Texas(7)",48089,Rural,55.7 ,39.7, 76.7,N/A , N/A , N/A,8,stable,-0.7 ,-3.1, 1.7
"Bastrop County, Texas(7)",48021,Urban,55.7 ,47, 65.6,N/A , N/A , N/A,32,falling,-3.3 ,-5.2, -1.2
"Guadalupe County, Texas(7)",48187,Urban,55.6 ,48.7, 63.4,N/A , N/A , N/A,50,falling,-2.9 ,-4.2, -1.3
"Pulaski County, Georgia(7)",13235,Rural,55.6 ,33.7, 89.9,N/A , N/A , N/A,4,stable,-2.0 ,-6.6, 3.4
"Pittsylvania County, Virginia(2)",51143,Rural,55.6 ,46.3, 66.5,N/A , N/A , N/A,27,falling,-3.7 ,-5.6, -2.0
"Avery County, North Carolina(2)",37011,Rural,55.5 ,39.1, 77.7,N/A , N/A , N/A,8,stable,-2.5 ,-5.0, 0.0
"Isle of Wight County, Virginia(2)",51093,Urban,55.5 ,43.7, 70,N/A , N/A , N/A,16,falling,-4.2 ,-6.5, -1.7
"Dawson County, Georgia(7)",13085,Urban,55.4 ,41.5, 73.2,N/A , N/A , N/A,12,stable,-2.9 ,-6.6, 1.6
"Cedar County, Nebraska(2)",31027,Rural,55.4 ,31.8, 92.1,N/A , N/A , N/A,4,*,*,*,*
"Clallam County, Washington(7)",53009,Rural,55.4 ,47.8, 64.2,N/A , N/A , N/A,42,falling,-1.6 ,-2.5, -0.6
"Franklin County, Pennsylvania(2)",42055,Urban,55.3 ,49.1, 62.2,N/A , N/A , N/A,60,falling,-2.3 ,-3.3, -1.3
"Tioga County, Pennsylvania(2)",42117,Rural,55.3 ,44.3, 68.7,N/A , N/A , N/A,19,falling,-4.4 ,-14.4, -2.5
"Jefferson County, Oregon(2)",41031,Urban,55.3 ,40.2, 74.6,N/A , N/A , N/A,10,stable,-1.4 ,-4.2, 1.8
"Buffalo County, Nebraska(2)",31019,Rural,55.2 ,43.1, 69.7,N/A , N/A , N/A,15,stable,-2.7 ,-5.3, 0.0
"Saline County, Nebraska(2)",31151,Rural,55.2 ,35, 83.3,N/A , N/A , N/A,5,stable,-1.2 ,-5.6, 3.3
"Otter Tail County, Minnesota(2)",27111,Rural,55.2 ,46.1, 65.8,N/A , N/A , N/A,29,stable,-0.8 ,-2.2, 0.6
"Anne Arundel County, Maryland(2)",24003,Urban,55.1 ,51.4, 59,N/A , N/A , N/A,177,falling,-3.3 ,-4.1, -2.9
"Martin County, Florida(2)",12085,Urban,55.1 ,49.9, 60.8,N/A , N/A , N/A,91,falling,-2.2 ,-3.1, -1.4
"Steele County, Minnesota(2)",27147,Rural,55 ,42.1, 70.9,N/A , N/A , N/A,13,stable,-1.1 ,-3.2, 1.1
"Outagamie County, Wisconsin(2)",55087,Urban,55 ,48.7, 61.8,N/A , N/A , N/A,60,falling,-2.6 ,-3.7, -1.5
"Hughes County, South Dakota(2)",46065,Rural,55 ,36.4, 80.1,N/A , N/A , N/A,6,stable,-1.6 ,-4.3, 1.3
"Hamilton County, New York(7)",36041,Rural,55 ,31.9, 105.6,N/A , N/A , N/A,4,stable,-3.7 ,-7.8, 0.7
"Jackson County, North Carolina(2)",37099,Rural,55 ,43.1, 69.5,N/A , N/A , N/A,16,stable,-1.6 ,-4.0, 1.0
"Victoria County, Texas(7)",48469,Urban,55 ,46.2, 65,N/A , N/A , N/A,29,falling,-3.5 ,-5.4, -1.7
"Lincoln County, Maine(2)",23015,Rural,54.9 ,43.2, 69.5,N/A , N/A , N/A,18,stable,-1.8 ,-3.9, 0.3
"Franklin County, Texas(7)",48159,Rural,54.9 ,33.7, 86.5,N/A , N/A , N/A,4,stable,-1.9 ,-5.7, 1.8
"Bucks County, Pennsylvania(2)",42017,Urban,54.9 ,51.7, 58.2,N/A , N/A , N/A,239,falling,-2.3 ,-3.3, -1.4
"Columbia County, Wisconsin(2)",55021,Urban,54.9 ,44.9, 66.7,N/A , N/A , N/A,23,falling,-2.7 ,-4.8, -0.6
"Sumter County, Florida(2)",12119,Urban,54.9 ,49.7, 61.1,N/A , N/A , N/A,128,falling,-9.7 ,-13.7, -4.0
"Hall County, Georgia(7)",13139,Urban,54.8 ,48.9, 61.4,N/A , N/A , N/A,64,falling,-3.2 ,-4.1, -2.2
"Beadle County, South Dakota(2)",46005,Rural,54.8 ,37.4, 78.1,N/A , N/A , N/A,7,stable,-2.5 ,-6.7, 1.3
"Jefferson County, Florida(2)",12065,Urban,54.8 ,36.3, 80.8,N/A , N/A , N/A,6,falling,-2.9 ,-5.8, -0.1
"Brown County, Wisconsin(2)",55009,Urban,54.8 ,49.4, 60.5,N/A , N/A , N/A,84,falling,-1.9 ,-3.1, -0.8
"Wabasha County, Minnesota(2)",27157,Urban,54.8 ,39.9, 74.3,N/A , N/A , N/A,9,stable,-2.0 ,-4.4, 0.5
"Fairfax City, Virginia(2)",51600,Urban,54.7 ,36.3, 79,N/A , N/A , N/A,6,stable,0.3 ,-3.9, 4.8
"Lewis County, Washington(2)",53041,Rural,54.6 ,46.4, 64.1,N/A , N/A , N/A,34,falling,-3.2 ,-5.2, -1.4
"Seminole County, Florida(2)",12117,Urban,54.6 ,50.6, 58.9,N/A , N/A , N/A,142,falling,-3.0 ,-4.0, -1.9
"Warren County, Pennsylvania(2)",42123,Rural,54.6 ,43.6, 68,N/A , N/A , N/A,18,stable,-1.4 ,-3.3, 0.5
"Buchanan County, Virginia(2)",51027,Rural,54.6 ,39.2, 75,N/A , N/A , N/A,9,falling,-3.4 ,-6.6, -0.6
"Crawford County, Wisconsin(2)",55023,Rural,54.5 ,38.1, 77.1,N/A , N/A , N/A,8,falling,-3.6 ,-6.7, -0.9
"Martin County, Minnesota(2)",27091,Rural,54.5 ,39.3, 74.7,N/A , N/A , N/A,9,stable,-0.8 ,-3.2, 1.8
"Canyon County, Idaho(7)",16027,Urban,54.5 ,48.5, 61,N/A , N/A , N/A,65,falling,-2.4 ,-3.6, -1.0
"Montgomery County, Texas(7)",48339,Urban,54.5 ,50.7, 58.5,N/A , N/A , N/A,172,falling,-4.0 ,-4.8, -3.1
"Suffolk County, Massachusetts(2)",25025,Urban,54.5 ,50.9, 58.2,N/A , N/A , N/A,185,falling,-11.3 ,-19.5, -3.7
"Humboldt County, California(7)",06023,Rural,54.4 ,47.4, 62.3,N/A , N/A , N/A,47,falling,-2.1 ,-3.0, -1.1
"Morrow County, Oregon(2)",41049,Rural,54.4 ,32.8, 85.6,N/A , N/A , N/A,4,falling,-5.4 ,-10.3, -1.4
"Woodward County, Oklahoma(2)",40153,Rural,54.4 ,37.5, 76.7,N/A , N/A , N/A,7,falling,-4.6 ,-8.6, -1.2
"Bennington County, Vermont(2)",50003,Rural,54.4 ,43.1, 68.3,N/A , N/A , N/A,17,falling,-3.1 ,-5.5, -0.9
"Snohomish County, Washington(7)",53061,Urban,54.3 ,51.1, 57.8,N/A , N/A , N/A,232,falling,-2.0 ,-2.5, -1.5
"Red Willow County, Nebraska(2)",31145,Rural,54.3 ,33.8, 84.8,N/A , N/A , N/A,4,stable,-2.2 ,-5.9, 1.3
"Benewah County, Idaho(7)",16009,Rural,54.3 ,34.1, 85.2,N/A , N/A , N/A,5,falling,-4.1 ,-7.8, -0.5
"Livingston County, Michigan(2)",26093,Urban,54.2 ,48.4, 60.7,N/A , N/A , N/A,69,falling,-2.6 ,-3.6, -1.5
"Butler County, Pennsylvania(2)",42019,Urban,54.2 ,48.7, 60.3,N/A , N/A , N/A,74,falling,-10.3 ,-15.2, -4.3
"Sagadahoc County, Maine(2)",23023,Urban,54.2 ,43, 68.2,N/A , N/A , N/A,17,falling,-2.9 ,-5.2, -0.4
"Clay County, Iowa(7)",19041,Rural,54.2 ,37.6, 77,N/A , N/A , N/A,7,stable,-1.6 ,-3.4, 0.3
"Grand Isle County, Vermont(2)",50013,Urban,54.2 ,28.6, 96.5,N/A , N/A , N/A,3,stable,-1.6 ,-5.5, 2.4
"Hood County, Texas(7)",48221,Rural,54.2 ,45.6, 64.3,N/A , N/A , N/A,29,falling,-2.6 ,-4.3, -0.6
"Henry County, Georgia(7)",13151,Urban,54.2 ,47.8, 61.1,N/A , N/A , N/A,59,falling,-3.9 ,-5.0, -2.7
"Silver Bow County, Montana(2)",30093,Rural,54.1 ,41.6, 69.6,N/A , N/A , N/A,14,falling,-2.7 ,-5.3, -0.4
"Currituck County, North Carolina(2)",37053,Urban,54.1 ,39.2, 73.2,N/A , N/A , N/A,10,falling,-3.4 ,-6.2, -0.5
"Crook County, Wyoming(2)",56011,Rural,54.1 ,30.6, 92.6,N/A , N/A , N/A,3,*,*,*,*
"Houston County, Texas(7)",48225,Rural,54 ,39.6, 72.8,N/A , N/A , N/A,9,falling,-2.6 ,-4.9, -0.3
"Williams County, North Dakota(2)",38105,Rural,54 ,37.3, 75,N/A , N/A , N/A,8,stable,-1.2 ,-3.6, 1.1
"Union County, South Dakota(2)",46127,Urban,54 ,35.9, 78.7,N/A , N/A , N/A,6,stable,-1.8 ,-4.8, 1.6
"Fulton County, Ohio(2)",39051,Urban,53.9 ,42.3, 68,N/A , N/A , N/A,16,stable,-1.5 ,-4.1, 1.2
"Douglas County, Oregon(2)",41019,Rural,53.9 ,47.2, 61.4,N/A , N/A , N/A,52,falling,-2.7 ,-4.6, -0.8
"Pocahontas County, West Virginia(2)",54075,Rural,53.8 ,32.1, 88.8,N/A , N/A , N/A,4,stable,-2.9 ,-7.7, 1.6
"Cook County, Illinois(7)",17031,Urban,53.7 ,52.5, 55,N/A , N/A , N/A,1454,falling,-4.3 ,-5.7, -3.2
"Dodge County, Nebraska(2)",31053,Rural,53.7 ,41.6, 68.6,N/A , N/A , N/A,14,falling,-6.1 ,-14.8, -3.5
"Burleigh County, North Dakota(2)",38015,Urban,53.7 ,45.4, 63.1,N/A , N/A , N/A,31,stable,-1.3 ,-3.6, 1.3
"Kewaunee County, Wisconsin(2)",55061,Urban,53.7 ,37.8, 74.7,N/A , N/A , N/A,8,stable,-0.8 ,-4.3, 2.8
"Ward County, North Dakota(2)",38101,Urban,53.7 ,43, 66.1,N/A , N/A , N/A,18,falling,-3.2 ,-4.9, -1.6
"Platte County, Missouri(2)",29165,Urban,53.6 ,45.3, 63.1,N/A , N/A , N/A,32,falling,-14.4 ,-20.1, -8.1
"Washington County, Rhode Island(2)",44009,Urban,53.6 ,47, 61,N/A , N/A , N/A,52,falling,-3.0 ,-7.4, -1.9
"Cass County, Nebraska(2)",31025,Urban,53.6 ,39, 72.3,N/A , N/A , N/A,10,falling,-3.5 ,-5.9, -1.2
"Butte County, California(7)",06007,Urban,53.5 ,47.9, 59.6,N/A , N/A , N/A,70,falling,-2.9 ,-3.6, -2.3
"Mercer County, New Jersey(7)",34021,Urban,53.5 ,49, 58.3,N/A , N/A , N/A,110,falling,-2.4 ,-3.2, -1.7
"Owyhee County, Idaho(7)",16073,Urban,53.5 ,33, 83.1,N/A , N/A , N/A,4,stable,-2.8 ,-5.7, 0.2
"Essex County, Massachusetts(2)",25009,Urban,53.5 ,50.5, 56.6,N/A , N/A , N/A,259,falling,-9.3 ,-12.8, -5.4
"Rusk County, Wisconsin(2)",55107,Rural,53.5 ,37.3, 76.6,N/A , N/A , N/A,7,stable,-1.2 ,-5.1, 3.0
"Dare County, North Carolina(2)",37055,Rural,53.4 ,41.6, 68.1,N/A , N/A , N/A,16,stable,-2.8 ,-5.8, 0.1
"Madison County, Nebraska(2)",31119,Rural,53.4 ,40.2, 69.7,N/A , N/A , N/A,12,falling,-5.0 ,-14.4, -3.0
"Monroe County, Florida(2)",12087,Rural,53.4 ,46.3, 61.6,N/A , N/A , N/A,42,falling,-3.2 ,-4.6, -2.0
"Lewis and Clark County, Montana(2)",30049,Urban,53.3 ,44, 64.2,N/A , N/A , N/A,25,falling,-1.5 ,-2.6, -0.3
"Clayton County, Iowa(7)",19043,Rural,53.3 ,37.3, 75.2,N/A , N/A , N/A,8,stable,-1.5 ,-3.4, 0.4
"Washington County, Vermont(2)",50023,Rural,53.3 ,43.7, 64.5,N/A , N/A , N/A,23,falling,-9.7 ,-20.2, -1.3
"Seward County, Nebraska(2)",31159,Urban,53.3 ,36.2, 76.4,N/A , N/A , N/A,6,falling,-3.7 ,-7.6, -0.2
"Yellow Medicine County, Minnesota(2)",27173,Rural,53.2 ,32.1, 85.3,N/A , N/A , N/A,4,stable,-16.1 ,-42.2, 1.3
"Georgetown County, South Carolina(2)",45043,Rural,53.2 ,45.1, 62.9,N/A , N/A , N/A,33,falling,-3.0 ,-5.8, -0.2
"Logan County, Colorado(2)",08075,Rural,53.1 ,36.9, 74.4,N/A , N/A , N/A,7,stable,-1.3 ,-4.8, 2.3
"Tarrant County, Texas(7)",48439,Urban,53.1 ,50.9, 55.4,N/A , N/A , N/A,475,falling,-5.3 ,-8.5, -3.5
"Worcester County, Maryland(2)",24047,Rural,53 ,44.4, 63.5,N/A , N/A , N/A,27,falling,-3.3 ,-5.4, -1.4
"Monmouth County, New Jersey(7)",34025,Urban,53 ,49.8, 56.5,N/A , N/A , N/A,212,falling,-2.7 ,-3.2, -2.3
"Lewis County, New York(7)",36049,Rural,53 ,39.2, 70.8,N/A , N/A , N/A,10,falling,-9.7 ,-23.9, -2.4
"Hardy County, West Virginia(2)",54031,Rural,53 ,35.5, 77.8,N/A , N/A , N/A,6,stable,-1.3 ,-4.2, 1.7
"Mercer County, Ohio(2)",39107,Rural,53 ,41.3, 67.3,N/A , N/A , N/A,15,stable,-2.4 ,-5.0, 0.0
"Wells County, Indiana(2)",18179,Urban,53 ,38.9, 71,N/A , N/A , N/A,10,stable,-1.9 ,-5.0, 1.2
"Barnwell County, South Carolina(2)",45011,Rural,53 ,36, 75.6,N/A , N/A , N/A,7,falling,-18.1 ,-29.9, -2.5
"Columbia County, Georgia(7)",13073,Urban,53 ,45.6, 61.2,N/A , N/A , N/A,41,falling,-3.4 ,-4.4, -2.3
"Grimes County, Texas(7)",48185,Rural,52.9 ,39.8, 69.5,N/A , N/A , N/A,12,falling,-3.1 ,-5.0, -1.0
"Lubbock County, Texas(7)",48303,Urban,52.8 ,47.4, 58.7,N/A , N/A , N/A,73,falling,-3.0 ,-4.1, -2.0
"Yamhill County, Oregon(2)",41071,Urban,52.8 ,45.1, 61.5,N/A , N/A , N/A,35,falling,-2.3 ,-4.4, -0.2
"Lake County, Illinois(7)",17097,Urban,52.8 ,49.4, 56.3,N/A , N/A , N/A,196,falling,-1.9 ,-2.6, -1.1
"Scotts Bluff County, Nebraska(2)",31157,Rural,52.7 ,39.9, 68.6,N/A , N/A , N/A,12,stable,-1.6 ,-4.2, 1.0
"Oakland County, Michigan(2)",26125,Urban,52.7 ,50.4, 55.2,N/A , N/A , N/A,406,falling,-4.3 ,-8.1, -2.9
"Edgefield County, South Carolina(2)",45037,Urban,52.7 ,38.3, 71.3,N/A , N/A , N/A,10,falling,-3.3 ,-6.0, -0.5
"Holt County, Nebraska(2)",31089,Rural,52.7 ,32.3, 83.6,N/A , N/A , N/A,4,stable,-1.8 ,-6.7, 2.6
"Dawson County, Texas(7)",48115,Rural,52.6 ,29.8, 85.7,N/A , N/A , N/A,3,stable,-2.6 ,-7.5, 1.8
"McLeod County, Minnesota(2)",27085,Rural,52.6 ,40.6, 67.4,N/A , N/A , N/A,13,stable,-1.7 ,-4.8, 1.6
"Lancaster County, Pennsylvania(2)",42071,Urban,52.6 ,49.2, 56.2,N/A , N/A , N/A,188,falling,-2.1 ,-2.7, -1.5
"Kendall County, Illinois(7)",17093,Urban,52.6 ,43.6, 62.8,N/A , N/A , N/A,27,falling,-2.3 ,-3.9, -0.4
"Windham County, Vermont(2)",50025,Rural,52.6 ,41.5, 66,N/A , N/A , N/A,18,falling,-3.4 ,-5.4, -1.6
"Pipestone County, Minnesota(2)",27117,Rural,52.5 ,31, 85.6,N/A , N/A , N/A,4,*,*,*,*
"Waller County, Texas(7)",48473,Urban,52.5 ,40.4, 67.2,N/A , N/A , N/A,14,falling,-3.6 ,-5.5, -1.5
"Amador County, California(7)",06005,Rural,52.5 ,42.5, 64.8,N/A , N/A , N/A,20,falling,-2.4 ,-3.6, -1.2
"Comanche County, Texas(7)",48093,Rural,52.5 ,35.2, 77,N/A , N/A , N/A,6,stable,-2.8 ,-5.8, 0.0
"Dakota County, Minnesota(2)",27037,Urban,52.5 ,48.2, 57,N/A , N/A , N/A,122,falling,-1.7 ,-2.7, -0.5
"Cuming County, Nebraska(2)",31039,Rural,52.5 ,28.5, 89.6,N/A , N/A , N/A,3,falling,-3.0 ,-5.3, -1.1
"Rockwall County, Texas(7)",48397,Urban,52.5 ,43.1, 63.2,N/A , N/A , N/A,25,falling,-3.9 ,-6.0, -1.4
"Allegan County, Michigan(2)",26005,Rural,52.4 ,45.2, 60.5,N/A , N/A , N/A,42,stable,-1.9 ,-4.1, 0.4
"Osceola County, Florida(2)",12097,Urban,52.3 ,47.7, 57.3,N/A , N/A , N/A,99,falling,-2.7 ,-3.7, -1.6
"Wake County, North Carolina(2)",37183,Urban,52.3 ,49.3, 55.4,N/A , N/A , N/A,249,falling,-3.6 ,-6.5, -2.6
"Chaves County, New Mexico(7)",35005,Rural,52.3 ,42.4, 63.9,N/A , N/A , N/A,20,falling,-1.8 ,-2.6, -1.0
"Dallas County, Texas(7)",48113,Urban,52.3 ,50.2, 54.4,N/A , N/A , N/A,551,falling,-3.4 ,-3.9, -3.0
"Clatsop County, Oregon(2)",41007,Rural,52.3 ,41.2, 65.8,N/A , N/A , N/A,17,falling,-4.3 ,-14.9, -1.5
"Norfolk County, Massachusetts(2)",25021,Urban,52.2 ,49.1, 55.4,N/A , N/A , N/A,222,falling,-7.6 ,-14.1, -1.4
"Richland County, Wisconsin(2)",55103,Rural,52.2 ,37, 73,N/A , N/A , N/A,8,stable,-0.9 ,-3.6, 2.0
"Miami-Dade County, Florida(2)",12086,Urban,52.1 ,50.5, 53.8,N/A , N/A , N/A,787,falling,-1.9 ,-2.5, -1.3
"Runnels County, Texas(7)",48399,Rural,52 ,31.6, 82.7,N/A , N/A , N/A,4,stable,-2.1 ,-5.1, 0.8
"Matanuska-Susitna Borough, Alaska(2)",02170,Urban,52 ,43.1, 62.2,N/A , N/A , N/A,29,falling,-3.3 ,-5.0, -1.5
"Calumet County, Wisconsin(2)",55015,Urban,52 ,40.9, 65.4,N/A , N/A , N/A,16,stable,0.3 ,-2.9, 4.1
"Sutter County, California(7)",06101,Urban,52 ,43.7, 61.3,N/A , N/A , N/A,29,falling,-3.1 ,-4.4, -1.8
"Keith County, Nebraska(2)",31101,Rural,51.9 ,32, 84.2,N/A , N/A , N/A,4,*,*,*,*
"Macon County, North Carolina(2)",37113,Rural,51.9 ,41.3, 65.1,N/A , N/A , N/A,18,falling,-7.5 ,-12.0, -5.0
"Newport County, Rhode Island(2)",44005,Urban,51.9 ,44.3, 60.6,N/A , N/A , N/A,35,falling,-2.1 ,-3.4, -0.9
"Taylor County, Wisconsin(2)",55119,Rural,51.9 ,36.4, 72.5,N/A , N/A , N/A,8,stable,-0.2 ,-2.1, 1.9
"Nez Perce County, Idaho(7)",16069,Urban,51.8 ,40.7, 65.4,N/A , N/A , N/A,16,falling,-2.3 ,-4.1, -0.5
"Ravalli County, Montana(2)",30081,Rural,51.8 ,42.2, 63.6,N/A , N/A , N/A,22,stable,-1.7 ,-3.5, 0.1
"Lincoln Parish, Louisiana(7)",22061,Rural,51.8 ,39.3, 67.2,N/A , N/A , N/A,12,falling,-3.2 ,-5.9, -0.6
"Pecos County, Texas(7)",48371,Rural,51.8 ,30.7, 81.4,N/A , N/A , N/A,4,stable,-2.4 ,-5.5, 0.6
"Mecklenburg County, North Carolina(2)",37119,Urban,51.8 ,48.7, 55,N/A , N/A , N/A,232,falling,-2.8 ,-3.7, -1.9
"Wood County, Ohio(2)",39173,Urban,51.8 ,44.4, 60,N/A , N/A , N/A,38,falling,-2.3 ,-3.7, -1.0
"Scott County, Virginia(2)",51169,Urban,51.8 ,38.5, 69.5,N/A , N/A , N/A,10,falling,-5.0 ,-8.0, -2.6
"Warren County, Iowa(7)",19181,Urban,51.7 ,40.7, 65,N/A , N/A , N/A,16,falling,-2.7 ,-3.8, -1.5
"Knox County, Maine(2)",23013,Rural,51.7 ,41.6, 64.3,N/A , N/A , N/A,19,falling,-4.0 ,-6.2, -2.1
"Washington County, Wisconsin(2)",55131,Urban,51.7 ,45.2, 58.9,N/A , N/A , N/A,49,falling,-2.0 ,-3.9, -0.1
"Lee County, Texas(7)",48287,Rural,51.7 ,35, 74.5,N/A , N/A , N/A,7,stable,-1.7 ,-5.5, 2.5
"Fulton County, Georgia(7)",13121,Urban,51.7 ,48.6, 54.9,N/A , N/A , N/A,234,falling,-2.6 ,-2.8, -2.3
"Essex County, New York(7)",36031,Rural,51.6 ,40.9, 65,N/A , N/A , N/A,17,falling,-2.5 ,-4.5, -0.4
"Chelan County, Washington(2)",53007,Urban,51.6 ,43.1, 61.4,N/A , N/A , N/A,28,falling,-1.7 ,-3.1, -0.3
"Portage County, Wisconsin(2)",55097,Rural,51.4 ,42.3, 62.2,N/A , N/A , N/A,24,falling,-2.9 ,-5.0, -0.9
"Lee County, Florida(2)",12071,Urban,51.4 ,49, 53.9,N/A , N/A , N/A,382,falling,-2.9 ,-3.6, -2.2
"Kerr County, Texas(7)",48265,Rural,51.3 ,42.8, 61.6,N/A , N/A , N/A,26,falling,-3.0 ,-4.8, -1.3
"Bremer County, Iowa(7)",19017,Urban,51.2 ,36.2, 70.7,N/A , N/A , N/A,8,falling,-2.1 ,-3.3, -0.9
"Manatee County, Florida(2)",12081,Urban,51.2 ,48, 54.7,N/A , N/A , N/A,195,falling,-3.3 ,-4.2, -2.5
"Washington County, Iowa(7)",19183,Urban,51.2 ,35.5, 71.8,N/A , N/A , N/A,7,stable,-0.5 ,-2.0, 1.1
"Sarasota County, Florida(2)",12115,Urban,51.1 ,48.1, 54.4,N/A , N/A , N/A,256,falling,-7.4 ,-11.4, -2.9
"Lavaca County, Texas(7)",48285,Rural,51.1 ,36.7, 70.4,N/A , N/A , N/A,8,falling,-3.1 ,-5.1, -1.2
"Washakie County, Wyoming(2)",56043,Rural,51.1 ,28.4, 87.8,N/A , N/A , N/A,3,stable,-1.8 ,-5.9, 2.2
"Barnstable County, Massachusetts(2)",25001,Urban,51.1 ,46.7, 55.8,N/A , N/A , N/A,115,falling,-2.4 ,-3.3, -1.6
"Durham County, North Carolina(2)",37063,Urban,51.1 ,45.8, 56.7,N/A , N/A , N/A,75,falling,-3.8 ,-5.0, -2.6
"Windsor County, Vermont(2)",50027,Rural,51.1 ,42.1, 61.7,N/A , N/A , N/A,25,falling,-3.9 ,-8.2, -2.7
"New Castle County, Delaware(2)",10003,Urban,51 ,47.6, 54.7,N/A , N/A , N/A,170,falling,-3.0 ,-4.1, -2.0
"Charlevoix County, Michigan(2)",26029,Rural,51 ,38.7, 67.2,N/A , N/A , N/A,12,falling,-5.3 ,-9.5, -3.1
"Door County, Wisconsin(2)",55029,Rural,50.9 ,40.1, 65,N/A , N/A , N/A,16,stable,-1.8 ,-4.6, 1.2
"Lincoln County, Oregon(2)",41041,Rural,50.9 ,41.9, 62,N/A , N/A , N/A,25,falling,-3.3 ,-4.7, -1.9
"Tuolumne County, California(7)",06109,Rural,50.9 ,42.5, 61,N/A , N/A , N/A,27,falling,-4.3 ,-6.0, -2.7
"Adams County, Indiana(2)",18001,Rural,50.9 ,37.7, 67.4,N/A , N/A , N/A,10,stable,-2.0 ,-4.7, 0.7
"Cheboygan County, Michigan(2)",26031,Rural,50.9 ,39.3, 66.2,N/A , N/A , N/A,14,falling,-7.8 ,-25.6, -2.8
"Clay County, Texas(7)",48077,Urban,50.9 ,32.3, 79.3,N/A , N/A , N/A,5,stable,-3.6 ,-8.2, 1.5
"Montrose County, Colorado(2)",08085,Rural,50.8 ,40.5, 63.5,N/A , N/A , N/A,18,stable,-2.4 ,-4.7, 0.0
"Ashland County, Wisconsin(2)",55003,Rural,50.8 ,33.9, 74.4,N/A , N/A , N/A,6,stable,-3.1 ,-7.0, 0.6
"Wharton County, Texas(7)",48481,Rural,50.8 ,38.9, 65.3,N/A , N/A , N/A,13,falling,-3.5 ,-6.1, -1.1
"Fillmore County, Minnesota(2)",27045,Urban,50.8 ,36.4, 69.8,N/A , N/A , N/A,8,stable,-2.3 ,-5.1, 0.4
"Jasper County, South Carolina(2)",45053,Urban,50.7 ,37.8, 67.2,N/A , N/A , N/A,11,stable,-3.0 ,-6.5, 1.0
"Llano County, Texas(7)",48299,Rural,50.6 ,38.4, 67.6,N/A , N/A , N/A,13,falling,-3.2 ,-5.0, -1.4
"Twin Falls County, Idaho(7)",16083,Urban,50.6 ,42, 60.4,N/A , N/A , N/A,26,falling,-3.6 ,-4.9, -2.3
"Poquoson City, Virginia(2)",51735,Urban,50.5 ,31, 79,N/A , N/A , N/A,4,stable,-2.4 ,-6.2, 1.8
"Otero County, Colorado(2)",08089,Rural,50.5 ,34.7, 72,N/A , N/A , N/A,7,falling,-4.7 ,-8.2, -1.9
"Forsyth County, Georgia(7)",13117,Urban,50.4 ,44.4, 57,N/A , N/A , N/A,56,falling,-4.0 ,-5.2, -2.6
"Washington County, Minnesota(2)",27163,Urban,50.3 ,45.2, 55.9,N/A , N/A , N/A,75,stable,-1.0 ,-2.3, 0.5
"Roberts County, South Dakota(2)",46109,Rural,50.3 ,30, 81,N/A , N/A , N/A,4,stable,-3.0 ,-6.7, 0.4
"Starr County, Texas(7)",48427,Rural,50.3 ,38.4, 64.6,N/A , N/A , N/A,12,stable,-1.8 ,-3.8, 0.3
"Pope County, Minnesota(2)",27121,Rural,50.2 ,32, 77.5,N/A , N/A , N/A,5,stable,-2.1 ,-5.8, 1.6
"Hennepin County, Minnesota(2)",27053,Urban,50.2 ,47.7, 52.8,N/A , N/A , N/A,328,falling,-1.8 ,-2.2, -1.4
"Goochland County, Virginia(2)",51075,Urban,50.2 ,37, 67.6,N/A , N/A , N/A,10,falling,-4.2 ,-7.6, -0.9
"Waukesha County, Wisconsin(2)",55133,Urban,50.1 ,46.3, 54.2,N/A , N/A , N/A,137,falling,-2.6 ,-3.4, -1.7
"Bronx County, New York(7)",36005,Urban,50.1 ,47.6, 52.7,N/A , N/A , N/A,327,falling,-2.8 ,-5.4, -2.2
"Mesa County, Colorado(2)",08077,Urban,50.1 ,44.1, 56.8,N/A , N/A , N/A,53,falling,-3.1 ,-4.2, -2.1
"Lake County, South Dakota(2)",46079,Rural,50.1 ,29.7, 80.8,N/A , N/A , N/A,4,stable,-5.0 ,-11.9, 0.5
"Clark County, Washington(2)",53011,Urban,50.1 ,46.2, 54.1,N/A , N/A , N/A,136,falling,-4.9 ,-7.3, -3.6
"Polk County, North Carolina(2)",37149,Rural,50 ,35.4, 70.4,N/A , N/A , N/A,9,falling,-4.0 ,-7.9, -0.5
"Modoc County, California(7)",06049,Rural,50 ,30.6, 81.6,N/A , N/A , N/A,4,stable,-0.4 ,-3.4, 3.1
"Lee County, Alabama(2)",01081,Urban,50 ,43, 57.7,N/A , N/A , N/A,40,falling,-2.2 ,-3.7, -0.5
"Adams County, Washington(2)",53001,Rural,50 ,31.2, 75.5,N/A , N/A , N/A,5,stable,-1.8 ,-4.9, 1.3
"Otero County, New Mexico(7)",35035,Rural,49.9 ,40.7, 60.6,N/A , N/A , N/A,22,falling,-5.2 ,-14.4, -1.9
"Ste. Genevieve County, Missouri(2)",29186,Rural,49.9 ,34.5, 70.7,N/A , N/A , N/A,7,stable,-2.4 ,-5.3, 0.6
"Del Norte County, California(7)",06015,Rural,49.9 ,36.5, 67,N/A , N/A , N/A,10,falling,-3.9 ,-5.7, -2.2
"Cascade County, Montana(2)",30013,Urban,49.9 ,41.8, 59.1,N/A , N/A , N/A,29,falling,-3.6 ,-5.8, -1.7
"Grafton County, New Hampshire(2)",33009,Rural,49.7 ,42.4, 58.2,N/A , N/A , N/A,35,falling,-1.4 ,-2.4, -0.3
"Plymouth County, Iowa(7)",19149,Rural,49.7 ,35.2, 68.6,N/A , N/A , N/A,8,stable,-0.8 ,-2.2, 0.7
"Brazos County, Texas(7)",48041,Urban,49.7 ,42.8, 57.4,N/A , N/A , N/A,39,falling,-2.8 ,-4.1, -1.4
"Shawano County, Wisconsin(2)",55115,Rural,49.7 ,39.4, 62.4,N/A , N/A , N/A,17,falling,-4.0 ,-5.7, -2.5
"Kitsap County, Washington(7)",53035,Urban,49.6 ,45, 54.7,N/A , N/A , N/A,89,falling,-2.4 ,-2.8, -1.9
"Olmsted County, Minnesota(2)",27109,Urban,49.6 ,43.2, 56.7,N/A , N/A , N/A,45,falling,-2.2 ,-3.9, -0.5
"Clinton County, Michigan(2)",26037,Urban,49.6 ,41, 59.5,N/A , N/A , N/A,25,stable,-1.8 ,-3.5, 0.0
"Carroll County, Iowa(7)",19027,Rural,49.6 ,34.8, 69.3,N/A , N/A , N/A,8,stable,-1.4 ,-2.9, 0.2
"Kleberg County, Texas(7)",48273,Rural,49.5 ,34.5, 68.7,N/A , N/A , N/A,7,falling,-4.9 ,-7.2, -2.9
"Scott County, Minnesota(2)",27139,Urban,49.5 ,41.8, 58.1,N/A , N/A , N/A,32,falling,-2.5 ,-4.1, -0.6
"Washington County, Texas(7)",48477,Rural,49.4 ,38.2, 63.5,N/A , N/A , N/A,14,falling,-3.2 ,-5.4, -0.9
"Mitchell County, Iowa(7)",19131,Rural,49.4 ,29.3, 79.8,N/A , N/A , N/A,4,falling,-2.3 ,-4.7, -0.2
"Erath County, Texas(7)",48143,Rural,49.4 ,36.7, 65,N/A , N/A , N/A,11,stable,-2.2 ,-4.5, 0.3
"Stephenson County, Illinois(7)",17177,Rural,49.2 ,39.3, 61.3,N/A , N/A , N/A,18,falling,-3.1 ,-4.7, -1.4
"Richland County, North Dakota(2)",38077,Rural,49.2 ,33, 71.7,N/A , N/A , N/A,6,stable,-1.8 ,-5.2, 1.5
"Platte County, Wyoming(2)",56031,Rural,49.1 ,29.5, 81,N/A , N/A , N/A,4,stable,-2.1 ,-5.4, 1.3
"Montgomery County, Pennsylvania(2)",42091,Urban,49 ,46.3, 51.9,N/A , N/A , N/A,258,falling,-5.2 ,-9.1, -2.5
"Huron County, Michigan(2)",26063,Rural,49 ,37.8, 63.4,N/A , N/A , N/A,14,stable,-1.8 ,-4.5, 0.7
"Meade County, South Dakota(2)",46093,Urban,49 ,35, 66.9,N/A , N/A , N/A,9,stable,-2.9 ,-6.3, 0.5
"Cobb County, Georgia(7)",13067,Urban,49 ,45.6, 52.7,N/A , N/A , N/A,167,falling,-3.2 ,-3.7, -2.6
"Calhoun County, Iowa(7)",19025,Rural,49 ,29.7, 78.5,N/A , N/A , N/A,4,falling,-2.1 ,-3.7, -0.6
"Atascosa County, Texas(7)",48013,Urban,49 ,37.5, 62.9,N/A , N/A , N/A,13,falling,-3.9 ,-5.8, -1.9
"Nodaway County, Missouri(2)",29147,Rural,49 ,32.4, 71.5,N/A , N/A , N/A,6,stable,-3.1 ,-6.8, 0.4
"Middlesex County, Massachusetts(2)",25017,Urban,49 ,46.9, 51.1,N/A , N/A , N/A,437,falling,-7.3 ,-11.1, -3.4
"Huerfano County, Colorado(2)",08055,Rural,49 ,26.3, 89.8,N/A , N/A , N/A,3,stable,-4.1 ,-10.1, 0.9
"Talbot County, Maryland(2)",24041,Rural,48.9 ,39, 61.5,N/A , N/A , N/A,17,falling,-2.8 ,-5.5, -0.3
"Harris County, Texas(7)",48201,Urban,48.9 ,47.4, 50.4,N/A , N/A , N/A,941,falling,-3.4 ,-3.9, -2.9
"Claiborne County, Mississippi(2)",28021,Rural,48.9 ,27.2, 84.3,N/A , N/A , N/A,3,*,*,*,*
"Kane County, Illinois(7)",17089,Urban,48.9 ,45.1, 52.9,N/A , N/A , N/A,131,falling,-3.1 ,-3.8, -2.3
"Klickitat County, Washington(2)",53039,Rural,48.8 ,36.1, 65.9,N/A , N/A , N/A,10,falling,-23.0 ,-38.7, -4.4
"Bonner County, Idaho(7)",16017,Rural,48.8 ,39.2, 60.5,N/A , N/A , N/A,20,falling,-2.1 ,-3.6, -0.4
"Lawrence County, South Dakota(2)",46081,Rural,48.8 ,35.8, 65.8,N/A , N/A , N/A,11,stable,-2.6 ,-5.5, 0.5
"Polk County, Oregon(2)",41053,Urban,48.7 ,40.6, 58,N/A , N/A , N/A,26,falling,-2.2 ,-3.7, -0.6
"Whatcom County, Washington(7)",53073,Urban,48.7 ,43.4, 54.4,N/A , N/A , N/A,66,falling,-1.6 ,-2.2, -0.9
"Jackson County, Oregon(2)",41029,Urban,48.6 ,43.9, 53.8,N/A , N/A , N/A,81,falling,-2.9 ,-3.8, -2.0
"Valley County, Montana(2)",30105,Rural,48.6 ,27.4, 83.7,N/A , N/A , N/A,3,stable,-3.0 ,-9.2, 3.0
"Siskiyou County, California(7)",06093,Rural,48.6 ,39, 60.5,N/A , N/A , N/A,19,falling,-3.4 ,-5.5, -1.5
"Adams County, Colorado(2)",08001,Urban,48.6 ,44.2, 53.4,N/A , N/A , N/A,98,falling,-3.1 ,-4.2, -1.9
"Blanco County, Texas(7)",48031,Rural,48.6 ,29.9, 77.4,N/A , N/A , N/A,5,stable,-2.0 ,-5.5, 2.2
"Chatham County, North Carolina(2)",37037,Urban,48.5 ,41, 57.4,N/A , N/A , N/A,31,falling,-3.7 ,-5.7, -1.6
"Orange County, Florida(2)",12095,Urban,48.4 ,46, 51,N/A , N/A , N/A,316,falling,-3.8 ,-4.3, -3.3
"District of Columbia(2)",11001,Urban,48.4 ,44.8, 52.3,N/A , N/A , N/A,140,falling,-7.2 ,-10.7, -4.6
"Island County, Washington(7)",53029,Rural,48.4 ,41.3, 56.6,N/A , N/A , N/A,36,falling,-2.3 ,-3.1, -1.5
"Pueblo County, Colorado(2)",08101,Urban,48.4 ,42.6, 54.8,N/A , N/A , N/A,54,falling,-1.9 ,-3.4, -0.5
"Stanislaus County, California(7)",06099,Urban,48.4 ,44.6, 52.4,N/A , N/A , N/A,126,falling,-3.8 ,-7.5, -3.0
"James City County, Virginia(2)",51095,Urban,48.4 ,41, 56.9,N/A , N/A , N/A,32,stable,-0.7 ,-3.2, 2.2
"Andrews County, Texas(7)",48003,Rural,48.2 ,26.6, 79.3,N/A , N/A , N/A,3,*,*,*,*
"McLean County, North Dakota(2)",38055,Rural,48.2 ,28.9, 78.4,N/A , N/A , N/A,4,stable,-1.6 ,-5.3, 2.0
"Nassau County, New York(7)",36059,Urban,48.1 ,46, 50.3,N/A , N/A , N/A,409,falling,-2.4 ,-2.7, -2.1
"Converse County, Wyoming(2)",56009,Rural,48.1 ,28.7, 76.2,N/A , N/A , N/A,4,falling,-3.5 ,-7.0, -0.2
"Adams County, Nebraska(2)",31001,Rural,48.1 ,35.2, 64.4,N/A , N/A , N/A,10,falling,-4.2 ,-6.4, -2.3
"Butte County, South Dakota(2)",46019,Rural,48 ,27.7, 79.1,N/A , N/A , N/A,4,stable,-1.1 ,-5.6, 3.7
"Wood County, Wisconsin(2)",55141,Rural,48 ,40.1, 57.3,N/A , N/A , N/A,27,falling,-2.7 ,-4.2, -1.2
"Hockley County, Texas(7)",48219,Urban,47.9 ,32, 69.4,N/A , N/A , N/A,6,falling,-4.6 ,-6.9, -2.5
"Franklin County, Washington(2)",53021,Urban,47.9 ,37.8, 59.7,N/A , N/A , N/A,17,falling,-3.2 ,-4.6, -1.7
"Washburn County, Wisconsin(2)",55129,Rural,47.9 ,33.6, 68.6,N/A , N/A , N/A,8,stable,-2.6 ,-5.8, 0.5
"Nantucket County, Massachusetts(2)",25019,Rural,47.9 ,28.7, 75.6,N/A , N/A , N/A,4,*,*,*,*
"Jefferson County, Iowa(7)",19101,Rural,47.9 ,31.5, 71.2,N/A , N/A , N/A,6,stable,-1.1 ,-3.0, 1.2
"Lafayette County, Wisconsin(2)",55065,Rural,47.9 ,31.2, 71,N/A , N/A , N/A,6,falling,-3.7 ,-6.5, -1.2
"Montgomery County, Virginia(2)",51121,Urban,47.8 ,39.2, 57.9,N/A , N/A , N/A,22,falling,-14.1 ,-26.6, -2.6
"Bergen County, New Jersey(7)",34003,Urban,47.7 ,45.2, 50.4,N/A , N/A , N/A,275,falling,-2.2 ,-2.7, -1.7
"Klamath County, Oregon(2)",41035,Rural,47.7 ,39.6, 57.2,N/A , N/A , N/A,26,falling,-2.9 ,-5.1, -0.8
"Fairbanks North Star, Alaska(2)",02090,Urban,47.7 ,38.2, 58.7,N/A , N/A , N/A,21,falling,-3.3 ,-5.1, -1.4
"Grant County, Washington(2)",53025,Rural,47.7 ,39.6, 56.9,N/A , N/A , N/A,26,falling,-2.6 ,-4.4, -0.7
"Harris County, Georgia(7)",13145,Urban,47.6 ,35.6, 62.9,N/A , N/A , N/A,12,falling,-4.1 ,-6.8, -1.5
"Bingham County, Idaho(7)",16011,Rural,47.6 ,36.4, 61.3,N/A , N/A , N/A,13,stable,-1.1 ,-3.1, 1.3
"DeKalb County, Georgia(7)",13089,Urban,47.6 ,44.2, 51.2,N/A , N/A , N/A,158,falling,-2.8 ,-3.4, -2.2
"Sheridan County, Wyoming(2)",56033,Rural,47.5 ,35.2, 63.2,N/A , N/A , N/A,11,falling,-2.9 ,-5.7, -0.1
"Orange County, North Carolina(2)",37135,Urban,47.4 ,40.5, 55.3,N/A , N/A , N/A,36,falling,-3.5 ,-4.8, -2.2
"Rockdale County, Georgia(7)",13247,Urban,47.4 ,38.7, 57.5,N/A , N/A , N/A,23,falling,-3.6 ,-5.1, -2.1
"Grand County, Utah(7)",49019,Rural,47.4 ,26, 80.9,N/A , N/A , N/A,3,*,*,*,*
"Delaware County, Ohio(2)",39041,Urban,47.3 ,41.6, 53.7,N/A , N/A , N/A,53,falling,-4.7 ,-9.7, -3.3
"Jim Wells County, Texas(7)",48249,Rural,47.3 ,34.8, 63,N/A , N/A , N/A,10,falling,-3.1 ,-5.8, -0.7
"Sarpy County, Nebraska(2)",31153,Urban,47.2 ,40.6, 54.5,N/A , N/A , N/A,40,falling,-2.9 ,-4.4, -1.2
"Hampshire County, Massachusetts(2)",25015,Urban,47.2 ,41, 54,N/A , N/A , N/A,46,falling,-2.8 ,-4.2, -1.4
"Passaic County, New Jersey(7)",34031,Urban,47.1 ,43.4, 51,N/A , N/A , N/A,128,falling,-3.0 ,-3.7, -2.3
"Kings County, New York(7)",36047,Urban,47.1 ,45.4, 48.9,N/A , N/A , N/A,607,falling,-3.1 ,-4.1, -2.4
"Washington County, Nebraska(2)",31177,Urban,47.1 ,32, 67.5,N/A , N/A , N/A,7,stable,-1.6 ,-5.5, 2.4
"Queen Annes County, Maryland(2)",24035,Urban,47 ,37.3, 58.8,N/A , N/A , N/A,17,falling,-3.5 ,-5.8, -1.3
"Dane County, Wisconsin(2)",55025,Urban,47 ,43.3, 50.9,N/A , N/A , N/A,130,falling,-2.2 ,-3.2, -1.1
"Gray County, Texas(7)",48179,Rural,47 ,31.8, 67.3,N/A , N/A , N/A,6,stable,-3.0 ,-6.5, 0.1
"Harrisonburg City, Virginia(2)",51660,Urban,47 ,33.2, 64.2,N/A , N/A , N/A,8,stable,-2.5 ,-4.9, 0.0
"Solano County, California(7)",06095,Urban,47 ,43.1, 51.1,N/A , N/A , N/A,118,falling,-3.1 ,-3.7, -2.4
"Yankton County, South Dakota(2)",46135,Rural,47 ,33.1, 65.2,N/A , N/A , N/A,8,stable,-2.4 ,-5.4, 0.5
"Comal County, Texas(7)",48091,Urban,46.9 ,41, 53.5,N/A , N/A , N/A,50,falling,-4.7 ,-10.0, -2.9
"Geauga County, Ohio(2)",39055,Urban,46.9 ,39.8, 55.1,N/A , N/A , N/A,33,falling,-2.2 ,-3.9, -0.5
"Flathead County, Montana(2)",30029,Rural,46.8 ,40, 54.5,N/A , N/A , N/A,37,falling,-2.7 ,-4.2, -1.2
"Carver County, Minnesota(2)",27019,Urban,46.8 ,38.4, 56.4,N/A , N/A , N/A,24,stable,-2.1 ,-4.7, 0.9
"Gaines County, Texas(7)",48165,Rural,46.7 ,26.8, 74.7,N/A , N/A , N/A,4,*,*,*,*
"Trinity County, California(7)",06105,Rural,46.7 ,32.4, 67.4,N/A , N/A , N/A,8,falling,-4.5 ,-7.4, -1.6
"DuPage County, Illinois(7)",17043,Urban,46.7 ,44, 49.5,N/A , N/A , N/A,245,falling,-3.7 ,-5.7, -2.9
"Hale County, Texas(7)",48189,Rural,46.6 ,33.4, 63.6,N/A , N/A , N/A,8,stable,-3.2 ,-6.8, 0.1
"Merced County, California(7)",06047,Urban,46.6 ,41.1, 52.6,N/A , N/A , N/A,54,falling,-4.5 ,-8.3, -3.3
"Sacramento County, California(7)",06067,Urban,46.6 ,44.4, 48.8,N/A , N/A , N/A,370,falling,-3.1 ,-3.5, -2.7
"Hutchinson County, Texas(7)",48233,Rural,46.5 ,31.9, 66.2,N/A , N/A , N/A,7,falling,-3.1 ,-5.4, -1.0
"Pinal County, Arizona(2)",04021,Urban,46.4 ,43.1, 49.9,N/A , N/A , N/A,152,falling,-3.0 ,-3.8, -2.1
"Roseau County, Minnesota(2)",27135,Rural,46.3 ,29.7, 69.9,N/A , N/A , N/A,5,stable,-1.5 ,-5.5, 3.0
"Gwinnett County, Georgia(7)",13135,Urban,46.2 ,42.9, 49.7,N/A , N/A , N/A,169,falling,-3.0 ,-3.4, -2.5
"Hamilton County, Indiana(2)",18057,Urban,46 ,41.2, 51.3,N/A , N/A , N/A,73,falling,-2.8 ,-4.1, -1.4
"Orleans County, Vermont(2)",50019,Rural,46 ,33.9, 62,N/A , N/A , N/A,10,stable,-3.0 ,-6.4, 0.1
"Sac County, Iowa(7)",19161,Rural,46 ,26.2, 77.1,N/A , N/A , N/A,4,*,*,*,*
"Chester County, Pennsylvania(2)",42029,Urban,46 ,42.7, 49.6,N/A , N/A , N/A,146,falling,-2.6 ,-3.4, -1.8
"Frederick County, Maryland(2)",24021,Urban,45.9 ,41, 51.3,N/A , N/A , N/A,67,falling,-4.3 ,-5.5, -3.1
"Shelby County, Alabama(2)",01117,Urban,45.9 ,40.6, 51.7,N/A , N/A , N/A,58,falling,-5.0 ,-6.4, -3.7
"Fremont County, Colorado(2)",08043,Rural,45.9 ,36.9, 56.7,N/A , N/A , N/A,19,falling,-3.1 ,-5.5, -0.6
"Centre County, Pennsylvania(2)",42027,Urban,45.8 ,39.4, 53.1,N/A , N/A , N/A,38,falling,-2.5 ,-4.3, -0.9
"Fremont County, Wyoming(2)",56013,Rural,45.8 ,34.8, 59.5,N/A , N/A , N/A,12,stable,-2.2 ,-4.6, 0.3
"Lea County, New Mexico(7)",35025,Rural,45.7 ,35.2, 58.2,N/A , N/A , N/A,14,falling,-3.0 ,-3.9, -2.1
"Williamsburg City, Virginia(2)",51830,Urban,45.7 ,26.8, 74.9,N/A , N/A , N/A,4,*,*,*,*
"Brookings County, South Dakota(2)",46011,Rural,45.6 ,32.1, 63,N/A , N/A , N/A,8,stable,-0.8 ,-3.9, 2.6
"Bexar County, Texas(7)",48029,Urban,45.6 ,43.6, 47.8,N/A , N/A , N/A,395,falling,-2.8 ,-3.2, -2.4
"Lincoln County, South Dakota(2)",46083,Urban,45.6 ,35.7, 57.4,N/A , N/A , N/A,15,stable,-1.6 ,-3.4, 0.8
"Price County, Wisconsin(2)",55099,Rural,45.5 ,31.1, 67.5,N/A , N/A , N/A,7,falling,-3.5 ,-6.8, -0.3
"Story County, Iowa(7)",19169,Urban,45.5 ,36.7, 55.7,N/A , N/A , N/A,20,falling,-5.2 ,-16.6, -2.2
"Douglas County, Minnesota(2)",27041,Rural,45.5 ,35.6, 57.7,N/A , N/A , N/A,15,stable,-2.2 ,-4.5, 0.1
"Clackamas County, Oregon(2)",41005,Urban,45.4 ,41.8, 49.3,N/A , N/A , N/A,123,falling,-2.8 ,-3.7, -2.0
"Yavapai County, Arizona(2)",04025,Urban,45.4 ,41.6, 49.6,N/A , N/A , N/A,119,falling,-2.7 ,-3.6, -1.8
"Fairfield County, Connecticut(7)",09001,Urban,45.4 ,42.8, 48,N/A , N/A , N/A,245,falling,-2.3 ,-2.6, -2.1
"Cheyenne County, Nebraska(2)",31033,Rural,45.3 ,25.6, 76.4,N/A , N/A , N/A,3,*,*,*,*
"Middlesex County, New Jersey(7)",34023,Urban,45.2 ,42.5, 48.1,N/A , N/A , N/A,212,falling,-3.0 ,-3.5, -2.6
"Yakima County, Washington(2)",53077,Urban,45.2 ,40.1, 50.8,N/A , N/A , N/A,59,falling,-3.7 ,-4.5, -3.0
"Torrance County, New Mexico(7)",35057,Urban,45.2 ,30.1, 66.9,N/A , N/A , N/A,6,stable,-1.5 ,-3.4, 0.9
"Hancock County, Iowa(7)",19081,Rural,45.2 ,27.4, 72.5,N/A , N/A , N/A,4,stable,-1.6 ,-3.6, 0.4
"Rockland County, New York(7)",36087,Urban,45.2 ,40.8, 49.9,N/A , N/A , N/A,80,falling,-2.8 ,-3.9, -1.7
"Fauquier County, Virginia(2)",51061,Urban,45.1 ,36.6, 55.2,N/A , N/A , N/A,21,falling,-2.6 ,-4.8, -0.3
"Addison County, Vermont(2)",50001,Rural,45.1 ,34.6, 58.4,N/A , N/A , N/A,13,falling,-3.2 ,-5.3, -1.0
"York County, Virginia(2)",51199,Urban,45.1 ,36.3, 55.4,N/A , N/A , N/A,19,falling,-2.6 ,-4.9, -0.1
"Midland County, Texas(7)",48329,Urban,45.1 ,37.6, 53.4,N/A , N/A , N/A,28,falling,-3.8 ,-5.5, -2.1
"Broward County, Florida(2)",12011,Urban,45 ,43.3, 46.8,N/A , N/A , N/A,535,falling,-3.1 ,-3.6, -2.6
"Fayette County, Georgia(7)",13113,Urban,45 ,38.2, 52.7,N/A , N/A , N/A,34,falling,-3.2 ,-4.6, -1.7
"Washtenaw County, Michigan(2)",26161,Urban,44.9 ,40.6, 49.6,N/A , N/A , N/A,84,falling,-3.2 ,-4.3, -2.0
"Crawford County, Iowa(7)",19047,Rural,44.9 ,28.1, 68.5,N/A , N/A , N/A,5,falling,-1.7 ,-3.4, -0.1
"Pima County, Arizona(2)",04019,Urban,44.9 ,42.7, 47.1,N/A , N/A , N/A,329,falling,-2.1 ,-2.6, -1.5
"Spokane County, Washington(2)",53063,Urban,44.8 ,41.5, 48.4,N/A , N/A , N/A,144,falling,-7.1 ,-15.5, -4.0
"Manassas City, Virginia(2)",51683,Urban,44.8 ,29.9, 64,N/A , N/A , N/A,7,stable,-2.9 ,-7.0, 1.6
"Denton County, Texas(7)",48121,Urban,44.7 ,41.4, 48.2,N/A , N/A , N/A,160,falling,-4.2 ,-6.6, -3.5
"Kittitas County, Washington(2)",53037,Rural,44.7 ,34.2, 57.7,N/A , N/A , N/A,13,falling,-3.5 ,-5.4, -1.7
"Quay County, New Mexico(7)",35037,Rural,44.6 ,26.7, 74.6,N/A , N/A , N/A,4,stable,-2.2 ,-5.0, 0.4
"Queens County, New York(7)",36081,Urban,44.6 ,43, 46.3,N/A , N/A , N/A,601,falling,-3.0 ,-5.2, -2.5
"Holmes County, Ohio(2)",39075,Rural,44.6 ,32.9, 59,N/A , N/A , N/A,10,stable,0.8 ,-1.8, 3.9
"Houston County, Minnesota(2)",27055,Urban,44.5 ,29.7, 65,N/A , N/A , N/A,6,stable,-0.4 ,-3.4, 2.7
"Jackson County, Oklahoma(2)",40065,Rural,44.5 ,30, 63.9,N/A , N/A , N/A,6,falling,-4.4 ,-7.6, -1.5
"Idaho County, Idaho(7)",16049,Rural,44.5 ,31.9, 62.5,N/A , N/A , N/A,9,stable,-0.8 ,-3.7, 3.0
"Wilbarger County, Texas(7)",48487,Rural,44.5 ,26.4, 71.4,N/A , N/A , N/A,4,*,*,*,*
"Noble County, Ohio(2)",39121,Rural,44.4 ,30.1, 66,N/A , N/A , N/A,8,stable,-3.2 ,-7.0, 1.0
"San Francisco County, California(7)",06075,Urban,44.4 ,41.8, 47.2,N/A , N/A , N/A,225,falling,-2.4 ,-2.7, -2.1
"St. Croix County, Wisconsin(2)",55109,Urban,44.4 ,36.1, 54,N/A , N/A , N/A,22,falling,-9.6 ,-18.7, -4.1
"Box Butte County, Nebraska(2)",31013,Rural,44.3 ,25.8, 73.2,N/A , N/A , N/A,4,stable,-3.2 ,-8.1, 1.3
"Nueces County, Texas(7)",48355,Urban,44.2 ,40, 48.8,N/A , N/A , N/A,85,falling,-3.4 ,-4.1, -2.8
"Clark County, Nevada(2)",32003,Urban,44.2 ,42.5, 46,N/A , N/A , N/A,550,falling,-4.2 ,-4.8, -3.6
"Calhoun County, Texas(7)",48057,Rural,44.2 ,29.7, 64,N/A , N/A , N/A,6,stable,-2.2 ,-5.7, 1.4
"Ada County, Idaho(7)",16001,Urban,44.2 ,40.6, 48.1,N/A , N/A , N/A,116,falling,-2.8 ,-3.9, -1.6
"Humboldt County, Nevada(2)",32013,Rural,44.1 ,26.2, 69.6,N/A , N/A , N/A,4,stable,-3.1 ,-6.5, 0.2
"Oconee County, Georgia(7)",13219,Urban,44.1 ,32.9, 58.2,N/A , N/A , N/A,11,falling,-4.7 ,-7.2, -1.9
"Kingfisher County, Oklahoma(2)",40073,Rural,44 ,26.6, 69.1,N/A , N/A , N/A,4,falling,-5.5 ,-9.9, -2.1
"Putnam County, Ohio(2)",39137,Rural,44 ,32.2, 59,N/A , N/A , N/A,10,stable,-1.4 ,-4.5, 2.0
"King County, Washington(7)",53033,Urban,44 ,42.1, 45.8,N/A , N/A , N/A,473,falling,-3.2 ,-5.2, -2.6
"Pierce County, Wisconsin(2)",55093,Urban,44 ,32.4, 58.4,N/A , N/A , N/A,10,stable,-0.7 ,-3.5, 2.7
"Yellowstone County, Montana(2)",30111,Urban,43.9 ,38.1, 50.3,N/A , N/A , N/A,44,falling,-4.2 ,-5.4, -3.0
"Clarke County, Virginia(2)",51043,Urban,43.9 ,28.4, 66.7,N/A , N/A , N/A,5,stable,-1.8 ,-4.8, 1.4
"San Joaquin County, California(7)",06077,Urban,43.7 ,40.6, 46.9,N/A , N/A , N/A,157,falling,-6.4 ,-12.7, -3.4
"Jo Daviess County, Illinois(7)",17085,Rural,43.6 ,31.6, 60.1,N/A , N/A , N/A,9,falling,-10.3 ,-32.5, -2.1
"Lake County, Montana(2)",30047,Rural,43.6 ,32.9, 57.4,N/A , N/A , N/A,12,falling,-2.9 ,-5.1, -0.7
"Washington County, Oregon(2)",41067,Urban,43.4 ,40, 47.1,N/A , N/A , N/A,124,falling,-2.4 ,-3.5, -1.2
"New York County, New York(7)",36061,Urban,43.4 ,41.5, 45.4,N/A , N/A , N/A,400,falling,-2.6 ,-3.0, -2.2
"Kern County, California(7)",06029,Urban,43.4 ,40.4, 46.6,N/A , N/A , N/A,167,falling,-3.7 ,-4.4, -2.9
"Fresno County, California(7)",06019,Urban,43.3 ,40.6, 46.2,N/A , N/A , N/A,192,falling,-2.5 ,-3.2, -1.7
"Gem County, Idaho(7)",16045,Urban,43.3 ,30.1, 61.7,N/A , N/A , N/A,7,stable,-3.1 ,-6.0, 0.1
"Ottawa County, Michigan(2)",26139,Urban,43.3 ,38.8, 48.1,N/A , N/A , N/A,71,falling,-1.9 ,-3.4, -0.3
"Bannock County, Idaho(7)",16005,Urban,43.2 ,34.9, 53,N/A , N/A , N/A,20,stable,-1.5 ,-3.9, 1.1
"Johnson County, Wyoming(2)",56019,Rural,43.2 ,24.5, 74.9,N/A , N/A , N/A,3,*,*,*,*
"Prince William County, Virginia(2)",51153,Urban,43.2 ,38.7, 48.1,N/A , N/A , N/A,80,falling,-3.1 ,-4.3, -1.7
"Honolulu County, Hawaii(7)",15003,Urban,43.1 ,40.8, 45.5,N/A , N/A , N/A,278,falling,-7.0 ,-13.5, -2.9
"Uvalde County, Texas(7)",48463,Rural,43.1 ,29.4, 61.4,N/A , N/A , N/A,6,falling,-3.3 ,-5.7, -1.1
"Calaveras County, California(7)",06009,Rural,43.1 ,34.7, 53.5,N/A , N/A , N/A,20,falling,-2.6 ,-4.3, -0.7
"Stevens County, Washington(2)",53065,Urban,43 ,34.3, 53.9,N/A , N/A , N/A,18,falling,-3.7 ,-5.5, -2.0
"Westchester County, New York(7)",36119,Urban,43 ,40.7, 45.5,N/A , N/A , N/A,253,falling,-5.3 ,-7.5, -2.8
"Goshen County, Wyoming(2)",56015,Rural,42.9 ,26.6, 67.3,N/A , N/A , N/A,4,stable,-0.3 ,-3.8, 3.4
"Yuma County, Arizona(2)",04027,Urban,42.9 ,38.1, 48.1,N/A , N/A , N/A,62,falling,-3.8 ,-5.2, -2.5
"Hawaii County, Hawaii(7)",15001,Rural,42.8 ,38.2, 48,N/A , N/A , N/A,68,falling,-2.1 ,-3.0, -1.1
"Curry County, Oregon(2)",41015,Rural,42.8 ,32, 58.1,N/A , N/A , N/A,12,falling,-27.1 ,-40.4, -9.3
"Cumberland County, Virginia(2)",51049,Rural,42.8 ,25.2, 71.6,N/A , N/A , N/A,4,stable,-2.7 ,-6.3, 1.1
"Barnes County, North Dakota(2)",38003,Rural,42.7 ,25.4, 70,N/A , N/A , N/A,4,stable,-1.3 ,-5.7, 3.2
"Essex County, New Jersey(7)",34013,Urban,42.7 ,39.8, 45.8,N/A , N/A , N/A,171,falling,-3.4 ,-4.0, -2.9
"Palm Beach County, Florida(2)",12099,Urban,42.7 ,41, 44.4,N/A , N/A , N/A,523,falling,-4.4 ,-8.0, -2.9
"Union County, New Jersey(7)",34039,Urban,42.7 ,39.3, 46.3,N/A , N/A , N/A,123,falling,-3.4 ,-4.1, -2.8
"Moore County, Texas(7)",48341,Rural,42.6 ,25.1, 66.9,N/A , N/A , N/A,4,falling,-3.4 ,-6.1, -0.7
"Kings County, California(7)",06031,Urban,42.5 ,35.3, 50.7,N/A , N/A , N/A,26,falling,-2.6 ,-4.0, -1.3
"Walla Walla County, Washington(2)",53071,Urban,42.5 ,33.8, 52.9,N/A , N/A , N/A,17,stable,-2.3 ,-4.8, 0.2
"Clark County, Wisconsin(2)",55019,Rural,42.5 ,30.9, 57.3,N/A , N/A , N/A,9,stable,-1.1 ,-4.4, 2.1
"Baker County, Oregon(2)",41001,Rural,42.4 ,28.6, 62.2,N/A , N/A , N/A,7,stable,-2.4 ,-6.9, 1.8
"Maricopa County, Arizona(2)",04013,Urban,42.4 ,41.2, 43.6,N/A , N/A , N/A,1040,falling,-6.2 ,-7.9, -4.0
"Wilson County, Texas(7)",48493,Urban,42.3 ,32.8, 54,N/A , N/A , N/A,14,falling,-3.3 ,-5.1, -1.2
"Lassen County, California(7)",06035,Rural,42.3 ,29.8, 58.3,N/A , N/A , N/A,8,stable,-1.6 ,-4.6, 1.7
"Oceana County, Michigan(2)",26127,Rural,42.3 ,30.9, 57.3,N/A , N/A , N/A,10,stable,-12.4 ,-25.4, 0.0
"Eau Claire County, Wisconsin(2)",55035,Urban,42.2 ,35.1, 50.5,N/A , N/A , N/A,26,falling,-3.0 ,-5.7, -0.4
"San Diego County, California(7)",06073,Urban,42.2 ,40.8, 43.6,N/A , N/A , N/A,703,falling,-2.9 ,-3.4, -2.5
"San Bernardino County, California(7)",06071,Urban,42.2 ,40.3, 44.2,N/A , N/A , N/A,397,falling,-3.6 ,-4.1, -3.1
"Maui County, Hawaii(7)",15009,Urban,42.2 ,36.8, 48.1,N/A , N/A , N/A,48,falling,-2.9 ,-3.9, -1.8
"Valencia County, New Mexico(7)",35061,Urban,42.2 ,34.1, 51.7,N/A , N/A , N/A,20,falling,-2.3 ,-3.5, -0.9
"Dodge County, Minnesota(2)",27039,Urban,42.1 ,27, 63,N/A , N/A , N/A,5,stable,-3.0 ,-8.7, 2.6
"Morris County, New Jersey(7)",34027,Urban,42.1 ,38.9, 45.6,N/A , N/A , N/A,131,falling,-3.4 ,-5.0, -2.8
"Campbell County, Wyoming(2)",56005,Rural,42 ,29.7, 57.5,N/A , N/A , N/A,10,stable,-3.0 ,-6.9, 1.3
"Washoe County, Nevada(2)",32031,Urban,42 ,38.6, 45.5,N/A , N/A , N/A,127,falling,-4.0 ,-5.2, -2.9
"Houghton County, Michigan(2)",26061,Rural,41.9 ,30.6, 56.3,N/A , N/A , N/A,10,falling,-12.0 ,-27.1, -3.7
"Montezuma County, Colorado(2)",08083,Rural,41.8 ,29.6, 58,N/A , N/A , N/A,8,falling,-3.5 ,-6.7, -0.5
"Prowers County, Colorado(2)",08099,Rural,41.7 ,23.6, 69.5,N/A , N/A , N/A,3,*,*,*,*
"Fayette County, Texas(7)",48149,Rural,41.7 ,29.9, 57.7,N/A , N/A , N/A,9,falling,-4.1 ,-6.9, -1.4
"Maverick County, Texas(7)",48323,Urban,41.7 ,30.7, 55.2,N/A , N/A , N/A,10,stable,-1.7 ,-4.8, 1.6
"Medina County, Texas(7)",48325,Urban,41.6 ,32.2, 53.2,N/A , N/A , N/A,14,stable,-1.0 ,-3.3, 1.7
"Collin County, Texas(7)",48085,Urban,41.6 ,38.8, 44.7,N/A , N/A , N/A,176,falling,-3.6 ,-4.4, -2.8
"Custer County, Nebraska(2)",31041,Rural,41.6 ,23.9, 69.5,N/A , N/A , N/A,3,falling,-4.9 ,-10.3, -1.0
"Garfield County, Colorado(2)",08045,Rural,41.6 ,31.4, 53.9,N/A , N/A , N/A,14,stable,-3.2 ,-6.4, 0.5
"Minidoka County, Idaho(7)",16067,Rural,41.5 ,26.6, 61.9,N/A , N/A , N/A,5,stable,-2.1 ,-5.6, 1.4
"Union County, Oregon(2)",41061,Rural,41.5 ,29.5, 57.4,N/A , N/A , N/A,8,stable,-1.8 ,-4.6, 1.1
"Stark County, North Dakota(2)",38089,Rural,41.4 ,28.5, 58.1,N/A , N/A , N/A,7,falling,-4.1 ,-6.9, -1.5
"Kendall County, Texas(7)",48259,Urban,41.4 ,31.6, 53.5,N/A , N/A , N/A,13,falling,-3.2 ,-5.5, -0.6
"Albemarle County, Virginia(2)",51003,Urban,41.4 ,34.9, 48.7,N/A , N/A , N/A,30,falling,-3.2 ,-4.9, -1.5
"Napa County, California(7)",06055,Urban,41.3 ,35.8, 47.6,N/A , N/A , N/A,40,falling,-4.3 ,-5.8, -2.9
"Hudson County, New Jersey(7)",34017,Urban,41.3 ,38, 44.8,N/A , N/A , N/A,125,falling,-3.6 ,-4.2, -3.0
"Dukes County, Massachusetts(2)",25007,Rural,41.3 ,29.1, 58.4,N/A , N/A , N/A,8,falling,-30.8 ,-51.6, -12.2
"Scurry County, Texas(7)",48415,Rural,41.1 ,24.1, 65.6,N/A , N/A , N/A,4,stable,-1.9 ,-6.5, 2.7
"Lane County, Oregon(2)",41039,Urban,41.1 ,37.6, 44.9,N/A , N/A , N/A,105,falling,-13.2 ,-27.1, -1.5
"Malheur County, Oregon(2)",41045,Rural,41.1 ,29, 56.6,N/A , N/A , N/A,8,stable,15.7 ,-6.3, 34.2
"Madera County, California(7)",06039,Urban,41 ,34.8, 48.1,N/A , N/A , N/A,32,falling,-3.1 ,-4.6, -1.6
"Missoula County, Montana(2)",30063,Urban,41 ,34.2, 48.8,N/A , N/A , N/A,28,falling,-4.4 ,-7.0, -1.8
"Benton County, Washington(2)",53005,Urban,41 ,35.7, 46.8,N/A , N/A , N/A,47,falling,-8.6 ,-19.9, -4.7
"Yolo County, California(7)",06113,Urban,40.9 ,35.4, 47.2,N/A , N/A , N/A,40,falling,-4.0 ,-5.6, -2.3
"Williamson County, Texas(7)",48491,Urban,40.9 ,37.4, 44.7,N/A , N/A , N/A,108,falling,-3.9 ,-4.8, -2.9
"Denver County, Colorado(2)",08031,Urban,40.8 ,37.6, 44.3,N/A , N/A , N/A,124,falling,-3.2 ,-4.0, -2.5
"Ozaukee County, Wisconsin(2)",55089,Urban,40.8 ,34, 48.8,N/A , N/A , N/A,26,falling,-2.4 ,-4.6, -0.1
"Laramie County, Wyoming(2)",56021,Urban,40.8 ,33.7, 49,N/A , N/A , N/A,24,falling,-3.5 ,-5.6, -1.4
"Beaufort County, South Carolina(2)",45013,Urban,40.6 ,36.1, 45.6,N/A , N/A , N/A,67,falling,-3.5 ,-4.6, -2.5
"Elbert County, Colorado(2)",08039,Urban,40.6 ,27.1, 58.9,N/A , N/A , N/A,7,falling,-5.7 ,-10.7, -2.3
"Mendocino County, California(7)",06045,Rural,40.6 ,33.9, 48.3,N/A , N/A , N/A,29,falling,-3.6 ,-5.0, -2.2
"Natrona County, Wyoming(2)",56025,Urban,40.5 ,32.5, 50.1,N/A , N/A , N/A,19,falling,-15.4 ,-22.8, -6.9
"Valdez-Cordova Census Area, Alaska(2)",02261,Rural,40.4 ,21.9, 71.3,N/A , N/A , N/A,3,*,*,*,*
"Douglas County, Washington(2)",53017,Urban,40.4 ,30.2, 53.1,N/A , N/A , N/A,11,stable,-2.0 ,-4.3, 0.4
"Hays County, Texas(7)",48209,Urban,40.2 ,34.5, 46.6,N/A , N/A , N/A,40,falling,-3.3 ,-4.7, -1.6
"San Luis Obispo County, California(7)",06079,Urban,40.2 ,36.2, 44.5,N/A , N/A , N/A,80,falling,-2.7 ,-3.6, -1.7
"Gogebic County, Michigan(2)",26053,Rural,40.1 ,26, 61.5,N/A , N/A , N/A,6,falling,-3.6 ,-6.5, -1.2
"Prince Georges County, Maryland(2)",24033,Urban,40 ,37.2, 42.9,N/A , N/A , N/A,177,falling,-3.4 ,-4.2, -2.6
"Eddy County, New Mexico(7)",35015,Rural,40 ,30.6, 51.4,N/A , N/A , N/A,13,falling,-2.2 ,-3.5, -1.0
"Watauga County, North Carolina(2)",37189,Rural,39.7 ,30.1, 51.7,N/A , N/A , N/A,12,falling,-4.4 ,-7.2, -1.8
"Johnson County, Iowa(7)",19103,Urban,39.6 ,33.1, 47.1,N/A , N/A , N/A,28,falling,-4.1 ,-11.4, -2.6
"Indiana County, Pennsylvania(2)",42063,Rural,39.5 ,32.6, 47.7,N/A , N/A , N/A,24,falling,-3.8 ,-6.1, -1.8
"Placer County, California(7)",06061,Urban,39.5 ,36.2, 43.1,N/A , N/A , N/A,107,falling,-3.3 ,-4.0, -2.6
"Kauai County, Hawaii(7)",15007,Rural,39.5 ,31.9, 48.4,N/A , N/A , N/A,21,falling,-4.1 ,-6.6, -1.7
"Morgan County, Colorado(2)",08087,Rural,39.4 ,26.9, 55.8,N/A , N/A , N/A,7,falling,-4.9 ,-9.5, -1.0
"Buena Vista County, Iowa(7)",19021,Rural,39.2 ,24.7, 59.4,N/A , N/A , N/A,5,falling,-2.0 ,-3.9, -0.3
"Presque Isle County, Michigan(2)",26141,Rural,39.1 ,24.5, 62.8,N/A , N/A , N/A,5,falling,-4.3 ,-7.9, -1.5
"Charlottesville City, Virginia(2)",51540,Urban,39.1 ,27.5, 53.9,N/A , N/A , N/A,8,falling,-4.2 ,-7.9, -0.9
"Riverside County, California(7)",06065,Urban,39 ,37.5, 40.6,N/A , N/A , N/A,509,falling,-3.3 ,-3.9, -2.8
"Duchesne County, Utah(7)",49013,Rural,39 ,23.5, 61.2,N/A , N/A , N/A,4,stable,-3.2 ,-6.2, 0.1
"El Paso County, Colorado(2)",08041,Urban,38.9 ,35.9, 42.1,N/A , N/A , N/A,134,falling,-3.2 ,-4.0, -2.4
"Weld County, Colorado(2)",08123,Urban,38.9 ,34.4, 43.8,N/A , N/A , N/A,60,falling,-10.2 ,-22.7, -1.7
"Jerome County, Idaho(7)",16053,Urban,38.9 ,24.9, 58.1,N/A , N/A , N/A,5,stable,-2.8 ,-6.9, 1.4
"Bayfield County, Wisconsin(2)",55007,Rural,38.8 ,26.9, 57.2,N/A , N/A , N/A,7,falling,-14.4 ,-38.4, -4.8
"Alamosa County, Colorado(2)",08003,Rural,38.6 ,21.7, 63.6,N/A , N/A , N/A,3,*,*,*,*
"Nicollet County, Minnesota(2)",27103,Urban,38.5 ,27.4, 52.9,N/A , N/A , N/A,8,stable,-2.5 ,-5.8, 1.1
"Imperial County, California(7)",06025,Urban,38.4 ,32.5, 44.9,N/A , N/A , N/A,32,falling,-3.4 ,-4.8, -1.9
"Juneau Borough, Alaska(2)",02110,Rural,38.3 ,26.1, 54.5,N/A , N/A , N/A,7,stable,-2.6 ,-6.2, 1.4
"Orange County, California(7)",06059,Urban,38.3 ,36.9, 39.6,N/A , N/A , N/A,648,falling,-2.9 ,-3.3, -2.3
"Jefferson County, Washington(7)",53031,Rural,38.2 ,30, 49.7,N/A , N/A , N/A,16,falling,-3.0 ,-4.0, -1.8
"Uintah County, Utah(7)",49047,Rural,38.2 ,24.9, 55.7,N/A , N/A , N/A,6,falling,-4.2 ,-10.4, -2.3
"Deschutes County, Oregon(2)",41017,Urban,38.2 ,33.5, 43.4,N/A , N/A , N/A,52,falling,-4.1 ,-5.1, -3.1
"Jefferson County, Idaho(7)",16051,Urban,38.1 ,24.7, 56.2,N/A , N/A , N/A,6,*,*,*,*
"Val Verde County, Texas(7)",48465,Rural,38.1 ,27.7, 51,N/A , N/A , N/A,9,falling,-3.5 ,-5.7, -1.5
"Delta County, Colorado(2)",08029,Rural,38 ,27.7, 51.7,N/A , N/A , N/A,10,stable,-1.6 ,-5.0, 1.6
"Sonoma County, California(7)",06097,Urban,38 ,35, 41.2,N/A , N/A , N/A,124,falling,-3.4 ,-4.2, -2.6
"Somerset County, New Jersey(7)",34035,Urban,37.9 ,34, 42.1,N/A , N/A , N/A,74,falling,-3.7 ,-4.6, -2.7
"Mariposa County, California(7)",06043,Rural,37.8 ,26.3, 55,N/A , N/A , N/A,7,falling,-3.4 ,-5.7, -1.1
"Williamson County, Tennessee(2)",47187,Urban,37.8 ,33, 43.1,N/A , N/A , N/A,48,falling,-4.4 ,-5.4, -3.4
"Contra Costa County, California(7)",06013,Urban,37.7 ,35.6, 40,N/A , N/A , N/A,243,falling,-2.7 ,-3.1, -2.3
"Park County, Montana(2)",30067,Rural,37.7 ,24.9, 56.6,N/A , N/A , N/A,6,falling,-4.7 ,-7.7, -1.9
"Madison County, Montana(2)",30057,Rural,37.7 ,21.1, 67.4,N/A , N/A , N/A,3,falling,-5.1 ,-8.6, -1.9
"Clearwater County, Idaho(7)",16035,Rural,37.7 ,22, 64.9,N/A , N/A , N/A,4,stable,-4.6 ,-24.3, 2.8
"Garrett County, Maryland(2)",24023,Rural,37.7 ,27.9, 50.9,N/A , N/A , N/A,10,falling,-3.6 ,-6.8, -0.6
"Alameda County, California(7)",06001,Urban,37.6 ,35.7, 39.6,N/A , N/A , N/A,317,falling,-3.1 ,-3.4, -2.8
"Ventura County, California(7)",06111,Urban,37.6 ,35.1, 40.2,N/A , N/A , N/A,180,stable,0.6 ,-3.5, 4.9
"Travis County, Texas(7)",48453,Urban,37.6 ,35, 40.3,N/A , N/A , N/A,182,falling,-9.2 ,-12.9, -4.8
"Jefferson County, Colorado(2)",08059,Urban,37.6 ,34.6, 40.7,N/A , N/A , N/A,127,falling,-2.6 ,-3.6, -1.6
"Sandoval County, New Mexico(7)",35043,Urban,37.5 ,31.8, 43.8,N/A , N/A , N/A,35,falling,-2.3 ,-3.4, -1.0
"Fort Bend County, Texas(7)",48157,Urban,37.4 ,34.4, 40.6,N/A , N/A , N/A,134,falling,-4.2 ,-4.7, -3.5
"Gila County, Arizona(2)",04007,Rural,37.2 ,29.9, 46.3,N/A , N/A , N/A,21,falling,-4.2 ,-7.0, -1.8
"Los Angeles County, California(7)",06037,Urban,37.1 ,36.3, 37.9,N/A , N/A , N/A,1825,falling,-5.8 ,-7.4, -4.6
"Santa Barbara County, California(7)",06083,Urban,37.1 ,33.7, 40.7,N/A , N/A , N/A,91,falling,-2.0 ,-2.8, -1.2
"Bonneville County, Idaho(7)",16019,Urban,37.1 ,30.3, 44.9,N/A , N/A , N/A,22,falling,-2.8 ,-4.2, -1.3
"Hood River County, Oregon(2)",41027,Rural,37 ,23.6, 55.5,N/A , N/A , N/A,5,falling,-6.3 ,-10.6, -2.6
"Willacy County, Texas(7)",48489,Rural,37 ,22.1, 58,N/A , N/A , N/A,4,stable,-2.7 ,-5.9, 0.4
"Larimer County, Colorado(2)",08069,Urban,36.9 ,33.1, 41.1,N/A , N/A , N/A,72,falling,-2.7 ,-3.6, -1.8
"Hunterdon County, New Jersey(7)",34019,Urban,36.8 ,31.3, 43.1,N/A , N/A , N/A,34,falling,-3.1 ,-4.7, -1.4
"Plumas County, California(7)",06063,Rural,36.7 ,24.9, 53.9,N/A , N/A , N/A,7,falling,-5.1 ,-7.9, -2.9
"Cameron County, Texas(7)",48061,Urban,36.7 ,33, 40.7,N/A , N/A , N/A,73,falling,-4.1 ,-12.3, -2.7
"Grant County, Oregon(2)",41023,Rural,36.6 ,20.8, 67.5,N/A , N/A , N/A,3,*,*,*,*
"El Dorado County, California(7)",06017,Urban,36.6 ,32.2, 41.5,N/A , N/A , N/A,54,stable,2.5 ,-7.0, 12.8
"Gooding County, Idaho(7)",16047,Rural,36.5 ,22.2, 57.7,N/A , N/A , N/A,4,stable,-2.8 ,-6.6, 1.4
"Luna County, New Mexico(7)",35029,Rural,36.5 ,25.3, 51.8,N/A , N/A , N/A,7,falling,-2.3 ,-12.9, -0.8
"Hidalgo County, Texas(7)",48215,Urban,36.5 ,33.7, 39.5,N/A , N/A , N/A,126,falling,-3.2 ,-4.1, -2.2
"Buffalo County, Wisconsin(2)",55011,Rural,36.4 ,22.6, 58,N/A , N/A , N/A,4,stable,-3.5 ,-7.5, 0.2
"Lincoln County, Washington(2)",53043,Rural,36.4 ,21, 61.5,N/A , N/A , N/A,4,*,*,*,*
"Archuleta County, Colorado(2)",08007,Rural,36.4 ,20, 62.4,N/A , N/A , N/A,3,*,*,*,*
"Koochiching County, Minnesota(2)",27071,Rural,36.3 ,22.2, 59.3,N/A , N/A , N/A,4,falling,-6.9 ,-10.2, -4.4
"Sanders County, Montana(2)",30089,Rural,36.2 ,23.6, 57.4,N/A , N/A , N/A,6,falling,-4.2 ,-6.6, -1.9
"Sioux County, Iowa(7)",19167,Rural,36.1 ,25.2, 50.2,N/A , N/A , N/A,7,falling,-8.1 ,-26.1, -3.2
"Custer County, South Dakota(2)",46033,Urban,36 ,20, 67,N/A , N/A , N/A,3,stable,-0.7 ,-6.8, 6.4
"Santa Clara County, California(7)",06085,Urban,35.9 ,34.2, 37.7,N/A , N/A , N/A,347,falling,-2.5 ,-2.8, -2.2
"Loudoun County, Virginia(2)",51107,Urban,35.7 ,31.4, 40.3,N/A , N/A , N/A,56,falling,-3.2 ,-4.9, -1.1
"Dona Ana County, New Mexico(7)",35013,Urban,35.6 ,31, 40.7,N/A , N/A , N/A,45,falling,-1.8 ,-2.3, -1.1
"Colusa County, California(7)",06011,Rural,35.5 ,21.4, 55.4,N/A , N/A , N/A,4,stable,-2.6 ,-6.6, 1.1
"Sweetwater County, Wyoming(2)",56037,Rural,35.2 ,24.7, 48.7,N/A , N/A , N/A,8,stable,-2.0 ,-4.9, 0.9
"Cassia County, Idaho(7)",16031,Rural,35.2 ,21.5, 54.1,N/A , N/A , N/A,4,stable,-2.7 ,-6.0, 0.4
"Elko County, Nevada(2)",32007,Rural,35.1 ,25.2, 47.5,N/A , N/A , N/A,9,stable,-3.7 ,-7.6, 0.5
"Ontonagon County, Michigan(2)",26131,Rural,34.9 ,19.7, 76.7,N/A , N/A , N/A,3,*,*,*,*
"Arapahoe County, Colorado(2)",08005,Urban,34.8 ,31.8, 38,N/A , N/A , N/A,109,falling,-3.1 ,-4.1, -2.2
"Roosevelt County, New Mexico(7)",35041,Rural,34.7 ,20.1, 56.1,N/A , N/A , N/A,3,falling,-5.5 ,-19.9, -3.1
"Winneshiek County, Iowa(7)",19191,Rural,34.6 ,23.1, 51.2,N/A , N/A , N/A,6,falling,-2.4 ,-4.1, -0.7
"Santa Cruz County, Arizona(2)",04023,Rural,34.6 ,25.7, 45.9,N/A , N/A , N/A,10,stable,-2.7 ,-6.1, 1.0
"Howard County, Maryland(2)",24027,Urban,34.5 ,30.4, 38.9,N/A , N/A , N/A,57,falling,-3.7 ,-5.2, -2.2
"Gillespie County, Texas(7)",48171,Rural,34.4 ,25.1, 47.4,N/A , N/A , N/A,10,falling,-4.1 ,-6.9, -1.2
"Inyo County, California(7)",06027,Rural,34.3 ,23.1, 50.8,N/A , N/A , N/A,6,falling,-3.6 ,-7.1, -0.3
"El Paso County, Texas(7)",48141,Urban,34.3 ,31.6, 37.2,N/A , N/A , N/A,125,falling,-3.1 ,-3.8, -2.4
"Nevada County, California(7)",06057,Rural,34.2 ,29, 40.4,N/A , N/A , N/A,33,falling,-4.0 ,-5.2, -2.9
"Webb County, Texas(7)",48479,Urban,34 ,28.5, 40.1,N/A , N/A , N/A,29,falling,-2.2 ,-3.7, -0.5
"San Mateo County, California(7)",06081,Urban,34 ,31.5, 36.6,N/A , N/A , N/A,149,falling,-3.0 ,-3.4, -2.5
"Collier County, Florida(2)",12021,Urban,34 ,31.3, 36.9,N/A , N/A , N/A,140,falling,-4.3 ,-5.4, -3.3
"Big Horn County, Wyoming(2)",56003,Rural,33.6 ,19, 57.4,N/A , N/A , N/A,3,falling,-5.2 ,-10.3, -1.0
"Park County, Wyoming(2)",56029,Rural,33.6 ,23.8, 46.9,N/A , N/A , N/A,8,stable,-1.6 ,-4.5, 1.4
"Bernalillo County, New Mexico(7)",35001,Urban,33.6 ,31, 36.4,N/A , N/A , N/A,132,falling,-7.0 ,-12.1, -3.0
"Carbon County, Wyoming(2)",56007,Rural,33.5 ,18.5, 56.2,N/A , N/A , N/A,3,falling,-3.8 ,-7.6, -0.5
"Washington County, Idaho(7)",16087,Rural,33.1 ,17.9, 58.8,N/A , N/A , N/A,3,falling,-6.3 ,-11.0, -2.0
"Latah County, Idaho(7)",16057,Rural,33 ,22.6, 46.8,N/A , N/A , N/A,7,stable,-1.9 ,-5.4, 2.0
"Tooele County, Utah(7)",49045,Urban,32.8 ,23.2, 44.9,N/A , N/A , N/A,9,falling,-2.5 ,-3.8, -1.0
"Fergus County, Montana(2)",30027,Rural,32.7 ,18.8, 55.6,N/A , N/A , N/A,3,stable,-2.3 ,-6.4, 1.6
"Boulder County, Colorado(2)",08013,Urban,32.7 ,28.7, 37,N/A , N/A , N/A,54,falling,-2.2 ,-3.6, -0.6
"Tulare County, California(7)",06107,Urban,32.6 ,29.1, 36.5,N/A , N/A , N/A,66,falling,-5.6 ,-12.4, -4.1
"Navajo County, Arizona(2)",04017,Rural,32.5 ,26.7, 39.2,N/A , N/A , N/A,24,falling,-2.5 ,-3.8, -1.1
"Carbon County, Montana(2)",30009,Urban,32.4 ,18, 57.5,N/A , N/A , N/A,3,stable,-3.0 ,-7.1, 0.7
"Gallatin County, Montana(2)",30031,Urban,32.2 ,25.6, 40.1,N/A , N/A , N/A,18,falling,-3.9 ,-6.1, -1.6
"Santa Cruz County, California(7)",06087,Urban,32 ,28, 36.4,N/A , N/A , N/A,51,falling,-2.7 ,-3.6, -1.8
"Whitman County, Washington(2)",53075,Rural,32 ,21.5, 45.8,N/A , N/A , N/A,6,stable,-3.7 ,-8.3, 0.3
"Monterey County, California(7)",06053,Urban,31.8 ,28.5, 35.5,N/A , N/A , N/A,69,falling,-3.8 ,-4.5, -3.4
"Lincoln County, New Mexico(7)",35027,Rural,31.8 ,21.3, 47.6,N/A , N/A , N/A,7,falling,-2.2 ,-3.6, -0.5
"Broomfield County, Colorado(2)",08014,Urban,31.7 ,23.9, 41.3,N/A , N/A , N/A,12,falling,-7.0 ,-24.2, -2.8
"Socorro County, New Mexico(7)",35053,Rural,31.5 ,18.2, 51.8,N/A , N/A , N/A,4,*,*,*,*
"Marin County, California(7)",06041,Urban,31.5 ,28, 35.4,N/A , N/A , N/A,61,falling,-2.8 ,-3.5, -2.1
"Park County, Colorado(2)",08093,Urban,31.4 ,15.9, 55.9,N/A , N/A , N/A,4,stable,-4.2 ,-8.4, 0.4
"Douglas County, Colorado(2)",08035,Urban,31 ,27, 35.3,N/A , N/A , N/A,50,falling,-3.6 ,-5.3, -1.5
"Cibola County, New Mexico(7)",35006,Rural,31 ,19.7, 46.5,N/A , N/A , N/A,5,falling,-2.3 ,-4.3, -0.1
"Douglas County, Nevada(2)",32005,Rural,30.9 ,24.4, 39.3,N/A , N/A , N/A,17,falling,-5.3 ,-6.9, -3.9
"Rio Grande County, Colorado(2)",08105,Rural,30.8 ,17.4, 53.3,N/A , N/A , N/A,3,*,*,*,*
"Salt Lake County, Utah(7)",49035,Urban,30.8 ,28.5, 33.2,N/A , N/A , N/A,149,falling,-1.6 ,-2.1, -1.2
"Alexandria City, Virginia(2)",51510,Urban,30.7 ,24.8, 37.6,N/A , N/A , N/A,21,falling,-3.5 ,-4.7, -2.4
"Graham County, Arizona(2)",04009,Rural,30.7 ,20.5, 44,N/A , N/A , N/A,6,stable,-3.1 ,-7.5, 0.8
"Asotin County, Washington(2)",53003,Urban,29.9 ,20, 44.4,N/A , N/A , N/A,6,*,*,*,*
"San Juan County, New Mexico(7)",35045,Urban,29.9 ,24.1, 36.5,N/A , N/A , N/A,20,falling,-5.4 ,-15.0, -3.2
"Leelanau County, Michigan(2)",26089,Urban,29.8 ,21, 43.4,N/A , N/A , N/A,8,falling,-3.6 ,-6.4, -0.9
"Dawson County, Nebraska(2)",31047,Rural,29.6 ,18.6, 45.2,N/A , N/A , N/A,5,stable,-2.6 ,-7.9, 2.6
"Box Elder County, Utah(7)",49003,Rural,29.5 ,20.9, 40.4,N/A , N/A , N/A,8,stable,-1.8 ,-3.5, 0.1
"Benton County, Oregon(2)",41003,Urban,29.4 ,23.3, 36.8,N/A , N/A , N/A,17,falling,-3.4 ,-5.9, -0.8
"Weber County, Utah(7)",49057,Urban,29.3 ,25, 34.1,N/A , N/A , N/A,36,falling,-2.0 ,-2.9, -1.0
"Montgomery County, Maryland(2)",24031,Urban,29.1 ,27.1, 31.1,N/A , N/A , N/A,173,falling,-2.7 ,-3.4, -2.0
"Teller County, Colorado(2)",08119,Urban,28.8 ,18.6, 43.9,N/A , N/A , N/A,6,falling,-33.7 ,-59.3, -0.8
"Lincoln County, Wyoming(2)",56023,Rural,28.7 ,17, 46.3,N/A , N/A , N/A,4,*,*,*,*
"Fairfax County, Virginia(2)",51059,Urban,27.7 ,25.7, 29.7,N/A , N/A , N/A,163,falling,-3.9 ,-4.7, -3.2
"Santa Fe County, New Mexico(7)",35049,Urban,26.8 ,22.8, 31.6,N/A , N/A , N/A,35,falling,-1.8 ,-2.7, -0.7
"Washington County, Utah(7)",49053,Urban,26.6 ,22.8, 31,N/A , N/A , N/A,37,falling,-1.7 ,-2.5, -0.6
"San Miguel County, New Mexico(7)",35047,Rural,26.6 ,17.6, 39.6,N/A , N/A , N/A,6,falling,-2.1 ,-3.4, -0.6
"Uinta County, Wyoming(2)",56041,Rural,26.6 ,14.3, 45.3,N/A , N/A , N/A,3,stable,-3.6 ,-7.9, 0.7
"Chaffee County, Colorado(2)",08015,Rural,26.3 ,16, 42.2,N/A , N/A , N/A,4,falling,-4.0 ,-7.7, -0.5
"San Benito County, California(7)",06069,Urban,26.3 ,18.6, 36.1,N/A , N/A , N/A,8,falling,-15.6 ,-33.7, -3.9
"Arlington County, Virginia(2)",51013,Urban,26.3 ,21.8, 31.4,N/A , N/A , N/A,26,falling,-3.9 ,-5.5, -2.3
"Davis County, Utah(7)",49011,Urban,25.8 ,22.1, 29.9,N/A , N/A , N/A,36,falling,-1.6 ,-2.3, -0.7
"Grant County, New Mexico(7)",35017,Rural,25.6 ,17.7, 37,N/A , N/A , N/A,7,falling,-3.3 ,-4.7, -1.8
"Sanpete County, Utah(7)",49039,Rural,25.5 ,15.4, 39.9,N/A , N/A , N/A,4,stable,-2.8 ,-5.7, 0.3
"Iron County, Utah(7)",49021,Rural,25 ,16.9, 35.7,N/A , N/A , N/A,7,stable,-2.0 ,-3.9, 0.4
"La Plata County, Colorado(2)",08067,Rural,24.9 ,17.7, 34.2,N/A , N/A , N/A,9,falling,-6.9 ,-11.1, -3.3
"Coconino County, Arizona(2)",04005,Urban,24.6 ,19.4, 30.7,N/A , N/A , N/A,17,falling,-3.4 ,-6.1, -0.8
"San Juan County, Washington(7)",53055,Rural,24.6 ,16, 39.9,N/A , N/A , N/A,5,falling,-2.5 ,-4.5, -0.4
"Rio Arriba County, New Mexico(7)",35039,Rural,23.9 ,16.3, 34.1,N/A , N/A , N/A,7,stable,-1.6 ,-3.8, 0.9
"Blaine County, Idaho(7)",16013,Rural,22 ,13.4, 35.2,N/A , N/A , N/A,4,stable,-2.3 ,-5.9, 2.0
"Albany County, Wyoming(2)",56001,Rural,21.6 ,12.1, 35.4,N/A , N/A , N/A,4,falling,-5.1 ,-9.0, -1.5
"Routt County, Colorado(2)",08107,Rural,20.7 ,12.4, 33.6,N/A , N/A , N/A,4,stable,-3.0 ,-10.5, 6.7
"McKinley County, New Mexico(7)",35031,Rural,19.8 ,13.2, 28.5,N/A , N/A , N/A,6,stable,-2.2 ,-4.1, 0.0
"Puerto Rico(2)",72001,Urban,19.2 ,18.4, 20,N/A , N/A , N/A,442,falling,-3.8 ,-6.5, -2.6
"Apache County, Arizona(2)",04001,Rural,18.8 ,12.9, 26.5,N/A , N/A , N/A,7,stable,-2.6 ,-6.1, 1.0
"Utah County, Utah(7)",49049,Urban,18.6 ,15.9, 21.6,N/A , N/A , N/A,37,falling,-2.4 ,-3.3, -1.5
"Cache County, Utah(7)",49005,Urban,17.5 ,12.6, 23.6,N/A , N/A , N/A,9,*,*,*,*
"Taos County, New Mexico(7)",35055,Rural,16.9 ,11.2, 25.7,N/A , N/A , N/A,6,falling,-3.8 ,-5.8, -1.7
"Summit County, Utah(7)",49043,Rural,16.7 ,9.3, 27.6,N/A , N/A , N/A,4,stable,-2.9 ,-6.2, 1.0
"Wasatch County, Utah(7)",49051,Rural,16.3 ,9.1, 27.2,N/A , N/A , N/A,3,*,*,*,*
"Eagle County, Colorado(2)",08037,Rural,15.1 ,8.2, 25.1,N/A , N/A , N/A,3,falling,-6.2 ,-9.3, -3.0
"Adams County, Idaho(7)",16003,Rural,* ,*, *,* , * , *,3 or fewer,*,*,*,*
"Adams County, Iowa(7)",19003,Rural,* ,*, *,* , * , *,3 or fewer,*,*,*,*
"Adams County, North Dakota(2)",38001,Rural,* ,*, *,* , * , *,3 or fewer,*,*,*,*
"Aleutians East Borough, Alaska(2)",02013,Rural,* ,*, *,* , * , *,3 or fewer,*,*,*,*
"Aleutians West Census Area, Alaska(2)",02016,Rural,* ,*, *,* , * , *,3 or fewer,*,*,*,*
"Alpine County, California(7)",06003,Rural,* ,*, *,* , * , *,3 or fewer,*,*,*,*
"Armstrong County, Texas(7)",48011,Urban,* ,*, *,* , * , *,3 or fewer,*,*,*,*
"Arthur County, Nebraska(2)",31005,Rural,* ,*, *,* , * , *,3 or fewer,*,*,*,*
"Audubon County, Iowa(7)",19009,Rural,* ,*, *,* , * , *,3 or fewer,*,*,*,*
"Aurora County, South Dakota(2)",46003,Rural,* ,*, *,* , * , *,3 or fewer,*,*,*,*
"Baca County, Colorado(2)",08009,Rural,* ,*, *,* , * , *,3 or fewer,*,*,*,*
"Bailey County, Texas(7)",48017,Rural,* ,*, *,* , * , *,3 or fewer,*,*,*,*
"Baker County, Georgia(7)",13007,Rural,* ,*, *,* , * , *,3 or fewer,*,*,*,*
"Banner County, Nebraska(2)",31007,Rural,* ,*, *,* , * , *,3 or fewer,*,*,*,*
"Bear Lake County, Idaho(7)",16007,Rural,* ,*, *,* , * , *,3 or fewer,*,*,*,*
"Beaver County, Oklahoma(2)",40007,Rural,* ,*, *,* , * , *,3 or fewer,*,*,*,*
"Beaver County, Utah(7)",49001,Rural,* ,*, *,* , * , *,3 or fewer,*,*,*,*
"Beaverhead County, Montana(2)",30001,Rural,* ,*, *,* , * , *,3 or fewer,*,*,*,*
"Bennett County, South Dakota(2)",46007,Rural,* ,*, *,* , * , *,3 or fewer,*,*,*,*
"Benson County, North Dakota(2)",38005,Rural,* ,*, *,* , * , *,3 or fewer,*,*,*,*
"Bent County, Colorado(2)",08011,Rural,* ,*, *,* , * , *,3 or fewer,*,*,*,*
"Big Stone County, Minnesota(2)",27011,Rural,* ,*, *,* , * , *,3 or fewer,*,*,*,*
"Billings County, North Dakota(2)",38007,Rural,* ,*, *,* , * , *,3 or fewer,*,*,*,*
"Blaine County, Montana(2)",30005,Rural,* ,*, *,* , * , *,3 or fewer,*,*,*,*
"Blaine County, Nebraska(2)",31009,Rural,* ,*, *,* , * , *,3 or fewer,*,*,*,*
"Bland County, Virginia(2)",51021,Rural,* ,*, *,* , * , *,3 or fewer,*,*,*,*
"Boise County, Idaho(7)",16015,Urban,* ,*, *,* , * , *,3 or fewer,*,*,*,*
"Bon Homme County, South Dakota(2)",46009,Rural,* ,*, *,* , * , *,3 or fewer,*,*,*,*
"Boone County, Nebraska(2)",31011,Rural,* ,*, *,* , * , *,3 or fewer,*,*,*,*
"Borden County, Texas(7)",48033,Rural,* ,*, *,* , * , *,3 or fewer,*,*,*,*
"Bowman County, North Dakota(2)",38011,Rural,* ,*, *,* , * , *,3 or fewer,*,*,*,*
"Boyd County, Nebraska(2)",31015,Rural,* ,*, *,* , * , *,3 or fewer,*,*,*,*
"Brewster County, Texas(7)",48043,Rural,* ,*, *,* , * , *,3 or fewer,*,*,*,*
"Briscoe County, Texas(7)",48045,Rural,* ,*, *,* , * , *,3 or fewer,*,*,*,*
"Bristol Bay Borough, Alaska(2)",02060,Rural,* ,*, *,* , * , *,3 or fewer,*,*,*,*
"Broadwater County, Montana(2)",30007,Urban,* ,*, *,* , * , *,3 or fewer,*,*,*,*
"Brooks County, Texas(7)",48047,Rural,* ,*, *,* , * , *,3 or fewer,*,*,*,*
"Brown County, Illinois(7)",17009,Rural,* ,*, *,* , * , *,3 or fewer,*,*,*,*
"Brown County, Nebraska(2)",31017,Rural,* ,*, *,* , * , *,3 or fewer,*,*,*,*
"Brule County, South Dakota(2)",46015,Rural,* ,*, *,* , * , *,3 or fewer,*,*,*,*
"Buffalo County, South Dakota(2)",46017,Rural,* ,*, *,* , * , *,3 or fewer,*,*,*,*
"Burke County, North Dakota(2)",38013,Rural,* ,*, *,* , * , *,3 or fewer,*,*,*,*
"Butte County, Idaho(7)",16023,Urban,* ,*, *,* , * , *,3 or fewer,*,*,*,*
"Calhoun County, Georgia(7)",13037,Rural,* ,*, *,* , * , *,3 or fewer,*,*,*,*
"Camas County, Idaho(7)",16025,Rural,* ,*, *,* , * , *,3 or fewer,*,*,*,*
"Cameron Parish, Louisiana(7)",22023,Urban,* ,*, *,* , * , *,3 or fewer,*,*,*,*
"Campbell County, South Dakota(2)",46021,Rural,* ,*, *,* , * , *,3 or fewer,*,*,*,*
"Caribou County, Idaho(7)",16029,Rural,* ,*, *,* , * , *,3 or fewer,*,*,*,*
"Carson County, Texas(7)",48065,Urban,* ,*, *,* , * , *,3 or fewer,*,*,*,*
"Carter County, Montana(2)",30011,Rural,* ,*, *,* , * , *,3 or fewer,*,*,*,*
"Castro County, Texas(7)",48069,Rural,* ,*, *,* , * , *,3 or fewer,*,*,*,*
"Catron County, New Mexico(7)",35003,Rural,* ,*, *,* , * , *,3 or fewer,*,*,*,*
"Cavalier County, North Dakota(2)",38019,Rural,* ,*, *,* , * , *,3 or fewer,*,*,*,*
"Chase County, Nebraska(2)",31029,Rural,* ,*, *,* , * , *,3 or fewer,*,*,*,*
"Chattahoochee County, Georgia(7)",13053,Urban,* ,*, *,* , * , *,3 or fewer,*,*,*,*
"Cherry County, Nebraska(2)",31031,Rural,* ,*, *,* , * , *,3 or fewer,*,*,*,*
"Cheyenne County, Colorado(2)",08017,Rural,* ,*, *,* , * , *,3 or fewer,*,*,*,*
"Childress County, Texas(7)",48075,Rural,* ,*, *,* , * , *,3 or fewer,*,*,*,*
"Chouteau County, Montana(2)",30015,Rural,* ,*, *,* , * , *,3 or fewer,*,*,*,*
"Cimarron County, Oklahoma(2)",40025,Rural,* ,*, *,* , * , *,3 or fewer,*,*,*,*
"Clark County, Idaho(7)",16033,Rural,* ,*, *,* , * , *,3 or fewer,*,*,*,*
"Clark County, South Dakota(2)",46025,Rural,* ,*, *,* , * , *,3 or fewer,*,*,*,*
"Clay County, Georgia(7)",13061,Rural,* ,*, *,* , * , *,3 or fewer,*,*,*,*
"Clay County, Nebraska(2)",31035,Rural,* ,*, *,* , * , *,3 or fewer,*,*,*,*
"Clay County, South Dakota(2)",46027,Rural,* ,*, *,* , * , *,3 or fewer,*,*,*,*
"Clear Creek County, Colorado(2)",08019,Urban,* ,*, *,* , * , *,3 or fewer,*,*,*,*
"Clinch County, Georgia(7)",13065,Rural,* ,*, *,* , * , *,3 or fewer,*,*,*,*
"Cochran County, Texas(7)",48079,Urban,* ,*, *,* , * , *,3 or fewer,*,*,*,*
"Coke County, Texas(7)",48081,Rural,* ,*, *,* , * , *,3 or fewer,*,*,*,*
"Colfax County, Nebraska(2)",31037,Rural,* ,*, *,* , * , *,3 or fewer,*,*,*,*
"Colfax County, New Mexico(7)",35007,Rural,* ,*, *,* , * , *,3 or fewer,*,*,*,*
"Collingsworth County, Texas(7)",48087,Rural,* ,*, *,* , * , *,3 or fewer,*,*,*,*
"Columbia County, Washington(2)",53013,Rural,* ,*, *,* , * , *,3 or fewer,*,*,*,*
"Concho County, Texas(7)",48095,Rural,* ,*, *,* , * , *,3 or fewer,*,*,*,*
"Conejos County, Colorado(2)",08021,Rural,* ,*, *,* , * , *,3 or fewer,*,*,*,*
"Cook County, Minnesota(2)",27031,Rural,* ,*, *,* , * , *,3 or fewer,*,*,*,*
"Corson County, South Dakota(2)",46031,Rural,* ,*, *,* , * , *,3 or fewer,*,*,*,*
"Costilla County, Colorado(2)",08023,Rural,* ,*, *,* , * , *,3 or fewer,*,*,*,*
"Cottle County, Texas(7)",48101,Rural,* ,*, *,* , * , *,3 or fewer,*,*,*,*
"Craig County, Virginia(2)",51045,Urban,* ,*, *,* , * , *,3 or fewer,*,*,*,*
"Crane County, Texas(7)",48103,Rural,* ,*, *,* , * , *,3 or fewer,*,*,*,*
"Crockett County, Texas(7)",48105,Rural,* ,*, *,* , * , *,3 or fewer,*,*,*,*
"Crosby County, Texas(7)",48107,Urban,* ,*, *,* , * , *,3 or fewer,*,*,*,*
"Crowley County, Colorado(2)",08025,Rural,* ,*, *,* , * , *,3 or fewer,*,*,*,*
"Culberson County, Texas(7)",48109,Rural,* ,*, *,* , * , *,3 or fewer,*,*,*,*
"Custer County, Colorado(2)",08027,Rural,* ,*, *,* , * , *,3 or fewer,*,*,*,*
"Custer County, Idaho(7)",16037,Rural,* ,*, *,* , * , *,3 or fewer,*,*,*,*
"Daggett County, Utah(7)",49009,Rural,* ,*, *,* , * , *,3 or fewer,*,*,*,*
"Dallam County, Texas(7)",48111,Rural,* ,*, *,* , * , *,3 or fewer,*,*,*,*
"Daniels County, Montana(2)",30019,Rural,* ,*, *,* , * , *,3 or fewer,*,*,*,*
"Dawes County, Nebraska(2)",31045,Rural,* ,*, *,* , * , *,3 or fewer,*,*,*,*
"Day County, South Dakota(2)",46037,Rural,* ,*, *,* , * , *,3 or fewer,*,*,*,*
"DeBaca County, New Mexico(7)",35011,Rural,* ,*, *,* , * , *,3 or fewer,*,*,*,*
"Deaf Smith County, Texas(7)",48117,Rural,* ,*, *,* , * , *,3 or fewer,*,*,*,*
"Denali, Alaska(2)",02068,Rural,* ,*, *,* , * , *,3 or fewer,*,*,*,*
"Deuel County, Nebraska(2)",31049,Rural,* ,*, *,* , * , *,3 or fewer,*,*,*,*
"Deuel County, South Dakota(2)",46039,Rural,* ,*, *,* , * , *,3 or fewer,*,*,*,*
"Dewey County, Oklahoma(2)",40043,Rural,* ,*, *,* , * , *,3 or fewer,*,*,*,*
"Dewey County, South Dakota(2)",46041,Rural,* ,*, *,* , * , *,3 or fewer,*,*,*,*
"Dickens County, Texas(7)",48125,Rural,* ,*, *,* , * , *,3 or fewer,*,*,*,*
"Dickey County, North Dakota(2)",38021,Rural,* ,*, *,* , * , *,3 or fewer,*,*,*,*
"Dillingham Census Area, Alaska(2)",02070,Rural,* ,*, *,* , * , *,3 or fewer,*,*,*,*
"Dimmit County, Texas(7)",48127,Rural,* ,*, *,* , * , *,3 or fewer,*,*,*,*
"Divide County, North Dakota(2)",38023,Rural,* ,*, *,* , * , *,3 or fewer,*,*,*,*
"Dixon County, Nebraska(2)",31051,Rural,* ,*, *,* , * , *,3 or fewer,*,*,*,*
"Dolores County, Colorado(2)",08033,Rural,* ,*, *,* , * , *,3 or fewer,*,*,*,*
"Donley County, Texas(7)",48129,Rural,* ,*, *,* , * , *,3 or fewer,*,*,*,*
"Douglas County, South Dakota(2)",46043,Rural,* ,*, *,* , * , *,3 or fewer,*,*,*,*
"Dundy County, Nebraska(2)",31057,Rural,* ,*, *,* , * , *,3 or fewer,*,*,*,*
"Dunn County, North Dakota(2)",38025,Rural,* ,*, *,* , * , *,3 or fewer,*,*,*,*
"Echols County, Georgia(7)",13101,Urban,* ,*, *,* , * , *,3 or fewer,*,*,*,*
"Eddy County, North Dakota(2)",38027,Rural,* ,*, *,* , * , *,3 or fewer,*,*,*,*
"Edmunds County, South Dakota(2)",46045,Rural,* ,*, *,* , * , *,3 or fewer,*,*,*,*
"Edwards County, Texas(7)",48137,Rural,* ,*, *,* , * , *,3 or fewer,*,*,*,*
"Ellis County, Oklahoma(2)",40045,Rural,* ,*, *,* , * , *,3 or fewer,*,*,*,*
"Emery County, Utah(7)",49015,Rural,* ,*, *,* , * , *,3 or fewer,*,*,*,*
"Emmons County, North Dakota(2)",38029,Rural,* ,*, *,* , * , *,3 or fewer,*,*,*,*
"Esmeralda County, Nevada(2)",32009,Rural,* ,*, *,* , * , *,3 or fewer,*,*,*,*
"Eureka County, Nevada(2)",32011,Rural,* ,*, *,* , * , *,3 or fewer,*,*,*,*
"Fallon County, Montana(2)",30025,Rural,* ,*, *,* , * , *,3 or fewer,*,*,*,*
"Falls Church City, Virginia(2)",51610,Urban,* ,*, *,* , * , *,3 or fewer,*,*,*,*
"Faulk County, South Dakota(2)",46049,Rural,* ,*, *,* , * , *,3 or fewer,*,*,*,*
"Ferry County, Washington(2)",53019,Rural,* ,*, *,* , * , *,3 or fewer,*,*,*,*
"Fisher County, Texas(7)",48151,Rural,* ,*, *,* , * , *,3 or fewer,*,*,*,*
"Florence County, Wisconsin(2)",55037,Rural,* ,*, *,* , * , *,3 or fewer,*,*,*,*
"Floyd County, Texas(7)",48153,Rural,* ,*, *,* , * , *,3 or fewer,*,*,*,*
"Foard County, Texas(7)",48155,Rural,* ,*, *,* , * , *,3 or fewer,*,*,*,*
"Foster County, North Dakota(2)",38031,Rural,* ,*, *,* , * , *,3 or fewer,*,*,*,*
"Franklin County, Idaho(7)",16041,Urban,* ,*, *,* , * , *,3 or fewer,*,*,*,*
"Franklin County, Nebraska(2)",31061,Rural,* ,*, *,* , * , *,3 or fewer,*,*,*,*
"Fremont County, Idaho(7)",16043,Rural,* ,*, *,* , * , *,3 or fewer,*,*,*,*
"Frontier County, Nebraska(2)",31063,Rural,* ,*, *,* , * , *,3 or fewer,*,*,*,*
"Furnas County, Nebraska(2)",31065,Rural,* ,*, *,* , * , *,3 or fewer,*,*,*,*
"Gallatin County, Illinois(7)",17059,Rural,* ,*, *,* , * , *,3 or fewer,*,*,*,*
"Garden County, Nebraska(2)",31069,Rural,* ,*, *,* , * , *,3 or fewer,*,*,*,*
"Garfield County, Montana(2)",30033,Rural,* ,*, *,* , * , *,3 or fewer,*,*,*,*
"Garfield County, Nebraska(2)",31071,Rural,* ,*, *,* , * , *,3 or fewer,*,*,*,*
"Garfield County, Utah(7)",49017,Rural,* ,*, *,* , * , *,3 or fewer,*,*,*,*
"Garfield County, Washington(2)",53023,Rural,* ,*, *,* , * , *,3 or fewer,*,*,*,*
"Garza County, Texas(7)",48169,Urban,* ,*, *,* , * , *,3 or fewer,*,*,*,*
"Gentry County, Missouri(2)",29075,Rural,* ,*, *,* , * , *,3 or fewer,*,*,*,*
"Gilliam County, Oregon(2)",41021,Rural,* ,*, *,* , * , *,3 or fewer,*,*,*,*
"Gilpin County, Colorado(2)",08047,Urban,* ,*, *,* , * , *,3 or fewer,*,*,*,*
"Glacier County, Montana(2)",30035,Rural,* ,*, *,* , * , *,3 or fewer,*,*,*,*
"Glascock County, Georgia(7)",13125,Rural,* ,*, *,* , * , *,3 or fewer,*,*,*,*
"Glasscock County, Texas(7)",48173,Rural,* ,*, *,* , * , *,3 or fewer,*,*,*,*
"Golden Valley County, Montana(2)",30037,Rural,* ,*, *,* , * , *,3 or fewer,*,*,*,*
"Golden Valley County, North Dakota(2)",38033,Rural,* ,*, *,* , * , *,3 or fewer,*,*,*,*
"Gosper County, Nebraska(2)",31073,Rural,* ,*, *,* , * , *,3 or fewer,*,*,*,*
"Grand County, Colorado(2)",08049,Rural,* ,*, *,* , * , *,3 or fewer,*,*,*,*
"Granite County, Montana(2)",30039,Rural,* ,*, *,* , * , *,3 or fewer,*,*,*,*
"Grant County, Nebraska(2)",31075,Rural,* ,*, *,* , * , *,3 or fewer,*,*,*,*
"Grant County, North Dakota(2)",38037,Rural,* ,*, *,* , * , *,3 or fewer,*,*,*,*
"Grant County, Oklahoma(2)",40053,Rural,* ,*, *,* , * , *,3 or fewer,*,*,*,*
"Grant County, South Dakota(2)",46051,Rural,* ,*, *,* , * , *,3 or fewer,*,*,*,*
"Greeley County, Nebraska(2)",31077,Rural,* ,*, *,* , * , *,3 or fewer,*,*,*,*
"Greer County, Oklahoma(2)",40055,Rural,* ,*, *,* , * , *,3 or fewer,*,*,*,*
"Gregory County, South Dakota(2)",46053,Rural,* ,*, *,* , * , *,3 or fewer,*,*,*,*
"Griggs County, North Dakota(2)",38039,Rural,* ,*, *,* , * , *,3 or fewer,*,*,*,*
"Guadalupe County, New Mexico(7)",35019,Rural,* ,*, *,* , * , *,3 or fewer,*,*,*,*
"Gunnison County, Colorado(2)",08051,Rural,* ,*, *,* , * , *,3 or fewer,*,*,*,*
"Haakon County, South Dakota(2)",46055,Rural,* ,*, *,* , * , *,3 or fewer,*,*,*,*
"Haines Borough, Alaska(2)",02100,Rural,* ,*, *,* , * , *,3 or fewer,*,*,*,*
"Hall County, Texas(7)",48191,Rural,* ,*, *,* , * , *,3 or fewer,*,*,*,*
"Hamlin County, South Dakota(2)",46057,Rural,* ,*, *,* , * , *,3 or fewer,*,*,*,*
"Hand County, South Dakota(2)",46059,Rural,* ,*, *,* , * , *,3 or fewer,*,*,*,*
"Hansford County, Texas(7)",48195,Rural,* ,*, *,* , * , *,3 or fewer,*,*,*,*
"Hanson County, South Dakota(2)",46061,Rural,* ,*, *,* , * , *,3 or fewer,*,*,*,*
"Hardeman County, Texas(7)",48197,Rural,* ,*, *,* , * , *,3 or fewer,*,*,*,*
"Harding County, New Mexico(7)",35021,Rural,* ,*, *,* , * , *,3 or fewer,*,*,*,*
"Harding County, South Dakota(2)",46063,Rural,* ,*, *,* , * , *,3 or fewer,*,*,*,*
"Harlan County, Nebraska(2)",31083,Rural,* ,*, *,* , * , *,3 or fewer,*,*,*,*
"Harmon County, Oklahoma(2)",40057,Rural,* ,*, *,* , * , *,3 or fewer,*,*,*,*
"Harney County, Oregon(2)",41025,Rural,* ,*, *,* , * , *,3 or fewer,*,*,*,*
"Harper County, Oklahoma(2)",40059,Rural,* ,*, *,* , * , *,3 or fewer,*,*,*,*
"Hartley County, Texas(7)",48205,Rural,* ,*, *,* , * , *,3 or fewer,*,*,*,*
"Haskell County, Texas(7)",48207,Rural,* ,*, *,* , * , *,3 or fewer,*,*,*,*
"Hayes County, Nebraska(2)",31085,Rural,* ,*, *,* , * , *,3 or fewer,*,*,*,*
"Hemphill County, Texas(7)",48211,Rural,* ,*, *,* , * , *,3 or fewer,*,*,*,*
"Hettinger County, North Dakota(2)",38041,Rural,* ,*, *,* , * , *,3 or fewer,*,*,*,*
"Hickman County, Kentucky(7)",21105,Rural,* ,*, *,* , * , *,3 or fewer,*,*,*,*
"Hidalgo County, New Mexico(7)",35023,Rural,* ,*, *,* , * , *,3 or fewer,*,*,*,*
"Highland County, Virginia(2)",51091,Rural,* ,*, *,* , * , *,3 or fewer,*,*,*,*
"Hinsdale County, Colorado(2)",08053,Rural,* ,*, *,* , * , *,3 or fewer,*,*,*,*
"Hitchcock County, Nebraska(2)",31087,Rural,* ,*, *,* , * , *,3 or fewer,*,*,*,*
"Holt County, Missouri(2)",29087,Rural,* ,*, *,* , * , *,3 or fewer,*,*,*,*
"Hooker County, Nebraska(2)",31091,Rural,* ,*, *,* , * , *,3 or fewer,*,*,*,*
"Hoonah-Angoon Census Area, Alaska(2)",02105,Rural,* ,*, *,* , * , *,3 or fewer,*,*,*,*
"Hot Springs County, Wyoming(2)",56017,Rural,* ,*, *,* , * , *,3 or fewer,*,*,*,*
"Howard County, Nebraska(2)",31093,Urban,* ,*, *,* , * , *,3 or fewer,*,*,*,*
"Hudspeth County, Texas(7)",48229,Urban,* ,*, *,* , * , *,3 or fewer,*,*,*,*
"Humboldt County, Iowa(7)",19091,Rural,* ,*, *,* , * , *,3 or fewer,*,*,*,*
"Hutchinson County, South Dakota(2)",46067,Rural,* ,*, *,* , * , *,3 or fewer,*,*,*,*
"Hyde County, North Carolina(2)",37095,Rural,* ,*, *,* , * , *,3 or fewer,*,*,*,*
"Hyde County, South Dakota(2)",46069,Rural,* ,*, *,* , * , *,3 or fewer,*,*,*,*
"Irion County, Texas(7)",48235,Urban,* ,*, *,* , * , *,3 or fewer,*,*,*,*
"Issaquena County, Mississippi(2)",28055,Rural,* ,*, *,* , * , *,3 or fewer,*,*,*,*
"Jackson County, Colorado(2)",08057,Rural,* ,*, *,* , * , *,3 or fewer,*,*,*,*
"Jackson County, South Dakota(2)",46071,Rural,* ,*, *,* , * , *,3 or fewer,*,*,*,*
"Jeff Davis County, Texas(7)",48243,Rural,* ,*, *,* , * , *,3 or fewer,*,*,*,*
"Jefferson County, Mississippi(2)",28063,Rural,* ,*, *,* , * , *,3 or fewer,*,*,*,*
"Jefferson County, Oklahoma(2)",40067,Rural,* ,*, *,* , * , *,3 or fewer,*,*,*,*
"Jerauld County, South Dakota(2)",46073,Rural,* ,*, *,* , * , *,3 or fewer,*,*,*,*
"Jim Hogg County, Texas(7)",48247,Rural,* ,*, *,* , * , *,3 or fewer,*,*,*,*
"Johnson County, Nebraska(2)",31097,Rural,* ,*, *,* , * , *,3 or fewer,*,*,*,*
"Jones County, South Dakota(2)",46075,Rural,* ,*, *,* , * , *,3 or fewer,*,*,*,*
"Juab County, Utah(7)",49023,Urban,* ,*, *,* , * , *,3 or fewer,*,*,*,*
"Judith Basin County, Montana(2)",30045,Rural,* ,*, *,* , * , *,3 or fewer,*,*,*,*
"Kalawao County, Hawaii(7)",15005,Urban,* ,*, *,* , * , *,3 or fewer,*,*,*,*
"Kane County, Utah(7)",49025,Rural,* ,*, *,* , * , *,3 or fewer,*,*,*,*
"Kearney County, Nebraska(2)",31099,Rural,* ,*, *,* , * , *,3 or fewer,*,*,*,*
"Kenedy County, Texas(7)",48261,Rural,* ,*, *,* , * , *,3 or fewer,*,*,*,*
"Kent County, Texas(7)",48263,Rural,* ,*, *,* , * , *,3 or fewer,*,*,*,*
"Keweenaw County, Michigan(2)",26083,Rural,* ,*, *,* , * , *,3 or fewer,*,*,*,*
"Keya Paha County, Nebraska(2)",31103,Rural,* ,*, *,* , * , *,3 or fewer,*,*,*,*
"Kidder County, North Dakota(2)",38043,Rural,* ,*, *,* , * , *,3 or fewer,*,*,*,*
"Kimball County, Nebraska(2)",31105,Rural,* ,*, *,* , * , *,3 or fewer,*,*,*,*
"Kimble County, Texas(7)",48267,Rural,* ,*, *,* , * , *,3 or fewer,*,*,*,*
"King County, Texas(7)",48269,Rural,* ,*, *,* , * , *,3 or fewer,*,*,*,*
"Kinney County, Texas(7)",48271,Rural,* ,*, *,* , * , *,3 or fewer,*,*,*,*
"Kiowa County, Colorado(2)",08061,Rural,* ,*, *,* , * , *,3 or fewer,*,*,*,*
"Kit Carson County, Colorado(2)",08063,Rural,* ,*, *,* , * , *,3 or fewer,*,*,*,*
"Kittson County, Minnesota(2)",27069,Rural,* ,*, *,* , * , *,3 or fewer,*,*,*,*
"Knox County, Missouri(2)",29103,Rural,* ,*, *,* , * , *,3 or fewer,*,*,*,*
"Knox County, Texas(7)",48275,Rural,* ,*, *,* , * , *,3 or fewer,*,*,*,*
"Kodiak Island Borough, Alaska(2)",02150,Rural,* ,*, *,* , * , *,3 or fewer,*,*,*,*
"Kusilvak Census Area, Alaska(2)",02158,Rural,* ,*, *,* , * , *,3 or fewer,*,*,*,*
"La Salle County, Texas(7)",48283,Rural,* ,*, *,* , * , *,3 or fewer,*,*,*,*
"LaMoure County, North Dakota(2)",38045,Rural,* ,*, *,* , * , *,3 or fewer,*,*,*,*
"Lac qui Parle County, Minnesota(2)",27073,Rural,* ,*, *,* , * , *,3 or fewer,*,*,*,*
"Lake County, Colorado(2)",08065,Rural,* ,*, *,* , * , *,3 or fewer,*,*,*,*
"Lake County, Oregon(2)",41037,Rural,* ,*, *,* , * , *,3 or fewer,*,*,*,*
"Lake County, Tennessee(2)",47095,Rural,* ,*, *,* , * , *,3 or fewer,*,*,*,*
"Lake and Peninsula Borough, Alaska(2)",02164,Rural,* ,*, *,* , * , *,3 or fewer,*,*,*,*
"Lake of the Woods County, Minnesota(2)",27077,Rural,* ,*, *,* , * , *,3 or fewer,*,*,*,*
"Lander County, Nevada(2)",32015,Rural,* ,*, *,* , * , *,3 or fewer,*,*,*,*
"Lewis County, Idaho(7)",16061,Rural,* ,*, *,* , * , *,3 or fewer,*,*,*,*
"Lexington City, Virginia(2)",51678,Rural,* ,*, *,* , * , *,3 or fewer,*,*,*,*
"Liberty County, Montana(2)",30051,Rural,* ,*, *,* , * , *,3 or fewer,*,*,*,*
"Lincoln County, Colorado(2)",08073,Rural,* ,*, *,* , * , *,3 or fewer,*,*,*,*
"Lincoln County, Idaho(7)",16063,Rural,* ,*, *,* , * , *,3 or fewer,*,*,*,*
"Lincoln County, Nevada(2)",32017,Rural,* ,*, *,* , * , *,3 or fewer,*,*,*,*
"Lipscomb County, Texas(7)",48295,Rural,* ,*, *,* , * , *,3 or fewer,*,*,*,*
"Logan County, Nebraska(2)",31113,Rural,* ,*, *,* , * , *,3 or fewer,*,*,*,*
"Logan County, North Dakota(2)",38047,Rural,* ,*, *,* , * , *,3 or fewer,*,*,*,*
"Los Alamos County, New Mexico(7)",35028,Rural,* ,*, *,* , * , *,3 or fewer,*,*,*,*
"Loup County, Nebraska(2)",31115,Rural,* ,*, *,* , * , *,3 or fewer,*,*,*,*
"Loving County, Texas(7)",48301,Rural,* ,*, *,* , * , *,3 or fewer,*,*,*,*
"Luce County, Michigan(2)",26095,Rural,* ,*, *,* , * , *,3 or fewer,*,*,*,*
"Lyman County, South Dakota(2)",46085,Rural,* ,*, *,* , * , *,3 or fewer,*,*,*,*
"Lynn County, Texas(7)",48305,Urban,* ,*, *,* , * , *,3 or fewer,*,*,*,*
"Madison County, Idaho(7)",16065,Rural,* ,*, *,* , * , *,3 or fewer,*,*,*,*
"Major County, Oklahoma(2)",40093,Rural,* ,*, *,* , * , *,3 or fewer,*,*,*,*
"Marshall County, South Dakota(2)",46091,Rural,* ,*, *,* , * , *,3 or fewer,*,*,*,*
"Martin County, Texas(7)",48317,Urban,* ,*, *,* , * , *,3 or fewer,*,*,*,*
"Mason County, Texas(7)",48319,Rural,* ,*, *,* , * , *,3 or fewer,*,*,*,*
"McCone County, Montana(2)",30055,Rural,* ,*, *,* , * , *,3 or fewer,*,*,*,*
"McCook County, South Dakota(2)",46087,Urban,* ,*, *,* , * , *,3 or fewer,*,*,*,*
"McHenry County, North Dakota(2)",38049,Urban,* ,*, *,* , * , *,3 or fewer,*,*,*,*
"McIntosh County, North Dakota(2)",38051,Rural,* ,*, *,* , * , *,3 or fewer,*,*,*,*
"McKenzie County, North Dakota(2)",38053,Rural,* ,*, *,* , * , *,3 or fewer,*,*,*,*
"McMullen County, Texas(7)",48311,Rural,* ,*, *,* , * , *,3 or fewer,*,*,*,*
"McPherson County, Nebraska(2)",31117,Rural,* ,*, *,* , * , *,3 or fewer,*,*,*,*
"McPherson County, South Dakota(2)",46089,Rural,* ,*, *,* , * , *,3 or fewer,*,*,*,*
"Meagher County, Montana(2)",30059,Rural,* ,*, *,* , * , *,3 or fewer,*,*,*,*
"Mellette County, South Dakota(2)",46095,Rural,* ,*, *,* , * , *,3 or fewer,*,*,*,*
"Menard County, Texas(7)",48327,Rural,* ,*, *,* , * , *,3 or fewer,*,*,*,*
"Menominee County, Wisconsin(2)",55078,Rural,* ,*, *,* , * , *,3 or fewer,*,*,*,*
"Mercer County, Missouri(2)",29129,Rural,* ,*, *,* , * , *,3 or fewer,*,*,*,*
"Merrick County, Nebraska(2)",31121,Urban,* ,*, *,* , * , *,3 or fewer,*,*,*,*
"Millard County, Utah(7)",49027,Rural,* ,*, *,* , * , *,3 or fewer,*,*,*,*
"Mills County, Texas(7)",48333,Rural,* ,*, *,* , * , *,3 or fewer,*,*,*,*
"Miner County, South Dakota(2)",46097,Rural,* ,*, *,* , * , *,3 or fewer,*,*,*,*
"Mineral County, Colorado(2)",08079,Rural,* ,*, *,* , * , *,3 or fewer,*,*,*,*
"Mineral County, Montana(2)",30061,Urban,* ,*, *,* , * , *,3 or fewer,*,*,*,*
"Mitchell County, Texas(7)",48335,Rural,* ,*, *,* , * , *,3 or fewer,*,*,*,*
"Mono County, California(7)",06051,Rural,* ,*, *,* , * , *,3 or fewer,*,*,*,*
"Mora County, New Mexico(7)",35033,Rural,* ,*, *,* , * , *,3 or fewer,*,*,*,*
"Morgan County, Utah(7)",49029,Urban,* ,*, *,* , * , *,3 or fewer,*,*,*,*
"Morrill County, Nebraska(2)",31123,Rural,* ,*, *,* , * , *,3 or fewer,*,*,*,*
"Motley County, Texas(7)",48345,Rural,* ,*, *,* , * , *,3 or fewer,*,*,*,*
"Mountrail County, North Dakota(2)",38061,Rural,* ,*, *,* , * , *,3 or fewer,*,*,*,*
"Murray County, Minnesota(2)",27101,Rural,* ,*, *,* , * , *,3 or fewer,*,*,*,*
"Musselshell County, Montana(2)",30065,Rural,* ,*, *,* , * , *,3 or fewer,*,*,*,*
"Nance County, Nebraska(2)",31125,Rural,* ,*, *,* , * , *,3 or fewer,*,*,*,*
"Nelson County, North Dakota(2)",38063,Rural,* ,*, *,* , * , *,3 or fewer,*,*,*,*
"Nemaha County, Nebraska(2)",31127,Rural,* ,*, *,* , * , *,3 or fewer,*,*,*,*
"Niobrara County, Wyoming(2)",56027,Rural,* ,*, *,* , * , *,3 or fewer,*,*,*,*
"Nome Census Area, Alaska(2)",02180,Rural,* ,*, *,* , * , *,3 or fewer,*,*,*,*
"Northwest Arctic Borough, Alaska(2)",02188,Rural,* ,*, *,* , * , *,3 or fewer,*,*,*,*
"Norton City, Virginia(2)",51720,Rural,* ,*, *,* , * , *,3 or fewer,*,*,*,*
"Nuckolls County, Nebraska(2)",31129,Rural,* ,*, *,* , * , *,3 or fewer,*,*,*,*
"Ochiltree County, Texas(7)",48357,Rural,* ,*, *,* , * , *,3 or fewer,*,*,*,*
"Oglala Lakota, South Dakota(2)",46102,Rural,* ,*, *,* , * , *,3 or fewer,*,*,*,*
"Oldham County, Texas(7)",48359,Urban,* ,*, *,* , * , *,3 or fewer,*,*,*,*
"Oliver County, North Dakota(2)",38065,Urban,* ,*, *,* , * , *,3 or fewer,*,*,*,*
"Oneida County, Idaho(7)",16071,Rural,* ,*, *,* , * , *,3 or fewer,*,*,*,*
"Ouray County, Colorado(2)",08091,Rural,* ,*, *,* , * , *,3 or fewer,*,*,*,*
"Parmer County, Texas(7)",48369,Rural,* ,*, *,* , * , *,3 or fewer,*,*,*,*
"Pawnee County, Nebraska(2)",31133,Rural,* ,*, *,* , * , *,3 or fewer,*,*,*,*
"Pendleton County, West Virginia(2)",54071,Rural,* ,*, *,* , * , *,3 or fewer,*,*,*,*
"Pepin County, Wisconsin(2)",55091,Rural,* ,*, *,* , * , *,3 or fewer,*,*,*,*
"Perkins County, Nebraska(2)",31135,Rural,* ,*, *,* , * , *,3 or fewer,*,*,*,*
"Perkins County, South Dakota(2)",46105,Rural,* ,*, *,* , * , *,3 or fewer,*,*,*,*
"Perry County, Alabama(2)",01105,Rural,* ,*, *,* , * , *,3 or fewer,*,*,*,*
"Pershing County, Nevada(2)",32027,Rural,* ,*, *,* , * , *,3 or fewer,*,*,*,*
"Petersburg Census Area, Alaska(2)",02195,Rural,* ,*, *,* , * , *,3 or fewer,*,*,*,*
"Petroleum County, Montana(2)",30069,Rural,* ,*, *,* , * , *,3 or fewer,*,*,*,*
"Phelps County, Nebraska(2)",31137,Rural,* ,*, *,* , * , *,3 or fewer,*,*,*,*
"Phillips County, Colorado(2)",08095,Rural,* ,*, *,* , * , *,3 or fewer,*,*,*,*
"Phillips County, Montana(2)",30071,Rural,* ,*, *,* , * , *,3 or fewer,*,*,*,*
"Pierce County, North Dakota(2)",38069,Rural,* ,*, *,* , * , *,3 or fewer,*,*,*,*
"Pitkin County, Colorado(2)",08097,Rural,* ,*, *,* , * , *,3 or fewer,*,*,*,*
"Piute County, Utah(7)",49031,Rural,* ,*, *,* , * , *,3 or fewer,*,*,*,*
"Polk County, Nebraska(2)",31143,Rural,* ,*, *,* , * , *,3 or fewer,*,*,*,*
"Pondera County, Montana(2)",30073,Rural,* ,*, *,* , * , *,3 or fewer,*,*,*,*
"Potter County, South Dakota(2)",46107,Rural,* ,*, *,* , * , *,3 or fewer,*,*,*,*
"Powder River County, Montana(2)",30075,Rural,* ,*, *,* , * , *,3 or fewer,*,*,*,*
"Prairie County, Montana(2)",30079,Rural,* ,*, *,* , * , *,3 or fewer,*,*,*,*
"Presidio County, Texas(7)",48377,Rural,* ,*, *,* , * , *,3 or fewer,*,*,*,*
"Quitman County, Georgia(7)",13239,Rural,* ,*, *,* , * , *,3 or fewer,*,*,*,*
"Rappahannock County, Virginia(2)",51157,Urban,* ,*, *,* , * , *,3 or fewer,*,*,*,*
"Reagan County, Texas(7)",48383,Rural,* ,*, *,* , * , *,3 or fewer,*,*,*,*
"Real County, Texas(7)",48385,Rural,* ,*, *,* , * , *,3 or fewer,*,*,*,*
"Red Lake County, Minnesota(2)",27125,Rural,* ,*, *,* , * , *,3 or fewer,*,*,*,*
"Reeves County, Texas(7)",48389,Rural,* ,*, *,* , * , *,3 or fewer,*,*,*,*
"Refugio County, Texas(7)",48391,Rural,* ,*, *,* , * , *,3 or fewer,*,*,*,*
"Renville County, North Dakota(2)",38075,Urban,* ,*, *,* , * , *,3 or fewer,*,*,*,*
"Rich County, Utah(7)",49033,Rural,* ,*, *,* , * , *,3 or fewer,*,*,*,*
"Ringgold County, Iowa(7)",19159,Rural,* ,*, *,* , * , *,3 or fewer,*,*,*,*
"Rio Blanco County, Colorado(2)",08103,Rural,* ,*, *,* , * , *,3 or fewer,*,*,*,*
"Roberts County, Texas(7)",48393,Rural,* ,*, *,* , * , *,3 or fewer,*,*,*,*
"Robertson County, Kentucky(7)",21201,Rural,* ,*, *,* , * , *,3 or fewer,*,*,*,*
"Rock County, Minnesota(2)",27133,Urban,* ,*, *,* , * , *,3 or fewer,*,*,*,*
"Rock County, Nebraska(2)",31149,Rural,* ,*, *,* , * , *,3 or fewer,*,*,*,*
"Roger Mills County, Oklahoma(2)",40129,Rural,* ,*, *,* , * , *,3 or fewer,*,*,*,*
"Roosevelt County, Montana(2)",30085,Rural,* ,*, *,* , * , *,3 or fewer,*,*,*,*
"Rosebud County, Montana(2)",30087,Rural,* ,*, *,* , * , *,3 or fewer,*,*,*,*
"Saguache County, Colorado(2)",08109,Rural,* ,*, *,* , * , *,3 or fewer,*,*,*,*
"San Juan County, Colorado(2)",08111,Rural,* ,*, *,* , * , *,3 or fewer,*,*,*,*
"San Juan County, Utah(7)",49037,Rural,* ,*, *,* , * , *,3 or fewer,*,*,*,*
"San Miguel County, Colorado(2)",08113,Rural,* ,*, *,* , * , *,3 or fewer,*,*,*,*
"San Saba County, Texas(7)",48411,Rural,* ,*, *,* , * , *,3 or fewer,*,*,*,*
"Sanborn County, South Dakota(2)",46111,Rural,* ,*, *,* , * , *,3 or fewer,*,*,*,*
"Sargent County, North Dakota(2)",38081,Rural,* ,*, *,* , * , *,3 or fewer,*,*,*,*
"Schleicher County, Texas(7)",48413,Rural,* ,*, *,* , * , *,3 or fewer,*,*,*,*
"Schuyler County, Missouri(2)",29197,Rural,* ,*, *,* , * , *,3 or fewer,*,*,*,*
"Scotland County, Missouri(2)",29199,Rural,* ,*, *,* , * , *,3 or fewer,*,*,*,*
"Scott County, Illinois(7)",17171,Rural,* ,*, *,* , * , *,3 or fewer,*,*,*,*
"Sedgwick County, Colorado(2)",08115,Rural,* ,*, *,* , * , *,3 or fewer,*,*,*,*
"Sevier County, Utah(7)",49041,Rural,* ,*, *,* , * , *,3 or fewer,*,*,*,*
"Shackelford County, Texas(7)",48417,Rural,* ,*, *,* , * , *,3 or fewer,*,*,*,*
"Sharkey County, Mississippi(2)",28125,Rural,* ,*, *,* , * , *,3 or fewer,*,*,*,*
"Sheridan County, Montana(2)",30091,Rural,* ,*, *,* , * , *,3 or fewer,*,*,*,*
"Sheridan County, Nebraska(2)",31161,Rural,* ,*, *,* , * , *,3 or fewer,*,*,*,*
"Sheridan County, North Dakota(2)",38083,Rural,* ,*, *,* , * , *,3 or fewer,*,*,*,*
"Sherman County, Nebraska(2)",31163,Rural,* ,*, *,* , * , *,3 or fewer,*,*,*,*
"Sherman County, Oregon(2)",41055,Rural,* ,*, *,* , * , *,3 or fewer,*,*,*,*
"Sherman County, Texas(7)",48421,Rural,* ,*, *,* , * , *,3 or fewer,*,*,*,*
"Sierra County, California(7)",06091,Rural,* ,*, *,* , * , *,3 or fewer,*,*,*,*
"Sioux County, Nebraska(2)",31165,Rural,* ,*, *,* , * , *,3 or fewer,*,*,*,*
"Sioux County, North Dakota(2)",38085,Rural,* ,*, *,* , * , *,3 or fewer,*,*,*,*
"Sitka Borough, Alaska(2)",02220,Rural,* ,*, *,* , * , *,3 or fewer,*,*,*,*
"Skagway Municipality, Alaska(2)",02230,Rural,* ,*, *,* , * , *,3 or fewer,*,*,*,*
"Slope County, North Dakota(2)",38087,Rural,* ,*, *,* , * , *,3 or fewer,*,*,*,*
"Somervell County, Texas(7)",48425,Rural,* ,*, *,* , * , *,3 or fewer,*,*,*,*
"Southeast Fairbanks Census Area, Alaska(2)",02240,Rural,* ,*, *,* , * , *,3 or fewer,*,*,*,*
"Spink County, South Dakota(2)",46115,Rural,* ,*, *,* , * , *,3 or fewer,*,*,*,*
"Stanley County, South Dakota(2)",46117,Rural,* ,*, *,* , * , *,3 or fewer,*,*,*,*
"Stanton County, Nebraska(2)",31167,Rural,* ,*, *,* , * , *,3 or fewer,*,*,*,*
"Steele County, North Dakota(2)",38091,Rural,* ,*, *,* , * , *,3 or fewer,*,*,*,*
"Sterling County, Texas(7)",48431,Rural,* ,*, *,* , * , *,3 or fewer,*,*,*,*
"Stevens County, Minnesota(2)",27149,Rural,* ,*, *,* , * , *,3 or fewer,*,*,*,*
"Stewart County, Georgia(7)",13259,Urban,* ,*, *,* , * , *,3 or fewer,*,*,*,*
"Stillwater County, Montana(2)",30095,Urban,* ,*, *,* , * , *,3 or fewer,*,*,*,*
"Stonewall County, Texas(7)",48433,Rural,* ,*, *,* , * , *,3 or fewer,*,*,*,*
"Storey County, Nevada(2)",32029,Urban,* ,*, *,* , * , *,3 or fewer,*,*,*,*
"Sublette County, Wyoming(2)",56035,Rural,* ,*, *,* , * , *,3 or fewer,*,*,*,*
"Sully County, South Dakota(2)",46119,Rural,* ,*, *,* , * , *,3 or fewer,*,*,*,*
"Summit County, Colorado(2)",08117,Rural,* ,*, *,* , * , *,3 or fewer,*,*,*,*
"Sutton County, Texas(7)",48435,Rural,* ,*, *,* , * , *,3 or fewer,*,*,*,*
"Sweet Grass County, Montana(2)",30097,Rural,* ,*, *,* , * , *,3 or fewer,*,*,*,*
"Swisher County, Texas(7)",48437,Rural,* ,*, *,* , * , *,3 or fewer,*,*,*,*
"Taliaferro County, Georgia(7)",13265,Rural,* ,*, *,* , * , *,3 or fewer,*,*,*,*
"Tensas Parish, Louisiana(7)",22107,Rural,* ,*, *,* , * , *,3 or fewer,*,*,*,*
"Terrell County, Texas(7)",48443,Rural,* ,*, *,* , * , *,3 or fewer,*,*,*,*
"Terry County, Texas(7)",48445,Rural,* ,*, *,* , * , *,3 or fewer,*,*,*,*
"Teton County, Idaho(7)",16081,Rural,* ,*, *,* , * , *,3 or fewer,*,*,*,*
"Teton County, Montana(2)",30099,Rural,* ,*, *,* , * , *,3 or fewer,*,*,*,*
"Teton County, Wyoming(2)",56039,Rural,* ,*, *,* , * , *,3 or fewer,*,*,*,*
"Thayer County, Nebraska(2)",31169,Rural,* ,*, *,* , * , *,3 or fewer,*,*,*,*
"Thomas County, Nebraska(2)",31171,Rural,* ,*, *,* , * , *,3 or fewer,*,*,*,*
"Throckmorton County, Texas(7)",48447,Rural,* ,*, *,* , * , *,3 or fewer,*,*,*,*
"Thurston County, Nebraska(2)",31173,Rural,* ,*, *,* , * , *,3 or fewer,*,*,*,*
"Tillman County, Oklahoma(2)",40141,Rural,* ,*, *,* , * , *,3 or fewer,*,*,*,*
"Todd County, South Dakota(2)",46121,Rural,* ,*, *,* , * , *,3 or fewer,*,*,*,*
"Toole County, Montana(2)",30101,Rural,* ,*, *,* , * , *,3 or fewer,*,*,*,*
"Towner County, North Dakota(2)",38095,Rural,* ,*, *,* , * , *,3 or fewer,*,*,*,*
"Treasure County, Montana(2)",30103,Rural,* ,*, *,* , * , *,3 or fewer,*,*,*,*
"Treutlen County, Georgia(7)",13283,Rural,* ,*, *,* , * , *,3 or fewer,*,*,*,*
"Tripp County, South Dakota(2)",46123,Rural,* ,*, *,* , * , *,3 or fewer,*,*,*,*
"Tyrrell County, North Carolina(2)",37177,Rural,* ,*, *,* , * , *,3 or fewer,*,*,*,*
"Union County, Indiana(2)",18161,Rural,* ,*, *,* , * , *,3 or fewer,*,*,*,*
"Union County, New Mexico(7)",35059,Rural,* ,*, *,* , * , *,3 or fewer,*,*,*,*
"Upton County, Texas(7)",48461,Rural,* ,*, *,* , * , *,3 or fewer,*,*,*,*
"Valley County, Idaho(7)",16085,Rural,* ,*, *,* , * , *,3 or fewer,*,*,*,*
"Valley County, Nebraska(2)",31175,Rural,* ,*, *,* , * , *,3 or fewer,*,*,*,*
"Wahkiakum County, Washington(2)",53069,Rural,* ,*, *,* , * , *,3 or fewer,*,*,*,*
"Wallowa County, Oregon(2)",41063,Rural,* ,*, *,* , * , *,3 or fewer,*,*,*,*
"Walworth County, South Dakota(2)",46129,Rural,* ,*, *,* , * , *,3 or fewer,*,*,*,*
"Ward County, Texas(7)",48475,Rural,* ,*, *,* , * , *,3 or fewer,*,*,*,*
"Washington County, Colorado(2)",08121,Rural,* ,*, *,* , * , *,3 or fewer,*,*,*,*
"Wayne County, Utah(7)",49055,Rural,* ,*, *,* , * , *,3 or fewer,*,*,*,*
"Webster County, Georgia(7)",13307,Rural,* ,*, *,* , * , *,3 or fewer,*,*,*,*
"Webster County, Nebraska(2)",31181,Rural,* ,*, *,* , * , *,3 or fewer,*,*,*,*
"Wells County, North Dakota(2)",38103,Rural,* ,*, *,* , * , *,3 or fewer,*,*,*,*
"Wheatland County, Montana(2)",30107,Rural,* ,*, *,* , * , *,3 or fewer,*,*,*,*
"Wheeler County, Georgia(7)",13309,Rural,* ,*, *,* , * , *,3 or fewer,*,*,*,*
"Wheeler County, Nebraska(2)",31183,Rural,* ,*, *,* , * , *,3 or fewer,*,*,*,*
"Wheeler County, Oregon(2)",41069,Rural,* ,*, *,* , * , *,3 or fewer,*,*,*,*
"White Pine County, Nevada(2)",32033,Rural,* ,*, *,* , * , *,3 or fewer,*,*,*,*
"Wibaux County, Montana(2)",30109,Rural,* ,*, *,* , * , *,3 or fewer,*,*,*,*
"Wilcox County, Georgia(7)",13315,Rural,* ,*, *,* , * , *,3 or fewer,*,*,*,*
"Winkler County, Texas(7)",48495,Rural,* ,*, *,* , * , *,3 or fewer,*,*,*,*
"Wirt County, West Virginia(2)",54105,Urban,* ,*, *,* , * , *,3 or fewer,*,*,*,*
"Worth County, Missouri(2)",29227,Rural,* ,*, *,* , * , *,3 or fewer,*,*,*,*
"Wrangell Borough, Alaska(2)",02275,Rural,* ,*, *,* , * , *,3 or fewer,*,*,*,*
"Yakutat City and Borough, Alaska(2)",02282,Rural,* ,*, *,* , * , *,3 or fewer,*,*,*,*
"Yoakum County, Texas(7)",48501,Rural,* ,*, *,* , * , *,3 or fewer,*,*,*,*
"Yukon-Koyukuk Census Area, Alaska(2)",02290,Rural,* ,*, *,* , * , *,3 or fewer,*,*,*,*
"Yuma County, Colorado(2)",08125,Rural,* ,*, *,* , * , *,3 or fewer,*,*,*,*
"Zapata County, Texas(7)",48505,Rural,* ,*, *,* , * , *,3 or fewer,*,*,*,*
"Zavala County, Texas(7)",48507,Rural,* ,*, *,* , * , *,3 or fewer,*,*,*,*
"Ziebach County, South Dakota(2)",46137,Rural,* ,*, *,* , * , *,3 or fewer,*,*,*,*
"Allen County, Kansas(2)",20001,Rural,[P1 note] ,[P1 note], [P1 note],&para; , &para; , &para;,[P1 note],[P1 note],[P1 note],[P1 note],[P1 note]
"Anderson County, Kansas(2)",20003,Rural,[P1 note] ,[P1 note], [P1 note],&para; , &para; , &para;,[P1 note],[P1 note],[P1 note],[P1 note],[P1 note]
"Atchison County, Kansas(2)",20005,Rural,[P1 note] ,[P1 note], [P1 note],&para; , &para; , &para;,[P1 note],[P1 note],[P1 note],[P1 note],[P1 note]
"Barber County, Kansas(2)",20007,Rural,[P1 note] ,[P1 note], [P1 note],&para; , &para; , &para;,[P1 note],[P1 note],[P1 note],[P1 note],[P1 note]
"Barton County, Kansas(2)",20009,Rural,[P1 note] ,[P1 note], [P1 note],&para; , &para; , &para;,[P1 note],[P1 note],[P1 note],[P1 note],[P1 note]
"Bourbon County, Kansas(2)",20011,Rural,[P1 note] ,[P1 note], [P1 note],&para; , &para; , &para;,[P1 note],[P1 note],[P1 note],[P1 note],[P1 note]
"Brown County, Kansas(2)",20013,Rural,[P1 note] ,[P1 note], [P1 note],&para; , &para; , &para;,[P1 note],[P1 note],[P1 note],[P1 note],[P1 note]
"Butler County, Kansas(2)",20015,Urban,[P1 note] ,[P1 note], [P1 note],&para; , &para; , &para;,[P1 note],[P1 note],[P1 note],[P1 note],[P1 note]
"Chase County, Kansas(2)",20017,Rural,[P1 note] ,[P1 note], [P1 note],&para; , &para; , &para;,[P1 note],[P1 note],[P1 note],[P1 note],[P1 note]
"Chautauqua County, Kansas(2)",20019,Rural,[P1 note] ,[P1 note], [P1 note],&para; , &para; , &para;,[P1 note],[P1 note],[P1 note],[P1 note],[P1 note]
"Cherokee County, Kansas(2)",20021,Urban,[P1 note] ,[P1 note], [P1 note],&para; , &para; , &para;,[P1 note],[P1 note],[P1 note],[P1 note],[P1 note]
"Cheyenne County, Kansas(2)",20023,Rural,[P1 note] ,[P1 note], [P1 note],&para; , &para; , &para;,[P1 note],[P1 note],[P1 note],[P1 note],[P1 note]
"Clark County, Kansas(2)",20025,Rural,[P1 note] ,[P1 note], [P1 note],&para; , &para; , &para;,[P1 note],[P1 note],[P1 note],[P1 note],[P1 note]
"Clay County, Kansas(2)",20027,Rural,[P1 note] ,[P1 note], [P1 note],&para; , &para; , &para;,[P1 note],[P1 note],[P1 note],[P1 note],[P1 note]
"Cloud County, Kansas(2)",20029,Rural,[P1 note] ,[P1 note], [P1 note],&para; , &para; , &para;,[P1 note],[P1 note],[P1 note],[P1 note],[P1 note]
"Coffey County, Kansas(2)",20031,Rural,[P1 note] ,[P1 note], [P1 note],&para; , &para; , &para;,[P1 note],[P1 note],[P1 note],[P1 note],[P1 note]
"Comanche County, Kansas(2)",20033,Rural,[P1 note] ,[P1 note], [P1 note],&para; , &para; , &para;,[P1 note],[P1 note],[P1 note],[P1 note],[P1 note]
"Cowley County, Kansas(2)",20035,Rural,[P1 note] ,[P1 note], [P1 note],&para; , &para; , &para;,[P1 note],[P1 note],[P1 note],[P1 note],[P1 note]
"Crawford County, Kansas(2)",20037,Rural,[P1 note] ,[P1 note], [P1 note],&para; , &para; , &para;,[P1 note],[P1 note],[P1 note],[P1 note],[P1 note]
"Decatur County, Kansas(2)",20039,Rural,[P1 note] ,[P1 note], [P1 note],&para; , &para; , &para;,[P1 note],[P1 note],[P1 note],[P1 note],[P1 note]
"Dickinson County, Kansas(2)",20041,Rural,[P1 note] ,[P1 note], [P1 note],&para; , &para; , &para;,[P1 note],[P1 note],[P1 note],[P1 note],[P1 note]
"Doniphan County, Kansas(2)",20043,Urban,[P1 note] ,[P1 note], [P1 note],&para; , &para; , &para;,[P1 note],[P1 note],[P1 note],[P1 note],[P1 note]
"Douglas County, Kansas(2)",20045,Urban,[P1 note] ,[P1 note], [P1 note],&para; , &para; , &para;,[P1 note],[P1 note],[P1 note],[P1 note],[P1 note]
"Edwards County, Kansas(2)",20047,Rural,[P1 note] ,[P1 note], [P1 note],&para; , &para; , &para;,[P1 note],[P1 note],[P1 note],[P1 note],[P1 note]
"Elk County, Kansas(2)",20049,Rural,[P1 note] ,[P1 note], [P1 note],&para; , &para; , &para;,[P1 note],[P1 note],[P1 note],[P1 note],[P1 note]
"Ellis County, Kansas(2)",20051,Rural,[P1 note] ,[P1 note], [P1 note],&para; , &para; , &para;,[P1 note],[P1 note],[P1 note],[P1 note],[P1 note]
"Ellsworth County, Kansas(2)",20053,Rural,[P1 note] ,[P1 note], [P1 note],&para; , &para; , &para;,[P1 note],[P1 note],[P1 note],[P1 note],[P1 note]
"Finney County, Kansas(2)",20055,Rural,[P1 note] ,[P1 note], [P1 note],&para; , &para; , &para;,[P1 note],[P1 note],[P1 note],[P1 note],[P1 note]
"Ford County, Kansas(2)",20057,Rural,[P1 note] ,[P1 note], [P1 note],&para; , &para; , &para;,[P1 note],[P1 note],[P1 note],[P1 note],[P1 note]
"Franklin County, Kansas(2)",20059,Rural,[P1 note] ,[P1 note], [P1 note],&para; , &para; , &para;,[P1 note],[P1 note],[P1 note],[P1 note],[P1 note]
"Geary County, Kansas(2)",20061,Urban,[P1 note] ,[P1 note], [P1 note],&para; , &para; , &para;,[P1 note],[P1 note],[P1 note],[P1 note],[P1 note]
"Gove County, Kansas(2)",20063,Rural,[P1 note] ,[P1 note], [P1 note],&para; , &para; , &para;,[P1 note],[P1 note],[P1 note],[P1 note],[P1 note]
"Graham County, Kansas(2)",20065,Rural,[P1 note] ,[P1 note], [P1 note],&para; , &para; , &para;,[P1 note],[P1 note],[P1 note],[P1 note],[P1 note]
"Grant County, Kansas(2)",20067,Rural,[P1 note] ,[P1 note], [P1 note],&para; , &para; , &para;,[P1 note],[P1 note],[P1 note],[P1 note],[P1 note]
"Gray County, Kansas(2)",20069,Rural,[P1 note] ,[P1 note], [P1 note],&para; , &para; , &para;,[P1 note],[P1 note],[P1 note],[P1 note],[P1 note]
"Greeley County, Kansas(2)",20071,Rural,[P1 note] ,[P1 note], [P1 note],&para; , &para; , &para;,[P1 note],[P1 note],[P1 note],[P1 note],[P1 note]
"Greenwood County, Kansas(2)",20073,Rural,[P1 note] ,[P1 note], [P1 note],&para; , &para; , &para;,[P1 note],[P1 note],[P1 note],[P1 note],[P1 note]
"Hamilton County, Kansas(2)",20075,Rural,[P1 note] ,[P1 note], [P1 note],&para; , &para; , &para;,[P1 note],[P1 note],[P1 note],[P1 note],[P1 note]
"Harper County, Kansas(2)",20077,Rural,[P1 note] ,[P1 note], [P1 note],&para; , &para; , &para;,[P1 note],[P1 note],[P1 note],[P1 note],[P1 note]
"Harvey County, Kansas(2)",20079,Urban,[P1 note] ,[P1 note], [P1 note],&para; , &para; , &para;,[P1 note],[P1 note],[P1 note],[P1 note],[P1 note]
"Haskell County, Kansas(2)",20081,Rural,[P1 note] ,[P1 note], [P1 note],&para; , &para; , &para;,[P1 note],[P1 note],[P1 note],[P1 note],[P1 note]
"Hodgeman County, Kansas(2)",20083,Rural,[P1 note] ,[P1 note], [P1 note],&para; , &para; , &para;,[P1 note],[P1 note],[P1 note],[P1 note],[P1 note]
"Jackson County, Kansas(2)",20085,Urban,[P1 note] ,[P1 note], [P1 note],&para; , &para; , &para;,[P1 note],[P1 note],[P1 note],[P1 note],[P1 note]
"Jefferson County, Kansas(2)",20087,Urban,[P1 note] ,[P1 note], [P1 note],&para; , &para; , &para;,[P1 note],[P1 note],[P1 note],[P1 note],[P1 note]
"Jewell County, Kansas(2)",20089,Rural,[P1 note] ,[P1 note], [P1 note],&para; , &para; , &para;,[P1 note],[P1 note],[P1 note],[P1 note],[P1 note]
"Johnson County, Kansas(2)",20091,Urban,[P1 note] ,[P1 note], [P1 note],&para; , &para; , &para;,[P1 note],[P1 note],[P1 note],[P1 note],[P1 note]
"Kearny County, Kansas(2)",20093,Rural,[P1 note] ,[P1 note], [P1 note],&para; , &para; , &para;,[P1 note],[P1 note],[P1 note],[P1 note],[P1 note]
"Kingman County, Kansas(2)",20095,Rural,[P1 note] ,[P1 note], [P1 note],&para; , &para; , &para;,[P1 note],[P1 note],[P1 note],[P1 note],[P1 note]
"Kiowa County, Kansas(2)",20097,Rural,[P1 note] ,[P1 note], [P1 note],&para; , &para; , &para;,[P1 note],[P1 note],[P1 note],[P1 note],[P1 note]
"Labette County, Kansas(2)",20099,Rural,[P1 note] ,[P1 note], [P1 note],&para; , &para; , &para;,[P1 note],[P1 note],[P1 note],[P1 note],[P1 note]
"Lane County, Kansas(2)",20101,Rural,[P1 note] ,[P1 note], [P1 note],&para; , &para; , &para;,[P1 note],[P1 note],[P1 note],[P1 note],[P1 note]
"Leavenworth County, Kansas(2)",20103,Urban,[P1 note] ,[P1 note], [P1 note],&para; , &para; , &para;,[P1 note],[P1 note],[P1 note],[P1 note],[P1 note]
"Lincoln County, Kansas(2)",20105,Rural,[P1 note] ,[P1 note], [P1 note],&para; , &para; , &para;,[P1 note],[P1 note],[P1 note],[P1 note],[P1 note]
"Linn County, Kansas(2)",20107,Urban,[P1 note] ,[P1 note], [P1 note],&para; , &para; , &para;,[P1 note],[P1 note],[P1 note],[P1 note],[P1 note]
"Logan County, Kansas(2)",20109,Rural,[P1 note] ,[P1 note], [P1 note],&para; , &para; , &para;,[P1 note],[P1 note],[P1 note],[P1 note],[P1 note]
"Lyon County, Kansas(2)",20111,Rural,[P1 note] ,[P1 note], [P1 note],&para; , &para; , &para;,[P1 note],[P1 note],[P1 note],[P1 note],[P1 note]
"Marion County, Kansas(2)",20115,Rural,[P1 note] ,[P1 note], [P1 note],&para; , &para; , &para;,[P1 note],[P1 note],[P1 note],[P1 note],[P1 note]
"Marshall County, Kansas(2)",20117,Rural,[P1 note] ,[P1 note], [P1 note],&para; , &para; , &para;,[P1 note],[P1 note],[P1 note],[P1 note],[P1 note]
"McPherson County, Kansas(2)",20113,Rural,[P1 note] ,[P1 note], [P1 note],&para; , &para; , &para;,[P1 note],[P1 note],[P1 note],[P1 note],[P1 note]
"Meade County, Kansas(2)",20119,Rural,[P1 note] ,[P1 note], [P1 note],&para; , &para; , &para;,[P1 note],[P1 note],[P1 note],[P1 note],[P1 note]
"Miami County, Kansas(2)",20121,Urban,[P1 note] ,[P1 note], [P1 note],&para; , &para; , &para;,[P1 note],[P1 note],[P1 note],[P1 note],[P1 note]
"Mitchell County, Kansas(2)",20123,Rural,[P1 note] ,[P1 note], [P1 note],&para; , &para; , &para;,[P1 note],[P1 note],[P1 note],[P1 note],[P1 note]
"Montgomery County, Kansas(2)",20125,Rural,[P1 note] ,[P1 note], [P1 note],&para; , &para; , &para;,[P1 note],[P1 note],[P1 note],[P1 note],[P1 note]
"Morris County, Kansas(2)",20127,Rural,[P1 note] ,[P1 note], [P1 note],&para; , &para; , &para;,[P1 note],[P1 note],[P1 note],[P1 note],[P1 note]
"Morton County, Kansas(2)",20129,Rural,[P1 note] ,[P1 note], [P1 note],&para; , &para; , &para;,[P1 note],[P1 note],[P1 note],[P1 note],[P1 note]
"Nemaha County, Kansas(2)",20131,Rural,[P1 note] ,[P1 note], [P1 note],&para; , &para; , &para;,[P1 note],[P1 note],[P1 note],[P1 note],[P1 note]
"Neosho County, Kansas(2)",20133,Rural,[P1 note] ,[P1 note], [P1 note],&para; , &para; , &para;,[P1 note],[P1 note],[P1 note],[P1 note],[P1 note]
"Ness County, Kansas(2)",20135,Rural,[P1 note] ,[P1 note], [P1 note],&para; , &para; , &para;,[P1 note],[P1 note],[P1 note],[P1 note],[P1 note]
"Norton County, Kansas(2)",20137,Rural,[P1 note] ,[P1 note], [P1 note],&para; , &para; , &para;,[P1 note],[P1 note],[P1 note],[P1 note],[P1 note]
"Osage County, Kansas(2)",20139,Urban,[P1 note] ,[P1 note], [P1 note],&para; , &para; , &para;,[P1 note],[P1 note],[P1 note],[P1 note],[P1 note]
"Osborne County, Kansas(2)",20141,Rural,[P1 note] ,[P1 note], [P1 note],&para; , &para; , &para;,[P1 note],[P1 note],[P1 note],[P1 note],[P1 note]
"Ottawa County, Kansas(2)",20143,Rural,[P1 note] ,[P1 note], [P1 note],&para; , &para; , &para;,[P1 note],[P1 note],[P1 note],[P1 note],[P1 note]
"Pawnee County, Kansas(2)",20145,Rural,[P1 note] ,[P1 note], [P1 note],&para; , &para; , &para;,[P1 note],[P1 note],[P1 note],[P1 note],[P1 note]
"Phillips County, Kansas(2)",20147,Rural,[P1 note] ,[P1 note], [P1 note],&para; , &para; , &para;,[P1 note],[P1 note],[P1 note],[P1 note],[P1 note]
"Pottawatomie County, Kansas(2)",20149,Urban,[P1 note] ,[P1 note], [P1 note],&para; , &para; , &para;,[P1 note],[P1 note],[P1 note],[P1 note],[P1 note]
"Pratt County, Kansas(2)",20151,Rural,[P1 note] ,[P1 note], [P1 note],&para; , &para; , &para;,[P1 note],[P1 note],[P1 note],[P1 note],[P1 note]
"Rawlins County, Kansas(2)",20153,Rural,[P1 note] ,[P1 note], [P1 note],&para; , &para; , &para;,[P1 note],[P1 note],[P1 note],[P1 note],[P1 note]
"Reno County, Kansas(2)",20155,Rural,[P1 note] ,[P1 note], [P1 note],&para; , &para; , &para;,[P1 note],[P1 note],[P1 note],[P1 note],[P1 note]
"Republic County, Kansas(2)",20157,Rural,[P1 note] ,[P1 note], [P1 note],&para; , &para; , &para;,[P1 note],[P1 note],[P1 note],[P1 note],[P1 note]
"Rice County, Kansas(2)",20159,Rural,[P1 note] ,[P1 note], [P1 note],&para; , &para; , &para;,[P1 note],[P1 note],[P1 note],[P1 note],[P1 note]
"Riley County, Kansas(2)",20161,Urban,[P1 note] ,[P1 note], [P1 note],&para; , &para; , &para;,[P1 note],[P1 note],[P1 note],[P1 note],[P1 note]
"Rooks County, Kansas(2)",20163,Rural,[P1 note] ,[P1 note], [P1 note],&para; , &para; , &para;,[P1 note],[P1 note],[P1 note],[P1 note],[P1 note]
"Rush County, Kansas(2)",20165,Rural,[P1 note] ,[P1 note], [P1 note],&para; , &para; , &para;,[P1 note],[P1 note],[P1 note],[P1 note],[P1 note]
"Russell County, Kansas(2)",20167,Rural,[P1 note] ,[P1 note], [P1 note],&para; , &para; , &para;,[P1 note],[P1 note],[P1 note],[P1 note],[P1 note]
"Saline County, Kansas(2)",20169,Rural,[P1 note] ,[P1 note], [P1 note],&para; , &para; , &para;,[P1 note],[P1 note],[P1 note],[P1 note],[P1 note]
"Scott County, Kansas(2)",20171,Rural,[P1 note] ,[P1 note], [P1 note],&para; , &para; , &para;,[P1 note],[P1 note],[P1 note],[P1 note],[P1 note]
"Sedgwick County, Kansas(2)",20173,Urban,[P1 note] ,[P1 note], [P1 note],&para; , &para; , &para;,[P1 note],[P1 note],[P1 note],[P1 note],[P1 note]
"Seward County, Kansas(2)",20175,Rural,[P1 note] ,[P1 note], [P1 note],&para; , &para; , &para;,[P1 note],[P1 note],[P1 note],[P1 note],[P1 note]
"Shawnee County, Kansas(2)",20177,Urban,[P1 note] ,[P1 note], [P1 note],&para; , &para; , &para;,[P1 note],[P1 note],[P1 note],[P1 note],[P1 note]
"Sheridan County, Kansas(2)",20179,Rural,[P1 note] ,[P1 note], [P1 note],&para; , &para; , &para;,[P1 note],[P1 note],[P1 note],[P1 note],[P1 note]
"Sherman County, Kansas(2)",20181,Rural,[P1 note] ,[P1 note], [P1 note],&para; , &para; , &para;,[P1 note],[P1 note],[P1 note],[P1 note],[P1 note]
"Smith County, Kansas(2)",20183,Rural,[P1 note] ,[P1 note], [P1 note],&para; , &para; , &para;,[P1 note],[P1 note],[P1 note],[P1 note],[P1 note]
"Stafford County, Kansas(2)",20185,Rural,[P1 note] ,[P1 note], [P1 note],&para; , &para; , &para;,[P1 note],[P1 note],[P1 note],[P1 note],[P1 note]
"Stanton County, Kansas(2)",20187,Rural,[P1 note] ,[P1 note], [P1 note],&para; , &para; , &para;,[P1 note],[P1 note],[P1 note],[P1 note],[P1 note]
"Stevens County, Kansas(2)",20189,Rural,[P1 note] ,[P1 note], [P1 note],&para; , &para; , &para;,[P1 note],[P1 note],[P1 note],[P1 note],[P1 note]
"Sumner County, Kansas(2)",20191,Urban,[P1 note] ,[P1 note], [P1 note],&para; , &para; , &para;,[P1 note],[P1 note],[P1 note],[P1 note],[P1 note]
"Thomas County, Kansas(2)",20193,Rural,[P1 note] ,[P1 note], [P1 note],&para; , &para; , &para;,[P1 note],[P1 note],[P1 note],[P1 note],[P1 note]
"Trego County, Kansas(2)",20195,Rural,[P1 note] ,[P1 note], [P1 note],&para; , &para; , &para;,[P1 note],[P1 note],[P1 note],[P1 note],[P1 note]
"Wabaunsee County, Kansas(2)",20197,Urban,[P1 note] ,[P1 note], [P1 note],&para; , &para; , &para;,[P1 note],[P1 note],[P1 note],[P1 note],[P1 note]
"Wallace County, Kansas(2)",20199,Rural,[P1 note] ,[P1 note], [P1 note],&para; , &para; , &para;,[P1 note],[P1 note],[P1 note],[P1 note],[P1 note]
"Washington County, Kansas(2)",20201,Rural,[P1 note] ,[P1 note], [P1 note],&para; , &para; , &para;,[P1 note],[P1 note],[P1 note],[P1 note],[P1 note]
"Wichita County, Kansas(2)",20203,Rural,[P1 note] ,[P1 note], [P1 note],&para; , &para; , &para;,[P1 note],[P1 note],[P1 note],[P1 note],[P1 note]
"Wilson County, Kansas(2)",20205,Rural,[P1 note] ,[P1 note], [P1 note],&para; , &para; , &para;,[P1 note],[P1 note],[P1 note],[P1 note],[P1 note]
"Woodson County, Kansas(2)",20207,Rural,[P1 note] ,[P1 note], [P1 note],&para; , &para; , &para;,[P1 note],[P1 note],[P1 note],[P1 note],[P1 note]
"Wyandotte County, Kansas(2)",20209,Urban,[P1 note] ,[P1 note], [P1 note],&para; , &para; , &para;,[P1 note],[P1 note],[P1 note],[P1 note],[P1 note]
