County,FIPS,2023 Rural-Urban Continuum Codes([rural urban note]),"Age-Adjusted Incidence Rate([rate note]) - cases per 100,000","Lower 95% Confidence Interval","Upper 95% Confidence Interval","CI*Rank([rank note])","Lower CI (CI*Rank)","Upper CI (CI*Rank)",Average Annual Count,Recent Trend,"Recent 5-Year Trend ([trend note]) in Incidence Rates","Lower 95% Confidence Interval","Upper 95% Confidence Interval"
"US (SEER+NPCR)(1)",00000,N/A,116.4 ,116.2, 116.6,N/A , N/A , N/A,240633,rising,1.9 ,0.8, 3.4
"Union County, Florida(2)",12125,Rural,350.6 ,303.8, 403.1,N/A , N/A , N/A,44,rising,2.8 ,0.5, 5.7
"Wheatland County, Montana(2)",30107,Rural,284.9 ,176.5, 446,N/A , N/A , N/A,5,falling,-20.6 ,-38.2, -2.8
"Liberty County, Montana(2)",30051,Rural,272.8 ,165.5, 435.3,N/A , N/A , N/A,4,*,*,*,*
"Holmes County, Mississippi(2)",28051,Urban,222 ,180.2, 270.8,N/A , N/A , N/A,21,stable,8.7 ,-0.3, 30.2
"Ida County, Iowa(7)",19093,Rural,220.7 ,166, 289.9,N/A , N/A , N/A,12,stable,0.8 ,-0.9, 2.7
"West Feliciana Parish, Louisiana(7)",22125,Urban,218.6 ,182.3, 261.3,N/A , N/A , N/A,28,stable,1.3 ,-1.5, 5.2
"Antelope County, Nebraska(2)",31003,Rural,214.4 ,157.2, 288.2,N/A , N/A , N/A,11,stable,1.3 ,-3.2, 6.1
"Jefferson County, Mississippi(2)",28063,Rural,210.9 ,153.8, 283.7,N/A , N/A , N/A,10,stable,0.5 ,-3.2, 4.6
"Dewey County, South Dakota(2)",46041,Rural,204.3 ,125.7, 313.7,N/A , N/A , N/A,5,stable,1.4 ,-4.3, 7.8
"Twiggs County, Georgia(7)",13289,Urban,198.4 ,150.2, 260,N/A , N/A , N/A,13,stable,1.1 ,-1.3, 3.9
"Macon County, Alabama(2)",01087,Urban,197.5 ,161.9, 239.4,N/A , N/A , N/A,24,stable,0.8 ,-2.0, 3.7
"Calhoun County, Georgia(7)",13037,Rural,197.4 ,133, 284.2,N/A , N/A , N/A,7,falling,-3.4 ,-6.5, -0.6
"Petersburg City, Virginia(2)",51730,Urban,194.6 ,166.1, 226.8,N/A , N/A , N/A,36,stable,-1.2 ,-3.5, 1.0
"Anson County, North Carolina(2)",37007,Urban,194.2 ,163.2, 229.9,N/A , N/A , N/A,30,stable,2.1 ,-0.7, 5.4
"Grant County, North Dakota(2)",38037,Rural,193.5 ,124.3, 308,N/A , N/A , N/A,5,*,*,*,*
"Wayne County, Utah(7)",49055,Rural,192.5 ,113, 315.6,N/A , N/A , N/A,4,*,*,*,*
"Lowndes County, Alabama(2)",01085,Urban,189.9 ,146.2, 244.2,N/A , N/A , N/A,14,falling,-3.0 ,-14.0, -0.1
"Wilkinson County, Mississippi(2)",28157,Rural,189.1 ,142.2, 248.1,N/A , N/A , N/A,12,stable,-0.8 ,-3.4, 2.0
"Dougherty County, Georgia(7)",13095,Urban,187.7 ,170.7, 206.1,N/A , N/A , N/A,95,rising,5.9 ,2.2, 14.1
"Douglas County, South Dakota(2)",46043,Rural,187.3 ,112.9, 301,N/A , N/A , N/A,4,*,*,*,*
"Allendale County, South Carolina(2)",45005,Rural,186.4 ,137.6, 248.6,N/A , N/A , N/A,10,rising,10.1 ,2.4, 32.1
"Monona County, Iowa(7)",19133,Rural,185.3 ,143.1, 238.7,N/A , N/A , N/A,14,stable,10.4 ,-0.1, 32.9
"Oglala Lakota, South Dakota(2)",46102,Rural,184.6 ,123.9, 262.6,N/A , N/A , N/A,7,stable,-1.5 ,-5.2, 2.4
"Pike County, Mississippi(2)",28113,Rural,184.1 ,160.2, 210.8,N/A , N/A , N/A,45,stable,6.0 ,-3.2, 25.0
"Teton County, Montana(2)",30099,Rural,183.4 ,135.1, 247.3,N/A , N/A , N/A,10,stable,12.0 ,-3.7, 49.7
"Edgecombe County, North Carolina(2)",37065,Urban,183 ,162.6, 205.5,N/A , N/A , N/A,63,stable,6.6 ,-0.8, 21.6
"Sussex County, Virginia(2)",51183,Urban,182.7 ,141.5, 233.5,N/A , N/A , N/A,14,stable,-0.3 ,-2.2, 1.7
"Chickasaw County, Mississippi(2)",28017,Rural,182.4 ,148.6, 222.3,N/A , N/A , N/A,21,stable,11.2 ,-1.1, 31.0
"Iberville Parish, Louisiana(7)",22047,Urban,182.3 ,155.8, 212.2,N/A , N/A , N/A,36,falling,-2.2 ,-9.1, -0.2
"Clark County, Arkansas(2)",05019,Rural,182 ,149.7, 219.8,N/A , N/A , N/A,23,stable,1.1 ,-1.5, 4.0
"Alexander County, Illinois(7)",17003,Urban,181.3 ,128.7, 253.6,N/A , N/A , N/A,8,stable,-0.8 ,-4.3, 2.6
"Menard County, Illinois(7)",17129,Urban,181.1 ,142.9, 227.8,N/A , N/A , N/A,17,stable,-0.2 ,-3.2, 3.2
"Routt County, Colorado(2)",08107,Rural,180.1 ,152.9, 211.5,N/A , N/A , N/A,35,rising,11.7 ,0.7, 34.6
"Bienville Parish, Louisiana(7)",22013,Rural,179.7 ,143.5, 223.7,N/A , N/A , N/A,18,stable,-1.9 ,-3.8, 0.1
"West Baton Rouge Parish, Louisiana(7)",22121,Urban,179.4 ,149.8, 213.3,N/A , N/A , N/A,28,stable,-1.0 ,-2.5, 0.8
"Coahoma County, Mississippi(2)",28027,Rural,179.4 ,144.3, 220.5,N/A , N/A , N/A,20,stable,1.1 ,-1.3, 3.7
"Washington County, Mississippi(2)",28151,Rural,179.2 ,156.1, 205.1,N/A , N/A , N/A,48,stable,0.7 ,-1.3, 2.8
"Sharkey County, Mississippi(2)",28125,Rural,179 ,108.1, 282.5,N/A , N/A , N/A,4,stable,-4.3 ,-9.7, 0.1
"Washington County, Ohio(2)",39167,Rural,178.9 ,162, 197.3,N/A , N/A , N/A,86,rising,12.6 ,6.5, 26.4
"Jones County, Mississippi(2)",28067,Rural,178.4 ,160.5, 198,N/A , N/A , N/A,76,stable,1.8 ,-0.6, 4.6
"Northampton County, Virginia(2)",51131,Rural,177.4 ,143, 220.1,N/A , N/A , N/A,20,stable,16.3 ,-0.4, 29.8
"Kingsbury County, South Dakota(2)",46077,Rural,177.3 ,123.1, 251,N/A , N/A , N/A,8,stable,-1.2 ,-4.8, 2.2
"Sumter County, Georgia(7)",13261,Rural,177 ,149.6, 208.4,N/A , N/A , N/A,31,stable,-1.5 ,-3.7, 0.8
"Vermilion Parish, Louisiana(7)",22113,Urban,176.5 ,156.7, 198.3,N/A , N/A , N/A,61,stable,-1.1 ,-2.3, 0.3
"Cherokee County, Iowa(7)",19035,Rural,176.4 ,140.2, 220.8,N/A , N/A , N/A,18,stable,-0.7 ,-2.1, 0.7
"McDuffie County, Georgia(7)",13189,Urban,176.2 ,144.8, 213,N/A , N/A , N/A,24,stable,0.9 ,-0.7, 2.9
"Greene County, Alabama(2)",01063,Urban,176.1 ,126.9, 240.1,N/A , N/A , N/A,10,stable,-1.7 ,-4.9, 1.3
"Jasper County, Mississippi(2)",28061,Rural,175.9 ,143.2, 214.8,N/A , N/A , N/A,21,stable,-0.7 ,-2.8, 1.5
"Bolivar County, Mississippi(2)",28011,Rural,175.9 ,147.3, 208.6,N/A , N/A , N/A,30,stable,-3.5 ,-23.8, 2.9
"Iberia Parish, Louisiana(7)",22045,Rural,173.8 ,155.8, 193.5,N/A , N/A , N/A,74,rising,9.5 ,6.8, 14.7
"East Baton Rouge Parish, Louisiana(7)",22033,Urban,173.6 ,166, 181.4,N/A , N/A , N/A,424,rising,2.1 ,0.2, 5.7
"Wilcox County, Alabama(2)",01131,Rural,173.5 ,129.9, 228,N/A , N/A , N/A,12,stable,-1.2 ,-4.0, 1.5
"Winneshiek County, Iowa(7)",19191,Rural,173.2 ,145.4, 205.8,N/A , N/A , N/A,29,stable,-0.7 ,-2.2, 1.0
"Douglas County, Georgia(7)",13097,Urban,173 ,158.8, 188.2,N/A , N/A , N/A,125,stable,-4.6 ,-10.4, 2.3
"Walthall County, Mississippi(2)",28147,Rural,173 ,138.2, 215.1,N/A , N/A , N/A,18,stable,0.4 ,-1.7, 2.6
"Amite County, Mississippi(2)",28005,Rural,173 ,137.6, 216.5,N/A , N/A , N/A,19,stable,-1.5 ,-4.9, 1.6
"East Carroll Parish, Louisiana(7)",22035,Rural,172.9 ,121.5, 240.2,N/A , N/A , N/A,8,stable,-1.3 ,-5.7, 3.4
"Desha County, Arkansas(2)",05041,Rural,172.7 ,130.9, 224.9,N/A , N/A , N/A,13,stable,0.4 ,-2.2, 3.0
"Jefferson County, Arkansas(2)",05069,Rural,172.5 ,155.3, 191.3,N/A , N/A , N/A,78,stable,-0.7 ,-2.3, 0.9
"Garden County, Nebraska(2)",31069,Rural,172.4 ,91.7, 316.5,N/A , N/A , N/A,3,*,*,*,*
"Lemhi County, Idaho(7)",16059,Rural,172.3 ,136.8, 218.8,N/A , N/A , N/A,17,rising,8.3 ,1.3, 25.4
"Forrest County, Mississippi(2)",28035,Urban,172.2 ,153.6, 192.3,N/A , N/A , N/A,66,stable,0.7 ,-0.3, 1.8
"Pulaski County, Illinois(7)",17153,Rural,171.8 ,119.9, 242.9,N/A , N/A , N/A,7,stable,-0.8 ,-3.7, 2.2
"Boone County, Nebraska(2)",31011,Rural,171.5 ,121.3, 240,N/A , N/A , N/A,8,stable,-1.2 ,-5.8, 3.5
"DeKalb County, Georgia(7)",13089,Urban,171.4 ,165.3, 177.8,N/A , N/A , N/A,639,rising,3.9 ,2.6, 5.7
"Stillwater County, Montana(2)",30095,Urban,171.4 ,133.9, 219.5,N/A , N/A , N/A,15,stable,-0.9 ,-3.4, 1.9
"Bullock County, Alabama(2)",01011,Rural,171.1 ,128, 224.8,N/A , N/A , N/A,12,stable,0.2 ,-2.5, 3.1
"Terrell County, Georgia(7)",13273,Urban,171 ,125.3, 229.6,N/A , N/A , N/A,10,falling,-2.9 ,-5.9, -0.1
"Camp County, Texas(7)",48063,Rural,170.8 ,133.5, 216.6,N/A , N/A , N/A,15,stable,0.4 ,-1.9, 3.1
"Leflore County, Mississippi(2)",28083,Rural,170.4 ,141.4, 203.9,N/A , N/A , N/A,26,stable,0.2 ,-1.9, 2.4
"Hinds County, Mississippi(2)",28049,Urban,170.1 ,159.6, 181.1,N/A , N/A , N/A,212,rising,3.3 ,0.6, 9.1
"Davis County, Utah(7)",49011,Urban,169.7 ,160.4, 179.4,N/A , N/A , N/A,263,rising,4.4 ,2.8, 7.1
"Amelia County, Virginia(2)",51007,Urban,169.6 ,133.8, 213.3,N/A , N/A , N/A,17,falling,-3.2 ,-5.9, -0.6
"Madison County, Mississippi(2)",28089,Urban,169.4 ,154.4, 185.6,N/A , N/A , N/A,105,stable,-5.5 ,-13.5, 2.9
"Henry County, Georgia(7)",13151,Urban,169.3 ,158.7, 180.4,N/A , N/A , N/A,212,stable,3.3 ,-1.2, 9.5
"Lawrence County, Mississippi(2)",28077,Rural,169.2 ,130.3, 217.1,N/A , N/A , N/A,14,stable,7.8 ,-2.6, 31.5
"Jefferson Davis County, Mississippi(2)",28065,Rural,168.7 ,131.4, 215.2,N/A , N/A , N/A,15,stable,0.1 ,-2.3, 2.8
"McLean County, North Dakota(2)",38055,Rural,168.6 ,131.3, 215.7,N/A , N/A , N/A,15,stable,-0.7 ,-2.9, 1.5
"Mahnomen County, Minnesota(2)",27087,Rural,168.6 ,115.1, 241.9,N/A , N/A , N/A,7,stable,-2.3 ,-6.5, 1.8
"Talbot County, Georgia(7)",13263,Urban,168.6 ,121.9, 234.2,N/A , N/A , N/A,9,stable,-1.0 ,-3.7, 2.2
"Morgan County, Utah(7)",49029,Urban,168.4 ,126.2, 220.9,N/A , N/A , N/A,11,stable,-0.8 ,-2.2, 1.0
"Stewart County, Georgia(7)",13259,Urban,168.2 ,108.3, 253.6,N/A , N/A , N/A,5,stable,-0.1 ,-3.7, 3.6
"Renville County, North Dakota(2)",38075,Urban,168.1 ,98, 283.8,N/A , N/A , N/A,4,*,*,*,*
"Ontario County, New York(7)",36069,Urban,168.1 ,155.8, 181.3,N/A , N/A , N/A,146,stable,-0.4 ,-1.6, 1.0
"Smith County, Mississippi(2)",28129,Rural,167.8 ,132.8, 210.1,N/A , N/A , N/A,17,stable,1.5 ,-2.4, 5.7
"Sunflower County, Mississippi(2)",28133,Rural,167.5 ,137.7, 202,N/A , N/A , N/A,24,stable,2.2 ,-1.3, 6.5
"Williamsburg County, South Carolina(2)",45089,Rural,167.1 ,143, 194.6,N/A , N/A , N/A,37,stable,-1.2 ,-3.1, 0.7
"Essex County, New Jersey(7)",34013,Urban,166.6 ,161.1, 172.2,N/A , N/A , N/A,750,stable,1.5 ,-0.7, 5.4
"Kent County, Maryland(2)",24029,Rural,166.5 ,140.3, 197.7,N/A , N/A , N/A,30,rising,20.8 ,4.1, 31.8
"East Feliciana Parish, Louisiana(7)",22037,Urban,166.3 ,138.4, 199,N/A , N/A , N/A,26,stable,-0.7 ,-2.1, 1.0
"Tangipahoa Parish, Louisiana(7)",22105,Urban,166.2 ,153, 180.3,N/A , N/A , N/A,127,rising,6.7 ,3.6, 12.4
"Barbour County, Alabama(2)",01005,Rural,166.2 ,140, 196.4,N/A , N/A , N/A,30,stable,-1.7 ,-5.5, 2.3
"Clark County, South Dakota(2)",46025,Rural,166.2 ,101.2, 260.8,N/A , N/A , N/A,5,stable,-1.9 ,-5.7, 1.5
"Rockdale County, Georgia(7)",13247,Urban,166.1 ,150.7, 182.8,N/A , N/A , N/A,93,rising,3.6 ,1.7, 8.2
"St. Martin Parish, Louisiana(7)",22099,Urban,166 ,146.4, 187.7,N/A , N/A , N/A,56,stable,3.4 ,-0.1, 12.9
"Galax City, Virginia(2)",51640,Rural,165.8 ,112.8, 236.7,N/A , N/A , N/A,7,stable,-0.1 ,-4.3, 4.1
"Warren County, Georgia(7)",13301,Rural,165.8 ,111.6, 241.3,N/A , N/A , N/A,6,stable,0.9 ,-0.9, 3.1
"Clayton County, Georgia(7)",13063,Urban,165.6 ,154.9, 176.8,N/A , N/A , N/A,215,stable,-0.5 ,-1.0, 0.1
"Jackson Parish, Louisiana(7)",22049,Rural,165.3 ,132.2, 205.2,N/A , N/A , N/A,18,stable,4.7 ,-0.5, 19.1
"Lincoln Parish, Louisiana(7)",22061,Rural,165.1 ,142.1, 190.8,N/A , N/A , N/A,39,stable,0.2 ,-1.6, 2.3
"Lee County, Mississippi(2)",28081,Rural,164.6 ,147.9, 182.8,N/A , N/A , N/A,76,stable,9.1 ,0.0, 15.5
"Madison Parish, Louisiana(7)",22065,Rural,164.6 ,120.9, 220,N/A , N/A , N/A,10,stable,-0.8 ,-3.8, 2.5
"Lamar County, Georgia(7)",13171,Rural,164.4 ,132.9, 201.9,N/A , N/A , N/A,20,stable,0.5 ,-1.8, 3.4
"Kent County, Delaware(2)",10001,Urban,164.2 ,153.8, 175.1,N/A , N/A , N/A,194,stable,0.8 ,-1.8, 7.7
"Catahoula Parish, Louisiana(7)",22025,Rural,164 ,120.5, 219.7,N/A , N/A , N/A,10,stable,0.5 ,-1.8, 3.2
"Prince Edward County, Virginia(2)",51147,Rural,164 ,133, 200.6,N/A , N/A , N/A,21,stable,7.1 ,-0.4, 22.1
"Ascension Parish, Louisiana(7)",22005,Urban,163.8 ,149.8, 178.8,N/A , N/A , N/A,110,stable,-1.4 ,-2.5, 0.1
"Kittson County, Minnesota(2)",27069,Rural,163.7 ,107.3, 245.4,N/A , N/A , N/A,6,*,*,*,*
"St. Helena Parish, Louisiana(7)",22091,Urban,163.7 ,125, 212.1,N/A , N/A , N/A,13,stable,-0.3 ,-2.9, 2.8
"Vilas County, Wisconsin(2)",55125,Rural,163.6 ,142.2, 188.8,N/A , N/A , N/A,46,stable,7.7 ,-0.6, 23.9
"Covington County, Mississippi(2)",28031,Rural,162.9 ,131.7, 199.8,N/A , N/A , N/A,20,stable,0.1 ,-1.7, 1.9
"Burlington County, New Jersey(7)",34005,Urban,162.7 ,156.3, 169.4,N/A , N/A , N/A,502,stable,1.0 ,-2.6, 8.6
"Minnehaha County, South Dakota(2)",46099,Urban,162.5 ,150.9, 174.6,N/A , N/A , N/A,170,stable,2.1 ,-1.8, 10.4
"Crawford County, Iowa(7)",19047,Rural,162.4 ,131, 199.7,N/A , N/A , N/A,19,stable,-0.8 ,-2.5, 0.9
"Monroe County, New York(7)",36055,Urban,162.3 ,157.2, 167.5,N/A , N/A , N/A,804,rising,5.1 ,2.5, 10.9
"Brown County, Illinois(7)",17009,Rural,162.3 ,108.7, 233.8,N/A , N/A , N/A,6,stable,1.1 ,-2.1, 4.9
"Randolph County, Arkansas(2)",05121,Rural,161.9 ,131.6, 197.8,N/A , N/A , N/A,20,stable,10.1 ,-1.7, 41.0
"Lexington City, Virginia(2)",51678,Rural,161.8 ,104.6, 241.5,N/A , N/A , N/A,5,*,*,*,*
"Hyde County, North Carolina(2)",37095,Rural,161.8 ,105, 243,N/A , N/A , N/A,6,stable,-1.0 ,-5.4, 3.4
"Fremont County, Iowa(7)",19071,Rural,161.6 ,117.1, 220.8,N/A , N/A , N/A,9,stable,0.8 ,-1.2, 3.2
"Santa Barbara County, California(7)",06083,Urban,161.4 ,154.4, 168.6,N/A , N/A , N/A,415,rising,9.4 ,7.3, 12.4
"Mercer County, New Jersey(7)",34021,Urban,161.3 ,153.8, 169.1,N/A , N/A , N/A,363,falling,-1.6 ,-2.7, -0.4
"Liberty County, Georgia(7)",13179,Urban,161.2 ,138.8, 186.2,N/A , N/A , N/A,42,stable,0.6 ,-0.8, 2.4
"Union County, South Dakota(2)",46127,Urban,161.2 ,128.7, 200,N/A , N/A , N/A,18,stable,0.6 ,-2.4, 4.3
"Buchanan County, Iowa(7)",19019,Rural,161.2 ,132.2, 195.2,N/A , N/A , N/A,23,stable,-0.4 ,-2.1, 7.5
"Clay County, Iowa(7)",19041,Rural,161 ,130.3, 197.6,N/A , N/A , N/A,20,stable,-1.2 ,-2.4, 0.0
"Ellis County, Oklahoma(2)",40045,Rural,160.6 ,100.8, 248.8,N/A , N/A , N/A,5,stable,0.3 ,-3.6, 3.9
"Jefferson Davis Parish, Louisiana(7)",22053,Urban,160.5 ,136.2, 188.2,N/A , N/A , N/A,32,falling,-7.8 ,-13.9, -0.4
"Fulton County, Georgia(7)",13121,Urban,160.4 ,155.3, 165.6,N/A , N/A , N/A,821,rising,2.6 ,1.4, 4.3
"Charles County, Maryland(2)",24017,Urban,160.2 ,148.4, 172.8,N/A , N/A , N/A,150,stable,-0.2 ,-2.0, 1.9
"Faulk County, South Dakota(2)",46049,Rural,160 ,90.5, 278.3,N/A , N/A , N/A,3,*,*,*,*
"Arkansas County, Arkansas(2)",05001,Rural,159.8 ,129, 196.6,N/A , N/A , N/A,20,stable,-0.6 ,-3.5, 2.3
"Baltimore City, Maryland(2)",24510,Urban,159.7 ,153.2, 166.5,N/A , N/A , N/A,493,stable,2.3 ,0.0, 6.8
"Miner County, South Dakota(2)",46097,Rural,159.7 ,93.2, 271.3,N/A , N/A , N/A,4,stable,0.1 ,-4.4, 5.0
"Union County, New Jersey(7)",34039,Urban,159.7 ,153.4, 166.1,N/A , N/A , N/A,525,rising,3.2 ,1.2, 6.5
"Thayer County, Nebraska(2)",31169,Rural,159.7 ,109.3, 230.5,N/A , N/A , N/A,7,stable,0.0 ,-4.5, 4.5
"Gibson County, Indiana(2)",18051,Rural,159.5 ,136.2, 186,N/A , N/A , N/A,36,rising,3.5 ,1.5, 5.9
"Hoke County, North Carolina(2)",37093,Urban,159.5 ,135.7, 186.1,N/A , N/A , N/A,37,stable,10.0 ,-0.3, 25.9
"Scott County, Illinois(7)",17171,Rural,159.4 ,102.4, 239.8,N/A , N/A , N/A,5,stable,1.3 ,-1.8, 5.0
"Waukesha County, Wisconsin(2)",55133,Urban,159.3 ,152.9, 166,N/A , N/A , N/A,483,rising,4.9 ,3.6, 6.5
"Assumption Parish, Louisiana(7)",22007,Urban,159.3 ,131.9, 191.6,N/A , N/A , N/A,25,stable,0.3 ,-1.7, 2.5
"Greeley County, Nebraska(2)",31077,Rural,159.2 ,90.5, 275.4,N/A , N/A , N/A,3,falling,-22.4 ,-42.1, -8.8
"Kane County, Utah(7)",49025,Rural,159.2 ,116.5, 215.1,N/A , N/A , N/A,10,stable,-1.6 ,-3.5, 0.7
"Carroll County, Maryland(2)",24013,Urban,159 ,148.8, 169.8,N/A , N/A , N/A,191,rising,6.4 ,1.1, 16.0
"Macon County, Georgia(7)",13193,Rural,159 ,123.9, 202.3,N/A , N/A , N/A,15,stable,8.6 ,-2.9, 40.0
"Somervell County, Texas(7)",48425,Rural,158.9 ,118.9, 210.1,N/A , N/A , N/A,11,rising,14.4 ,8.3, 33.2
"Onondaga County, New York(7)",36067,Urban,158.9 ,152.6, 165.4,N/A , N/A , N/A,503,rising,2.1 ,0.4, 5.1
"Choctaw County, Alabama(2)",01023,Rural,158.8 ,126, 199.5,N/A , N/A , N/A,17,stable,-0.9 ,-3.6, 0.1
"Cobb County, Georgia(7)",13067,Urban,158.8 ,153.1, 164.7,N/A , N/A , N/A,639,rising,2.8 ,1.4, 5.0
"Orangeburg County, South Carolina(2)",45075,Rural,158.6 ,144.1, 174.4,N/A , N/A , N/A,94,stable,13.4 ,-2.5, 29.9
"Chaffee County, Colorado(2)",08015,Rural,158.6 ,133.3, 188.7,N/A , N/A , N/A,30,stable,5.2 ,-1.5, 19.0
"Mercer County, North Dakota(2)",38057,Rural,158.6 ,118, 211.1,N/A , N/A , N/A,11,stable,-0.5 ,-4.0, 3.4
"Jasper County, Illinois(7)",17079,Rural,158.6 ,118.4, 209.8,N/A , N/A , N/A,11,stable,-1.7 ,-5.0, 1.6
"Cape May County, New Jersey(7)",34009,Urban,158.6 ,147, 171.1,N/A , N/A , N/A,149,falling,-1.4 ,-2.3, -0.5
"Morehouse Parish, Louisiana(7)",22067,Urban,158.5 ,132.3, 189,N/A , N/A , N/A,28,stable,-1.1 ,-2.4, 0.4
"Northampton County, North Carolina(2)",37131,Rural,158.5 ,130.6, 192.1,N/A , N/A , N/A,25,stable,4.9 ,-2.3, 21.5
"Sioux County, Iowa(7)",19167,Rural,158.4 ,134.5, 185.5,N/A , N/A , N/A,33,stable,2.2 ,-6.1, 17.3
"Lafayette Parish, Louisiana(7)",22055,Urban,158.3 ,148.4, 168.7,N/A , N/A , N/A,208,rising,6.8 ,1.3, 10.8
"Newton County, Georgia(7)",13217,Urban,158 ,143.3, 173.9,N/A , N/A , N/A,92,stable,-1.0 ,-2.8, 1.3
"Orleans Parish, Louisiana(7)",22071,Urban,158 ,150.5, 165.8,N/A , N/A , N/A,362,falling,-0.9 ,-1.5, -0.1
"Nance County, Nebraska(2)",31125,Rural,157.8 ,85.4, 268.8,N/A , N/A , N/A,3,*,*,*,*
"Plymouth County, Iowa(7)",19149,Rural,157.8 ,132.2, 187.3,N/A , N/A , N/A,28,stable,3.0 ,-0.4, 14.4
"Mecklenburg County, North Carolina(2)",37119,Urban,157.7 ,152.7, 162.8,N/A , N/A , N/A,820,stable,-2.8 ,-6.3, 0.6
"Muscogee County, Georgia(7)",13215,Urban,157.7 ,146.8, 169.2,N/A , N/A , N/A,166,rising,4.6 ,2.9, 6.7
"Niagara County, New York(7)",36063,Urban,157.6 ,148.7, 167,N/A , N/A , N/A,251,stable,1.6 ,-0.1, 6.2
"Nottoway County, Virginia(2)",51135,Rural,157.6 ,125.6, 196,N/A , N/A , N/A,17,stable,-1.7 ,-4.2, 0.8
"Webster Parish, Louisiana(7)",22119,Rural,157.5 ,136.1, 181.6,N/A , N/A , N/A,41,stable,5.4 ,-2.8, 23.8
"Pondera County, Montana(2)",30073,Rural,157.5 ,110, 222,N/A , N/A , N/A,8,stable,11.4 ,-2.0, 51.3
"Crisp County, Georgia(7)",13081,Rural,157.2 ,127.6, 192.3,N/A , N/A , N/A,21,stable,0.7 ,-1.6, 3.6
"Benzie County, Michigan(2)",26019,Urban,157.2 ,131.9, 187.6,N/A , N/A , N/A,29,rising,8.6 ,3.5, 17.4
"Prince Georges County, Maryland(2)",24033,Urban,157 ,152, 162.2,N/A , N/A , N/A,815,stable,1.3 ,-0.6, 5.5
"Valley County, Idaho(7)",16085,Rural,157 ,124.5, 197.7,N/A , N/A , N/A,19,stable,8.6 ,-0.1, 33.6
"Montour County, Pennsylvania(2)",42093,Rural,156.9 ,128, 191.3,N/A , N/A , N/A,21,stable,-0.7 ,-3.2, 1.9
"Weber County, Utah(7)",49057,Urban,156.9 ,147.1, 167.1,N/A , N/A , N/A,204,rising,6.9 ,3.8, 13.8
"Marion County, Mississippi(2)",28091,Rural,156.7 ,130.3, 187.5,N/A , N/A , N/A,26,stable,1.6 ,-1.6, 5.4
"Bibb County, Georgia(7)",13021,Urban,156.7 ,145, 169.2,N/A , N/A , N/A,141,stable,2.5 ,-1.1, 9.2
"Posey County, Indiana(2)",18129,Urban,156.7 ,132, 185.4,N/A , N/A , N/A,31,stable,1.3 ,-1.2, 4.3
"Beadle County, South Dakota(2)",46005,Rural,156.6 ,126.3, 192.6,N/A , N/A , N/A,20,stable,-1.6 ,-4.5, 1.2
"Rusk County, Wisconsin(2)",55107,Rural,156.5 ,126.3, 193.6,N/A , N/A , N/A,21,rising,11.5 ,3.9, 26.5
"Concordia Parish, Louisiana(7)",22029,Rural,156.5 ,126.4, 192.3,N/A , N/A , N/A,20,stable,4.2 ,-0.5, 16.0
"DeKalb County, Illinois(7)",17037,Urban,156.3 ,141.1, 172.7,N/A , N/A , N/A,83,stable,4.0 ,-1.0, 13.0
"Clark County, Wisconsin(2)",55019,Rural,156 ,133.6, 181.4,N/A , N/A , N/A,37,stable,-1.2 ,-4.0, 1.5
"Chautauqua County, New York(7)",36013,Rural,155.7 ,144.5, 167.6,N/A , N/A , N/A,153,stable,0.8 ,-2.2, 7.0
"Marshall County, Mississippi(2)",28093,Urban,155.6 ,132.8, 181.4,N/A , N/A , N/A,36,stable,-0.4 ,-2.4, 1.8
"Chowan County, North Carolina(2)",37041,Rural,155.5 ,123.3, 195.1,N/A , N/A , N/A,17,stable,0.7 ,-1.8, 3.4
"Hertford County, North Carolina(2)",37091,Rural,155.3 ,127.4, 188.1,N/A , N/A , N/A,23,rising,15.7 ,3.8, 25.6
"Turner County, Georgia(7)",13287,Rural,155.2 ,111.6, 211.8,N/A , N/A , N/A,9,stable,9.2 ,-2.9, 33.3
"St. Landry Parish, Louisiana(7)",22097,Rural,155 ,139.6, 171.7,N/A , N/A , N/A,80,stable,-1.0 ,-2.1, 0.2
"Palo Alto County, Iowa(7)",19147,Rural,155 ,114.4, 206.9,N/A , N/A , N/A,11,falling,-1.9 ,-3.8, -0.3
"Cherokee County, Georgia(7)",13057,Urban,155 ,146, 164.3,N/A , N/A , N/A,246,rising,3.7 ,1.9, 8.1
"Grundy County, Iowa(7)",19075,Urban,154.9 ,119.9, 198.2,N/A , N/A , N/A,14,stable,13.7 ,-1.5, 25.3
"St. John the Baptist Parish, Louisiana(7)",22095,Urban,154.7 ,133, 179.1,N/A , N/A , N/A,41,stable,-0.8 ,-2.7, 1.4
"Montgomery County, Alabama(2)",01101,Urban,154.6 ,144.8, 165,N/A , N/A , N/A,194,rising,1.8 ,0.2, 7.3
"Lee County, Georgia(7)",13177,Urban,154.6 ,128.7, 184.4,N/A , N/A , N/A,28,stable,-0.9 ,-2.5, 1.2
"Mercer County, Kentucky(7)",21167,Rural,154.5 ,125.4, 188.9,N/A , N/A , N/A,22,stable,-1.2 ,-3.0, 0.6
"Pope County, Minnesota(2)",27121,Rural,154.4 ,121.2, 195.8,N/A , N/A , N/A,16,stable,-1.6 ,-4.0, 0.9
"Moore County, North Carolina(2)",37125,Urban,154.4 ,142, 167.6,N/A , N/A , N/A,122,stable,-0.4 ,-1.9, 1.1
"Adams County, Mississippi(2)",28001,Rural,154.2 ,130.8, 181.1,N/A , N/A , N/A,34,stable,-0.9 ,-3.6, 1.9
"Millard County, Utah(7)",49027,Rural,154.1 ,118.8, 197.4,N/A , N/A , N/A,13,rising,3.2 ,0.3, 11.9
"Dallas County, Arkansas(2)",05039,Rural,153.7 ,109.9, 213.1,N/A , N/A , N/A,9,falling,-2.3 ,-4.7, -0.1
"Clarke County, Mississippi(2)",28023,Rural,153.6 ,123.7, 189.9,N/A , N/A , N/A,19,stable,-9.3 ,-19.8, 0.3
"Essex County, Virginia(2)",51057,Rural,153.3 ,117.5, 198.9,N/A , N/A , N/A,13,stable,-2.2 ,-5.0, 0.5
"Alger County, Michigan(2)",26003,Rural,153.2 ,117.2, 200.1,N/A , N/A , N/A,14,stable,0.0 ,-3.2, 3.5
"Black Hawk County, Iowa(7)",19013,Urban,153.2 ,141, 166.2,N/A , N/A , N/A,124,stable,-0.9 ,-1.6, 0.3
"New London County, Connecticut(7)",09011,Urban,153.2 ,145.3, 161.4,N/A , N/A , N/A,300,rising,7.4 ,2.2, 17.5
"Oneida County, New York(7)",36065,Urban,153 ,144.5, 162,N/A , N/A , N/A,251,stable,5.0 ,-0.4, 13.0
"Brunswick County, Virginia(2)",51025,Rural,153 ,122.8, 189.4,N/A , N/A , N/A,19,stable,-1.2 ,-3.0, 0.5
"Powell County, Montana(2)",30077,Rural,152.9 ,111.4, 208,N/A , N/A , N/A,9,stable,0.2 ,-3.9, 4.8
"Ozaukee County, Wisconsin(2)",55089,Urban,152.8 ,140, 166.7,N/A , N/A , N/A,110,rising,6.3 ,4.0, 10.7
"Delaware County, Iowa(7)",19055,Rural,152.8 ,124.7, 186.4,N/A , N/A , N/A,22,stable,0.1 ,-1.2, 1.7
"Madison County, Iowa(7)",19121,Urban,152.6 ,120.9, 190.9,N/A , N/A , N/A,17,stable,-1.5 ,-3.3, 0.5
"Yates County, New York(7)",36123,Rural,152.6 ,128.5, 180.7,N/A , N/A , N/A,30,stable,4.2 ,-2.2, 20.4
"Richmond County, North Carolina(2)",37153,Rural,152.6 ,132.5, 175.1,N/A , N/A , N/A,44,rising,10.7 ,6.1, 19.2
"Carlisle County, Kentucky(7)",21039,Urban,152.5 ,98.1, 229.9,N/A , N/A , N/A,5,*,*,*,*
"Broadwater County, Montana(2)",30007,Urban,152.4 ,111.4, 207.4,N/A , N/A , N/A,10,stable,-0.3 ,-3.5, 3.7
"Cayuga County, New York(7)",36011,Rural,152.4 ,138.3, 167.8,N/A , N/A , N/A,91,stable,-0.8 ,-2.3, 0.9
"Woods County, Oklahoma(2)",40151,Rural,152.3 ,110.1, 206.9,N/A , N/A , N/A,9,stable,2.4 ,-2.3, 16.1
"Hutchinson County, South Dakota(2)",46067,Rural,152.2 ,109.8, 208.3,N/A , N/A , N/A,9,falling,-4.6 ,-9.4, -1.0
"Washington County, Rhode Island(2)",44009,Urban,152.2 ,141.4, 163.8,N/A , N/A , N/A,159,rising,7.2 ,2.5, 16.6
"Ramsey County, North Dakota(2)",38071,Rural,152 ,116.8, 195.9,N/A , N/A , N/A,14,falling,-2.8 ,-5.0, -0.7
"Butler County, Iowa(7)",19023,Rural,152 ,121, 189.8,N/A , N/A , N/A,18,stable,4.2 ,-2.2, 27.4
"Winston County, Mississippi(2)",28159,Rural,152 ,123, 186.7,N/A , N/A , N/A,20,stable,-0.6 ,-3.1, 2.1
"Foster County, North Dakota(2)",38031,Rural,152 ,94.4, 240,N/A , N/A , N/A,4,stable,-2.1 ,-6.8, 2.5
"Mississippi County, Missouri(2)",29133,Rural,151.9 ,116.8, 195.3,N/A , N/A , N/A,13,stable,1.6 ,-1.4, 5.0
"Dinwiddie County, Virginia(2)",51053,Urban,151.8 ,127.8, 179.6,N/A , N/A , N/A,30,stable,2.5 ,-1.9, 12.8
"Oneida County, Wisconsin(2)",55085,Rural,151.8 ,134.2, 171.8,N/A , N/A , N/A,58,rising,4.9 ,1.3, 13.7
"Howard County, Iowa(7)",19089,Rural,151.8 ,114.8, 199,N/A , N/A , N/A,12,stable,-0.4 ,-2.5, 1.8
"Monmouth County, New Jersey(7)",34025,Urban,151.8 ,146.6, 157.2,N/A , N/A , N/A,687,falling,-1.4 ,-2.5, -0.3
"Sumter County, Alabama(2)",01119,Rural,151.8 ,112.8, 201.2,N/A , N/A , N/A,12,falling,-15.2 ,-30.2, -0.9
"Iredell County, North Carolina(2)",37097,Urban,151.7 ,141.7, 162.3,N/A , N/A , N/A,184,rising,3.0 ,0.2, 9.0
"Lafayette County, Wisconsin(2)",55065,Rural,151.7 ,123, 186.2,N/A , N/A , N/A,21,stable,1.0 ,-1.9, 4.3
"Gwinnett County, Georgia(7)",13135,Urban,151.7 ,146.3, 157.3,N/A , N/A , N/A,680,rising,2.8 ,0.1, 8.0
"Robeson County, North Carolina(2)",37155,Rural,151.7 ,138.5, 165.8,N/A , N/A , N/A,105,stable,4.9 ,-1.5, 14.5
"Cumberland County, North Carolina(2)",37051,Urban,151.6 ,143, 160.7,N/A , N/A , N/A,241,stable,4.9 ,-0.3, 10.8
"Kemper County, Mississippi(2)",28069,Rural,151.6 ,111.4, 203.7,N/A , N/A , N/A,10,stable,-1.8 ,-5.0, 1.4
"Sac County, Iowa(7)",19161,Rural,151.5 ,115.2, 197.7,N/A , N/A , N/A,13,stable,-0.8 ,-2.5, 0.7
"Saginaw County, Michigan(2)",26145,Urban,151.4 ,142, 161.4,N/A , N/A , N/A,202,rising,4.4 ,2.0, 7.9
"Cape Girardeau County, Missouri(2)",29031,Urban,151.4 ,136.2, 168,N/A , N/A , N/A,75,stable,0.9 ,-0.7, 2.7
"Livingston County, New York(7)",36051,Urban,151.4 ,135.6, 168.8,N/A , N/A , N/A,71,rising,4.2 ,0.8, 9.9
"Chicot County, Arkansas(2)",05017,Rural,151.2 ,113.5, 198.9,N/A , N/A , N/A,11,stable,0.3 ,-3.3, 4.3
"Harrison County, Iowa(7)",19085,Urban,151.2 ,120.2, 188.9,N/A , N/A , N/A,17,stable,-1.1 ,-2.4, 0.3
"Jasper County, Texas(7)",48241,Rural,151 ,129.5, 175.7,N/A , N/A , N/A,37,stable,6.1 ,-0.8, 23.9
"Pocahontas County, Iowa(7)",19151,Rural,151 ,109.7, 206.3,N/A , N/A , N/A,9,falling,-1.9 ,-3.2, -0.7
"Jefferson County, Georgia(7)",13163,Rural,151 ,117.9, 191.3,N/A , N/A , N/A,15,stable,-0.6 ,-1.8, 0.8
"Wicomico County, Maryland(2)",24045,Urban,150.9 ,137.1, 165.8,N/A , N/A , N/A,94,stable,-0.2 ,-1.9, 1.7
"Gillespie County, Texas(7)",48171,Rural,150.9 ,129.5, 175.8,N/A , N/A , N/A,40,stable,-12.0 ,-24.0, 2.2
"Putnam County, Georgia(7)",13237,Rural,150.9 ,127.4, 178.6,N/A , N/A , N/A,31,stable,-0.7 ,-2.2, 1.3
"Rush County, Indiana(2)",18139,Rural,150.8 ,120, 187.8,N/A , N/A , N/A,17,stable,0.4 ,-2.9, 4.1
"Baldwin County, Georgia(7)",13009,Rural,150.7 ,130.9, 173,N/A , N/A , N/A,44,stable,-1.3 ,-3.0, 0.5
"Howard County, Maryland(2)",24027,Urban,150.7 ,142.9, 158.8,N/A , N/A , N/A,297,stable,-2.2 ,-10.6, 6.6
"Gregory County, South Dakota(2)",46053,Rural,150.6 ,96.7, 230.1,N/A , N/A , N/A,5,stable,-2.3 ,-5.4, 0.6
"Floyd County, Iowa(7)",19067,Rural,150.6 ,121.4, 185.9,N/A , N/A , N/A,19,stable,-1.1 ,-2.6, 0.3
"Mitchell County, Georgia(7)",13205,Rural,150.5 ,122.9, 183,N/A , N/A , N/A,22,rising,9.6 ,3.5, 22.3
"Baltimore County, Maryland(2)",24005,Urban,150.5 ,145.8, 155.4,N/A , N/A , N/A,802,rising,2.3 ,0.5, 6.6
"St. Charles Parish, Louisiana(7)",22089,Urban,150.5 ,131.6, 171.6,N/A , N/A , N/A,51,stable,-1.3 ,-2.9, 0.7
"Sutton County, Texas(7)",48435,Rural,150.3 ,91.3, 240.3,N/A , N/A , N/A,4,*,*,*,*
"Monroe County, Mississippi(2)",28095,Rural,150.3 ,128.6, 175,N/A , N/A , N/A,36,stable,-1.6 ,-3.9, 0.5
"Claiborne Parish, Louisiana(7)",22027,Rural,150.1 ,118.9, 188.2,N/A , N/A , N/A,17,falling,-2.2 ,-3.8, -0.6
"Gloucester County, New Jersey(7)",34015,Urban,150.1 ,142.1, 158.4,N/A , N/A , N/A,287,falling,-1.3 ,-2.2, -0.3
"Henry County, Alabama(2)",01067,Urban,149.9 ,121.5, 184.2,N/A , N/A , N/A,21,falling,-3.1 ,-5.6, -0.8
"Gadsden County, Florida(2)",12039,Urban,149.9 ,130.4, 171.7,N/A , N/A , N/A,46,rising,16.6 ,3.3, 25.4
"Vanderburgh County, Indiana(2)",18163,Urban,149.8 ,139.6, 160.7,N/A , N/A , N/A,170,rising,1.5 ,0.2, 2.9
"Lamar County, Mississippi(2)",28073,Urban,149.8 ,132.1, 169.3,N/A , N/A , N/A,54,stable,0.1 ,-1.1, 1.5
"Brookings County, South Dakota(2)",46011,Rural,149.7 ,124.2, 179,N/A , N/A , N/A,25,stable,-1.8 ,-3.9, 0.5
"Chester County, South Carolina(2)",45023,Urban,149.4 ,127.2, 174.8,N/A , N/A , N/A,34,stable,-0.6 ,-2.9, 1.9
"Buena Vista County, Iowa(7)",19021,Rural,149.4 ,120.9, 183,N/A , N/A , N/A,20,falling,-2.1 ,-3.3, -1.0
"Hill County, Montana(2)",30041,Rural,149.2 ,114.9, 190.8,N/A , N/A , N/A,14,stable,-8.8 ,-26.5, 11.2
"St. James Parish, Louisiana(7)",22093,Urban,149.2 ,120.6, 183.2,N/A , N/A , N/A,20,stable,-1.1 ,-2.9, 1.0
"West Carroll Parish, Louisiana(7)",22123,Rural,149.2 ,111.9, 196.9,N/A , N/A , N/A,11,stable,5.3 ,-7.0, 27.8
"Wells County, North Dakota(2)",38103,Rural,149.1 ,97.7, 226.6,N/A , N/A , N/A,6,stable,-1.7 ,-5.5, 1.8
"Lewis County, Idaho(7)",16061,Rural,149.1 ,93.5, 235,N/A , N/A , N/A,5,falling,-5.1 ,-8.1, -2.6
"McCracken County, Kentucky(7)",21145,Urban,149.1 ,133.6, 166.1,N/A , N/A , N/A,70,rising,6.3 ,2.0, 14.8
"Linn County, Iowa(7)",19113,Urban,149 ,140, 158.5,N/A , N/A , N/A,212,rising,8.4 ,3.3, 18.2
"Radford City, Virginia(2)",51750,Urban,149 ,104.9, 205.4,N/A , N/A , N/A,8,stable,-1.6 ,-7.0, 3.5
"Calvert County, Maryland(2)",24009,Urban,148.9 ,135.2, 163.8,N/A , N/A , N/A,92,stable,7.9 ,-0.6, 21.6
"Camden County, New Jersey(7)",34007,Urban,148.8 ,142.7, 155.1,N/A , N/A , N/A,473,falling,-1.3 ,-2.0, -0.6
"Richmond County, Georgia(7)",13245,Urban,148.8 ,138.4, 159.8,N/A , N/A , N/A,166,stable,2.1 ,-0.4, 8.4
"Franklin City, Virginia(2)",51620,Rural,148.8 ,101.2, 212.1,N/A , N/A , N/A,7,stable,-1.4 ,-5.3, 2.5
"Hand County, South Dakota(2)",46059,Rural,148.7 ,87.1, 245,N/A , N/A , N/A,4,stable,-1.9 ,-6.5, 2.6
"Richmond City, Virginia(2)",51760,Urban,148.6 ,138.5, 159.3,N/A , N/A , N/A,176,stable,0.6 ,-1.4, 4.4
"Lincoln County, Nebraska(2)",31111,Rural,148.4 ,127.2, 172.5,N/A , N/A , N/A,37,stable,0.5 ,-1.6, 2.7
"Lake County, South Dakota(2)",46079,Rural,148.3 ,111.4, 195,N/A , N/A , N/A,13,falling,-2.8 ,-4.9, -0.8
"Colfax County, Nebraska(2)",31037,Rural,148.2 ,107, 200.3,N/A , N/A , N/A,9,stable,5.6 ,-3.5, 27.4
"Morris County, Texas(7)",48343,Rural,148.1 ,113.9, 190.9,N/A , N/A , N/A,14,stable,0.4 ,-2.0, 3.3
"Smith County, Texas(7)",48423,Urban,148.1 ,139.1, 157.6,N/A , N/A , N/A,210,stable,1.1 ,-3.3, 4.2
"Yazoo County, Mississippi(2)",28163,Urban,148.1 ,120, 180.7,N/A , N/A , N/A,21,stable,3.5 ,-0.8, 14.0
"Caribou County, Idaho(7)",16029,Rural,148.1 ,99.9, 212.7,N/A , N/A , N/A,6,stable,-0.2 ,-2.7, 2.4
"Middlesex County, Connecticut(7)",09007,Urban,148 ,138.6, 158.1,N/A , N/A , N/A,192,rising,7.6 ,3.6, 17.8
"Bronx County, New York(7)",36005,Urban,148 ,143.9, 152.2,N/A , N/A , N/A,1053,rising,3.2 ,1.1, 6.9
"Pembina County, North Dakota(2)",38067,Rural,148 ,108.3, 201.2,N/A , N/A , N/A,10,*,*,*,*
"Erie County, New York(7)",36029,Urban,147.9 ,143.6, 152.3,N/A , N/A , N/A,952,stable,1.5 ,-0.2, 5.5
"Racine County, Wisconsin(2)",55101,Urban,147.9 ,138.5, 157.8,N/A , N/A , N/A,198,rising,4.4 ,2.0, 8.2
"Leelanau County, Michigan(2)",26089,Urban,147.8 ,126, 173.8,N/A , N/A , N/A,38,stable,6.4 ,-1.3, 21.4
"Madison County, New York(7)",36053,Urban,147.7 ,132.7, 164.1,N/A , N/A , N/A,76,rising,3.0 ,0.3, 6.4
"Effingham County, Georgia(7)",13103,Urban,147.5 ,128.3, 168.9,N/A , N/A , N/A,49,rising,6.3 ,0.9, 21.2
"Sullivan County, Pennsylvania(2)",42113,Rural,147.4 ,106.1, 207.9,N/A , N/A , N/A,10,stable,0.0 ,-3.4, 3.5
"Latah County, Idaho(7)",16057,Rural,147.2 ,125, 172.6,N/A , N/A , N/A,33,stable,-2.2 ,-4.3, 0.1
"Calhoun County, Alabama(2)",01015,Urban,147.2 ,134.5, 160.9,N/A , N/A , N/A,107,stable,0.3 ,-1.1, 1.9
"Titus County, Texas(7)",48449,Rural,147.1 ,122.2, 175.8,N/A , N/A , N/A,26,stable,8.0 ,-2.0, 29.3
"Greensville County, Virginia(2)",51081,Rural,147.1 ,110, 193.9,N/A , N/A , N/A,12,stable,-2.4 ,-5.0, 0.1
"Jones County, Georgia(7)",13169,Urban,147.1 ,123.3, 174.8,N/A , N/A , N/A,28,stable,-1.8 ,-3.7, 0.5
"Perry County, Mississippi(2)",28111,Urban,147 ,112.4, 190.5,N/A , N/A , N/A,13,stable,2.1 ,-1.4, 6.4
"Paulding County, Georgia(7)",13223,Urban,147 ,134.8, 160.1,N/A , N/A , N/A,121,rising,3.3 ,0.8, 9.7
"Morris County, New Jersey(7)",34027,Urban,146.9 ,141.1, 152.9,N/A , N/A , N/A,507,stable,2.6 ,-2.8, 10.9
"Cache County, Utah(7)",49005,Urban,146.8 ,132.2, 162.6,N/A , N/A , N/A,76,rising,6.5 ,2.5, 12.0
"Williamson County, Texas(7)",48491,Urban,146.7 ,140.5, 153.2,N/A , N/A , N/A,440,falling,-2.3 ,-5.1, -0.1
"Gratiot County, Michigan(2)",26057,Rural,146.7 ,126.6, 169.2,N/A , N/A , N/A,39,rising,13.9 ,5.2, 35.9
"Schuyler County, New York(7)",36097,Rural,146.6 ,118.1, 181,N/A , N/A , N/A,21,rising,11.8 ,0.5, 29.1
"Itawamba County, Mississippi(2)",28057,Rural,146.6 ,120.3, 177.4,N/A , N/A , N/A,22,stable,7.9 ,-7.3, 36.3
"Morton County, North Dakota(2)",38059,Urban,146.6 ,123.5, 173,N/A , N/A , N/A,31,stable,0.1 ,-2.2, 2.8
"Scott County, Missouri(2)",29201,Rural,146.6 ,125.6, 170.3,N/A , N/A , N/A,36,stable,0.4 ,-1.5, 2.5
"Guilford County, North Carolina(2)",37081,Urban,146.5 ,140.4, 152.8,N/A , N/A , N/A,454,stable,1.3 ,-1.7, 8.3
"Boyle County, Kentucky(7)",21021,Rural,146.5 ,123.3, 173.1,N/A , N/A , N/A,29,stable,8.3 ,-0.2, 18.3
"Chippewa County, Minnesota(2)",27023,Rural,146.4 ,112.6, 188.2,N/A , N/A , N/A,14,stable,-2.3 ,-4.9, 0.2
"Fairfield County, Connecticut(7)",09001,Urban,146.3 ,141.9, 150.8,N/A , N/A , N/A,879,rising,5.0 ,2.4, 9.3
"Langlade County, Wisconsin(2)",55067,Rural,146.3 ,121.7, 175.6,N/A , N/A , N/A,27,falling,-13.8 ,-21.9, -6.9
"Albany County, Wyoming(2)",56001,Rural,146.3 ,121.5, 174.7,N/A , N/A , N/A,27,stable,-2.0 ,-4.6, 0.5
"Clay County, Mississippi(2)",28025,Rural,146.2 ,117.7, 180.4,N/A , N/A , N/A,19,stable,-2.3 ,-4.7, 0.0
"Carroll County, Iowa(7)",19027,Rural,146.2 ,119.4, 177.8,N/A , N/A , N/A,22,stable,-1.0 ,-2.6, 0.7
"Grant County, South Dakota(2)",46051,Rural,146.1 ,105.3, 200.1,N/A , N/A , N/A,9,stable,10.0 ,-1.3, 33.6
"Mitchell County, Iowa(7)",19131,Rural,146.1 ,110.4, 191.2,N/A , N/A , N/A,12,stable,-1.4 ,-3.1, 0.3
"Nassau County, New York(7)",36059,Urban,146 ,142.5, 149.6,N/A , N/A , N/A,1363,rising,2.3 ,1.3, 3.7
"Forsyth County, Georgia(7)",13117,Urban,145.9 ,136.2, 156.2,N/A , N/A , N/A,183,rising,2.8 ,0.7, 6.9
"Trempealeau County, Wisconsin(2)",55121,Rural,145.9 ,123.2, 171.8,N/A , N/A , N/A,31,stable,0.2 ,-5.8, 6.5
"Tama County, Iowa(7)",19171,Rural,145.7 ,116.4, 181,N/A , N/A , N/A,18,rising,13.3 ,0.8, 32.0
"Runnels County, Texas(7)",48399,Rural,145.7 ,110.2, 190.9,N/A , N/A , N/A,12,stable,-1.1 ,-5.0, 2.8
"Plaquemines Parish, Louisiana(7)",22075,Urban,145.7 ,117.8, 178.5,N/A , N/A , N/A,20,stable,0.4 ,-1.2, 2.3
"Butts County, Georgia(7)",13035,Urban,145.6 ,120, 175.5,N/A , N/A , N/A,24,stable,-1.0 ,-3.1, 1.4
"Anderson County, Kentucky(7)",21005,Rural,145.6 ,117.2, 179.1,N/A , N/A , N/A,21,rising,12.4 ,0.6, 28.1
"Genesee County, New York(7)",36037,Rural,145.4 ,129.5, 163.1,N/A , N/A , N/A,63,stable,4.4 ,-0.6, 15.1
"Allen Parish, Louisiana(7)",22003,Rural,145.4 ,117.5, 178.3,N/A , N/A , N/A,20,rising,4.0 ,1.1, 14.7
"Pulaski County, Arkansas(2)",05119,Urban,145.4 ,138.3, 152.9,N/A , N/A , N/A,333,stable,0.8 ,-2.1, 6.9
"Chickasaw County, Iowa(7)",19037,Rural,145.4 ,113, 185.9,N/A , N/A , N/A,14,stable,-0.6 ,-2.0, 0.7
"Henry County, Tennessee(2)",47079,Rural,145.3 ,125, 168.7,N/A , N/A , N/A,39,stable,-1.0 ,-2.9, 0.6
"Chippewa County, Michigan(2)",26033,Rural,145.3 ,125.1, 168.1,N/A , N/A , N/A,39,rising,32.3 ,9.8, 50.9
"Bradley County, Arkansas(2)",05011,Rural,145.2 ,107, 193.9,N/A , N/A , N/A,10,stable,0.4 ,-2.2, 3.1
"Perry County, Missouri(2)",29157,Rural,145.1 ,117.8, 177.6,N/A , N/A , N/A,20,rising,9.3 ,2.2, 30.2
"Jefferson County, Alabama(2)",01073,Urban,145 ,139.6, 150.6,N/A , N/A , N/A,573,falling,-1.8 ,-2.8, -0.8
"Ben Hill County, Georgia(7)",13017,Rural,145 ,113.4, 183.5,N/A , N/A , N/A,15,stable,-1.6 ,-3.2, 0.1
"Elmore County, Alabama(2)",01051,Urban,145 ,130.4, 160.8,N/A , N/A , N/A,78,stable,1.4 ,-0.6, 3.8
"Clinton County, Iowa(7)",19045,Rural,144.9 ,126.9, 165,N/A , N/A , N/A,50,rising,7.0 ,0.7, 20.3
"Tunica County, Mississippi(2)",28143,Urban,144.9 ,101.9, 201.2,N/A , N/A , N/A,8,stable,0.0 ,-3.4, 3.9
"Southeast Fairbanks Census Area, Alaska(2)",02240,Rural,144.9 ,97, 209.2,N/A , N/A , N/A,7,rising,6.9 ,0.4, 29.4
"Wadena County, Minnesota(2)",27159,Rural,144.8 ,114.6, 181.9,N/A , N/A , N/A,16,falling,-3.2 ,-6.4, -0.3
"Lowndes County, Georgia(7)",13185,Urban,144.8 ,130.4, 160.5,N/A , N/A , N/A,78,stable,1.5 ,-4.9, 13.2
"Fulton County, Illinois(7)",17057,Rural,144.7 ,124.1, 168.2,N/A , N/A , N/A,37,rising,11.6 ,7.1, 20.0
"Jefferson County, Montana(2)",30043,Urban,144.7 ,113.1, 184.6,N/A , N/A , N/A,17,stable,3.2 ,-12.4, 24.6
"Union County, Georgia(7)",13291,Rural,144.7 ,124.3, 168.9,N/A , N/A , N/A,43,stable,-1.3 ,-2.5, 0.1
"Lenoir County, North Carolina(2)",37107,Rural,144.7 ,127.9, 163.3,N/A , N/A , N/A,57,falling,-3.5 ,-5.5, -1.7
"Tompkins County, New York(7)",36109,Urban,144.6 ,130.9, 159.5,N/A , N/A , N/A,86,rising,9.2 ,3.2, 22.0
"St. Tammany Parish, Louisiana(7)",22103,Urban,144.6 ,136.6, 152.9,N/A , N/A , N/A,262,stable,3.9 ,-0.4, 11.3
"Peoria County, Illinois(7)",17143,Urban,144.5 ,134.7, 155,N/A , N/A , N/A,167,stable,2.6 ,-1.4, 10.6
"Salem County, New Jersey(7)",34033,Urban,144.5 ,129.1, 161.5,N/A , N/A , N/A,68,stable,-1.4 ,-2.7, 0.1
"Roosevelt County, Montana(2)",30085,Rural,144.5 ,99.9, 202.2,N/A , N/A , N/A,8,stable,0.1 ,-2.8, 3.1
"Humboldt County, Iowa(7)",19091,Rural,144.4 ,108.2, 190.8,N/A , N/A , N/A,11,falling,-1.8 ,-3.4, -0.1
"Passaic County, New Jersey(7)",34031,Urban,144.2 ,138, 150.7,N/A , N/A , N/A,430,stable,1.1 ,-1.3, 6.3
"Caddo Parish, Louisiana(7)",22017,Urban,144.2 ,135.4, 153.5,N/A , N/A , N/A,212,falling,-2.0 ,-3.3, -0.7
"St. Mary Parish, Louisiana(7)",22101,Rural,144.2 ,125.9, 164.5,N/A , N/A , N/A,48,stable,-0.7 ,-2.4, 1.2
"Yankton County, South Dakota(2)",46135,Rural,144.1 ,119.3, 173.1,N/A , N/A , N/A,25,rising,7.7 ,0.3, 27.6
"Hays County, Texas(7)",48209,Urban,144.1 ,133.7, 155.1,N/A , N/A , N/A,161,stable,-2.6 ,-7.9, 4.4
"Park County, Wyoming(2)",56029,Rural,144 ,123.7, 167.4,N/A , N/A , N/A,39,falling,-2.1 ,-3.8, -0.3
"Bell County, Texas(7)",48027,Urban,144 ,135.6, 152.7,N/A , N/A , N/A,234,stable,-0.9 ,-2.0, 0.3
"Ouachita Parish, Louisiana(7)",22073,Urban,143.9 ,132.5, 155.9,N/A , N/A , N/A,127,stable,-0.7 ,-2.0, 0.8
"Pearl River County, Mississippi(2)",28109,Rural,143.7 ,127.1, 162.1,N/A , N/A , N/A,58,stable,-0.3 ,-2.6, 2.2
"Codington County, South Dakota(2)",46029,Rural,143.7 ,120.6, 170.4,N/A , N/A , N/A,29,stable,7.1 ,-1.0, 22.7
"Columbus County, North Carolina(2)",37047,Rural,143.7 ,126.1, 163.2,N/A , N/A , N/A,51,stable,-1.3 ,-3.1, 0.5
"Spalding County, Georgia(7)",13255,Urban,143.7 ,127.8, 161.1,N/A , N/A , N/A,63,stable,1.9 ,-2.1, 8.9
"Crenshaw County, Alabama(2)",01041,Rural,143.6 ,111, 184.2,N/A , N/A , N/A,14,stable,0.3 ,-3.0, 4.1
"Elk County, Pennsylvania(2)",42047,Rural,143.6 ,123.3, 167,N/A , N/A , N/A,38,stable,2.4 ,-4.8, 16.0
"Cuming County, Nebraska(2)",31039,Rural,143.6 ,107, 191,N/A , N/A , N/A,11,falling,-19.8 ,-35.6, -0.4
"Jackson County, Illinois(7)",17077,Rural,143.6 ,124.9, 164.5,N/A , N/A , N/A,45,rising,8.2 ,2.6, 20.9
"Boone County, Iowa(7)",19015,Urban,143.5 ,119.7, 171.1,N/A , N/A , N/A,28,rising,3.2 ,0.8, 9.0
"Washington County, Georgia(7)",13303,Rural,143.5 ,115.1, 177.4,N/A , N/A , N/A,19,falling,-1.8 ,-2.8, -0.8
"Rabun County, Georgia(7)",13241,Rural,143.3 ,117.8, 174.5,N/A , N/A , N/A,24,stable,0.1 ,-2.0, 2.8
"Blaine County, Idaho(7)",16013,Rural,143.2 ,119.7, 170.9,N/A , N/A , N/A,28,stable,13.2 ,-3.9, 36.2
"Cumberland County, New Jersey(7)",34011,Urban,143.2 ,132.1, 155,N/A , N/A , N/A,129,stable,-0.2 ,-1.2, 0.9
"Warrick County, Indiana(2)",18173,Urban,143.2 ,127.5, 160.4,N/A , N/A , N/A,63,rising,1.5 ,0.1, 3.2
"Jackson County, Michigan(2)",26075,Urban,143.1 ,133.1, 153.6,N/A , N/A , N/A,162,rising,10.1 ,3.8, 20.7
"Ste. Genevieve County, Missouri(2)",29186,Rural,143.1 ,116, 175.4,N/A , N/A , N/A,21,rising,2.5 ,0.3, 5.5
"Oktibbeha County, Mississippi(2)",28105,Rural,143 ,121.1, 167.8,N/A , N/A , N/A,31,stable,0.2 ,-1.9, 2.6
"McCook County, South Dakota(2)",46087,Urban,142.9 ,93.4, 211.8,N/A , N/A , N/A,6,*,*,*,*
"Bon Homme County, South Dakota(2)",46009,Rural,142.9 ,101, 198.4,N/A , N/A , N/A,8,stable,9.8 ,-0.7, 40.8
"Valley County, Montana(2)",30105,Rural,142.9 ,101.4, 198,N/A , N/A , N/A,9,stable,-0.7 ,-4.1, 2.9
"Suffolk County, New York(7)",36103,Urban,142.8 ,139.5, 146.3,N/A , N/A , N/A,1439,rising,2.8 ,1.0, 6.3
"Goochland County, Virginia(2)",51075,Urban,142.7 ,121, 168.3,N/A , N/A , N/A,33,falling,-3.5 ,-5.5, -1.4
"Big Stone County, Minnesota(2)",27011,Rural,142.7 ,98, 206.5,N/A , N/A , N/A,7,stable,0.0 ,-3.0, 3.1
"Worth County, Iowa(7)",19195,Rural,142.7 ,101.5, 197.5,N/A , N/A , N/A,8,stable,-0.8 ,-3.1, 1.4
"Cascade County, Montana(2)",30013,Urban,142.5 ,128.9, 157.3,N/A , N/A , N/A,84,stable,6.2 ,-0.1, 19.0
"Rains County, Texas(7)",48379,Rural,142.5 ,111, 182.2,N/A , N/A , N/A,16,stable,1.8 ,-0.6, 4.9
"Wayne County, North Carolina(2)",37191,Urban,142.5 ,130.1, 155.8,N/A , N/A , N/A,103,stable,-0.5 ,-5.4, 0.7
"Delaware County, Ohio(2)",39041,Urban,142.5 ,133.1, 152.4,N/A , N/A , N/A,181,falling,-6.9 ,-12.8, -2.6
"Florence County, South Carolina(2)",45041,Urban,142.3 ,130.7, 154.8,N/A , N/A , N/A,119,stable,0.9 ,-0.9, 6.8
"Cuyahoga County, Ohio(2)",39035,Urban,142.3 ,138.6, 146.1,N/A , N/A , N/A,1191,rising,2.8 ,0.7, 7.1
"Washington County, North Carolina(2)",37187,Rural,142.2 ,110.7, 183,N/A , N/A , N/A,15,stable,-0.9 ,-3.8, 2.0
"Ouachita County, Arkansas(2)",05103,Rural,142.2 ,117.1, 171.8,N/A , N/A , N/A,24,stable,-0.8 ,-3.0, 1.3
"Oldham County, Kentucky(7)",21185,Urban,142.2 ,125.1, 161,N/A , N/A , N/A,56,stable,-1.3 ,-2.4, 0.0
"Bremer County, Iowa(7)",19017,Urban,142.1 ,117.8, 170.5,N/A , N/A , N/A,25,stable,6.8 ,-1.0, 24.3
"Frontier County, Nebraska(2)",31063,Rural,142.1 ,81.2, 244.6,N/A , N/A , N/A,3,*,*,*,*
"Bottineau County, North Dakota(2)",38009,Rural,141.9 ,99.1, 200.3,N/A , N/A , N/A,8,falling,-4.2 ,-9.1, -0.2
"Rosebud County, Montana(2)",30087,Rural,141.8 ,99.5, 197.6,N/A , N/A , N/A,8,stable,-0.9 ,-3.2, 1.6
"Chesterfield County, Virginia(2)",51041,Urban,141.8 ,134.6, 149.3,N/A , N/A , N/A,312,rising,5.1 ,1.3, 13.2
"Decatur County, Georgia(7)",13087,Rural,141.8 ,118, 169.3,N/A , N/A , N/A,26,rising,12.8 ,1.4, 25.7
"Lee County, Arkansas(2)",05077,Rural,141.6 ,102.2, 192.8,N/A , N/A , N/A,9,stable,1.6 ,-2.0, 5.6
"Westchester County, New York(7)",36119,Urban,141.6 ,137.4, 145.9,N/A , N/A , N/A,896,rising,1.9 ,0.6, 3.7
"Acadia Parish, Louisiana(7)",22001,Urban,141.5 ,123.4, 161.6,N/A , N/A , N/A,48,stable,-0.5 ,-1.9, 1.1
"Shelby County, Tennessee(2)",47157,Urban,141.3 ,136.5, 146.3,N/A , N/A , N/A,700,falling,-2.2 ,-3.4, -1.1
"Delta County, Texas(7)",48119,Rural,141.3 ,90.9, 212.9,N/A , N/A , N/A,5,stable,2.0 ,-1.3, 6.4
"Grenada County, Mississippi(2)",28043,Rural,141.2 ,114.2, 173.4,N/A , N/A , N/A,20,stable,-1.4 ,-3.6, 0.9
"Burleigh County, North Dakota(2)",38015,Urban,141.2 ,127.8, 155.7,N/A , N/A , N/A,85,stable,-1.2 ,-2.5, 0.3
"Day County, South Dakota(2)",46037,Rural,141.2 ,97.5, 203.1,N/A , N/A , N/A,7,rising,14.9 ,4.3, 34.2
"Puerto Rico(2)",72001,Urban,141.2 ,139, 143.4,N/A , N/A , N/A,3281,falling,-0.9 ,-1.5, -0.2
"Beaufort County, North Carolina(2)",37013,Rural,141.1 ,124.3, 160.2,N/A , N/A , N/A,55,rising,12.6 ,6.9, 21.6
"Perry County, Alabama(2)",01105,Rural,141.1 ,98.7, 197.4,N/A , N/A , N/A,8,stable,-2.6 ,-5.9, 0.3
"Peach County, Georgia(7)",13225,Urban,141.1 ,116.3, 170.2,N/A , N/A , N/A,25,stable,-1.8 ,-3.5, 0.2
"Dickinson County, Iowa(7)",19059,Rural,141.1 ,116.4, 171,N/A , N/A , N/A,24,falling,-1.3 ,-2.3, -0.3
"Prince George County, Virginia(2)",51149,Urban,141 ,119.7, 165,N/A , N/A , N/A,33,falling,-2.7 ,-4.6, -0.5
"Bergen County, New Jersey(7)",34003,Urban,141 ,136.8, 145.3,N/A , N/A , N/A,887,stable,2.7 ,-1.5, 11.6
"Sweet Grass County, Montana(2)",30097,Rural,141 ,92.2, 217,N/A , N/A , N/A,5,stable,-2.4 ,-8.3, 3.6
"Calhoun County, Iowa(7)",19025,Rural,140.9 ,105.6, 185.9,N/A , N/A , N/A,11,stable,-1.1 ,-2.5, 0.3
"Halifax County, North Carolina(2)",37083,Rural,140.9 ,123.6, 160.2,N/A , N/A , N/A,51,falling,-1.5 ,-2.9, -0.2
"Forsyth County, North Carolina(2)",37067,Urban,140.9 ,133.9, 148.2,N/A , N/A , N/A,322,rising,9.8 ,5.8, 15.4
"Wyoming County, New York(7)",36121,Rural,140.9 ,122.2, 162,N/A , N/A , N/A,44,stable,-1.8 ,-3.8, 0.5
"Fannin County, Georgia(7)",13111,Rural,140.9 ,120.7, 164.8,N/A , N/A , N/A,39,stable,0.7 ,-0.7, 2.5
"Calcasieu Parish, Louisiana(7)",22019,Urban,140.9 ,131.4, 150.9,N/A , N/A , N/A,175,rising,2.2 ,0.7, 4.6
"Cass County, Iowa(7)",19029,Rural,140.8 ,109.9, 179.3,N/A , N/A , N/A,15,stable,-0.5 ,-1.9, 0.9
"Richland Parish, Louisiana(7)",22083,Urban,140.8 ,112.5, 174.6,N/A , N/A , N/A,18,stable,-0.7 ,-1.8, 0.6
"Crittenden County, Arkansas(2)",05035,Urban,140.8 ,120.7, 163.4,N/A , N/A , N/A,38,stable,2.2 ,-0.6, 6.0
"Fountain County, Indiana(2)",18045,Rural,140.7 ,112.6, 174.8,N/A , N/A , N/A,18,stable,-1.0 ,-3.4, 1.4
"Wilson County, Tennessee(2)",47189,Urban,140.7 ,129.6, 152.5,N/A , N/A , N/A,129,rising,5.7 ,0.6, 13.7
"Polk County, Texas(7)",48373,Rural,140.7 ,121.3, 162.5,N/A , N/A , N/A,54,falling,-3.6 ,-5.4, -2.1
"Appanoose County, Iowa(7)",19007,Rural,140.7 ,110.6, 178.3,N/A , N/A , N/A,15,stable,-1.1 ,-2.8, 0.6
"Tulsa County, Oklahoma(2)",40143,Urban,140.6 ,135, 146.3,N/A , N/A , N/A,505,rising,5.5 ,1.0, 16.3
"Duplin County, North Carolina(2)",37061,Rural,140.4 ,123, 159.9,N/A , N/A , N/A,49,stable,-0.1 ,-1.6, 1.6
"Madison County, Nebraska(2)",31119,Rural,140.4 ,118.9, 164.9,N/A , N/A , N/A,32,falling,-2.2 ,-4.0, -0.4
"Crow Wing County, Minnesota(2)",27035,Rural,140.3 ,126.8, 155.2,N/A , N/A , N/A,83,stable,5.9 ,-0.5, 17.9
"Ada County, Idaho(7)",16001,Urban,140.3 ,134.2, 146.7,N/A , N/A , N/A,410,rising,3.6 ,2.0, 6.3
"Tift County, Georgia(7)",13277,Rural,140.3 ,119.1, 164.3,N/A , N/A , N/A,33,stable,-0.7 ,-2.1, 0.8
"Portage County, Wisconsin(2)",55097,Rural,140.3 ,125.2, 156.8,N/A , N/A , N/A,68,rising,12.6 ,6.9, 23.4
"Houston County, Georgia(7)",13153,Urban,140.2 ,128.5, 152.7,N/A , N/A , N/A,118,stable,1.3 ,-0.7, 8.5
"Webster County, Nebraska(2)",31181,Rural,140.2 ,82.3, 230.2,N/A , N/A , N/A,4,stable,0.2 ,-6.0, 6.2
"Flathead County, Montana(2)",30029,Rural,140.2 ,128.7, 152.6,N/A , N/A , N/A,118,falling,-2.8 ,-3.5, -2.0
"Greene County, Illinois(7)",17061,Rural,140.1 ,106.6, 182.2,N/A , N/A , N/A,12,falling,-1.9 ,-3.9, -0.1
"Fairfield County, Ohio(2)",39045,Urban,140.1 ,129.7, 151.3,N/A , N/A , N/A,140,stable,-0.7 ,-2.4, 1.3
"Mineral County, Montana(2)",30061,Urban,140.1 ,93.8, 209.3,N/A , N/A , N/A,7,stable,-1.8 ,-6.0, 2.5
"Garland County, Arkansas(2)",05051,Urban,140.1 ,128.5, 152.6,N/A , N/A , N/A,115,stable,1.0 ,-0.6, 5.6
"Dakota County, Minnesota(2)",27037,Urban,140.1 ,133.5, 146.9,N/A , N/A , N/A,367,rising,4.9 ,2.9, 7.9
"Carbon County, Wyoming(2)",56007,Rural,140.1 ,109.9, 176.8,N/A , N/A , N/A,16,rising,5.8 ,0.8, 22.3
"Jefferson County, Kentucky(7)",21111,Urban,140 ,135.1, 145.1,N/A , N/A , N/A,663,stable,0.6 ,-1.4, 6.8
"Saratoga County, New York(7)",36091,Urban,140 ,131.9, 148.4,N/A , N/A , N/A,239,stable,3.7 ,-0.4, 11.7
"Yoakum County, Texas(7)",48501,Rural,139.9 ,91.2, 206.1,N/A , N/A , N/A,6,*,*,*,*
"Jefferson County, Washington(7)",53031,Rural,139.9 ,123.8, 158.9,N/A , N/A , N/A,62,falling,-1.7 ,-2.7, -0.7
"Meagher County, Montana(2)",30059,Rural,139.9 ,79.6, 255.8,N/A , N/A , N/A,3,stable,-5.7 ,-11.5, 0.4
"Clay County, Nebraska(2)",31035,Rural,139.7 ,95.7, 200.4,N/A , N/A , N/A,7,stable,-2.1 ,-6.5, 1.6
"Decatur County, Indiana(2)",18031,Rural,139.7 ,114.8, 168.6,N/A , N/A , N/A,23,stable,0.4 ,-1.6, 2.6
"Dutchess County, New York(7)",36027,Urban,139.7 ,132.4, 147.2,N/A , N/A , N/A,294,rising,5.0 ,1.6, 12.2
"Drew County, Arkansas(2)",05043,Rural,139.6 ,109.6, 175.9,N/A , N/A , N/A,16,stable,-2.2 ,-5.1, 0.7
"Hall County, Georgia(7)",13139,Urban,139.5 ,130.2, 149.4,N/A , N/A , N/A,172,rising,2.7 ,1.0, 4.9
"Colonial Heights City, Virginia(2)",51570,Urban,139.5 ,109.3, 176,N/A , N/A , N/A,15,stable,-1.4 ,-4.5, 1.6
"Butler County, Alabama(2)",01013,Rural,139.5 ,111.6, 173.1,N/A , N/A , N/A,19,stable,0.0 ,-3.1, 3.2
"Lehigh County, Pennsylvania(2)",42077,Urban,139.5 ,132.7, 146.6,N/A , N/A , N/A,331,rising,6.4 ,2.7, 12.5
"Union County, Iowa(7)",19175,Rural,139.4 ,107, 180,N/A , N/A , N/A,13,rising,11.5 ,0.5, 31.9
"Union County, North Carolina(2)",37179,Urban,139.3 ,130.1, 149,N/A , N/A , N/A,185,stable,-0.7 ,-1.7, 0.5
"Martinsville City, Virginia(2)",51690,Rural,139.3 ,101, 187.9,N/A , N/A , N/A,11,stable,12.2 ,-0.3, 39.7
"Dorchester County, Maryland(2)",24019,Rural,139.2 ,119.3, 162.2,N/A , N/A , N/A,37,stable,-0.7 ,-2.8, 1.6
"Pike County, Alabama(2)",01109,Rural,139.1 ,115.3, 166.6,N/A , N/A , N/A,25,stable,-1.3 ,-3.6, 1.0
"Beaver County, Oklahoma(2)",40007,Rural,139 ,92.7, 204.9,N/A , N/A , N/A,6,*,*,*,*
"Lunenburg County, Virginia(2)",51111,Rural,139 ,107.9, 178,N/A , N/A , N/A,14,stable,-1.8 ,-4.1, 0.5
"Oakland County, Michigan(2)",26125,Urban,139 ,135.4, 142.7,N/A , N/A , N/A,1179,stable,2.1 ,-1.2, 9.2
"Clearwater County, Idaho(7)",16035,Rural,139 ,107.1, 180.8,N/A , N/A , N/A,14,stable,-1.7 ,-4.0, 0.9
"Wake County, North Carolina(2)",37183,Urban,139 ,134.5, 143.6,N/A , N/A , N/A,783,falling,-4.5 ,-8.2, -0.5
"Jefferson Parish, Louisiana(7)",22051,Urban,138.9 ,132.8, 145.3,N/A , N/A , N/A,405,rising,6.5 ,2.2, 11.5
"Wayne County, Mississippi(2)",28153,Rural,138.9 ,110.6, 172.8,N/A , N/A , N/A,18,falling,-13.1 ,-20.8, -3.9
"Benton County, Indiana(2)",18007,Urban,138.9 ,98, 192.5,N/A , N/A , N/A,8,stable,-0.8 ,-5.6, 3.9
"Coffee County, Georgia(7)",13069,Rural,138.8 ,117.8, 162.6,N/A , N/A , N/A,33,stable,1.9 ,-1.4, 12.3
"Danville City, Virginia(2)",51590,Rural,138.7 ,119.3, 160.7,N/A , N/A , N/A,39,rising,7.2 ,1.9, 23.7
"Middlesex County, New Jersey(7)",34023,Urban,138.7 ,134, 143.4,N/A , N/A , N/A,715,rising,3.0 ,1.1, 7.1
"Dooly County, Georgia(7)",13093,Rural,138.6 ,103.9, 182.8,N/A , N/A , N/A,12,stable,4.1 ,-3.4, 27.5
"Ripley County, Indiana(2)",18137,Rural,138.6 ,116.1, 164.7,N/A , N/A , N/A,28,stable,0.3 ,-2.2, 3.1
"Hancock County, West Virginia(2)",54029,Urban,138.6 ,117.8, 162.8,N/A , N/A , N/A,34,rising,8.0 ,1.7, 22.2
"Union County, Pennsylvania(2)",42119,Rural,138.6 ,119.9, 159.5,N/A , N/A , N/A,40,rising,6.6 ,0.4, 19.5
"Marshall County, Minnesota(2)",27089,Rural,138.5 ,103, 184.7,N/A , N/A , N/A,11,stable,-1.9 ,-4.0, 0.1
"Chambers County, Alabama(2)",01017,Rural,138.5 ,118.3, 161.7,N/A , N/A , N/A,35,stable,-2.5 ,-11.7, 0.0
"Larimer County, Colorado(2)",08069,Urban,138.5 ,131.4, 145.9,N/A , N/A , N/A,307,stable,-1.9 ,-4.2, 1.2
"Douglas County, Nebraska(2)",31055,Urban,138.5 ,132.4, 144.8,N/A , N/A , N/A,419,falling,-3.1 ,-5.8, -0.2
"Martin County, North Carolina(2)",37117,Rural,138.5 ,114.2, 167.5,N/A , N/A , N/A,25,stable,2.2 ,-0.3, 8.9
"Avoyelles Parish, Louisiana(7)",22009,Rural,138.4 ,118.2, 161.3,N/A , N/A , N/A,35,stable,-1.3 ,-2.9, 0.4
"Fayette County, Kentucky(7)",21067,Urban,138.4 ,130.2, 146.9,N/A , N/A , N/A,230,stable,6.7 ,0.0, 13.6
"Greene County, Georgia(7)",13133,Rural,138.4 ,115.5, 166.3,N/A , N/A , N/A,29,falling,-2.2 ,-3.8, -0.1
"Cattaraugus County, New York(7)",36009,Rural,138.4 ,124.9, 153,N/A , N/A , N/A,83,falling,-1.5 ,-2.7, -0.2
"Lewis and Clark County, Montana(2)",30049,Urban,138.3 ,123.8, 154.2,N/A , N/A , N/A,72,stable,2.9 ,-0.7, 14.6
"St. Francis County, Arkansas(2)",05123,Rural,138.3 ,112.2, 168.9,N/A , N/A , N/A,21,stable,2.6 ,-0.1, 6.1
"Taylor County, Wisconsin(2)",55119,Rural,138.3 ,113.4, 167.9,N/A , N/A , N/A,23,stable,0.6 ,-2.0, 3.7
"Howard County, Nebraska(2)",31093,Urban,138.3 ,95.5, 196.7,N/A , N/A , N/A,7,stable,-3.1 ,-7.2, 0.3
"Washington County, Minnesota(2)",27163,Urban,138.2 ,130.2, 146.7,N/A , N/A , N/A,233,rising,5.0 ,2.4, 10.9
"Marshall County, Iowa(7)",19127,Rural,138.2 ,119, 159.9,N/A , N/A , N/A,39,stable,5.8 ,-1.9, 20.4
"Laramie County, Wyoming(2)",56021,Urban,138.2 ,125.5, 152,N/A , N/A , N/A,91,stable,3.9 ,-1.6, 19.2
"Wood County, Texas(7)",48499,Rural,138.2 ,122.5, 155.9,N/A , N/A , N/A,60,stable,6.5 ,-0.5, 19.7
"Seneca County, New York(7)",36099,Rural,138.2 ,118.3, 160.8,N/A , N/A , N/A,37,stable,2.1 ,-1.5, 11.8
"Wayne County, New York(7)",36117,Urban,138.1 ,125.8, 151.4,N/A , N/A , N/A,98,falling,-1.7 ,-3.0, -0.3
"Knox County, Texas(7)",48275,Rural,138.1 ,79.3, 230,N/A , N/A , N/A,3,*,*,*,*
"Williamson County, Tennessee(2)",47187,Urban,138 ,129.2, 147.2,N/A , N/A , N/A,198,stable,-0.5 ,-1.8, 1.0
"Jasper County, Georgia(7)",13159,Urban,138 ,106.1, 177.4,N/A , N/A , N/A,14,stable,-0.9 ,-3.8, 2.9
"Bertie County, North Carolina(2)",37015,Rural,137.9 ,111.2, 170.2,N/A , N/A , N/A,20,stable,0.0 ,-1.9, 7.1
"Sampson County, North Carolina(2)",37163,Rural,137.9 ,121.6, 156.1,N/A , N/A , N/A,54,stable,1.9 ,-6.2, 11.7
"Woodbury County, Iowa(7)",19193,Urban,137.9 ,124.7, 152.1,N/A , N/A , N/A,85,stable,-0.8 ,-1.7, 3.1
"Rockland County, New York(7)",36087,Urban,137.8 ,130.4, 145.5,N/A , N/A , N/A,267,stable,2.7 ,-0.3, 8.1
"Milwaukee County, Wisconsin(2)",55079,Urban,137.8 ,133, 142.6,N/A , N/A , N/A,692,rising,2.3 ,0.6, 5.8
"Webster County, Iowa(7)",19187,Rural,137.7 ,117.7, 160.3,N/A , N/A , N/A,36,rising,7.7 ,0.3, 21.8
"Somerset County, New Jersey(7)",34035,Urban,137.6 ,130.6, 145,N/A , N/A , N/A,302,falling,-1.8 ,-2.9, -0.7
"Price County, Wisconsin(2)",55099,Rural,137.6 ,111.4, 170.6,N/A , N/A , N/A,21,stable,-0.4 ,-2.0, 1.4
"Franklin County, North Carolina(2)",37069,Urban,137.6 ,122.2, 154.5,N/A , N/A , N/A,63,stable,-1.0 ,-3.1, 1.4
"Newport News City, Virginia(2)",51700,Urban,137.5 ,126.7, 149.1,N/A , N/A , N/A,127,stable,2.7 ,-0.5, 9.3
"Swain County, North Carolina(2)",37173,Rural,137.5 ,106.3, 176.2,N/A , N/A , N/A,14,stable,2.5 ,-0.7, 6.4
"Brooks County, Georgia(7)",13027,Urban,137.5 ,108.6, 172.8,N/A , N/A , N/A,17,stable,-1.7 ,-3.8, 0.6
"Haywood County, Tennessee(2)",47075,Rural,137.4 ,109.1, 171.7,N/A , N/A , N/A,18,stable,-0.4 ,-3.0, 2.6
"Green Lake County, Wisconsin(2)",55047,Rural,137.4 ,112.6, 167.1,N/A , N/A , N/A,23,stable,4.4 ,-1.8, 23.8
"Broome County, New York(7)",36007,Urban,137.4 ,128.6, 146.6,N/A , N/A , N/A,194,rising,9.2 ,6.5, 12.7
"Chambers County, Texas(7)",48071,Urban,137.3 ,116.2, 161.3,N/A , N/A , N/A,33,stable,-1.5 ,-3.2, 0.7
"Charleston County, South Carolina(2)",45019,Urban,137.3 ,130.8, 144,N/A , N/A , N/A,357,stable,1.7 ,-1.2, 7.6
"Brule County, South Dakota(2)",46015,Rural,137.2 ,86.7, 209.2,N/A , N/A , N/A,5,stable,2.9 ,-2.5, 23.8
"Granville County, North Carolina(2)",37077,Rural,137.1 ,121.3, 154.6,N/A , N/A , N/A,58,stable,-1.9 ,-4.1, 0.5
"Union County, Arkansas(2)",05139,Rural,137.1 ,117.7, 159.1,N/A , N/A , N/A,38,stable,-0.3 ,-2.8, 2.3
"Cole County, Missouri(2)",29051,Urban,137 ,122.7, 152.7,N/A , N/A , N/A,70,rising,5.3 ,1.7, 13.8
"Schenectady County, New York(7)",36093,Urban,136.8 ,126.5, 147.7,N/A , N/A , N/A,139,rising,6.0 ,0.7, 17.5
"Thomas County, Georgia(7)",13275,Rural,136.7 ,118.4, 157.5,N/A , N/A , N/A,42,stable,6.6 ,-2.2, 20.2
"Summit County, Colorado(2)",08117,Rural,136.7 ,114.8, 162.2,N/A , N/A , N/A,30,rising,11.7 ,0.5, 38.2
"Pleasants County, West Virginia(2)",54073,Rural,136.7 ,94.6, 192.8,N/A , N/A , N/A,8,stable,-1.8 ,-4.9, 1.1
"Traill County, North Dakota(2)",38097,Rural,136.7 ,97.5, 188.5,N/A , N/A , N/A,8,stable,-2.4 ,-5.5, 0.5
"Warren County, New York(7)",36113,Urban,136.6 ,122.9, 151.8,N/A , N/A , N/A,77,falling,-1.9 ,-3.6, -0.1
"Otter Tail County, Minnesota(2)",27111,Rural,136.6 ,122.6, 152.1,N/A , N/A , N/A,74,stable,5.3 ,-6.3, 13.3
"Forest County, Wisconsin(2)",55041,Rural,136.6 ,103.7, 179.9,N/A , N/A , N/A,12,stable,0.1 ,-3.2, 3.9
"Pierce County, Nebraska(2)",31139,Rural,136.6 ,95.6, 191.5,N/A , N/A , N/A,8,stable,-3.0 ,-6.9, 0.5
"Tooele County, Utah(7)",49045,Urban,136.5 ,117.5, 157.7,N/A , N/A , N/A,41,stable,-1.1 ,-2.5, 0.8
"Clay County, Minnesota(2)",27027,Urban,136.5 ,119.2, 155.6,N/A , N/A , N/A,47,stable,7.7 ,-0.4, 20.3
"Travis County, Texas(7)",48453,Urban,136.5 ,131.9, 141.1,N/A , N/A , N/A,765,rising,4.9 ,2.6, 9.3
"Cedar County, Iowa(7)",19031,Rural,136.4 ,109.9, 168.3,N/A , N/A , N/A,19,stable,-0.9 ,-2.2, 0.5
"Jones County, North Carolina(2)",37103,Rural,136.4 ,101.4, 182.3,N/A , N/A , N/A,11,stable,-2.3 ,-5.2, 0.6
"Bucks County, Pennsylvania(2)",42017,Urban,136.3 ,131.6, 141.2,N/A , N/A , N/A,664,falling,-1.8 ,-3.2, -0.4
"Durham County, North Carolina(2)",37063,Urban,136.3 ,128.2, 144.7,N/A , N/A , N/A,226,stable,2.2 ,-1.7, 11.3
"Pitt County, North Carolina(2)",37147,Urban,136.2 ,125.1, 148.1,N/A , N/A , N/A,119,stable,3.6 ,-0.4, 12.0
"Greene County, North Carolina(2)",37079,Rural,136.2 ,108.6, 169.2,N/A , N/A , N/A,18,stable,-2.1 ,-4.5, 0.2
"Johnson County, Iowa(7)",19103,Urban,136.2 ,124, 149.3,N/A , N/A , N/A,97,falling,-1.3 ,-2.1, -0.4
"Clinton County, Michigan(2)",26037,Urban,136.2 ,122.2, 151.4,N/A , N/A , N/A,74,falling,-2.7 ,-4.6, -0.7
"Henrico County, Virginia(2)",51087,Urban,136.1 ,128.7, 143.9,N/A , N/A , N/A,264,stable,1.6 ,-1.5, 9.9
"Becker County, Minnesota(2)",27005,Rural,136 ,116.9, 157.8,N/A , N/A , N/A,39,rising,4.2 ,1.0, 10.9
"Bourbon County, Kentucky(7)",21017,Urban,136 ,110, 167,N/A , N/A , N/A,20,stable,-0.4 ,-3.4, 3.0
"Hamilton County, Nebraska(2)",31081,Rural,136 ,99.4, 183.3,N/A , N/A , N/A,9,stable,-1.2 ,-5.1, 2.9
"Wayne County, Michigan(2)",26163,Urban,135.7 ,132.5, 139,N/A , N/A , N/A,1448,stable,1.1 ,-1.0, 5.9
"Woodford County, Kentucky(7)",21239,Urban,135.6 ,112.6, 162.7,N/A , N/A , N/A,27,rising,7.2 ,0.4, 21.3
"Herkimer County, New York(7)",36043,Urban,135.6 ,121.1, 151.8,N/A , N/A , N/A,67,stable,-1.1 ,-2.3, 0.2
"Taylor County, Iowa(7)",19173,Rural,135.6 ,93.6, 193.9,N/A , N/A , N/A,7,stable,0.4 ,-1.7, 2.8
"Washington County, Wisconsin(2)",55131,Urban,135.5 ,125.4, 146.4,N/A , N/A , N/A,140,falling,-1.4 ,-2.6, -0.2
"Kenosha County, Wisconsin(2)",55059,Urban,135.5 ,125.2, 146.5,N/A , N/A , N/A,140,rising,6.9 ,1.0, 13.7
"Kitsap County, Washington(7)",53035,Urban,135.5 ,128, 143.3,N/A , N/A , N/A,262,falling,-1.2 ,-1.7, -0.5
"Fayette County, Georgia(7)",13113,Urban,135.4 ,124.6, 147,N/A , N/A , N/A,121,falling,-2.4 ,-4.1, -0.2
"Northampton County, Pennsylvania(2)",42095,Urban,135.3 ,128.5, 142.5,N/A , N/A , N/A,303,stable,3.2 ,-0.4, 9.2
"Hale County, Alabama(2)",01065,Urban,135.3 ,103.5, 174.8,N/A , N/A , N/A,14,stable,-1.0 ,-5.1, 7.7
"Pepin County, Wisconsin(2)",55091,Rural,135.3 ,96.8, 187.3,N/A , N/A , N/A,9,stable,-0.8 ,-3.7, 2.1
"Ocean County, New Jersey(7)",34029,Urban,135.2 ,130.5, 140.1,N/A , N/A , N/A,642,stable,2.5 ,-2.6, 11.7
"Hartford County, Connecticut(7)",09003,Urban,135.2 ,130.9, 139.6,N/A , N/A , N/A,786,stable,1.6 ,-0.6, 5.5
"Keith County, Nebraska(2)",31101,Rural,135.2 ,100.7, 181.2,N/A , N/A , N/A,11,stable,1.0 ,-2.3, 4.8
"Shiawassee County, Michigan(2)",26155,Rural,135.2 ,120.5, 151.3,N/A , N/A , N/A,66,stable,3.0 ,-0.3, 11.7
"District of Columbia(2)",11001,Urban,135.1 ,129.3, 141.2,N/A , N/A , N/A,416,stable,1.5 ,-2.5, 9.7
"Catawba County, North Carolina(2)",37035,Urban,135.1 ,125.4, 145.6,N/A , N/A , N/A,150,stable,2.8 ,-0.5, 9.7
"Putnam County, Ohio(2)",39137,Rural,135 ,114.2, 158.9,N/A , N/A , N/A,32,stable,0.1 ,-1.6, 2.0
"Nuckolls County, Nebraska(2)",31129,Rural,135 ,85.8, 209.8,N/A , N/A , N/A,5,stable,0.6 ,-4.3, 5.6
"Bryan County, Georgia(7)",13029,Urban,135 ,112.7, 160.5,N/A , N/A , N/A,28,stable,1.1 ,-1.0, 4.1
"Utah County, Utah(7)",49049,Urban,135 ,127.8, 142.4,N/A , N/A , N/A,281,rising,2.5 ,0.7, 6.3
"Union County, Ohio(2)",39159,Urban,135 ,117.6, 154.2,N/A , N/A , N/A,47,rising,2.9 ,0.9, 6.8
"Shelby County, Illinois(7)",17173,Rural,134.9 ,110.9, 163.5,N/A , N/A , N/A,23,stable,-1.6 ,-3.8, 0.7
"Hancock County, Maine(2)",23009,Rural,134.9 ,120.4, 151.2,N/A , N/A , N/A,68,falling,-1.9 ,-3.6, -0.1
"Shelby County, Indiana(2)",18145,Urban,134.9 ,116.6, 155.5,N/A , N/A , N/A,42,rising,10.3 ,4.0, 20.9
"Robertson County, Texas(7)",48395,Urban,134.9 ,107.1, 168.5,N/A , N/A , N/A,17,stable,-1.9 ,-4.2, 0.4
"Somerset County, Maryland(2)",24039,Urban,134.7 ,110.6, 162.9,N/A , N/A , N/A,23,stable,-0.8 ,-3.0, 1.4
"Clayton County, Iowa(7)",19043,Rural,134.7 ,109.3, 165.4,N/A , N/A , N/A,21,rising,5.6 ,1.0, 16.2
"Adams County, Idaho(7)",16003,Rural,134.7 ,91.2, 201.9,N/A , N/A , N/A,7,*,*,*,*
"Renville County, Minnesota(2)",27129,Rural,134.7 ,106, 169.9,N/A , N/A , N/A,16,stable,-2.4 ,-5.8, 0.7
"Scotland County, North Carolina(2)",37165,Rural,134.6 ,113.6, 158.8,N/A , N/A , N/A,31,rising,23.5 ,8.7, 39.1
"Cook County, Minnesota(2)",27031,Rural,134.5 ,93.4, 194.8,N/A , N/A , N/A,8,stable,-3.1 ,-6.5, 0.3
"Orleans County, New York(7)",36073,Urban,134.5 ,115.9, 155.7,N/A , N/A , N/A,41,stable,-0.2 ,-2.0, 1.8
"Mississippi County, Arkansas(2)",05093,Rural,134.5 ,113.3, 158.5,N/A , N/A , N/A,31,stable,3.4 ,-1.1, 16.6
"Maury County, Tennessee(2)",47119,Urban,134.5 ,121.9, 148.1,N/A , N/A , N/A,89,stable,-0.4 ,-1.7, 1.2
"Page County, Iowa(7)",19145,Rural,134.4 ,106.6, 168.4,N/A , N/A , N/A,17,stable,-0.7 ,-2.3, 0.9
"Marshall County, Tennessee(2)",47117,Rural,134.4 ,113.3, 158.6,N/A , N/A , N/A,30,stable,-0.4 ,-2.0, 1.4
"Knox County, Ohio(2)",39083,Rural,134.3 ,119.1, 151.2,N/A , N/A , N/A,59,stable,-0.5 ,-1.8, 0.9
"Clarke County, Georgia(7)",13059,Urban,134.3 ,120.4, 149.4,N/A , N/A , N/A,73,falling,-2.3 ,-3.9, -0.5
"Hunterdon County, New Jersey(7)",34019,Urban,134.3 ,124.1, 145.2,N/A , N/A , N/A,138,rising,3.7 ,2.4, 5.9
"Grand Traverse County, Michigan(2)",26055,Urban,134.2 ,122.3, 147.1,N/A , N/A , N/A,100,stable,1.5 ,-2.5, 9.4
"Ohio County, Kentucky(7)",21183,Rural,134.2 ,109.8, 162.9,N/A , N/A , N/A,22,stable,0.1 ,-1.7, 2.0
"Irwin County, Georgia(7)",13155,Rural,134.2 ,95.3, 184.6,N/A , N/A , N/A,8,stable,-1.4 ,-3.9, 1.4
"Pamlico County, North Carolina(2)",37137,Rural,134.1 ,106.9, 169.2,N/A , N/A , N/A,18,stable,3.5 ,-1.4, 17.5
"Ashland County, Wisconsin(2)",55003,Rural,134 ,105.3, 169.1,N/A , N/A , N/A,16,stable,-0.4 ,-2.5, 1.8
"Defiance County, Ohio(2)",39039,Rural,133.9 ,114.6, 155.9,N/A , N/A , N/A,37,stable,-0.3 ,-2.5, 2.0
"Lincoln County, Wisconsin(2)",55069,Rural,133.9 ,113.5, 157.7,N/A , N/A , N/A,33,stable,-1.1 ,-2.7, 0.4
"Wood County, Wisconsin(2)",55141,Rural,133.9 ,120.7, 148.4,N/A , N/A , N/A,79,falling,-2.2 ,-3.7, -0.8
"Door County, Wisconsin(2)",55029,Rural,133.9 ,116.2, 154.7,N/A , N/A , N/A,45,falling,-11.1 ,-20.2, -3.4
"De Soto Parish, Louisiana(7)",22031,Urban,133.9 ,110.9, 160.7,N/A , N/A , N/A,25,falling,-3.5 ,-4.8, -2.1
"Worth County, Georgia(7)",13321,Urban,133.9 ,108.4, 164.4,N/A , N/A , N/A,20,stable,-1.5 ,-3.3, 0.5
"Poinsett County, Arkansas(2)",05111,Urban,133.9 ,108.5, 163.9,N/A , N/A , N/A,20,stable,-0.1 ,-2.8, 2.7
"Queen Annes County, Maryland(2)",24035,Urban,133.9 ,117.7, 151.9,N/A , N/A , N/A,53,stable,-1.4 ,-3.8, 1.1
"Fairfield County, South Carolina(2)",45039,Urban,133.8 ,109.5, 163,N/A , N/A , N/A,24,falling,-2.5 ,-4.5, -0.5
"Vigo County, Indiana(2)",18167,Urban,133.7 ,120.9, 147.6,N/A , N/A , N/A,84,rising,7.9 ,2.6, 17.3
"Idaho County, Idaho(7)",16049,Rural,133.7 ,110.2, 162.4,N/A , N/A , N/A,25,stable,6.7 ,-2.8, 30.3
"Holt County, Missouri(2)",29087,Rural,133.7 ,86.4, 205.1,N/A , N/A , N/A,5,stable,4.7 ,-3.5, 35.9
"Floyd County, Virginia(2)",51063,Urban,133.6 ,106.2, 167.5,N/A , N/A , N/A,18,rising,7.6 ,2.3, 20.6
"Columbia County, Pennsylvania(2)",42037,Rural,133.6 ,118.8, 150.1,N/A , N/A , N/A,62,stable,3.3 ,-2.8, 17.1
"Cass County, North Dakota(2)",38017,Urban,133.6 ,123, 144.9,N/A , N/A , N/A,124,stable,10.2 ,-1.6, 18.8
"Kendall County, Illinois(7)",17093,Urban,133.6 ,120, 148.3,N/A , N/A , N/A,78,stable,-0.6 ,-1.6, 0.8
"Fairbanks North Star, Alaska(2)",02090,Urban,133.6 ,119, 149.5,N/A , N/A , N/A,69,rising,12.7 ,7.6, 21.2
"Martin County, Indiana(2)",18101,Rural,133.6 ,98.7, 178.6,N/A , N/A , N/A,10,stable,-0.5 ,-4.5, 3.8
"Morgan County, Georgia(7)",13211,Urban,133.6 ,107.4, 165,N/A , N/A , N/A,19,stable,-0.8 ,-2.1, 0.9
"Cheatham County, Tennessee(2)",47021,Urban,133.5 ,113.3, 156.6,N/A , N/A , N/A,35,stable,0.2 ,-1.3, 2.0
"San Juan County, Washington(7)",53055,Rural,133.4 ,112.3, 160.1,N/A , N/A , N/A,31,stable,3.8 ,-3.5, 16.6
"Richland County, Illinois(7)",17159,Rural,133.4 ,105, 168.1,N/A , N/A , N/A,16,stable,-1.9 ,-4.5, 0.6
"Charles Mix County, South Dakota(2)",46023,Rural,133.3 ,94.9, 183.4,N/A , N/A , N/A,8,stable,-2.1 ,-5.2, 0.7
"Albany County, New York(7)",36001,Urban,133.2 ,126, 140.7,N/A , N/A , N/A,269,stable,2.0 ,-0.7, 8.1
"Marathon County, Wisconsin(2)",55073,Urban,133.1 ,122.9, 144,N/A , N/A , N/A,133,stable,-2.3 ,-6.9, 1.4
"Grant County, Minnesota(2)",27051,Rural,133 ,90.8, 191.9,N/A , N/A , N/A,7,stable,-0.5 ,-3.3, 2.3
"Mille Lacs County, Minnesota(2)",27095,Urban,133 ,110.2, 159.5,N/A , N/A , N/A,25,stable,4.9 ,-2.6, 27.6
"Gallatin County, Montana(2)",30031,Urban,132.8 ,120.1, 146.6,N/A , N/A , N/A,87,stable,-1.0 ,-2.6, 1.1
"Madison County, Kentucky(7)",21151,Rural,132.7 ,118.5, 148.2,N/A , N/A , N/A,67,stable,8.2 ,-0.2, 21.3
"White County, Indiana(2)",18181,Rural,132.6 ,109.9, 159.4,N/A , N/A , N/A,25,stable,4.8 ,-5.6, 29.6
"Lauderdale County, Mississippi(2)",28075,Rural,132.6 ,117.8, 148.9,N/A , N/A , N/A,62,falling,-2.7 ,-5.0, -0.5
"Sweetwater County, Wyoming(2)",56037,Rural,132.6 ,112.8, 155.1,N/A , N/A , N/A,36,stable,-1.1 ,-3.3, 1.4
"Valley County, Nebraska(2)",31175,Rural,132.6 ,81.4, 210.1,N/A , N/A , N/A,4,stable,-2.2 ,-9.0, 3.3
"Warren County, North Carolina(2)",37185,Rural,132.6 ,108.4, 162,N/A , N/A , N/A,23,stable,0.4 ,-1.4, 2.8
"Beauregard Parish, Louisiana(7)",22011,Rural,132.5 ,111.3, 156.6,N/A , N/A , N/A,29,stable,5.1 ,-1.5, 16.7
"Cleveland County, North Carolina(2)",37045,Rural,132.4 ,120, 145.9,N/A , N/A , N/A,89,rising,5.0 ,1.1, 11.5
"Isabella County, Michigan(2)",26073,Rural,132.4 ,114.5, 152.3,N/A , N/A , N/A,43,rising,10.3 ,5.2, 23.1
"Humphreys County, Tennessee(2)",47085,Rural,132.4 ,106.3, 163.7,N/A , N/A , N/A,19,stable,0.3 ,-2.5, 3.4
"Williamson County, Illinois(7)",17199,Rural,132.3 ,117.8, 148.3,N/A , N/A , N/A,63,stable,5.0 ,-1.0, 18.8
"Hamilton County, Tennessee(2)",47065,Urban,132.3 ,125.7, 139.2,N/A , N/A , N/A,312,stable,1.0 ,-1.2, 6.2
"Mathews County, Virginia(2)",51115,Urban,132.3 ,100.6, 176.2,N/A , N/A , N/A,12,falling,-4.1 ,-13.4, -1.1
"Addison County, Vermont(2)",50001,Rural,132.3 ,113.6, 153.7,N/A , N/A , N/A,39,stable,4.2 ,-3.3, 22.0
"Walton County, Georgia(7)",13297,Urban,132.3 ,119.3, 146.4,N/A , N/A , N/A,79,falling,-1.6 ,-2.6, -0.2
"Clinton County, Illinois(7)",17027,Urban,132.2 ,113, 154,N/A , N/A , N/A,35,stable,-0.9 ,-2.4, 0.9
"Hitchcock County, Nebraska(2)",31087,Rural,132.1 ,76.4, 227.6,N/A , N/A , N/A,3,*,*,*,*
"St. Clair County, Illinois(7)",17163,Urban,132 ,123.9, 140.7,N/A , N/A , N/A,209,rising,3.0 ,0.7, 6.1
"Waller County, Texas(7)",48473,Urban,132 ,112.9, 153.5,N/A , N/A , N/A,37,rising,2.5 ,1.1, 4.8
"Washington County, Maine(2)",23029,Rural,132 ,112.5, 154.6,N/A , N/A , N/A,37,stable,4.9 ,-2.4, 21.4
"Caldwell Parish, Louisiana(7)",22021,Rural,132 ,93.4, 182.1,N/A , N/A , N/A,8,stable,-1.4 ,-5.3, 2.7
"Lincoln County, North Carolina(2)",37109,Urban,131.9 ,119.4, 145.6,N/A , N/A , N/A,86,stable,-1.7 ,-3.3, 0.1
"New Castle County, Delaware(2)",10003,Urban,131.9 ,126.4, 137.5,N/A , N/A , N/A,467,stable,1.5 ,-0.1, 3.9
"Spencer County, Kentucky(7)",21215,Urban,131.8 ,103.9, 165.7,N/A , N/A , N/A,17,stable,-0.3 ,-2.9, 3.5
"Grundy County, Illinois(7)",17063,Urban,131.8 ,114.1, 151.8,N/A , N/A , N/A,42,stable,-0.7 ,-2.2, 1.1
"Bayfield County, Wisconsin(2)",55007,Rural,131.8 ,108.3, 161.2,N/A , N/A , N/A,24,stable,2.3 ,-1.0, 7.0
"Charles City County, Virginia(2)",51036,Urban,131.8 ,95, 184.4,N/A , N/A , N/A,9,stable,-1.6 ,-4.1, 0.9
"Boise County, Idaho(7)",16015,Urban,131.7 ,95.9, 181.8,N/A , N/A , N/A,11,stable,-3.0 ,-5.9, 0.7
"Kings County, New York(7)",36047,Urban,131.7 ,129, 134.5,N/A , N/A , N/A,1812,rising,2.9 ,1.4, 5.0
"Simpson County, Mississippi(2)",28127,Urban,131.7 ,108.7, 158.7,N/A , N/A , N/A,24,stable,-0.7 ,-3.0, 1.6
"Chouteau County, Montana(2)",30015,Rural,131.7 ,88.9, 191.8,N/A , N/A , N/A,7,stable,-2.9 ,-6.7, 0.6
"Lincoln County, South Dakota(2)",46083,Urban,131.6 ,114.4, 150.6,N/A , N/A , N/A,45,stable,-1.7 ,-3.6, 0.7
"Phillips County, Arkansas(2)",05107,Rural,131.6 ,102.4, 167.5,N/A , N/A , N/A,15,stable,-0.2 ,-3.1, 2.6
"Montgomery County, Maryland(2)",24031,Urban,131.6 ,127.5, 135.7,N/A , N/A , N/A,837,rising,3.5 ,2.1, 5.3
"Ramsey County, Minnesota(2)",27123,Urban,131.5 ,125.7, 137.6,N/A , N/A , N/A,402,rising,3.4 ,1.2, 6.6
"Cameron County, Pennsylvania(2)",42023,Rural,131.5 ,81.3, 207.2,N/A , N/A , N/A,5,stable,-2.0 ,-6.8, 2.3
"New York County, New York(7)",36061,Urban,131.5 ,128.3, 134.8,N/A , N/A , N/A,1277,rising,2.6 ,0.4, 7.3
"Faulkner County, Arkansas(2)",05045,Urban,131.4 ,118.7, 145.2,N/A , N/A , N/A,82,stable,-1.2 ,-2.8, 0.6
"Rutherford County, Tennessee(2)",47149,Urban,131.4 ,123, 140.2,N/A , N/A , N/A,206,stable,-1.0 ,-2.4, 0.7
"Cherokee County, Texas(7)",48073,Rural,131.4 ,114.4, 150.3,N/A , N/A , N/A,45,stable,-1.4 ,-3.1, 0.5
"Park County, Montana(2)",30067,Rural,131.3 ,106.9, 161.3,N/A , N/A , N/A,22,stable,10.9 ,-1.7, 20.3
"Eaton County, Michigan(2)",26045,Urban,131.3 ,119.9, 143.7,N/A , N/A , N/A,103,falling,-3.4 ,-5.5, -1.3
"Hubbard County, Minnesota(2)",27057,Rural,131.3 ,108.8, 158.3,N/A , N/A , N/A,27,rising,6.2 ,2.3, 14.7
"Medina County, Ohio(2)",39103,Urban,131.3 ,122.5, 140.6,N/A , N/A , N/A,174,stable,-1.4 ,-2.7, 0.1
"Cumberland County, Kentucky(7)",21057,Rural,131.3 ,87.2, 193.6,N/A , N/A , N/A,6,stable,-0.4 ,-3.7, 3.2
"Preston County, West Virginia(2)",54077,Urban,131.2 ,111.8, 153.6,N/A , N/A , N/A,34,rising,6.7 ,0.4, 22.4
"Midland County, Michigan(2)",26111,Urban,131.2 ,118.4, 145.2,N/A , N/A , N/A,80,stable,6.9 ,-0.9, 25.3
"Hampton City, Virginia(2)",51650,Urban,131.2 ,119.8, 143.5,N/A , N/A , N/A,105,stable,1.0 ,-4.8, 12.4
"St. Louis County, Minnesota(2)",27137,Urban,131.1 ,122.9, 139.8,N/A , N/A , N/A,204,stable,1.8 ,-1.2, 8.3
"Montgomery County, Mississippi(2)",28097,Rural,131.1 ,95.2, 178,N/A , N/A , N/A,10,stable,-1.2 ,-4.9, 2.6
"Craven County, North Carolina(2)",37049,Rural,131.1 ,119.2, 144,N/A , N/A , N/A,94,falling,-2.5 ,-4.5, -0.6
"Anne Arundel County, Maryland(2)",24003,Urban,131.1 ,125.7, 136.7,N/A , N/A , N/A,468,rising,5.6 ,3.5, 8.4
"Autauga County, Alabama(2)",01001,Urban,131 ,114.4, 149.5,N/A , N/A , N/A,47,stable,0.3 ,-2.0, 3.2
"Silver Bow County, Montana(2)",30093,Rural,131 ,111.5, 153.3,N/A , N/A , N/A,34,rising,6.5 ,1.1, 20.7
"Cass County, Minnesota(2)",27021,Rural,131 ,113, 151.9,N/A , N/A , N/A,41,stable,11.2 ,-1.2, 24.8
"Windham County, Vermont(2)",50025,Rural,131 ,115.2, 148.8,N/A , N/A , N/A,54,rising,10.9 ,4.2, 26.1
"Sangamon County, Illinois(7)",17167,Urban,130.9 ,122, 140.4,N/A , N/A , N/A,171,stable,-1.5 ,-3.0, 0.0
"Schuylkill County, Pennsylvania(2)",42107,Rural,130.9 ,121.3, 141.2,N/A , N/A , N/A,144,rising,4.3 ,1.5, 9.8
"Grayson County, Kentucky(7)",21085,Rural,130.9 ,107.8, 158,N/A , N/A , N/A,24,rising,8.3 ,0.3, 26.2
"Benton County, Tennessee(2)",47005,Rural,130.9 ,103.6, 164.5,N/A , N/A , N/A,17,stable,-0.2 ,-3.7, 3.5
"Lorain County, Ohio(2)",39093,Urban,130.9 ,124.1, 138,N/A , N/A , N/A,291,stable,4.1 ,-0.5, 11.0
"Carroll County, Tennessee(2)",47017,Rural,130.9 ,109.2, 156.1,N/A , N/A , N/A,27,stable,-2.2 ,-8.2, 0.5
"Madison County, Tennessee(2)",47113,Urban,130.8 ,118.2, 144.5,N/A , N/A , N/A,83,stable,-0.1 ,-1.5, 1.4
"Towns County, Georgia(7)",13281,Rural,130.8 ,105.6, 164.1,N/A , N/A , N/A,20,falling,-3.0 ,-10.4, -0.7
"Spink County, South Dakota(2)",46115,Rural,130.8 ,88.7, 189.4,N/A , N/A , N/A,7,stable,-2.3 ,-6.3, 1.2
"Alexander County, North Carolina(2)",37003,Urban,130.8 ,111.8, 152.4,N/A , N/A , N/A,36,stable,-0.9 ,-2.7, 0.9
"Beaverhead County, Montana(2)",30001,Rural,130.7 ,98.3, 173.4,N/A , N/A , N/A,11,stable,0.8 ,-2.2, 4.4
"Brown County, South Dakota(2)",46013,Rural,130.7 ,111.2, 153,N/A , N/A , N/A,33,stable,-1.1 ,-3.3, 1.1
"Muskingum County, Ohio(2)",39119,Rural,130.7 ,117.3, 145.3,N/A , N/A , N/A,74,rising,7.9 ,2.3, 21.0
"Yellowstone County, Montana(2)",30111,Urban,130.7 ,121, 141,N/A , N/A , N/A,143,falling,-10.9 ,-17.0, -1.9
"New Haven County, Connecticut(7)",09009,Urban,130.7 ,126.4, 135.1,N/A , N/A , N/A,740,rising,5.7 ,4.3, 7.5
"Lanier County, Georgia(7)",13173,Urban,130.7 ,90.6, 183.1,N/A , N/A , N/A,8,stable,-0.1 ,-3.5, 4.1
"Bay County, Michigan(2)",26017,Urban,130.6 ,119.3, 142.9,N/A , N/A , N/A,104,stable,6.2 ,-0.1, 19.7
"Natchitoches Parish, Louisiana(7)",22069,Rural,130.6 ,110.1, 154.2,N/A , N/A , N/A,30,falling,-2.0 ,-3.9, -0.1
"Christian County, Illinois(7)",17021,Rural,130.6 ,110.7, 153.5,N/A , N/A , N/A,32,stable,3.3 ,0.0, 11.8
"Lake County, Illinois(7)",17097,Urban,130.6 ,125.7, 135.7,N/A , N/A , N/A,564,rising,3.8 ,2.6, 5.1
"Randall County, Texas(7)",48381,Urban,130.6 ,119.3, 142.6,N/A , N/A , N/A,106,stable,2.1 ,-2.4, 11.5
"Richland County, Ohio(2)",39139,Urban,130.5 ,119.8, 142,N/A , N/A , N/A,114,rising,5.2 ,0.8, 16.7
"Tolland County, Connecticut(7)",09013,Urban,130.5 ,120.5, 141.3,N/A , N/A , N/A,131,stable,3.0 ,-0.9, 10.9
"Santa Cruz County, California(7)",06087,Urban,130.5 ,122.9, 138.6,N/A , N/A , N/A,238,rising,6.7 ,2.7, 16.2
"Summit County, Utah(7)",49043,Rural,130.5 ,111.7, 152,N/A , N/A , N/A,38,falling,-2.0 ,-3.1, -0.5
"Luzerne County, Pennsylvania(2)",42079,Urban,130.5 ,123.9, 137.4,N/A , N/A , N/A,306,stable,3.6 ,-0.1, 11.3
"Licking County, Ohio(2)",39089,Urban,130.5 ,121.1, 140.5,N/A , N/A , N/A,152,rising,5.6 ,1.0, 16.0
"Wakulla County, Florida(2)",12129,Urban,130.5 ,109.2, 154.9,N/A , N/A , N/A,30,stable,0.4 ,-2.3, 3.8
"Tippecanoe County, Indiana(2)",18157,Urban,130.5 ,119.5, 142.2,N/A , N/A , N/A,110,stable,-4.1 ,-13.1, 4.4
"Whatcom County, Washington(7)",53073,Urban,130.5 ,122.3, 139.1,N/A , N/A , N/A,199,stable,2.9 ,-1.0, 10.8
"Mahoning County, Ohio(2)",39099,Urban,130.5 ,122.7, 138.6,N/A , N/A , N/A,225,rising,6.6 ,1.6, 16.7
"Box Elder County, Utah(7)",49003,Rural,130.4 ,112.5, 150.5,N/A , N/A , N/A,40,stable,3.4 ,-2.3, 16.4
"Vance County, North Carolina(2)",37181,Rural,130.4 ,111.2, 152.3,N/A , N/A , N/A,35,stable,2.3 ,-4.4, 16.8
"Hopewell City, Virginia(2)",51670,Urban,130.3 ,102.5, 163.7,N/A , N/A , N/A,16,stable,-3.1 ,-17.5, 1.5
"Bond County, Illinois(7)",17005,Urban,130.3 ,101.6, 165.3,N/A , N/A , N/A,15,stable,-1.8 ,-4.8, 1.3
"Griggs County, North Dakota(2)",38039,Rural,130.3 ,72.9, 236.3,N/A , N/A , N/A,3,stable,-3.5 ,-8.3, 0.8
"Worcester County, Maryland(2)",24047,Rural,130.3 ,116, 146.3,N/A , N/A , N/A,65,stable,-1.5 ,-3.6, 0.6
"Warren County, Iowa(7)",19181,Urban,130.2 ,113.2, 149.3,N/A , N/A , N/A,44,rising,9.7 ,0.8, 21.7
"Hockley County, Texas(7)",48219,Urban,130.2 ,103, 162.8,N/A , N/A , N/A,16,stable,-1.5 ,-4.1, 1.3
"Glacier County, Montana(2)",30035,Rural,130.2 ,92.9, 177.4,N/A , N/A , N/A,9,stable,-1.0 ,-6.0, 4.6
"Lewis County, New York(7)",36049,Rural,130.2 ,108.7, 155.3,N/A , N/A , N/A,28,falling,-3.3 ,-5.9, -0.8
"Walworth County, Wisconsin(2)",55127,Rural,130.1 ,118.8, 142.5,N/A , N/A , N/A,101,stable,3.6 ,-1.4, 11.3
"Pointe Coupee Parish, Louisiana(7)",22077,Urban,130.1 ,105.5, 159.7,N/A , N/A , N/A,21,falling,-11.2 ,-18.8, -1.1
"Bartholomew County, Indiana(2)",18005,Urban,130.1 ,116.1, 145.4,N/A , N/A , N/A,65,rising,6.9 ,0.5, 18.0
"Cortland County, New York(7)",36023,Rural,130.1 ,112.2, 150.3,N/A , N/A , N/A,40,falling,-2.3 ,-3.8, -0.7
"Yellow Medicine County, Minnesota(2)",27173,Rural,130.1 ,93.6, 177.5,N/A , N/A , N/A,9,stable,-2.9 ,-6.1, 0.0
"Missoula County, Montana(2)",30063,Urban,130.1 ,118.4, 142.7,N/A , N/A , N/A,97,rising,5.4 ,0.9, 15.3
"Allegany County, Maryland(2)",24001,Rural,130.1 ,116.2, 145.3,N/A , N/A , N/A,66,stable,-0.6 ,-2.2, 1.0
"Caswell County, North Carolina(2)",37033,Rural,130 ,107.4, 156.9,N/A , N/A , N/A,25,falling,-1.8 ,-3.5, -0.1
"York County, Virginia(2)",51199,Urban,130 ,115.3, 146.2,N/A , N/A , N/A,59,stable,1.8 ,-1.4, 8.8
"Garza County, Texas(7)",48169,Urban,130 ,73.2, 213.3,N/A , N/A , N/A,3,*,*,*,*
"Gregg County, Texas(7)",48183,Urban,130 ,118, 142.8,N/A , N/A , N/A,92,stable,-0.1 ,-3.2, 7.2
"La Plata County, Colorado(2)",08067,Rural,129.8 ,113.9, 147.6,N/A , N/A , N/A,54,rising,9.0 ,4.7, 17.4
"Champaign County, Ohio(2)",39021,Rural,129.7 ,111.2, 150.8,N/A , N/A , N/A,36,stable,14.1 ,0.0, 25.9
"Mineral County, West Virginia(2)",54057,Rural,129.7 ,108.4, 154.6,N/A , N/A , N/A,27,stable,11.4 ,-1.5, 28.6
"Davidson County, Tennessee(2)",47037,Urban,129.7 ,124.1, 135.5,N/A , N/A , N/A,444,rising,2.1 ,0.2, 6.6
"Wayne County, Missouri(2)",29223,Rural,129.7 ,99.8, 168.3,N/A , N/A , N/A,13,stable,2.3 ,-0.9, 6.0
"Muscatine County, Iowa(7)",19139,Rural,129.7 ,111.5, 150.3,N/A , N/A , N/A,39,stable,-1.0 ,-2.0, 0.1
"Screven County, Georgia(7)",13251,Rural,129.7 ,99.8, 167.1,N/A , N/A , N/A,14,stable,0.4 ,-1.2, 2.3
"Caddo County, Oklahoma(2)",40015,Rural,129.7 ,104.9, 158.6,N/A , N/A , N/A,20,stable,-0.5 ,-2.2, 1.1
"Garrett County, Maryland(2)",24023,Rural,129.7 ,109.2, 153.5,N/A , N/A , N/A,31,rising,7.0 ,0.3, 16.4
"Gaston County, North Carolina(2)",37071,Urban,129.6 ,121.1, 138.6,N/A , N/A , N/A,183,rising,2.9 ,1.3, 5.5
"Will County, Illinois(7)",17197,Urban,129.6 ,124.4, 134.9,N/A , N/A , N/A,518,falling,-1.9 ,-2.8, -0.9
"Douglas County, Minnesota(2)",27041,Rural,129.6 ,112.6, 148.9,N/A , N/A , N/A,44,stable,5.9 ,-1.5, 21.2
"Lucas County, Ohio(2)",39095,Urban,129.6 ,123.4, 136,N/A , N/A , N/A,351,rising,2.9 ,0.6, 8.5
"Morgan County, Illinois(7)",17137,Rural,129.5 ,109.7, 152.3,N/A , N/A , N/A,32,stable,-0.6 ,-2.6, 1.6
"Lee County, North Carolina(2)",37105,Rural,129.5 ,113.8, 146.9,N/A , N/A , N/A,52,stable,-1.3 ,-3.7, 1.3
"Bamberg County, South Carolina(2)",45009,Rural,129.5 ,100.3, 166.5,N/A , N/A , N/A,14,falling,-2.7 ,-4.3, -1.2
"Audubon County, Iowa(7)",19009,Rural,129.5 ,88.4, 188.5,N/A , N/A , N/A,7,stable,-0.7 ,-2.5, 1.0
"Cabarrus County, North Carolina(2)",37025,Urban,129.5 ,120.4, 139.1,N/A , N/A , N/A,160,stable,-3.9 ,-9.5, 1.6
"Lowndes County, Mississippi(2)",28087,Rural,129.4 ,112.6, 148.3,N/A , N/A , N/A,45,falling,-3.0 ,-5.3, -0.8
"Wood County, Ohio(2)",39173,Urban,129.4 ,118, 141.7,N/A , N/A , N/A,101,stable,3.5 ,-0.9, 14.5
"Manitowoc County, Wisconsin(2)",55071,Rural,129.4 ,117.1, 142.9,N/A , N/A , N/A,87,stable,4.7 ,-0.2, 15.5
"Ogemaw County, Michigan(2)",26129,Rural,129.4 ,107.8, 155.4,N/A , N/A , N/A,27,stable,-1.3 ,-4.1, 1.5
"Troup County, Georgia(7)",13285,Rural,129.3 ,113.5, 146.9,N/A , N/A , N/A,52,rising,3.1 ,0.4, 9.9
"Fredericksburg City, Virginia(2)",51630,Urban,129.3 ,102, 161.6,N/A , N/A , N/A,17,falling,-5.2 ,-8.0, -2.7
"Jefferson County, New York(7)",36045,Urban,129.2 ,116.9, 142.5,N/A , N/A , N/A,84,stable,1.9 ,-1.8, 9.5
"Brown County, Wisconsin(2)",55009,Urban,129.2 ,121.4, 137.5,N/A , N/A , N/A,216,stable,2.5 ,-0.9, 9.4
"Harford County, Maryland(2)",24025,Urban,129.1 ,121.4, 137.3,N/A , N/A , N/A,223,stable,0.0 ,-1.9, 3.9
"Terry County, Texas(7)",48445,Rural,129.1 ,92.1, 176.2,N/A , N/A , N/A,8,stable,-2.5 ,-5.8, 0.7
"Clallam County, Washington(7)",53009,Rural,129.1 ,117.9, 141.5,N/A , N/A , N/A,106,rising,5.1 ,2.2, 9.7
"Hancock County, Iowa(7)",19081,Rural,129.1 ,97.5, 169.6,N/A , N/A , N/A,12,stable,-1.5 ,-2.9, 0.0
"Tallapoosa County, Alabama(2)",01123,Rural,129.1 ,112.3, 148.1,N/A , N/A , N/A,45,stable,-1.1 ,-3.2, 1.1
"Wayne County, Georgia(7)",13305,Rural,129 ,106.3, 155.4,N/A , N/A , N/A,24,rising,9.5 ,0.9, 24.2
"Shelby County, Iowa(7)",19165,Rural,129 ,97.9, 168.5,N/A , N/A , N/A,13,stable,-1.0 ,-2.5, 0.5
"Duchesne County, Utah(7)",49013,Rural,129 ,98.9, 165.5,N/A , N/A , N/A,13,falling,-1.9 ,-3.2, -0.2
"Pasquotank County, North Carolina(2)",37139,Rural,128.8 ,109.6, 150.7,N/A , N/A , N/A,34,falling,-2.2 ,-3.5, -0.8
"McLennan County, Texas(7)",48309,Urban,128.8 ,120.4, 137.6,N/A , N/A , N/A,184,stable,3.1 ,-1.4, 12.5
"Koochiching County, Minnesota(2)",27071,Rural,128.7 ,101, 164.3,N/A , N/A , N/A,16,stable,-1.7 ,-4.1, 0.8
"St. Lawrence County, New York(7)",36089,Rural,128.7 ,117.1, 141.1,N/A , N/A , N/A,97,falling,-2.3 ,-3.4, -1.0
"Nelson County, Kentucky(7)",21179,Urban,128.6 ,109.8, 150,N/A , N/A , N/A,37,stable,8.9 ,-1.0, 20.2
"Johnston County, North Carolina(2)",37101,Urban,128.6 ,119.2, 138.5,N/A , N/A , N/A,155,stable,0.8 ,-1.2, 5.7
"Benton County, Mississippi(2)",28009,Urban,128.5 ,88.5, 182.7,N/A , N/A , N/A,7,stable,0.1 ,-3.8, 4.2
"Allegany County, New York(7)",36003,Rural,128.5 ,111.8, 147.4,N/A , N/A , N/A,45,stable,-1.1 ,-2.4, 0.4
"Barnstable County, Massachusetts(2)",25001,Urban,128.5 ,121.8, 135.6,N/A , N/A , N/A,308,stable,1.3 ,-2.9, 10.4
"Des Moines County, Iowa(7)",19057,Rural,128.5 ,110.4, 149,N/A , N/A , N/A,38,stable,-1.2 ,-2.4, 0.1
"Burt County, Nebraska(2)",31021,Rural,128.4 ,87.3, 185.3,N/A , N/A , N/A,7,stable,0.1 ,-2.9, 3.0
"Sheboygan County, Wisconsin(2)",55117,Urban,128.4 ,117.7, 140,N/A , N/A , N/A,112,rising,3.3 ,0.1, 10.9
"Greenville County, South Carolina(2)",45045,Urban,128.4 ,122.8, 134.2,N/A , N/A , N/A,409,stable,1.7 ,-0.4, 6.2
"Redwood County, Minnesota(2)",27127,Rural,128.3 ,99.9, 163.3,N/A , N/A , N/A,15,stable,5.9 ,-3.9, 24.6
"Claiborne County, Mississippi(2)",28021,Rural,128.3 ,85, 186.7,N/A , N/A , N/A,6,falling,-5.4 ,-9.9, -1.5
"Sumter County, South Carolina(2)",45085,Urban,128.3 ,115.8, 141.9,N/A , N/A , N/A,81,falling,-3.0 ,-4.9, -1.2
"Ward County, North Dakota(2)",38101,Urban,128.2 ,112.1, 146,N/A , N/A , N/A,48,falling,-3.9 ,-6.6, -1.4
"Oswego County, New York(7)",36075,Urban,128.2 ,117.2, 140.1,N/A , N/A , N/A,108,stable,2.4 ,-3.0, 12.3
"Whitley County, Indiana(2)",18183,Urban,128.2 ,107.8, 151.8,N/A , N/A , N/A,30,rising,16.2 ,4.6, 41.0
"Story County, Iowa(7)",19169,Urban,128.2 ,113.7, 144,N/A , N/A , N/A,60,falling,-1.5 ,-2.5, -0.3
"Franklin County, New York(7)",36033,Rural,128.2 ,111.2, 147.2,N/A , N/A , N/A,44,stable,-1.6 ,-3.4, 0.4
"Rapides Parish, Louisiana(7)",22079,Urban,128.1 ,116.8, 140.3,N/A , N/A , N/A,99,falling,-2.4 ,-8.4, -0.2
"Henderson County, Illinois(7)",17071,Rural,128.1 ,87.8, 184.7,N/A , N/A , N/A,7,rising,14.3 ,6.6, 35.1
"Person County, North Carolina(2)",37145,Urban,128 ,109.7, 148.9,N/A , N/A , N/A,38,stable,8.0 ,-0.6, 21.6
"Adair County, Iowa(7)",19001,Rural,128 ,90.3, 179,N/A , N/A , N/A,8,falling,-1.8 ,-3.4, -0.3
"Juab County, Utah(7)",49023,Urban,128 ,89.6, 177.6,N/A , N/A , N/A,7,*,*,*,*
"Macomb County, Michigan(2)",26099,Urban,128 ,123.8, 132.3,N/A , N/A , N/A,745,stable,-1.6 ,-6.4, 3.3
"Johnson County, Texas(7)",48251,Urban,127.9 ,117.8, 138.8,N/A , N/A , N/A,127,rising,3.6 ,0.8, 9.6
"Chatham County, Georgia(7)",13051,Urban,127.9 ,120.3, 135.9,N/A , N/A , N/A,221,stable,-0.6 ,-1.4, 0.2
"Hendricks County, Indiana(2)",18063,Urban,127.9 ,117.8, 138.6,N/A , N/A , N/A,128,stable,1.7 ,-0.1, 7.5
"Chelan County, Washington(2)",53007,Urban,127.8 ,114.8, 142.1,N/A , N/A , N/A,75,falling,-3.2 ,-4.5, -1.9
"Freestone County, Texas(7)",48161,Rural,127.8 ,103, 157.6,N/A , N/A , N/A,19,stable,-0.9 ,-3.3, 1.8
"Ravalli County, Montana(2)",30081,Rural,127.8 ,112.6, 145.1,N/A , N/A , N/A,56,stable,3.6 ,-1.0, 14.5
"Hamilton County, Ohio(2)",39061,Urban,127.8 ,123.2, 132.5,N/A , N/A , N/A,628,rising,3.4 ,1.0, 8.1
"Hancock County, Kentucky(7)",21091,Rural,127.7 ,91.6, 175.6,N/A , N/A , N/A,8,stable,2.2 ,-0.5, 6.1
"Gem County, Idaho(7)",16045,Urban,127.7 ,104, 156.4,N/A , N/A , N/A,21,stable,-1.8 ,-3.7, 0.3
"Washington County, Illinois(7)",17189,Rural,127.7 ,99, 163.5,N/A , N/A , N/A,14,stable,-0.2 ,-3.2, 3.1
"St. Johns County, Florida(2)",12109,Urban,127.6 ,120.8, 134.9,N/A , N/A , N/A,270,rising,4.2 ,0.1, 11.8
"Calhoun County, Illinois(7)",17013,Urban,127.6 ,83.3, 194.6,N/A , N/A , N/A,5,stable,-2.2 ,-5.1, 0.8
"Wilkes County, Georgia(7)",13317,Rural,127.6 ,94.4, 171.4,N/A , N/A , N/A,10,stable,-1.2 ,-3.9, 1.7
"Berks County, Pennsylvania(2)",42011,Urban,127.6 ,121.7, 133.8,N/A , N/A , N/A,360,stable,3.0 ,0.0, 8.9
"Marinette County, Wisconsin(2)",55075,Rural,127.5 ,111.8, 145.4,N/A , N/A , N/A,51,falling,-2.3 ,-4.2, -0.4
"Wise County, Texas(7)",48497,Urban,127.5 ,112.2, 144.4,N/A , N/A , N/A,55,rising,7.5 ,0.9, 21.7
"Talbot County, Maryland(2)",24041,Rural,127.4 ,110.2, 147.2,N/A , N/A , N/A,44,stable,-1.7 ,-4.4, 1.0
"Randolph County, West Virginia(2)",54083,Rural,127.4 ,107.4, 150.6,N/A , N/A , N/A,30,stable,-0.1 ,-3.6, 3.9
"Sevier County, Tennessee(2)",47155,Rural,127.4 ,115.6, 140.1,N/A , N/A , N/A,93,stable,-1.5 ,-3.4, 0.6
"Madison County, Missouri(2)",29123,Rural,127.4 ,95.3, 167.7,N/A , N/A , N/A,11,stable,1.5 ,-20.4, 26.2
"Pickens County, Georgia(7)",13227,Urban,127.3 ,108.3, 149.3,N/A , N/A , N/A,36,falling,-2.2 ,-3.8, -0.4
"Hill County, Texas(7)",48217,Rural,127.3 ,108.7, 148.6,N/A , N/A , N/A,35,rising,7.3 ,0.4, 24.6
"Ringgold County, Iowa(7)",19159,Rural,127.3 ,82.6, 193.5,N/A , N/A , N/A,5,stable,2.4 ,-1.4, 20.1
"Grady County, Georgia(7)",13131,Rural,127.3 ,104.6, 154,N/A , N/A , N/A,23,stable,4.2 ,-1.2, 20.6
"Oneida County, Idaho(7)",16071,Rural,127.2 ,77.5, 201.5,N/A , N/A , N/A,4,*,*,*,*
"Marshall County, Kentucky(7)",21157,Rural,127.2 ,107.6, 149.9,N/A , N/A , N/A,32,stable,-0.6 ,-2.7, 1.7
"Olmsted County, Minnesota(2)",27109,Urban,127.2 ,117.1, 138,N/A , N/A , N/A,122,rising,5.0 ,1.4, 11.2
"Noxubee County, Mississippi(2)",28103,Rural,127.2 ,91, 174.5,N/A , N/A , N/A,9,falling,-3.5 ,-6.1, -1.2
"Franklin County, Ohio(2)",39049,Urban,127.2 ,123.2, 131.3,N/A , N/A , N/A,822,falling,-1.9 ,-3.3, -0.4
"Mason County, Kentucky(7)",21161,Rural,127.2 ,97.5, 163.7,N/A , N/A , N/A,14,stable,-1.6 ,-4.1, 0.9
"Grand County, Utah(7)",49019,Rural,127.2 ,92.7, 172.3,N/A , N/A , N/A,10,stable,-1.6 ,-3.8, 0.9
"Iron County, Wisconsin(2)",55051,Rural,127.1 ,91, 181.2,N/A , N/A , N/A,9,stable,-1.6 ,-5.7, 2.7
"Fayette County, Tennessee(2)",47047,Urban,127.1 ,110.4, 146.1,N/A , N/A , N/A,45,falling,-2.2 ,-6.3, -0.5
"Perquimans County, North Carolina(2)",37143,Rural,127.1 ,99.6, 162.3,N/A , N/A , N/A,16,stable,-0.4 ,-2.4, 1.8
"Leon County, Florida(2)",12073,Urban,127 ,118.9, 135.6,N/A , N/A , N/A,192,stable,7.5 ,-1.3, 13.9
"Washington County, Kentucky(7)",21229,Rural,127 ,93.6, 169.8,N/A , N/A , N/A,10,stable,-0.2 ,-2.2, 6.5
"Columbia County, New York(7)",36021,Rural,127 ,114, 141.5,N/A , N/A , N/A,73,stable,3.7 ,-1.4, 16.7
"Craighead County, Arkansas(2)",05031,Urban,127 ,113.7, 141.4,N/A , N/A , N/A,70,stable,-0.1 ,-2.0, 2.0
"Kane County, Illinois(7)",17089,Urban,127 ,121.2, 133,N/A , N/A , N/A,385,rising,3.4 ,0.8, 9.3
"Rockingham County, New Hampshire(2)",33015,Urban,127 ,120.5, 133.8,N/A , N/A , N/A,310,falling,-2.5 ,-3.8, -1.2
"Pulaski County, Georgia(7)",13235,Rural,126.9 ,91, 174.9,N/A , N/A , N/A,9,stable,1.2 ,-2.7, 14.8
"Sarpy County, Nebraska(2)",31153,Urban,126.9 ,116.7, 137.8,N/A , N/A , N/A,122,falling,-7.7 ,-14.1, -1.4
"Sussex County, Delaware(2)",10005,Rural,126.9 ,120.3, 133.8,N/A , N/A , N/A,310,stable,2.7 ,-0.1, 7.6
"Orange County, New York(7)",36071,Urban,126.9 ,120.3, 133.8,N/A , N/A , N/A,294,rising,6.0 ,2.4, 11.8
"Taylor County, West Virginia(2)",54091,Rural,126.8 ,100.7, 158.8,N/A , N/A , N/A,17,stable,0.7 ,-2.6, 4.6
"Mecklenburg County, Virginia(2)",51117,Rural,126.8 ,108.2, 148.4,N/A , N/A , N/A,36,falling,-1.8 ,-3.3, -0.4
"Hardin County, Kentucky(7)",21093,Urban,126.8 ,114.1, 140.4,N/A , N/A , N/A,80,stable,-1.5 ,-3.1, 0.4
"Columbia County, Georgia(7)",13073,Urban,126.7 ,116.1, 138.2,N/A , N/A , N/A,112,stable,0.3 ,-0.6, 1.4
"Woodruff County, Arkansas(2)",05147,Rural,126.7 ,83.8, 187.1,N/A , N/A , N/A,6,stable,-2.9 ,-6.1, 0.0
"Jones County, Iowa(7)",19105,Urban,126.6 ,103.1, 154.7,N/A , N/A , N/A,21,falling,-1.8 ,-3.1, -0.4
"Hamilton County, Indiana(2)",18057,Urban,126.6 ,119.2, 134.4,N/A , N/A , N/A,234,falling,-8.5 ,-15.1, -2.1
"McCormick County, South Carolina(2)",45065,Rural,126.5 ,97.5, 166.8,N/A , N/A , N/A,15,stable,-1.9 ,-5.4, 1.9
"Clay County, Indiana(2)",18021,Urban,126.5 ,103.7, 153.4,N/A , N/A , N/A,23,stable,-0.9 ,-3.7, 2.0
"Red River Parish, Louisiana(7)",22081,Rural,126.5 ,86, 182.3,N/A , N/A , N/A,7,stable,-2.0 ,-5.7, 1.8
"Southampton County, Virginia(2)",51175,Rural,126.5 ,102.7, 155.5,N/A , N/A , N/A,21,stable,-0.7 ,-2.8, 1.5
"Ingham County, Michigan(2)",26065,Urban,126.4 ,118.3, 134.9,N/A , N/A , N/A,193,rising,7.0 ,0.3, 15.1
"Scott County, Iowa(7)",19163,Urban,126.4 ,117, 136.3,N/A , N/A , N/A,143,falling,-1.1 ,-1.6, -0.5
"Frederick County, Maryland(2)",24021,Urban,126.3 ,118.5, 134.5,N/A , N/A , N/A,209,rising,6.1 ,1.8, 15.9
"Paulding County, Ohio(2)",39125,Rural,126.3 ,101.3, 156.6,N/A , N/A , N/A,19,stable,-0.3 ,-3.7, 3.6
"Canyon County, Idaho(7)",16027,Urban,126.3 ,117.5, 135.6,N/A , N/A , N/A,161,stable,-3.9 ,-7.7, 1.9
"Copiah County, Mississippi(2)",28029,Urban,126.3 ,104, 152.4,N/A , N/A , N/A,24,falling,-2.4 ,-4.1, -0.8
"Orange County, North Carolina(2)",37135,Urban,126.3 ,115.3, 138.1,N/A , N/A , N/A,105,stable,4.6 ,-0.9, 16.4
"Powhatan County, Virginia(2)",51145,Urban,126.2 ,106.7, 148.9,N/A , N/A , N/A,32,rising,6.3 ,0.4, 20.3
"Richmond County, New York(7)",36085,Urban,126.2 ,120.5, 132.2,N/A , N/A , N/A,389,rising,3.2 ,1.2, 6.0
"Calhoun County, Michigan(2)",26025,Urban,126.2 ,115.8, 137.4,N/A , N/A , N/A,115,rising,10.1 ,6.8, 14.3
"New Kent County, Virginia(2)",51127,Urban,126.2 ,102, 155.1,N/A , N/A , N/A,22,stable,-2.3 ,-4.9, 0.6
"Daviess County, Indiana(2)",18027,Rural,126.2 ,104.1, 151.8,N/A , N/A , N/A,24,stable,-1.0 ,-4.0, 2.2
"Green County, Kentucky(7)",21087,Rural,126.2 ,94.5, 167,N/A , N/A , N/A,11,stable,-0.6 ,-2.9, 2.1
"Anchorage Borough, Alaska(2)",02020,Urban,126.1 ,117.6, 135.1,N/A , N/A , N/A,189,stable,3.8 ,-0.9, 13.8
"Upson County, Georgia(7)",13293,Rural,126.1 ,103.7, 152.5,N/A , N/A , N/A,23,stable,-0.3 ,-2.3, 2.0
"Bracken County, Kentucky(7)",21023,Urban,126 ,87.2, 178.3,N/A , N/A , N/A,7,stable,-0.5 ,-3.3, 2.7
"Garfield County, Colorado(2)",08045,Rural,126 ,108.8, 145.2,N/A , N/A , N/A,45,stable,3.2 ,-1.9, 17.0
"Quitman County, Mississippi(2)",28119,Rural,126 ,82.4, 188.2,N/A , N/A , N/A,6,stable,2.4 ,-1.5, 6.9
"Brooke County, West Virginia(2)",54009,Urban,125.9 ,103.5, 152.7,N/A , N/A , N/A,24,rising,6.6 ,1.3, 20.0
"Deuel County, South Dakota(2)",46039,Rural,125.9 ,78.2, 197.3,N/A , N/A , N/A,4,falling,-3.9 ,-8.6, -0.1
"Victoria County, Texas(7)",48469,Urban,125.9 ,112.7, 140.3,N/A , N/A , N/A,69,rising,7.7 ,2.4, 17.2
"Chatham County, North Carolina(2)",37037,Urban,125.8 ,113.8, 139.1,N/A , N/A , N/A,82,stable,2.5 ,-0.5, 9.6
"Mason County, Illinois(7)",17125,Rural,125.8 ,96.7, 162.5,N/A , N/A , N/A,13,stable,-1.9 ,-3.9, 0.0
"Roanoke City, Virginia(2)",51770,Urban,125.8 ,112.8, 139.8,N/A , N/A , N/A,75,stable,5.1 ,-0.1, 15.0
"New Hanover County, North Carolina(2)",37129,Urban,125.7 ,117.6, 134.3,N/A , N/A , N/A,185,stable,-0.6 ,-2.0, 0.9
"Dickson County, Tennessee(2)",47043,Urban,125.7 ,108.7, 144.7,N/A , N/A , N/A,42,stable,-0.2 ,-1.9, 1.6
"Cerro Gordo County, Iowa(7)",19033,Rural,125.7 ,108.8, 144.8,N/A , N/A , N/A,43,falling,-0.9 ,-1.7, -0.1
"Bland County, Virginia(2)",51021,Rural,125.7 ,86.1, 182.1,N/A , N/A , N/A,7,stable,-2.9 ,-8.6, 2.6
"Harrison County, Mississippi(2)",28047,Urban,125.6 ,116.7, 135.1,N/A , N/A , N/A,157,rising,1.9 ,0.2, 5.0
"Wood County, West Virginia(2)",54107,Urban,125.6 ,113.2, 139.2,N/A , N/A , N/A,78,rising,8.7 ,3.8, 17.9
"Wilkinson County, Georgia(7)",13319,Rural,125.5 ,88.6, 175,N/A , N/A , N/A,8,falling,-3.3 ,-5.7, -0.9
"Madison County, Ohio(2)",39097,Urban,125.5 ,107.5, 145.9,N/A , N/A , N/A,36,stable,-0.7 ,-2.7, 1.5
"Marion County, Illinois(7)",17121,Rural,125.5 ,106.9, 146.8,N/A , N/A , N/A,34,stable,-0.1 ,-1.8, 5.5
"Bartow County, Georgia(7)",13015,Urban,125.4 ,112.8, 139.2,N/A , N/A , N/A,80,rising,6.5 ,0.9, 16.5
"St. Marys County, Maryland(2)",24037,Urban,125.4 ,113.3, 138.4,N/A , N/A , N/A,84,stable,2.6 ,-0.4, 11.0
"Hamblen County, Tennessee(2)",47063,Urban,125.3 ,110.1, 142.1,N/A , N/A , N/A,51,stable,0.2 ,-1.6, 2.2
"Ohio County, West Virginia(2)",54069,Urban,125.3 ,107.6, 145.4,N/A , N/A , N/A,39,falling,-2.5 ,-4.6, -0.5
"Lumpkin County, Georgia(7)",13187,Urban,125.3 ,105.1, 148.7,N/A , N/A , N/A,29,stable,-1.1 ,-2.5, 0.7
"Wayne County, Indiana(2)",18177,Rural,125.3 ,110.7, 141.3,N/A , N/A , N/A,56,stable,-0.8 ,-2.5, 0.9
"Fort Bend County, Texas(7)",48157,Urban,125.2 ,120.1, 130.5,N/A , N/A , N/A,520,stable,-4.1 ,-8.1, 1.2
"DeSoto County, Mississippi(2)",28033,Urban,125.2 ,115.3, 135.9,N/A , N/A , N/A,125,falling,-8.0 ,-13.8, -0.2
"Alamance County, North Carolina(2)",37001,Urban,125.2 ,115.6, 135.4,N/A , N/A , N/A,131,falling,-2.2 ,-4.0, -0.5
"Rutherford County, North Carolina(2)",37161,Rural,125.2 ,111.3, 140.6,N/A , N/A , N/A,63,stable,-0.7 ,-2.6, 1.4
"Tazewell County, Illinois(7)",17179,Urban,125.2 ,114.9, 136.2,N/A , N/A , N/A,114,rising,3.3 ,0.5, 8.6
"Sussex County, New Jersey(7)",34037,Urban,125.2 ,115.4, 135.6,N/A , N/A , N/A,135,falling,-3.1 ,-4.6, -1.5
"Philadelphia County, Pennsylvania(2)",42101,Urban,125.2 ,121.6, 128.8,N/A , N/A , N/A,1021,falling,-3.0 ,-4.3, -1.8
"Ventura County, California(7)",06111,Urban,125.2 ,120.8, 129.6,N/A , N/A , N/A,658,rising,3.6 ,1.1, 9.5
"Cleveland County, Arkansas(2)",05025,Rural,125.2 ,87.5, 176.6,N/A , N/A , N/A,7,stable,-1.9 ,-5.2, 1.5
"San Luis Obispo County, California(7)",06079,Urban,125.1 ,118.4, 132.2,N/A , N/A , N/A,270,stable,2.4 ,-0.6, 9.1
"Grays Harbor County, Washington(7)",53027,Rural,125.1 ,112.7, 138.7,N/A , N/A , N/A,81,stable,-0.5 ,-1.2, 0.5
"Loudoun County, Virginia(2)",51107,Urban,125.1 ,117.7, 132.8,N/A , N/A , N/A,236,rising,4.9 ,1.8, 11.0
"Parker County, Texas(7)",48367,Urban,125.1 ,114.9, 136,N/A , N/A , N/A,120,rising,6.0 ,0.9, 15.8
"Cook County, Illinois(7)",17031,Urban,125.1 ,123.2, 126.9,N/A , N/A , N/A,3698,rising,1.6 ,0.2, 3.3
"Burke County, Georgia(7)",13033,Urban,125 ,100.6, 154.2,N/A , N/A , N/A,20,stable,-1.1 ,-3.4, 1.5
"Brown County, Indiana(2)",18013,Urban,125 ,99.5, 157,N/A , N/A , N/A,18,stable,-1.0 ,-4.4, 3.0
"Red Lake County, Minnesota(2)",27125,Rural,124.9 ,75.2, 201.2,N/A , N/A , N/A,4,*,*,*,*
"Suffolk City, Virginia(2)",51800,Urban,124.9 ,111.7, 139.2,N/A , N/A , N/A,71,falling,-1.8 ,-2.9, -0.7
"Poweshiek County, Iowa(7)",19157,Rural,124.8 ,99.1, 156.1,N/A , N/A , N/A,17,rising,8.6 ,0.8, 26.9
"Lee County, South Carolina(2)",45061,Rural,124.8 ,96.7, 159.4,N/A , N/A , N/A,15,falling,-20.9 ,-38.9, -1.7
"LaFourche Parish, Louisiana(7)",22057,Urban,124.8 ,112, 138.7,N/A , N/A , N/A,74,stable,-1.0 ,-2.2, 0.4
"Stone County, Mississippi(2)",28131,Urban,124.8 ,97.3, 158.2,N/A , N/A , N/A,15,stable,-2.3 ,-5.5, 1.4
"Berkshire County, Massachusetts(2)",25003,Urban,124.7 ,115.3, 134.9,N/A , N/A , N/A,138,rising,7.6 ,1.5, 19.5
"Grant County, Kentucky(7)",21081,Urban,124.7 ,97.7, 156.9,N/A , N/A , N/A,18,stable,-1.0 ,-3.4, 1.7
"Champaign County, Illinois(7)",17019,Urban,124.7 ,114.9, 135.1,N/A , N/A , N/A,127,stable,1.3 ,-1.5, 7.1
"Ottawa County, Ohio(2)",39123,Urban,124.6 ,108.6, 143.1,N/A , N/A , N/A,47,stable,3.3 ,-1.2, 13.9
"Camden County, Georgia(7)",13039,Rural,124.6 ,107.3, 144.1,N/A , N/A , N/A,40,stable,5.6 ,-3.7, 16.1
"Fauquier County, Virginia(2)",51061,Urban,124.6 ,110.8, 139.8,N/A , N/A , N/A,63,stable,2.2 ,-1.4, 12.2
"Pawnee County, Oklahoma(2)",40117,Urban,124.6 ,97.3, 158.3,N/A , N/A , N/A,15,stable,-0.1 ,-3.3, 3.4
"Stevens County, Minnesota(2)",27149,Rural,124.6 ,85.8, 175.5,N/A , N/A , N/A,7,stable,-2.5 ,-6.8, 1.5
"Hot Spring County, Arkansas(2)",05059,Rural,124.5 ,105.1, 146.9,N/A , N/A , N/A,30,stable,-0.7 ,-3.3, 2.0
"Hancock County, Indiana(2)",18059,Urban,124.5 ,110.8, 139.5,N/A , N/A , N/A,63,rising,4.6 ,2.2, 12.4
"Mason County, Washington(7)",53045,Rural,124.5 ,111.5, 138.9,N/A , N/A , N/A,73,falling,-1.9 ,-2.7, -1.1
"Santa Rosa County, Florida(2)",12113,Urban,124.5 ,115.5, 134.1,N/A , N/A , N/A,152,rising,5.7 ,0.6, 13.3
"Todd County, South Dakota(2)",46121,Rural,124.5 ,67.6, 206,N/A , N/A , N/A,3,stable,-1.6 ,-6.7, 3.6
"Wilkin County, Minnesota(2)",27167,Rural,124.5 ,84.1, 180.4,N/A , N/A , N/A,6,stable,-1.1 ,-3.9, 1.7
"Fulton County, Arkansas(2)",05049,Rural,124.4 ,96.5, 160.3,N/A , N/A , N/A,14,stable,-0.9 ,-4.1, 2.3
"Multnomah County, Oregon(2)",41051,Urban,124.4 ,119.6, 129.4,N/A , N/A , N/A,546,stable,4.5 ,-0.1, 11.6
"McDowell County, North Carolina(2)",37111,Rural,124.4 ,107.9, 143.1,N/A , N/A , N/A,43,stable,8.8 ,-0.6, 22.9
"Tallahatchie County, Mississippi(2)",28135,Rural,124.4 ,91.1, 166.6,N/A , N/A , N/A,10,stable,-1.5 ,-3.9, 0.9
"Putnam County, New York(7)",36079,Urban,124.4 ,112.8, 136.9,N/A , N/A , N/A,90,rising,7.4 ,2.3, 16.5
"Edmunds County, South Dakota(2)",46045,Rural,124.3 ,77.3, 196.8,N/A , N/A , N/A,4,stable,0.6 ,-3.6, 5.4
"Brazoria County, Texas(7)",48039,Urban,124.3 ,117, 132,N/A , N/A , N/A,238,falling,-5.3 ,-9.0, -0.9
"York County, South Carolina(2)",45091,Urban,124.3 ,116.5, 132.5,N/A , N/A , N/A,203,falling,-2.7 ,-3.8, -1.5
"Chisago County, Minnesota(2)",27025,Urban,124.3 ,108.7, 141.6,N/A , N/A , N/A,49,rising,7.9 ,1.6, 19.4
"Gloucester County, Virginia(2)",51073,Urban,124.3 ,106.4, 144.7,N/A , N/A , N/A,38,stable,6.2 ,-0.2, 16.5
"Boone County, Kentucky(7)",21015,Urban,124.2 ,112.7, 136.6,N/A , N/A , N/A,95,stable,-1.5 ,-2.8, 0.2
"Pender County, North Carolina(2)",37141,Urban,124.2 ,109, 141.1,N/A , N/A , N/A,52,stable,-0.5 ,-2.0, 1.2
"Jackson County, Wisconsin(2)",55053,Rural,124.2 ,100.6, 152.2,N/A , N/A , N/A,21,stable,-1.3 ,-3.5, 0.9
"Lake County, Indiana(2)",18089,Urban,124.1 ,118.5, 129.9,N/A , N/A , N/A,395,falling,-5.4 ,-9.0, -1.7
"Meeker County, Minnesota(2)",27093,Rural,124.1 ,102.5, 149.7,N/A , N/A , N/A,24,stable,-1.8 ,-4.1, 0.4
"Onslow County, North Carolina(2)",37133,Urban,124.1 ,112.8, 136.1,N/A , N/A , N/A,95,stable,1.8 ,-5.4, 10.8
"Warren County, New Jersey(7)",34041,Urban,124 ,113, 136,N/A , N/A , N/A,99,falling,-2.6 ,-4.2, -0.9
"Branch County, Michigan(2)",26023,Rural,124 ,107, 143.2,N/A , N/A , N/A,41,rising,14.3 ,2.4, 39.8
"Jackson County, Minnesota(2)",27063,Rural,124 ,91.8, 165.9,N/A , N/A , N/A,10,falling,-2.6 ,-5.1, -0.3
"Platte County, Wyoming(2)",56031,Rural,123.9 ,92.2, 166.6,N/A , N/A , N/A,11,stable,-2.4 ,-6.2, 1.4
"Delta County, Michigan(2)",26041,Rural,123.9 ,107.2, 143,N/A , N/A , N/A,42,stable,-0.9 ,-3.4, 1.8
"Jefferson County, Texas(7)",48245,Urban,123.8 ,115.7, 132.4,N/A , N/A , N/A,184,rising,4.5 ,1.4, 11.7
"McHenry County, Illinois(7)",17111,Urban,123.8 ,116.7, 131.2,N/A , N/A , N/A,249,rising,4.4 ,2.3, 7.4
"Wasatch County, Utah(7)",49051,Rural,123.8 ,101.6, 149.5,N/A , N/A , N/A,25,falling,-2.7 ,-3.7, -1.3
"Gilmer County, Georgia(7)",13123,Rural,123.7 ,106.3, 144.1,N/A , N/A , N/A,39,stable,-0.1 ,-2.1, 2.6
"Boone County, Arkansas(2)",05009,Rural,123.7 ,105.6, 144.4,N/A , N/A , N/A,34,falling,-2.6 ,-4.3, -0.9
"Bossier Parish, Louisiana(7)",22015,Urban,123.7 ,112.1, 136.2,N/A , N/A , N/A,88,falling,-2.5 ,-4.2, -0.7
"Reynolds County, Missouri(2)",29179,Rural,123.6 ,84.9, 178.5,N/A , N/A , N/A,7,*,*,*,*
"Montgomery County, Iowa(7)",19137,Rural,123.6 ,90.7, 166.6,N/A , N/A , N/A,10,stable,0.5 ,-1.0, 3.4
"Catoosa County, Georgia(7)",13047,Urban,123.6 ,109.1, 139.6,N/A , N/A , N/A,54,rising,13.1 ,1.2, 26.8
"Meade County, South Dakota(2)",46093,Urban,123.6 ,101.8, 149,N/A , N/A , N/A,25,stable,8.4 ,-1.0, 24.1
"DuPage County, Illinois(7)",17043,Urban,123.6 ,119.5, 127.8,N/A , N/A , N/A,730,rising,2.3 ,0.1, 5.9
"Dubuque County, Iowa(7)",19061,Urban,123.5 ,111.4, 136.7,N/A , N/A , N/A,80,stable,-1.8 ,-2.7, 1.0
"Polk County, Florida(2)",12105,Urban,123.5 ,119.2, 127.9,N/A , N/A , N/A,637,stable,0.9 ,-4.4, 5.9
"Geauga County, Ohio(2)",39055,Urban,123.4 ,112.2, 135.5,N/A , N/A , N/A,95,rising,5.7 ,2.5, 11.8
"Waushara County, Wisconsin(2)",55137,Rural,123.3 ,103.4, 147,N/A , N/A , N/A,30,stable,-1.2 ,-8.3, 5.3
"Lee County, Iowa(7)",19111,Rural,123.3 ,104.4, 145.2,N/A , N/A , N/A,32,falling,-1.4 ,-2.5, -0.2
"Franklin County, Kentucky(7)",21073,Rural,123.2 ,106.6, 141.9,N/A , N/A , N/A,42,rising,5.9 ,1.5, 15.7
"Franklin County, Maine(2)",23007,Rural,123.2 ,104, 145.7,N/A , N/A , N/A,32,stable,4.6 ,-2.9, 24.3
"Early County, Georgia(7)",13099,Rural,123.2 ,88.8, 168.2,N/A , N/A , N/A,9,falling,-4.9 ,-8.1, -2.8
"Wilcox County, Georgia(7)",13315,Rural,123.2 ,88.2, 168.8,N/A , N/A , N/A,8,stable,0.9 ,-1.5, 3.9
"Clark County, Kentucky(7)",21049,Urban,123.1 ,103.9, 145.2,N/A , N/A , N/A,30,rising,9.8 ,2.3, 21.9
"Chippewa County, Wisconsin(2)",55017,Urban,123.1 ,109.4, 138.3,N/A , N/A , N/A,62,stable,3.0 ,-0.1, 9.4
"Potter County, Texas(7)",48375,Urban,123.1 ,110.8, 136.4,N/A , N/A , N/A,77,falling,-2.3 ,-3.6, -0.9
"Gaines County, Texas(7)",48165,Rural,123.1 ,88.7, 165.6,N/A , N/A , N/A,9,rising,8.3 ,2.1, 24.3
"Stephens County, Georgia(7)",13257,Rural,123.1 ,101.8, 148.2,N/A , N/A , N/A,25,stable,-1.5 ,-3.3, 0.5
"White County, Georgia(7)",13311,Rural,123 ,103.4, 146.1,N/A , N/A , N/A,29,rising,3.5 ,1.0, 7.3
"Hillsborough County, Florida(2)",12057,Urban,123 ,119.5, 126.5,N/A , N/A , N/A,1011,stable,2.0 ,-0.1, 6.9
"Houston County, Minnesota(2)",27055,Urban,122.9 ,99.4, 151.6,N/A , N/A , N/A,20,stable,-2.5 ,-5.4, 0.3
"Sabine Parish, Louisiana(7)",22085,Rural,122.9 ,100.3, 150,N/A , N/A , N/A,21,falling,-2.9 ,-4.7, -1.2
"Lake County, Montana(2)",30047,Rural,122.9 ,104.8, 144,N/A , N/A , N/A,35,stable,-1.6 ,-3.2, 0.2
"Caldwell County, North Carolina(2)",37027,Urban,122.9 ,110.5, 136.5,N/A , N/A , N/A,76,rising,7.3 ,0.7, 14.4
"Allen County, Ohio(2)",39003,Urban,122.9 ,111.1, 135.7,N/A , N/A , N/A,85,falling,-6.2 ,-13.6, -1.4
"Aitkin County, Minnesota(2)",27001,Rural,122.9 ,101.7, 150.1,N/A , N/A , N/A,25,rising,6.1 ,1.5, 16.6
"Denton County, Texas(7)",48121,Urban,122.8 ,117.8, 128,N/A , N/A , N/A,516,rising,3.2 ,1.9, 5.4
"Strafford County, New Hampshire(2)",33017,Urban,122.8 ,112, 134.6,N/A , N/A , N/A,101,stable,-1.3 ,-2.8, 0.4
"Livingston Parish, Louisiana(7)",22063,Urban,122.8 ,111.9, 134.6,N/A , N/A , N/A,98,stable,-1.4 ,-2.8, 0.4
"Burke County, North Carolina(2)",37023,Urban,122.8 ,111, 135.7,N/A , N/A , N/A,83,stable,2.9 ,-1.0, 13.4
"Washtenaw County, Michigan(2)",26161,Urban,122.8 ,115.9, 130,N/A , N/A , N/A,253,falling,-3.1 ,-4.2, -2.0
"Hampton County, South Carolina(2)",45049,Rural,122.7 ,96.1, 155,N/A , N/A , N/A,16,falling,-3.1 ,-5.2, -1.0
"Spartanburg County, South Carolina(2)",45083,Urban,122.6 ,115.7, 129.9,N/A , N/A , N/A,248,stable,5.9 ,-0.7, 10.7
"Sheridan County, Montana(2)",30091,Rural,122.6 ,74.7, 198.8,N/A , N/A , N/A,4,*,*,*,*
"Erie County, Pennsylvania(2)",42049,Urban,122.6 ,115.5, 130.1,N/A , N/A , N/A,236,falling,-1.9 ,-3.4, -0.5
"Crawford County, Georgia(7)",13079,Urban,122.6 ,92.1, 162,N/A , N/A , N/A,12,stable,0.8 ,-1.6, 4.0
"Carbon County, Utah(7)",49007,Rural,122.6 ,97.4, 153,N/A , N/A , N/A,18,falling,-1.9 ,-3.4, -0.4
"Carroll County, Illinois(7)",17015,Rural,122.5 ,97.8, 153.1,N/A , N/A , N/A,18,stable,-1.2 ,-2.8, 0.6
"Collin County, Texas(7)",48085,Urban,122.5 ,118, 127.2,N/A , N/A , N/A,618,rising,4.5 ,2.4, 7.8
"Hamilton County, New York(7)",36041,Rural,122.5 ,82.3, 188,N/A , N/A , N/A,7,stable,10.0 ,-4.5, 46.8
"Harrison County, Texas(7)",48203,Urban,122.5 ,107.9, 138.7,N/A , N/A , N/A,54,stable,0.1 ,-7.7, 6.9
"Dorchester County, South Carolina(2)",45035,Urban,122.5 ,112.3, 133.4,N/A , N/A , N/A,114,stable,4.1 ,-0.2, 12.9
"Osage County, Missouri(2)",29151,Urban,122.5 ,93, 159.5,N/A , N/A , N/A,12,falling,-3.2 ,-6.3, -0.1
"Deer Lodge County, Montana(2)",30023,Rural,122.4 ,92.8, 162.5,N/A , N/A , N/A,12,stable,-2.4 ,-5.7, 1.0
"Saline County, Nebraska(2)",31151,Rural,122.4 ,91, 161.4,N/A , N/A , N/A,11,stable,0.1 ,-4.3, 4.8
"Scurry County, Texas(7)",48415,Rural,122.4 ,92.3, 159.3,N/A , N/A , N/A,12,falling,-5.4 ,-21.1, -1.6
"Hardeman County, Tennessee(2)",47069,Rural,122.3 ,100.3, 148.3,N/A , N/A , N/A,22,stable,-13.4 ,-24.7, 0.1
"Atlantic County, New Jersey(7)",34001,Urban,122.3 ,115.3, 129.7,N/A , N/A , N/A,238,falling,-2.1 ,-3.4, -0.6
"Effingham County, Illinois(7)",17049,Rural,122.3 ,102.9, 144.7,N/A , N/A , N/A,30,falling,-2.9 ,-4.4, -1.4
"McIntosh County, North Dakota(2)",38051,Rural,122.3 ,70.5, 216.9,N/A , N/A , N/A,3,stable,-1.1 ,-6.4, 4.2
"Marin County, California(7)",06041,Urban,122.3 ,115.6, 129.3,N/A , N/A , N/A,258,rising,7.8 ,4.8, 12.0
"Meriwether County, Georgia(7)",13199,Urban,122.2 ,97.6, 152,N/A , N/A , N/A,19,stable,-0.9 ,-2.4, 0.8
"Marion County, Missouri(2)",29127,Rural,122.2 ,100.6, 147.5,N/A , N/A , N/A,24,stable,0.4 ,-2.4, 3.6
"Clarke County, Alabama(2)",01025,Rural,122.2 ,99.3, 149.6,N/A , N/A , N/A,21,stable,-1.1 ,-2.8, 0.6
"Polk County, Georgia(7)",13233,Rural,122.2 ,103.1, 144,N/A , N/A , N/A,31,rising,6.7 ,3.0, 14.6
"Marquette County, Michigan(2)",26103,Rural,122.1 ,108.7, 136.9,N/A , N/A , N/A,64,rising,6.7 ,0.2, 20.3
"Stark County, North Dakota(2)",38089,Rural,122 ,99.5, 148.1,N/A , N/A , N/A,22,stable,-0.6 ,-3.0, 2.0
"Portsmouth City, Virginia(2)",51740,Urban,122 ,108.4, 136.9,N/A , N/A , N/A,63,stable,-1.5 ,-3.3, 0.2
"Chittenden County, Vermont(2)",50007,Urban,122 ,112.1, 132.5,N/A , N/A , N/A,121,rising,10.3 ,5.7, 19.4
"Lubbock County, Texas(7)",48303,Urban,122 ,113.8, 130.5,N/A , N/A , N/A,177,falling,-2.0 ,-2.8, -1.0
"Antrim County, Michigan(2)",26009,Rural,122 ,102.8, 145.1,N/A , N/A , N/A,30,stable,3.5 ,-1.4, 14.4
"McHenry County, North Dakota(2)",38049,Urban,121.9 ,81.3, 180.6,N/A , N/A , N/A,6,stable,-4.7 ,-10.9, 0.4
"Merrimack County, New Hampshire(2)",33013,Rural,121.9 ,112.5, 131.9,N/A , N/A , N/A,134,falling,-1.8 ,-3.0, -0.5
"Steuben County, New York(7)",36101,Rural,121.9 ,110.5, 134.2,N/A , N/A , N/A,89,stable,2.5 ,-1.8, 7.6
"Hancock County, Illinois(7)",17067,Rural,121.9 ,96.8, 152.5,N/A , N/A , N/A,18,stable,6.3 ,-2.8, 20.8
"Buncombe County, North Carolina(2)",37021,Urban,121.8 ,114.8, 129.2,N/A , N/A , N/A,235,rising,3.4 ,0.8, 10.2
"Telfair County, Georgia(7)",13271,Rural,121.8 ,91.2, 160.6,N/A , N/A , N/A,11,falling,-3.1 ,-5.8, -0.2
"Clay County, South Dakota(2)",46027,Rural,121.8 ,87.1, 166.4,N/A , N/A , N/A,9,stable,-2.7 ,-5.7, 0.3
"Bailey County, Texas(7)",48017,Rural,121.8 ,77.1, 183.7,N/A , N/A , N/A,5,stable,0.2 ,-2.8, 3.5
"St. Francois County, Missouri(2)",29187,Rural,121.7 ,107.1, 137.9,N/A , N/A , N/A,53,rising,2.6 ,0.5, 8.9
"Sumner County, Tennessee(2)",47165,Urban,121.7 ,112.9, 131,N/A , N/A , N/A,151,falling,-1.6 ,-2.7, -0.3
"Washington County, Utah(7)",49053,Urban,121.7 ,113.4, 130.5,N/A , N/A , N/A,170,stable,1.8 ,-2.9, 8.0
"Ashland County, Ohio(2)",39005,Rural,121.7 ,105.9, 139.4,N/A , N/A , N/A,45,stable,3.0 ,-0.7, 13.4
"Bedford County, Tennessee(2)",47003,Rural,121.6 ,103.3, 142.4,N/A , N/A , N/A,34,stable,1.0 ,-1.0, 3.4
"Lee County, Alabama(2)",01081,Urban,121.6 ,111.3, 132.6,N/A , N/A , N/A,110,stable,-1.1 ,-2.9, 1.2
"Emery County, Utah(7)",49015,Rural,121.6 ,87, 167.1,N/A , N/A , N/A,8,stable,-0.8 ,-2.5, 1.2
"Salem City, Virginia(2)",51775,Urban,121.5 ,99, 148.2,N/A , N/A , N/A,21,stable,-1.8 ,-4.7, 1.0
"Pike County, Arkansas(2)",05109,Rural,121.5 ,89.3, 163.6,N/A , N/A , N/A,10,stable,-0.4 ,-4.8, 4.4
"Hughes County, South Dakota(2)",46065,Rural,121.5 ,94.7, 154.4,N/A , N/A , N/A,15,stable,-2.4 ,-5.4, 0.6
"Clay County, West Virginia(2)",54015,Urban,121.5 ,87.8, 167.4,N/A , N/A , N/A,9,stable,-0.9 ,-4.2, 2.7
"Baker County, Georgia(7)",13007,Rural,121.5 ,71, 208.2,N/A , N/A , N/A,4,*,*,*,*
"Martin County, Florida(2)",12085,Urban,121.5 ,113.8, 129.7,N/A , N/A , N/A,201,rising,3.5 ,1.2, 7.7
"Indian River County, Florida(2)",12061,Urban,121.5 ,114.1, 129.4,N/A , N/A , N/A,218,stable,-3.4 ,-7.8, 0.0
"Kent County, Rhode Island(2)",44003,Urban,121.4 ,112.7, 130.8,N/A , N/A , N/A,151,stable,1.1 ,-2.4, 9.6
"Neshoba County, Mississippi(2)",28099,Rural,121.3 ,98.4, 148.2,N/A , N/A , N/A,21,stable,-1.7 ,-4.5, 1.0
"Lee County, Texas(7)",48287,Rural,121.3 ,96.2, 152.1,N/A , N/A , N/A,17,stable,-0.5 ,-3.2, 2.8
"Yalobusha County, Mississippi(2)",28161,Rural,121.2 ,91.4, 159.3,N/A , N/A , N/A,12,stable,-2.3 ,-7.0, 2.2
"Jackson County, Iowa(7)",19097,Rural,121.2 ,97.6, 149.8,N/A , N/A , N/A,19,stable,-0.6 ,-1.7, 0.5
"Watauga County, North Carolina(2)",37189,Rural,121.2 ,104.7, 139.9,N/A , N/A , N/A,41,stable,-1.2 ,-3.1, 0.9
"Okmulgee County, Oklahoma(2)",40111,Urban,121.2 ,102.3, 142.9,N/A , N/A , N/A,30,falling,-2.6 ,-5.2, -0.2
"Somerset County, Pennsylvania(2)",42111,Rural,121.2 ,109, 134.5,N/A , N/A , N/A,76,stable,3.6 ,-1.4, 17.2
"Washington Parish, Louisiana(7)",22117,Rural,121.1 ,103.8, 140.7,N/A , N/A , N/A,37,falling,-2.7 ,-4.1, -1.2
"Schuyler County, Illinois(7)",17169,Rural,121.1 ,84.4, 172.1,N/A , N/A , N/A,7,stable,0.3 ,-2.6, 4.1
"Carlton County, Minnesota(2)",27017,Urban,121.1 ,102.3, 142.7,N/A , N/A , N/A,31,falling,-2.9 ,-4.8, -1.1
"Venango County, Pennsylvania(2)",42121,Rural,120.9 ,106.4, 137.3,N/A , N/A , N/A,54,falling,-2.1 ,-3.7, -0.6
"Tripp County, South Dakota(2)",46123,Rural,120.9 ,79.8, 180,N/A , N/A , N/A,6,stable,-0.4 ,-2.9, 2.2
"Boyd County, Kentucky(7)",21019,Urban,120.9 ,104.6, 139.3,N/A , N/A , N/A,41,stable,5.6 ,-1.4, 18.9
"Watonwan County, Minnesota(2)",27165,Rural,120.9 ,89.2, 161.5,N/A , N/A , N/A,10,stable,13.6 ,-2.1, 43.4
"Macon County, Illinois(7)",17115,Urban,120.9 ,109.8, 132.9,N/A , N/A , N/A,92,stable,-2.0 ,-3.5, 3.8
"Warren County, Ohio(2)",39165,Urban,120.8 ,112.8, 129.3,N/A , N/A , N/A,181,stable,3.3 ,-2.5, 14.2
"Clearfield County, Pennsylvania(2)",42033,Rural,120.8 ,108.9, 133.9,N/A , N/A , N/A,79,stable,-1.6 ,-3.3, 0.0
"Anderson County, Tennessee(2)",47001,Urban,120.8 ,108, 134.9,N/A , N/A , N/A,67,falling,-2.3 ,-4.2, -0.5
"Wayne County, Iowa(7)",19185,Rural,120.8 ,82.1, 175.1,N/A , N/A , N/A,6,falling,-2.4 ,-4.5, -0.7
"Madison County, Illinois(7)",17119,Urban,120.8 ,113.4, 128.6,N/A , N/A , N/A,210,rising,5.8 ,2.1, 14.6
"Tioga County, New York(7)",36107,Urban,120.7 ,105.6, 137.8,N/A , N/A , N/A,48,rising,4.5 ,1.1, 10.2
"King George County, Virginia(2)",51099,Rural,120.7 ,96.9, 148.8,N/A , N/A , N/A,19,falling,-2.9 ,-5.3, -0.3
"Knox County, Tennessee(2)",47093,Urban,120.7 ,114.9, 126.7,N/A , N/A , N/A,342,stable,0.8 ,-1.9, 7.2
"Dallas County, Alabama(2)",01047,Rural,120.7 ,101.5, 142.9,N/A , N/A , N/A,31,falling,-4.5 ,-13.6, -2.2
"Barron County, Wisconsin(2)",55005,Rural,120.7 ,105.3, 138.1,N/A , N/A , N/A,47,stable,-0.4 ,-3.3, 2.8
"Hanover County, Virginia(2)",51085,Urban,120.7 ,109.8, 132.5,N/A , N/A , N/A,95,stable,6.7 ,-2.1, 16.1
"Callahan County, Texas(7)",48059,Urban,120.6 ,93, 155.4,N/A , N/A , N/A,13,stable,0.4 ,-2.0, 3.3
"Coweta County, Georgia(7)",13077,Urban,120.6 ,110.2, 131.8,N/A , N/A , N/A,107,stable,-1.3 ,-2.4, 0.1
"Jackson County, West Virginia(2)",54035,Rural,120.6 ,100.1, 144.7,N/A , N/A , N/A,25,stable,3.5 ,-1.6, 15.4
"Knox County, Maine(2)",23013,Rural,120.5 ,104.9, 138.4,N/A , N/A , N/A,46,stable,6.3 ,-2.7, 23.8
"Glynn County, Georgia(7)",13127,Urban,120.5 ,108.3, 133.9,N/A , N/A , N/A,75,falling,-2.1 ,-3.3, -0.9
"Kendall County, Texas(7)",48259,Urban,120.5 ,104, 139.1,N/A , N/A , N/A,40,rising,4.3 ,1.2, 9.4
"Mills County, Iowa(7)",19129,Urban,120.5 ,92.9, 155,N/A , N/A , N/A,14,stable,-1.3 ,-2.7, 0.4
"Union County, Mississippi(2)",28145,Rural,120.4 ,97.7, 147.1,N/A , N/A , N/A,20,stable,-2.7 ,-6.8, 0.9
"Polk County, North Carolina(2)",37149,Rural,120.4 ,99.1, 146.8,N/A , N/A , N/A,24,stable,0.8 ,-1.1, 2.8
"Monroe County, Kentucky(7)",21171,Rural,120.4 ,86.6, 164.3,N/A , N/A , N/A,10,stable,-1.9 ,-5.0, 1.4
"Shelby County, Kentucky(7)",21211,Urban,120.3 ,103.4, 139.6,N/A , N/A , N/A,38,stable,-1.7 ,-3.4, 0.3
"Stoddard County, Missouri(2)",29207,Rural,120.3 ,99.8, 144.3,N/A , N/A , N/A,25,stable,0.2 ,-1.9, 2.4
"Montgomery County, Ohio(2)",39113,Urban,120.3 ,115.1, 125.7,N/A , N/A , N/A,418,stable,1.7 ,-0.2, 5.9
"Randolph County, Georgia(7)",13243,Rural,120.3 ,82.3, 175.3,N/A , N/A , N/A,7,stable,-0.6 ,-3.1, 2.4
"Randolph County, Alabama(2)",01111,Rural,120.3 ,97.6, 147.5,N/A , N/A , N/A,21,stable,-0.1 ,-2.6, 2.7
"Pike County, Georgia(7)",13231,Urban,120.3 ,94.3, 152.1,N/A , N/A , N/A,15,stable,-1.7 ,-3.8, 0.7
"Marion County, Indiana(2)",18097,Urban,120.3 ,115.7, 125,N/A , N/A , N/A,576,falling,-6.9 ,-12.4, -1.3
"Carroll County, New Hampshire(2)",33003,Rural,120.3 ,107.4, 135,N/A , N/A , N/A,69,stable,0.3 ,-2.7, 8.6
"Caroline County, Virginia(2)",51033,Rural,120.3 ,98.9, 145.1,N/A , N/A , N/A,25,falling,-3.1 ,-5.2, -1.1
"Sullivan County, New Hampshire(2)",33019,Rural,120.3 ,104.2, 138.5,N/A , N/A , N/A,44,rising,7.5 ,3.9, 12.8
"Deschutes County, Oregon(2)",41017,Urban,120.2 ,112.4, 128.6,N/A , N/A , N/A,185,stable,0.7 ,-3.1, 9.1
"Bladen County, North Carolina(2)",37017,Rural,120.1 ,100.5, 143,N/A , N/A , N/A,29,stable,-0.9 ,-2.3, 0.6
"Long County, Georgia(7)",13183,Urban,120.1 ,83, 167.4,N/A , N/A , N/A,8,stable,-0.9 ,-4.3, 3.6
"York County, Maine(2)",23031,Urban,120 ,112.5, 128,N/A , N/A , N/A,203,rising,6.2 ,1.8, 17.3
"Otsego County, Michigan(2)",26137,Rural,120 ,98.9, 145.1,N/A , N/A , N/A,24,falling,-2.7 ,-5.1, -0.3
"Chesapeake City, Virginia(2)",51550,Urban,120 ,111.7, 128.8,N/A , N/A , N/A,169,falling,-1.8 ,-3.1, -0.5
"Baxter County, Arkansas(2)",05005,Rural,120 ,105.2, 136.9,N/A , N/A , N/A,52,stable,1.6 ,-2.1, 12.8
"O'Brien County, Iowa(7)",19141,Rural,119.9 ,92, 154.7,N/A , N/A , N/A,13,stable,-1.5 ,-18.8, 8.4
"Dade County, Georgia(7)",13083,Urban,119.9 ,93.2, 152.9,N/A , N/A , N/A,15,stable,-0.4 ,-3.5, 3.0
"Marquette County, Wisconsin(2)",55077,Rural,119.8 ,95.6, 150.3,N/A , N/A , N/A,18,falling,-3.0 ,-5.7, -0.5
"Brazos County, Texas(7)",48041,Urban,119.8 ,109.4, 130.8,N/A , N/A , N/A,105,falling,-2.4 ,-3.3, -1.3
"Rutland County, Vermont(2)",50021,Rural,119.8 ,106.7, 134.4,N/A , N/A , N/A,65,stable,6.1 ,-0.4, 20.5
"Craig County, Oklahoma(2)",40035,Rural,119.7 ,90.8, 156,N/A , N/A , N/A,12,stable,-1.5 ,-4.4, 1.4
"Dallas County, Iowa(7)",19049,Urban,119.7 ,105.8, 135,N/A , N/A , N/A,56,falling,-1.6 ,-2.7, -0.2
"Newton County, Missouri(2)",29145,Urban,119.7 ,104.8, 136.4,N/A , N/A , N/A,49,stable,0.1 ,-3.7, 4.2
"Calhoun County, Mississippi(2)",28013,Rural,119.7 ,89.9, 157.5,N/A , N/A , N/A,11,falling,-7.8 ,-22.0, -3.9
"Summit County, Ohio(2)",39153,Urban,119.6 ,114.5, 124.9,N/A , N/A , N/A,441,rising,6.3 ,0.2, 13.2
"Pope County, Illinois(7)",17151,Rural,119.6 ,77.5, 192.2,N/A , N/A , N/A,5,stable,2.8 ,-0.6, 7.8
"Lewis County, Tennessee(2)",47101,Rural,119.6 ,90.8, 156.4,N/A , N/A , N/A,12,stable,-0.6 ,-4.5, 3.9
"Vermilion County, Illinois(7)",17183,Rural,119.5 ,106.4, 134,N/A , N/A , N/A,63,falling,-2.2 ,-3.6, -0.8
"Calloway County, Kentucky(7)",21035,Rural,119.5 ,100.3, 141.8,N/A , N/A , N/A,28,rising,8.3 ,2.8, 20.5
"Goodhue County, Minnesota(2)",27049,Rural,119.5 ,103.5, 137.7,N/A , N/A , N/A,42,stable,3.2 ,-3.6, 19.1
"Monroe County, Pennsylvania(2)",42089,Rural,119.5 ,111, 128.5,N/A , N/A , N/A,158,stable,2.8 ,-1.6, 12.6
"Larue County, Kentucky(7)",21123,Urban,119.5 ,90.6, 155.6,N/A , N/A , N/A,12,stable,-0.9 ,-3.2, 1.7
"Henry County, Kentucky(7)",21103,Urban,119.4 ,89, 157.6,N/A , N/A , N/A,12,stable,-2.1 ,-4.2, 0.1
"Lavaca County, Texas(7)",48285,Rural,119.4 ,95.9, 147.8,N/A , N/A , N/A,19,rising,7.4 ,0.5, 22.6
"Lac qui Parle County, Minnesota(2)",27073,Rural,119.4 ,83, 170.7,N/A , N/A , N/A,8,falling,-5.5 ,-9.4, -2.3
"Covington City, Virginia(2)",51580,Rural,119.4 ,70.3, 191.3,N/A , N/A , N/A,4,*,*,*,*
"Morgan County, Alabama(2)",01103,Urban,119.3 ,108.6, 130.9,N/A , N/A , N/A,95,falling,-2.9 ,-4.2, -1.7
"Henderson County, Texas(7)",48213,Rural,119.3 ,107.5, 132.2,N/A , N/A , N/A,80,stable,2.4 ,-1.4, 12.4
"Hancock County, Georgia(7)",13141,Rural,119.3 ,86.9, 163.3,N/A , N/A , N/A,10,falling,-3.0 ,-5.0, -0.8
"Yell County, Arkansas(2)",05149,Rural,119.3 ,94.5, 149.1,N/A , N/A , N/A,17,stable,0.0 ,-3.2, 3.3
"Lynn County, Texas(7)",48305,Urban,119.3 ,74.2, 183.9,N/A , N/A , N/A,4,*,*,*,*
"Jefferson County, Ohio(2)",39081,Urban,119.3 ,106, 134,N/A , N/A , N/A,62,rising,5.2 ,0.4, 19.1
"Marshall County, Illinois(7)",17123,Urban,119.3 ,90.7, 155.9,N/A , N/A , N/A,12,stable,-1.8 ,-4.1, 0.6
"Charlottesville City, Virginia(2)",51540,Urban,119.2 ,98.8, 142.7,N/A , N/A , N/A,26,rising,8.6 ,2.6, 21.5
"Monroe County, Arkansas(2)",05095,Rural,119.2 ,81.5, 172.4,N/A , N/A , N/A,7,stable,-1.5 ,-4.8, 1.4
"Ellis County, Texas(7)",48139,Urban,119.2 ,109.3, 129.7,N/A , N/A , N/A,121,rising,6.0 ,1.1, 12.8
"Washington County, Alabama(2)",01129,Rural,119.1 ,92.6, 152.2,N/A , N/A , N/A,14,falling,-3.7 ,-6.6, -1.2
"Stanly County, North Carolina(2)",37167,Rural,119.1 ,104.9, 135,N/A , N/A , N/A,53,stable,-0.6 ,-2.5, 1.5
"Platte County, Nebraska(2)",31141,Rural,119.1 ,99.7, 141.5,N/A , N/A , N/A,28,falling,-2.8 ,-4.4, -1.2
"Crawford County, Ohio(2)",39033,Rural,119.1 ,102.6, 137.9,N/A , N/A , N/A,39,rising,11.2 ,2.5, 29.5
"Monterey County, California(7)",06053,Urban,119.1 ,112.8, 125.7,N/A , N/A , N/A,279,rising,4.7 ,1.7, 10.8
"Wilson County, North Carolina(2)",37195,Rural,119 ,105.6, 133.8,N/A , N/A , N/A,61,falling,-1.8 ,-3.5, -0.1
"Grant County, Wisconsin(2)",55043,Rural,119 ,103, 137.1,N/A , N/A , N/A,41,rising,4.9 ,0.7, 13.2
"Tuolumne County, California(7)",06109,Rural,119 ,106.1, 133.5,N/A , N/A , N/A,66,rising,16.8 ,6.1, 30.6
"Davison County, South Dakota(2)",46035,Rural,119 ,94.5, 148.6,N/A , N/A , N/A,17,falling,-4.1 ,-6.0, -2.3
"Lyon County, Iowa(7)",19119,Rural,119 ,87.1, 159.6,N/A , N/A , N/A,10,stable,-1.1 ,-2.3, 0.2
"Worcester County, Massachusetts(2)",25027,Urban,119 ,114.8, 123.2,N/A , N/A , N/A,673,stable,3.0 ,-0.2, 10.3
"Grant County, Indiana(2)",18053,Rural,119 ,105, 134.6,N/A , N/A , N/A,54,stable,11.1 ,-2.2, 20.4
"Caroline County, Maryland(2)",24011,Rural,119 ,99.2, 141.9,N/A , N/A , N/A,27,stable,-0.4 ,-2.0, 1.3
"Cross County, Arkansas(2)",05037,Rural,119 ,91.3, 153.1,N/A , N/A , N/A,13,rising,6.5 ,1.0, 17.6
"St. Louis County, Missouri(2)",29189,Urban,119 ,115.2, 122.9,N/A , N/A , N/A,780,falling,-2.1 ,-3.1, -1.2
"Crockett County, Tennessee(2)",47033,Urban,119 ,89.4, 156.2,N/A , N/A , N/A,11,stable,1.9 ,-1.2, 5.7
"Carroll County, Mississippi(2)",28015,Rural,118.9 ,88, 159.7,N/A , N/A , N/A,10,stable,-0.6 ,-3.9, 3.1
"Escambia County, Florida(2)",12033,Urban,118.9 ,112.1, 125.9,N/A , N/A , N/A,245,stable,0.3 ,-1.3, 5.5
"Searcy County, Arkansas(2)",05129,Rural,118.8 ,84.8, 165.6,N/A , N/A , N/A,9,stable,0.2 ,-4.6, 5.3
"Putnam County, Indiana(2)",18133,Rural,118.8 ,99.7, 140.8,N/A , N/A , N/A,29,stable,-0.7 ,-3.7, 2.5
"Louisa County, Virginia(2)",51109,Rural,118.7 ,101.5, 138.6,N/A , N/A , N/A,37,falling,-2.7 ,-4.7, -0.7
"Clay County, North Carolina(2)",37043,Rural,118.7 ,91.4, 155.1,N/A , N/A , N/A,14,stable,-1.8 ,-5.1, 1.6
"Columbia County, Florida(2)",12023,Rural,118.7 ,105.6, 133.3,N/A , N/A , N/A,61,stable,-0.7 ,-2.8, 1.5
"Mitchell County, North Carolina(2)",37121,Rural,118.7 ,93.8, 150,N/A , N/A , N/A,16,stable,-1.1 ,-4.2, 2.1
"Waldo County, Maine(2)",23027,Rural,118.6 ,102, 137.7,N/A , N/A , N/A,40,stable,4.4 ,-4.1, 14.6
"Newton County, Mississippi(2)",28101,Rural,118.6 ,93.2, 149.3,N/A , N/A , N/A,15,stable,-2.3 ,-5.2, 0.6
"Wayne County, West Virginia(2)",54099,Urban,118.6 ,101.6, 138.1,N/A , N/A , N/A,36,rising,8.1 ,1.4, 23.4
"Jasper County, Missouri(2)",29097,Urban,118.6 ,107.1, 130.9,N/A , N/A , N/A,82,stable,0.2 ,-2.0, 2.7
"Juneau County, Wisconsin(2)",55057,Rural,118.5 ,99.1, 141.3,N/A , N/A , N/A,28,stable,-2.1 ,-4.4, 0.1
"Wheeler County, Texas(7)",48483,Rural,118.5 ,73.2, 185.5,N/A , N/A , N/A,4,stable,-0.5 ,-4.6, 3.8
"Yuba County, California(7)",06115,Urban,118.4 ,103.6, 134.8,N/A , N/A , N/A,50,rising,5.5 ,1.9, 14.9
"Island County, Washington(7)",53029,Rural,118.4 ,107.2, 130.7,N/A , N/A , N/A,91,falling,-1.8 ,-2.4, -1.0
"Harnett County, North Carolina(2)",37085,Rural,118.4 ,107, 130.8,N/A , N/A , N/A,83,falling,-2.3 ,-3.6, -0.9
"Carroll County, Georgia(7)",13045,Urban,118.4 ,106.6, 131.2,N/A , N/A , N/A,78,stable,4.8 ,-1.6, 14.6
"Nassau County, Florida(2)",12089,Urban,118.4 ,107.4, 130.4,N/A , N/A , N/A,91,falling,-2.1 ,-3.7, -0.4
"Plymouth County, Massachusetts(2)",25023,Urban,118.4 ,113.4, 123.6,N/A , N/A , N/A,447,stable,1.9 ,-0.7, 7.8
"St. Clair County, Michigan(2)",26147,Urban,118.3 ,109.6, 127.7,N/A , N/A , N/A,146,rising,3.6 ,0.2, 10.9
"Franklin County, Tennessee(2)",47051,Rural,118.3 ,101.7, 137.3,N/A , N/A , N/A,38,rising,3.4 ,0.6, 9.5
"Charlotte County, Virginia(2)",51037,Rural,118.3 ,89.8, 155.3,N/A , N/A , N/A,12,stable,-0.6 ,-2.8, 1.7
"Roane County, Tennessee(2)",47145,Urban,118.3 ,104.5, 133.9,N/A , N/A , N/A,56,stable,-1.2 ,-4.1, 1.8
"Kalkaska County, Michigan(2)",26079,Urban,118.3 ,94.4, 147.6,N/A , N/A , N/A,18,stable,-2.6 ,-5.9, 0.7
"Catron County, New Mexico(7)",35003,Rural,118.3 ,63.2, 216.3,N/A , N/A , N/A,5,*,*,*,*
"Putnam County, West Virginia(2)",54079,Urban,118.3 ,103.3, 135,N/A , N/A , N/A,48,stable,-1.9 ,-3.9, 0.3
"Lancaster County, Virginia(2)",51103,Rural,118.2 ,89.4, 157.6,N/A , N/A , N/A,14,falling,-2.5 ,-5.0, -0.1
"Gallatin County, Illinois(7)",17059,Rural,118.2 ,74.6, 183.7,N/A , N/A , N/A,5,*,*,*,*
"Newton County, Texas(7)",48351,Rural,118.2 ,89.8, 154.6,N/A , N/A , N/A,12,stable,-1.6 ,-4.0, 1.0
"Lake County, Ohio(2)",39085,Urban,118.1 ,110.8, 125.8,N/A , N/A , N/A,205,stable,2.5 ,-0.1, 9.2
"Washington County, Texas(7)",48477,Rural,118.1 ,100.3, 138.5,N/A , N/A , N/A,33,stable,-1.0 ,-1.9, 0.1
"Pennington County, Minnesota(2)",27113,Rural,118 ,89.2, 154.3,N/A , N/A , N/A,12,stable,-3.2 ,-7.0, 0.2
"Rockingham County, North Carolina(2)",37157,Urban,118 ,106.5, 130.6,N/A , N/A , N/A,82,stable,-1.0 ,-1.9, 0.0
"Mason County, Texas(7)",48319,Rural,118 ,75.9, 185.4,N/A , N/A , N/A,5,*,*,*,*
"Carson City, Nevada(2)",32510,Urban,118 ,103.9, 133.8,N/A , N/A , N/A,53,stable,-1.1 ,-2.8, 3.7
"Monroe County, Georgia(7)",13207,Urban,118 ,97.3, 142.4,N/A , N/A , N/A,25,falling,-3.1 ,-4.7, -1.3
"Kiowa County, Oklahoma(2)",40075,Rural,118 ,83.1, 165.1,N/A , N/A , N/A,8,falling,-2.9 ,-5.6, -0.5
"Rappahannock County, Virginia(2)",51157,Urban,118 ,83.1, 167.2,N/A , N/A , N/A,8,stable,1.1 ,-2.8, 5.5
"Richland County, South Carolina(2)",45079,Urban,118 ,111.2, 125,N/A , N/A , N/A,249,falling,-2.9 ,-4.2, -1.6
"Roseau County, Minnesota(2)",27135,Rural,117.9 ,90.7, 151.8,N/A , N/A , N/A,14,falling,-3.2 ,-5.7, -0.9
"Fluvanna County, Virginia(2)",51065,Urban,117.9 ,97.3, 142.3,N/A , N/A , N/A,24,stable,-1.2 ,-3.3, 1.0
"Fond du Lac County, Wisconsin(2)",55039,Urban,117.9 ,106.9, 129.8,N/A , N/A , N/A,89,falling,-3.1 ,-4.7, -1.5
"Nevada County, Arkansas(2)",05099,Rural,117.8 ,82.3, 165.9,N/A , N/A , N/A,7,stable,-3.2 ,-6.8, 0.1
"Sandusky County, Ohio(2)",39143,Rural,117.8 ,103.4, 133.9,N/A , N/A , N/A,52,stable,3.6 ,-1.1, 16.7
"Fulton County, Ohio(2)",39051,Urban,117.8 ,100.7, 137.4,N/A , N/A , N/A,36,stable,0.1 ,-1.4, 1.7
"Habersham County, Georgia(7)",13137,Rural,117.8 ,100.9, 137,N/A , N/A , N/A,37,falling,-2.2 ,-3.9, -0.4
"Nantucket County, Massachusetts(2)",25019,Rural,117.7 ,87.8, 155.4,N/A , N/A , N/A,11,falling,-7.4 ,-11.6, -3.6
"Fayette County, Texas(7)",48149,Rural,117.7 ,98.3, 140.9,N/A , N/A , N/A,27,stable,-1.6 ,-3.8, 0.7
"Nez Perce County, Idaho(7)",16069,Urban,117.7 ,101.4, 136.2,N/A , N/A , N/A,38,falling,-3.7 ,-5.8, -1.8
"Oconee County, Georgia(7)",13219,Urban,117.7 ,99.5, 138.5,N/A , N/A , N/A,31,stable,3.2 ,-4.4, 17.6
"Cleburne County, Alabama(2)",01029,Rural,117.7 ,90.3, 151.8,N/A , N/A , N/A,13,stable,0.8 ,-2.1, 4.4
"Benton County, Minnesota(2)",27009,Urban,117.6 ,97.5, 140.7,N/A , N/A , N/A,26,stable,3.5 ,-5.0, 16.2
"Stafford County, Virginia(2)",51179,Urban,117.6 ,106.4, 129.7,N/A , N/A , N/A,91,falling,-2.2 ,-3.7, -0.4
"Miami County, Ohio(2)",39109,Urban,117.6 ,106.7, 129.4,N/A , N/A , N/A,89,stable,7.3 ,-1.2, 20.6
"Rockwall County, Texas(7)",48397,Urban,117.6 ,104.7, 131.7,N/A , N/A , N/A,67,stable,11.4 ,-0.7, 20.9
"Claiborne County, Tennessee(2)",47025,Rural,117.6 ,98.4, 139.9,N/A , N/A , N/A,28,stable,-0.8 ,-2.9, 1.5
"Clark County, Missouri(2)",29045,Rural,117.6 ,79.7, 170.4,N/A , N/A , N/A,6,stable,1.1 ,-2.7, 5.8
"Carroll County, Ohio(2)",39019,Urban,117.5 ,97.7, 140.9,N/A , N/A , N/A,26,stable,-1.8 ,-3.9, 0.4
"Terrebonne Parish, Louisiana(7)",22109,Urban,117.5 ,105.6, 130.4,N/A , N/A , N/A,77,stable,-0.3 ,-1.1, 0.7
"Ford County, Illinois(7)",17053,Urban,117.5 ,87.8, 155,N/A , N/A , N/A,11,stable,-1.5 ,-4.7, 1.7
"Falls County, Texas(7)",48145,Urban,117.4 ,91.3, 149.7,N/A , N/A , N/A,14,stable,0.3 ,-1.7, 2.6
"Wyoming County, Pennsylvania(2)",42131,Urban,117.4 ,98.1, 140.2,N/A , N/A , N/A,27,stable,7.0 ,-3.6, 19.6
"Massac County, Illinois(7)",17127,Urban,117.4 ,90.1, 151.8,N/A , N/A , N/A,13,falling,-22.4 ,-34.3, -11.2
"Calhoun County, Arkansas(2)",05013,Rural,117.3 ,73.5, 183.7,N/A , N/A , N/A,5,stable,1.8 ,-1.2, 5.3
"Emporia City, Virginia(2)",51595,Rural,117.3 ,73.9, 180.9,N/A , N/A , N/A,5,falling,-4.7 ,-9.1, -0.9
"Kanawha County, West Virginia(2)",54039,Urban,117.3 ,109, 126.2,N/A , N/A , N/A,157,stable,-0.1 ,-4.0, 5.0
"Mackinac County, Michigan(2)",26097,Rural,117.3 ,90.1, 153.7,N/A , N/A , N/A,14,rising,16.6 ,5.7, 40.7
"Lawrence County, Kentucky(7)",21127,Urban,117.3 ,87.9, 154,N/A , N/A , N/A,13,rising,5.1 ,1.5, 16.0
"Butte County, California(7)",06007,Urban,117.3 ,109.2, 125.8,N/A , N/A , N/A,165,falling,-4.3 ,-10.0, -1.0
"Martin County, Minnesota(2)",27091,Rural,117.2 ,94.3, 145,N/A , N/A , N/A,19,stable,6.1 ,-2.5, 21.2
"Culpeper County, Virginia(2)",51047,Urban,117.2 ,101, 135.4,N/A , N/A , N/A,39,stable,0.9 ,-3.4, 14.1
"Bollinger County, Missouri(2)",29017,Urban,117.2 ,85.9, 158,N/A , N/A , N/A,10,stable,12.5 ,-1.7, 37.7
"Houston County, Alabama(2)",01069,Urban,117.2 ,105.8, 129.5,N/A , N/A , N/A,83,falling,-2.7 ,-3.9, -1.5
"Dane County, Wisconsin(2)",55025,Urban,117.1 ,111.6, 122.9,N/A , N/A , N/A,358,rising,6.8 ,4.3, 10.5
"Fergus County, Montana(2)",30027,Rural,117.1 ,88.8, 153.6,N/A , N/A , N/A,13,falling,-5.1 ,-8.1, -2.7
"Lake County, Minnesota(2)",27075,Rural,117.1 ,90.2, 152.6,N/A , N/A , N/A,14,falling,-4.5 ,-19.5, -0.5
"Gulf County, Florida(2)",12045,Rural,117.1 ,91.7, 148.7,N/A , N/A , N/A,15,stable,-1.9 ,-4.4, 0.7
"Harris County, Georgia(7)",13145,Urban,117.1 ,99, 138,N/A , N/A , N/A,32,stable,-1.5 ,-3.7, 1.4
"Fayette County, Illinois(7)",17051,Rural,117 ,93.6, 145,N/A , N/A , N/A,18,falling,-2.2 ,-3.5, -0.8
"Clay County, Illinois(7)",17025,Rural,117 ,88.4, 153.3,N/A , N/A , N/A,12,stable,-2.4 ,-4.8, 0.0
"Mercer County, Ohio(2)",39107,Rural,117 ,99.7, 136.7,N/A , N/A , N/A,35,stable,0.1 ,-1.4, 1.6
"Barrow County, Georgia(7)",13013,Urban,117 ,102.5, 133.1,N/A , N/A , N/A,52,stable,1.0 ,-1.3, 8.0
"Hart County, Kentucky(7)",21099,Rural,117 ,89.7, 150.5,N/A , N/A , N/A,14,stable,-1.1 ,-3.3, 1.4
"Eagle County, Colorado(2)",08037,Rural,117 ,100.2, 135.9,N/A , N/A , N/A,40,stable,-2.2 ,-4.4, 0.6
"Greene County, Missouri(2)",29077,Urban,117 ,109.8, 124.5,N/A , N/A , N/A,206,stable,4.4 ,-0.8, 14.0
"Sanilac County, Michigan(2)",26151,Rural,117 ,100.8, 135.5,N/A , N/A , N/A,40,falling,-1.9 ,-3.8, -0.1
"Clarendon County, South Carolina(2)",45027,Rural,116.9 ,98.9, 138.1,N/A , N/A , N/A,31,stable,-1.6 ,-3.4, 0.3
"Tipton County, Tennessee(2)",47167,Urban,116.9 ,101.4, 134.3,N/A , N/A , N/A,44,falling,-2.5 ,-5.3, -0.7
"Haywood County, North Carolina(2)",37087,Rural,116.9 ,104.2, 131,N/A , N/A , N/A,65,falling,-1.8 ,-3.3, -0.4
"King County, Washington(7)",53033,Urban,116.9 ,114.1, 119.7,N/A , N/A , N/A,1402,rising,1.9 ,0.3, 4.3
"Cherokee County, Alabama(2)",01019,Rural,116.9 ,97.4, 140.1,N/A , N/A , N/A,27,rising,20.8 ,2.3, 35.4
"Thurston County, Washington(7)",53067,Urban,116.8 ,109.8, 124.2,N/A , N/A , N/A,220,stable,-1.4 ,-1.9, 0.0
"La Crosse County, Wisconsin(2)",55063,Urban,116.8 ,106.1, 128.5,N/A , N/A , N/A,91,rising,6.0 ,2.0, 13.4
"Payne County, Oklahoma(2)",40119,Rural,116.8 ,101.6, 133.6,N/A , N/A , N/A,44,rising,9.7 ,3.7, 19.0
"Isle of Wight County, Virginia(2)",51093,Urban,116.8 ,99.5, 136.7,N/A , N/A , N/A,35,falling,-19.1 ,-28.8, -10.5
"Phillips County, Montana(2)",30071,Rural,116.8 ,72.6, 185.3,N/A , N/A , N/A,4,stable,-1.3 ,-5.4, 2.8
"Fairfax City, Virginia(2)",51600,Urban,116.7 ,90.4, 148.4,N/A , N/A , N/A,15,stable,-0.6 ,-4.5, 3.5
"McNairy County, Tennessee(2)",47109,Rural,116.7 ,94.8, 142.7,N/A , N/A , N/A,21,stable,1.7 ,-0.6, 4.3
"Fayette County, Ohio(2)",39047,Rural,116.7 ,95.1, 142.1,N/A , N/A , N/A,22,stable,-0.4 ,-3.0, 2.2
"Kittitas County, Washington(2)",53037,Rural,116.7 ,99.9, 135.9,N/A , N/A , N/A,36,stable,11.4 ,-4.5, 25.9
"Washington County, Nebraska(2)",31177,Urban,116.7 ,92.9, 145.4,N/A , N/A , N/A,18,stable,-1.8 ,-3.5, 0.1
"Madison County, Idaho(7)",16065,Rural,116.6 ,90, 148.5,N/A , N/A , N/A,14,stable,-1.5 ,-3.9, 1.2
"Dunklin County, Missouri(2)",29069,Rural,116.6 ,95.1, 142,N/A , N/A , N/A,21,rising,7.7 ,1.3, 23.6
"Amherst County, Virginia(2)",51009,Urban,116.6 ,97.9, 138.6,N/A , N/A , N/A,29,stable,5.7 ,-12.7, 29.5
"Flagler County, Florida(2)",12035,Urban,116.6 ,108.1, 125.8,N/A , N/A , N/A,149,stable,1.0 ,-1.1, 7.3
"Norfolk County, Massachusetts(2)",25021,Urban,116.6 ,112.1, 121.2,N/A , N/A , N/A,546,falling,-2.4 ,-3.4, -1.4
"Fall River County, South Dakota(2)",46047,Rural,116.6 ,85.3, 162.4,N/A , N/A , N/A,10,stable,21.5 ,-0.8, 46.4
"Fillmore County, Nebraska(2)",31059,Rural,116.5 ,75.5, 176.3,N/A , N/A , N/A,6,stable,-0.7 ,-3.8, 2.4
"Josephine County, Oregon(2)",41033,Urban,116.4 ,105.7, 128.1,N/A , N/A , N/A,93,falling,-4.9 ,-9.3, -0.1
"Vernon County, Wisconsin(2)",55123,Urban,116.4 ,97.9, 137.9,N/A , N/A , N/A,30,falling,-3.7 ,-5.4, -2.1
"Perry County, Illinois(7)",17145,Rural,116.4 ,92.8, 144.6,N/A , N/A , N/A,17,stable,-2.5 ,-5.3, 0.3
"Bristol County, Massachusetts(2)",25005,Urban,116.3 ,111.4, 121.5,N/A , N/A , N/A,441,falling,-13.8 ,-18.5, -10.1
"Pottawattamie County, Iowa(7)",19155,Urban,116.3 ,104.3, 129.4,N/A , N/A , N/A,73,falling,-1.2 ,-2.0, -0.2
"Trigg County, Kentucky(7)",21221,Urban,116.3 ,89, 150.8,N/A , N/A , N/A,13,stable,4.9 ,-2.5, 26.1
"Grand Isle County, Vermont(2)",50013,Urban,116.3 ,79.4, 168,N/A , N/A , N/A,7,stable,-1.2 ,-4.8, 2.7
"Bastrop County, Texas(7)",48021,Urban,116.3 ,104, 129.7,N/A , N/A , N/A,72,stable,4.1 ,-0.5, 13.8
"Butler County, Missouri(2)",29023,Rural,116.2 ,99, 136,N/A , N/A , N/A,33,stable,-0.1 ,-2.0, 2.0
"Emmons County, North Dakota(2)",38029,Rural,116.2 ,68, 197.4,N/A , N/A , N/A,4,*,*,*,*
"Walker County, Texas(7)",48471,Rural,116.2 ,102.3, 131.6,N/A , N/A , N/A,55,stable,5.8 ,-1.4, 20.1
"Buena Vista City, Virginia(2)",51530,Rural,116.2 ,74.1, 176,N/A , N/A , N/A,5,rising,13.0 ,0.8, 48.5
"Cedar County, Nebraska(2)",31027,Rural,116.2 ,83.2, 160.8,N/A , N/A , N/A,8,stable,-1.8 ,-5.8, 2.1
"Litchfield County, Connecticut(7)",09005,Rural,116.2 ,108.6, 124.3,N/A , N/A , N/A,185,falling,-1.6 ,-2.3, -0.9
"Cheshire County, New Hampshire(2)",33005,Rural,116.2 ,104, 129.6,N/A , N/A , N/A,71,rising,5.3 ,1.4, 11.6
"Jefferson County, Illinois(7)",17081,Rural,116.1 ,98.2, 136.7,N/A , N/A , N/A,31,falling,-1.9 ,-3.6, -0.2
"Washburn County, Wisconsin(2)",55129,Rural,116.1 ,93.5, 144.6,N/A , N/A , N/A,20,stable,-2.1 ,-4.4, 0.1
"Coos County, New Hampshire(2)",33007,Rural,116.1 ,98.9, 136.2,N/A , N/A , N/A,36,stable,-1.5 ,-3.4, 0.4
"Fillmore County, Minnesota(2)",27045,Urban,116.1 ,93.9, 142.8,N/A , N/A , N/A,20,falling,-3.5 ,-5.5, -1.7
"Kershaw County, South Carolina(2)",45055,Urban,116 ,102.1, 131.6,N/A , N/A , N/A,54,falling,-3.4 ,-4.8, -1.9
"Hutchinson County, Texas(7)",48233,Rural,116 ,91.5, 145.6,N/A , N/A , N/A,16,falling,-2.2 ,-4.0, -0.5
"Boone County, Indiana(2)",18011,Urban,116 ,101.3, 132.2,N/A , N/A , N/A,48,stable,0.2 ,-1.5, 2.2
"Lawrence County, Ohio(2)",39087,Urban,115.9 ,101.4, 132.1,N/A , N/A , N/A,48,stable,0.8 ,-1.6, 3.5
"Jackson County, Mississippi(2)",28059,Urban,115.9 ,106.1, 126.4,N/A , N/A , N/A,110,stable,-0.1 ,-3.1, 6.1
"Gray County, Texas(7)",48179,Rural,115.9 ,90.9, 145.8,N/A , N/A , N/A,15,falling,-2.4 ,-4.2, -0.7
"Oconee County, South Carolina(2)",45073,Rural,115.8 ,104.5, 128.4,N/A , N/A , N/A,82,stable,0.3 ,-4.0, 3.5
"Tippah County, Mississippi(2)",28139,Rural,115.8 ,90.8, 146,N/A , N/A , N/A,16,stable,-0.6 ,-3.3, 2.2
"Pope County, Arkansas(2)",05115,Rural,115.8 ,101, 132.3,N/A , N/A , N/A,46,stable,-1.7 ,-4.0, 0.7
"Miami-Dade County, Florida(2)",12086,Urban,115.8 ,113.4, 118.2,N/A , N/A , N/A,1847,falling,-2.2 ,-2.9, -1.4
"Kossuth County, Iowa(7)",19109,Rural,115.7 ,90.2, 147.6,N/A , N/A , N/A,15,rising,5.9 ,2.0, 16.0
"Angelina County, Texas(7)",48005,Rural,115.7 ,102.9, 129.7,N/A , N/A , N/A,61,falling,-4.5 ,-5.9, -3.2
"Ulster County, New York(7)",36111,Urban,115.7 ,107.6, 124.2,N/A , N/A , N/A,162,rising,8.1 ,1.3, 15.5
"Scott County, Mississippi(2)",28123,Urban,115.6 ,92.5, 142.9,N/A , N/A , N/A,19,falling,-3.0 ,-5.2, -0.9
"Mayes County, Oklahoma(2)",40097,Rural,115.6 ,97.5, 136.3,N/A , N/A , N/A,31,stable,7.0 ,-2.4, 26.5
"King and Queen County, Virginia(2)",51097,Urban,115.6 ,81.6, 164.2,N/A , N/A , N/A,8,stable,-1.4 ,-5.6, 3.3
"Monroe County, Indiana(2)",18105,Urban,115.6 ,104.4, 127.7,N/A , N/A , N/A,82,falling,-10.8 ,-17.6, -6.1
"Monroe County, Missouri(2)",29137,Rural,115.5 ,84.4, 157.6,N/A , N/A , N/A,9,rising,11.8 ,0.8, 28.5
"Garrard County, Kentucky(7)",21079,Rural,115.5 ,89, 148.4,N/A , N/A , N/A,14,stable,-2.7 ,-5.4, 0.3
"Polk County, Oregon(2)",41053,Urban,115.5 ,103.3, 128.9,N/A , N/A , N/A,67,rising,4.3 ,0.4, 11.1
"Rensselaer County, New York(7)",36083,Urban,115.4 ,106.3, 125.2,N/A , N/A , N/A,126,stable,0.6 ,-1.8, 6.2
"Pulaski County, Kentucky(7)",21199,Rural,115.4 ,101.7, 130.7,N/A , N/A , N/A,54,falling,-1.8 ,-3.3, -0.3
"Walsh County, North Dakota(2)",38099,Rural,115.4 ,86.2, 153.4,N/A , N/A , N/A,11,stable,-1.1 ,-4.1, 1.9
"Fulton County, New York(7)",36035,Rural,115.3 ,100.6, 132,N/A , N/A , N/A,47,falling,-2.7 ,-4.6, -0.9
"Skagit County, Washington(7)",53057,Urban,115.3 ,105.9, 125.5,N/A , N/A , N/A,116,rising,5.8 ,1.5, 15.3
"Anderson County, South Carolina(2)",45007,Urban,115.3 ,107.2, 123.9,N/A , N/A , N/A,158,stable,2.3 ,-1.2, 9.7
"Gallia County, Ohio(2)",39053,Rural,115.3 ,95, 139.1,N/A , N/A , N/A,24,stable,0.1 ,-2.6, 3.0
"Buffalo County, Nebraska(2)",31019,Rural,115.3 ,98.2, 134.6,N/A , N/A , N/A,34,stable,-2.1 ,-4.5, 0.3
"Fayette County, Iowa(7)",19065,Rural,115.3 ,91.5, 144.2,N/A , N/A , N/A,17,falling,-2.3 ,-3.6, -1.0
"Douglas County, Wisconsin(2)",55031,Urban,115.3 ,99, 133.8,N/A , N/A , N/A,39,stable,-0.3 ,-2.0, 1.5
"Tensas Parish, Louisiana(7)",22107,Rural,115.2 ,73.4, 182.7,N/A , N/A , N/A,5,stable,-2.3 ,-6.0, 1.5
"Tom Green County, Texas(7)",48451,Urban,115.2 ,104.1, 127.3,N/A , N/A , N/A,81,rising,10.0 ,4.0, 19.0
"Knox County, Indiana(2)",18083,Rural,115.2 ,96.4, 137,N/A , N/A , N/A,28,stable,6.5 ,0.0, 20.0
"Shawano County, Wisconsin(2)",55115,Rural,115.2 ,99.2, 133.5,N/A , N/A , N/A,39,rising,3.4 ,0.2, 9.5
"Loudon County, Tennessee(2)",47105,Urban,115.2 ,102.1, 130,N/A , N/A , N/A,61,falling,-2.4 ,-4.4, -0.2
"Hennepin County, Minnesota(2)",27053,Urban,115.2 ,111.6, 118.8,N/A , N/A , N/A,847,rising,2.4 ,1.0, 4.3
"Dawson County, Texas(7)",48115,Rural,115.1 ,80.2, 159.9,N/A , N/A , N/A,7,stable,-1.3 ,-4.9, 2.1
"Eau Claire County, Wisconsin(2)",55035,Urban,115.1 ,103.3, 127.9,N/A , N/A , N/A,73,stable,-1.2 ,-2.6, 0.3
"Oklahoma County, Oklahoma(2)",40109,Urban,115.1 ,110.4, 119.9,N/A , N/A , N/A,484,stable,0.9 ,-1.5, 6.4
"Ashe County, North Carolina(2)",37009,Rural,115.1 ,96.6, 137.1,N/A , N/A , N/A,29,stable,4.2 ,-1.4, 18.3
"Fleming County, Kentucky(7)",21069,Rural,115.1 ,88.1, 149,N/A , N/A , N/A,13,stable,-2.4 ,-4.7, 0.3
"Nash County, North Carolina(2)",37127,Urban,115.1 ,103.3, 127.9,N/A , N/A , N/A,75,stable,3.0 ,-1.8, 14.6
"Panola County, Texas(7)",48365,Rural,115.1 ,92.5, 142.1,N/A , N/A , N/A,19,falling,-2.4 ,-3.9, -0.8
"Randolph County, Illinois(7)",17157,Rural,115 ,95.3, 138,N/A , N/A , N/A,25,stable,4.6 ,-2.4, 18.8
"Rhea County, Tennessee(2)",47143,Rural,115 ,95.6, 137.7,N/A , N/A , N/A,26,stable,0.4 ,-2.1, 3.1
"Custer County, Montana(2)",30017,Rural,115 ,85.8, 152.6,N/A , N/A , N/A,11,stable,-2.9 ,-6.2, 0.1
"Graves County, Kentucky(7)",21083,Rural,115 ,96.8, 136.1,N/A , N/A , N/A,29,stable,-0.3 ,-2.1, 1.8
"Isanti County, Minnesota(2)",27059,Urban,115 ,97.3, 135.2,N/A , N/A , N/A,32,falling,-3.1 ,-4.5, -1.6
"Bacon County, Georgia(7)",13005,Rural,115 ,81.6, 158.9,N/A , N/A , N/A,8,stable,-0.8 ,-2.8, 1.5
"Walla Walla County, Washington(2)",53071,Urban,115 ,100.5, 131.1,N/A , N/A , N/A,47,falling,-2.6 ,-4.2, -1.1
"Carbon County, Montana(2)",30009,Urban,115 ,88.1, 150.8,N/A , N/A , N/A,13,stable,-2.7 ,-5.6, 0.4
"Saline County, Illinois(7)",17165,Rural,114.9 ,93, 141.1,N/A , N/A , N/A,20,stable,-1.8 ,-3.8, 0.2
"Jasper County, South Carolina(2)",45053,Urban,114.9 ,94.9, 138.5,N/A , N/A , N/A,27,stable,-1.1 ,-3.5, 1.7
"McCulloch County, Texas(7)",48307,Rural,114.9 ,79.8, 163.2,N/A , N/A , N/A,7,stable,-1.5 ,-4.3, 1.3
"York County, Nebraska(2)",31185,Rural,114.9 ,86.9, 150.1,N/A , N/A , N/A,12,stable,-0.3 ,-4.3, 4.0
"Tuscarawas County, Ohio(2)",39157,Rural,114.8 ,103.3, 127.4,N/A , N/A , N/A,76,falling,-2.0 ,-3.4, -0.6
"Marion County, Iowa(7)",19125,Rural,114.8 ,95.9, 136.8,N/A , N/A , N/A,27,stable,-0.7 ,-2.0, 0.8
"Pierce County, Washington(7)",53053,Urban,114.8 ,110.5, 119.2,N/A , N/A , N/A,587,rising,2.5 ,0.3, 5.7
"Henry County, Iowa(7)",19087,Rural,114.8 ,90.6, 144,N/A , N/A , N/A,16,stable,-1.5 ,-3.0, 0.0
"Noble County, Oklahoma(2)",40103,Rural,114.8 ,83.4, 155.7,N/A , N/A , N/A,9,stable,-2.2 ,-5.0, 0.5
"Henderson County, North Carolina(2)",37089,Urban,114.8 ,105.4, 124.9,N/A , N/A , N/A,116,falling,-2.8 ,-4.3, -1.3
"Creek County, Oklahoma(2)",40037,Urban,114.7 ,101.4, 129.5,N/A , N/A , N/A,56,stable,7.1 ,-1.2, 24.6
"Tarrant County, Texas(7)",48439,Urban,114.7 ,111.6, 117.9,N/A , N/A , N/A,1155,stable,2.9 ,-0.5, 8.0
"Suffolk County, Massachusetts(2)",25025,Urban,114.7 ,109.8, 119.8,N/A , N/A , N/A,434,falling,-2.5 ,-3.6, -1.5
"Trousdale County, Tennessee(2)",47169,Urban,114.7 ,78.4, 162.2,N/A , N/A , N/A,7,stable,-2.3 ,-6.8, 2.6
"Marion County, Tennessee(2)",47115,Urban,114.7 ,94.7, 138.2,N/A , N/A , N/A,25,stable,-0.5 ,-2.9, 2.1
"Iron County, Missouri(2)",29093,Rural,114.7 ,82.3, 157.8,N/A , N/A , N/A,9,stable,-0.4 ,-3.6, 3.4
"Lampasas County, Texas(7)",48281,Urban,114.7 ,92.5, 141.4,N/A , N/A , N/A,19,stable,2.6 ,-0.2, 12.2
"Wagoner County, Oklahoma(2)",40145,Urban,114.6 ,101.8, 128.7,N/A , N/A , N/A,61,stable,-1.4 ,-3.7, 1.2
"Darlington County, South Carolina(2)",45031,Urban,114.6 ,100.2, 130.7,N/A , N/A , N/A,49,falling,-1.8 ,-3.4, -0.2
"Iroquois County, Illinois(7)",17075,Rural,114.6 ,94.7, 138,N/A , N/A , N/A,25,stable,-1.7 ,-3.5, 0.0
"Jackson County, Oregon(2)",41029,Urban,114.6 ,107.4, 122.2,N/A , N/A , N/A,200,falling,-3.1 ,-7.1, -0.1
"Rowan County, North Carolina(2)",37159,Urban,114.5 ,104.9, 124.9,N/A , N/A , N/A,112,falling,-2.4 ,-3.8, -1.3
"Panola County, Mississippi(2)",28107,Rural,114.5 ,95.1, 137.2,N/A , N/A , N/A,26,falling,-2.9 ,-5.5, -0.3
"Todd County, Minnesota(2)",27153,Rural,114.5 ,94.5, 138.2,N/A , N/A , N/A,25,stable,4.0 ,-2.6, 19.3
"Morgan County, Ohio(2)",39115,Rural,114.5 ,87.9, 148.2,N/A , N/A , N/A,13,stable,-1.1 ,-4.4, 2.2
"Jersey County, Illinois(7)",17083,Urban,114.5 ,91.6, 142.2,N/A , N/A , N/A,18,falling,-1.5 ,-2.5, -0.4
"San Benito County, California(7)",06069,Urban,114.4 ,98.3, 132.5,N/A , N/A , N/A,39,falling,-3.8 ,-9.5, -1.7
"Warren County, Mississippi(2)",28149,Rural,114.4 ,97.3, 134,N/A , N/A , N/A,34,rising,10.7 ,5.1, 20.4
"Norfolk City, Virginia(2)",51710,Urban,114.4 ,105.3, 124.2,N/A , N/A , N/A,128,falling,-1.9 ,-2.8, -1.0
"Davie County, North Carolina(2)",37059,Urban,114.3 ,98.4, 132.5,N/A , N/A , N/A,38,rising,9.9 ,2.0, 28.8
"Audrain County, Missouri(2)",29007,Rural,114.3 ,90.5, 142.8,N/A , N/A , N/A,18,stable,-2.7 ,-5.6, 0.0
"Wichita County, Texas(7)",48485,Urban,114.3 ,103.2, 126.3,N/A , N/A , N/A,83,rising,5.0 ,1.3, 14.1
"Emmet County, Iowa(7)",19063,Rural,114.3 ,81.6, 157.7,N/A , N/A , N/A,8,falling,-1.8 ,-3.3, -0.3
"Oglethorpe County, Georgia(7)",13221,Urban,114.2 ,87.1, 148.5,N/A , N/A , N/A,13,stable,-1.1 ,-2.6, 0.7
"Kankakee County, Illinois(7)",17091,Urban,114.2 ,103.2, 126.2,N/A , N/A , N/A,82,stable,1.7 ,-1.5, 9.0
"Custer County, Oklahoma(2)",40039,Rural,114.2 ,91.4, 141.1,N/A , N/A , N/A,18,stable,5.4 ,-3.2, 24.0
"Lake County, Florida(2)",12069,Urban,114.2 ,109, 119.5,N/A , N/A , N/A,394,stable,0.1 ,-3.9, 8.5
"Adams County, Illinois(7)",17001,Rural,114.1 ,100.6, 129.1,N/A , N/A , N/A,54,stable,3.4 ,-2.3, 14.7
"Dixon County, Nebraska(2)",31051,Rural,114.1 ,72.7, 174.3,N/A , N/A , N/A,5,falling,-21.5 ,-48.1, -1.2
"Teton County, Wyoming(2)",56039,Rural,114.1 ,90.9, 141.9,N/A , N/A , N/A,18,falling,-3.2 ,-5.2, -1.2
"Colbert County, Alabama(2)",01033,Urban,114.1 ,99.4, 130.6,N/A , N/A , N/A,45,rising,2.4 ,1.0, 4.0
"Piscataquis County, Maine(2)",23021,Rural,114 ,91.8, 141.9,N/A , N/A , N/A,20,rising,9.6 ,2.7, 23.7
"DeKalb County, Tennessee(2)",47041,Rural,114 ,90, 143.1,N/A , N/A , N/A,17,stable,-1.3 ,-4.1, 1.6
"Taylor County, Kentucky(7)",21217,Rural,114 ,91.5, 140.7,N/A , N/A , N/A,19,stable,-0.1 ,-3.9, 11.6
"St. Bernard Parish, Louisiana(7)",22087,Urban,113.9 ,94.8, 135.9,N/A , N/A , N/A,28,stable,-1.1 ,-2.4, 0.2
"Cass County, Nebraska(2)",31025,Urban,113.9 ,93.7, 137.9,N/A , N/A , N/A,23,stable,-0.6 ,-2.6, 1.7
"Colquitt County, Georgia(7)",13071,Rural,113.9 ,96.3, 134,N/A , N/A , N/A,31,falling,-2.6 ,-4.1, -1.1
"Placer County, California(7)",06061,Urban,113.9 ,108.4, 119.6,N/A , N/A , N/A,327,stable,2.3 ,-2.7, 5.6
"Blanco County, Texas(7)",48031,Rural,113.8 ,88.3, 147.7,N/A , N/A , N/A,14,stable,-0.5 ,-3.1, 2.8
"Hopkins County, Kentucky(7)",21107,Rural,113.8 ,97.2, 132.7,N/A , N/A , N/A,36,falling,-2.4 ,-4.2, -0.6
"Anoka County, Minnesota(2)",27003,Urban,113.7 ,107.4, 120.4,N/A , N/A , N/A,259,stable,1.1 ,-1.0, 4.8
"Washoe County, Nevada(2)",32031,Urban,113.7 ,108.4, 119.2,N/A , N/A , N/A,369,stable,9.3 ,-0.2, 16.3
"Northumberland County, Pennsylvania(2)",42097,Rural,113.7 ,102.7, 125.7,N/A , N/A , N/A,82,rising,4.5 ,1.1, 12.3
"Allen County, Indiana(2)",18003,Urban,113.7 ,107.2, 120.5,N/A , N/A , N/A,243,stable,1.2 ,-0.2, 3.6
"Colorado County, Texas(7)",48089,Rural,113.7 ,92.3, 139.6,N/A , N/A , N/A,20,stable,-0.6 ,-2.4, 1.3
"Greene County, Ohio(2)",39057,Urban,113.7 ,104.7, 123.2,N/A , N/A , N/A,126,falling,-4.5 ,-9.8, -0.1
"Newport County, Rhode Island(2)",44005,Urban,113.7 ,102.6, 125.8,N/A , N/A , N/A,81,falling,-9.8 ,-16.6, -5.0
"Rock County, Wisconsin(2)",55105,Urban,113.6 ,104.5, 123.4,N/A , N/A , N/A,121,stable,2.3 ,-0.8, 9.0
"Estill County, Kentucky(7)",21065,Rural,113.6 ,83.7, 151.7,N/A , N/A , N/A,11,falling,-3.7 ,-7.0, -0.5
"Archer County, Texas(7)",48009,Urban,113.6 ,81.2, 157.6,N/A , N/A , N/A,8,rising,6.7 ,2.7, 20.7
"Pickens County, South Carolina(2)",45077,Urban,113.6 ,103.3, 124.7,N/A , N/A , N/A,94,rising,6.9 ,4.2, 11.5
"Knox County, Nebraska(2)",31107,Rural,113.6 ,81.1, 157.8,N/A , N/A , N/A,8,stable,-2.4 ,-5.9, 0.7
"Dodge County, Wisconsin(2)",55027,Rural,113.5 ,102, 126.1,N/A , N/A , N/A,75,stable,6.8 ,-1.8, 17.3
"Spotsylvania County, Virginia(2)",51177,Urban,113.5 ,103.2, 124.6,N/A , N/A , N/A,95,stable,-0.4 ,-2.9, 6.5
"Mason County, Michigan(2)",26105,Rural,113.5 ,95.3, 134.8,N/A , N/A , N/A,30,falling,-2.1 ,-3.8, -0.5
"Berrien County, Georgia(7)",13019,Rural,113.5 ,87.9, 144.9,N/A , N/A , N/A,14,stable,-0.5 ,-2.6, 2.0
"Daviess County, Kentucky(7)",21059,Urban,113.4 ,101.8, 126.1,N/A , N/A , N/A,74,falling,-1.6 ,-2.7, -0.3
"Lawrence County, South Dakota(2)",46081,Rural,113.4 ,93.5, 137.2,N/A , N/A , N/A,26,rising,22.1 ,6.7, 34.6
"Ottawa County, Oklahoma(2)",40115,Rural,113.4 ,93.2, 137,N/A , N/A , N/A,23,stable,1.6 ,-1.5, 5.0
"Blaine County, Oklahoma(2)",40011,Rural,113.4 ,78.6, 160.2,N/A , N/A , N/A,7,stable,-2.1 ,-6.5, 1.7
"Wapello County, Iowa(7)",19179,Rural,113.4 ,94.8, 134.8,N/A , N/A , N/A,28,falling,-1.5 ,-2.5, -0.5
"Sherburne County, Minnesota(2)",27141,Urban,113.4 ,100.1, 127.9,N/A , N/A , N/A,59,stable,1.2 ,-4.4, 15.6
"Burleson County, Texas(7)",48051,Urban,113.4 ,89.8, 142.4,N/A , N/A , N/A,17,stable,-1.8 ,-4.0, 0.7
"Murray County, Minnesota(2)",27101,Rural,113.4 ,79.8, 159.4,N/A , N/A , N/A,8,stable,-1.7 ,-4.5, 0.9
"Marion County, Texas(7)",48315,Rural,113.4 ,83.8, 153.3,N/A , N/A , N/A,11,stable,-1.2 ,-3.3, 1.0
"Hancock County, Mississippi(2)",28045,Urban,113.3 ,98, 130.9,N/A , N/A , N/A,41,falling,-2.5 ,-8.4, -0.7
"Taylor County, Texas(7)",48441,Urban,113.3 ,102.6, 124.9,N/A , N/A , N/A,85,stable,3.0 ,-0.9, 13.1
"Conecuh County, Alabama(2)",01035,Rural,113.3 ,82.9, 153,N/A , N/A , N/A,10,stable,-1.6 ,-4.8, 1.4
"Missaukee County, Michigan(2)",26113,Rural,113.3 ,87.9, 145.3,N/A , N/A , N/A,14,falling,-2.9 ,-5.9, -0.1
"Calumet County, Wisconsin(2)",55015,Urban,113.3 ,97.6, 131,N/A , N/A , N/A,40,falling,-2.4 ,-4.1, -0.6
"Citrus County, Florida(2)",12017,Urban,113.3 ,105.9, 121.2,N/A , N/A , N/A,207,stable,2.3 ,-1.4, 9.4
"Barton County, Missouri(2)",29011,Rural,113.2 ,83.5, 151.7,N/A , N/A , N/A,10,stable,0.2 ,-1.9, 2.4
"Taney County, Missouri(2)",29213,Rural,113.2 ,99.3, 128.8,N/A , N/A , N/A,50,rising,7.3 ,1.2, 23.5
"Hillsborough County, New Hampshire(2)",33011,Urban,113.2 ,107.5, 119.2,N/A , N/A , N/A,318,falling,-2.7 ,-3.4, -2.0
"Surry County, North Carolina(2)",37171,Rural,113.2 ,100.3, 127.4,N/A , N/A , N/A,59,stable,-1.4 ,-3.3, 0.4
"Converse County, Wyoming(2)",56009,Rural,113.2 ,85.4, 148.4,N/A , N/A , N/A,12,stable,-2.0 ,-4.6, 0.8
"Polk County, Arkansas(2)",05113,Rural,113.1 ,90.6, 140.6,N/A , N/A , N/A,18,stable,-0.4 ,-3.7, 3.2
"Hart County, Georgia(7)",13147,Rural,113.1 ,93.3, 136.7,N/A , N/A , N/A,23,stable,8.5 ,-0.4, 21.6
"Adams County, Nebraska(2)",31001,Rural,113.1 ,93, 136.5,N/A , N/A , N/A,24,rising,6.5 ,0.1, 18.1
"Richardson County, Nebraska(2)",31147,Rural,113.1 ,78.7, 160.4,N/A , N/A , N/A,8,stable,0.7 ,-2.2, 12.4
"Campbell County, Kentucky(7)",21037,Urban,113 ,101, 126.2,N/A , N/A , N/A,69,stable,-1.4 ,-2.7, 0.0
"Conway County, Arkansas(2)",05029,Rural,113 ,90.2, 140.7,N/A , N/A , N/A,18,stable,-2.1 ,-5.6, 1.3
"Livingston County, Michigan(2)",26093,Urban,113 ,105.2, 121.4,N/A , N/A , N/A,167,falling,-2.7 ,-3.7, -1.6
"Rock County, Minnesota(2)",27133,Urban,113 ,80.2, 156.7,N/A , N/A , N/A,8,falling,-3.4 ,-6.4, -0.6
"Athens County, Ohio(2)",39009,Rural,113 ,96.9, 131.2,N/A , N/A , N/A,39,falling,-3.1 ,-5.0, -1.1
"Stearns County, Minnesota(2)",27145,Urban,113 ,103.5, 123.2,N/A , N/A , N/A,108,stable,1.1 ,-3.7, 9.8
"Hale County, Texas(7)",48189,Rural,112.9 ,90.9, 138.6,N/A , N/A , N/A,19,falling,-2.9 ,-5.8, -0.1
"Colleton County, South Carolina(2)",45029,Rural,112.9 ,95.8, 132.6,N/A , N/A , N/A,33,stable,-0.7 ,-3.2, 6.4
"Woodward County, Oklahoma(2)",40153,Rural,112.8 ,88, 142.9,N/A , N/A , N/A,14,stable,6.2 ,-2.9, 33.2
"Harris County, Texas(7)",48201,Urban,112.8 ,110.7, 115,N/A , N/A , N/A,2424,falling,-3.8 ,-5.9, -1.2
"Lincoln County, Montana(2)",30053,Rural,112.8 ,93.4, 137,N/A , N/A , N/A,26,falling,-3.0 ,-5.2, -0.8
"Bradford County, Pennsylvania(2)",42015,Rural,112.8 ,99.7, 127.4,N/A , N/A , N/A,56,stable,3.1 ,-2.6, 16.2
"Sarasota County, Florida(2)",12115,Urban,112.8 ,108.5, 117.3,N/A , N/A , N/A,583,falling,-1.7 ,-2.9, -0.5
"Rusk County, Texas(7)",48401,Urban,112.7 ,97.4, 130,N/A , N/A , N/A,40,stable,2.0 ,-2.7, 15.4
"Cabell County, West Virginia(2)",54011,Urban,112.7 ,101.1, 125.4,N/A , N/A , N/A,71,stable,-1.6 ,-3.4, 0.1
"Davidson County, North Carolina(2)",37057,Urban,112.7 ,104.1, 121.9,N/A , N/A , N/A,133,stable,4.2 ,-0.5, 14.3
"Montague County, Texas(7)",48337,Rural,112.7 ,90.6, 139.5,N/A , N/A , N/A,19,stable,2.4 ,-0.5, 15.0
"Geneva County, Alabama(2)",01061,Urban,112.7 ,92.4, 136.7,N/A , N/A , N/A,23,stable,-3.0 ,-6.6, 0.3
"Napa County, California(7)",06055,Urban,112.7 ,103.6, 122.4,N/A , N/A , N/A,117,rising,8.9 ,3.9, 17.4
"Belknap County, New Hampshire(2)",33001,Rural,112.6 ,100.3, 126.5,N/A , N/A , N/A,65,falling,-1.9 ,-3.1, -0.6
"Gage County, Nebraska(2)",31067,Rural,112.6 ,90.4, 139.4,N/A , N/A , N/A,19,stable,-0.6 ,-3.3, 2.1
"Winnebago County, Iowa(7)",19189,Rural,112.6 ,82.3, 152.2,N/A , N/A , N/A,10,stable,-1.5 ,-3.6, 0.3
"Glenn County, California(7)",06021,Rural,112.6 ,91.4, 137.5,N/A , N/A , N/A,21,stable,-2.3 ,-4.9, 0.5
"Mitchell County, Texas(7)",48335,Rural,112.5 ,72.4, 166.8,N/A , N/A , N/A,5,stable,-1.4 ,-5.8, 2.9
"Dallas County, Texas(7)",48113,Urban,112.5 ,109.7, 115.4,N/A , N/A , N/A,1331,rising,2.8 ,1.3, 4.9
"Kearney County, Nebraska(2)",31099,Rural,112.5 ,74.9, 165.3,N/A , N/A , N/A,6,stable,-0.9 ,-5.1, 3.6
"Houston County, Texas(7)",48225,Rural,112.4 ,91.1, 137.9,N/A , N/A , N/A,20,stable,3.8 ,-0.7, 18.8
"Kenton County, Kentucky(7)",21117,Urban,112.4 ,102.9, 122.5,N/A , N/A , N/A,114,rising,2.5 ,0.6, 6.5
"Marion County, South Carolina(2)",45067,Rural,112.4 ,91.7, 137,N/A , N/A , N/A,23,falling,-3.9 ,-6.3, -1.7
"Storey County, Nevada(2)",32029,Urban,112.4 ,71.7, 184,N/A , N/A , N/A,6,stable,0.8 ,-3.9, 6.8
"Polk County, Iowa(7)",19153,Urban,112.4 ,106.5, 118.5,N/A , N/A , N/A,291,stable,1.9 ,-2.0, 7.6
"Chemung County, New York(7)",36015,Urban,112.4 ,100.6, 125.3,N/A , N/A , N/A,70,falling,-2.7 ,-3.9, -1.5
"Marion County, West Virginia(2)",54049,Rural,112.4 ,97.8, 128.7,N/A , N/A , N/A,45,stable,-1.7 ,-3.3, 0.0
"Montgomery County, Pennsylvania(2)",42091,Urban,112.4 ,108.4, 116.4,N/A , N/A , N/A,644,falling,-2.9 ,-4.3, -1.5
"Perry County, Arkansas(2)",05105,Urban,112.3 ,81.2, 153.7,N/A , N/A , N/A,9,stable,-2.4 ,-5.4, 0.3
"Swift County, Minnesota(2)",27151,Rural,112.3 ,81.8, 152.7,N/A , N/A , N/A,9,stable,20.2 ,-3.4, 40.6
"Greene County, Arkansas(2)",05055,Rural,112.3 ,94.8, 132.3,N/A , N/A , N/A,30,stable,-0.4 ,-2.6, 2.1
"Powell County, Kentucky(7)",21197,Rural,112.3 ,80.6, 153.7,N/A , N/A , N/A,9,rising,15.2 ,1.2, 39.3
"Marion County, Kentucky(7)",21155,Rural,112.3 ,87.3, 143,N/A , N/A , N/A,14,stable,-1.0 ,-3.5, 2.0
"Franklin County, Indiana(2)",18047,Urban,112.3 ,90.5, 138.5,N/A , N/A , N/A,20,stable,-1.4 ,-4.6, 2.0
"Ware County, Georgia(7)",13299,Rural,112.3 ,93, 134.7,N/A , N/A , N/A,25,stable,-1.8 ,-3.7, 0.2
"Mills County, Texas(7)",48333,Rural,112.3 ,66, 183.9,N/A , N/A , N/A,4,stable,-1.2 ,-5.5, 3.4
"Monroe County, Iowa(7)",19135,Rural,112.3 ,76.8, 161.4,N/A , N/A , N/A,7,falling,-2.0 ,-4.0, -0.2
"Klamath County, Oregon(2)",41035,Rural,112.3 ,99.9, 126,N/A , N/A , N/A,65,stable,4.7 ,-1.2, 16.1
"Jackson County, Georgia(7)",13157,Rural,112.2 ,98.3, 127.7,N/A , N/A , N/A,50,stable,-1.4 ,-3.3, 0.9
"Suwannee County, Florida(2)",12121,Rural,112.2 ,96.8, 129.8,N/A , N/A , N/A,39,stable,4.8 ,-0.2, 15.8
"Cleburne County, Arkansas(2)",05023,Rural,112.2 ,93.7, 134.4,N/A , N/A , N/A,27,falling,-3.6 ,-5.0, -2.3
"Kandiyohi County, Minnesota(2)",27067,Rural,112.2 ,95.8, 131,N/A , N/A , N/A,35,stable,1.3 ,-1.0, 6.3
"Livingston County, Illinois(7)",17105,Rural,112.2 ,94.1, 133.1,N/A , N/A , N/A,29,stable,-2.2 ,-4.4, 0.0
"Green County, Wisconsin(2)",55045,Urban,112.2 ,94.9, 132.1,N/A , N/A , N/A,32,rising,16.3 ,0.3, 27.1
"Jessamine County, Kentucky(7)",21113,Urban,112.1 ,96.1, 130.2,N/A , N/A , N/A,37,stable,-0.9 ,-2.5, 1.0
"Grant County, Washington(2)",53025,Rural,112.1 ,99.6, 125.8,N/A , N/A , N/A,62,falling,-2.9 ,-4.7, -1.1
"Ashley County, Arkansas(2)",05003,Rural,112.1 ,89.1, 140.5,N/A , N/A , N/A,17,falling,-2.3 ,-4.5, -0.1
"Smith County, Tennessee(2)",47159,Urban,112.1 ,87, 142.8,N/A , N/A , N/A,15,stable,0.5 ,-1.9, 3.4
"Aiken County, South Carolina(2)",45003,Urban,112.1 ,103.6, 121.1,N/A , N/A , N/A,137,stable,2.4 ,-0.3, 9.5
"Greene County, Indiana(2)",18055,Rural,112.1 ,93.5, 133.8,N/A , N/A , N/A,27,stable,-1.3 ,-3.5, 0.9
"Lyon County, Kentucky(7)",21143,Rural,112.1 ,77.5, 159.3,N/A , N/A , N/A,8,stable,0.2 ,-3.5, 4.8
"Traverse County, Minnesota(2)",27155,Rural,112.1 ,63.9, 191.1,N/A , N/A , N/A,3,falling,-5.3 ,-11.9, -0.5
"Prairie County, Arkansas(2)",05117,Rural,112.1 ,79.1, 157,N/A , N/A , N/A,8,stable,-2.1 ,-5.5, 1.1
"Lenawee County, Michigan(2)",26091,Rural,112 ,101.1, 124,N/A , N/A , N/A,81,stable,6.0 ,-2.7, 15.1
"Dauphin County, Pennsylvania(2)",42043,Urban,112 ,104.9, 119.4,N/A , N/A , N/A,202,stable,9.1 ,-1.3, 17.3
"Buffalo County, Wisconsin(2)",55011,Rural,111.9 ,86.6, 144.3,N/A , N/A , N/A,14,falling,-2.9 ,-4.9, -0.9
"Curry County, New Mexico(7)",35009,Rural,111.9 ,93.4, 133.1,N/A , N/A , N/A,27,stable,-1.4 ,-4.9, 3.7
"Huron County, Ohio(2)",39077,Rural,111.9 ,97.1, 128.4,N/A , N/A , N/A,44,stable,-1.6 ,-3.3, 0.2
"Perry County, Ohio(2)",39127,Urban,111.9 ,93.4, 133.3,N/A , N/A , N/A,29,stable,-0.1 ,-2.3, 2.4
"Sierra County, New Mexico(7)",35051,Rural,111.9 ,84.6, 148.6,N/A , N/A , N/A,16,stable,-1.7 ,-3.4, 0.0
"Polk County, Minnesota(2)",27119,Urban,111.9 ,92.1, 135,N/A , N/A , N/A,24,stable,10.7 ,-5.7, 23.9
"Monroe County, Illinois(7)",17133,Urban,111.9 ,93.8, 132.8,N/A , N/A , N/A,29,falling,-2.6 ,-4.0, -1.0
"Navarro County, Texas(7)",48349,Rural,111.8 ,95.7, 130.1,N/A , N/A , N/A,36,stable,7.2 ,-0.3, 21.7
"Wayne County, Nebraska(2)",31179,Rural,111.8 ,75.1, 161.3,N/A , N/A , N/A,6,stable,-2.4 ,-6.1, 1.0
"Dare County, North Carolina(2)",37055,Rural,111.8 ,95.6, 130.7,N/A , N/A , N/A,37,stable,-1.8 ,-3.6, 0.1
"Rankin County, Mississippi(2)",28121,Urban,111.8 ,102.2, 122.1,N/A , N/A , N/A,104,falling,-2.3 ,-3.6, -0.9
"Cass County, Texas(7)",48067,Rural,111.7 ,92.6, 134.3,N/A , N/A , N/A,25,falling,-2.5 ,-4.4, -0.7
"Ripley County, Missouri(2)",29181,Rural,111.7 ,81.5, 151.2,N/A , N/A , N/A,9,stable,-0.3 ,-2.9, 2.1
"Steele County, Minnesota(2)",27147,Rural,111.7 ,93.7, 132.5,N/A , N/A , N/A,28,falling,-5.2 ,-7.4, -3.3
"Kaufman County, Texas(7)",48257,Urban,111.6 ,100.1, 124.1,N/A , N/A , N/A,77,stable,4.4 ,-0.2, 11.3
"Queens County, New York(7)",36081,Urban,111.6 ,109.2, 114.2,N/A , N/A , N/A,1632,stable,1.3 ,-0.2, 3.6
"Jeff Davis County, Georgia(7)",13161,Rural,111.6 ,82.8, 148.2,N/A , N/A , N/A,11,stable,2.5 ,-1.7, 18.9
"Lincoln County, Mississippi(2)",28085,Rural,111.6 ,92.3, 134,N/A , N/A , N/A,25,falling,-4.6 ,-6.9, -2.5
"Owen County, Kentucky(7)",21187,Rural,111.5 ,81.4, 151.2,N/A , N/A , N/A,10,stable,15.4 ,-3.0, 32.6
"Sabine County, Texas(7)",48403,Rural,111.5 ,83.5, 149.7,N/A , N/A , N/A,12,falling,-3.8 ,-5.8, -1.8
"Bath County, Virginia(2)",51017,Rural,111.5 ,68.9, 180.7,N/A , N/A , N/A,5,*,*,*,*
"Lincoln County, Kentucky(7)",21137,Rural,111.5 ,89.3, 138,N/A , N/A , N/A,19,stable,14.8 ,-0.3, 26.9
"Clark County, Ohio(2)",39023,Urban,111.4 ,102.1, 121.5,N/A , N/A , N/A,108,stable,6.1 ,-0.7, 23.0
"Barry County, Missouri(2)",29009,Rural,111.4 ,94.4, 131.1,N/A , N/A , N/A,32,stable,-0.8 ,-3.4, 2.0
"Clare County, Michigan(2)",26035,Rural,111.4 ,94.4, 131.4,N/A , N/A , N/A,33,stable,1.9 ,-2.9, 16.2
"Alachua County, Florida(2)",12001,Urban,111.4 ,103.7, 119.5,N/A , N/A , N/A,164,rising,4.5 ,1.0, 11.0
"Georgetown County, South Carolina(2)",45043,Rural,111.4 ,98.8, 125.6,N/A , N/A , N/A,65,falling,-3.7 ,-5.1, -2.3
"Adams County, Indiana(2)",18001,Rural,111.4 ,91.7, 134.2,N/A , N/A , N/A,23,stable,-1.5 ,-3.7, 0.8
"Monroe County, Ohio(2)",39111,Rural,111.3 ,85.5, 144.4,N/A , N/A , N/A,13,stable,-1.0 ,-3.0, 1.0
"Scott County, Kentucky(7)",21209,Urban,111.3 ,94.4, 130.6,N/A , N/A , N/A,34,falling,-3.3 ,-4.5, -1.8
"Campbell County, Tennessee(2)",47013,Urban,111.3 ,95, 130.1,N/A , N/A , N/A,34,stable,-1.0 ,-3.3, 1.6
"Greene County, Iowa(7)",19073,Rural,111.3 ,79.5, 154.3,N/A , N/A , N/A,8,stable,0.0 ,-1.5, 1.6
"San Diego County, California(7)",06073,Urban,111.3 ,109, 113.5,N/A , N/A , N/A,2037,rising,2.1 ,0.4, 5.1
"Brunswick County, North Carolina(2)",37019,Urban,111.2 ,103.4, 119.7,N/A , N/A , N/A,180,stable,-0.4 ,-1.6, 1.2
"Marion County, Florida(2)",12083,Urban,111.2 ,106.1, 116.5,N/A , N/A , N/A,394,falling,-3.7 ,-4.6, -2.8
"Lonoke County, Arkansas(2)",05085,Urban,111.2 ,96.7, 127.3,N/A , N/A , N/A,45,falling,-2.5 ,-4.0, -1.0
"Tipton County, Indiana(2)",18159,Urban,111.2 ,85.8, 143,N/A , N/A , N/A,14,stable,-0.7 ,-3.6, 2.5
"Arenac County, Michigan(2)",26011,Rural,111.1 ,88.7, 139.8,N/A , N/A , N/A,18,stable,-2.1 ,-4.9, 0.6
"Mercer County, Pennsylvania(2)",42085,Rural,111.1 ,101.2, 121.9,N/A , N/A , N/A,98,falling,-3.6 ,-5.1, -2.3
"Scotts Bluff County, Nebraska(2)",31157,Rural,111.1 ,92.8, 132.2,N/A , N/A , N/A,27,stable,2.3 ,-2.3, 14.3
"Atkinson County, Georgia(7)",13003,Rural,111.1 ,72.6, 164.6,N/A , N/A , N/A,5,stable,0.0 ,-3.1, 4.0
"Madison County, Montana(2)",30057,Rural,111 ,83.7, 149.4,N/A , N/A , N/A,12,stable,-1.0 ,-4.1, 2.7
"La Salle Parish, Louisiana(7)",22059,Rural,111 ,82, 147.7,N/A , N/A , N/A,10,falling,-3.0 ,-5.4, -0.7
"Todd County, Kentucky(7)",21219,Rural,111 ,80, 151.1,N/A , N/A , N/A,9,stable,-2.4 ,-6.9, 2.1
"Franklin Parish, Louisiana(7)",22041,Rural,111 ,86.2, 141.5,N/A , N/A , N/A,15,stable,-1.5 ,-3.6, 0.7
"Christian County, Kentucky(7)",21047,Urban,111 ,94.8, 129.1,N/A , N/A , N/A,35,stable,4.0 ,-2.5, 15.7
"Milam County, Texas(7)",48331,Rural,111 ,91.1, 134.6,N/A , N/A , N/A,23,falling,-2.0 ,-3.6, -0.3
"San Augustine County, Texas(7)",48405,Rural,111 ,78.2, 156.5,N/A , N/A , N/A,8,stable,-2.0 ,-4.6, 0.6
"Jefferson County, Iowa(7)",19101,Rural,110.9 ,86.7, 141.4,N/A , N/A , N/A,17,falling,-1.5 ,-2.7, -0.1
"Wolfe County, Kentucky(7)",21237,Rural,110.9 ,72.4, 166.2,N/A , N/A , N/A,6,stable,-1.9 ,-5.1, 1.7
"Jackson County, North Carolina(2)",37099,Rural,110.9 ,94.2, 130.1,N/A , N/A , N/A,33,stable,-2.3 ,-4.6, 0.1
"Etowah County, Alabama(2)",01055,Urban,110.8 ,99.8, 123,N/A , N/A , N/A,78,stable,8.8 ,-0.2, 15.8
"Greene County, Mississippi(2)",28041,Rural,110.8 ,80.6, 149.1,N/A , N/A , N/A,9,stable,0.1 ,-3.2, 4.2
"Snohomish County, Washington(7)",53061,Urban,110.8 ,106.3, 115.3,N/A , N/A , N/A,526,rising,2.2 ,0.3, 5.1
"Linn County, Oregon(2)",41043,Urban,110.7 ,101, 121.3,N/A , N/A , N/A,100,stable,3.7 ,-0.9, 13.6
"Cambria County, Pennsylvania(2)",42021,Urban,110.7 ,101.9, 120.3,N/A , N/A , N/A,123,stable,1.2 ,-4.7, 10.9
"Lycoming County, Pennsylvania(2)",42081,Urban,110.7 ,100.5, 121.7,N/A , N/A , N/A,92,stable,7.7 ,-0.6, 17.3
"Centre County, Pennsylvania(2)",42027,Urban,110.7 ,101, 121.2,N/A , N/A , N/A,100,falling,-2.5 ,-3.9, -1.1
"Payette County, Idaho(7)",16075,Rural,110.6 ,90.2, 135,N/A , N/A , N/A,21,stable,3.5 ,-5.8, 20.7
"Kewaunee County, Wisconsin(2)",55061,Urban,110.6 ,89.4, 136.4,N/A , N/A , N/A,20,falling,-3.3 ,-5.7, -1.0
"Cooper County, Missouri(2)",29053,Urban,110.6 ,84.9, 142.4,N/A , N/A , N/A,13,stable,-1.2 ,-4.1, 1.8
"Berkeley County, South Carolina(2)",45015,Urban,110.6 ,102.4, 119.3,N/A , N/A , N/A,145,stable,0.3 ,-2.8, 7.2
"LaPorte County, Indiana(2)",18091,Urban,110.6 ,100.1, 121.9,N/A , N/A , N/A,88,stable,3.9 ,0.0, 10.0
"Tishomingo County, Mississippi(2)",28141,Rural,110.6 ,85.7, 141.3,N/A , N/A , N/A,14,stable,-0.6 ,-4.1, 2.9
"Middlesex County, Massachusetts(2)",25017,Urban,110.6 ,107.6, 113.7,N/A , N/A , N/A,1078,stable,1.2 ,-1.9, 7.5
"Jasper County, Indiana(2)",18073,Urban,110.6 ,91.7, 132.6,N/A , N/A , N/A,26,falling,-8.4 ,-18.3, -0.5
"Montgomery County, Georgia(7)",13209,Rural,110.6 ,74.5, 159.9,N/A , N/A , N/A,6,stable,-1.1 ,-3.5, 1.7
"Montgomery County, Indiana(2)",18107,Rural,110.5 ,93.1, 130.6,N/A , N/A , N/A,30,rising,7.4 ,0.3, 23.4
"Greenup County, Kentucky(7)",21089,Urban,110.5 ,93, 130.8,N/A , N/A , N/A,29,stable,-1.8 ,-3.5, 0.0
"Lafayette County, Arkansas(2)",05073,Rural,110.5 ,72.6, 165.6,N/A , N/A , N/A,6,stable,-1.7 ,-5.9, 2.4
"Greene County, New York(7)",36039,Rural,110.5 ,96.2, 126.7,N/A , N/A , N/A,45,stable,-1.9 ,-3.7, 0.1
"McLeod County, Minnesota(2)",27085,Rural,110.4 ,93.2, 130.2,N/A , N/A , N/A,30,falling,-4.6 ,-7.1, -2.4
"Gordon County, Georgia(7)",13129,Rural,110.4 ,94.8, 128,N/A , N/A , N/A,38,rising,13.2 ,6.6, 23.5
"Los Alamos County, New Mexico(7)",35028,Rural,110.3 ,86.6, 139.3,N/A , N/A , N/A,15,falling,-2.9 ,-4.3, -1.4
"Pickens County, Alabama(2)",01107,Urban,110.3 ,86.4, 139.7,N/A , N/A , N/A,15,falling,-3.6 ,-6.7, -0.8
"Nolan County, Texas(7)",48353,Rural,110.3 ,82.2, 145.8,N/A , N/A , N/A,11,stable,-2.6 ,-5.5, 0.2
"Dallam County, Texas(7)",48111,Rural,110.3 ,62.2, 179.4,N/A , N/A , N/A,3,*,*,*,*
"Bosque County, Texas(7)",48035,Urban,110.3 ,88.4, 137.3,N/A , N/A , N/A,19,stable,-1.7 ,-3.7, 0.5
"Alcorn County, Mississippi(2)",28003,Rural,110.2 ,91.6, 131.9,N/A , N/A , N/A,25,stable,-1.4 ,-4.1, 1.3
"Washington County, Pennsylvania(2)",42125,Urban,110.2 ,103, 117.9,N/A , N/A , N/A,181,stable,9.6 ,-1.1, 16.7
"Lancaster County, South Carolina(2)",45057,Urban,110.1 ,99.3, 122,N/A , N/A , N/A,78,falling,-2.2 ,-3.4, -0.9
"Snyder County, Pennsylvania(2)",42109,Rural,110.1 ,93.5, 129.3,N/A , N/A , N/A,32,falling,-2.7 ,-5.3, -0.1
"Macon County, Tennessee(2)",47111,Urban,110.1 ,87.8, 136.7,N/A , N/A , N/A,18,stable,-0.7 ,-3.2, 2.1
"Tate County, Mississippi(2)",28137,Urban,110.1 ,89.7, 134.3,N/A , N/A , N/A,21,stable,-0.8 ,-3.8, 2.5
"Barnwell County, South Carolina(2)",45011,Rural,110 ,85.9, 139.5,N/A , N/A , N/A,15,stable,6.1 ,-0.6, 22.8
"Newton County, Arkansas(2)",05101,Rural,110 ,77.8, 155.7,N/A , N/A , N/A,8,stable,-2.7 ,-6.4, 0.8
"Stone County, Missouri(2)",29209,Rural,110 ,94.2, 128.7,N/A , N/A , N/A,40,stable,-2.1 ,-4.4, 0.2
"Cumberland County, Tennessee(2)",47035,Rural,110 ,98.5, 122.9,N/A , N/A , N/A,73,falling,-3.4 ,-4.5, -2.3
"Pierce County, North Dakota(2)",38069,Rural,110 ,66.7, 178.9,N/A , N/A , N/A,4,*,*,*,*
"Richland County, North Dakota(2)",38077,Rural,109.9 ,84.1, 142.1,N/A , N/A , N/A,13,stable,-1.7 ,-4.0, 0.5
"Delaware County, Indiana(2)",18035,Urban,109.9 ,99, 121.8,N/A , N/A , N/A,76,stable,2.0 ,-2.7, 10.8
"Wallowa County, Oregon(2)",41063,Rural,109.9 ,78, 156.3,N/A , N/A , N/A,9,stable,-4.0 ,-8.8, 0.1
"Bristol County, Rhode Island(2)",44001,Urban,109.9 ,95.1, 126.6,N/A , N/A , N/A,42,stable,-1.8 ,-3.8, 0.2
"Van Buren County, Arkansas(2)",05141,Rural,109.8 ,87.1, 138.6,N/A , N/A , N/A,17,stable,-2.6 ,-5.7, 0.2
"Middlesex County, Virginia(2)",51119,Rural,109.8 ,82.8, 146.5,N/A , N/A , N/A,13,stable,-0.5 ,-3.5, 2.7
"Young County, Texas(7)",48503,Rural,109.8 ,85.8, 139.4,N/A , N/A , N/A,15,rising,14.4 ,1.5, 41.4
"Wright County, Minnesota(2)",27171,Urban,109.8 ,99.4, 121,N/A , N/A , N/A,88,stable,1.9 ,-4.4, 11.3
"Sonoma County, California(7)",06097,Urban,109.8 ,104.9, 114.9,N/A , N/A , N/A,399,rising,4.9 ,0.9, 10.8
"Bureau County, Illinois(7)",17011,Rural,109.7 ,92, 130.3,N/A , N/A , N/A,29,stable,-2.2 ,-4.9, 0.5
"Grant Parish, Louisiana(7)",22043,Urban,109.7 ,85.4, 139,N/A , N/A , N/A,15,stable,-2.3 ,-4.7, 0.3
"Iron County, Utah(7)",49021,Rural,109.7 ,93, 128.6,N/A , N/A , N/A,33,falling,-3.2 ,-4.2, -2.1
"Collier County, Florida(2)",12021,Urban,109.7 ,104.9, 114.7,N/A , N/A , N/A,441,falling,-2.7 ,-4.3, -1.2
"Chester County, Pennsylvania(2)",42029,Urban,109.6 ,104.7, 114.7,N/A , N/A , N/A,390,falling,-3.4 ,-4.7, -2.2
"Holt County, Nebraska(2)",31089,Rural,109.6 ,77.2, 152.5,N/A , N/A , N/A,8,falling,-3.5 ,-6.3, -1.0
"Benton County, Iowa(7)",19011,Urban,109.5 ,89.4, 133.4,N/A , N/A , N/A,22,falling,-2.5 ,-3.9, -1.1
"Cooke County, Texas(7)",48097,Rural,109.5 ,92.8, 128.6,N/A , N/A , N/A,33,stable,-1.5 ,-3.3, 0.5
"Winnebago County, Wisconsin(2)",55139,Urban,109.5 ,100.7, 118.8,N/A , N/A , N/A,122,stable,0.2 ,-2.3, 8.0
"Vernon Parish, Louisiana(7)",22115,Rural,109.4 ,91, 130.6,N/A , N/A , N/A,26,stable,5.4 ,-3.4, 22.9
"Boulder County, Colorado(2)",08013,Urban,109.4 ,102.6, 116.5,N/A , N/A , N/A,210,stable,3.7 ,-2.2, 14.7
"Garfield County, Oklahoma(2)",40047,Urban,109.4 ,94.7, 125.9,N/A , N/A , N/A,41,stable,3.4 ,-2.2, 14.6
"Latimer County, Oklahoma(2)",40077,Rural,109.4 ,76.8, 152.9,N/A , N/A , N/A,8,stable,-0.4 ,-4.3, 3.7
"Mono County, California(7)",06051,Rural,109.4 ,82.1, 144.3,N/A , N/A , N/A,12,stable,-1.2 ,-4.6, 3.2
"Fulton County, Kentucky(7)",21075,Rural,109.4 ,71.2, 163.8,N/A , N/A , N/A,5,*,*,*,*
"Providence County, Rhode Island(2)",44007,Urban,109.4 ,104.7, 114.2,N/A , N/A , N/A,431,stable,1.7 ,-0.4, 6.0
"Campbell County, Virginia(2)",51031,Urban,109.3 ,95.3, 125.2,N/A , N/A , N/A,45,rising,4.9 ,1.1, 11.3
"Rice County, Minnesota(2)",27131,Rural,109.3 ,95.5, 124.7,N/A , N/A , N/A,47,stable,-1.7 ,-3.8, 0.5
"Lincoln County, Oklahoma(2)",40081,Urban,109.3 ,91.3, 130.3,N/A , N/A , N/A,27,stable,9.3 ,-3.2, 25.8
"Bennington County, Vermont(2)",50003,Rural,109.3 ,93.5, 127.7,N/A , N/A , N/A,36,stable,1.0 ,-5.7, 16.2
"Warren County, Indiana(2)",18171,Urban,109.3 ,76.4, 154.3,N/A , N/A , N/A,7,stable,-0.5 ,-3.9, 3.3
"Gladwin County, Michigan(2)",26051,Rural,109.3 ,91.4, 130.8,N/A , N/A , N/A,28,stable,3.0 ,-3.6, 18.7
"Dona Ana County, New Mexico(7)",35013,Urban,109.3 ,101.2, 117.8,N/A , N/A , N/A,142,falling,-10.2 ,-16.7, -2.0
"Washington County, Vermont(2)",50023,Rural,109.3 ,95.9, 124.3,N/A , N/A , N/A,51,stable,11.4 ,-0.9, 20.3
"Floyd County, Georgia(7)",13115,Urban,109.2 ,97.7, 121.8,N/A , N/A , N/A,68,stable,3.8 ,-1.2, 16.0
"Bleckley County, Georgia(7)",13023,Rural,109.2 ,79.3, 148,N/A , N/A , N/A,9,stable,-1.3 ,-3.5, 1.2
"King William County, Virginia(2)",51101,Urban,109.2 ,83.6, 140.8,N/A , N/A , N/A,13,stable,10.4 ,-4.5, 22.4
"Chenango County, New York(7)",36017,Rural,109.2 ,94.9, 125.4,N/A , N/A , N/A,44,stable,1.1 ,-2.4, 8.9
"Roscommon County, Michigan(2)",26143,Rural,109.1 ,91.9, 130.5,N/A , N/A , N/A,33,falling,-3.8 ,-5.6, -2.2
"Washington County, Idaho(7)",16087,Rural,109.1 ,81.8, 145.2,N/A , N/A , N/A,11,stable,-1.8 ,-3.9, 0.6
"Genesee County, Michigan(2)",26049,Urban,109 ,103.4, 114.9,N/A , N/A , N/A,293,stable,1.8 ,-0.9, 7.4
"Monongalia County, West Virginia(2)",54061,Urban,109 ,96.4, 122.8,N/A , N/A , N/A,59,rising,4.0 ,0.7, 10.4
"Hudson County, New Jersey(7)",34017,Urban,109 ,103.9, 114.3,N/A , N/A , N/A,361,stable,0.2 ,-1.5, 3.2
"Webster County, Mississippi(2)",28155,Rural,109 ,72.6, 158,N/A , N/A , N/A,7,stable,-4.0 ,-8.4, 0.1
"Seneca County, Ohio(2)",39147,Rural,109 ,94.5, 125.3,N/A , N/A , N/A,43,rising,7.1 ,0.2, 22.4
"Osceola County, Florida(2)",12097,Urban,108.9 ,102.4, 115.6,N/A , N/A , N/A,224,falling,-1.6 ,-2.6, -0.3
"Marshall County, West Virginia(2)",54051,Urban,108.9 ,91.1, 129.8,N/A , N/A , N/A,28,stable,-1.8 ,-3.8, 0.1
"Preble County, Ohio(2)",39135,Rural,108.8 ,92.2, 128,N/A , N/A , N/A,32,stable,-1.1 ,-2.9, 0.6
"Pinellas County, Florida(2)",12103,Urban,108.8 ,105.6, 112.1,N/A , N/A , N/A,914,stable,1.2 ,-5.3, 7.7
"Choctaw County, Mississippi(2)",28019,Rural,108.8 ,75.3, 154.8,N/A , N/A , N/A,7,stable,0.7 ,-2.1, 3.8
"Owyhee County, Idaho(7)",16073,Urban,108.8 ,79.7, 146.3,N/A , N/A , N/A,10,falling,-3.2 ,-5.9, -0.2
"Hunt County, Texas(7)",48231,Urban,108.8 ,97.2, 121.4,N/A , N/A , N/A,68,stable,6.0 ,-2.7, 19.9
"Carbon County, Pennsylvania(2)",42025,Urban,108.7 ,96.6, 122.4,N/A , N/A , N/A,61,stable,9.1 ,-1.4, 16.6
"Dawson County, Georgia(7)",13085,Urban,108.7 ,89.9, 131.2,N/A , N/A , N/A,24,falling,-2.7 ,-4.3, -0.6
"Van Wert County, Ohio(2)",39161,Rural,108.7 ,88.9, 132.1,N/A , N/A , N/A,22,stable,0.2 ,-2.5, 3.2
"Burnet County, Texas(7)",48053,Rural,108.7 ,94.7, 124.7,N/A , N/A , N/A,46,falling,-3.3 ,-5.2, -1.5
"Stokes County, North Carolina(2)",37169,Urban,108.7 ,93.6, 126.1,N/A , N/A , N/A,39,stable,0.4 ,-1.1, 2.2
"Wayne County, Ohio(2)",39169,Rural,108.7 ,98.5, 119.8,N/A , N/A , N/A,87,stable,4.6 ,-0.1, 17.0
"Kalamazoo County, Michigan(2)",26077,Urban,108.7 ,101.2, 116.6,N/A , N/A , N/A,163,stable,0.7 ,-1.9, 5.9
"Maverick County, Texas(7)",48323,Urban,108.7 ,90.8, 128.9,N/A , N/A , N/A,27,falling,-20.5 ,-29.4, -11.2
"Harlan County, Nebraska(2)",31083,Rural,108.6 ,63.9, 187.1,N/A , N/A , N/A,4,falling,-4.3 ,-7.2, -1.9
"Owen County, Indiana(2)",18119,Urban,108.6 ,86.3, 135.6,N/A , N/A , N/A,18,stable,-0.7 ,-2.6, 1.3
"Pulaski County, Missouri(2)",29169,Rural,108.6 ,88.9, 131.2,N/A , N/A , N/A,22,falling,-3.2 ,-5.8, -0.4
"Hardin County, Texas(7)",48199,Urban,108.5 ,93.3, 125.6,N/A , N/A , N/A,39,stable,2.3 ,-2.3, 12.6
"Jefferson County, Nebraska(2)",31095,Rural,108.5 ,74.1, 157.1,N/A , N/A , N/A,7,stable,-0.4 ,-4.7, 3.8
"Pontotoc County, Mississippi(2)",28115,Rural,108.4 ,87.3, 133.3,N/A , N/A , N/A,19,falling,-4.4 ,-15.7, -1.0
"Buchanan County, Missouri(2)",29021,Urban,108.4 ,95.6, 122.4,N/A , N/A , N/A,55,stable,-0.6 ,-1.8, 0.6
"Hocking County, Ohio(2)",39073,Urban,108.4 ,89.4, 130.8,N/A , N/A , N/A,24,stable,-1.8 ,-5.2, 1.6
"Grafton County, New Hampshire(2)",33009,Rural,108.4 ,97.9, 119.9,N/A , N/A , N/A,82,stable,3.7 ,-1.5, 13.7
"Uintah County, Utah(7)",49047,Rural,108.4 ,86.8, 133.7,N/A , N/A , N/A,19,falling,-1.7 ,-2.8, -0.4
"Spencer County, Indiana(2)",18147,Rural,108.3 ,86.5, 135,N/A , N/A , N/A,18,stable,-0.1 ,-2.3, 2.3
"Douglas County, Nevada(2)",32005,Rural,108.3 ,96.2, 122.2,N/A , N/A , N/A,63,falling,-9.8 ,-15.9, -3.8
"Erie County, Ohio(2)",39043,Urban,108.3 ,96.8, 121,N/A , N/A , N/A,68,rising,4.6 ,1.6, 9.6
"Warren County, Tennessee(2)",47177,Rural,108.3 ,91.4, 127.6,N/A , N/A , N/A,31,stable,-2.0 ,-15.0, 0.9
"Orleans County, Vermont(2)",50019,Rural,108.3 ,89.2, 130.9,N/A , N/A , N/A,25,stable,11.8 ,-0.3, 26.4
"Winn Parish, Louisiana(7)",22127,Rural,108.2 ,80.4, 143.5,N/A , N/A , N/A,10,falling,-3.9 ,-6.3, -1.7
"Marengo County, Alabama(2)",01091,Rural,108.2 ,84.3, 137.7,N/A , N/A , N/A,15,falling,-5.2 ,-16.6, -2.0
"Berkeley County, West Virginia(2)",54003,Urban,108.2 ,97.4, 120,N/A , N/A , N/A,81,stable,-1.2 ,-2.3, 0.1
"Oconto County, Wisconsin(2)",55083,Urban,108.2 ,92.8, 126,N/A , N/A , N/A,39,stable,0.5 ,-2.9, 9.4
"Saline County, Arkansas(2)",05125,Urban,108 ,98.1, 118.8,N/A , N/A , N/A,89,falling,-3.4 ,-4.6, -2.2
"Woodford County, Illinois(7)",17203,Urban,108 ,91, 127.7,N/A , N/A , N/A,30,falling,-2.9 ,-4.6, -1.1
"Lawrence County, Alabama(2)",01079,Urban,108 ,89.8, 129.2,N/A , N/A , N/A,26,falling,-2.2 ,-4.3, -0.1
"Salt Lake County, Utah(7)",49035,Urban,107.9 ,103.9, 112.1,N/A , N/A , N/A,581,rising,2.8 ,0.6, 5.7
"Allegheny County, Pennsylvania(2)",42003,Urban,107.9 ,104.7, 111.1,N/A , N/A , N/A,936,rising,3.0 ,0.9, 6.4
"Albemarle County, Virginia(2)",51003,Urban,107.9 ,97.5, 119.2,N/A , N/A , N/A,81,rising,3.7 ,1.0, 8.3
"Grayson County, Texas(7)",48181,Urban,107.9 ,98.2, 118.3,N/A , N/A , N/A,98,stable,0.4 ,-2.3, 8.4
"Essex County, Massachusetts(2)",25009,Urban,107.9 ,103.9, 112,N/A , N/A , N/A,580,falling,-3.0 ,-4.0, -2.0
"Beltrami County, Minnesota(2)",27007,Rural,107.9 ,90.9, 127.2,N/A , N/A , N/A,30,falling,-4.8 ,-8.0, -2.0
"Northumberland County, Virginia(2)",51133,Rural,107.9 ,81.7, 143.6,N/A , N/A , N/A,15,stable,16.6 ,-3.8, 32.4
"Sequatchie County, Tennessee(2)",47153,Urban,107.8 ,82.9, 138.9,N/A , N/A , N/A,14,stable,-0.1 ,-3.0, 3.5
"McClain County, Oklahoma(2)",40087,Urban,107.7 ,90.4, 127.7,N/A , N/A , N/A,29,falling,-3.0 ,-5.1, -0.8
"Van Zandt County, Texas(7)",48467,Rural,107.7 ,94.2, 122.9,N/A , N/A , N/A,48,stable,3.6 ,-1.3, 12.5
"Walker County, Alabama(2)",01127,Urban,107.7 ,94.3, 122.7,N/A , N/A , N/A,49,stable,-1.0 ,-2.7, 0.8
"Llano County, Texas(7)",48299,Rural,107.7 ,89.8, 130.1,N/A , N/A , N/A,28,rising,7.9 ,1.3, 25.3
"Custer County, Nebraska(2)",31041,Rural,107.7 ,78.8, 145.8,N/A , N/A , N/A,10,falling,-3.3 ,-5.9, -1.1
"Jefferson County, Wisconsin(2)",55055,Rural,107.6 ,96, 120.4,N/A , N/A , N/A,67,falling,-3.3 ,-5.4, -1.1
"Sevier County, Utah(7)",49041,Rural,107.6 ,84.4, 135.8,N/A , N/A , N/A,15,stable,-0.6 ,-4.5, 7.9
"Brevard County, Florida(2)",12009,Urban,107.6 ,103.6, 111.7,N/A , N/A , N/A,564,stable,1.5 ,-1.0, 6.7
"Moultrie County, Illinois(7)",17139,Rural,107.5 ,79.7, 142.8,N/A , N/A , N/A,10,stable,6.9 ,-1.5, 23.8
"Butler County, Ohio(2)",39017,Urban,107.5 ,101.5, 113.9,N/A , N/A , N/A,251,rising,7.7 ,2.8, 15.9
"Palm Beach County, Florida(2)",12099,Urban,107.5 ,104.8, 110.2,N/A , N/A , N/A,1271,falling,-1.3 ,-2.3, -0.3
"Henry County, Ohio(2)",39069,Rural,107.5 ,87.2, 131.5,N/A , N/A , N/A,21,stable,-0.5 ,-2.8, 1.8
"Blair County, Pennsylvania(2)",42013,Urban,107.5 ,97.9, 117.8,N/A , N/A , N/A,98,stable,-0.8 ,-2.8, 1.2
"Mineral County, Nevada(2)",32021,Rural,107.4 ,68.4, 169.1,N/A , N/A , N/A,5,*,*,*,*
"Yolo County, California(7)",06113,Urban,107.4 ,98.6, 116.8,N/A , N/A , N/A,114,rising,11.6 ,5.2, 21.9
"McDonough County, Illinois(7)",17109,Rural,107.4 ,86.4, 132.5,N/A , N/A , N/A,19,falling,-1.9 ,-3.4, -0.5
"Avery County, North Carolina(2)",37011,Rural,107.4 ,84.7, 135.5,N/A , N/A , N/A,16,falling,-1.8 ,-3.3, -0.2
"Delaware County, Pennsylvania(2)",42045,Urban,107.4 ,102.5, 112.5,N/A , N/A , N/A,386,falling,-4.5 ,-8.9, -3.5
"Grand Forks County, North Dakota(2)",38035,Urban,107.4 ,92.7, 123.8,N/A , N/A , N/A,41,falling,-3.8 ,-5.9, -1.7
"Yakima County, Washington(2)",53077,Urban,107.4 ,99.6, 115.5,N/A , N/A , N/A,148,rising,5.3 ,0.9, 13.5
"Sanpete County, Utah(7)",49039,Rural,107.3 ,85.5, 133.3,N/A , N/A , N/A,18,rising,19.9 ,3.1, 35.0
"Granite County, Montana(2)",30039,Rural,107.3 ,61.2, 188.8,N/A , N/A , N/A,4,stable,-1.7 ,-5.9, 2.8
"Furnas County, Nebraska(2)",31065,Rural,107.2 ,64.4, 173.1,N/A , N/A , N/A,4,stable,-3.2 ,-9.7, 2.7
"Ashtabula County, Ohio(2)",39007,Urban,107.2 ,96.7, 118.7,N/A , N/A , N/A,80,stable,4.9 ,-0.9, 18.4
"Tuscola County, Michigan(2)",26157,Rural,107.2 ,93.6, 122.6,N/A , N/A , N/A,47,stable,4.8 ,-0.8, 19.3
"Mahaska County, Iowa(7)",19123,Rural,107.2 ,83.9, 135.3,N/A , N/A , N/A,15,falling,-1.9 ,-3.2, -0.7
"Clinton County, Ohio(2)",39027,Rural,107.2 ,90.1, 126.8,N/A , N/A , N/A,30,stable,-2.1 ,-4.2, 0.2
"Bethel Census Area, Alaska(2)",02050,Rural,107.2 ,45, 200.6,N/A , N/A , N/A,5,*,*,*,*
"Miller County, Georgia(7)",13201,Rural,107.1 ,69.2, 162.7,N/A , N/A , N/A,5,stable,-2.6 ,-6.5, 1.5
"Kern County, California(7)",06029,Urban,107.1 ,102.6, 111.8,N/A , N/A , N/A,454,rising,3.3 ,1.3, 7.2
"Randolph County, North Carolina(2)",37151,Urban,107.1 ,98, 116.8,N/A , N/A , N/A,109,falling,-3.0 ,-5.6, -2.3
"Rolette County, North Dakota(2)",38079,Rural,107.1 ,71.9, 153.5,N/A , N/A , N/A,7,falling,-3.6 ,-7.3, -0.4
"Pike County, Illinois(7)",17149,Rural,107.1 ,81, 139.9,N/A , N/A , N/A,12,stable,-1.3 ,-4.4, 1.8
"Honolulu County, Hawaii(7)",15003,Urban,107 ,103.5, 110.7,N/A , N/A , N/A,707,stable,-2.0 ,-4.1, 0.7
"Douglas County, Colorado(2)",08035,Urban,106.9 ,100.3, 113.9,N/A , N/A , N/A,211,stable,3.1 ,-5.5, 16.5
"Johnson County, Wyoming(2)",56019,Rural,106.9 ,77.7, 147.6,N/A , N/A , N/A,9,stable,-0.9 ,-4.4, 3.2
"Trimble County, Kentucky(7)",21223,Rural,106.9 ,70.7, 156.6,N/A , N/A , N/A,6,stable,-2.4 ,-6.4, 2.3
"Union Parish, Louisiana(7)",22111,Urban,106.9 ,85.8, 132.6,N/A , N/A , N/A,19,falling,-2.6 ,-4.9, -0.2
"Comanche County, Oklahoma(2)",40031,Urban,106.9 ,95.4, 119.4,N/A , N/A , N/A,67,stable,-0.6 ,-2.1, 0.9
"Butler County, Kentucky(7)",21031,Urban,106.9 ,77.6, 144.8,N/A , N/A , N/A,9,stable,-3.0 ,-6.8, 0.6
"Clinch County, Georgia(7)",13065,Rural,106.9 ,65.8, 166.5,N/A , N/A , N/A,4,falling,-3.7 ,-7.4, -0.1
"Humphreys County, Mississippi(2)",28053,Rural,106.8 ,71.1, 157.2,N/A , N/A , N/A,6,stable,16.7 ,-6.6, 43.1
"Pipestone County, Minnesota(2)",27117,Rural,106.8 ,74.6, 150.2,N/A , N/A , N/A,7,stable,-2.4 ,-6.0, 0.9
"Blackford County, Indiana(2)",18009,Rural,106.8 ,79, 143,N/A , N/A , N/A,10,stable,-2.0 ,-4.4, 0.3
"Douglas County, Washington(2)",53017,Urban,106.8 ,90.4, 125.5,N/A , N/A , N/A,31,falling,-3.4 ,-4.9, -1.8
"Bannock County, Idaho(7)",16005,Urban,106.8 ,93.7, 121.2,N/A , N/A , N/A,53,stable,4.7 ,-2.4, 12.9
"Deaf Smith County, Texas(7)",48117,Rural,106.7 ,78.3, 142.1,N/A , N/A , N/A,10,stable,-0.9 ,-2.6, 0.9
"Greenwood County, South Carolina(2)",45047,Rural,106.7 ,93.5, 121.5,N/A , N/A , N/A,49,falling,-2.6 ,-4.5, -0.8
"Montgomery County, Tennessee(2)",47125,Urban,106.7 ,96.8, 117.4,N/A , N/A , N/A,94,falling,-1.7 ,-6.3, -0.4
"Wilbarger County, Texas(7)",48487,Rural,106.7 ,77.6, 144.1,N/A , N/A , N/A,9,falling,-2.9 ,-5.3, -0.5
"Robertson County, Tennessee(2)",47147,Urban,106.7 ,93, 121.9,N/A , N/A , N/A,47,falling,-1.8 ,-3.4, -0.1
"Prince William County, Virginia(2)",51153,Urban,106.5 ,100.2, 113.2,N/A , N/A , N/A,238,rising,3.8 ,0.2, 12.9
"Scott County, Minnesota(2)",27139,Urban,106.5 ,96.1, 117.9,N/A , N/A , N/A,84,falling,-2.5 ,-4.1, -0.7
"Galveston County, Texas(7)",48167,Urban,106.5 ,100.1, 113.2,N/A , N/A , N/A,227,stable,0.3 ,-1.8, 4.1
"Windham County, Connecticut(7)",09015,Urban,106.5 ,96.3, 117.5,N/A , N/A , N/A,87,stable,1.6 ,-1.5, 10.6
"Carver County, Minnesota(2)",27019,Urban,106.5 ,94.8, 119.3,N/A , N/A , N/A,67,stable,0.3 ,-2.6, 6.1
"Berrien County, Michigan(2)",26021,Urban,106.5 ,97.9, 115.6,N/A , N/A , N/A,121,stable,3.2 ,-3.5, 11.0
"Falls Church City, Virginia(2)",51610,Urban,106.4 ,76, 145.4,N/A , N/A , N/A,9,stable,-2.6 ,-6.1, 0.9
"Jo Daviess County, Illinois(7)",17085,Rural,106.4 ,87.9, 129.1,N/A , N/A , N/A,25,falling,-2.4 ,-4.1, -0.6
"Cumberland County, Pennsylvania(2)",42041,Urban,106.4 ,99.5, 113.7,N/A , N/A , N/A,185,rising,8.9 ,4.2, 17.7
"Columbia County, Wisconsin(2)",55021,Urban,106.4 ,92.6, 121.9,N/A , N/A , N/A,46,stable,6.6 ,-2.7, 16.6
"Cass County, Illinois(7)",17017,Rural,106.4 ,77.4, 143.6,N/A , N/A , N/A,9,stable,0.4 ,-2.4, 9.6
"Madison County, Florida(2)",12079,Rural,106.4 ,83, 135.3,N/A , N/A , N/A,15,stable,-0.8 ,-3.3, 1.7
"Howard County, Texas(7)",48227,Rural,106.4 ,85.8, 130.4,N/A , N/A , N/A,20,stable,-2.3 ,-9.7, 13.7
"Rockcastle County, Kentucky(7)",21203,Rural,106.3 ,80.8, 138.4,N/A , N/A , N/A,12,stable,-2.0 ,-4.9, 0.9
"Bonneville County, Idaho(7)",16019,Urban,106.3 ,95.1, 118.4,N/A , N/A , N/A,70,falling,-10.9 ,-17.9, -2.3
"Orange County, California(7)",06059,Urban,106.2 ,104.1, 108.4,N/A , N/A , N/A,1984,rising,2.5 ,0.8, 5.9
"Carter County, Missouri(2)",29035,Rural,106.2 ,65.4, 167.5,N/A , N/A , N/A,4,*,*,*,*
"White County, Tennessee(2)",47185,Rural,106.2 ,86.6, 129.4,N/A , N/A , N/A,21,falling,-3.2 ,-5.7, -0.8
"Schoharie County, New York(7)",36095,Urban,106.2 ,88.8, 126.7,N/A , N/A , N/A,27,stable,-1.2 ,-3.2, 0.9
"Ransom County, North Dakota(2)",38073,Rural,106.2 ,67.9, 162.2,N/A , N/A , N/A,5,stable,-1.9 ,-5.0, 1.1
"Cocke County, Tennessee(2)",47029,Rural,106.2 ,89.5, 125.6,N/A , N/A , N/A,31,stable,-0.7 ,-3.3, 2.1
"Marion County, Oregon(2)",41047,Urban,106.1 ,99.8, 112.8,N/A , N/A , N/A,218,stable,1.0 ,-2.0, 8.7
"Barry County, Michigan(2)",26015,Urban,106.1 ,92.7, 121.2,N/A , N/A , N/A,50,falling,-3.3 ,-5.5, -1.1
"Patrick County, Virginia(2)",51141,Rural,106.1 ,84.8, 132.8,N/A , N/A , N/A,18,rising,26.5 ,1.5, 45.4
"Cecil County, Maryland(2)",24015,Urban,106.1 ,95.3, 117.8,N/A , N/A , N/A,76,falling,-2.4 ,-3.7, -1.1
"Pennington County, South Dakota(2)",46103,Urban,106.1 ,95.7, 117.4,N/A , N/A , N/A,85,stable,4.1 ,-1.8, 19.9
"Guernsey County, Ohio(2)",39059,Rural,106.1 ,89.6, 125.1,N/A , N/A , N/A,31,stable,-0.3 ,-2.5, 2.1
"Power County, Idaho(7)",16077,Rural,106.1 ,70, 156,N/A , N/A , N/A,6,stable,-0.2 ,-4.3, 4.7
"Benton County, Arkansas(2)",05007,Urban,106.1 ,98.6, 114,N/A , N/A , N/A,155,stable,-3.3 ,-7.4, 0.1
"Lewis County, Missouri(2)",29111,Rural,106.1 ,74.7, 148.1,N/A , N/A , N/A,8,rising,15.2 ,6.1, 49.5
"Hood County, Texas(7)",48221,Rural,106.1 ,93.8, 119.8,N/A , N/A , N/A,58,falling,-3.4 ,-5.2, -1.5
"Shelby County, Alabama(2)",01117,Urban,106.1 ,98.3, 114.3,N/A , N/A , N/A,145,falling,-20.7 ,-24.8, -15.8
"DeKalb County, Indiana(2)",18033,Rural,106 ,88.8, 125.7,N/A , N/A , N/A,29,rising,6.4 ,0.3, 18.4
"Crawford County, Pennsylvania(2)",42039,Rural,106 ,95, 118.1,N/A , N/A , N/A,72,stable,1.2 ,-2.0, 8.9
"Manistee County, Michigan(2)",26101,Rural,106 ,87.8, 127.9,N/A , N/A , N/A,26,stable,13.7 ,-3.6, 26.4
"Porter County, Indiana(2)",18127,Urban,105.9 ,97.4, 115.1,N/A , N/A , N/A,123,falling,-2.6 ,-4.1, -1.3
"Ionia County, Michigan(2)",26067,Urban,105.9 ,92, 121.4,N/A , N/A , N/A,45,stable,7.4 ,-2.2, 19.0
"Dubois County, Indiana(2)",18037,Rural,105.9 ,90.1, 123.9,N/A , N/A , N/A,34,stable,-1.8 ,-4.4, 1.0
"Macoupin County, Illinois(7)",17117,Urban,105.9 ,90.6, 123.4,N/A , N/A , N/A,36,stable,0.8 ,-1.5, 5.8
"St. Charles County, Missouri(2)",29183,Urban,105.9 ,100.1, 111.9,N/A , N/A , N/A,270,falling,-2.5 ,-3.4, -1.4
"Outagamie County, Wisconsin(2)",55087,Urban,105.8 ,97.5, 114.6,N/A , N/A , N/A,129,falling,-3.1 ,-4.2, -2.0
"Weld County, Colorado(2)",08123,Urban,105.7 ,98.6, 113.3,N/A , N/A , N/A,178,stable,3.2 ,-2.8, 16.3
"Webster County, Missouri(2)",29225,Urban,105.7 ,88, 126.1,N/A , N/A , N/A,26,falling,-2.3 ,-4.3, -0.3
"Warren County, Kentucky(7)",21227,Urban,105.7 ,94.9, 117.4,N/A , N/A , N/A,74,falling,-2.5 ,-4.2, -0.4
"Magoffin County, Kentucky(7)",21153,Rural,105.7 ,76.3, 144.2,N/A , N/A , N/A,9,stable,-1.7 ,-3.7, 0.4
"Crawford County, Illinois(7)",17033,Rural,105.6 ,81.6, 135.2,N/A , N/A , N/A,14,falling,-3.3 ,-5.3, -1.4
"Burnett County, Wisconsin(2)",55013,Rural,105.6 ,85.1, 132,N/A , N/A , N/A,20,stable,-1.8 ,-3.8, 0.2
"Orange County, Virginia(2)",51137,Rural,105.6 ,88.8, 125,N/A , N/A , N/A,29,stable,0.1 ,-3.4, 10.8
"Merrick County, Nebraska(2)",31121,Urban,105.5 ,71.4, 153,N/A , N/A , N/A,6,falling,-3.8 ,-6.1, -1.7
"Clatsop County, Oregon(2)",41007,Rural,105.5 ,90.6, 122.8,N/A , N/A , N/A,39,falling,-2.9 ,-4.8, -0.9
"Yadkin County, North Carolina(2)",37197,Urban,105.5 ,89, 124.6,N/A , N/A , N/A,30,rising,17.8 ,0.8, 32.5
"Logan County, Kentucky(7)",21141,Rural,105.5 ,85.7, 128.9,N/A , N/A , N/A,21,stable,-2.7 ,-5.7, 0.5
"Seminole County, Oklahoma(2)",40133,Rural,105.5 ,83.8, 131.6,N/A , N/A , N/A,17,rising,9.2 ,3.4, 18.5
"Rockbridge County, Virginia(2)",51163,Rural,105.4 ,86.4, 128.7,N/A , N/A , N/A,23,stable,-2.5 ,-5.2, 0.0
"Sagadahoc County, Maine(2)",23023,Urban,105.4 ,89.6, 123.8,N/A , N/A , N/A,33,falling,-3.6 ,-6.1, -1.2
"Madison County, Indiana(2)",18095,Urban,105.4 ,95.9, 115.6,N/A , N/A , N/A,95,falling,-2.6 ,-4.9, -0.5
"Murray County, Oklahoma(2)",40099,Rural,105.4 ,78.6, 139.5,N/A , N/A , N/A,11,stable,-1.6 ,-4.2, 0.7
"Putnam County, Tennessee(2)",47141,Rural,105.4 ,92.6, 119.6,N/A , N/A , N/A,51,stable,3.5 ,-0.2, 10.5
"Jefferson County, Tennessee(2)",47089,Urban,105.4 ,91.7, 120.9,N/A , N/A , N/A,45,stable,-1.5 ,-3.2, 0.4
"Juneau Borough, Alaska(2)",02110,Rural,105.4 ,83.7, 131,N/A , N/A , N/A,21,stable,-0.7 ,-3.2, 2.2
"Orange County, Texas(7)",48361,Urban,105.4 ,92.8, 119.3,N/A , N/A , N/A,54,stable,4.0 ,-1.4, 17.5
"Crook County, Oregon(2)",41013,Urban,105.3 ,87.4, 127,N/A , N/A , N/A,26,falling,-2.1 ,-3.8, -0.4
"Coffee County, Tennessee(2)",47031,Rural,105.3 ,90.9, 121.6,N/A , N/A , N/A,40,stable,-2.1 ,-5.1, 0.8
"Stark County, Ohio(2)",39151,Urban,105.3 ,99.8, 111.2,N/A , N/A , N/A,281,falling,-2.8 ,-3.7, -2.0
"Orange County, Florida(2)",12095,Urban,105.3 ,101.8, 108.9,N/A , N/A , N/A,742,stable,0.6 ,-1.1, 3.6
"Fairfax County, Virginia(2)",51059,Urban,105.3 ,101.7, 109,N/A , N/A , N/A,684,rising,5.1 ,2.5, 9.0
"Portage County, Ohio(2)",39133,Urban,105.3 ,96.7, 114.5,N/A , N/A , N/A,119,falling,-2.8 ,-3.9, -1.7
"Nacogdoches County, Texas(7)",48347,Rural,105.3 ,90.7, 121.6,N/A , N/A , N/A,40,falling,-3.3 ,-4.8, -1.9
"Monroe County, Alabama(2)",01099,Rural,105.2 ,82.3, 133.5,N/A , N/A , N/A,16,stable,-1.2 ,-3.2, 0.8
"Pickaway County, Ohio(2)",39129,Urban,105.2 ,90.7, 121.5,N/A , N/A , N/A,40,stable,4.0 ,-0.3, 14.8
"Pine County, Minnesota(2)",27115,Rural,105.2 ,87.3, 126.3,N/A , N/A , N/A,26,stable,1.3 ,-1.4, 8.5
"St. Louis City, Missouri(2)",29510,Urban,105.2 ,98.1, 112.6,N/A , N/A , N/A,183,falling,-2.7 ,-3.9, -1.5
"Parmer County, Texas(7)",48369,Rural,105.2 ,70, 152.3,N/A , N/A , N/A,6,stable,-1.8 ,-4.2, 0.6
"Denver County, Colorado(2)",08031,Urban,105.2 ,100.1, 110.4,N/A , N/A , N/A,351,falling,-4.5 ,-8.7, -1.1
"Androscoggin County, Maine(2)",23001,Urban,105.2 ,95, 116.3,N/A , N/A , N/A,82,stable,7.1 ,-0.7, 18.7
"Columbiana County, Ohio(2)",39029,Rural,105.1 ,95, 116.2,N/A , N/A , N/A,84,stable,2.7 ,-3.4, 11.8
"Meigs County, Ohio(2)",39105,Rural,105.1 ,84.1, 130.7,N/A , N/A , N/A,19,stable,0.2 ,-1.9, 2.6
"Orange County, Vermont(2)",50017,Rural,105.1 ,87.1, 126.4,N/A , N/A , N/A,27,falling,-3.1 ,-5.3, -1.1
"La Salle County, Illinois(7)",17099,Rural,105.1 ,95.1, 115.9,N/A , N/A , N/A,86,falling,-5.8 ,-11.0, -3.2
"Van Buren County, Iowa(7)",19177,Rural,105.1 ,70.7, 153.3,N/A , N/A , N/A,6,falling,-2.6 ,-5.2, -0.6
"Polk County, Wisconsin(2)",55095,Rural,105.1 ,90.7, 121.5,N/A , N/A , N/A,41,stable,-0.6 ,-2.3, 1.4
"Mercer County, Illinois(7)",17131,Urban,105 ,81.3, 134.9,N/A , N/A , N/A,14,stable,-2.2 ,-5.2, 0.9
"Lexington County, South Carolina(2)",45063,Urban,105 ,98.3, 112.1,N/A , N/A , N/A,194,stable,8.5 ,-3.1, 17.3
"Adair County, Kentucky(7)",21001,Rural,104.9 ,81.9, 133.5,N/A , N/A , N/A,15,stable,-2.0 ,-4.1, 0.4
"Jefferson County, Pennsylvania(2)",42065,Rural,104.9 ,90.1, 121.9,N/A , N/A , N/A,38,falling,-3.0 ,-5.0, -1.2
"Starke County, Indiana(2)",18149,Rural,104.9 ,83.4, 130.8,N/A , N/A , N/A,18,stable,-1.2 ,-4.3, 2.0
"Westmoreland County, Virginia(2)",51193,Rural,104.9 ,83.6, 131.5,N/A , N/A , N/A,18,falling,-2.7 ,-5.1, -0.5
"Huntingdon County, Pennsylvania(2)",42061,Rural,104.9 ,90.1, 121.7,N/A , N/A , N/A,37,stable,3.7 ,-2.0, 15.6
"Gibson County, Tennessee(2)",47053,Urban,104.8 ,89.4, 122.4,N/A , N/A , N/A,34,stable,0.1 ,-1.7, 2.0
"Trumbull County, Ohio(2)",39155,Urban,104.8 ,97.6, 112.5,N/A , N/A , N/A,165,rising,8.9 ,0.1, 15.1
"Jackson County, Texas(7)",48239,Rural,104.8 ,79, 137.3,N/A , N/A , N/A,11,rising,12.1 ,1.4, 34.7
"Nelson County, North Dakota(2)",38063,Rural,104.8 ,60.7, 184.2,N/A , N/A , N/A,3,*,*,*,*
"Iosco County, Michigan(2)",26069,Rural,104.7 ,87.5, 125.7,N/A , N/A , N/A,29,rising,8.0 ,1.4, 23.8
"Baraga County, Michigan(2)",26013,Rural,104.7 ,72.7, 148.7,N/A , N/A , N/A,7,falling,-33.7 ,-49.9, -19.1
"Crosby County, Texas(7)",48107,Urban,104.7 ,62.3, 168.4,N/A , N/A , N/A,4,*,*,*,*
"Goliad County, Texas(7)",48175,Urban,104.6 ,71.8, 151.5,N/A , N/A , N/A,7,stable,-1.3 ,-5.3, 3.1
"Belmont County, Ohio(2)",39013,Urban,104.6 ,92.1, 118.5,N/A , N/A , N/A,55,falling,-3.4 ,-5.4, -1.6
"St. Lucie County, Florida(2)",12111,Urban,104.6 ,99.2, 110.2,N/A , N/A , N/A,298,falling,-1.8 ,-3.1, -0.5
"San Mateo County, California(7)",06081,Urban,104.6 ,100.4, 108.9,N/A , N/A , N/A,493,rising,2.9 ,0.5, 7.0
"Stark County, Illinois(7)",17175,Urban,104.5 ,65.6, 163,N/A , N/A , N/A,5,*,*,*,*
"Windsor County, Vermont(2)",50027,Rural,104.5 ,92.2, 118.4,N/A , N/A , N/A,55,rising,5.0 ,0.9, 15.1
"Coffee County, Alabama(2)",01031,Rural,104.5 ,89.2, 121.9,N/A , N/A , N/A,35,falling,-2.7 ,-4.6, -0.9
"Lincoln County, Maine(2)",23015,Rural,104.4 ,89.7, 121.8,N/A , N/A , N/A,38,falling,-3.0 ,-5.4, -0.8
"Montgomery County, North Carolina(2)",37123,Rural,104.4 ,85.3, 127.3,N/A , N/A , N/A,22,rising,10.4 ,2.4, 25.1
"Wexford County, Michigan(2)",26165,Rural,104.4 ,87.1, 124.6,N/A , N/A , N/A,27,stable,3.0 ,-4.5, 16.5
"Pendleton County, West Virginia(2)",54071,Rural,104.4 ,70.5, 154.7,N/A , N/A , N/A,7,stable,-0.4 ,-4.6, 4.1
"Adams County, Wisconsin(2)",55001,Rural,104.4 ,86.9, 126.2,N/A , N/A , N/A,28,stable,0.4 ,-1.6, 2.6
"Hamlin County, South Dakota(2)",46057,Rural,104.3 ,63.7, 163.1,N/A , N/A , N/A,4,stable,-3.3 ,-7.3, 0.4
"Johnson County, Illinois(7)",17087,Rural,104.3 ,78.5, 137.3,N/A , N/A , N/A,11,stable,-2.9 ,-5.9, 0.2
"Steuben County, Indiana(2)",18151,Rural,104.3 ,87.5, 124,N/A , N/A , N/A,29,stable,-1.1 ,-3.8, 1.9
"Roberts County, South Dakota(2)",46109,Rural,104.3 ,73.6, 145.2,N/A , N/A , N/A,8,stable,-2.5 ,-6.7, 1.6
"Lawrence County, Indiana(2)",18093,Rural,104.2 ,89.3, 121.3,N/A , N/A , N/A,36,stable,-1.2 ,-3.4, 1.1
"Howard County, Missouri(2)",29089,Urban,104.1 ,73.2, 145.5,N/A , N/A , N/A,8,stable,-2.8 ,-6.0, 0.2
"Cass County, Michigan(2)",26027,Urban,104.1 ,90.7, 119.4,N/A , N/A , N/A,46,falling,-2.4 ,-3.8, -1.0
"Franklin County, Alabama(2)",01059,Rural,104.1 ,84.7, 126.9,N/A , N/A , N/A,21,stable,0.1 ,-3.1, 3.5
"Barbour County, West Virginia(2)",54001,Rural,104.1 ,79.4, 135.3,N/A , N/A , N/A,13,falling,-2.8 ,-5.2, -0.6
"Botetourt County, Virginia(2)",51023,Urban,104 ,88, 122.9,N/A , N/A , N/A,31,stable,-1.8 ,-3.9, 0.5
"Nelson County, Virginia(2)",51125,Urban,104 ,80.5, 134.3,N/A , N/A , N/A,15,falling,-3.8 ,-6.6, -1.4
"Iowa County, Wisconsin(2)",55049,Urban,104 ,84.1, 128,N/A , N/A , N/A,21,stable,-1.6 ,-3.9, 0.7
"Jay County, Indiana(2)",18075,Rural,104 ,80.2, 133.1,N/A , N/A , N/A,14,stable,-0.8 ,-3.0, 1.4
"Bullitt County, Kentucky(7)",21029,Urban,104 ,92.1, 117.1,N/A , N/A , N/A,58,falling,-2.3 ,-3.6, -0.6
"Morrison County, Minnesota(2)",27097,Rural,103.9 ,87.1, 123.6,N/A , N/A , N/A,28,falling,-3.8 ,-5.2, -2.6
"Franklin County, Vermont(2)",50011,Urban,103.9 ,88.3, 121.7,N/A , N/A , N/A,35,stable,-0.4 ,-2.0, 1.5
"Rock Island County, Illinois(7)",17161,Urban,103.9 ,95, 113.5,N/A , N/A , N/A,106,falling,-3.1 ,-4.4, -1.8
"Scott County, Tennessee(2)",47151,Rural,103.9 ,81, 131.8,N/A , N/A , N/A,15,stable,-0.5 ,-3.3, 2.6
"James City County, Virginia(2)",51095,Urban,103.8 ,92.8, 116.2,N/A , N/A , N/A,68,falling,-3.2 ,-4.4, -1.9
"Grady County, Oklahoma(2)",40051,Urban,103.8 ,89.1, 120.6,N/A , N/A , N/A,38,falling,-2.0 ,-3.9, -0.1
"Washington County, New York(7)",36115,Urban,103.8 ,91.3, 117.9,N/A , N/A , N/A,52,falling,-2.7 ,-4.5, -0.9
"Manatee County, Florida(2)",12081,Urban,103.8 ,99.1, 108.7,N/A , N/A , N/A,396,stable,0.5 ,-1.9, 7.2
"Lebanon County, Pennsylvania(2)",42075,Urban,103.7 ,95, 113.1,N/A , N/A , N/A,108,stable,2.6 ,-0.7, 11.5
"Penobscot County, Maine(2)",23019,Urban,103.7 ,95.1, 112.9,N/A , N/A , N/A,115,stable,1.3 ,-2.8, 11.0
"Austin County, Texas(7)",48015,Urban,103.7 ,85.7, 124.8,N/A , N/A , N/A,25,falling,-3.6 ,-4.7, -2.5
"Lynchburg City, Virginia(2)",51680,Urban,103.6 ,89.4, 119.5,N/A , N/A , N/A,39,falling,-3.1 ,-5.6, -0.9
"Clackamas County, Oregon(2)",41005,Urban,103.6 ,98.3, 109.1,N/A , N/A , N/A,306,stable,1.7 ,-3.6, 9.1
"Blue Earth County, Minnesota(2)",27013,Urban,103.6 ,88.9, 120.1,N/A , N/A , N/A,37,stable,7.2 ,-4.1, 20.9
"Marlboro County, South Carolina(2)",45069,Rural,103.6 ,83.7, 127.4,N/A , N/A , N/A,20,falling,-7.8 ,-18.8, -4.2
"White County, Arkansas(2)",05145,Rural,103.6 ,90.8, 117.7,N/A , N/A , N/A,50,falling,-3.9 ,-5.8, -2.2
"Coryell County, Texas(7)",48099,Urban,103.5 ,88.2, 120.6,N/A , N/A , N/A,34,stable,-0.4 ,-2.5, 6.7
"Susquehanna County, Pennsylvania(2)",42115,Rural,103.5 ,88.9, 120.4,N/A , N/A , N/A,38,stable,4.2 ,-3.7, 18.4
"Lafayette County, Mississippi(2)",28071,Rural,103.5 ,86.1, 123.4,N/A , N/A , N/A,28,falling,-3.1 ,-5.0, -1.1
"Scioto County, Ohio(2)",39145,Rural,103.5 ,91, 117.4,N/A , N/A , N/A,52,stable,6.8 ,-0.5, 18.5
"Linn County, Missouri(2)",29115,Rural,103.4 ,75.8, 139.6,N/A , N/A , N/A,10,stable,-1.4 ,-3.9, 0.9
"Beaufort County, South Carolina(2)",45013,Urban,103.4 ,96.4, 110.9,N/A , N/A , N/A,179,falling,-3.1 ,-4.6, -1.6
"Iowa County, Iowa(7)",19095,Rural,103.4 ,78.8, 134.1,N/A , N/A , N/A,13,falling,-1.8 ,-3.1, -0.4
"Franklin County, Idaho(7)",16041,Urban,103.3 ,74, 140.8,N/A , N/A , N/A,8,falling,-3.1 ,-5.6, -0.7
"Stephenson County, Illinois(7)",17177,Rural,103.3 ,88.7, 120.1,N/A , N/A , N/A,38,stable,11.6 ,-3.1, 23.9
"Shelby County, Texas(7)",48419,Rural,103.3 ,82.2, 128.8,N/A , N/A , N/A,17,falling,-3.6 ,-6.3, -1.0
"Clermont County, Ohio(2)",39025,Urban,103.3 ,95.6, 111.5,N/A , N/A , N/A,144,rising,5.2 ,1.1, 13.6
"Houghton County, Michigan(2)",26061,Rural,103.3 ,85.6, 123.9,N/A , N/A , N/A,25,rising,7.0 ,0.6, 27.1
"Harrison County, West Virginia(2)",54033,Rural,103.3 ,90.6, 117.5,N/A , N/A , N/A,50,stable,-1.5 ,-3.4, 0.6
"Contra Costa County, California(7)",06013,Urban,103.3 ,99.9, 106.7,N/A , N/A , N/A,743,stable,0.7 ,-2.2, 4.8
"Canadian County, Oklahoma(2)",40017,Urban,103.2 ,93.3, 114,N/A , N/A , N/A,84,falling,-4.1 ,-5.9, -2.3
"Franklin County, Iowa(7)",19069,Rural,103.2 ,72.9, 143.4,N/A , N/A , N/A,8,stable,-1.5 ,-3.0, 0.1
"Kerr County, Texas(7)",48265,Rural,103.1 ,90.4, 117.5,N/A , N/A , N/A,51,falling,-3.2 ,-4.1, -2.3
"Dunn County, Wisconsin(2)",55033,Rural,103.1 ,86.5, 122.2,N/A , N/A , N/A,29,stable,-0.9 ,-3.0, 1.5
"Polk County, Nebraska(2)",31143,Rural,103 ,62.6, 164.3,N/A , N/A , N/A,4,stable,-0.2 ,-3.6, 3.3
"Kanabec County, Minnesota(2)",27065,Rural,103 ,79.6, 132.6,N/A , N/A , N/A,14,falling,-4.9 ,-8.1, -2.2
"Marion County, Ohio(2)",39101,Rural,103 ,89.9, 117.6,N/A , N/A , N/A,47,stable,6.5 ,-0.9, 24.6
"Kootenai County, Idaho(7)",16055,Urban,103 ,95, 111.5,N/A , N/A , N/A,130,falling,-19.4 ,-25.4, -12.5
"Rio Grande County, Colorado(2)",08105,Rural,102.9 ,73.6, 141.5,N/A , N/A , N/A,9,stable,-1.3 ,-5.7, 3.1
"Aroostook County, Maine(2)",23003,Rural,102.9 ,91.5, 115.7,N/A , N/A , N/A,63,falling,-2.5 ,-4.5, -0.7
"Lake County, Oregon(2)",41037,Rural,102.9 ,73.4, 143.8,N/A , N/A , N/A,9,stable,6.7 ,-3.5, 24.5
"Columbia County, Arkansas(2)",05027,Rural,102.8 ,79.5, 131.4,N/A , N/A , N/A,14,falling,-1.9 ,-3.9, -0.1
"Muhlenberg County, Kentucky(7)",21177,Rural,102.8 ,84.5, 124.5,N/A , N/A , N/A,23,falling,-2.7 ,-4.1, -1.2
"Jefferson County, Colorado(2)",08059,Urban,102.8 ,98.2, 107.7,N/A , N/A , N/A,396,falling,-7.6 ,-13.4, -2.3
"Cheboygan County, Michigan(2)",26031,Rural,102.8 ,85.9, 123.4,N/A , N/A , N/A,28,falling,-3.6 ,-5.8, -1.5
"Caldwell County, Texas(7)",48055,Urban,102.8 ,86.3, 121.7,N/A , N/A , N/A,29,falling,-2.8 ,-4.5, -0.9
"Grayson County, Virginia(2)",51077,Rural,102.8 ,79.6, 132.3,N/A , N/A , N/A,14,stable,-1.5 ,-4.5, 1.5
"Montgomery County, Arkansas(2)",05097,Rural,102.8 ,74.1, 143.1,N/A , N/A , N/A,9,stable,-0.8 ,-3.3, 1.8
"Caldwell County, Kentucky(7)",21033,Rural,102.7 ,75.1, 138.6,N/A , N/A , N/A,10,stable,-0.7 ,-4.2, 3.2
"Evangeline Parish, Louisiana(7)",22039,Rural,102.7 ,83.5, 125.3,N/A , N/A , N/A,21,falling,-2.1 ,-3.9, -0.2
"Montgomery County, New York(7)",36057,Rural,102.7 ,87.7, 119.7,N/A , N/A , N/A,36,falling,-2.8 ,-5.1, -0.7
"Big Horn County, Wyoming(2)",56003,Rural,102.7 ,75.7, 138,N/A , N/A , N/A,10,stable,-2.5 ,-5.2, 0.1
"Custer County, South Dakota(2)",46033,Urban,102.7 ,76.7, 141.3,N/A , N/A , N/A,11,stable,5.8 ,-0.6, 22.5
"Tattnall County, Georgia(7)",13267,Rural,102.7 ,80.6, 129.3,N/A , N/A , N/A,16,stable,-2.3 ,-4.4, 0.0
"Hamilton County, Texas(7)",48193,Rural,102.7 ,72.9, 144,N/A , N/A , N/A,8,stable,-3.7 ,-8.4, 0.6
"Williams County, North Dakota(2)",38105,Rural,102.6 ,80.7, 128.4,N/A , N/A , N/A,18,stable,-1.2 ,-3.6, 1.2
"Logan County, Illinois(7)",17107,Rural,102.6 ,82.9, 126.1,N/A , N/A , N/A,19,falling,-3.1 ,-4.6, -1.5
"Fannin County, Texas(7)",48147,Rural,102.6 ,85.7, 122.2,N/A , N/A , N/A,27,falling,-2.3 ,-3.7, -0.8
"San Bernardino County, California(7)",06071,Urban,102.6 ,99.8, 105.5,N/A , N/A , N/A,1094,stable,-0.4 ,-2.0, 3.5
"Halifax County with South Boston City, Virginia(2)",51083,Rural,102.6 ,85.7, 122.4,N/A , N/A , N/A,28,stable,-1.2 ,-4.0, 1.8
"Santa Fe County, New Mexico(7)",35049,Urban,102.6 ,94.9, 110.8,N/A , N/A , N/A,145,rising,6.1 ,4.2, 8.9
"Hopkins County, Texas(7)",48223,Rural,102.6 ,85.5, 122.4,N/A , N/A , N/A,26,falling,-2.5 ,-4.1, -0.8
"Waynesboro City, Virginia(2)",51820,Urban,102.5 ,80, 130,N/A , N/A , N/A,14,falling,-3.8 ,-5.7, -2.1
"Sutter County, California(7)",06101,Urban,102.5 ,91, 115.1,N/A , N/A , N/A,59,falling,-1.5 ,-2.7, -0.2
"Union County, Illinois(7)",17181,Rural,102.5 ,79.6, 131,N/A , N/A , N/A,14,stable,-0.4 ,-2.8, 2.4
"Webster County, Kentucky(7)",21233,Rural,102.5 ,73.6, 140,N/A , N/A , N/A,9,falling,-3.5 ,-6.8, -0.6
"Gonzales County, Texas(7)",48177,Rural,102.5 ,79, 131.4,N/A , N/A , N/A,13,stable,-1.7 ,-4.5, 1.1
"Lewis County, Kentucky(7)",21135,Rural,102.5 ,75.8, 136.9,N/A , N/A , N/A,10,stable,1.7 ,-1.0, 11.8
"Whiteside County, Illinois(7)",17195,Rural,102.5 ,89.1, 117.6,N/A , N/A , N/A,44,falling,-2.6 ,-3.7, -1.6
"Washington County, Tennessee(2)",47179,Urban,102.4 ,93.1, 112.5,N/A , N/A , N/A,93,stable,-0.4 ,-1.8, 1.1
"St. Clair County, Alabama(2)",01115,Urban,102.4 ,90.8, 115.2,N/A , N/A , N/A,60,falling,-11.1 ,-17.6, -3.1
"Fayette County, Indiana(2)",18041,Rural,102.3 ,81.6, 127.5,N/A , N/A , N/A,17,stable,9.1 ,-1.1, 22.4
"Rogers County, Oklahoma(2)",40131,Urban,102.3 ,91.1, 114.7,N/A , N/A , N/A,63,stable,-1.9 ,-3.8, 0.1
"Marion County, Alabama(2)",01093,Rural,102.3 ,83.6, 124.4,N/A , N/A , N/A,22,stable,-0.4 ,-2.2, 1.4
"Lapeer County, Michigan(2)",26087,Urban,102.3 ,91.4, 114.3,N/A , N/A , N/A,71,stable,12.3 ,-0.3, 24.4
"Nicollet County, Minnesota(2)",27103,Urban,102.3 ,83.8, 123.9,N/A , N/A , N/A,22,stable,5.3 ,-11.2, 24.6
"Williams County, Ohio(2)",39171,Rural,102.2 ,85, 122.3,N/A , N/A , N/A,26,rising,6.5 ,2.2, 18.1
"Nemaha County, Nebraska(2)",31127,Rural,102.2 ,67.5, 151.7,N/A , N/A , N/A,6,stable,-1.5 ,-5.6, 2.9
"Maui County, Hawaii(7)",15009,Urban,102.2 ,94.1, 110.9,N/A , N/A , N/A,125,rising,9.7 ,6.4, 15.7
"Kodiak Island Borough, Alaska(2)",02150,Rural,102.2 ,69.6, 145.5,N/A , N/A , N/A,7,stable,-4.1 ,-10.4, 3.0
"Elmore County, Idaho(7)",16039,Rural,102.2 ,80.7, 127.8,N/A , N/A , N/A,17,falling,-5.1 ,-14.7, -2.9
"Monroe County, Wisconsin(2)",55081,Rural,102.1 ,87, 119.4,N/A , N/A , N/A,34,falling,-3.8 ,-6.1, -1.8
"Christian County, Missouri(2)",29043,Urban,102.1 ,90.2, 115.2,N/A , N/A , N/A,56,falling,-3.1 ,-4.7, -1.4
"Sierra County, California(7)",06091,Rural,102.1 ,59.2, 180.3,N/A , N/A , N/A,4,*,*,*,*
"Talladega County, Alabama(2)",01121,Rural,102.1 ,90.1, 115.3,N/A , N/A , N/A,57,stable,-1.1 ,-3.9, 6.5
"Cottonwood County, Minnesota(2)",27033,Rural,102.1 ,74.9, 137.7,N/A , N/A , N/A,10,falling,-4.1 ,-7.1, -1.6
"Boone County, Missouri(2)",29019,Urban,102.1 ,92.8, 112.1,N/A , N/A , N/A,94,falling,-2.4 ,-4.2, -0.6
"Kingfisher County, Oklahoma(2)",40073,Rural,102.1 ,75.1, 136.3,N/A , N/A , N/A,10,stable,-2.4 ,-5.6, 0.7
"Surry County, Virginia(2)",51181,Urban,102 ,69.1, 151,N/A , N/A , N/A,7,stable,-2.5 ,-6.2, 1.3
"Caledonia County, Vermont(2)",50005,Rural,102 ,84.4, 122.9,N/A , N/A , N/A,25,rising,8.5 ,1.3, 27.0
"Hampshire County, Massachusetts(2)",25015,Urban,102 ,93.3, 111.4,N/A , N/A , N/A,109,stable,3.8 ,-1.1, 15.4
"Okanogan County, Washington(2)",53047,Rural,102 ,87.8, 118.4,N/A , N/A , N/A,40,falling,-3.5 ,-4.6, -2.4
"Vermillion County, Indiana(2)",18165,Urban,102 ,76.5, 134.3,N/A , N/A , N/A,11,falling,-3.7 ,-6.0, -1.8
"Crawford County, Michigan(2)",26039,Rural,102 ,79.1, 132.1,N/A , N/A , N/A,14,stable,3.2 ,-3.4, 20.7
"Pasco County, Florida(2)",12101,Urban,102 ,97.7, 106.4,N/A , N/A , N/A,447,falling,-3.2 ,-4.0, -2.4
"Weakley County, Tennessee(2)",47183,Rural,102 ,83.7, 123.5,N/A , N/A , N/A,22,falling,-17.7 ,-33.1, -1.4
"Texas County, Oklahoma(2)",40139,Rural,101.9 ,75.7, 134.2,N/A , N/A , N/A,11,stable,-2.9 ,-6.3, 0.5
"Grant County, West Virginia(2)",54023,Rural,101.9 ,74.7, 138,N/A , N/A , N/A,10,stable,-1.2 ,-4.3, 1.8
"Monroe County, Tennessee(2)",47123,Rural,101.8 ,87.4, 118.4,N/A , N/A , N/A,38,stable,1.2 ,-3.4, 12.8
"Lawrence County, Arkansas(2)",05075,Rural,101.8 ,76.5, 133.6,N/A , N/A , N/A,11,stable,-0.8 ,-3.9, 2.2
"Shasta County, California(7)",06089,Urban,101.8 ,94.2, 110,N/A , N/A , N/A,139,falling,-3.4 ,-4.6, -2.3
"Parke County, Indiana(2)",18121,Rural,101.8 ,78.1, 131.8,N/A , N/A , N/A,13,stable,-1.0 ,-4.2, 2.2
"Hillsdale County, Michigan(2)",26059,Rural,101.8 ,87, 118.7,N/A , N/A , N/A,36,stable,4.1 ,-0.2, 13.8
"Jefferson County, West Virginia(2)",54037,Urban,101.7 ,87.7, 117.6,N/A , N/A , N/A,41,falling,-1.9 ,-3.1, -0.5
"Weston County, Wyoming(2)",56045,Rural,101.7 ,67.7, 150.4,N/A , N/A , N/A,6,stable,-0.5 ,-3.6, 3.1
"Winona County, Minnesota(2)",27169,Rural,101.7 ,86.8, 118.8,N/A , N/A , N/A,35,stable,2.3 ,-2.7, 13.4
"Dukes County, Massachusetts(2)",25007,Rural,101.7 ,82.6, 125.3,N/A , N/A , N/A,21,falling,-5.2 ,-7.8, -2.6
"Franklin County, Georgia(7)",13119,Rural,101.7 ,80, 128.1,N/A , N/A , N/A,16,stable,-1.6 ,-4.7, 1.5
"Andrews County, Texas(7)",48003,Rural,101.6 ,70.8, 140.8,N/A , N/A , N/A,8,rising,25.6 ,3.2, 43.5
"Montgomery County, Illinois(7)",17135,Rural,101.6 ,82.9, 123.6,N/A , N/A , N/A,22,stable,-1.7 ,-3.7, 0.3
"Liberty County, Texas(7)",48291,Urban,101.6 ,88.3, 116.2,N/A , N/A , N/A,48,stable,1.6 ,-2.8, 9.7
"St. Joseph County, Indiana(2)",18141,Urban,101.5 ,94.5, 108.9,N/A , N/A , N/A,167,stable,-5.6 ,-10.7, 0.2
"Johnson County, Nebraska(2)",31097,Rural,101.5 ,61.1, 161.6,N/A , N/A , N/A,4,*,*,*,*
"Dodge County, Nebraska(2)",31053,Rural,101.5 ,84.5, 121.2,N/A , N/A , N/A,26,falling,-5.1 ,-8.0, -2.7
"Madison County, Texas(7)",48313,Rural,101.5 ,71.7, 139.7,N/A , N/A , N/A,8,stable,-1.2 ,-4.3, 2.0
"Pueblo County, Colorado(2)",08101,Urban,101.3 ,93, 110.2,N/A , N/A , N/A,117,falling,-3.6 ,-5.1, -2.3
"Cherokee County, North Carolina(2)",37039,Rural,101.3 ,85.3, 120.5,N/A , N/A , N/A,32,stable,1.1 ,-1.8, 4.6
"Boundary County, Idaho(7)",16021,Rural,101.3 ,74.8, 135.8,N/A , N/A , N/A,11,stable,-2.2 ,-4.9, 0.9
"Clinton County, Pennsylvania(2)",42035,Rural,101.2 ,84.7, 120.5,N/A , N/A , N/A,27,falling,-3.1 ,-5.3, -1.0
"Winchester City, Virginia(2)",51840,Urban,101.2 ,79.9, 126.7,N/A , N/A , N/A,16,stable,-2.4 ,-5.9, 0.9
"Broward County, Florida(2)",12011,Urban,101.2 ,98.7, 103.8,N/A , N/A , N/A,1284,falling,-1.9 ,-3.0, -0.9
"Marshall County, Indiana(2)",18099,Rural,101.2 ,85.5, 119.2,N/A , N/A , N/A,31,falling,-2.8 ,-4.5, -1.1
"Wythe County, Virginia(2)",51197,Rural,101.2 ,83, 123,N/A , N/A , N/A,23,stable,4.4 ,-3.2, 24.7
"Banks County, Georgia(7)",13011,Rural,101.2 ,78.2, 129.9,N/A , N/A , N/A,14,falling,-3.9 ,-14.1, -0.5
"Trinity County, Texas(7)",48455,Rural,101.2 ,78, 131.4,N/A , N/A , N/A,14,stable,3.4 ,-3.2, 26.4
"Duval County, Florida(2)",12031,Urban,101.2 ,97.3, 105.2,N/A , N/A , N/A,555,stable,0.0 ,-2.0, 3.6
"Washington County, Arkansas(2)",05143,Urban,101.2 ,93, 109.9,N/A , N/A , N/A,118,falling,-2.2 ,-3.3, -0.9
"Ross County, Ohio(2)",39141,Rural,101.1 ,89, 114.6,N/A , N/A , N/A,53,stable,-0.8 ,-3.0, 1.6
"Norman County, Minnesota(2)",27107,Rural,101.1 ,65.4, 152.7,N/A , N/A , N/A,5,falling,-4.2 ,-8.7, -0.8
"Ogle County, Illinois(7)",17141,Rural,101.1 ,86.9, 117.2,N/A , N/A , N/A,38,stable,3.8 ,0.0, 13.6
"Wright County, Iowa(7)",19197,Rural,101.1 ,74.9, 134.8,N/A , N/A , N/A,10,falling,-2.7 ,-4.4, -1.3
"Dawson County, Montana(2)",30021,Rural,101 ,70.1, 143.2,N/A , N/A , N/A,7,falling,-3.9 ,-6.8, -1.3
"Cameron Parish, Louisiana(7)",22023,Urban,101 ,62.9, 158.3,N/A , N/A , N/A,4,stable,-0.6 ,-3.3, 2.2
"Morrow County, Ohio(2)",39117,Urban,101 ,83.9, 121.1,N/A , N/A , N/A,26,stable,-1.4 ,-3.4, 0.8
"Pittsburg County, Oklahoma(2)",40121,Rural,101 ,85.5, 118.7,N/A , N/A , N/A,31,stable,4.6 ,-2.9, 19.7
"Cavalier County, North Dakota(2)",38019,Rural,101 ,61.3, 167.3,N/A , N/A , N/A,4,*,*,*,*
"Roanoke County, Virginia(2)",51161,Urban,101 ,90.7, 112.3,N/A , N/A , N/A,74,stable,3.6 ,-1.0, 13.6
"Whitfield County, Georgia(7)",13313,Urban,101 ,89.4, 113.7,N/A , N/A , N/A,58,stable,5.3 ,-1.1, 17.8
"Franklin County, Illinois(7)",17055,Rural,101 ,84.8, 119.7,N/A , N/A , N/A,29,falling,-2.1 ,-3.3, -1.0
"Lancaster County, Nebraska(2)",31109,Urban,101 ,94.2, 108,N/A , N/A , N/A,179,falling,-17.0 ,-22.5, -12.3
"Comal County, Texas(7)",48091,Urban,100.9 ,92.4, 110.1,N/A , N/A , N/A,115,stable,5.1 ,-0.3, 14.5
"Lyon County, Minnesota(2)",27083,Rural,100.9 ,79.6, 126.5,N/A , N/A , N/A,16,stable,-0.5 ,-4.9, 14.1
"Sandoval County, New Mexico(7)",35043,Urban,100.9 ,92.2, 110.3,N/A , N/A , N/A,106,stable,3.2 ,-0.5, 9.4
"Cumberland County, Maine(2)",23005,Urban,100.8 ,94.8, 107.2,N/A , N/A , N/A,222,stable,2.2 ,-0.9, 9.8
"Wells County, Indiana(2)",18179,Urban,100.8 ,81.3, 124.1,N/A , N/A , N/A,20,stable,4.2 ,-1.3, 18.3
"Hernando County, Florida(2)",12053,Urban,100.8 ,94.1, 107.9,N/A , N/A , N/A,180,stable,0.7 ,-2.7, 6.9
"Monroe County, West Virginia(2)",54063,Rural,100.8 ,76.4, 132.7,N/A , N/A , N/A,12,falling,-2.9 ,-4.7, -1.1
"Nevada County, California(7)",06057,Rural,100.7 ,91.7, 110.6,N/A , N/A , N/A,101,falling,-3.6 ,-4.4, -2.8
"Tillamook County, Oregon(2)",41057,Rural,100.7 ,83.6, 121.1,N/A , N/A , N/A,27,stable,8.6 ,-2.1, 26.2
"Madison County, North Carolina(2)",37115,Urban,100.7 ,79.7, 126.3,N/A , N/A , N/A,17,falling,-3.5 ,-5.5, -1.6
"Montgomery County, Kentucky(7)",21173,Rural,100.7 ,79.8, 125.6,N/A , N/A , N/A,17,stable,-1.0 ,-3.2, 1.4
"Wasco County, Oregon(2)",41065,Rural,100.6 ,82.1, 122.8,N/A , N/A , N/A,22,falling,-3.2 ,-6.0, -0.6
"Lake County, Colorado(2)",08065,Rural,100.6 ,64.1, 152.4,N/A , N/A , N/A,5,*,*,*,*
"Orange County, Indiana(2)",18117,Rural,100.6 ,77.8, 128.6,N/A , N/A , N/A,14,stable,-1.1 ,-5.0, 3.1
"Piatt County, Illinois(7)",17147,Urban,100.6 ,76.8, 130.4,N/A , N/A , N/A,13,falling,-2.9 ,-5.0, -0.9
"Clarke County, Virginia(2)",51043,Urban,100.5 ,76.4, 131.6,N/A , N/A , N/A,12,stable,-2.4 ,-6.2, 1.4
"Nicholas County, West Virginia(2)",54067,Rural,100.5 ,81.2, 123.8,N/A , N/A , N/A,20,stable,7.5 ,-1.2, 25.5
"Bibb County, Alabama(2)",01007,Urban,100.5 ,79.1, 126.6,N/A , N/A , N/A,15,falling,-3.2 ,-6.6, -1.8
"Anderson County, Texas(7)",48001,Rural,100.5 ,85.6, 117.3,N/A , N/A , N/A,35,stable,4.4 ,0.0, 14.4
"Howard County, Indiana(2)",18067,Urban,100.5 ,89.1, 113,N/A , N/A , N/A,58,stable,-1.5 ,-3.2, 0.3
"Transylvania County, North Carolina(2)",37175,Rural,100.4 ,85.1, 118.6,N/A , N/A , N/A,34,falling,-3.1 ,-5.5, -0.8
"Sanders County, Montana(2)",30089,Rural,100.4 ,78.9, 129.5,N/A , N/A , N/A,16,stable,4.9 ,-4.7, 25.8
"Marion County, Arkansas(2)",05089,Rural,100.4 ,80.5, 125.9,N/A , N/A , N/A,19,falling,-3.0 ,-5.5, -0.6
"Ector County, Texas(7)",48135,Urban,100.3 ,89.1, 112.5,N/A , N/A , N/A,65,rising,6.4 ,2.4, 14.9
"Richland County, Wisconsin(2)",55103,Rural,100.3 ,78.6, 127.6,N/A , N/A , N/A,16,stable,1.9 ,-0.4, 4.6
"Kimball County, Nebraska(2)",31105,Rural,100.3 ,56.9, 175,N/A , N/A , N/A,3,*,*,*,*
"Chester County, Tennessee(2)",47023,Urban,100.3 ,75.2, 131.9,N/A , N/A , N/A,11,stable,-0.6 ,-4.8, 4.2
"Mifflin County, Pennsylvania(2)",42087,Rural,100.3 ,85.7, 117,N/A , N/A , N/A,35,falling,-2.6 ,-4.9, -0.5
"Izard County, Arkansas(2)",05065,Rural,100.3 ,77.3, 130,N/A , N/A , N/A,13,falling,-4.2 ,-6.9, -2.1
"Bulloch County, Georgia(7)",13031,Rural,100.3 ,85.6, 116.8,N/A , N/A , N/A,36,stable,3.8 ,-1.0, 9.6
"Kenai Peninsula Borough, Alaska(2)",02122,Rural,100.2 ,86.7, 115.5,N/A , N/A , N/A,46,stable,3.1 ,-0.2, 10.3
"Le Sueur County, Minnesota(2)",27079,Urban,100.2 ,81.4, 122.6,N/A , N/A , N/A,21,stable,3.0 ,-1.6, 12.3
"Lincoln County, New Mexico(7)",35027,Rural,100.2 ,81.9, 123.1,N/A , N/A , N/A,23,stable,5.0 ,-4.3, 18.6
"Humboldt County, California(7)",06023,Rural,100.2 ,90.9, 110.3,N/A , N/A , N/A,92,stable,1.6 ,-3.8, 11.6
"Adams County, Pennsylvania(2)",42001,Urban,100.1 ,90.5, 110.7,N/A , N/A , N/A,83,stable,7.1 ,-2.2, 14.3
"Clay County, Tennessee(2)",47027,Rural,100.1 ,68.9, 145,N/A , N/A , N/A,7,stable,-0.8 ,-4.2, 2.8
"Augusta County, Virginia(2)",51015,Urban,100.1 ,89.3, 112.2,N/A , N/A , N/A,64,falling,-3.0 ,-5.2, -0.8
"Callaway County, Missouri(2)",29027,Urban,100.1 ,84.5, 117.9,N/A , N/A , N/A,31,stable,0.1 ,-3.7, 8.2
"Sumter County, Florida(2)",12119,Urban,100 ,93, 108,N/A , N/A , N/A,234,stable,-1.5 ,-4.8, 6.7
"Jefferson County, Missouri(2)",29099,Urban,100 ,92.7, 107.8,N/A , N/A , N/A,153,falling,-1.8 ,-3.1, -0.4
"Bingham County, Idaho(7)",16011,Rural,100 ,83.6, 118.9,N/A , N/A , N/A,28,falling,-3.9 ,-5.7, -2.1
"Morrill County, Nebraska(2)",31123,Rural,100 ,60.7, 161.1,N/A , N/A , N/A,4,stable,-2.6 ,-6.1, 0.7
"Coke County, Texas(7)",48081,Rural,100 ,56.6, 175.9,N/A , N/A , N/A,3,*,*,*,*
"Barren County, Kentucky(7)",21009,Rural,99.9 ,83.7, 118.7,N/A , N/A , N/A,29,stable,-0.7 ,-2.6, 1.5
"Santa Clara County, California(7)",06085,Urban,99.9 ,97.2, 102.7,N/A , N/A , N/A,1056,rising,4.5 ,2.8, 6.9
"McCurtain County, Oklahoma(2)",40089,Rural,99.9 ,81.3, 121.9,N/A , N/A , N/A,21,stable,-2.0 ,-4.8, 0.7
"Sawyer County, Wisconsin(2)",55113,Rural,99.8 ,80.2, 124.8,N/A , N/A , N/A,19,falling,-3.3 ,-5.7, -0.9
"Montgomery County, Virginia(2)",51121,Urban,99.8 ,87.4, 113.5,N/A , N/A , N/A,49,rising,6.4 ,2.1, 17.1
"New Madrid County, Missouri(2)",29143,Rural,99.8 ,75.4, 130.7,N/A , N/A , N/A,12,stable,-2.3 ,-5.4, 0.6
"Ritchie County, West Virginia(2)",54085,Rural,99.7 ,69.2, 142.3,N/A , N/A , N/A,7,stable,-2.4 ,-5.2, 0.3
"Butler County, Nebraska(2)",31023,Rural,99.7 ,68.9, 142.2,N/A , N/A , N/A,7,stable,-3.6 ,-8.3, 0.6
"Hardin County, Iowa(7)",19083,Rural,99.7 ,77, 128.2,N/A , N/A , N/A,14,falling,-1.4 ,-2.6, -0.2
"Otoe County, Nebraska(2)",31131,Rural,99.7 ,75.7, 129.9,N/A , N/A , N/A,12,stable,-1.7 ,-3.9, 0.5
"Lamoille County, Vermont(2)",50015,Rural,99.7 ,80, 123.3,N/A , N/A , N/A,19,falling,-4.0 ,-6.3, -1.7
"Attala County, Mississippi(2)",28007,Rural,99.6 ,75.8, 129.5,N/A , N/A , N/A,12,stable,-1.5 ,-5.0, 2.0
"Stanislaus County, California(7)",06099,Urban,99.6 ,94.3, 105.1,N/A , N/A , N/A,281,stable,-1.3 ,-6.0, 3.5
"Carter County, Oklahoma(2)",40019,Rural,99.6 ,83.9, 117.7,N/A , N/A , N/A,30,stable,-0.9 ,-2.4, 0.6
"Montezuma County, Colorado(2)",08083,Rural,99.6 ,81, 121.9,N/A , N/A , N/A,22,rising,8.6 ,2.4, 23.7
"Seminole County, Florida(2)",12117,Urban,99.6 ,94.3, 105.1,N/A , N/A , N/A,279,stable,-0.1 ,-2.3, 4.2
"Braxton County, West Virginia(2)",54007,Rural,99.6 ,75.2, 131.5,N/A , N/A , N/A,12,stable,-0.8 ,-3.3, 1.7
"Cherokee County, South Carolina(2)",45021,Rural,99.5 ,85.3, 115.7,N/A , N/A , N/A,37,falling,-1.7 ,-2.6, -0.6
"Chilton County, Alabama(2)",01021,Urban,99.5 ,83, 118.4,N/A , N/A , N/A,27,falling,-2.4 ,-3.8, -1.0
"Moody County, South Dakota(2)",46101,Rural,99.5 ,62.7, 153,N/A , N/A , N/A,5,stable,-1.0 ,-5.5, 4.0
"Waseca County, Minnesota(2)",27161,Rural,99.4 ,77, 127.3,N/A , N/A , N/A,14,stable,-3.3 ,-7.9, 0.8
"Owsley County, Kentucky(7)",21189,Rural,99.4 ,57.1, 168.1,N/A , N/A , N/A,3,*,*,*,*
"Simpson County, Kentucky(7)",21213,Rural,99.4 ,74.3, 130.7,N/A , N/A , N/A,12,falling,-3.4 ,-5.6, -1.1
"Lincoln County, Oregon(2)",41041,Rural,99.4 ,87.1, 113.5,N/A , N/A , N/A,54,stable,5.7 ,-0.8, 18.0
"Volusia County, Florida(2)",12127,Urban,99.4 ,95.4, 103.6,N/A , N/A , N/A,481,stable,0.7 ,-1.1, 5.3
"Arlington County, Virginia(2)",51013,Urban,99.4 ,90.8, 108.5,N/A , N/A , N/A,107,falling,-3.0 ,-4.9, -1.1
"Morgan County, Indiana(2)",18109,Urban,99.3 ,87, 113.1,N/A , N/A , N/A,51,falling,-3.1 ,-4.8, -1.4
"Cook County, Georgia(7)",13075,Rural,99.3 ,74, 131.3,N/A , N/A , N/A,11,falling,-4.3 ,-16.4, -1.3
"Lancaster County, Pennsylvania(2)",42071,Urban,99.3 ,94.8, 104,N/A , N/A , N/A,372,stable,1.1 ,-3.3, 10.5
"Riverside County, California(7)",06065,Urban,99.2 ,96.9, 101.7,N/A , N/A , N/A,1385,stable,-0.5 ,-2.0, 2.7
"Chesterfield County, South Carolina(2)",45025,Rural,99.2 ,84, 116.9,N/A , N/A , N/A,32,falling,-2.4 ,-3.8, -0.9
"Logan County, West Virginia(2)",54045,Rural,99.2 ,81.9, 119.7,N/A , N/A , N/A,25,stable,-1.5 ,-4.0, 1.0
"Accomack County, Virginia(2)",51001,Rural,99.2 ,82.9, 118.5,N/A , N/A , N/A,28,stable,-1.5 ,-4.1, 1.0
"Henderson County, Tennessee(2)",47077,Rural,99.1 ,79.9, 122.2,N/A , N/A , N/A,19,stable,-0.6 ,-2.6, 1.6
"Twin Falls County, Idaho(7)",16083,Urban,99 ,87.1, 112.2,N/A , N/A , N/A,52,falling,-4.1 ,-5.7, -2.5
"McLean County, Illinois(7)",17113,Urban,99 ,89.9, 108.8,N/A , N/A , N/A,92,falling,-4.6 ,-8.5, -3.5
"Emanuel County, Georgia(7)",13107,Rural,99 ,76, 127.1,N/A , N/A , N/A,13,stable,-1.5 ,-3.9, 1.1
"Brantley County, Georgia(7)",13025,Urban,98.9 ,74.5, 129.5,N/A , N/A , N/A,12,stable,0.6 ,-1.6, 3.4
"Calaveras County, California(7)",06009,Rural,98.9 ,86.3, 113.4,N/A , N/A , N/A,48,falling,-2.7 ,-4.3, -1.1
"Franklin County, Missouri(2)",29071,Urban,98.9 ,88.7, 110,N/A , N/A , N/A,74,falling,-3.4 ,-4.9, -1.9
"Limestone County, Alabama(2)",01083,Urban,98.9 ,88.1, 110.7,N/A , N/A , N/A,65,falling,-2.8 ,-4.9, -0.5
"Alexandria City, Virginia(2)",51510,Urban,98.9 ,88.8, 109.8,N/A , N/A , N/A,76,stable,1.0 ,-2.1, 8.8
"Carroll County, Indiana(2)",18015,Urban,98.9 ,78.3, 124.1,N/A , N/A , N/A,17,falling,-3.2 ,-5.3, -1.1
"Mobile County, Alabama(2)",01097,Urban,98.8 ,93.3, 104.6,N/A , N/A , N/A,256,stable,6.7 ,-1.3, 11.2
"Huerfano County, Colorado(2)",08055,Rural,98.8 ,66.6, 147.3,N/A , N/A , N/A,8,falling,-5.0 ,-9.2, -1.6
"Eastland County, Texas(7)",48133,Rural,98.7 ,75.9, 127.1,N/A , N/A , N/A,14,stable,-1.5 ,-3.8, 0.8
"Matanuska-Susitna Borough, Alaska(2)",02170,Urban,98.6 ,86.5, 111.8,N/A , N/A , N/A,59,falling,-4.5 ,-6.4, -2.6
"York County, Pennsylvania(2)",42133,Urban,98.5 ,93.6, 103.7,N/A , N/A , N/A,313,stable,7.2 ,-2.1, 17.1
"Macon County, North Carolina(2)",37113,Rural,98.5 ,84.3, 115.1,N/A , N/A , N/A,36,falling,-2.4 ,-3.6, -1.2
"Pike County, Indiana(2)",18125,Rural,98.5 ,72.1, 133,N/A , N/A , N/A,10,stable,0.4 ,-2.8, 4.0
"Johnston County, Oklahoma(2)",40069,Rural,98.4 ,68.3, 138.7,N/A , N/A , N/A,7,stable,-1.7 ,-5.8, 2.4
"McIntosh County, Georgia(7)",13191,Urban,98.4 ,73.3, 132.6,N/A , N/A , N/A,11,falling,-2.9 ,-4.8, -0.9
"Merced County, California(7)",06047,Urban,98.4 ,90.6, 106.7,N/A , N/A , N/A,126,rising,7.4 ,3.3, 14.5
"Dale County, Alabama(2)",01045,Rural,98.4 ,83.3, 115.8,N/A , N/A , N/A,31,falling,-2.7 ,-4.9, -0.6
"El Dorado County, California(7)",06017,Urban,98.4 ,91.5, 105.7,N/A , N/A , N/A,163,falling,-3.0 ,-3.9, -2.1
"Jefferson County, Idaho(7)",16051,Urban,98.4 ,77, 123.9,N/A , N/A , N/A,16,falling,-3.0 ,-5.2, -0.6
"Lee County, Illinois(7)",17103,Rural,98.3 ,82, 117.4,N/A , N/A , N/A,27,falling,-3.6 ,-5.0, -2.2
"Union County, South Carolina(2)",45087,Urban,98.3 ,79.8, 120.7,N/A , N/A , N/A,21,stable,-2.0 ,-4.0, 0.0
"Appling County, Georgia(7)",13001,Rural,98.3 ,73.7, 129.1,N/A , N/A , N/A,12,stable,28.0 ,-5.0, 60.5
"Grant County, Arkansas(2)",05053,Urban,98.3 ,75.5, 126.8,N/A , N/A , N/A,13,falling,-2.5 ,-4.2, -0.9
"Pitkin County, Colorado(2)",08097,Rural,98.3 ,77.2, 125,N/A , N/A , N/A,16,stable,-2.1 ,-4.3, 0.5
"Crawford County, Arkansas(2)",05033,Urban,98.3 ,84.8, 113.4,N/A , N/A , N/A,40,stable,-1.9 ,-4.1, 0.4
"Gunnison County, Colorado(2)",08051,Rural,98.3 ,72.8, 130.6,N/A , N/A , N/A,11,stable,2.3 ,-3.0, 18.3
"Hall County, Nebraska(2)",31079,Urban,98.2 ,84.4, 113.7,N/A , N/A , N/A,37,falling,-4.3 ,-5.8, -3.0
"Lauderdale County, Tennessee(2)",47097,Rural,98.2 ,77.2, 123.6,N/A , N/A , N/A,16,stable,-1.8 ,-4.6, 1.2
"Moniteau County, Missouri(2)",29135,Urban,98.2 ,72.5, 130.6,N/A , N/A , N/A,10,stable,-1.4 ,-6.0, 3.4
"Lamar County, Texas(7)",48277,Rural,98.2 ,83.7, 114.7,N/A , N/A , N/A,34,falling,-3.3 ,-5.6, -1.1
"Carter County, Kentucky(7)",21043,Urban,98.2 ,78.9, 121.2,N/A , N/A , N/A,19,stable,0.1 ,-4.0, 9.2
"Tucker County, West Virginia(2)",54093,Rural,98.2 ,68.6, 142.8,N/A , N/A , N/A,7,falling,-3.0 ,-5.7, -0.3
"Yancey County, North Carolina(2)",37199,Rural,98.1 ,77.4, 124.1,N/A , N/A , N/A,16,stable,5.4 ,-0.2, 17.2
"Kennebec County, Maine(2)",23011,Rural,98.1 ,89.3, 107.7,N/A , N/A , N/A,96,stable,3.6 ,-0.3, 12.7
"Bay County, Florida(2)",12005,Urban,98.1 ,90.3, 106.4,N/A , N/A , N/A,124,stable,6.8 ,-2.9, 14.0
"Bath County, Kentucky(7)",21011,Rural,98 ,69.9, 134.8,N/A , N/A , N/A,8,stable,-2.1 ,-4.4, 0.5
"Gallatin County, Kentucky(7)",21077,Urban,98 ,60, 152.5,N/A , N/A , N/A,5,*,*,*,*
"Clay County, Kentucky(7)",21051,Rural,98 ,73, 129.1,N/A , N/A , N/A,12,rising,9.0 ,1.5, 26.4
"Greene County, Virginia(2)",51079,Urban,98 ,76.3, 124.7,N/A , N/A , N/A,15,stable,-2.6 ,-6.7, 2.1
"Pike County, Missouri(2)",29163,Rural,97.9 ,74.1, 127.3,N/A , N/A , N/A,12,stable,-1.6 ,-5.6, 2.1
"Montgomery County, Texas(7)",48339,Urban,97.8 ,93, 102.9,N/A , N/A , N/A,333,stable,0.4 ,-1.2, 3.1
"Lackawanna County, Pennsylvania(2)",42069,Urban,97.8 ,90.9, 105.3,N/A , N/A , N/A,152,falling,-2.4 ,-4.1, -0.7
"Blount County, Tennessee(2)",47009,Urban,97.8 ,89.2, 107.1,N/A , N/A , N/A,100,stable,0.5 ,-2.2, 4.5
"Garfield County, Utah(7)",49017,Rural,97.8 ,61.3, 153.6,N/A , N/A , N/A,5,falling,-4.3 ,-6.9, -1.8
"Marshall County, Alabama(2)",01095,Rural,97.8 ,86.7, 109.9,N/A , N/A , N/A,60,stable,-1.3 ,-3.0, 0.5
"Lamar County, Alabama(2)",01075,Rural,97.8 ,72.5, 130.4,N/A , N/A , N/A,11,falling,-5.2 ,-12.2, -2.7
"Cheyenne County, Nebraska(2)",31033,Rural,97.8 ,67.7, 138.6,N/A , N/A , N/A,7,stable,-0.6 ,-3.4, 2.2
"Benson County, North Dakota(2)",38005,Rural,97.7 ,58.3, 156.3,N/A , N/A , N/A,4,*,*,*,*
"Broomfield County, Colorado(2)",08014,Urban,97.7 ,84.4, 112.6,N/A , N/A , N/A,41,stable,-6.2 ,-12.9, 0.1
"Ottawa County, Michigan(2)",26139,Urban,97.7 ,91.1, 104.7,N/A , N/A , N/A,171,falling,-3.9 ,-5.8, -2.1
"Somerset County, Maine(2)",23025,Rural,97.7 ,84.5, 112.8,N/A , N/A , N/A,42,stable,2.9 ,-4.3, 21.9
"Aransas County, Texas(7)",48007,Urban,97.7 ,80, 119.3,N/A , N/A , N/A,23,stable,4.7 ,-3.2, 21.2
"Los Angeles County, California(7)",06037,Urban,97.6 ,96.4, 98.9,N/A , N/A , N/A,5296,rising,1.9 ,1.0, 3.1
"Phillips County, Colorado(2)",08095,Rural,97.6 ,56.1, 163,N/A , N/A , N/A,3,stable,-1.9 ,-5.5, 1.6
"Warren County, Pennsylvania(2)",42123,Rural,97.5 ,83, 114.4,N/A , N/A , N/A,34,stable,-0.7 ,-6.4, 13.0
"Van Buren County, Michigan(2)",26159,Rural,97.5 ,85.7, 110.7,N/A , N/A , N/A,54,falling,-4.1 ,-5.8, -2.6
"Jefferson County, Florida(2)",12065,Urban,97.5 ,73.6, 128.1,N/A , N/A , N/A,12,stable,-1.7 ,-5.4, 2.1
"Noble County, Indiana(2)",18113,Rural,97.5 ,81.7, 115.5,N/A , N/A , N/A,30,stable,-1.5 ,-3.3, 0.5
"Archuleta County, Colorado(2)",08007,Rural,97.4 ,75.2, 127.1,N/A , N/A , N/A,15,rising,21.0 ,9.6, 42.4
"George County, Mississippi(2)",28039,Rural,97.4 ,75.8, 123.6,N/A , N/A , N/A,15,stable,-2.6 ,-5.7, 0.7
"Carroll County, Kentucky(7)",21041,Rural,97.4 ,66.2, 139.1,N/A , N/A , N/A,7,stable,-2.1 ,-5.5, 1.5
"Washington County, Iowa(7)",19183,Urban,97.3 ,77.2, 121.8,N/A , N/A , N/A,17,falling,-1.9 ,-3.2, -0.6
"Madison County, Virginia(2)",51113,Rural,97.3 ,73.4, 128.4,N/A , N/A , N/A,12,rising,19.0 ,6.9, 41.5
"Bernalillo County, New Mexico(7)",35001,Urban,97.3 ,93, 101.6,N/A , N/A , N/A,421,rising,2.8 ,1.2, 5.1
"Morgan County, West Virginia(2)",54065,Urban,97.2 ,76.5, 123.7,N/A , N/A , N/A,16,stable,-1.6 ,-4.4, 1.4
"Saunders County, Nebraska(2)",31155,Urban,97.2 ,76.8, 122.1,N/A , N/A , N/A,17,falling,-3.6 ,-6.7, -0.6
"Minidoka County, Idaho(7)",16067,Rural,97.1 ,74.4, 124.9,N/A , N/A , N/A,13,falling,-3.7 ,-5.6, -2.0
"Clay County, Texas(7)",48077,Urban,97 ,69.2, 134.7,N/A , N/A , N/A,9,stable,-2.2 ,-4.4, 0.3
"Faribault County, Minnesota(2)",27043,Rural,97 ,72.6, 128.5,N/A , N/A , N/A,12,rising,6.7 ,1.1, 16.9
"Otsego County, New York(7)",36077,Rural,97 ,84.3, 111.5,N/A , N/A , N/A,44,stable,3.7 ,-2.1, 14.3
"Hawaii County, Hawaii(7)",15001,Rural,97 ,90.3, 104.2,N/A , N/A , N/A,169,stable,2.6 ,-1.6, 8.4
"Red Willow County, Nebraska(2)",31145,Rural,97 ,68.6, 135,N/A , N/A , N/A,8,stable,-1.4 ,-5.2, 2.3
"Auglaize County, Ohio(2)",39011,Rural,97 ,81.9, 114.4,N/A , N/A , N/A,31,stable,-0.2 ,-2.2, 1.9
"Pettis County, Missouri(2)",29159,Rural,97 ,80.8, 115.6,N/A , N/A , N/A,26,falling,-3.5 ,-8.3, -2.0
"Boone County, Illinois(7)",17007,Urban,96.8 ,82.5, 113.2,N/A , N/A , N/A,34,falling,-2.1 ,-3.7, -0.4
"Union County, Kentucky(7)",21225,Rural,96.8 ,69.4, 132.8,N/A , N/A , N/A,9,stable,-2.2 ,-6.3, 1.8
"Wharton County, Texas(7)",48481,Rural,96.8 ,80.5, 115.6,N/A , N/A , N/A,26,rising,8.4 ,1.4, 22.1
"Madison County, Arkansas(2)",05087,Urban,96.7 ,73.5, 126.1,N/A , N/A , N/A,12,stable,-1.0 ,-4.0, 2.3
"Morgan County, Kentucky(7)",21175,Rural,96.7 ,69.4, 131.9,N/A , N/A , N/A,9,stable,-1.8 ,-4.3, 1.2
"Leake County, Mississippi(2)",28079,Rural,96.7 ,74.5, 124,N/A , N/A , N/A,14,falling,-2.9 ,-5.0, -0.9
"Osage County, Oklahoma(2)",40113,Urban,96.6 ,82.6, 112.7,N/A , N/A , N/A,35,rising,8.4 ,3.5, 18.2
"Abbeville County, South Carolina(2)",45001,Rural,96.6 ,77.3, 120,N/A , N/A , N/A,18,falling,-3.0 ,-4.9, -1.2
"Wayne County, Illinois(7)",17191,Rural,96.6 ,74.1, 125,N/A , N/A , N/A,13,falling,-2.1 ,-4.1, -0.1
"Washington County, Oregon(2)",41067,Urban,96.6 ,91.6, 101.7,N/A , N/A , N/A,305,stable,0.7 ,-1.3, 5.6
"Gasconade County, Missouri(2)",29073,Rural,96.5 ,73.7, 125.7,N/A , N/A , N/A,13,falling,-3.1 ,-5.4, -0.9
"Cleveland County, Oklahoma(2)",40027,Urban,96.5 ,89.7, 103.7,N/A , N/A , N/A,156,stable,0.6 ,-1.3, 3.6
"Pottawatomie County, Oklahoma(2)",40125,Rural,96.5 ,83.7, 110.8,N/A , N/A , N/A,43,rising,4.1 ,0.8, 9.6
"Johnson County, Kentucky(7)",21115,Rural,96.5 ,75.6, 122.1,N/A , N/A , N/A,16,stable,-1.5 ,-4.0, 1.3
"Big Horn County, Montana(2)",30003,Rural,96.5 ,66.3, 136.2,N/A , N/A , N/A,7,stable,-1.7 ,-5.0, 2.1
"Highland County, Ohio(2)",39071,Rural,96.5 ,81.2, 114.1,N/A , N/A , N/A,29,stable,0.0 ,-2.1, 2.3
"Hamilton County, Florida(2)",12047,Rural,96.4 ,70.3, 130,N/A , N/A , N/A,10,stable,-2.6 ,-5.6, 0.4
"Haralson County, Georgia(7)",13143,Urban,96.4 ,77.2, 119.4,N/A , N/A , N/A,18,stable,13.9 ,-2.5, 27.3
"Tioga County, Pennsylvania(2)",42117,Rural,96.3 ,82.1, 112.7,N/A , N/A , N/A,34,falling,-3.5 ,-5.6, -1.6
"Pacific County, Washington(2)",53049,Rural,96.2 ,78.5, 118.3,N/A , N/A , N/A,25,stable,-2.1 ,-5.8, 1.5
"Douglas County, Illinois(7)",17041,Rural,96.2 ,73.6, 124.1,N/A , N/A , N/A,13,stable,-1.9 ,-3.8, 0.0
"Greene County, Tennessee(2)",47059,Rural,96.2 ,84.7, 109.1,N/A , N/A , N/A,53,stable,0.4 ,-1.7, 2.8
"Umatilla County, Oregon(2)",41059,Rural,96.2 ,84.2, 109.4,N/A , N/A , N/A,49,falling,-3.0 ,-4.6, -1.4
"Bonner County, Idaho(7)",16017,Rural,96.2 ,83.5, 110.8,N/A , N/A , N/A,46,falling,-3.8 ,-5.8, -1.6
"Candler County, Georgia(7)",13043,Rural,96.1 ,66.1, 136.7,N/A , N/A , N/A,7,stable,0.3 ,-3.0, 4.5
"Wabash County, Indiana(2)",18169,Rural,96.1 ,79.1, 116.4,N/A , N/A , N/A,23,stable,-1.5 ,-3.6, 0.6
"Henry County, Indiana(2)",18065,Rural,96.1 ,82, 112.3,N/A , N/A , N/A,34,falling,-2.1 ,-4.0, -0.2
"Kauai County, Hawaii(7)",15007,Rural,96.1 ,84.9, 108.7,N/A , N/A , N/A,56,stable,-0.4 ,-2.0, 1.5
"Zapata County, Texas(7)",48505,Rural,96.1 ,66, 135.5,N/A , N/A , N/A,7,stable,-1.9 ,-4.4, 0.6
"Putnam County, Florida(2)",12107,Rural,96.1 ,85.3, 108.2,N/A , N/A , N/A,62,stable,2.8 ,-0.1, 10.3
"Lyon County, Nevada(2)",32019,Urban,96.1 ,84, 109.8,N/A , N/A , N/A,49,stable,3.0 ,-3.2, 10.4
"Lawrence County, Tennessee(2)",47099,Rural,96.1 ,80.4, 114.1,N/A , N/A , N/A,28,falling,-2.6 ,-4.9, -0.4
"Clay County, Arkansas(2)",05021,Rural,96.1 ,71.4, 127.7,N/A , N/A , N/A,10,stable,-1.4 ,-4.2, 1.2
"Beaver County, Pennsylvania(2)",42007,Urban,96.1 ,88.5, 104.2,N/A , N/A , N/A,127,stable,1.7 ,-2.0, 10.4
"Clinton County, Indiana(2)",18023,Rural,96.1 ,77.7, 117.8,N/A , N/A , N/A,20,stable,-1.5 ,-3.2, 0.0
"Major County, Oklahoma(2)",40093,Rural,96.1 ,63.6, 142.1,N/A , N/A , N/A,6,falling,-4.2 ,-8.6, -0.6
"Upshur County, West Virginia(2)",54097,Rural,96.1 ,77.2, 118.9,N/A , N/A , N/A,19,stable,-1.8 ,-4.0, 0.3
"Clinton County, New York(7)",36019,Rural,96 ,84.7, 108.7,N/A , N/A , N/A,55,stable,2.7 ,-0.5, 7.3
"Starr County, Texas(7)",48427,Rural,96 ,80, 114.2,N/A , N/A , N/A,26,stable,0.0 ,-1.7, 2.2
"Lewis County, West Virginia(2)",54041,Rural,96 ,73.2, 124.7,N/A , N/A , N/A,13,stable,-2.4 ,-5.6, 0.8
"Miller County, Missouri(2)",29131,Rural,96 ,76.5, 119.5,N/A , N/A , N/A,17,stable,-0.4 ,-3.3, 2.8
"Floyd County, Texas(7)",48153,Rural,96 ,57, 154.9,N/A , N/A , N/A,4,falling,-3.3 ,-6.9, -0.3
"Meade County, Kentucky(7)",21163,Urban,96 ,75.8, 120.1,N/A , N/A , N/A,18,stable,-1.6 ,-3.6, 0.7
"Custer County, Idaho(7)",16037,Rural,95.9 ,60.2, 156,N/A , N/A , N/A,5,falling,-4.9 ,-8.6, -1.0
"Lincoln County, Wyoming(2)",56023,Rural,95.8 ,75, 121.7,N/A , N/A , N/A,16,falling,-5.7 ,-8.2, -3.6
"Harrisonburg City, Virginia(2)",51660,Urban,95.8 ,76.7, 118.1,N/A , N/A , N/A,18,falling,-2.5 ,-4.7, -0.3
"Casey County, Kentucky(7)",21045,Rural,95.7 ,70.7, 127.6,N/A , N/A , N/A,11,stable,-1.3 ,-3.3, 0.7
"Hickman County, Kentucky(7)",21105,Rural,95.7 ,57.4, 158.1,N/A , N/A , N/A,4,*,*,*,*
"Elbert County, Georgia(7)",13105,Rural,95.6 ,73.7, 122.9,N/A , N/A , N/A,14,falling,-3.5 ,-6.0, -2.0
"Franklin County, Mississippi(2)",28037,Rural,95.6 ,64.2, 140.5,N/A , N/A , N/A,6,falling,-15.0 ,-30.9, -8.3
"Pemiscot County, Missouri(2)",29155,Rural,95.5 ,68.9, 129.8,N/A , N/A , N/A,9,stable,1.2 ,-3.1, 5.9
"Pickett County, Tennessee(2)",47137,Rural,95.4 ,61, 151.6,N/A , N/A , N/A,5,stable,-2.1 ,-6.6, 2.5
"Carroll County, Virginia(2)",51035,Rural,95.3 ,79.4, 114.4,N/A , N/A , N/A,26,stable,-0.8 ,-2.9, 1.6
"Washington County, Maryland(2)",24043,Urban,95.3 ,87, 104.2,N/A , N/A , N/A,101,falling,-3.3 ,-4.7, -2.0
"Fremont County, Wyoming(2)",56013,Rural,95.3 ,79.6, 113.5,N/A , N/A , N/A,28,falling,-2.7 ,-4.8, -0.6
"Erath County, Texas(7)",48143,Rural,95.3 ,77.9, 115.5,N/A , N/A , N/A,22,stable,-1.4 ,-2.9, 0.2
"Randolph County, Indiana(2)",18135,Rural,95.2 ,75.7, 118.9,N/A , N/A , N/A,17,stable,-1.8 ,-3.9, 0.2
"Solano County, California(7)",06095,Urban,95.2 ,90, 100.7,N/A , N/A , N/A,269,rising,3.5 ,0.8, 8.0
"Virginia Beach City, Virginia(2)",51810,Urban,95.2 ,89.8, 100.8,N/A , N/A , N/A,247,falling,-2.7 ,-3.7, -1.6
"Harrison County, Kentucky(7)",21097,Rural,95.2 ,70.6, 126,N/A , N/A , N/A,11,stable,-2.7 ,-6.1, 0.8
"St. Croix County, Wisconsin(2)",55109,Urban,95.1 ,83.8, 107.7,N/A , N/A , N/A,57,rising,11.5 ,3.1, 21.7
"Pike County, Pennsylvania(2)",42103,Rural,95.1 ,83.8, 108.1,N/A , N/A , N/A,54,stable,3.0 ,-0.2, 11.3
"Jasper County, Iowa(7)",19099,Urban,95.1 ,79.2, 113.6,N/A , N/A , N/A,26,falling,-1.8 ,-2.8, -0.8
"Williamsburg City, Virginia(2)",51830,Urban,95.1 ,65.9, 134.4,N/A , N/A , N/A,8,stable,-2.4 ,-6.2, 1.3
"Imperial County, California(7)",06025,Urban,95.1 ,86.2, 104.7,N/A , N/A , N/A,85,falling,-2.4 ,-5.4, -1.3
"Guadalupe County, Texas(7)",48187,Urban,95 ,86.3, 104.4,N/A , N/A , N/A,92,stable,0.7 ,-1.3, 4.6
"Lawrence County, Illinois(7)",17101,Rural,95 ,69.4, 127.6,N/A , N/A , N/A,9,stable,-0.4 ,-2.7, 2.0
"Alameda County, California(7)",06001,Urban,95 ,92.2, 97.9,N/A , N/A , N/A,897,stable,0.8 ,-1.7, 5.6
"Upshur County, Texas(7)",48459,Urban,95 ,79.5, 112.9,N/A , N/A , N/A,28,falling,-2.9 ,-4.4, -1.4
"Sebastian County, Arkansas(2)",05131,Urban,95 ,85.4, 105.5,N/A , N/A , N/A,75,falling,-2.4 ,-3.8, -1.1
"Johnson County, Georgia(7)",13167,Rural,95 ,65.9, 134.6,N/A , N/A , N/A,7,stable,-2.5 ,-5.9, 1.2
"Logan County, Arkansas(2)",05083,Rural,95 ,74.8, 119.8,N/A , N/A , N/A,16,falling,-2.7 ,-5.1, -0.6
"Delta County, Colorado(2)",08029,Rural,95 ,80, 112.8,N/A , N/A , N/A,30,stable,6.8 ,-3.0, 27.6
"Whitley County, Kentucky(7)",21235,Rural,95 ,76.8, 116.3,N/A , N/A , N/A,20,stable,-1.9 ,-3.7, 0.0
"Tulare County, California(7)",06107,Urban,95 ,89, 101.2,N/A , N/A , N/A,201,stable,2.6 ,-1.3, 7.7
"Mariposa County, California(7)",06043,Rural,94.9 ,74.9, 120.4,N/A , N/A , N/A,17,stable,19.2 ,-2.6, 34.6
"Arapahoe County, Colorado(2)",08005,Urban,94.8 ,90.1, 99.7,N/A , N/A , N/A,332,stable,1.6 ,-2.1, 8.1
"Shelby County, Missouri(2)",29205,Rural,94.8 ,57.8, 149.9,N/A , N/A , N/A,4,stable,-2.8 ,-6.3, 0.3
"Grand County, Colorado(2)",08049,Rural,94.8 ,70.3, 126.4,N/A , N/A , N/A,12,stable,-2.8 ,-6.7, 0.9
"Martin County, Kentucky(7)",21159,Rural,94.8 ,64.7, 135,N/A , N/A , N/A,7,stable,-1.5 ,-4.5, 2.1
"Morgan County, Tennessee(2)",47129,Urban,94.8 ,74.2, 120,N/A , N/A , N/A,15,falling,-2.0 ,-3.7, -0.2
"Oxford County, Maine(2)",23017,Rural,94.8 ,83, 108.2,N/A , N/A , N/A,50,stable,7.9 ,-2.6, 20.8
"Lincoln County, Missouri(2)",29113,Urban,94.7 ,80.9, 110.4,N/A , N/A , N/A,37,stable,4.3 ,-1.6, 16.5
"Franklin County, Texas(7)",48159,Rural,94.7 ,67.9, 130.8,N/A , N/A , N/A,9,stable,-2.9 ,-5.9, 0.0
"Hampden County, Massachusetts(2)",25013,Urban,94.7 ,89.7, 99.9,N/A , N/A , N/A,288,stable,2.3 ,-0.1, 6.0
"Willacy County, Texas(7)",48489,Rural,94.6 ,70.5, 124.5,N/A , N/A , N/A,10,stable,-1.4 ,-5.2, 2.4
"Butte County, South Dakota(2)",46019,Rural,94.5 ,66.2, 132.8,N/A , N/A , N/A,8,stable,7.1 ,-4.6, 27.9
"Harrison County, Ohio(2)",39067,Rural,94.5 ,71.4, 124.4,N/A , N/A , N/A,12,falling,-2.0 ,-4.0, -0.1
"Waupaca County, Wisconsin(2)",55135,Rural,94.5 ,81.6, 109.2,N/A , N/A , N/A,41,stable,0.8 ,-2.9, 8.5
"Dyer County, Tennessee(2)",47045,Rural,94.5 ,77.6, 114.3,N/A , N/A , N/A,23,stable,0.1 ,-1.7, 2.2
"Mesa County, Colorado(2)",08077,Urban,94.4 ,86.4, 103.1,N/A , N/A , N/A,108,stable,6.5 ,-4.1, 18.3
"Benton County, Washington(2)",53005,Urban,94.4 ,86.7, 102.6,N/A , N/A , N/A,118,stable,0.9 ,-3.4, 10.4
"Jerome County, Idaho(7)",16053,Urban,94.4 ,72, 121.8,N/A , N/A , N/A,13,falling,-3.7 ,-6.7, -0.8
"Carroll County, Arkansas(2)",05015,Rural,94.4 ,77.9, 114.2,N/A , N/A , N/A,24,falling,-2.9 ,-5.3, -0.7
"Oscoda County, Michigan(2)",26135,Rural,94.4 ,66.5, 134.8,N/A , N/A , N/A,8,falling,-2.5 ,-4.9, -0.3
"Fremont County, Idaho(7)",16043,Rural,94.4 ,68.6, 127.7,N/A , N/A , N/A,9,falling,-3.8 ,-7.2, -0.3
"Leon County, Texas(7)",48289,Rural,94.4 ,72.9, 121.8,N/A , N/A , N/A,14,stable,-2.4 ,-5.1, 0.5
"Henry County, Illinois(7)",17073,Urban,94.4 ,80.9, 109.8,N/A , N/A , N/A,37,falling,-3.1 ,-4.8, -1.3
"Union County, Tennessee(2)",47173,Urban,94.3 ,72, 122.1,N/A , N/A , N/A,14,stable,-4.3 ,-22.3, 2.8
"Haskell County, Oklahoma(2)",40061,Rural,94.3 ,66.3, 131.4,N/A , N/A , N/A,8,stable,-0.6 ,-6.6, 5.0
"Gogebic County, Michigan(2)",26053,Rural,94.3 ,73.1, 122.1,N/A , N/A , N/A,15,stable,1.9 ,-2.2, 22.6
"Otero County, Colorado(2)",08089,Rural,94.3 ,71.5, 122.7,N/A , N/A , N/A,12,stable,-3.0 ,-6.9, 0.3
"Tuscaloosa County, Alabama(2)",01125,Urban,94.2 ,86.4, 102.6,N/A , N/A , N/A,114,falling,-6.4 ,-15.2, -3.4
"Bowie County, Texas(7)",48037,Urban,94.2 ,83, 106.7,N/A , N/A , N/A,53,falling,-3.5 ,-5.0, -2.0
"Sauk County, Wisconsin(2)",55111,Rural,94.2 ,82, 108,N/A , N/A , N/A,45,stable,7.1 ,-2.6, 13.5
"Madison County, Georgia(7)",13195,Urban,94.1 ,75.5, 116.4,N/A , N/A , N/A,19,falling,-2.4 ,-3.8, -0.7
"Yuma County, Arizona(2)",04027,Urban,94.1 ,86.9, 101.8,N/A , N/A , N/A,131,rising,4.4 ,1.7, 8.5
"Midland County, Texas(7)",48329,Urban,94 ,83.8, 105,N/A , N/A , N/A,69,stable,7.2 ,-2.7, 14.8
"Teton County, Idaho(7)",16081,Rural,94 ,64.5, 134,N/A , N/A , N/A,7,falling,-4.5 ,-7.1, -1.2
"Sacramento County, California(7)",06067,Urban,93.8 ,90.9, 96.8,N/A , N/A , N/A,822,rising,4.1 ,2.5, 6.4
"Raleigh County, West Virginia(2)",54081,Urban,93.8 ,82.6, 106.3,N/A , N/A , N/A,54,stable,13.1 ,-1.7, 24.5
"Guthrie County, Iowa(7)",19077,Urban,93.8 ,67.1, 129.9,N/A , N/A , N/A,9,falling,-2.3 ,-3.7, -1.1
"Obion County, Tennessee(2)",47131,Rural,93.7 ,76.4, 114.4,N/A , N/A , N/A,21,stable,-1.4 ,-4.6, 1.8
"Schoolcraft County, Michigan(2)",26153,Rural,93.7 ,64.9, 135.8,N/A , N/A , N/A,8,stable,7.0 ,-1.1, 25.4
"Swisher County, Texas(7)",48437,Rural,93.7 ,57, 146.1,N/A , N/A , N/A,4,stable,-3.0 ,-7.0, 0.2
"Poquoson City, Virginia(2)",51735,Urban,93.7 ,67.4, 128.4,N/A , N/A , N/A,9,falling,-3.6 ,-6.4, -1.0
"Montgomery County, Missouri(2)",29139,Rural,93.7 ,66.2, 130.4,N/A , N/A , N/A,8,stable,-1.9 ,-4.5, 0.5
"Tyler County, Texas(7)",48457,Rural,93.7 ,73.8, 118.2,N/A , N/A , N/A,16,falling,-3.1 ,-5.6, -0.7
"Choctaw County, Oklahoma(2)",40023,Rural,93.7 ,68.8, 125.8,N/A , N/A , N/A,10,falling,-4.1 ,-6.8, -1.9
"Hamilton County, Iowa(7)",19079,Rural,93.6 ,69.7, 124.2,N/A , N/A , N/A,11,falling,-1.5 ,-2.8, -0.1
"Warren County, Virginia(2)",51187,Urban,93.6 ,77.5, 112.3,N/A , N/A , N/A,26,stable,-1.1 ,-3.0, 0.9
"Shannon County, Missouri(2)",29203,Rural,93.5 ,60.9, 140.9,N/A , N/A , N/A,6,stable,1.6 ,-4.2, 8.6
"Kosciusko County, Indiana(2)",18085,Rural,93.5 ,81.9, 106.4,N/A , N/A , N/A,50,falling,-2.1 ,-3.7, -0.4
"Pulaski County, Indiana(2)",18131,Rural,93.5 ,67.8, 127.3,N/A , N/A , N/A,9,falling,-4.1 ,-6.9, -1.7
"Muskogee County, Oklahoma(2)",40101,Rural,93.5 ,80.4, 108.2,N/A , N/A , N/A,39,falling,-3.8 ,-5.7, -2.2
"Louisa County, Iowa(7)",19115,Rural,93.4 ,66.4, 129.7,N/A , N/A , N/A,8,stable,-1.5 ,-3.5, 0.5
"Sullivan County, New York(7)",36105,Rural,93.3 ,82.4, 105.4,N/A , N/A , N/A,56,stable,3.1 ,-1.2, 12.5
"Grainger County, Tennessee(2)",47057,Urban,93.3 ,74.1, 116.8,N/A , N/A , N/A,18,stable,-1.8 ,-4.0, 0.4
"Amador County, California(7)",06005,Rural,93.2 ,80.2, 108.4,N/A , N/A , N/A,38,falling,-3.4 ,-5.4, -1.4
"Lake County, California(7)",06033,Rural,93.2 ,82.1, 105.6,N/A , N/A , N/A,54,falling,-2.2 ,-3.9, -0.5
"Walker County, Georgia(7)",13295,Urban,93.1 ,81, 106.8,N/A , N/A , N/A,44,stable,-1.8 ,-3.9, 0.6
"Escambia County, Alabama(2)",01053,Rural,93.1 ,76.3, 112.8,N/A , N/A , N/A,22,stable,10.4 ,-3.9, 21.4
"Newton County, Indiana(2)",18111,Urban,93.1 ,68.1, 125.6,N/A , N/A , N/A,10,stable,-1.3 ,-5.1, 2.7
"Ketchikan Gateway Borough, Alaska(2)",02130,Rural,93.1 ,67.7, 126,N/A , N/A , N/A,10,stable,0.2 ,-2.3, 3.3
"Floyd County, Kentucky(7)",21071,Rural,93.1 ,76.2, 113,N/A , N/A , N/A,23,falling,-2.2 ,-3.8, -0.6
"Okfuskee County, Oklahoma(2)",40107,Rural,93.1 ,64.2, 131.2,N/A , N/A , N/A,7,falling,-4.5 ,-8.5, -1.1
"Roosevelt County, New Mexico(7)",35041,Rural,93 ,68.5, 123.7,N/A , N/A , N/A,10,falling,-2.6 ,-4.6, -0.6
"Lawrence County, Pennsylvania(2)",42073,Urban,92.9 ,82.8, 104.2,N/A , N/A , N/A,64,falling,-3.5 ,-5.4, -1.8
"Russell County, Alabama(2)",01113,Urban,92.9 ,78.3, 109.6,N/A , N/A , N/A,32,falling,-6.5 ,-18.9, -3.9
"Polk County, Missouri(2)",29167,Urban,92.9 ,75.4, 113.6,N/A , N/A , N/A,20,stable,3.4 ,-3.2, 18.4
"Shenandoah County, Virginia(2)",51171,Rural,92.8 ,78.8, 109,N/A , N/A , N/A,33,rising,4.3 ,0.3, 16.0
"Calhoun County, Texas(7)",48057,Rural,92.7 ,71.7, 118.8,N/A , N/A , N/A,14,stable,12.8 ,-4.3, 27.4
"LaMoure County, North Dakota(2)",38045,Rural,92.6 ,56.2, 153.3,N/A , N/A , N/A,4,stable,-4.4 ,-10.0, 0.1
"Davis County, Iowa(7)",19051,Rural,92.6 ,61.3, 135.7,N/A , N/A , N/A,6,stable,-2.6 ,-5.3, 0.0
"Muskegon County, Michigan(2)",26121,Urban,92.6 ,84.8, 101,N/A , N/A , N/A,111,falling,-5.2 ,-6.4, -4.1
"Red River County, Texas(7)",48387,Rural,92.6 ,67.5, 126,N/A , N/A , N/A,10,falling,-5.1 ,-7.3, -3.3
"McDonald County, Missouri(2)",29119,Rural,92.5 ,71.3, 118.4,N/A , N/A , N/A,14,stable,-0.8 ,-4.7, 3.6
"Staunton City, Virginia(2)",51790,Urban,92.5 ,73.2, 116,N/A , N/A , N/A,16,rising,11.7 ,1.9, 22.4
"Decatur County, Iowa(7)",19053,Rural,92.5 ,60.6, 138,N/A , N/A , N/A,5,stable,-1.4 ,-3.4, 0.5
"Coosa County, Alabama(2)",01037,Rural,92.5 ,67.5, 127,N/A , N/A , N/A,10,falling,-2.9 ,-4.8, -1.0
"Fresno County, California(7)",06019,Urban,92.5 ,88.6, 96.5,N/A , N/A , N/A,442,rising,3.5 ,0.3, 9.4
"Childress County, Texas(7)",48075,Rural,92.5 ,55.4, 146.6,N/A , N/A , N/A,4,falling,-3.1 ,-6.3, -0.3
"Adair County, Missouri(2)",29001,Rural,92.4 ,71.2, 118.5,N/A , N/A , N/A,13,stable,-2.3 ,-5.1, 0.4
"Warren County, Missouri(2)",29219,Urban,92.3 ,76.2, 111.2,N/A , N/A , N/A,24,falling,-3.7 ,-5.4, -1.9
"Clearwater County, Minnesota(2)",27029,Rural,92.3 ,62.9, 133.4,N/A , N/A , N/A,6,stable,-2.6 ,-6.1, 0.5
"Natrona County, Wyoming(2)",56025,Urban,92.2 ,80.3, 105.5,N/A , N/A , N/A,47,falling,-2.6 ,-4.1, -1.1
"San Joaquin County, California(7)",06077,Urban,92.2 ,87.9, 96.7,N/A , N/A , N/A,368,rising,2.5 ,0.6, 5.0
"DeKalb County, Alabama(2)",01049,Rural,92.2 ,79.9, 106,N/A , N/A , N/A,43,stable,5.0 ,-0.9, 15.3
"Dearborn County, Indiana(2)",18029,Urban,92.2 ,78.4, 107.9,N/A , N/A , N/A,34,stable,-1.9 ,-3.6, 0.0
"Sharp County, Arkansas(2)",05135,Rural,92.1 ,72.1, 117.6,N/A , N/A , N/A,15,falling,-3.5 ,-6.7, -0.7
"Brown County, Minnesota(2)",27015,Rural,92.1 ,74.1, 113.9,N/A , N/A , N/A,19,falling,-3.4 ,-5.4, -1.5
"Keokuk County, Iowa(7)",19107,Rural,92.1 ,64.3, 129.9,N/A , N/A , N/A,8,falling,-2.2 ,-4.1, -0.6
"Box Butte County, Nebraska(2)",31013,Rural,92.1 ,64.2, 129.7,N/A , N/A , N/A,8,falling,-3.1 ,-6.2, -0.1
"Nowata County, Oklahoma(2)",40105,Rural,92 ,61.5, 133.9,N/A , N/A , N/A,6,stable,-3.3 ,-8.1, 0.6
"Shelby County, Ohio(2)",39149,Rural,92 ,77.3, 109,N/A , N/A , N/A,30,falling,-3.2 ,-5.2, -1.3
"El Paso County, Texas(7)",48141,Urban,92 ,87.7, 96.4,N/A , N/A , N/A,367,falling,-15.9 ,-22.9, -8.4
"Fentress County, Tennessee(2)",47049,Rural,91.8 ,70.6, 118.6,N/A , N/A , N/A,14,stable,-3.3 ,-7.5, 0.7
"Itasca County, Minnesota(2)",27061,Rural,91.8 ,78.7, 106.8,N/A , N/A , N/A,38,falling,-3.5 ,-5.3, -1.8
"Mason County, West Virginia(2)",54053,Rural,91.7 ,73.3, 114.1,N/A , N/A , N/A,18,stable,-2.2 ,-4.7, 0.0
"McIntosh County, Oklahoma(2)",40091,Rural,91.6 ,72, 116.2,N/A , N/A , N/A,16,rising,14.4 ,1.9, 30.2
"Gentry County, Missouri(2)",29075,Rural,91.6 ,55.5, 145.3,N/A , N/A , N/A,4,*,*,*,*
"Winston County, Alabama(2)",01133,Rural,91.5 ,72.1, 115.3,N/A , N/A , N/A,16,stable,-0.4 ,-3.1, 2.6
"Cumberland County, Illinois(7)",17035,Rural,91.5 ,63.1, 129.9,N/A , N/A , N/A,7,stable,-2.7 ,-6.2, 0.6
"Putnam County, Illinois(7)",17155,Rural,91.5 ,58.1, 143.4,N/A , N/A , N/A,5,falling,-3.5 ,-6.7, -0.1
"Perry County, Kentucky(7)",21193,Rural,91.5 ,72.9, 113.9,N/A , N/A , N/A,18,stable,14.1 ,-0.6, 25.6
"Tehama County, California(7)",06103,Rural,91.5 ,79.6, 104.8,N/A , N/A , N/A,44,falling,-2.9 ,-5.1, -0.6
"Andrew County, Missouri(2)",29003,Urban,91.5 ,69.4, 119.3,N/A , N/A , N/A,12,stable,-2.0 ,-4.6, 0.7
"Sargent County, North Dakota(2)",38081,Rural,91.4 ,52.1, 156.4,N/A , N/A , N/A,3,falling,-8.6 ,-23.2, -5.1
"Wright County, Missouri(2)",29229,Rural,91.4 ,69.4, 119,N/A , N/A , N/A,12,stable,-2.1 ,-5.2, 0.8
"Decatur County, Tennessee(2)",47039,Rural,91.4 ,65.3, 126.5,N/A , N/A , N/A,8,stable,-1.9 ,-4.2, 0.2
"Prentiss County, Mississippi(2)",28117,Rural,91.4 ,70.5, 116.8,N/A , N/A , N/A,14,stable,2.2 ,-8.4, 23.6
"Washington County, Oklahoma(2)",40147,Rural,91.4 ,77.7, 106.9,N/A , N/A , N/A,33,falling,-3.1 ,-5.3, -1.1
"Pulaski County, Virginia(2)",51155,Urban,91.3 ,76.1, 109.4,N/A , N/A , N/A,26,stable,3.9 ,-0.7, 18.2
"Mower County, Minnesota(2)",27099,Rural,91.3 ,75.7, 109.5,N/A , N/A , N/A,25,stable,2.6 ,-6.5, 22.7
"Zavala County, Texas(7)",48507,Rural,91.3 ,57.3, 138.4,N/A , N/A , N/A,5,stable,-1.5 ,-5.4, 2.5
"Elbert County, Colorado(2)",08039,Urban,91.2 ,72.9, 113.6,N/A , N/A , N/A,20,falling,-4.3 ,-6.9, -1.5
"Thurston County, Nebraska(2)",31173,Rural,91.2 ,50.3, 152.7,N/A , N/A , N/A,3,*,*,*,*
"Laurens County, South Carolina(2)",45059,Urban,91.2 ,79.1, 104.8,N/A , N/A , N/A,44,falling,-3.9 ,-5.8, -2.1
"Perry County, Pennsylvania(2)",42099,Urban,91.1 ,76.8, 107.7,N/A , N/A , N/A,32,stable,5.5 ,-5.9, 25.2
"Freeborn County, Minnesota(2)",27047,Rural,91.1 ,75.1, 110.1,N/A , N/A , N/A,24,falling,-4.1 ,-5.6, -2.8
"Pierce County, Georgia(7)",13229,Rural,91 ,68.9, 118.7,N/A , N/A , N/A,12,rising,16.4 ,8.6, 27.4
"Cherokee County, Oklahoma(2)",40021,Rural,91 ,75.8, 108.5,N/A , N/A , N/A,27,stable,0.7 ,-2.4, 10.1
"Morgan County, Missouri(2)",29141,Rural,90.9 ,72.9, 113.3,N/A , N/A , N/A,18,falling,-2.7 ,-5.4, -0.1
"Clark County, Nevada(2)",32003,Urban,90.8 ,88.5, 93.2,N/A , N/A , N/A,1237,stable,1.8 ,-0.3, 4.6
"Navajo County, Arizona(2)",04017,Rural,90.8 ,81.1, 101.5,N/A , N/A , N/A,69,stable,-1.0 ,-2.3, 0.4
"Baldwin County, Alabama(2)",01003,Urban,90.8 ,84.4, 97.5,N/A , N/A , N/A,161,stable,1.3 ,-3.3, 11.1
"Harlan County, Kentucky(7)",21095,Rural,90.7 ,72, 113.4,N/A , N/A , N/A,17,stable,-1.0 ,-2.5, 0.4
"Morrow County, Oregon(2)",41049,Rural,90.6 ,64.3, 125.5,N/A , N/A , N/A,8,stable,-3.0 ,-6.5, 0.5
"DeWitt County, Texas(7)",48123,Rural,90.6 ,69.5, 116.7,N/A , N/A , N/A,13,falling,-3.3 ,-6.5, -0.3
"Newberry County, South Carolina(2)",45071,Rural,90.5 ,74.9, 108.9,N/A , N/A , N/A,25,falling,-3.2 ,-5.6, -1.0
"Marshall County, South Dakota(2)",46091,Rural,90.5 ,53.3, 150,N/A , N/A , N/A,4,*,*,*,*
"Highlands County, Florida(2)",12055,Urban,90.4 ,82, 99.7,N/A , N/A , N/A,100,stable,2.1 ,-3.2, 15.8
"Cannon County, Tennessee(2)",47015,Urban,90.4 ,64.5, 124,N/A , N/A , N/A,9,stable,-2.0 ,-5.2, 1.2
"Harrison County, Missouri(2)",29081,Rural,90.4 ,60.4, 133,N/A , N/A , N/A,6,*,*,*,*
"Mercer County, West Virginia(2)",54055,Rural,90.3 ,78, 104.3,N/A , N/A , N/A,41,falling,-3.6 ,-5.9, -1.6
"Bradley County, Tennessee(2)",47011,Urban,90.3 ,80.2, 101.4,N/A , N/A , N/A,61,stable,-0.7 ,-2.7, 1.6
"Winnebago County, Illinois(7)",17201,Urban,90.2 ,84.2, 96.7,N/A , N/A , N/A,172,falling,-2.6 ,-3.2, -2.1
"Charlevoix County, Michigan(2)",26029,Rural,90.2 ,73.9, 110.1,N/A , N/A , N/A,23,falling,-3.0 ,-5.4, -0.8
"San Juan County, Utah(7)",49037,Rural,90.2 ,62.9, 125.9,N/A , N/A , N/A,7,stable,-0.6 ,-2.9, 2.3
"Logan County, Ohio(2)",39091,Rural,90.2 ,76.2, 106.2,N/A , N/A , N/A,32,falling,-3.3 ,-5.6, -1.1
"Wheeler County, Georgia(7)",13309,Rural,90.1 ,54.1, 141.9,N/A , N/A , N/A,4,*,*,*,*
"Essex County, New York(7)",36031,Rural,90.1 ,76.6, 106.1,N/A , N/A , N/A,33,falling,-3.1 ,-4.8, -1.4
"Monroe County, Michigan(2)",26115,Urban,90.1 ,82.2, 98.7,N/A , N/A , N/A,102,stable,-2.0 ,-4.3, 0.5
"Prowers County, Colorado(2)",08099,Rural,90.1 ,61.8, 127.7,N/A , N/A , N/A,7,stable,-2.1 ,-5.8, 1.7
"El Paso County, Colorado(2)",08041,Urban,90.1 ,85.7, 94.6,N/A , N/A , N/A,343,falling,-5.6 ,-8.1, -4.6
"Madera County, California(7)",06039,Urban,90 ,81.1, 99.7,N/A , N/A , N/A,78,rising,3.8 ,0.3, 10.6
"Columbia County, Oregon(2)",41009,Urban,90 ,77.1, 104.8,N/A , N/A , N/A,37,falling,-2.5 ,-4.1, -0.7
"Emmet County, Michigan(2)",26047,Rural,90 ,75.1, 107.6,N/A , N/A , N/A,27,falling,-3.4 ,-5.3, -1.5
"Kent County, Michigan(2)",26081,Urban,90 ,85.5, 94.6,N/A , N/A , N/A,330,stable,0.8 ,-0.9, 3.5
"Jackson County, Missouri(2)",29095,Urban,89.9 ,85.7, 94.2,N/A , N/A , N/A,368,stable,1.9 ,-1.9, 8.8
"Franklin County, Washington(2)",53021,Urban,89.8 ,76.5, 104.6,N/A , N/A , N/A,37,falling,-3.9 ,-5.8, -2.0
"Kay County, Oklahoma(2)",40071,Rural,89.7 ,75, 106.8,N/A , N/A , N/A,27,falling,-5.7 ,-7.7, -4.2
"Park County, Colorado(2)",08093,Urban,89.7 ,69.1, 116.5,N/A , N/A , N/A,17,falling,-4.0 ,-6.7, -0.9
"Sullivan County, Indiana(2)",18153,Urban,89.6 ,68.5, 115.7,N/A , N/A , N/A,13,stable,4.1 ,-2.4, 18.5
"Colusa County, California(7)",06011,Rural,89.6 ,67.2, 117.3,N/A , N/A , N/A,11,stable,-0.9 ,-3.0, 1.5
"Calhoun County, South Carolina(2)",45017,Urban,89.6 ,66.8, 119.6,N/A , N/A , N/A,11,falling,-5.0 ,-7.6, -2.8
"Lincoln County, Georgia(7)",13181,Urban,89.5 ,61.6, 130.7,N/A , N/A , N/A,7,stable,-1.0 ,-4.0, 2.6
"Adams County, Washington(2)",53001,Rural,89.5 ,64.3, 121.3,N/A , N/A , N/A,9,falling,-4.6 ,-8.1, -1.5
"Huntington County, Indiana(2)",18069,Rural,89.5 ,73.2, 108.7,N/A , N/A , N/A,23,falling,-2.2 ,-4.0, -0.4
"Jackson County, Indiana(2)",18071,Rural,89.5 ,74.3, 107.1,N/A , N/A , N/A,25,falling,-3.0 ,-5.2, -1.0
"Moore County, Texas(7)",48341,Rural,89.4 ,64.4, 120.8,N/A , N/A , N/A,9,stable,-2.5 ,-5.5, 0.4
"Union County, Oregon(2)",41061,Rural,89.4 ,71.3, 111.4,N/A , N/A , N/A,18,falling,-4.9 ,-7.1, -2.9
"Laurens County, Georgia(7)",13175,Rural,89.4 ,74.6, 106.4,N/A , N/A , N/A,27,stable,-1.5 ,-3.2, 0.3
"Limestone County, Texas(7)",48293,Rural,89.3 ,69.7, 113.5,N/A , N/A , N/A,15,falling,-3.7 ,-5.7, -1.9
"Wayne County, Tennessee(2)",47181,Rural,89.3 ,67.1, 117.6,N/A , N/A , N/A,11,stable,-0.4 ,-3.4, 3.1
"Knox County, Illinois(7)",17095,Rural,89.3 ,76.2, 104.3,N/A , N/A , N/A,35,falling,-2.4 ,-4.1, -0.8
"Haskell County, Texas(7)",48207,Rural,89.3 ,53.1, 144.8,N/A , N/A , N/A,4,falling,-3.1 ,-6.3, -0.3
"Hood River County, Oregon(2)",41027,Rural,89.2 ,69, 113.9,N/A , N/A , N/A,14,falling,-4.3 ,-6.6, -2.3
"Sullivan County, Missouri(2)",29211,Rural,89.2 ,54.5, 141.4,N/A , N/A , N/A,4,*,*,*,*
"Wetzel County, West Virginia(2)",54103,Rural,89.1 ,65.8, 119.6,N/A , N/A , N/A,10,stable,-2.4 ,-19.9, 20.0
"Mora County, New Mexico(7)",35033,Rural,89.1 ,55.4, 147.8,N/A , N/A , N/A,4,*,*,*,*
"Shoshone County, Idaho(7)",16079,Rural,89.1 ,66.2, 119.3,N/A , N/A , N/A,11,falling,-35.6 ,-53.4, -11.5
"Marion County, Georgia(7)",13197,Urban,89.1 ,59.1, 133.1,N/A , N/A , N/A,6,*,*,*,*
"Lee County, Kentucky(7)",21129,Rural,89.1 ,54.5, 139,N/A , N/A , N/A,4,stable,-2.9 ,-6.2, 0.3
"Nobles County, Minnesota(2)",27105,Rural,89 ,68.5, 114.2,N/A , N/A , N/A,13,falling,-5.3 ,-7.9, -3.2
"Craig County, Virginia(2)",51045,Urban,89 ,53, 148,N/A , N/A , N/A,4,*,*,*,*
"Socorro County, New Mexico(7)",35053,Rural,89 ,66.7, 117.4,N/A , N/A , N/A,11,stable,6.2 ,-3.3, 28.8
"Hardin County, Ohio(2)",39065,Rural,89 ,70.3, 111.3,N/A , N/A , N/A,17,stable,-2.3 ,-5.1, 0.3
"Okeechobee County, Florida(2)",12093,Rural,88.9 ,74.5, 105.6,N/A , N/A , N/A,27,stable,5.6 ,-2.2, 20.8
"Laurel County, Kentucky(7)",21125,Rural,88.9 ,75.9, 103.5,N/A , N/A , N/A,36,falling,-2.9 ,-4.2, -1.4
"Armstrong County, Pennsylvania(2)",42005,Urban,88.8 ,77.8, 101.1,N/A , N/A , N/A,50,falling,-5.5 ,-9.9, -3.2
"Brown County, Ohio(2)",39015,Urban,88.7 ,74.5, 105.2,N/A , N/A , N/A,29,falling,-3.4 ,-5.1, -1.8
"Turner County, South Dakota(2)",46125,Urban,88.6 ,57.3, 132.7,N/A , N/A , N/A,5,falling,-3.4 ,-7.0, -0.1
"Montcalm County, Michigan(2)",26117,Urban,88.6 ,76.8, 101.9,N/A , N/A , N/A,43,falling,-4.7 ,-6.5, -3.1
"Johnson County, Indiana(2)",18081,Urban,88.5 ,79.9, 97.7,N/A , N/A , N/A,82,falling,-12.6 ,-20.6, -7.3
"Benton County, Oregon(2)",41003,Urban,88.4 ,77.7, 100.3,N/A , N/A , N/A,53,stable,2.2 ,-3.0, 15.1
"Rockingham County, Virginia(2)",51165,Urban,88.4 ,78, 100,N/A , N/A , N/A,54,falling,-3.6 ,-5.9, -1.4
"Gooding County, Idaho(7)",16047,Rural,88.3 ,64.8, 118.2,N/A , N/A , N/A,10,falling,-7.1 ,-17.6, -4.2
"Musselshell County, Montana(2)",30065,Rural,88.2 ,56.2, 141.6,N/A , N/A , N/A,5,falling,-4.4 ,-8.7, -0.1
"Bedford County, Pennsylvania(2)",42009,Rural,88.2 ,75.4, 103,N/A , N/A , N/A,36,falling,-5.8 ,-7.5, -4.4
"Okaloosa County, Florida(2)",12091,Urban,88.2 ,80.9, 96,N/A , N/A , N/A,115,falling,-3.0 ,-4.0, -2.0
"Fayette County, West Virginia(2)",54019,Urban,88.2 ,73.7, 105.1,N/A , N/A , N/A,28,stable,-1.2 ,-3.0, 0.6
"Pike County, Kentucky(7)",21195,Rural,88.2 ,75.4, 102.8,N/A , N/A , N/A,37,stable,5.0 ,0.0, 16.5
"Adams County, Colorado(2)",08001,Urban,88.1 ,82.4, 94,N/A , N/A , N/A,206,stable,3.1 ,-1.1, 11.9
"Bradford County, Florida(2)",12007,Rural,88 ,70.1, 109.5,N/A , N/A , N/A,17,stable,-2.3 ,-4.7, 0.0
"Grimes County, Texas(7)",48185,Rural,88 ,70.8, 108.5,N/A , N/A , N/A,20,stable,-2.1 ,-4.4, 0.4
"Custer County, Colorado(2)",08027,Rural,88 ,50.4, 154.4,N/A , N/A , N/A,5,stable,-3.5 ,-7.8, 0.4
"Hidalgo County, Texas(7)",48215,Urban,88 ,83.7, 92.4,N/A , N/A , N/A,319,falling,-2.4 ,-3.8, -0.9
"Henderson County, Kentucky(7)",21101,Rural,87.9 ,73.4, 104.7,N/A , N/A , N/A,27,falling,-2.7 ,-5.2, -0.2
"Polk County, Tennessee(2)",47139,Urban,87.8 ,66.6, 114.9,N/A , N/A , N/A,12,stable,0.4 ,-2.5, 3.6
"Little River County, Arkansas(2)",05081,Urban,87.8 ,62.5, 121.6,N/A , N/A , N/A,8,stable,-3.3 ,-14.1, 0.8
"San Francisco County, California(7)",06075,Urban,87.8 ,84.2, 91.4,N/A , N/A , N/A,476,stable,4.3 ,-3.1, 9.4
"Pontotoc County, Oklahoma(2)",40123,Rural,87.7 ,71.6, 106.7,N/A , N/A , N/A,21,falling,-4.9 ,-6.8, -3.3
"Comanche County, Texas(7)",48093,Rural,87.7 ,64.9, 117.6,N/A , N/A , N/A,10,stable,17.4 ,-3.6, 33.6
"Gates County, North Carolina(2)",37073,Urban,87.7 ,61.6, 123.7,N/A , N/A , N/A,8,stable,-3.6 ,-8.1, 0.8
"Coshocton County, Ohio(2)",39031,Rural,87.7 ,72.1, 106,N/A , N/A , N/A,23,stable,-1.8 ,-7.5, 1.4
"Forest County, Pennsylvania(2)",42053,Rural,87.6 ,59, 168.4,N/A , N/A , N/A,6,falling,-3.4 ,-7.1, -0.1
"Rio Blanco County, Colorado(2)",08103,Rural,87.6 ,53.7, 137.9,N/A , N/A , N/A,4,falling,-5.6 ,-9.4, -2.3
"Wilson County, Texas(7)",48493,Urban,87.4 ,73.6, 103.4,N/A , N/A , N/A,30,falling,-3.1 ,-5.0, -1.0
"Montmorency County, Michigan(2)",26119,Rural,87.4 ,62.2, 124.4,N/A , N/A , N/A,9,falling,-3.8 ,-6.8, -1.4
"Saline County, Missouri(2)",29195,Rural,87.4 ,67, 112.5,N/A , N/A , N/A,13,stable,3.8 ,-2.2, 18.0
"Barnes County, North Dakota(2)",38003,Rural,87.4 ,61.5, 122.7,N/A , N/A , N/A,8,falling,-4.4 ,-7.4, -1.8
"Garvin County, Oklahoma(2)",40049,Rural,87.4 ,68.1, 110.8,N/A , N/A , N/A,15,falling,-4.6 ,-6.5, -3.1
"Hendry County, Florida(2)",12051,Rural,87.3 ,70.7, 106.7,N/A , N/A , N/A,20,falling,-3.0 ,-5.8, -0.1
"Edgar County, Illinois(7)",17045,Rural,87.3 ,66.5, 114,N/A , N/A , N/A,12,falling,-3.2 ,-5.9, -0.8
"Elliott County, Kentucky(7)",21063,Rural,87.3 ,56.3, 132.2,N/A , N/A , N/A,5,*,*,*,*
"Johnson County, Tennessee(2)",47091,Rural,87.3 ,66.9, 113,N/A , N/A , N/A,13,stable,1.0 ,-1.9, 4.5
"Lassen County, California(7)",06035,Rural,87.3 ,69.1, 108.9,N/A , N/A , N/A,17,stable,-0.7 ,-3.6, 2.4
"Alleghany County, North Carolina(2)",37005,Rural,87.2 ,63.7, 119.5,N/A , N/A , N/A,10,stable,-2.3 ,-4.6, 0.1
"Oregon County, Missouri(2)",29149,Rural,87.1 ,59, 127.1,N/A , N/A , N/A,6,*,*,*,*
"Lauderdale County, Alabama(2)",01077,Urban,87 ,77.1, 98.1,N/A , N/A , N/A,58,falling,-3.4 ,-5.0, -2.0
"Metcalfe County, Kentucky(7)",21169,Rural,87 ,58.5, 126.2,N/A , N/A , N/A,7,stable,-0.6 ,-3.6, 3.0
"Sequoyah County, Oklahoma(2)",40135,Urban,86.9 ,71.5, 105,N/A , N/A , N/A,23,stable,-2.1 ,-4.4, 0.2
"Grundy County, Missouri(2)",29079,Rural,86.9 ,59.4, 124.9,N/A , N/A , N/A,7,stable,-2.0 ,-5.2, 1.1
"Jackson County, Alabama(2)",01071,Rural,86.9 ,73.9, 101.8,N/A , N/A , N/A,34,stable,3.4 ,-2.0, 15.9
"Caldwell County, Missouri(2)",29025,Urban,86.9 ,58.3, 126.8,N/A , N/A , N/A,6,falling,-7.5 ,-12.8, -5.1
"Sheridan County, Wyoming(2)",56033,Rural,86.8 ,70.9, 105.9,N/A , N/A , N/A,22,falling,-4.3 ,-6.3, -2.4
"Putnam County, Missouri(2)",29171,Rural,86.8 ,52, 143,N/A , N/A , N/A,4,*,*,*,*
"Buckingham County, Virginia(2)",51029,Rural,86.8 ,65.2, 114.3,N/A , N/A , N/A,11,stable,-3.8 ,-8.3, 0.4
"Mendocino County, California(7)",06045,Rural,86.8 ,77.5, 97.1,N/A , N/A , N/A,69,stable,2.5 ,-1.6, 12.1
"Russell County, Kentucky(7)",21207,Rural,86.7 ,66.2, 112.9,N/A , N/A , N/A,13,stable,-1.3 ,-3.5, 1.1
"Webb County, Texas(7)",48479,Urban,86.7 ,78.3, 95.7,N/A , N/A , N/A,84,stable,2.3 ,-5.0, 17.6
"Cameron County, Texas(7)",48061,Urban,86.7 ,81.1, 92.6,N/A , N/A , N/A,182,stable,2.7 ,-1.4, 11.4
"Houston County, Tennessee(2)",47083,Rural,86.7 ,56.7, 129.7,N/A , N/A , N/A,6,stable,-2.1 ,-6.6, 2.5
"Lucas County, Iowa(7)",19117,Rural,86.6 ,58.8, 125.8,N/A , N/A , N/A,6,falling,-2.6 ,-4.9, -0.6
"Palo Pinto County, Texas(7)",48363,Rural,86.6 ,69.3, 107.3,N/A , N/A , N/A,18,falling,-4.8 ,-6.8, -2.9
"Grundy County, Tennessee(2)",47061,Rural,86.5 ,62.1, 118.7,N/A , N/A , N/A,9,falling,-3.2 ,-6.1, -0.4
"Allegan County, Michigan(2)",26005,Rural,86.4 ,77.4, 96.3,N/A , N/A , N/A,73,stable,-2.1 ,-4.2, 2.1
"Kings County, California(7)",06031,Urban,86.4 ,76.2, 97.5,N/A , N/A , N/A,56,falling,-3.7 ,-4.8, -2.5
"Stone County, Arkansas(2)",05137,Rural,86.4 ,64.7, 115.7,N/A , N/A , N/A,11,falling,-2.9 ,-5.2, -0.8
"Pocahontas County, West Virginia(2)",54075,Rural,86.4 ,58.9, 126.4,N/A , N/A , N/A,7,stable,0.0 ,-4.7, 4.8
"Clinton County, Kentucky(7)",21053,Rural,86.3 ,57.6, 126.6,N/A , N/A , N/A,6,falling,-3.1 ,-5.3, -0.9
"Giles County, Tennessee(2)",47055,Rural,86.3 ,69.8, 106.1,N/A , N/A , N/A,20,stable,-2.4 ,-5.0, 0.4
"McKenzie County, North Dakota(2)",38053,Rural,86.3 ,55.2, 127.8,N/A , N/A , N/A,5,falling,-4.2 ,-8.2, -0.4
"Campbell County, Wyoming(2)",56005,Rural,86.2 ,70.2, 105,N/A , N/A , N/A,24,falling,-2.9 ,-4.9, -0.5
"Valdez-Cordova Census Area, Alaska(2)",02261,Rural,86.2 ,51.3, 135.8,N/A , N/A , N/A,6,stable,-3.6 ,-7.7, 0.5
"Phelps County, Nebraska(2)",31137,Rural,86.2 ,57.3, 126.6,N/A , N/A , N/A,6,*,*,*,*
"Breckinridge County, Kentucky(7)",21027,Rural,86.2 ,67.3, 109.9,N/A , N/A , N/A,15,falling,-2.6 ,-4.2, -1.0
"Elkhart County, Indiana(2)",18039,Urban,86.1 ,78.5, 94.3,N/A , N/A , N/A,98,stable,2.6 ,-1.3, 12.4
"Luce County, Michigan(2)",26095,Rural,86.1 ,54.7, 132.5,N/A , N/A , N/A,5,stable,0.2 ,-20.3, 26.2
"Logan County, Oklahoma(2)",40083,Urban,86.1 ,72.2, 102.1,N/A , N/A , N/A,29,falling,-3.8 ,-5.1, -2.5
"Menifee County, Kentucky(7)",21165,Rural,86.1 ,52.9, 137.4,N/A , N/A , N/A,4,*,*,*,*
"Jack County, Texas(7)",48237,Rural,86 ,54, 131,N/A , N/A , N/A,5,stable,-2.6 ,-7.6, 1.8
"Franklin County, Virginia(2)",51067,Urban,86 ,74.6, 99.1,N/A , N/A , N/A,44,falling,-4.4 ,-6.2, -2.8
"Livingston County, Kentucky(7)",21139,Urban,86 ,58.5, 125,N/A , N/A , N/A,7,falling,-3.7 ,-6.0, -1.4
"Mingo County, West Virginia(2)",54059,Rural,86 ,67.5, 108.7,N/A , N/A , N/A,17,falling,-3.6 ,-6.1, -1.2
"Ontonagon County, Michigan(2)",26131,Rural,85.9 ,59.8, 134.7,N/A , N/A , N/A,8,stable,-1.6 ,-4.8, 1.6
"Yamhill County, Oregon(2)",41071,Urban,85.9 ,76.3, 96.4,N/A , N/A , N/A,61,falling,-2.9 ,-4.7, -1.2
"Torrance County, New Mexico(7)",35057,Urban,85.8 ,65.5, 112.3,N/A , N/A , N/A,13,falling,-3.0 ,-4.2, -1.5
"Dawson County, Nebraska(2)",31047,Rural,85.8 ,66.6, 109.3,N/A , N/A , N/A,14,falling,-2.6 ,-4.6, -0.7
"Bedford City and County, Virginia(2)",51917,Urban,85.7 ,76, 96.4,N/A , N/A , N/A,61,rising,3.5 ,1.2, 6.6
"Chattooga County, Georgia(7)",13055,Rural,85.6 ,66.9, 108.4,N/A , N/A , N/A,15,falling,-4.3 ,-6.3, -2.3
"Wayne County, Pennsylvania(2)",42127,Rural,85.5 ,73.9, 99,N/A , N/A , N/A,42,falling,-2.9 ,-5.5, -0.5
"Uinta County, Wyoming(2)",56041,Rural,85.5 ,63.8, 112.8,N/A , N/A , N/A,12,falling,-4.9 ,-8.1, -1.7
"Richmond County, Virginia(2)",51159,Rural,85.4 ,57, 125,N/A , N/A , N/A,6,stable,-2.5 ,-5.3, 0.0
"Perry County, Tennessee(2)",47135,Rural,85.4 ,56.8, 125.9,N/A , N/A , N/A,6,stable,-2.1 ,-5.6, 1.7
"Fulton County, Indiana(2)",18049,Rural,85.4 ,64.4, 111.6,N/A , N/A , N/A,12,stable,6.8 ,-5.4, 26.6
"Indiana County, Pennsylvania(2)",42063,Rural,85.4 ,75.2, 96.7,N/A , N/A , N/A,54,stable,5.1 ,-1.6, 15.6
"Glades County, Florida(2)",12043,Rural,85.3 ,62.4, 116.5,N/A , N/A , N/A,9,stable,0.0 ,-3.7, 3.7
"Essex County, Vermont(2)",50009,Rural,85.3 ,55.1, 133.4,N/A , N/A , N/A,5,*,*,*,*
"Edmonson County, Kentucky(7)",21061,Urban,85.3 ,61.2, 117.8,N/A , N/A , N/A,9,stable,-1.6 ,-4.0, 1.0
"Juniata County, Pennsylvania(2)",42067,Rural,85.3 ,66.7, 108,N/A , N/A , N/A,15,rising,12.6 ,0.3, 40.2
"DeSoto County, Florida(2)",12027,Rural,85.2 ,70.6, 102.4,N/A , N/A , N/A,24,falling,-3.2 ,-5.6, -0.9
"San Jacinto County, Texas(7)",48407,Urban,85.2 ,69.1, 104.7,N/A , N/A , N/A,21,falling,-2.4 ,-3.6, -1.1
"Franklin County, Florida(2)",12037,Rural,85.1 ,63.2, 114.6,N/A , N/A , N/A,11,stable,0.7 ,-2.5, 4.8
"Beckham County, Oklahoma(2)",40009,Rural,85.1 ,63.6, 111.6,N/A , N/A , N/A,11,falling,-5.2 ,-7.7, -3.2
"Giles County, Virginia(2)",51071,Urban,85.1 ,63.4, 112.9,N/A , N/A , N/A,11,falling,-2.9 ,-6.0, -0.1
"Lake of the Woods County, Minnesota(2)",27077,Rural,85 ,50.5, 147.1,N/A , N/A , N/A,4,*,*,*,*
"Fulton County, Pennsylvania(2)",42057,Rural,85 ,62.8, 114.1,N/A , N/A , N/A,10,falling,-3.8 ,-7.2, -0.5
"Nye County, Nevada(2)",32023,Rural,85 ,74.3, 97.4,N/A , N/A , N/A,50,falling,-2.8 ,-4.9, -0.5
"Bledsoe County, Tennessee(2)",47007,Rural,84.9 ,63, 113.5,N/A , N/A , N/A,11,stable,-2.5 ,-6.8, 2.3
"Delaware County, Oklahoma(2)",40041,Rural,84.9 ,71.9, 100.2,N/A , N/A , N/A,32,stable,-1.4 ,-3.7, 1.1
"Allamakee County, Iowa(7)",19005,Rural,84.9 ,63.2, 113.2,N/A , N/A , N/A,11,falling,-6.0 ,-23.5, -3.1
"Camden County, North Carolina(2)",37029,Urban,84.8 ,56.7, 123.6,N/A , N/A , N/A,6,falling,-4.0 ,-8.0, -0.2
"Knox County, Kentucky(7)",21121,Rural,84.7 ,67, 106,N/A , N/A , N/A,16,falling,-2.7 ,-4.8, -0.7
"Miami County, Indiana(2)",18103,Rural,84.7 ,68.7, 103.5,N/A , N/A , N/A,21,falling,-2.4 ,-4.8, -0.1
"Richland County, Montana(2)",30083,Rural,84.6 ,58.2, 120.1,N/A , N/A , N/A,7,stable,-1.2 ,-5.0, 3.0
"Wabasha County, Minnesota(2)",27157,Urban,84.6 ,66.4, 107.2,N/A , N/A , N/A,15,falling,-5.5 ,-15.2, -2.5
"Jones County, Texas(7)",48253,Urban,84.5 ,62.5, 112.2,N/A , N/A , N/A,10,falling,-2.5 ,-4.5, -0.5
"Jennings County, Indiana(2)",18079,Rural,84.5 ,66.9, 105.9,N/A , N/A , N/A,16,stable,-2.5 ,-4.9, 0.0
"Teller County, Colorado(2)",08119,Urban,84.5 ,67.2, 106.1,N/A , N/A , N/A,21,falling,-5.3 ,-6.9, -3.6
"Cotton County, Oklahoma(2)",40033,Urban,84.5 ,49.4, 139.5,N/A , N/A , N/A,4,*,*,*,*
"Brewster County, Texas(7)",48043,Rural,84.4 ,58.4, 120.9,N/A , N/A , N/A,7,stable,-2.1 ,-6.0, 2.8
"Greenbrier County, West Virginia(2)",54025,Rural,84.4 ,69.6, 102,N/A , N/A , N/A,24,stable,-2.2 ,-4.7, 0.3
"Wahkiakum County, Washington(2)",53069,Rural,84.3 ,52.4, 142.6,N/A , N/A , N/A,5,rising,19.9 ,10.3, 45.6
"Hickman County, Tennessee(2)",47081,Urban,84.3 ,65.5, 107.3,N/A , N/A , N/A,15,stable,-1.4 ,-5.5, 2.9
"Lincoln County, Nevada(2)",32017,Rural,84.3 ,48.7, 141.8,N/A , N/A , N/A,3,*,*,*,*
"Crittenden County, Kentucky(7)",21055,Rural,84.3 ,55.9, 124.2,N/A , N/A , N/A,6,stable,-0.6 ,-4.9, 3.8
"Delaware County, New York(7)",36025,Rural,84.2 ,72, 98.5,N/A , N/A , N/A,36,falling,-3.5 ,-5.0, -2.1
"Cherry County, Nebraska(2)",31031,Rural,84.2 ,51.8, 134.4,N/A , N/A , N/A,4,*,*,*,*
"Boone County, West Virginia(2)",54005,Urban,84.1 ,65.6, 107.3,N/A , N/A , N/A,15,stable,-2.9 ,-6.3, 0.5
"Leslie County, Kentucky(7)",21131,Rural,84.1 ,57.5, 121.1,N/A , N/A , N/A,7,falling,-5.7 ,-18.7, -2.2
"Edgefield County, South Carolina(2)",45037,Urban,84.1 ,67, 105,N/A , N/A , N/A,18,stable,-2.4 ,-5.2, 0.5
"Henry County, Virginia(2)",51089,Rural,84.1 ,72, 98.1,N/A , N/A , N/A,36,falling,-3.3 ,-5.1, -1.5
"Currituck County, North Carolina(2)",37053,Urban,84 ,66.5, 105.3,N/A , N/A , N/A,17,falling,-3.1 ,-5.9, -0.2
"Livingston County, Missouri(2)",29117,Rural,84 ,59.3, 116.5,N/A , N/A , N/A,8,stable,-1.6 ,-4.6, 1.4
"Cassia County, Idaho(7)",16031,Rural,83.8 ,62.5, 110.1,N/A , N/A , N/A,11,falling,-4.7 ,-7.8, -1.9
"Benton County, Missouri(2)",29015,Rural,83.7 ,67.8, 104.4,N/A , N/A , N/A,20,falling,-3.4 ,-5.5, -1.4
"Dallas County, Missouri(2)",29059,Urban,83.6 ,63.3, 109.7,N/A , N/A , N/A,12,falling,-2.4 ,-3.7, -1.1
"Sheridan County, Nebraska(2)",31161,Rural,83.6 ,50.4, 136.9,N/A , N/A , N/A,4,falling,-2.6 ,-4.9, -0.3
"Wabash County, Illinois(7)",17185,Rural,83.5 ,57.4, 118.9,N/A , N/A , N/A,7,stable,-0.5 ,-3.9, 3.1
"Monroe County, Florida(2)",12087,Rural,83.5 ,74.5, 93.5,N/A , N/A , N/A,66,stable,10.0 ,-0.1, 17.5
"Cumberland County, Virginia(2)",51049,Rural,83.4 ,57.4, 120.3,N/A , N/A , N/A,7,stable,-4.1 ,-8.5, 0.1
"Letcher County, Kentucky(7)",21133,Rural,83.4 ,63.4, 108.4,N/A , N/A , N/A,14,falling,-3.4 ,-5.9, -1.2
"Clay County, Alabama(2)",01027,Rural,83.4 ,60.7, 113.3,N/A , N/A , N/A,9,falling,-7.0 ,-24.2, -2.5
"Ouray County, Colorado(2)",08091,Rural,83.3 ,51.9, 139.8,N/A , N/A , N/A,5,stable,-3.3 ,-7.6, 1.5
"Appomattox County, Virginia(2)",51011,Urban,83.2 ,61.6, 111.1,N/A , N/A , N/A,10,falling,-4.4 ,-7.7, -1.5
"Hardin County, Tennessee(2)",47071,Rural,83.2 ,67.3, 102.7,N/A , N/A , N/A,19,stable,-0.4 ,-2.4, 2.0
"Carteret County, North Carolina(2)",37031,Rural,83.1 ,73.3, 94.2,N/A , N/A , N/A,55,stable,-1.2 ,-4.5, 6.5
"Fayette County, Alabama(2)",01057,Rural,83.1 ,60.8, 112,N/A , N/A , N/A,10,stable,-0.7 ,-4.8, 3.7
"Stanton County, Nebraska(2)",31167,Rural,83.1 ,47.5, 137.5,N/A , N/A , N/A,3,*,*,*,*
"Bexar County, Texas(7)",48029,Urban,83 ,80.4, 85.7,N/A , N/A , N/A,793,stable,-4.9 ,-9.3, 0.5
"Phelps County, Missouri(2)",29161,Rural,83 ,68.5, 99.8,N/A , N/A , N/A,24,falling,-3.3 ,-5.6, -1.1
"LaGrange County, Indiana(2)",18087,Rural,83 ,65.5, 103.6,N/A , N/A , N/A,17,stable,-0.1 ,-3.2, 3.3
"Cass County, Indiana(2)",18017,Rural,83 ,67.7, 101,N/A , N/A , N/A,21,falling,-3.0 ,-4.9, -1.3
"Hawkins County, Tennessee(2)",47073,Urban,82.9 ,71, 96.6,N/A , N/A , N/A,37,stable,2.4 ,-2.7, 13.5
"Luna County, New Mexico(7)",35029,Rural,82.9 ,65.4, 104.3,N/A , N/A , N/A,16,falling,-2.4 ,-3.7, -1.1
"Dimmit County, Texas(7)",48127,Rural,82.9 ,51, 128.2,N/A , N/A , N/A,4,stable,1.7 ,-5.0, 24.3
"Florence County, Wisconsin(2)",55037,Rural,82.9 ,50.8, 140.6,N/A , N/A , N/A,5,stable,-1.1 ,-4.8, 2.9
"Montrose County, Colorado(2)",08085,Rural,82.8 ,69.9, 98,N/A , N/A , N/A,31,stable,2.8 ,-2.0, 13.4
"Jackson County, Arkansas(2)",05067,Rural,82.8 ,60.4, 111.7,N/A , N/A , N/A,9,falling,-3.2 ,-5.5, -1.2
"Maries County, Missouri(2)",29125,Rural,82.8 ,55.9, 121.5,N/A , N/A , N/A,6,stable,0.2 ,-4.2, 5.2
"Charlotte County, Florida(2)",12015,Urban,82.7 ,77.3, 88.7,N/A , N/A , N/A,206,falling,-3.0 ,-4.3, -1.9
"Grant County, Oregon(2)",41023,Rural,82.7 ,55, 124.8,N/A , N/A , N/A,7,falling,-3.8 ,-6.9, -0.9
"Jackson County, Oklahoma(2)",40065,Rural,82.7 ,62.2, 107.9,N/A , N/A , N/A,11,stable,-3.3 ,-7.3, 0.3
"Holmes County, Ohio(2)",39075,Rural,82.6 ,66.3, 101.8,N/A , N/A , N/A,18,stable,-0.9 ,-3.2, 1.6
"McMinn County, Tennessee(2)",47107,Rural,82.6 ,70.3, 96.9,N/A , N/A , N/A,33,stable,-2.4 ,-5.4, 0.6
"Overton County, Tennessee(2)",47133,Rural,82.6 ,64.3, 105.4,N/A , N/A , N/A,14,falling,-2.7 ,-5.1, -0.3
"Bear Lake County, Idaho(7)",16007,Rural,82.6 ,49.1, 133.2,N/A , N/A , N/A,4,falling,-4.3 ,-7.6, -1.4
"Jefferson County, Oregon(2)",41031,Urban,82.5 ,64.8, 104.1,N/A , N/A , N/A,16,stable,-2.6 ,-5.2, 0.1
"Pima County, Arizona(2)",04019,Urban,82.5 ,79.5, 85.5,N/A , N/A , N/A,616,stable,1.6 ,-1.7, 8.6
"Murray County, Georgia(7)",13213,Urban,82.4 ,66, 101.9,N/A , N/A , N/A,19,stable,-2.0 ,-3.8, 0.2
"Mountrail County, North Dakota(2)",38061,Rural,82.3 ,52.9, 123.6,N/A , N/A , N/A,5,stable,-3.9 ,-8.0, 0.0
"Lincoln County, Colorado(2)",08073,Rural,82.1 ,48.1, 133.8,N/A , N/A , N/A,4,falling,-6.2 ,-12.0, -2.0
"Walworth County, South Dakota(2)",46129,Rural,82.1 ,47.7, 136.2,N/A , N/A , N/A,4,falling,-5.0 ,-8.8, -1.9
"Curry County, Oregon(2)",41015,Rural,82.1 ,66.4, 102.1,N/A , N/A , N/A,23,stable,5.1 ,-2.6, 23.2
"Lewis County, Washington(2)",53041,Rural,82 ,72.1, 93.1,N/A , N/A , N/A,53,falling,-2.9 ,-4.3, -1.6
"Walton County, Florida(2)",12131,Urban,82 ,71.5, 93.7,N/A , N/A , N/A,48,stable,-1.5 ,-3.3, 0.6
"Kit Carson County, Colorado(2)",08063,Rural,81.9 ,51.4, 127,N/A , N/A , N/A,5,stable,-3.4 ,-7.5, 0.0
"Marshall County, Oklahoma(2)",40095,Rural,81.9 ,59.2, 111.4,N/A , N/A , N/A,9,stable,-2.7 ,-5.7, 0.1
"Lincoln County, Minnesota(2)",27081,Rural,81.9 ,49.2, 132.7,N/A , N/A , N/A,4,falling,-6.4 ,-10.5, -3.4
"Hot Springs County, Wyoming(2)",56017,Rural,81.8 ,47.1, 139.9,N/A , N/A , N/A,4,stable,-3.5 ,-7.8, 0.6
"Oceana County, Michigan(2)",26127,Rural,81.8 ,66.1, 101,N/A , N/A , N/A,20,rising,12.1 ,1.7, 26.5
"Franklin County, Arkansas(2)",05047,Rural,81.8 ,60.5, 109.1,N/A , N/A , N/A,10,stable,-1.9 ,-4.7, 0.6
"Maricopa County, Arizona(2)",04013,Urban,81.8 ,80.2, 83.4,N/A , N/A , N/A,2133,stable,-0.9 ,-2.9, 4.7
"Potter County, Pennsylvania(2)",42105,Rural,81.7 ,62.1, 107.2,N/A , N/A , N/A,12,falling,-3.4 ,-5.4, -1.5
"Frederick County, Virginia(2)",51069,Urban,81.7 ,71.8, 92.7,N/A , N/A , N/A,51,stable,-2.6 ,-5.6, 0.8
"Bryan County, Oklahoma(2)",40013,Rural,81.7 ,67.4, 98.4,N/A , N/A , N/A,23,stable,4.9 ,-4.2, 16.4
"Adams County, Ohio(2)",39001,Rural,81.7 ,63.8, 103.5,N/A , N/A , N/A,15,falling,-2.7 ,-4.3, -1.3
"Unicoi County, Tennessee(2)",47171,Urban,81.6 ,62.4, 106.3,N/A , N/A , N/A,13,stable,1.0 ,-2.3, 4.6
"Evans County, Georgia(7)",13109,Rural,81.6 ,53.9, 119.9,N/A , N/A , N/A,6,stable,-2.2 ,-5.1, 1.0
"Carroll County, Missouri(2)",29033,Rural,81.6 ,53.2, 122.3,N/A , N/A , N/A,5,stable,-2.0 ,-5.5, 1.3
"White County, Illinois(7)",17193,Rural,81.6 ,59.2, 111.1,N/A , N/A , N/A,9,stable,-1.1 ,-3.3, 1.0
"Camden County, Missouri(2)",29029,Rural,81.5 ,70, 95.2,N/A , N/A , N/A,39,falling,-2.5 ,-4.7, -0.5
"Lincoln County, Arkansas(2)",05079,Rural,81.5 ,55.9, 115.6,N/A , N/A , N/A,7,falling,-4.6 ,-8.4, -1.2
"Pike County, Ohio(2)",39131,Rural,81.4 ,63.6, 103.2,N/A , N/A , N/A,15,stable,0.0 ,-3.2, 3.5
"Dodge County, Georgia(7)",13091,Rural,81.4 ,61.2, 107,N/A , N/A , N/A,11,falling,-3.7 ,-5.9, -1.5
"Sullivan County, Tennessee(2)",47163,Urban,81.4 ,74.3, 89,N/A , N/A , N/A,101,falling,-3.2 ,-5.0, -1.6
"Stewart County, Tennessee(2)",47161,Urban,81.4 ,58.9, 111.2,N/A , N/A , N/A,9,stable,-3.3 ,-8.3, 1.7
"Henry County, Missouri(2)",29083,Rural,81.3 ,62.7, 104.5,N/A , N/A , N/A,14,falling,-4.0 ,-6.8, -1.7
"Levy County, Florida(2)",12075,Urban,81.3 ,69, 95.8,N/A , N/A , N/A,33,falling,-3.8 ,-5.9, -1.8
"Bell County, Kentucky(7)",21013,Rural,81.1 ,62.1, 104.6,N/A , N/A , N/A,14,rising,18.9 ,0.8, 43.4
"Pittsylvania County, Virginia(2)",51143,Rural,81.1 ,70.3, 93.5,N/A , N/A , N/A,43,rising,3.7 ,1.0, 7.0
"Chariton County, Missouri(2)",29041,Rural,81 ,52.3, 123.4,N/A , N/A , N/A,5,stable,-1.1 ,-3.9, 1.8
"Sibley County, Minnesota(2)",27143,Rural,81 ,58.9, 109.8,N/A , N/A , N/A,9,falling,-4.3 ,-7.1, -1.8
"Osceola County, Iowa(7)",19143,Rural,80.8 ,48.7, 129.6,N/A , N/A , N/A,4,falling,-2.5 ,-4.3, -0.9
"Alfalfa County, Oklahoma(2)",40003,Rural,80.7 ,47.2, 132.2,N/A , N/A , N/A,4,stable,-2.8 ,-8.6, 2.3
"Huron County, Michigan(2)",26063,Rural,80.7 ,66.6, 97.8,N/A , N/A , N/A,25,falling,-5.6 ,-7.4, -4.1
"Clarke County, Iowa(7)",19039,Rural,80.7 ,52.4, 120.1,N/A , N/A , N/A,5,falling,-2.6 ,-4.6, -0.7
"Daviess County, Missouri(2)",29061,Rural,80.6 ,51.9, 121.8,N/A , N/A , N/A,5,*,*,*,*
"Hancock County, Ohio(2)",39063,Rural,80.5 ,69.5, 92.8,N/A , N/A , N/A,41,stable,-2.3 ,-6.4, 8.4
"Toombs County, Georgia(7)",13279,Rural,80.4 ,61.1, 104.3,N/A , N/A , N/A,12,falling,-3.3 ,-6.2, -0.3
"Newaygo County, Michigan(2)",26123,Rural,80.3 ,68, 94.4,N/A , N/A , N/A,33,falling,-4.6 ,-6.6, -2.9
"Jefferson County, Indiana(2)",18077,Rural,80.3 ,64.1, 99.8,N/A , N/A , N/A,19,falling,-4.3 ,-6.9, -1.8
"Mecosta County, Michigan(2)",26107,Rural,80.2 ,65.4, 97.9,N/A , N/A , N/A,23,falling,-5.6 ,-9.2, -2.8
"Wilkes County, North Carolina(2)",37193,Rural,80.2 ,69.5, 92.3,N/A , N/A , N/A,42,falling,-4.5 ,-6.8, -2.4
"Presque Isle County, Michigan(2)",26141,Rural,80 ,59.4, 109,N/A , N/A , N/A,12,falling,-4.2 ,-7.0, -1.8
"Union County, Indiana(2)",18161,Rural,79.9 ,48.8, 126.5,N/A , N/A , N/A,4,stable,-2.0 ,-6.4, 2.6
"Pendleton County, Kentucky(7)",21191,Urban,79.9 ,56.5, 110.8,N/A , N/A , N/A,8,falling,-3.2 ,-5.2, -1.0
"Wayne County, Kentucky(7)",21231,Rural,79.8 ,61.5, 103,N/A , N/A , N/A,13,falling,-3.0 ,-5.2, -0.6
"Ozark County, Missouri(2)",29153,Rural,79.8 ,56, 115.4,N/A , N/A , N/A,8,falling,-3.2 ,-6.5, -0.1
"Humboldt County, Nevada(2)",32013,Rural,79.8 ,58, 107.8,N/A , N/A , N/A,10,stable,-1.9 ,-4.6, 0.9
"Carson County, Texas(7)",48065,Urban,79.8 ,45.4, 133.5,N/A , N/A , N/A,3,*,*,*,*
"Dillon County, South Carolina(2)",45033,Rural,79.7 ,61.8, 101.6,N/A , N/A , N/A,14,falling,-4.6 ,-7.0, -2.4
"Westmoreland County, Pennsylvania(2)",42129,Urban,79.7 ,75.1, 84.5,N/A , N/A , N/A,240,falling,-3.6 ,-5.0, -2.4
"Gilchrist County, Florida(2)",12041,Urban,79.7 ,59.6, 105.3,N/A , N/A , N/A,11,stable,14.1 ,-2.4, 42.6
"Menominee County, Michigan(2)",26109,Rural,79.7 ,63.6, 99.7,N/A , N/A , N/A,18,stable,-1.7 ,-4.5, 1.4
"Grant County, New Mexico(7)",35017,Rural,79.7 ,65.1, 97.5,N/A , N/A , N/A,23,falling,-5.6 ,-8.8, -4.2
"Baker County, Florida(2)",12003,Urban,79.6 ,60.7, 102.8,N/A , N/A , N/A,13,falling,-4.0 ,-7.1, -1.0
"Washita County, Oklahoma(2)",40149,Rural,79.6 ,52.9, 116.3,N/A , N/A , N/A,6,falling,-5.5 ,-8.9, -2.8
"Johnson County, Missouri(2)",29101,Rural,79.5 ,65.3, 96,N/A , N/A , N/A,23,stable,6.5 ,-6.9, 28.2
"Blaine County, Montana(2)",30005,Rural,79.5 ,46.1, 129.5,N/A , N/A , N/A,4,falling,-5.1 ,-10.6, -0.4
"Logan County, Colorado(2)",08075,Rural,79.5 ,59.9, 103.8,N/A , N/A , N/A,12,falling,-5.2 ,-8.2, -2.7
"Breathitt County, Kentucky(7)",21025,Rural,79.4 ,54.7, 112.8,N/A , N/A , N/A,8,stable,-1.8 ,-4.0, 0.6
"Taylor County, Georgia(7)",13269,Rural,79.4 ,49, 124.4,N/A , N/A , N/A,4,*,*,*,*
"Clay County, Florida(2)",12019,Urban,79.1 ,72.4, 86.4,N/A , N/A , N/A,109,falling,-5.9 ,-12.7, -4.2
"Horry County, South Carolina(2)",45051,Urban,79.1 ,74.5, 84,N/A , N/A , N/A,252,falling,-4.3 ,-6.3, -2.3
"Pushmataha County, Oklahoma(2)",40127,Rural,79.1 ,55.6, 111.7,N/A , N/A , N/A,7,stable,-3.1 ,-8.1, 1.4
"Ohio County, Indiana(2)",18115,Urban,79.1 ,45.5, 132,N/A , N/A , N/A,4,*,*,*,*
"Stephens County, Oklahoma(2)",40137,Rural,79 ,65.4, 95,N/A , N/A , N/A,25,falling,-2.0 ,-3.3, -0.8
"Matagorda County, Texas(7)",48321,Rural,79 ,63.5, 97.5,N/A , N/A , N/A,20,falling,-4.8 ,-6.2, -3.4
"Randolph County, Missouri(2)",29175,Rural,79 ,60.1, 102.2,N/A , N/A , N/A,12,falling,-2.5 ,-4.9, -0.2
"Crook County, Wyoming(2)",56011,Rural,79 ,51.8, 119.9,N/A , N/A , N/A,6,stable,-2.8 ,-5.9, 0.5
"Coles County, Illinois(7)",17029,Rural,78.9 ,65.2, 94.9,N/A , N/A , N/A,24,falling,-4.3 ,-5.9, -2.9
"Moffat County, Colorado(2)",08081,Rural,78.9 ,55.2, 110.6,N/A , N/A , N/A,8,falling,-5.4 ,-8.7, -2.4
"Saluda County, South Carolina(2)",45081,Urban,78.8 ,59.6, 103.2,N/A , N/A , N/A,12,falling,-4.4 ,-7.0, -1.9
"Summers County, West Virginia(2)",54089,Rural,78.8 ,56.3, 110.7,N/A , N/A , N/A,9,falling,-2.9 ,-5.4, -0.6
"Valencia County, New Mexico(7)",35061,Urban,78.8 ,68.3, 90.6,N/A , N/A , N/A,43,falling,-3.2 ,-4.4, -1.9
"Ballard County, Kentucky(7)",21007,Urban,78.8 ,50.3, 120.6,N/A , N/A , N/A,5,stable,-3.2 ,-7.0, 0.5
"Saguache County, Colorado(2)",08109,Rural,78.7 ,48.5, 126.5,N/A , N/A , N/A,5,stable,-2.9 ,-6.5, 1.0
"Sublette County, Wyoming(2)",56035,Rural,78.7 ,54.2, 113.8,N/A , N/A , N/A,7,stable,-3.9 ,-7.4, 0.0
"Jim Wells County, Texas(7)",48249,Rural,78.5 ,62.6, 97.4,N/A , N/A , N/A,18,stable,5.3 ,-0.4, 18.6
"Warren County, Illinois(7)",17187,Rural,78.5 ,57.5, 105.6,N/A , N/A , N/A,10,falling,-3.9 ,-6.2, -1.8
"Dickinson County, Michigan(2)",26043,Rural,78.5 ,62.9, 97.6,N/A , N/A , N/A,18,stable,0.8 ,-4.3, 15.8
"San Miguel County, Colorado(2)",08113,Rural,78.4 ,50.9, 120.3,N/A , N/A , N/A,5,*,*,*,*
"Butler County, Pennsylvania(2)",42019,Urban,78.4 ,72, 85.2,N/A , N/A , N/A,119,falling,-7.8 ,-13.6, -5.6
"Yavapai County, Arizona(2)",04025,Urban,78.3 ,73.3, 83.6,N/A , N/A , N/A,211,falling,-4.0 ,-5.3, -2.7
"Carter County, Tennessee(2)",47019,Urban,78.2 ,66.9, 91.3,N/A , N/A , N/A,35,stable,0.1 ,-2.8, 3.4
"Madison County, Alabama(2)",01089,Urban,78.2 ,73.1, 83.6,N/A , N/A , N/A,188,falling,-4.9 ,-14.9, -3.2
"Fayette County, Pennsylvania(2)",42051,Urban,78.1 ,70.4, 86.5,N/A , N/A , N/A,80,stable,6.7 ,-4.2, 14.7
"San Saba County, Texas(7)",48411,Rural,78.1 ,46.3, 127.6,N/A , N/A , N/A,4,*,*,*,*
"Rio Arriba County, New Mexico(7)",35039,Rural,78 ,64.3, 94.3,N/A , N/A , N/A,24,stable,0.0 ,-5.9, 13.4
"Franklin County, Pennsylvania(2)",42055,Urban,78 ,70.7, 85.9,N/A , N/A , N/A,87,falling,-5.2 ,-7.2, -3.6
"Tillman County, Oklahoma(2)",40141,Rural,78 ,46.5, 125.3,N/A , N/A , N/A,4,stable,-1.3 ,-6.1, 3.2
"Johnson County, Arkansas(2)",05071,Rural,77.9 ,60.1, 99.8,N/A , N/A , N/A,14,stable,5.1 ,-0.3, 17.1
"Jackson County, Kentucky(7)",21109,Rural,77.9 ,51.7, 113.5,N/A , N/A , N/A,7,stable,-3.3 ,-7.3, 0.4
"Roane County, West Virginia(2)",54087,Rural,77.9 ,56.8, 106.1,N/A , N/A , N/A,10,falling,-3.7 ,-6.5, -1.2
"Covington County, Alabama(2)",01039,Rural,77.9 ,63.1, 95.4,N/A , N/A , N/A,21,stable,-1.3 ,-4.4, 8.5
"Hardee County, Florida(2)",12049,Rural,77.9 ,59.8, 99.9,N/A , N/A , N/A,13,falling,-3.1 ,-6.2, -0.3
"Doddridge County, West Virginia(2)",54017,Rural,77.7 ,50.4, 118.1,N/A , N/A , N/A,5,*,*,*,*
"Yukon-Koyukuk Census Area, Alaska(2)",02290,Rural,77.6 ,43.3, 132,N/A , N/A , N/A,3,*,*,*,*
"Santa Cruz County, Arizona(2)",04023,Rural,77.5 ,64.4, 92.8,N/A , N/A , N/A,25,stable,6.5 ,-1.3, 24.8
"Nicholas County, Kentucky(7)",21181,Rural,77.5 ,46.8, 122.9,N/A , N/A , N/A,4,falling,-4.2 ,-7.5, -1.3
"Ward County, Texas(7)",48475,Rural,77.4 ,47.8, 118.5,N/A , N/A , N/A,4,falling,-4.4 ,-7.7, -1.4
"Graham County, North Carolina(2)",37075,Rural,77.3 ,51, 116,N/A , N/A , N/A,6,stable,-1.4 ,-5.2, 2.4
"Meigs County, Tennessee(2)",47121,Rural,77.3 ,54.9, 107.8,N/A , N/A , N/A,8,stable,-2.3 ,-19.9, 3.1
"Clay County, Missouri(2)",29047,Urban,77.3 ,70.8, 84.2,N/A , N/A , N/A,111,stable,-0.4 ,-4.6, 9.9
"Texas County, Missouri(2)",29215,Rural,77.3 ,60.5, 97.9,N/A , N/A , N/A,15,falling,-3.3 ,-6.5, -0.6
"Perry County, Indiana(2)",18123,Rural,77.2 ,58.2, 101.3,N/A , N/A , N/A,12,stable,-0.9 ,-4.8, 3.3
"Dakota County, Nebraska(2)",31043,Urban,77.2 ,56.1, 103.7,N/A , N/A , N/A,9,stable,-2.2 ,-5.2, 0.7
"Jackson County, Ohio(2)",39079,Rural,77.1 ,60.4, 97.3,N/A , N/A , N/A,16,falling,-2.3 ,-4.6, -0.1
"Dodge County, Minnesota(2)",27039,Urban,77 ,57, 102.3,N/A , N/A , N/A,10,stable,-3.1 ,-6.4, 0.1
"Rowan County, Kentucky(7)",21205,Rural,77 ,56.4, 103,N/A , N/A , N/A,10,falling,-4.5 ,-13.2, -3.1
"Coconino County, Arizona(2)",04005,Urban,76.9 ,68.2, 86.5,N/A , N/A , N/A,62,falling,-2.8 ,-3.8, -1.7
"Washakie County, Wyoming(2)",56043,Rural,76.9 ,49.9, 116.8,N/A , N/A , N/A,5,stable,-2.3 ,-6.3, 1.5
"Franklin County, Massachusetts(2)",25011,Rural,76.8 ,66.7, 88.3,N/A , N/A , N/A,47,stable,3.9 ,-0.8, 10.4
"San Patricio County, Texas(7)",48409,Urban,76.8 ,64.6, 90.6,N/A , N/A , N/A,30,falling,-3.8 ,-5.3, -2.2
"Platte County, Missouri(2)",29165,Urban,76.7 ,67.1, 87.4,N/A , N/A , N/A,49,falling,-5.8 ,-17.3, -3.5
"Ralls County, Missouri(2)",29173,Rural,76.5 ,51.7, 111.4,N/A , N/A , N/A,7,stable,-1.3 ,-5.9, 3.4
"Jackson County, Tennessee(2)",47087,Rural,76.5 ,54.8, 106.6,N/A , N/A , N/A,9,falling,-4.1 ,-7.2, -1.3
"McLean County, Kentucky(7)",21149,Urban,76.4 ,50.5, 113.4,N/A , N/A , N/A,6,stable,-2.2 ,-5.5, 1.3
"Lafayette County, Missouri(2)",29107,Urban,76.2 ,61, 94.4,N/A , N/A , N/A,18,stable,-2.2 ,-4.8, 0.3
"Lane County, Oregon(2)",41039,Urban,76.1 ,71.4, 81.1,N/A , N/A , N/A,209,falling,-3.7 ,-5.2, -2.1
"Alpena County, Michigan(2)",26007,Rural,76.1 ,61, 94.6,N/A , N/A , N/A,19,falling,-3.3 ,-5.7, -1.1
"Cedar County, Missouri(2)",29039,Rural,76 ,55.4, 103.5,N/A , N/A , N/A,9,stable,-1.9 ,-5.5, 1.5
"Calhoun County, Florida(2)",12013,Rural,76 ,53.6, 105.7,N/A , N/A , N/A,8,rising,21.3 ,3.7, 36.4
"Cass County, Missouri(2)",29037,Urban,76 ,66.9, 86.1,N/A , N/A , N/A,53,stable,4.7 ,-1.1, 18.2
"Presidio County, Texas(7)",48377,Rural,75.8 ,45.4, 122.6,N/A , N/A , N/A,4,falling,-3.8 ,-7.3, -0.6
"Lee County, Florida(2)",12071,Urban,75.8 ,72.9, 78.8,N/A , N/A , N/A,567,falling,-5.2 ,-9.0, -4.3
"Lamb County, Texas(7)",48279,Rural,75.8 ,51, 109.3,N/A , N/A , N/A,6,falling,-4.0 ,-6.9, -1.7
"St. Joseph County, Michigan(2)",26149,Rural,75.7 ,64.3, 88.8,N/A , N/A , N/A,33,falling,-3.1 ,-4.5, -1.8
"Iron County, Michigan(2)",26071,Rural,75.7 ,55.8, 104.5,N/A , N/A , N/A,10,falling,-3.4 ,-6.5, -0.6
"Independence County, Arkansas(2)",05063,Rural,75.5 ,60.8, 93,N/A , N/A , N/A,19,falling,-4.1 ,-6.2, -2.2
"Webster County, West Virginia(2)",54101,Rural,75.5 ,49.8, 113.6,N/A , N/A , N/A,6,stable,-2.7 ,-7.3, 1.7
"Val Verde County, Texas(7)",48465,Rural,75.4 ,60.7, 92.7,N/A , N/A , N/A,18,falling,-6.0 ,-15.2, -4.0
"Stutsman County, North Dakota(2)",38093,Rural,75.3 ,56.7, 98.7,N/A , N/A , N/A,12,falling,-11.3 ,-20.6, -7.5
"Charlton County, Georgia(7)",13049,Rural,75.2 ,50.4, 109,N/A , N/A , N/A,6,falling,-3.7 ,-6.0, -1.1
"Vinton County, Ohio(2)",39163,Rural,75 ,52.4, 105.8,N/A , N/A , N/A,8,stable,-3.8 ,-8.0, 0.4
"Lake County, Michigan(2)",26085,Rural,74.8 ,55.2, 102.1,N/A , N/A , N/A,10,falling,-4.4 ,-8.4, -1.0
"Siskiyou County, California(7)",06093,Rural,74.8 ,63, 88.8,N/A , N/A , N/A,31,falling,-6.0 ,-9.3, -4.0
"San Juan County, New Mexico(7)",35045,Urban,74.7 ,65.8, 84.5,N/A , N/A , N/A,55,falling,-2.2 ,-3.3, -1.0
"Otero County, New Mexico(7)",35035,Rural,74.6 ,63.4, 87.3,N/A , N/A , N/A,33,falling,-2.7 ,-4.0, -1.4
"Laclede County, Missouri(2)",29105,Rural,74.5 ,59.7, 92.3,N/A , N/A , N/A,18,falling,-4.4 ,-6.7, -2.5
"Liberty County, Florida(2)",12077,Rural,74.3 ,45, 117.3,N/A , N/A , N/A,4,stable,0.3 ,-4.4, 5.4
"Mohave County, Arizona(2)",04015,Urban,74.2 ,69.1, 79.6,N/A , N/A , N/A,179,stable,-0.5 ,-2.6, 4.6
"Allen County, Kentucky(7)",21003,Urban,74.1 ,55, 98.6,N/A , N/A , N/A,10,falling,-3.5 ,-5.4, -1.5
"Douglas County, Oregon(2)",41019,Rural,74.1 ,66.4, 82.6,N/A , N/A , N/A,74,stable,-2.1 ,-4.7, 0.4
"Le Flore County, Oklahoma(2)",40079,Rural,74 ,61.1, 89.1,N/A , N/A , N/A,24,falling,-2.5 ,-4.4, -0.8
"Benewah County, Idaho(7)",16009,Rural,73.9 ,51.3, 106.4,N/A , N/A , N/A,7,falling,-5.6 ,-8.1, -3.3
"Nodaway County, Missouri(2)",29147,Rural,73.7 ,54.2, 98.7,N/A , N/A , N/A,10,stable,-3.0 ,-6.6, 0.2
"Brown County, Texas(7)",48049,Rural,73.7 ,59.8, 90.3,N/A , N/A , N/A,20,falling,-3.8 ,-5.9, -1.8
"Medina County, Texas(7)",48325,Urban,73.6 ,61, 88.3,N/A , N/A , N/A,25,stable,1.6 ,-3.3, 15.5
"Hickory County, Missouri(2)",29085,Rural,73.6 ,51.1, 109.2,N/A , N/A , N/A,7,stable,14.8 ,-3.3, 38.3
"Hamilton County, Illinois(7)",17065,Rural,73.5 ,44.8, 116.1,N/A , N/A , N/A,4,stable,-2.2 ,-5.1, 0.7
"Manassas City, Virginia(2)",51683,Urban,73.4 ,56.2, 94.1,N/A , N/A , N/A,14,falling,-5.9 ,-8.4, -3.4
"Love County, Oklahoma(2)",40085,Rural,73.3 ,47.8, 109.1,N/A , N/A , N/A,5,stable,-0.5 ,-5.4, 5.0
"Goshen County, Wyoming(2)",56015,Rural,73.2 ,52.5, 101.1,N/A , N/A , N/A,8,falling,-5.1 ,-7.9, -2.8
"Lincoln County, West Virginia(2)",54043,Rural,73.1 ,55.4, 95.6,N/A , N/A , N/A,12,falling,-4.2 ,-7.6, -1.2
"Cochise County, Arizona(2)",04003,Urban,73 ,65.7, 80.9,N/A , N/A , N/A,77,stable,-0.3 ,-5.4, 10.1
"Darke County, Ohio(2)",39037,Rural,73 ,61, 86.8,N/A , N/A , N/A,27,falling,-4.8 ,-7.1, -2.8
"Heard County, Georgia(7)",13149,Urban,72.9 ,48.5, 107.1,N/A , N/A , N/A,6,stable,-2.3 ,-5.1, 0.7
"Clear Creek County, Colorado(2)",08019,Urban,72.9 ,49, 108.4,N/A , N/A , N/A,7,stable,16.1 ,-10.7, 40.3
"Dixie County, Florida(2)",12029,Rural,72.9 ,54.8, 96.3,N/A , N/A , N/A,11,stable,-2.2 ,-4.7, 0.2
"Morgan County, Colorado(2)",08087,Rural,72.9 ,55.9, 93.6,N/A , N/A , N/A,13,stable,-3.0 ,-5.2, 2.9
"Howard County, Arkansas(2)",05061,Rural,72.5 ,48.3, 105.6,N/A , N/A , N/A,6,falling,-5.8 ,-8.3, -3.7
"Washington County, Missouri(2)",29221,Rural,72.2 ,55, 93.7,N/A , N/A , N/A,13,stable,-1.5 ,-4.3, 1.5
"Conejos County, Colorado(2)",08021,Rural,72.1 ,44.1, 114,N/A , N/A , N/A,4,falling,-3.5 ,-6.4, -0.7
"La Paz County, Arizona(2)",04012,Rural,72 ,52.4, 98.5,N/A , N/A , N/A,13,falling,-2.5 ,-4.9, -0.3
"Quay County, New Mexico(7)",35037,Rural,71.8 ,47.6, 107.8,N/A , N/A , N/A,6,falling,-2.9 ,-5.2, -0.9
"Crawford County, Wisconsin(2)",55023,Rural,71.7 ,54, 95.1,N/A , N/A , N/A,11,falling,-7.0 ,-19.7, -5.4
"Hardy County, West Virginia(2)",54031,Rural,71.7 ,52, 98.2,N/A , N/A , N/A,9,stable,-3.0 ,-7.0, 1.2
"Adair County, Oklahoma(2)",40001,Rural,71.6 ,51.6, 97.3,N/A , N/A , N/A,9,falling,-3.0 ,-5.5, -0.6
"Churchill County, Nevada(2)",32001,Rural,71.5 ,55, 92,N/A , N/A , N/A,13,falling,-6.4 ,-8.4, -4.6
"Moore County, Tennessee(2)",47127,Rural,71.4 ,43.4, 115.3,N/A , N/A , N/A,4,stable,-2.8 ,-8.1, 3.1
"Hampshire County, West Virginia(2)",54027,Urban,71.3 ,55.6, 91.2,N/A , N/A , N/A,15,falling,-2.0 ,-3.8, -0.1
"Wirt County, West Virginia(2)",54105,Urban,71.2 ,41.8, 120.6,N/A , N/A , N/A,4,stable,7.2 ,-3.9, 34.6
"Lawrence County, Missouri(2)",29109,Rural,71.2 ,57.1, 88,N/A , N/A , N/A,18,falling,-2.3 ,-4.4, -0.3
"Dade County, Missouri(2)",29057,Rural,70.9 ,46, 108.9,N/A , N/A , N/A,5,falling,-5.5 ,-7.5, -3.9
"Blount County, Alabama(2)",01009,Urban,70.9 ,59.6, 84.1,N/A , N/A , N/A,29,falling,-2.8 ,-4.8, -0.7
"Dawes County, Nebraska(2)",31045,Rural,70.8 ,42.8, 112.9,N/A , N/A , N/A,4,falling,-4.3 ,-8.5, -0.6
"Douglas County, Missouri(2)",29067,Rural,70.7 ,49.7, 99.9,N/A , N/A , N/A,8,stable,-2.1 ,-4.5, 0.2
"Clark County, Illinois(7)",17023,Rural,70.5 ,50.4, 97.3,N/A , N/A , N/A,8,falling,-4.3 ,-7.0, -1.8
"Ochiltree County, Texas(7)",48357,Rural,70.4 ,42.3, 111.5,N/A , N/A , N/A,4,falling,-5.3 ,-9.2, -1.8
"Sitka Borough, Alaska(2)",02220,Rural,70.4 ,41.8, 112.7,N/A , N/A , N/A,4,stable,-1.2 ,-6.0, 4.4
"Lincoln County, Washington(2)",53043,Rural,70.3 ,48.9, 100.8,N/A , N/A , N/A,8,falling,-5.0 ,-9.4, -1.4
"Greene County, Pennsylvania(2)",42059,Rural,70.3 ,56.9, 86.4,N/A , N/A , N/A,20,rising,17.6 ,0.6, 30.9
"Jenkins County, Georgia(7)",13165,Rural,70.3 ,39.5, 116,N/A , N/A , N/A,3,falling,-4.9 ,-8.4, -1.9
"Howell County, Missouri(2)",29091,Rural,70.1 ,56.8, 86.1,N/A , N/A , N/A,20,falling,-3.4 ,-7.1, -0.2
"Lake County, Tennessee(2)",47095,Rural,69.9 ,38.4, 119,N/A , N/A , N/A,3,*,*,*,*
"Bandera County, Texas(7)",48019,Urban,69.5 ,55, 88.6,N/A , N/A , N/A,17,falling,-3.5 ,-5.2, -1.8
"Gilmer County, West Virginia(2)",54021,Rural,69.2 ,40.8, 112.1,N/A , N/A , N/A,4,stable,-0.3 ,-5.3, 5.0
"Plumas County, California(7)",06063,Rural,69.2 ,53.9, 89.4,N/A , N/A , N/A,16,falling,-6.0 ,-15.1, -4.2
"Alcona County, Michigan(2)",26001,Rural,69.1 ,49.4, 100.6,N/A , N/A , N/A,9,falling,-3.6 ,-5.8, -1.8
"Wyoming County, West Virginia(2)",54109,Rural,68.9 ,51.9, 90.9,N/A , N/A , N/A,12,stable,-3.3 ,-7.8, 0.8
"Hancock County, Tennessee(2)",47067,Rural,68.9 ,39.6, 115.2,N/A , N/A , N/A,4,falling,-10.8 ,-26.2, -5.5
"Clinton County, Missouri(2)",29049,Urban,68.9 ,51.5, 91.1,N/A , N/A , N/A,11,falling,-5.9 ,-18.6, -3.6
"Clarion County, Pennsylvania(2)",42031,Rural,68.9 ,55.1, 85.4,N/A , N/A , N/A,18,falling,-6.0 ,-7.9, -4.5
"Pinal County, Arizona(2)",04021,Urban,68.8 ,64.7, 73.1,N/A , N/A , N/A,226,falling,-2.9 ,-4.2, -1.4
"Stephens County, Texas(7)",48429,Rural,68.7 ,43.7, 104.6,N/A , N/A , N/A,5,falling,-3.4 ,-6.5, -0.7
"Hughes County, Oklahoma(2)",40063,Rural,68.7 ,46.3, 98.8,N/A , N/A , N/A,6,falling,-5.4 ,-7.4, -3.7
"Bee County, Texas(7)",48025,Rural,68.5 ,50.5, 90.8,N/A , N/A , N/A,10,stable,-1.1 ,-4.9, 12.6
"McKean County, Pennsylvania(2)",42083,Rural,68.5 ,56, 83.2,N/A , N/A , N/A,22,falling,-4.0 ,-6.4, -2.0
"Klickitat County, Washington(2)",53039,Rural,68.4 ,53.4, 87.6,N/A , N/A , N/A,15,falling,-31.2 ,-49.7, -11.2
"Las Animas County, Colorado(2)",08071,Rural,68.2 ,49.4, 93.7,N/A , N/A , N/A,10,stable,-2.2 ,-5.3, 0.9
"Spokane County, Washington(2)",53063,Urban,67.9 ,64, 72.1,N/A , N/A , N/A,233,falling,-5.8 ,-7.6, -4.3
"Reeves County, Texas(7)",48389,Rural,67.8 ,39.4, 107.4,N/A , N/A , N/A,4,falling,-4.9 ,-9.2, -1.5
"Clark County, Washington(2)",53011,Urban,67.7 ,63.6, 72.2,N/A , N/A , N/A,210,stable,0.3 ,-4.8, 6.0
"Bates County, Missouri(2)",29013,Urban,67.5 ,47.9, 93.4,N/A , N/A , N/A,8,falling,-3.8 ,-7.7, -0.6
"Colfax County, New Mexico(7)",35007,Rural,67.4 ,47.7, 95.2,N/A , N/A , N/A,8,falling,-3.1 ,-4.8, -1.5
"Castro County, Texas(7)",48069,Rural,67.3 ,38.4, 111.1,N/A , N/A , N/A,3,*,*,*,*
"Atoka County, Oklahoma(2)",40005,Rural,67.3 ,45.8, 96.1,N/A , N/A , N/A,6,falling,-6.4 ,-11.4, -2.5
"Lea County, New Mexico(7)",35025,Rural,67 ,54.3, 81.6,N/A , N/A , N/A,21,falling,-4.3 ,-7.1, -3.0
"Taos County, New Mexico(7)",35055,Rural,66.8 ,54.8, 81.5,N/A , N/A , N/A,23,stable,0.2 ,-6.3, 13.7
"Page County, Virginia(2)",51139,Rural,66.7 ,50.8, 86.8,N/A , N/A , N/A,13,falling,-2.7 ,-5.1, -0.4
"Vernon County, Missouri(2)",29217,Rural,66.7 ,48.3, 90.4,N/A , N/A , N/A,9,stable,-2.2 ,-5.3, 0.7
"Floyd County, Indiana(2)",18043,Urban,66.6 ,56.5, 78.2,N/A , N/A , N/A,33,falling,-13.6 ,-22.9, -0.3
"Atchison County, Missouri(2)",29005,Rural,66.4 ,37.8, 115.5,N/A , N/A , N/A,3,falling,-3.7 ,-7.3, -0.6
"Wyandot County, Ohio(2)",39175,Rural,66.2 ,49.5, 87.5,N/A , N/A , N/A,11,falling,-4.8 ,-7.9, -2.1
"Crawford County, Indiana(2)",18025,Rural,65.9 ,43, 99.1,N/A , N/A , N/A,6,stable,-3.5 ,-7.9, 0.7
"Coos County, Oregon(2)",41011,Rural,65.9 ,56.9, 76.3,N/A , N/A , N/A,41,stable,-0.3 ,-6.4, 15.3
"McDowell County, West Virginia(2)",54047,Rural,65.6 ,47.8, 88.9,N/A , N/A , N/A,10,falling,-4.4 ,-9.3, -0.1
"Pierce County, Wisconsin(2)",55093,Urban,65.5 ,51.8, 81.8,N/A , N/A , N/A,17,falling,-3.8 ,-6.9, -0.7
"Uvalde County, Texas(7)",48463,Rural,65.5 ,48.1, 87.3,N/A , N/A , N/A,10,falling,-4.5 ,-7.6, -1.8
"Yuma County, Colorado(2)",08125,Rural,65.4 ,40, 101.8,N/A , N/A , N/A,4,falling,-5.7 ,-10.0, -2.5
"Sevier County, Arkansas(2)",05133,Rural,65.3 ,43.7, 94.2,N/A , N/A , N/A,6,*,*,*,*
"Karnes County, Texas(7)",48255,Rural,65.2 ,41.7, 97,N/A , N/A , N/A,5,falling,-4.3 ,-7.0, -2.1
"Crawford County, Missouri(2)",29055,Rural,65 ,48.8, 85.7,N/A , N/A , N/A,11,falling,-6.3 ,-8.6, -4.3
"Cullman County, Alabama(2)",01043,Rural,64.7 ,55.8, 74.8,N/A , N/A , N/A,40,falling,-2.8 ,-4.7, -1.0
"Van Buren County, Tennessee(2)",47175,Rural,64.3 ,37.5, 108.1,N/A , N/A , N/A,4,falling,-8.5 ,-38.0, -3.1
"Harney County, Oregon(2)",41025,Rural,64.1 ,39.6, 102.3,N/A , N/A , N/A,5,falling,-6.3 ,-9.6, -3.7
"Refugio County, Texas(7)",48391,Rural,64.1 ,37.9, 106,N/A , N/A , N/A,4,falling,-3.6 ,-6.4, -1.1
"Nueces County, Texas(7)",48355,Urban,64 ,59.1, 69.3,N/A , N/A , N/A,131,falling,-4.6 ,-5.8, -3.5
"DeKalb County, Missouri(2)",29063,Urban,63.8 ,40.9, 95.6,N/A , N/A , N/A,5,*,*,*,*
"Fremont County, Colorado(2)",08043,Rural,63.5 ,52.9, 76,N/A , N/A , N/A,26,falling,-7.2 ,-17.4, -5.0
"Osceola County, Michigan(2)",26133,Rural,63.4 ,48.2, 82.9,N/A , N/A , N/A,12,falling,-10.4 ,-22.1, -7.6
"Noble County, Ohio(2)",39121,Rural,63.2 ,47.1, 85.9,N/A , N/A , N/A,13,stable,6.7 ,-3.0, 36.4
"Smyth County, Virginia(2)",51173,Rural,63.1 ,49.5, 80.1,N/A , N/A , N/A,15,stable,-1.0 ,-4.3, 2.4
"San Miguel County, New Mexico(7)",35047,Rural,63.1 ,49.8, 79.9,N/A , N/A , N/A,16,falling,-3.1 ,-4.6, -1.6
"Malheur County, Oregon(2)",41045,Rural,63 ,48.3, 81,N/A , N/A , N/A,13,*,*,*,*
"Calhoun County, West Virginia(2)",54013,Rural,62.8 ,38, 105,N/A , N/A , N/A,4,*,*,*,*
"Manassas Park City, Virginia(2)",51685,Urban,62.5 ,36.1, 99.4,N/A , N/A , N/A,4,stable,5.7 ,-4.1, 32.8
"McKinley County, New Mexico(7)",35031,Rural,62.4 ,50.5, 76.3,N/A , N/A , N/A,21,falling,-1.9 ,-3.3, -0.3
"Prince of Wales-Hyder Census Area, Alaska(2)",02198,Rural,62.3 ,34.9, 107.7,N/A , N/A , N/A,3,stable,-0.4 ,-15.3, 16.7
"Lincoln County, Tennessee(2)",47103,Rural,62.3 ,49.1, 78.4,N/A , N/A , N/A,16,stable,-1.9 ,-5.3, 1.5
"Coleman County, Texas(7)",48083,Rural,62 ,39.1, 98.2,N/A , N/A , N/A,5,falling,-5.1 ,-9.2, -1.9
"De Witt County, Illinois(7)",17039,Rural,61.9 ,43.7, 86.6,N/A , N/A , N/A,8,falling,-11.5 ,-30.8, -5.4
"Atascosa County, Texas(7)",48013,Urban,61.7 ,49.1, 76.5,N/A , N/A , N/A,17,falling,-15.1 ,-26.6, -2.9
"Taylor County, Florida(2)",12123,Rural,61.4 ,45.8, 81.5,N/A , N/A , N/A,11,falling,-3.7 ,-5.7, -1.9
"Washington County, Florida(2)",12133,Urban,61.4 ,46.2, 80.6,N/A , N/A , N/A,11,stable,-2.7 ,-5.7, 0.3
"Harrison County, Indiana(2)",18061,Urban,61.1 ,48.2, 76.7,N/A , N/A , N/A,17,stable,-3.4 ,-6.3, 8.6
"Alamosa County, Colorado(2)",08003,Rural,60.9 ,40, 89.4,N/A , N/A , N/A,6,falling,-5.9 ,-10.1, -2.3
"Skamania County, Washington(2)",53059,Urban,60.9 ,41.9, 88.2,N/A , N/A , N/A,7,stable,-2.2 ,-21.6, 18.3
"Del Norte County, California(7)",06015,Rural,60.6 ,46.1, 78.6,N/A , N/A , N/A,13,falling,-4.4 ,-7.1, -1.7
"Macon County, Missouri(2)",29121,Rural,60.5 ,42.1, 85.5,N/A , N/A , N/A,7,stable,-2.5 ,-6.3, 1.0
"Knott County, Kentucky(7)",21119,Rural,60.4 ,40.3, 88.6,N/A , N/A , N/A,7,stable,-0.9 ,-5.9, 4.8
"Ray County, Missouri(2)",29177,Urban,60 ,44.5, 80,N/A , N/A , N/A,11,falling,-3.9 ,-6.9, -1.2
"McCreary County, Kentucky(7)",21147,Rural,59.5 ,40.7, 85,N/A , N/A , N/A,7,falling,-5.1 ,-7.8, -2.7
"Elko County, Nevada(2)",32007,Rural,59.5 ,47.2, 74.2,N/A , N/A , N/A,18,stable,-2.8 ,-5.6, 0.2
"Seminole County, Georgia(7)",13253,Rural,59.2 ,36.6, 94,N/A , N/A , N/A,4,falling,-8.6 ,-20.9, -5.8
"Cibola County, New Mexico(7)",35006,Rural,59.2 ,43.7, 78.7,N/A , N/A , N/A,10,falling,-6.8 ,-11.8, -4.9
"Apache County, Arizona(2)",04001,Rural,58.8 ,48.1, 71.2,N/A , N/A , N/A,23,falling,-2.3 ,-4.3, -0.4
"Cowlitz County, Washington(2)",53015,Urban,58 ,50.8, 66.1,N/A , N/A , N/A,49,falling,-4.8 ,-6.7, -3.1
"Eddy County, New Mexico(7)",35015,Rural,57.9 ,47.1, 70.7,N/A , N/A , N/A,21,falling,-6.9 ,-8.5, -5.9
"Asotin County, Washington(2)",53003,Urban,57.9 ,43.3, 76.9,N/A , N/A , N/A,11,falling,-7.4 ,-10.3, -5.1
"Frio County, Texas(7)",48163,Rural,57.9 ,36.3, 87.2,N/A , N/A , N/A,5,falling,-4.7 ,-7.1, -2.7
"Pershing County, Nevada(2)",32027,Rural,57.6 ,32.8, 97.8,N/A , N/A , N/A,3,*,*,*,*
"Kleberg County, Texas(7)",48273,Rural,57.5 ,41.6, 77.5,N/A , N/A , N/A,9,falling,-5.6 ,-8.8, -2.8
"Inyo County, California(7)",06027,Rural,57.2 ,42.3, 77.2,N/A , N/A , N/A,10,falling,-9.3 ,-21.7, -4.9
"Chaves County, New Mexico(7)",35005,Rural,57 ,46.6, 69.1,N/A , N/A , N/A,22,falling,-4.0 ,-5.5, -2.7
"Pecos County, Texas(7)",48371,Rural,57 ,35.5, 86.4,N/A , N/A , N/A,5,falling,-3.4 ,-6.6, -0.3
"Wise County, Virginia(2)",51195,Rural,56.8 ,43.8, 72.7,N/A , N/A , N/A,14,falling,-5.7 ,-9.2, -3.0
"Jackson County, Florida(2)",12063,Rural,56.6 ,45.9, 69.3,N/A , N/A , N/A,20,falling,-3.5 ,-5.4, -1.7
"Alleghany County and Clifton Forge City, Virginia(2)",51005,Rural,56.5 ,39.9, 79.9,N/A , N/A , N/A,8,stable,-4.2 ,-9.5, 0.6
"Gila County, Arizona(2)",04007,Rural,55.8 ,46.7, 66.7,N/A , N/A , N/A,31,stable,15.1 ,-3.0, 28.3
"Seward County, Nebraska(2)",31159,Urban,55 ,37.6, 78.6,N/A , N/A , N/A,7,falling,-9.0 ,-33.8, -3.0
"Tazewell County, Virginia(2)",51185,Rural,54.8 ,43.4, 68.8,N/A , N/A , N/A,17,stable,2.8 ,-3.4, 17.6
"Hempstead County, Arkansas(2)",05057,Rural,51.9 ,35.5, 74,N/A , N/A , N/A,7,falling,-5.1 ,-7.5, -3.1
"Dickenson County, Virginia(2)",51051,Rural,51.5 ,34.9, 75.2,N/A , N/A , N/A,6,*,*,*,*
"Dent County, Missouri(2)",29065,Rural,51.1 ,34.5, 74.7,N/A , N/A , N/A,6,falling,-3.9 ,-8.0, -0.3
"Miller County, Arkansas(2)",05091,Urban,50.5 ,39, 64.6,N/A , N/A , N/A,14,falling,-6.9 ,-9.7, -4.6
"Tyler County, West Virginia(2)",54095,Rural,50.4 ,29.5, 84.3,N/A , N/A , N/A,4,falling,-11.3 ,-36.1, -3.3
"Washington County, Indiana(2)",18175,Urban,50.3 ,36.8, 67.5,N/A , N/A , N/A,10,falling,-7.7 ,-10.1, -5.7
"Switzerland County, Indiana(2)",18155,Rural,50 ,29.8, 80.8,N/A , N/A , N/A,4,falling,-6.4 ,-11.0, -2.6
"Trinity County, California(7)",06105,Rural,49.7 ,35.3, 70.5,N/A , N/A , N/A,9,falling,-5.7 ,-9.3, -2.3
"Live Oak County, Texas(7)",48297,Rural,48.5 ,30.3, 75.1,N/A , N/A , N/A,4,stable,-2.6 ,-6.1, 1.0
"Clark County, Indiana(2)",18019,Urban,48.3 ,41.3, 56.3,N/A , N/A , N/A,37,stable,-5.5 ,-8.4, 5.6
"Stevens County, Washington(2)",53065,Urban,48.2 ,39.4, 59,N/A , N/A , N/A,23,falling,-7.0 ,-9.3, -5.0
"Modoc County, California(7)",06049,Rural,46.6 ,27.6, 77.9,N/A , N/A , N/A,4,*,*,*,*
"Scott County, Arkansas(2)",05127,Rural,45.9 ,27, 75.4,N/A , N/A , N/A,4,*,*,*,*
"Pend Oreille County, Washington(2)",53051,Rural,45.2 ,29.8, 68.3,N/A , N/A , N/A,6,falling,-7.2 ,-9.2, -5.5
"St. Clair County, Missouri(2)",29185,Rural,45.1 ,27.8, 73.3,N/A , N/A , N/A,4,falling,-5.7 ,-10.7, -1.8
"Scott County, Indiana(2)",18143,Rural,45 ,30.7, 64.1,N/A , N/A , N/A,7,stable,-1.6 ,-11.2, 22.5
"Lee County, Virginia(2)",51105,Rural,43.7 ,30.9, 61,N/A , N/A , N/A,8,falling,-24.0 ,-40.2, -10.9
"Ferry County, Washington(2)",53019,Rural,43.3 ,23.8, 78.6,N/A , N/A , N/A,3,falling,-7.8 ,-11.3, -5.2
"Russell County, Virginia(2)",51167,Rural,41.4 ,29.7, 57.2,N/A , N/A , N/A,9,falling,-6.5 ,-10.2, -3.4
"Holmes County, Florida(2)",12059,Rural,40.4 ,26.9, 59.1,N/A , N/A , N/A,6,stable,-0.2 ,-3.9, 3.8
"Baker County, Oregon(2)",41001,Rural,39.5 ,27.2, 57.5,N/A , N/A , N/A,7,falling,-6.0 ,-10.1, -2.9
"Washington County, Virginia(2)",51191,Urban,38 ,30.3, 47.5,N/A , N/A , N/A,17,falling,-8.5 ,-11.0, -6.6
"Graham County, Arizona(2)",04009,Rural,35.5 ,24.7, 49.3,N/A , N/A , N/A,7,falling,-7.0 ,-9.8, -4.7
"Buchanan County, Virginia(2)",51027,Rural,33.2 ,22.3, 49.2,N/A , N/A , N/A,6,falling,-6.5 ,-10.1, -3.5
"Whitman County, Washington(2)",53075,Rural,30.4 ,20.4, 43.6,N/A , N/A , N/A,6,falling,-14.1 ,-31.5, -11.1
"Bristol City, Virginia(2)",51520,Urban,26.7 ,15.1, 44.9,N/A , N/A , N/A,3,falling,-10.6 ,-15.4, -7.8
"Scott County, Virginia(2)",51169,Urban,24.6 ,15.6, 38.6,N/A , N/A , N/A,5,stable,3.1 ,-10.5, 34.1
"Adams County, Iowa(7)",19003,Rural,* ,*, *,* , * , *,3 or fewer,*,*,*,*
"Adams County, North Dakota(2)",38001,Rural,* ,*, *,* , * , *,3 or fewer,*,*,*,*
"Aleutians East Borough, Alaska(2)",02013,Rural,* ,*, *,* , * , *,3 or fewer,*,*,*,*
"Aleutians West Census Area, Alaska(2)",02016,Rural,* ,*, *,* , * , *,3 or fewer,*,*,*,*
"Alpine County, California(7)",06003,Rural,* ,*, *,* , * , *,3 or fewer,*,*,*,*
"Armstrong County, Texas(7)",48011,Urban,* ,*, *,* , * , *,3 or fewer,*,*,*,*
"Arthur County, Nebraska(2)",31005,Rural,* ,*, *,* , * , *,3 or fewer,*,*,*,*
"Aurora County, South Dakota(2)",46003,Rural,* ,*, *,* , * , *,3 or fewer,*,*,*,*
"Baca County, Colorado(2)",08009,Rural,* ,*, *,* , * , *,3 or fewer,*,*,*,*
"Banner County, Nebraska(2)",31007,Rural,* ,*, *,* , * , *,3 or fewer,*,*,*,*
"Baylor County, Texas(7)",48023,Rural,* ,*, *,* , * , *,3 or fewer,*,*,*,*
"Beaver County, Utah(7)",49001,Rural,* ,*, *,* , * , *,3 or fewer,*,*,*,*
"Bennett County, South Dakota(2)",46007,Rural,* ,*, *,* , * , *,3 or fewer,*,*,*,*
"Bent County, Colorado(2)",08011,Rural,* ,*, *,* , * , *,3 or fewer,*,*,*,*
"Billings County, North Dakota(2)",38007,Rural,* ,*, *,* , * , *,3 or fewer,*,*,*,*
"Blaine County, Nebraska(2)",31009,Rural,* ,*, *,* , * , *,3 or fewer,*,*,*,*
"Borden County, Texas(7)",48033,Rural,* ,*, *,* , * , *,3 or fewer,*,*,*,*
"Bowman County, North Dakota(2)",38011,Rural,* ,*, *,* , * , *,3 or fewer,*,*,*,*
"Boyd County, Nebraska(2)",31015,Rural,* ,*, *,* , * , *,3 or fewer,*,*,*,*
"Briscoe County, Texas(7)",48045,Rural,* ,*, *,* , * , *,3 or fewer,*,*,*,*
"Bristol Bay Borough, Alaska(2)",02060,Rural,* ,*, *,* , * , *,3 or fewer,*,*,*,*
"Brooks County, Texas(7)",48047,Rural,* ,*, *,* , * , *,3 or fewer,*,*,*,*
"Brown County, Nebraska(2)",31017,Rural,* ,*, *,* , * , *,3 or fewer,*,*,*,*
"Buffalo County, South Dakota(2)",46017,Rural,* ,*, *,* , * , *,3 or fewer,*,*,*,*
"Burke County, North Dakota(2)",38013,Rural,* ,*, *,* , * , *,3 or fewer,*,*,*,*
"Butte County, Idaho(7)",16023,Urban,* ,*, *,* , * , *,3 or fewer,*,*,*,*
"Camas County, Idaho(7)",16025,Rural,* ,*, *,* , * , *,3 or fewer,*,*,*,*
"Campbell County, South Dakota(2)",46021,Rural,* ,*, *,* , * , *,3 or fewer,*,*,*,*
"Carter County, Montana(2)",30011,Rural,* ,*, *,* , * , *,3 or fewer,*,*,*,*
"Chase County, Nebraska(2)",31029,Rural,* ,*, *,* , * , *,3 or fewer,*,*,*,*
"Chattahoochee County, Georgia(7)",13053,Urban,* ,*, *,* , * , *,3 or fewer,*,*,*,*
"Cheyenne County, Colorado(2)",08017,Rural,* ,*, *,* , * , *,3 or fewer,*,*,*,*
"Cimarron County, Oklahoma(2)",40025,Rural,* ,*, *,* , * , *,3 or fewer,*,*,*,*
"Clark County, Idaho(7)",16033,Rural,* ,*, *,* , * , *,3 or fewer,*,*,*,*
"Clay County, Georgia(7)",13061,Rural,* ,*, *,* , * , *,3 or fewer,*,*,*,*
"Coal County, Oklahoma(2)",40029,Rural,* ,*, *,* , * , *,3 or fewer,*,*,*,*
"Cochran County, Texas(7)",48079,Urban,* ,*, *,* , * , *,3 or fewer,*,*,*,*
"Collingsworth County, Texas(7)",48087,Rural,* ,*, *,* , * , *,3 or fewer,*,*,*,*
"Columbia County, Washington(2)",53013,Rural,* ,*, *,* , * , *,3 or fewer,*,*,*,*
"Concho County, Texas(7)",48095,Rural,* ,*, *,* , * , *,3 or fewer,*,*,*,*
"Corson County, South Dakota(2)",46031,Rural,* ,*, *,* , * , *,3 or fewer,*,*,*,*
"Costilla County, Colorado(2)",08023,Rural,* ,*, *,* , * , *,3 or fewer,*,*,*,*
"Cottle County, Texas(7)",48101,Rural,* ,*, *,* , * , *,3 or fewer,*,*,*,*
"Crane County, Texas(7)",48103,Rural,* ,*, *,* , * , *,3 or fewer,*,*,*,*
"Crockett County, Texas(7)",48105,Rural,* ,*, *,* , * , *,3 or fewer,*,*,*,*
"Crowley County, Colorado(2)",08025,Rural,* ,*, *,* , * , *,3 or fewer,*,*,*,*
"Culberson County, Texas(7)",48109,Rural,* ,*, *,* , * , *,3 or fewer,*,*,*,*
"Daggett County, Utah(7)",49009,Rural,* ,*, *,* , * , *,3 or fewer,*,*,*,*
"Daniels County, Montana(2)",30019,Rural,* ,*, *,* , * , *,3 or fewer,*,*,*,*
"DeBaca County, New Mexico(7)",35011,Rural,* ,*, *,* , * , *,3 or fewer,*,*,*,*
"Denali, Alaska(2)",02068,Rural,* ,*, *,* , * , *,3 or fewer,*,*,*,*
"Deuel County, Nebraska(2)",31049,Rural,* ,*, *,* , * , *,3 or fewer,*,*,*,*
"Dewey County, Oklahoma(2)",40043,Rural,* ,*, *,* , * , *,3 or fewer,*,*,*,*
"Dickens County, Texas(7)",48125,Rural,* ,*, *,* , * , *,3 or fewer,*,*,*,*
"Dickey County, North Dakota(2)",38021,Rural,* ,*, *,* , * , *,3 or fewer,*,*,*,*
"Dillingham Census Area, Alaska(2)",02070,Rural,* ,*, *,* , * , *,3 or fewer,*,*,*,*
"Divide County, North Dakota(2)",38023,Rural,* ,*, *,* , * , *,3 or fewer,*,*,*,*
"Dolores County, Colorado(2)",08033,Rural,* ,*, *,* , * , *,3 or fewer,*,*,*,*
"Donley County, Texas(7)",48129,Rural,* ,*, *,* , * , *,3 or fewer,*,*,*,*
"Dundy County, Nebraska(2)",31057,Rural,* ,*, *,* , * , *,3 or fewer,*,*,*,*
"Dunn County, North Dakota(2)",38025,Rural,* ,*, *,* , * , *,3 or fewer,*,*,*,*
"Duval County, Texas(7)",48131,Rural,* ,*, *,* , * , *,3 or fewer,*,*,*,*
"Echols County, Georgia(7)",13101,Urban,* ,*, *,* , * , *,3 or fewer,*,*,*,*
"Eddy County, North Dakota(2)",38027,Rural,* ,*, *,* , * , *,3 or fewer,*,*,*,*
"Edwards County, Illinois(7)",17047,Rural,* ,*, *,* , * , *,3 or fewer,*,*,*,*
"Edwards County, Texas(7)",48137,Rural,* ,*, *,* , * , *,3 or fewer,*,*,*,*
"Esmeralda County, Nevada(2)",32009,Rural,* ,*, *,* , * , *,3 or fewer,*,*,*,*
"Eureka County, Nevada(2)",32011,Rural,* ,*, *,* , * , *,3 or fewer,*,*,*,*
"Fallon County, Montana(2)",30025,Rural,* ,*, *,* , * , *,3 or fewer,*,*,*,*
"Fisher County, Texas(7)",48151,Rural,* ,*, *,* , * , *,3 or fewer,*,*,*,*
"Foard County, Texas(7)",48155,Rural,* ,*, *,* , * , *,3 or fewer,*,*,*,*
"Franklin County, Nebraska(2)",31061,Rural,* ,*, *,* , * , *,3 or fewer,*,*,*,*
"Garfield County, Montana(2)",30033,Rural,* ,*, *,* , * , *,3 or fewer,*,*,*,*
"Garfield County, Nebraska(2)",31071,Rural,* ,*, *,* , * , *,3 or fewer,*,*,*,*
"Garfield County, Washington(2)",53023,Rural,* ,*, *,* , * , *,3 or fewer,*,*,*,*
"Gilliam County, Oregon(2)",41021,Rural,* ,*, *,* , * , *,3 or fewer,*,*,*,*
"Gilpin County, Colorado(2)",08047,Urban,* ,*, *,* , * , *,3 or fewer,*,*,*,*
"Glascock County, Georgia(7)",13125,Rural,* ,*, *,* , * , *,3 or fewer,*,*,*,*
"Glasscock County, Texas(7)",48173,Rural,* ,*, *,* , * , *,3 or fewer,*,*,*,*
"Golden Valley County, Montana(2)",30037,Rural,* ,*, *,* , * , *,3 or fewer,*,*,*,*
"Golden Valley County, North Dakota(2)",38033,Rural,* ,*, *,* , * , *,3 or fewer,*,*,*,*
"Gosper County, Nebraska(2)",31073,Rural,* ,*, *,* , * , *,3 or fewer,*,*,*,*
"Grant County, Nebraska(2)",31075,Rural,* ,*, *,* , * , *,3 or fewer,*,*,*,*
"Grant County, Oklahoma(2)",40053,Rural,* ,*, *,* , * , *,3 or fewer,*,*,*,*
"Greenlee County, Arizona(2)",04011,Rural,* ,*, *,* , * , *,3 or fewer,*,*,*,*
"Greer County, Oklahoma(2)",40055,Rural,* ,*, *,* , * , *,3 or fewer,*,*,*,*
"Guadalupe County, New Mexico(7)",35019,Rural,* ,*, *,* , * , *,3 or fewer,*,*,*,*
"Haakon County, South Dakota(2)",46055,Rural,* ,*, *,* , * , *,3 or fewer,*,*,*,*
"Haines Borough, Alaska(2)",02100,Rural,* ,*, *,* , * , *,3 or fewer,*,*,*,*
"Hall County, Texas(7)",48191,Rural,* ,*, *,* , * , *,3 or fewer,*,*,*,*
"Hansford County, Texas(7)",48195,Rural,* ,*, *,* , * , *,3 or fewer,*,*,*,*
"Hanson County, South Dakota(2)",46061,Rural,* ,*, *,* , * , *,3 or fewer,*,*,*,*
"Hardeman County, Texas(7)",48197,Rural,* ,*, *,* , * , *,3 or fewer,*,*,*,*
"Hardin County, Illinois(7)",17069,Rural,* ,*, *,* , * , *,3 or fewer,*,*,*,*
"Harding County, New Mexico(7)",35021,Rural,* ,*, *,* , * , *,3 or fewer,*,*,*,*
"Harding County, South Dakota(2)",46063,Rural,* ,*, *,* , * , *,3 or fewer,*,*,*,*
"Harmon County, Oklahoma(2)",40057,Rural,* ,*, *,* , * , *,3 or fewer,*,*,*,*
"Harper County, Oklahoma(2)",40059,Rural,* ,*, *,* , * , *,3 or fewer,*,*,*,*
"Hartley County, Texas(7)",48205,Rural,* ,*, *,* , * , *,3 or fewer,*,*,*,*
"Hayes County, Nebraska(2)",31085,Rural,* ,*, *,* , * , *,3 or fewer,*,*,*,*
"Hemphill County, Texas(7)",48211,Rural,* ,*, *,* , * , *,3 or fewer,*,*,*,*
"Hettinger County, North Dakota(2)",38041,Rural,* ,*, *,* , * , *,3 or fewer,*,*,*,*
"Hidalgo County, New Mexico(7)",35023,Rural,* ,*, *,* , * , *,3 or fewer,*,*,*,*
"Highland County, Virginia(2)",51091,Rural,* ,*, *,* , * , *,3 or fewer,*,*,*,*
"Hinsdale County, Colorado(2)",08053,Rural,* ,*, *,* , * , *,3 or fewer,*,*,*,*
"Hooker County, Nebraska(2)",31091,Rural,* ,*, *,* , * , *,3 or fewer,*,*,*,*
"Hoonah-Angoon Census Area, Alaska(2)",02105,Rural,* ,*, *,* , * , *,3 or fewer,*,*,*,*
"Hudspeth County, Texas(7)",48229,Urban,* ,*, *,* , * , *,3 or fewer,*,*,*,*
"Hyde County, South Dakota(2)",46069,Rural,* ,*, *,* , * , *,3 or fewer,*,*,*,*
"Irion County, Texas(7)",48235,Urban,* ,*, *,* , * , *,3 or fewer,*,*,*,*
"Issaquena County, Mississippi(2)",28055,Rural,* ,*, *,* , * , *,3 or fewer,*,*,*,*
"Jackson County, Colorado(2)",08057,Rural,* ,*, *,* , * , *,3 or fewer,*,*,*,*
"Jackson County, South Dakota(2)",46071,Rural,* ,*, *,* , * , *,3 or fewer,*,*,*,*
"Jeff Davis County, Texas(7)",48243,Rural,* ,*, *,* , * , *,3 or fewer,*,*,*,*
"Jefferson County, Oklahoma(2)",40067,Rural,* ,*, *,* , * , *,3 or fewer,*,*,*,*
"Jerauld County, South Dakota(2)",46073,Rural,* ,*, *,* , * , *,3 or fewer,*,*,*,*
"Jim Hogg County, Texas(7)",48247,Rural,* ,*, *,* , * , *,3 or fewer,*,*,*,*
"Jones County, South Dakota(2)",46075,Rural,* ,*, *,* , * , *,3 or fewer,*,*,*,*
"Judith Basin County, Montana(2)",30045,Rural,* ,*, *,* , * , *,3 or fewer,*,*,*,*
"Kalawao County, Hawaii(7)",15005,Urban,* ,*, *,* , * , *,3 or fewer,*,*,*,*
"Kenedy County, Texas(7)",48261,Rural,* ,*, *,* , * , *,3 or fewer,*,*,*,*
"Kent County, Texas(7)",48263,Rural,* ,*, *,* , * , *,3 or fewer,*,*,*,*
"Keweenaw County, Michigan(2)",26083,Rural,* ,*, *,* , * , *,3 or fewer,*,*,*,*
"Keya Paha County, Nebraska(2)",31103,Rural,* ,*, *,* , * , *,3 or fewer,*,*,*,*
"Kidder County, North Dakota(2)",38043,Rural,* ,*, *,* , * , *,3 or fewer,*,*,*,*
"Kimble County, Texas(7)",48267,Rural,* ,*, *,* , * , *,3 or fewer,*,*,*,*
"King County, Texas(7)",48269,Rural,* ,*, *,* , * , *,3 or fewer,*,*,*,*
"Kinney County, Texas(7)",48271,Rural,* ,*, *,* , * , *,3 or fewer,*,*,*,*
"Kiowa County, Colorado(2)",08061,Rural,* ,*, *,* , * , *,3 or fewer,*,*,*,*
"Knox County, Missouri(2)",29103,Rural,* ,*, *,* , * , *,3 or fewer,*,*,*,*
"Kusilvak Census Area, Alaska(2)",02158,Rural,* ,*, *,* , * , *,3 or fewer,*,*,*,*
"La Salle County, Texas(7)",48283,Rural,* ,*, *,* , * , *,3 or fewer,*,*,*,*
"Lafayette County, Florida(2)",12067,Rural,* ,*, *,* , * , *,3 or fewer,*,*,*,*
"Lake and Peninsula Borough, Alaska(2)",02164,Rural,* ,*, *,* , * , *,3 or fewer,*,*,*,*
"Lander County, Nevada(2)",32015,Rural,* ,*, *,* , * , *,3 or fewer,*,*,*,*
"Lincoln County, Idaho(7)",16063,Rural,* ,*, *,* , * , *,3 or fewer,*,*,*,*
"Lipscomb County, Texas(7)",48295,Rural,* ,*, *,* , * , *,3 or fewer,*,*,*,*
"Logan County, Nebraska(2)",31113,Rural,* ,*, *,* , * , *,3 or fewer,*,*,*,*
"Logan County, North Dakota(2)",38047,Rural,* ,*, *,* , * , *,3 or fewer,*,*,*,*
"Loup County, Nebraska(2)",31115,Rural,* ,*, *,* , * , *,3 or fewer,*,*,*,*
"Loving County, Texas(7)",48301,Rural,* ,*, *,* , * , *,3 or fewer,*,*,*,*
"Lyman County, South Dakota(2)",46085,Rural,* ,*, *,* , * , *,3 or fewer,*,*,*,*
"Martin County, Texas(7)",48317,Urban,* ,*, *,* , * , *,3 or fewer,*,*,*,*
"McCone County, Montana(2)",30055,Rural,* ,*, *,* , * , *,3 or fewer,*,*,*,*
"McMullen County, Texas(7)",48311,Rural,* ,*, *,* , * , *,3 or fewer,*,*,*,*
"McPherson County, Nebraska(2)",31117,Rural,* ,*, *,* , * , *,3 or fewer,*,*,*,*
"McPherson County, South Dakota(2)",46089,Rural,* ,*, *,* , * , *,3 or fewer,*,*,*,*
"Mellette County, South Dakota(2)",46095,Rural,* ,*, *,* , * , *,3 or fewer,*,*,*,*
"Menard County, Texas(7)",48327,Rural,* ,*, *,* , * , *,3 or fewer,*,*,*,*
"Menominee County, Wisconsin(2)",55078,Rural,* ,*, *,* , * , *,3 or fewer,*,*,*,*
"Mercer County, Missouri(2)",29129,Rural,* ,*, *,* , * , *,3 or fewer,*,*,*,*
"Mineral County, Colorado(2)",08079,Rural,* ,*, *,* , * , *,3 or fewer,*,*,*,*
"Motley County, Texas(7)",48345,Rural,* ,*, *,* , * , *,3 or fewer,*,*,*,*
"Niobrara County, Wyoming(2)",56027,Rural,* ,*, *,* , * , *,3 or fewer,*,*,*,*
"Nome Census Area, Alaska(2)",02180,Rural,* ,*, *,* , * , *,3 or fewer,*,*,*,*
"North Slope Borough, Alaska(2)",02185,Rural,* ,*, *,* , * , *,3 or fewer,*,*,*,*
"Northwest Arctic Borough, Alaska(2)",02188,Rural,* ,*, *,* , * , *,3 or fewer,*,*,*,*
"Norton City, Virginia(2)",51720,Rural,* ,*, *,* , * , *,3 or fewer,*,*,*,*
"Oldham County, Texas(7)",48359,Urban,* ,*, *,* , * , *,3 or fewer,*,*,*,*
"Oliver County, North Dakota(2)",38065,Urban,* ,*, *,* , * , *,3 or fewer,*,*,*,*
"Pawnee County, Nebraska(2)",31133,Rural,* ,*, *,* , * , *,3 or fewer,*,*,*,*
"Perkins County, Nebraska(2)",31135,Rural,* ,*, *,* , * , *,3 or fewer,*,*,*,*
"Perkins County, South Dakota(2)",46105,Rural,* ,*, *,* , * , *,3 or fewer,*,*,*,*
"Petersburg Census Area, Alaska(2)",02195,Rural,* ,*, *,* , * , *,3 or fewer,*,*,*,*
"Petroleum County, Montana(2)",30069,Rural,* ,*, *,* , * , *,3 or fewer,*,*,*,*
"Piute County, Utah(7)",49031,Rural,* ,*, *,* , * , *,3 or fewer,*,*,*,*
"Potter County, South Dakota(2)",46107,Rural,* ,*, *,* , * , *,3 or fewer,*,*,*,*
"Powder River County, Montana(2)",30075,Rural,* ,*, *,* , * , *,3 or fewer,*,*,*,*
"Prairie County, Montana(2)",30079,Rural,* ,*, *,* , * , *,3 or fewer,*,*,*,*
"Quitman County, Georgia(7)",13239,Rural,* ,*, *,* , * , *,3 or fewer,*,*,*,*
"Reagan County, Texas(7)",48383,Rural,* ,*, *,* , * , *,3 or fewer,*,*,*,*
"Real County, Texas(7)",48385,Rural,* ,*, *,* , * , *,3 or fewer,*,*,*,*
"Rich County, Utah(7)",49033,Rural,* ,*, *,* , * , *,3 or fewer,*,*,*,*
"Roberts County, Texas(7)",48393,Rural,* ,*, *,* , * , *,3 or fewer,*,*,*,*
"Robertson County, Kentucky(7)",21201,Rural,* ,*, *,* , * , *,3 or fewer,*,*,*,*
"Rock County, Nebraska(2)",31149,Rural,* ,*, *,* , * , *,3 or fewer,*,*,*,*
"Roger Mills County, Oklahoma(2)",40129,Rural,* ,*, *,* , * , *,3 or fewer,*,*,*,*
"San Juan County, Colorado(2)",08111,Rural,* ,*, *,* , * , *,3 or fewer,*,*,*,*
"Sanborn County, South Dakota(2)",46111,Rural,* ,*, *,* , * , *,3 or fewer,*,*,*,*
"Schleicher County, Texas(7)",48413,Rural,* ,*, *,* , * , *,3 or fewer,*,*,*,*
"Schley County, Georgia(7)",13249,Rural,* ,*, *,* , * , *,3 or fewer,*,*,*,*
"Schuyler County, Missouri(2)",29197,Rural,* ,*, *,* , * , *,3 or fewer,*,*,*,*
"Scotland County, Missouri(2)",29199,Rural,* ,*, *,* , * , *,3 or fewer,*,*,*,*
"Sedgwick County, Colorado(2)",08115,Rural,* ,*, *,* , * , *,3 or fewer,*,*,*,*
"Shackelford County, Texas(7)",48417,Rural,* ,*, *,* , * , *,3 or fewer,*,*,*,*
"Sheridan County, North Dakota(2)",38083,Rural,* ,*, *,* , * , *,3 or fewer,*,*,*,*
"Sherman County, Nebraska(2)",31163,Rural,* ,*, *,* , * , *,3 or fewer,*,*,*,*
"Sherman County, Oregon(2)",41055,Rural,* ,*, *,* , * , *,3 or fewer,*,*,*,*
"Sherman County, Texas(7)",48421,Rural,* ,*, *,* , * , *,3 or fewer,*,*,*,*
"Sioux County, Nebraska(2)",31165,Rural,* ,*, *,* , * , *,3 or fewer,*,*,*,*
"Sioux County, North Dakota(2)",38085,Rural,* ,*, *,* , * , *,3 or fewer,*,*,*,*
"Skagway Municipality, Alaska(2)",02230,Rural,* ,*, *,* , * , *,3 or fewer,*,*,*,*
"Slope County, North Dakota(2)",38087,Rural,* ,*, *,* , * , *,3 or fewer,*,*,*,*
"Stanley County, South Dakota(2)",46117,Rural,* ,*, *,* , * , *,3 or fewer,*,*,*,*
"Steele County, North Dakota(2)",38091,Rural,* ,*, *,* , * , *,3 or fewer,*,*,*,*
"Sterling County, Texas(7)",48431,Rural,* ,*, *,* , * , *,3 or fewer,*,*,*,*
"Stonewall County, Texas(7)",48433,Rural,* ,*, *,* , * , *,3 or fewer,*,*,*,*
"Sully County, South Dakota(2)",46119,Rural,* ,*, *,* , * , *,3 or fewer,*,*,*,*
"Taliaferro County, Georgia(7)",13265,Rural,* ,*, *,* , * , *,3 or fewer,*,*,*,*
"Terrell County, Texas(7)",48443,Rural,* ,*, *,* , * , *,3 or fewer,*,*,*,*
"Thomas County, Nebraska(2)",31171,Rural,* ,*, *,* , * , *,3 or fewer,*,*,*,*
"Throckmorton County, Texas(7)",48447,Rural,* ,*, *,* , * , *,3 or fewer,*,*,*,*
"Toole County, Montana(2)",30101,Rural,* ,*, *,* , * , *,3 or fewer,*,*,*,*
"Towner County, North Dakota(2)",38095,Rural,* ,*, *,* , * , *,3 or fewer,*,*,*,*
"Treasure County, Montana(2)",30103,Rural,* ,*, *,* , * , *,3 or fewer,*,*,*,*
"Treutlen County, Georgia(7)",13283,Rural,* ,*, *,* , * , *,3 or fewer,*,*,*,*
"Tyrrell County, North Carolina(2)",37177,Rural,* ,*, *,* , * , *,3 or fewer,*,*,*,*
"Union County, New Mexico(7)",35059,Rural,* ,*, *,* , * , *,3 or fewer,*,*,*,*
"Upton County, Texas(7)",48461,Rural,* ,*, *,* , * , *,3 or fewer,*,*,*,*
"Washington County, Colorado(2)",08121,Rural,* ,*, *,* , * , *,3 or fewer,*,*,*,*
"Webster County, Georgia(7)",13307,Rural,* ,*, *,* , * , *,3 or fewer,*,*,*,*
"Wheeler County, Nebraska(2)",31183,Rural,* ,*, *,* , * , *,3 or fewer,*,*,*,*
"Wheeler County, Oregon(2)",41069,Rural,* ,*, *,* , * , *,3 or fewer,*,*,*,*
"White Pine County, Nevada(2)",32033,Rural,* ,*, *,* , * , *,3 or fewer,*,*,*,*
"Wibaux County, Montana(2)",30109,Rural,* ,*, *,* , * , *,3 or fewer,*,*,*,*
"Winkler County, Texas(7)",48495,Rural,* ,*, *,* , * , *,3 or fewer,*,*,*,*
"Worth County, Missouri(2)",29227,Rural,* ,*, *,* , * , *,3 or fewer,*,*,*,*
"Wrangell Borough, Alaska(2)",02275,Rural,* ,*, *,* , * , *,3 or fewer,*,*,*,*
"Yakutat City and Borough, Alaska(2)",02282,Rural,* ,*, *,* , * , *,3 or fewer,*,*,*,*
"Ziebach County, South Dakota(2)",46137,Rural,* ,*, *,* , * , *,3 or fewer,*,*,*,*
"Allen County, Kansas(2)",20001,Rural,[P1 note] ,[P1 note], [P1 note],&para; , &para; , &para;,[P1 note],[P1 note],[P1 note],[P1 note],[P1 note]
"Anderson County, Kansas(2)",20003,Rural,[P1 note] ,[P1 note], [P1 note],&para; , &para; , &para;,[P1 note],[P1 note],[P1 note],[P1 note],[P1 note]
"Atchison County, Kansas(2)",20005,Rural,[P1 note] ,[P1 note], [P1 note],&para; , &para; , &para;,[P1 note],[P1 note],[P1 note],[P1 note],[P1 note]
"Barber County, Kansas(2)",20007,Rural,[P1 note] ,[P1 note], [P1 note],&para; , &para; , &para;,[P1 note],[P1 note],[P1 note],[P1 note],[P1 note]
"Barton County, Kansas(2)",20009,Rural,[P1 note] ,[P1 note], [P1 note],&para; , &para; , &para;,[P1 note],[P1 note],[P1 note],[P1 note],[P1 note]
"Bourbon County, Kansas(2)",20011,Rural,[P1 note] ,[P1 note], [P1 note],&para; , &para; , &para;,[P1 note],[P1 note],[P1 note],[P1 note],[P1 note]
"Brown County, Kansas(2)",20013,Rural,[P1 note] ,[P1 note], [P1 note],&para; , &para; , &para;,[P1 note],[P1 note],[P1 note],[P1 note],[P1 note]
"Butler County, Kansas(2)",20015,Urban,[P1 note] ,[P1 note], [P1 note],&para; , &para; , &para;,[P1 note],[P1 note],[P1 note],[P1 note],[P1 note]
"Chase County, Kansas(2)",20017,Rural,[P1 note] ,[P1 note], [P1 note],&para; , &para; , &para;,[P1 note],[P1 note],[P1 note],[P1 note],[P1 note]
"Chautauqua County, Kansas(2)",20019,Rural,[P1 note] ,[P1 note], [P1 note],&para; , &para; , &para;,[P1 note],[P1 note],[P1 note],[P1 note],[P1 note]
"Cherokee County, Kansas(2)",20021,Urban,[P1 note] ,[P1 note], [P1 note],&para; , &para; , &para;,[P1 note],[P1 note],[P1 note],[P1 note],[P1 note]
"Cheyenne County, Kansas(2)",20023,Rural,[P1 note] ,[P1 note], [P1 note],&para; , &para; , &para;,[P1 note],[P1 note],[P1 note],[P1 note],[P1 note]
"Clark County, Kansas(2)",20025,Rural,[P1 note] ,[P1 note], [P1 note],&para; , &para; , &para;,[P1 note],[P1 note],[P1 note],[P1 note],[P1 note]
"Clay County, Kansas(2)",20027,Rural,[P1 note] ,[P1 note], [P1 note],&para; , &para; , &para;,[P1 note],[P1 note],[P1 note],[P1 note],[P1 note]
"Cloud County, Kansas(2)",20029,Rural,[P1 note] ,[P1 note], [P1 note],&para; , &para; , &para;,[P1 note],[P1 note],[P1 note],[P1 note],[P1 note]
"Coffey County, Kansas(2)",20031,Rural,[P1 note] ,[P1 note], [P1 note],&para; , &para; , &para;,[P1 note],[P1 note],[P1 note],[P1 note],[P1 note]
"Comanche County, Kansas(2)",20033,Rural,[P1 note] ,[P1 note], [P1 note],&para; , &para; , &para;,[P1 note],[P1 note],[P1 note],[P1 note],[P1 note]
"Cowley County, Kansas(2)",20035,Rural,[P1 note] ,[P1 note], [P1 note],&para; , &para; , &para;,[P1 note],[P1 note],[P1 note],[P1 note],[P1 note]
"Crawford County, Kansas(2)",20037,Rural,[P1 note] ,[P1 note], [P1 note],&para; , &para; , &para;,[P1 note],[P1 note],[P1 note],[P1 note],[P1 note]
"Decatur County, Kansas(2)",20039,Rural,[P1 note] ,[P1 note], [P1 note],&para; , &para; , &para;,[P1 note],[P1 note],[P1 note],[P1 note],[P1 note]
"Dickinson County, Kansas(2)",20041,Rural,[P1 note] ,[P1 note], [P1 note],&para; , &para; , &para;,[P1 note],[P1 note],[P1 note],[P1 note],[P1 note]
"Doniphan County, Kansas(2)",20043,Urban,[P1 note] ,[P1 note], [P1 note],&para; , &para; , &para;,[P1 note],[P1 note],[P1 note],[P1 note],[P1 note]
"Douglas County, Kansas(2)",20045,Urban,[P1 note] ,[P1 note], [P1 note],&para; , &para; , &para;,[P1 note],[P1 note],[P1 note],[P1 note],[P1 note]
"Edwards County, Kansas(2)",20047,Rural,[P1 note] ,[P1 note], [P1 note],&para; , &para; , &para;,[P1 note],[P1 note],[P1 note],[P1 note],[P1 note]
"Elk County, Kansas(2)",20049,Rural,[P1 note] ,[P1 note], [P1 note],&para; , &para; , &para;,[P1 note],[P1 note],[P1 note],[P1 note],[P1 note]
"Ellis County, Kansas(2)",20051,Rural,[P1 note] ,[P1 note], [P1 note],&para; , &para; , &para;,[P1 note],[P1 note],[P1 note],[P1 note],[P1 note]
"Ellsworth County, Kansas(2)",20053,Rural,[P1 note] ,[P1 note], [P1 note],&para; , &para; , &para;,[P1 note],[P1 note],[P1 note],[P1 note],[P1 note]
"Finney County, Kansas(2)",20055,Rural,[P1 note] ,[P1 note], [P1 note],&para; , &para; , &para;,[P1 note],[P1 note],[P1 note],[P1 note],[P1 note]
"Ford County, Kansas(2)",20057,Rural,[P1 note] ,[P1 note], [P1 note],&para; , &para; , &para;,[P1 note],[P1 note],[P1 note],[P1 note],[P1 note]
"Franklin County, Kansas(2)",20059,Rural,[P1 note] ,[P1 note], [P1 note],&para; , &para; , &para;,[P1 note],[P1 note],[P1 note],[P1 note],[P1 note]
"Geary County, Kansas(2)",20061,Urban,[P1 note] ,[P1 note], [P1 note],&para; , &para; , &para;,[P1 note],[P1 note],[P1 note],[P1 note],[P1 note]
"Gove County, Kansas(2)",20063,Rural,[P1 note] ,[P1 note], [P1 note],&para; , &para; , &para;,[P1 note],[P1 note],[P1 note],[P1 note],[P1 note]
"Graham County, Kansas(2)",20065,Rural,[P1 note] ,[P1 note], [P1 note],&para; , &para; , &para;,[P1 note],[P1 note],[P1 note],[P1 note],[P1 note]
"Grant County, Kansas(2)",20067,Rural,[P1 note] ,[P1 note], [P1 note],&para; , &para; , &para;,[P1 note],[P1 note],[P1 note],[P1 note],[P1 note]
"Gray County, Kansas(2)",20069,Rural,[P1 note] ,[P1 note], [P1 note],&para; , &para; , &para;,[P1 note],[P1 note],[P1 note],[P1 note],[P1 note]
"Greeley County, Kansas(2)",20071,Rural,[P1 note] ,[P1 note], [P1 note],&para; , &para; , &para;,[P1 note],[P1 note],[P1 note],[P1 note],[P1 note]
"Greenwood County, Kansas(2)",20073,Rural,[P1 note] ,[P1 note], [P1 note],&para; , &para; , &para;,[P1 note],[P1 note],[P1 note],[P1 note],[P1 note]
"Hamilton County, Kansas(2)",20075,Rural,[P1 note] ,[P1 note], [P1 note],&para; , &para; , &para;,[P1 note],[P1 note],[P1 note],[P1 note],[P1 note]
"Harper County, Kansas(2)",20077,Rural,[P1 note] ,[P1 note], [P1 note],&para; , &para; , &para;,[P1 note],[P1 note],[P1 note],[P1 note],[P1 note]
"Harvey County, Kansas(2)",20079,Urban,[P1 note] ,[P1 note], [P1 note],&para; , &para; , &para;,[P1 note],[P1 note],[P1 note],[P1 note],[P1 note]
"Haskell County, Kansas(2)",20081,Rural,[P1 note] ,[P1 note], [P1 note],&para; , &para; , &para;,[P1 note],[P1 note],[P1 note],[P1 note],[P1 note]
"Hodgeman County, Kansas(2)",20083,Rural,[P1 note] ,[P1 note], [P1 note],&para; , &para; , &para;,[P1 note],[P1 note],[P1 note],[P1 note],[P1 note]
"Jackson County, Kansas(2)",20085,Urban,[P1 note] ,[P1 note], [P1 note],&para; , &para; , &para;,[P1 note],[P1 note],[P1 note],[P1 note],[P1 note]
"Jefferson County, Kansas(2)",20087,Urban,[P1 note] ,[P1 note], [P1 note],&para; , &para; , &para;,[P1 note],[P1 note],[P1 note],[P1 note],[P1 note]
"Jewell County, Kansas(2)",20089,Rural,[P1 note] ,[P1 note], [P1 note],&para; , &para; , &para;,[P1 note],[P1 note],[P1 note],[P1 note],[P1 note]
"Johnson County, Kansas(2)",20091,Urban,[P1 note] ,[P1 note], [P1 note],&para; , &para; , &para;,[P1 note],[P1 note],[P1 note],[P1 note],[P1 note]
"Kearny County, Kansas(2)",20093,Rural,[P1 note] ,[P1 note], [P1 note],&para; , &para; , &para;,[P1 note],[P1 note],[P1 note],[P1 note],[P1 note]
"Kingman County, Kansas(2)",20095,Rural,[P1 note] ,[P1 note], [P1 note],&para; , &para; , &para;,[P1 note],[P1 note],[P1 note],[P1 note],[P1 note]
"Kiowa County, Kansas(2)",20097,Rural,[P1 note] ,[P1 note], [P1 note],&para; , &para; , &para;,[P1 note],[P1 note],[P1 note],[P1 note],[P1 note]
"Labette County, Kansas(2)",20099,Rural,[P1 note] ,[P1 note], [P1 note],&para; , &para; , &para;,[P1 note],[P1 note],[P1 note],[P1 note],[P1 note]
"Lane County, Kansas(2)",20101,Rural,[P1 note] ,[P1 note], [P1 note],&para; , &para; , &para;,[P1 note],[P1 note],[P1 note],[P1 note],[P1 note]
"Leavenworth County, Kansas(2)",20103,Urban,[P1 note] ,[P1 note], [P1 note],&para; , &para; , &para;,[P1 note],[P1 note],[P1 note],[P1 note],[P1 note]
"Lincoln County, Kansas(2)",20105,Rural,[P1 note] ,[P1 note], [P1 note],&para; , &para; , &para;,[P1 note],[P1 note],[P1 note],[P1 note],[P1 note]
"Linn County, Kansas(2)",20107,Urban,[P1 note] ,[P1 note], [P1 note],&para; , &para; , &para;,[P1 note],[P1 note],[P1 note],[P1 note],[P1 note]
"Logan County, Kansas(2)",20109,Rural,[P1 note] ,[P1 note], [P1 note],&para; , &para; , &para;,[P1 note],[P1 note],[P1 note],[P1 note],[P1 note]
"Lyon County, Kansas(2)",20111,Rural,[P1 note] ,[P1 note], [P1 note],&para; , &para; , &para;,[P1 note],[P1 note],[P1 note],[P1 note],[P1 note]
"Marion County, Kansas(2)",20115,Rural,[P1 note] ,[P1 note], [P1 note],&para; , &para; , &para;,[P1 note],[P1 note],[P1 note],[P1 note],[P1 note]
"Marshall County, Kansas(2)",20117,Rural,[P1 note] ,[P1 note], [P1 note],&para; , &para; , &para;,[P1 note],[P1 note],[P1 note],[P1 note],[P1 note]
"McPherson County, Kansas(2)",20113,Rural,[P1 note] ,[P1 note], [P1 note],&para; , &para; , &para;,[P1 note],[P1 note],[P1 note],[P1 note],[P1 note]
"Meade County, Kansas(2)",20119,Rural,[P1 note] ,[P1 note], [P1 note],&para; , &para; , &para;,[P1 note],[P1 note],[P1 note],[P1 note],[P1 note]
"Miami County, Kansas(2)",20121,Urban,[P1 note] ,[P1 note], [P1 note],&para; , &para; , &para;,[P1 note],[P1 note],[P1 note],[P1 note],[P1 note]
"Mitchell County, Kansas(2)",20123,Rural,[P1 note] ,[P1 note], [P1 note],&para; , &para; , &para;,[P1 note],[P1 note],[P1 note],[P1 note],[P1 note]
"Montgomery County, Kansas(2)",20125,Rural,[P1 note] ,[P1 note], [P1 note],&para; , &para; , &para;,[P1 note],[P1 note],[P1 note],[P1 note],[P1 note]
"Morris County, Kansas(2)",20127,Rural,[P1 note] ,[P1 note], [P1 note],&para; , &para; , &para;,[P1 note],[P1 note],[P1 note],[P1 note],[P1 note]
"Morton County, Kansas(2)",20129,Rural,[P1 note] ,[P1 note], [P1 note],&para; , &para; , &para;,[P1 note],[P1 note],[P1 note],[P1 note],[P1 note]
"Nemaha County, Kansas(2)",20131,Rural,[P1 note] ,[P1 note], [P1 note],&para; , &para; , &para;,[P1 note],[P1 note],[P1 note],[P1 note],[P1 note]
"Neosho County, Kansas(2)",20133,Rural,[P1 note] ,[P1 note], [P1 note],&para; , &para; , &para;,[P1 note],[P1 note],[P1 note],[P1 note],[P1 note]
"Ness County, Kansas(2)",20135,Rural,[P1 note] ,[P1 note], [P1 note],&para; , &para; , &para;,[P1 note],[P1 note],[P1 note],[P1 note],[P1 note]
"Norton County, Kansas(2)",20137,Rural,[P1 note] ,[P1 note], [P1 note],&para; , &para; , &para;,[P1 note],[P1 note],[P1 note],[P1 note],[P1 note]
"Osage County, Kansas(2)",20139,Urban,[P1 note] ,[P1 note], [P1 note],&para; , &para; , &para;,[P1 note],[P1 note],[P1 note],[P1 note],[P1 note]
"Osborne County, Kansas(2)",20141,Rural,[P1 note] ,[P1 note], [P1 note],&para; , &para; , &para;,[P1 note],[P1 note],[P1 note],[P1 note],[P1 note]
"Ottawa County, Kansas(2)",20143,Rural,[P1 note] ,[P1 note], [P1 note],&para; , &para; , &para;,[P1 note],[P1 note],[P1 note],[P1 note],[P1 note]
"Pawnee County, Kansas(2)",20145,Rural,[P1 note] ,[P1 note], [P1 note],&para; , &para; , &para;,[P1 note],[P1 note],[P1 note],[P1 note],[P1 note]
"Phillips County, Kansas(2)",20147,Rural,[P1 note] ,[P1 note], [P1 note],&para; , &para; , &para;,[P1 note],[P1 note],[P1 note],[P1 note],[P1 note]
"Pottawatomie County, Kansas(2)",20149,Urban,[P1 note] ,[P1 note], [P1 note],&para; , &para; , &para;,[P1 note],[P1 note],[P1 note],[P1 note],[P1 note]
"Pratt County, Kansas(2)",20151,Rural,[P1 note] ,[P1 note], [P1 note],&para; , &para; , &para;,[P1 note],[P1 note],[P1 note],[P1 note],[P1 note]
"Rawlins County, Kansas(2)",20153,Rural,[P1 note] ,[P1 note], [P1 note],&para; , &para; , &para;,[P1 note],[P1 note],[P1 note],[P1 note],[P1 note]
"Reno County, Kansas(2)",20155,Rural,[P1 note] ,[P1 note], [P1 note],&para; , &para; , &para;,[P1 note],[P1 note],[P1 note],[P1 note],[P1 note]
"Republic County, Kansas(2)",20157,Rural,[P1 note] ,[P1 note], [P1 note],&para; , &para; , &para;,[P1 note],[P1 note],[P1 note],[P1 note],[P1 note]
"Rice County, Kansas(2)",20159,Rural,[P1 note] ,[P1 note], [P1 note],&para; , &para; , &para;,[P1 note],[P1 note],[P1 note],[P1 note],[P1 note]
"Riley County, Kansas(2)",20161,Urban,[P1 note] ,[P1 note], [P1 note],&para; , &para; , &para;,[P1 note],[P1 note],[P1 note],[P1 note],[P1 note]
"Rooks County, Kansas(2)",20163,Rural,[P1 note] ,[P1 note], [P1 note],&para; , &para; , &para;,[P1 note],[P1 note],[P1 note],[P1 note],[P1 note]
"Rush County, Kansas(2)",20165,Rural,[P1 note] ,[P1 note], [P1 note],&para; , &para; , &para;,[P1 note],[P1 note],[P1 note],[P1 note],[P1 note]
"Russell County, Kansas(2)",20167,Rural,[P1 note] ,[P1 note], [P1 note],&para; , &para; , &para;,[P1 note],[P1 note],[P1 note],[P1 note],[P1 note]
"Saline County, Kansas(2)",20169,Rural,[P1 note] ,[P1 note], [P1 note],&para; , &para; , &para;,[P1 note],[P1 note],[P1 note],[P1 note],[P1 note]
"Scott County, Kansas(2)",20171,Rural,[P1 note] ,[P1 note], [P1 note],&para; , &para; , &para;,[P1 note],[P1 note],[P1 note],[P1 note],[P1 note]
"Sedgwick County, Kansas(2)",20173,Urban,[P1 note] ,[P1 note], [P1 note],&para; , &para; , &para;,[P1 note],[P1 note],[P1 note],[P1 note],[P1 note]
"Seward County, Kansas(2)",20175,Rural,[P1 note] ,[P1 note], [P1 note],&para; , &para; , &para;,[P1 note],[P1 note],[P1 note],[P1 note],[P1 note]
"Shawnee County, Kansas(2)",20177,Urban,[P1 note] ,[P1 note], [P1 note],&para; , &para; , &para;,[P1 note],[P1 note],[P1 note],[P1 note],[P1 note]
"Sheridan County, Kansas(2)",20179,Rural,[P1 note] ,[P1 note], [P1 note],&para; , &para; , &para;,[P1 note],[P1 note],[P1 note],[P1 note],[P1 note]
"Sherman County, Kansas(2)",20181,Rural,[P1 note] ,[P1 note], [P1 note],&para; , &para; , &para;,[P1 note],[P1 note],[P1 note],[P1 note],[P1 note]
"Smith County, Kansas(2)",20183,Rural,[P1 note] ,[P1 note], [P1 note],&para; , &para; , &para;,[P1 note],[P1 note],[P1 note],[P1 note],[P1 note]
"Stafford County, Kansas(2)",20185,Rural,[P1 note] ,[P1 note], [P1 note],&para; , &para; , &para;,[P1 note],[P1 note],[P1 note],[P1 note],[P1 note]
"Stanton County, Kansas(2)",20187,Rural,[P1 note] ,[P1 note], [P1 note],&para; , &para; , &para;,[P1 note],[P1 note],[P1 note],[P1 note],[P1 note]
"Stevens County, Kansas(2)",20189,Rural,[P1 note] ,[P1 note], [P1 note],&para; , &para; , &para;,[P1 note],[P1 note],[P1 note],[P1 note],[P1 note]
"Sumner County, Kansas(2)",20191,Urban,[P1 note] ,[P1 note], [P1 note],&para; , &para; , &para;,[P1 note],[P1 note],[P1 note],[P1 note],[P1 note]
"Thomas County, Kansas(2)",20193,Rural,[P1 note] ,[P1 note], [P1 note],&para; , &para; , &para;,[P1 note],[P1 note],[P1 note],[P1 note],[P1 note]
"Trego County, Kansas(2)",20195,Rural,[P1 note] ,[P1 note], [P1 note],&para; , &para; , &para;,[P1 note],[P1 note],[P1 note],[P1 note],[P1 note]
"Wabaunsee County, Kansas(2)",20197,Urban,[P1 note] ,[P1 note], [P1 note],&para; , &para; , &para;,[P1 note],[P1 note],[P1 note],[P1 note],[P1 note]
"Wallace County, Kansas(2)",20199,Rural,[P1 note] ,[P1 note], [P1 note],&para; , &para; , &para;,[P1 note],[P1 note],[P1 note],[P1 note],[P1 note]
"Washington County, Kansas(2)",20201,Rural,[P1 note] ,[P1 note], [P1 note],&para; , &para; , &para;,[P1 note],[P1 note],[P1 note],[P1 note],[P1 note]
"Wichita County, Kansas(2)",20203,Rural,[P1 note] ,[P1 note], [P1 note],&para; , &para; , &para;,[P1 note],[P1 note],[P1 note],[P1 note],[P1 note]
"Wilson County, Kansas(2)",20205,Rural,[P1 note] ,[P1 note], [P1 note],&para; , &para; , &para;,[P1 note],[P1 note],[P1 note],[P1 note],[P1 note]
"Woodson County, Kansas(2)",20207,Rural,[P1 note] ,[P1 note], [P1 note],&para; , &para; , &para;,[P1 note],[P1 note],[P1 note],[P1 note],[P1 note]
"Wyandotte County, Kansas(2)",20209,Urban,[P1 note] ,[P1 note], [P1 note],&para; , &para; , &para;,[P1 note],[P1 note],[P1 note],[P1 note],[P1 note]